ida_ea	name	gate	result	session	date	source_ref	detail
0x00687CB0	?CG_DrawTimer@@YAMM@Z	V3	PASS	manual-equivalence-20260826	2026-08-26	src/game/cg/cg_draw.cpp:851	Body is non-empty and contains the timer formatting and render calls.
0x00687CB0	?CG_DrawTimer@@YAMM@Z	V4	PASS	manual-equivalence-20260826	2026-08-26	c3_bin/codmp_xboxr.xbe.c:1296171	Control flow, constants, string literal, callee sequence, and local roles match the release body; the release dump's decompiler return type is double while the map ABI is float.
0x00688E20	?CG_DrawSides@@YAXMMMMM@Z	V3	PASS	manual-equivalence-20260826	2026-08-26	src/game/cg/cg_draw.cpp:891	Non-empty body matches the release-indexed scaled side-bar draw path.
0x00688E20	?CG_DrawSides@@YAXMMMMM@Z	V4	PASS	manual-equivalence-20260826	2026-08-26	c3_bin/codmp_xboxr.xbe.c:1296817	Release and source use the same scale arrays, coordinate calculations, shader, and two draw calls.
0x00688EE0	?CG_DrawTopBottom@@YAXMMMMM@Z	V3	PASS	manual-equivalence-20260826	2026-08-26	src/game/cg/cg_draw.cpp:905	Non-empty body matches the release-indexed scaled top/bottom draw path.
0x00688EE0	?CG_DrawTopBottom@@YAXMMMMM@Z	V4	PASS	manual-equivalence-20260826	2026-08-26	c3_bin/codmp_xboxr.xbe.c:1296840	Release and source use the same scale arrays, coordinate calculations, shader, and two draw calls.
0x00688FA0	?CG_DrawPic@@YAXMMMMPAUnglTexture@@@Z	V3	PASS	manual-equivalence-20260826	2026-08-26	src/game/cg/cg_draw.cpp:919	Non-empty body matches the release-indexed scaled full-texture draw path.
0x00688FA0	?CG_DrawPic@@YAXMMMMPAUnglTexture@@@Z	V4	PASS	manual-equivalence-20260826	2026-08-26	c3_bin/codmp_xboxr.xbe.c:1296861	Release and source use identical scaled coordinates, full UVs, texture, and draw syscall arguments.
0x00689020	?CG_DrawCroppedPic@@YAXMMMMMMMMPAUnglTexture@@@Z	V3	PASS	manual-equivalence-20260826	2026-08-26	src/game/cg/cg_draw.cpp:929	Non-empty body matches the release-indexed cropped-texture draw path.
0x00689020	?CG_DrawCroppedPic@@YAXMMMMMMMMPAUnglTexture@@@Z	V4	PASS	manual-equivalence-20260826	2026-08-26	c3_bin/codmp_xboxr.xbe.c:1296880	Release and source use identical scaled coordinates, supplied UVs, texture, and draw syscall arguments.
0x006890A0	?CG_DrawStringExt@@YAXMMPBDPBMHHMMHH@Z	V3	PASS	manual-equivalence-20260826	2026-08-26	src/game/cg/cg_draw.cpp:940	Non-empty body matches the release-indexed extended string draw path.
0x006890A0	?CG_DrawStringExt@@YAXMMPBDPBMHHMMHH@Z	V4	PASS	manual-equivalence-20260826	2026-08-26	c3_bin/codmp_xboxr.xbe.c:1296896	Release and source match on default color, scaling branch, font parameters, color selection, and text syscall.
0x00689180	?CG_DrawBigString@@YAXMMPBDM@Z	V3	PASS	manual-equivalence-20260826	2026-08-26	src/game/cg/cg_draw.cpp:965	Non-empty body matches the release-indexed big-string draw path.
0x00689180	?CG_DrawBigString@@YAXMMPBDM@Z	V4	PASS	manual-equivalence-20260826	2026-08-26	c3_bin/codmp_xboxr.xbe.c:1296930	Release and source match on color construction, offsets, scale, alignment, and text syscall.
0x00689240	?CG_DrawSmallString@@YAXMMPBDM@Z	V3	PASS	manual-equivalence-20260826	2026-08-26	src/game/cg/cg_draw.cpp:980	Non-empty body matches the release-indexed small-string draw path.
0x00689240	?CG_DrawSmallString@@YAXMMPBDM@Z	V4	PASS	manual-equivalence-20260826	2026-08-26	c3_bin/codmp_xboxr.xbe.c:1296960	Release and source match on color construction, offsets, scale, alignment, and text syscall.
0x00689300	?CG_DrawStrlen@@YAHPBD@Z	V3	PASS	manual-equivalence-20260826	2026-08-26	src/game/cg/cg_draw.cpp:994	Non-empty body matches the release-indexed color-code-aware string length path.
0x00689300	?CG_DrawStrlen@@YAHPBD@Z	V4	PASS	manual-equivalence-20260826	2026-08-26	c3_bin/codmp_xboxr.xbe.c:1296990	Release and source match on the loop, caret-color escape handling, and character counting behavior.
0x006891F0	?CG_DrawBigStringColor@@YAXMMPBDQBM@Z	V3	PASS	manual-equivalence-20260826	2026-08-26	src/game/cg/cg_draw.cpp:973	Non-empty body matches the release-indexed big-string color draw path.
0x006891F0	?CG_DrawBigStringColor@@YAXMMPBDQBM@Z	V4	PASS	manual-equivalence-20260826	2026-08-26	c3_bin/codmp_xboxr.xbe.c:1296951	Release and source use the same coordinates, alignment, scale, color pointer, string, and text syscall arguments.
0x006892B0	?CG_DrawSmallStringColor@@YAXMMPBDQBM@Z	V3	PASS	manual-equivalence-20260826	2026-08-26	src/game/cg/cg_draw.cpp:987	Non-empty body matches the release-indexed small-string color draw path.
0x006892B0	?CG_DrawSmallStringColor@@YAXMMPBDQBM@Z	V4	PASS	manual-equivalence-20260826	2026-08-26	c3_bin/codmp_xboxr.xbe.c:1296969	Release and source use the same coordinates, alignment, scale, color pointer, string, and text syscall arguments.
0x0068BA60	?CountObjectiveChildren@@YAHPAU_objectiveInfo_t@@@Z	V3	PASS	manual-equivalence-20260826	2026-08-26	src/game/cg/cg_misc.cpp:564	Non-empty body walks the objective child chain and counts each node.
0x0068BA60	?CountObjectiveChildren@@YAHPAU_objectiveInfo_t@@@Z	V4	PASS	manual-equivalence-20260826	2026-08-26	c3_bin/codmp_xboxr.xbe.c:1298967	Release and source match on the child pointer initialization, null-terminated loop, increment, and return value.
0x0068B8F0	?CG_ExportKeyBinding@@YAHPBDPAPBD1@Z	V3	PASS	manual-equivalence-20260826	2026-08-26	src/game/cg/cg_misc.cpp:558	Non-empty body returns the release-defined success value.
0x0068B8F0	?CG_ExportKeyBinding@@YAHPBDPAPBD1@Z	V4	PASS	manual-equivalence-20260826	2026-08-26	c3_bin/codmp_xboxr.xbe.c:1298893	Release and source both return integer constant 1 with no other control flow.
0x0068BAA0	?CG_DrawScoreboard@@YAHXZ	V3	PASS	manual-equivalence-20260826	2026-08-26	src/game/cg/cg_draw.cpp:2753	Non-empty body matches the release scoreboard visibility/fade path.
0x0068BAA0	?CG_DrawScoreboard@@YAHXZ	V4	PASS	manual-equivalence-20260826	2026-08-26	c3_bin/codmp_xboxr.xbe.c:1298985	Release and source match on pause/state guards, fade-color call, alpha inversion, and return values.
0x0068B9A0	?CG_DrawScoreboard_GetTeamColor@@YAXHQAM@Z	V3	PASS	manual-equivalence-20260826	2026-08-26	src/game/cg/cg_draw.cpp:1015	Non-empty body selects the same friendly/enemy/neutral colors as the release path.
0x0068B9A0	?CG_DrawScoreboard_GetTeamColor@@YAXHQAM@Z	V4	PASS	manual-equivalence-20260826	2026-08-26	c3_bin/codmp_xboxr.xbe.c:1298940	Source now preserves the release's two GetPlayer calls, team/null checks, color constants, and branch structure.
0x00688890	?CG_AdjustFrom640@@YAXPAM000@Z	V3	PASS	manual-equivalence-20260826	2026-08-26	src/game/cg/cg_misc.cpp:217	Non-empty body scales all four rectangle coordinates using the current client factors.
0x00688890	?CG_AdjustFrom640@@YAXPAM000@Z	V4	PASS	manual-equivalence-20260826	2026-08-26	c3_bin/codmp_xboxr.xbe.c:1296599	Release and source match on all four in-place scale operations and client-indexed arrays.
0x00688910	?CG_AdjustFrom640_XYOnly@@YAXPAM0@Z	V3	PASS	manual-equivalence-20260826	2026-08-26	src/game/cg/cg_misc.cpp:226	Non-empty body scales the x and y coordinates using the current client factors.
0x00688910	?CG_AdjustFrom640_XYOnly@@YAXPAM0@Z	V4	PASS	manual-equivalence-20260826	2026-08-26	c3_bin/codmp_xboxr.xbe.c:1296611	Release and source match on both in-place coordinate scale operations.
0x00688960	?CG_GetCenterOfScreen@@YAXPAM0@Z	V3	PASS	manual-equivalence-20260826	2026-08-26	src/game/cg/cg_misc.cpp:233	Non-empty body adds the client viewport center to both coordinates.
0x00688960	?CG_GetCenterOfScreen@@YAXPAM0@Z	V4	PASS	manual-equivalence-20260826	2026-08-26	c3_bin/codmp_xboxr.xbe.c:1296618	Release and source match on viewport dimensions, half-size factors, origins, and in-place results.
0x006889D0	?CG_FillRect@@YAXMMMMPBMM@Z	V3	PASS	manual-equivalence-20260826	2026-08-26	src/game/cg/cg_misc.cpp:242	Non-empty body sets color, draws the scaled white rectangle, and resets color.
0x006889D0	?CG_FillRect@@YAXMMMMPBMM@Z	V4	PASS	manual-equivalence-20260826	2026-08-26	c3_bin/codmp_xboxr.xbe.c:1296629	Release and source match on color setup/reset, scaled coordinates, UVs, shader, z value, and draw call.
0x00688D50	?CG_HorizontalPercentBar@@YAXMMMMM@Z	V3	PASS	manual-equivalence-20260826	2026-08-26	src/game/cg/cg_misc.cpp:346	Non-empty body draws the gray background and white percentage fill with the release dimensions and alpha.
0x00688D50	?CG_HorizontalPercentBar@@YAXMMMMM@Z	V4	PASS	manual-equivalence-20260826	2026-08-26	c3_bin/codmp_xboxr.xbe.c:1296800	Release and source match on color constants, background draw, inset geometry, percentage scaling, and fill draw.
0x00689680	?CG_DebugBox@@YAXQBM00HH@Z	V3	PASS	manual-equivalence-20260826	2026-08-26	src/game/cg/cg_misc.cpp:350	Non-empty body constructs the eight bounding-box corners and emits all twelve debug edges.
0x00689680	?CG_DebugBox@@YAXQBM00HH@Z	V4	PASS	manual-equivalence-20260826	2026-08-26	c3_bin/codmp_xboxr.xbe.c:1297137	Release and source match on corner selection, edge-pair order, twelve-line loop, color, depth flag, and fixed line arguments.
0x00689790	?CG_LockLightingOrigin@@YAXPAVEntity@@PAUrefEntity_t@@@Z	V3	PASS	manual-equivalence-20260826	2026-08-26	src/game/cg/cg_misc.cpp:378	Non-empty body matches the release lighting-origin selection and propagation path.
0x00689790	?CG_LockLightingOrigin@@YAXPAVEntity@@PAUrefEntity_t@@@Z	V4	PASS	manual-equivalence-20260826	2026-08-26	c3_bin/codmp_xboxr.xbe.c:1297207	Release and source match on the eFlags test, conditional ref-entity reset, origin fallback, output copy, and render flag.
0x0068A1B0	?CG_Portal@@YAXPAVEntity@@@Z	V3	PASS	manual-equivalence-20260826	2026-08-26	src/game/cg/cg_misc.cpp:408	Non-empty body copies portal origins, builds the portal axis, sets the surface type, and submits the ref entity.
0x0068A1B0	?CG_Portal@@YAXPAVEntity@@@Z	V4	PASS	manual-equivalence-20260826	2026-08-26	c3_bin/codmp_xboxr.xbe.c:1297790	Release and source match on origin fields, ByteToDir/PerpendicularVector/CrossProduct sequence, axis inversion, reType 11, and scene submission.
0x00688790	?CG_ResetLowHealthOverlay@@YAXH@Z	V3	PASS	manual-equivalence-20260826	2026-08-26	src/game/cg/cg_misc.cpp:197	Non-empty body resets the low-health overlay state using the release field set.
0x00688790	?CG_ResetLowHealthOverlay@@YAXH@Z	V4	PASS	manual-equivalence-20260826	2026-08-26	c3_bin/codmp_xboxr.xbe.c:1296550	Removed two extra port-only writes; source now matches the release reset assignments, zeroing, and one-valued alpha state.
0x0068B890	?CG_SafeTranslateString@@YAPBDPBD@Z	V3	PASS	manual-equivalence-20260826	2026-08-26	src/game/cg/cg_misc.cpp:540	Non-empty body forwards the reference string to the cgame localization domain.
0x0068B890	?CG_SafeTranslateString@@YAPBDPBD@Z	V4	PASS	manual-equivalence-20260826	2026-08-26	c3_bin/codmp_xboxr.xbe.c:1298876	Release and source make the same single localization call with the literal cgame domain.
0x0068B8B0	?CG_SafeTranslateHudElemString@@YAPBDH@Z	V3	PASS	manual-equivalence-20260826	2026-08-26	src/game/cg/cg_misc.cpp:546	Non-empty body matches the zero/default and config-string localization branches.
0x0068B8B0	?CG_SafeTranslateHudElemString@@YAPBDH@Z	V4	PASS	manual-equivalence-20260826	2026-08-26	c3_bin/codmp_xboxr.xbe.c:1298882	Release and source match on the zero sentinel, index offset 660, and hudelem localization domain.
0x0068B380	?CG_AddFadeRGB@@YAXPAUlocalEntity_t@@@Z	V3	PASS	manual-equivalence-20260826	2026-08-26	src/game/cg/cg_misc.cpp:534	Non-empty body submits the local entity ref entity to the renderer.
0x0068B380	?CG_AddFadeRGB@@YAXPAUlocalEntity_t@@@Z	V4	PASS	manual-equivalence-20260826	2026-08-26	c3_bin/codmp_xboxr.xbe.c:1298647	Release and source perform the same single RE_AddRefEntityToScene call with the ref entity and -1.
0x0068B270	?compare_hudelems@@YAHPBX0@Z	V3	PASS	manual-equivalence-20260826	2026-08-26	src/game/cg/cg_misc.cpp:512	Non-empty body normalizes the sentinel order values and returns the same comparator results.
0x0068B270	?compare_hudelems@@YAHPBX0@Z	V4	PASS	manual-equivalence-20260826	2026-08-26	c3_bin/codmp_xboxr.xbe.c:1298579	Release and source match on both field offsets, -777 sentinel normalization, subtraction, and comparator return branches.
0x0068B300	?CG_ClearHudElems@@YAXXZ	V3	PASS	manual-equivalence-20260826	2026-08-26	src/game/cg/cg_misc.cpp:527	Non-empty body clears all sixteen HUD element types to HE_TYPE_FREE.
0x0068B300	?CG_ClearHudElems@@YAXXZ	V4	PASS	manual-equivalence-20260826	2026-08-26	c3_bin/codmp_xboxr.xbe.c:1298618	Release and source match on the sixteen-element clear loop; the release decompiler's loop-counter return is not part of the map's void ABI.
0x0068CAB0	?CG_ClampAngles@@YAXQAMQBM11@Z	V3	PASS	manual-equivalence-20260826	2026-08-26	src/game/cg/cg_misc.cpp:574	Non-empty body normalizes and clamps all three view angles against the supplied bounds.
0x0068CAB0	?CG_ClampAngles@@YAXQAMQBM11@Z	V4	PASS	manual-equivalence-20260826	2026-08-26	c3_bin/codmp_xboxr.xbe.c:1299808	Release and source match on the three-angle loop, normalization, lower/upper clamp tests, 0.01 offsets, and normalized writes.
0x0068D150	?CG_GetVerticalBobFactor@@YAMMMM@Z	V3	PASS	manual-equivalence-20260826	2026-08-26	src/game/cg/cg_misc.cpp:641	Non-empty body selects the stance amplitude, clamps it, and computes the release vertical bob formula.
0x0068D150	?CG_GetVerticalBobFactor@@YAMMMM@Z	V4	PASS	manual-equivalence-20260826	2026-08-26	c3_bin/codmp_xboxr.xbe.c:1300138	Release and source match on stance selection, amplitude clamp, sinusoidal terms, constants, and final scale; the source uses the float math overload.
0x0068D1F0	?CG_GetHorizontalBobFactor@@YAMMMM@Z	V3	PASS	manual-equivalence-20260826	2026-08-26	src/game/cg/cg_misc.cpp:663	Non-empty body selects the stance amplitude, clamps it, and computes the release horizontal bob formula.
0x0068D1F0	?CG_GetHorizontalBobFactor@@YAMMMM@Z	V4	PASS	manual-equivalence-20260826	2026-08-26	c3_bin/codmp_xboxr.xbe.c:1300164	Release and source match on stance selection, amplitude clamp, sinusoidal term, and final scale; the source uses the float math overload.
0x0068DB20	?SwayRand@@YAMMMM@Z	V3	PASS	manual-equivalence-20260826	2026-08-26	src/game/cg/cg_misc.cpp:683	Non-empty body computes the release cosine/sine sway product.
0x0068DB20	?SwayRand@@YAMMMM@Z	V4	PASS	manual-equivalence-20260826	2026-08-26	c3_bin/codmp_xboxr.xbe.c:1300514	Release and source match on both angular-frequency multiplications, cosine/sine order, product, and constant; the source uses float math overloads.
0x0068E750	?SaveLastFOV@Camera@@AAEXXZ	V3	PASS	manual-equivalence-20260826	2026-08-26	src/game/cg/cg_misc.cpp:1015	Non-empty body updates the previous FOV only after a prior view position exists.
0x0068E750	?SaveLastFOV@Camera@@AAEXXZ	V4	PASS	manual-equivalence-20260826	2026-08-26	c3_bin/codmp_xboxr.xbe.c:1300932	Release and source match on the mPrevViewPos guard and CG_GetViewFov assignment.
0x0068E770	?GetLastFOV@Camera@@QAEMXZ	V3	PASS	manual-equivalence-20260826	2026-08-26	src/game/cg/cg_misc.cpp:1027	Non-empty body returns the cached previous FOV.
0x0068E770	?GetLastFOV@Camera@@QAEMXZ	V4	PASS	manual-equivalence-20260826	2026-08-26	c3_bin/codmp_xboxr.xbe.c:1300939	Release and source return mPrevFOV directly; the release decompiler emits a wider floating return while the map/source ABI is float.
0x0068E780	?SaveLastPO@Camera@@AAEXXZ	V3	PASS	manual-equivalence-20260826	2026-08-26	src/game/cg/cg_misc.cpp:1034	Non-empty body preserves the first-view sentinel or copies the current view position, angles, and direction.
0x0068E780	?SaveLastPO@Camera@@AAEXXZ	V4	PASS	manual-equivalence-20260826	2026-08-26	c3_bin/codmp_xboxr.xbe.c:1300945	Release and source match on the sentinel branch and all client-indexed position, angle, and direction field copies.
0x0068EBB0	?IsTweening@Camera@@QAE_NXZ	V3	PASS	manual-equivalence-20260826	2026-08-26	src/game/cg/cg_misc.cpp:1053	Non-empty body compares tween duration against tween time.
0x0068EBB0	?IsTweening@Camera@@QAE_NXZ	V4	PASS	manual-equivalence-20260826	2026-08-26	c3_bin/codmp_xboxr.xbe.c:1301108	Release and source return the same mTweenDuration > mTweenTime comparison.
0x0068E840	?UpdateViewBob@Camera@@AAEXXZ	V3	PASS	manual-equivalence-20260826	2026-08-26	src/game/cg/cg_misc.cpp:1135	Non-empty body updates bob phase and vertical/horizontal bob speed state from the client movement state.
0x0068E840	?UpdateViewBob@Camera@@AAEXXZ	V4	PASS	manual-equivalence-20260826	2026-08-26	c3_bin/codmp_xboxr.xbe.c:1300981	Removed the port-only bobCycle truncation; source now matches the release phase formula, prone jump handling, and horizontal speed square root.
0x0068E900	?SetPlayerAngles@Camera@@AAEXQAM@Z	V3	PASS	manual-equivalence-20260826	2026-08-26	src/game/cg/cg_misc.cpp:1160	Non-empty body applies all three angle deltas and writes the new view angles.
0x0068E900	?SetPlayerAngles@Camera@@AAEXQAM@Z	V4	PASS	manual-equivalence-20260826	2026-08-26	c3_bin/codmp_xboxr.xbe.c:1301005	Removed the port-only 16-bit delta masks; source now matches the release floating delta accumulation and view-angle writes.
0x0068E9B0	?AdjustPlayerAngles@Camera@@AAEXQAM@Z	V3	PASS	manual-equivalence-20260826	2026-08-26	src/game/cg/cg_misc.cpp:1177	Non-empty body applies all three incremental angle deltas and updates view angles.
0x0068E9B0	?AdjustPlayerAngles@Camera@@AAEXQAM@Z	V4	PASS	manual-equivalence-20260826	2026-08-26	c3_bin/codmp_xboxr.xbe.c:1301023	Removed the port-only 16-bit delta masks; source now matches the release delta accumulation and incremental view-angle updates.
0x0068E730	?IsVehicleCameraFadeMode@@YA_NW4ECameraModes@@@Z	V3	PASS	manual-equivalence-20260826	2026-08-26	src/game/cg/cg_misc.cpp:1129	Non-empty body checks whether a camera mode lies within the vehicle range.
0x0068E730	?IsVehicleCameraFadeMode@@YA_NW4ECameraModes@@@Z	V4	PASS	manual-equivalence-2026-08-26	2026-08-26	c3_bin/codmp_xboxr.xbe.c:1300926	Release and source use the same inclusive vehicle-mode range comparison.
0x00698FC0	?UpdateFOV@Camera@@QAEMXZ	V3	PASS	manual-equivalence-20260826	2026-08-26	src/game/cg/cg_misc.cpp:1189	Non-empty body interpolates the current FOV while a tween is active and otherwise returns it unchanged.
0x00698FC0	?UpdateFOV@Camera@@QAEMXZ	V4	PASS	manual-equivalence-20260826	2026-08-26	c3_bin/codmp_xboxr.xbe.c:1307913	Release and source match on CG_GetViewFov, tween guard, interpolation expression, and fallback return; the release decompiler emits a wider floating return while the map/source ABI is float.
0x0069DC00	?StartTween@Camera@@QAEXM_N@Z	V3	PASS	manual-equivalence-20260826	2026-08-26	src/game/cg/cg_misc.cpp:1230	Non-empty body validates prior camera vectors, copies tween start state, resets timing, and sets tween flags.
0x0069DC00	?StartTween@Camera@@QAEXM_N@Z	V4	PASS	manual-equivalence-20260826	2026-08-26	c3_bin/codmp_xboxr.xbe.c:1310942	Release and source match on both invalid-vector asserts, all start-angle/position/FOV copies, duration/time reset, and angles-only flag updates.
0x0069DDA0	?StartCircleTween@Camera@@AAEXM@Z	V3	PASS	manual-equivalence-20260826	2026-08-26	src/game/cg/cg_misc.cpp:1266	Non-empty body initializes circular tween state, computes the forward offset, sets flags, and validates the resulting vectors.
0x0069DDA0	?StartCircleTween@Camera@@AAEXM@Z	V4	PASS	manual-equivalence-20260826	2026-08-26	c3_bin/codmp_xboxr.xbe.c:1311004	Release and source match on angle/FOV/time setup, FastSinCos inputs, 250-unit forward offset, tween flags, and both invalid-vector asserts.
0x0069E580	?StartAnimating@Camera@@QAEXM@Z	V3	PASS	manual-equivalence-20260826	2026-08-26	src/game/cg/cg_misc.cpp:1202	Non-empty body starts camera tag animation only when inactive and optionally starts a tween.
0x0069E580	?StartAnimating@Camera@@QAEXM@Z	V4	PASS	manual-equivalence-20260826	2026-08-26	c3_bin/codmp_xboxr.xbe.c:1311268	Release and source match on the animation flag guard, tag-index setup, flag updates, and conditional StartTween call.
0x0069E5E0	?StopAnimating@Camera@@QAEXM@Z	V3	PASS	manual-equivalence-20260826	2026-08-26	src/game/cg/cg_misc.cpp:1218	Non-empty body stops camera tag animation only when active and optionally starts a tween.
0x0069E5E0	?StopAnimating@Camera@@QAEXM@Z	V4	PASS	manual-equivalence-20260826	2026-08-26	c3_bin/codmp_xboxr.xbe.c:1311284	Release and source match on the animation flag guard, bit clearing, and conditional StartTween call.
0x00689340	?CG_FadeColor@@YAPAMHHH@Z	V3	PASS	manual-equivalence-20260826	2026-08-26	src/game/cg/cg_view.cpp:229	Non-empty body returns null outside the fade interval and otherwise populates the shared white fade color.
0x00689340	?CG_FadeColor@@YAPAMHHH@Z	V4	PASS	manual-equivalence-20260826	2026-08-26	c3_bin/codmp_xboxr.xbe.c:1296999	Release and source match on interval guards, remaining-time alpha calculation, white RGB values, and shared color return.
0x006893B0	?CG_GetNorthDirection@@YAMXZ	V3	PASS	manual-equivalence-20260826	2026-08-26	src/game/cg/cg_view.cpp:245	Non-empty body returns the current client north-direction value.
0x006893B0	?CG_GetNorthDirection@@YAMXZ	V4	PASS	manual-equivalence-20260826	2026-08-26	c3_bin/codmp_xboxr.xbe.c:1297020	Release and source return the same client-indexed dword_F64140 value; the decompiler emits a wider floating return while the map/source ABI is float.
0x006887E0	?CG_CalcPlayerHealth@@YAMXZ	V3	PASS	manual-equivalence-20260826	2026-08-26	src/game/cg/cg_view.cpp:210	Non-empty body computes and clamps the active player's health fraction.
0x006887E0	?CG_CalcPlayerHealth@@YAMXZ	V4	PASS	manual-equivalence-20260826	2026-08-26	c3_bin/codmp_xboxr.xbe.c:1296569	Corrected the port's integer-division truncation; source now computes the floating health ratio and matches the release clamp branches.
0x00687B40	?CG_SizeUp_f@@YAXXZ	V3	PASS	manual-equivalence-20260826	2026-08-26	src/game/cg/cg_misc.cpp:158	Added release-backed body that formats cg_viewsize plus ten and sets the cvar.
0x00687B40	?CG_SizeUp_f@@YAXXZ	V4	PASS	manual-equivalence-20260826	2026-08-26	c3_bin/codmp_xboxr.xbe.c:1296090	Source matches the release va format, +10 adjustment, cvar name, and Cvar_Set call.
0x00687B70	?CG_SizeDown_f@@YAXXZ	V3	PASS	manual-equivalence-20260826	2026-08-26	src/game/cg/cg_misc.cpp:165	Added release-backed body that formats cg_viewsize minus ten and sets the cvar.
0x00687B70	?CG_SizeDown_f@@YAXXZ	V4	PASS	manual-equivalence-20260826	2026-08-26	c3_bin/codmp_xboxr.xbe.c:1296099	Source matches the release va format, -10 adjustment, cvar name, and Cvar_Set call.
0x00687BA0	?CG_ScoresUp_f@@YAHXZ	V3	PASS	manual-equivalence-20260826	2026-08-26	src/game/cg/cg_misc.cpp:172	Added release-backed body that queries the R3 controller button.
0x00687BA0	?CG_ScoresUp_f@@YAHXZ	V4	PASS	manual-equivalence-20260826	2026-08-26	c3_bin/codmp_xboxr.xbe.c:1296108	Source matches the release controller singleton, controller zero, and R3 button query and return.
0x006893D0	?CG_UpdateCompassOrientation@@YAXXZ	V3	PASS	manual-equivalence-20260826	2026-08-26	src/game/cg/cg_view.cpp:251	Non-empty body updates the client compass yaw and angular velocity state, with release-backed timing and clamp logic.
0x006893D0	?CG_UpdateCompassOrientation@@YAXXZ	V4	PASS	manual-equivalence-20260826	2026-08-26	c3_bin/codmp_xboxr.xbe.c:1297028;IDA:0x006893D0	Aligned the source with the release disassembly: use AngleSubtract's returned offset, use floating ±30000.0 clamps, preserve the client-indexed state writes, and match the map's void ABI; release's incidental EAX value is not part of the void contract.
0x00688680	?CG_DrawVersion@@YAXXZ	V3	PASS	manual-equivalence-20260826	2026-08-26	src/game/cg/cg_draw.cpp:876	Body is an intentional nullsub matching the release function.
0x00688680	?CG_DrawVersion@@YAXXZ	V4	PASS	manual-equivalence-20260826	2026-08-26	IDA:0x00688680	IDA decompiles the release function as an empty void body; the port is intentionally empty with matching ABI.
0x00688690	?CG_DrawDebugOverlays@@YAXXZ	V3	PASS	manual-equivalence-20260826	2026-08-26	src/game/cg/cg_draw.cpp:881	Body is an intentional nullsub matching the release function.
0x00688690	?CG_DrawDebugOverlays@@YAXXZ	V4	PASS	manual-equivalence-20260826	2026-08-26	IDA:0x00688690	IDA decompiles the release function as an empty void body; the port is intentionally empty with matching ABI.
0x006886A0	?CG_DrawFriendOverlay@@YAXXZ	V3	PASS	manual-equivalence-20260826	2026-08-26	src/game/cg/cg_draw.cpp:886	Body is an intentional nullsub matching the release function.
0x006886A0	?CG_DrawFriendOverlay@@YAXXZ	V4	PASS	manual-equivalence-20260826	2026-08-26	IDA:0x006886A0	IDA decompiles the release function as an empty void body; the port is intentionally empty with matching ABI.
0x0068A620	?CG_SoundBlend@@YAXPAVEntity@@@Z	V3	PASS	manual-equivalence-20260826	2026-08-26	src/game/cg/cg_misc.cpp:472	Body is an intentional nullsub matching the release function.
0x0068A620	?CG_SoundBlend@@YAXPAVEntity@@@Z	V4	PASS	manual-equivalence-20260826	2026-08-26	IDA:0x0068A620	IDA decompiles the release function as an empty body; the port keeps the map-declared Entity parameter and no-op behavior.
0x0068EBD0	?StopTween@Camera@@AAEXXZ	V3	PASS	manual-equivalence-20260826	2026-08-26	src/game/cg/cg_misc.cpp:1082	Body is an intentional nullsub matching the release function.
0x0068EBD0	?StopTween@Camera@@AAEXXZ	V4	PASS	manual-equivalence-20260826	2026-08-26	IDA:0x0068EBD0	IDA decompiles the release method as an empty body; the port is intentionally empty with matching ABI.
0x00687DA0	?CG_PriorityCenterPrint@@YAXPBDMHH@Z	V3	PASS	manual-equivalence-20260826	2026-08-26	src/game/cg/cg_messages.cpp:72	Non-empty body localizes, wraps, and records center-print state for the active client.
0x00687DA0	?CG_PriorityCenterPrint@@YAXPBDMHH@Z	V4	PASS	manual-equivalence-20260826	2026-08-26	c3_bin/codmp_xboxr.xbe.c:1296189;IDA:0x00687DA0	Aligned per-client state indexing to release strides (6320-byte text and 1580-element state), preserving priority gating, localization, character wrapping, line counting, and timestamp/position writes.
0x00687F10	?CG_CenterPrint@@YAXPBDHH@Z	V3	PASS	manual-equivalence-20260826	2026-08-26	src/game/cg/cg_messages.cpp:133	Non-empty wrapper delegates center-print text with the release default priority.
0x00687F10	?CG_CenterPrint@@YAXPBDHH@Z	V4	PASS	manual-equivalence-20260826	2026-08-26	c3_bin/codmp_xboxr.xbe.c:1296259	Source delegates to CG_PriorityCenterPrint with the same arguments and zero priority as the release.
0x00687BC0	?CG_ScoresDown_f@@YAXXZ	V3	PASS	manual-equivalence-20260826	2026-08-26	src/game/cg/cg_misc.cpp:203	Non-empty body checks R3 and activates the in-game menu while recording per-client scoreboard state.
0x00687BC0	?CG_ScoresDown_f@@YAXXZ	V4	PASS	manual-equivalence-20260826	2026-08-26	c3_bin/codmp_xboxr.xbe.c:1296118;IDA:0x00687BC0	Source matches release controller query, per-client 1580/6320 indexing, menu activation, and timestamp writes; release's incidental integer return is excluded by the map's void ABI.
0x00687C30	?CG_InitConsoleCommands@@YAXXZ	V3	PASS	manual-equivalence-20260826	2026-08-26	src/game/cg/cg_main.cpp:316	Non-empty body registers the command-list entries and fixed camera/debug command names.
0x00687C30	?CG_InitConsoleCommands@@YAXXZ	V4	PASS	manual-equivalence-20260826	2026-08-26	c3_bin/codmp_xboxr.xbe.c:1296146	Source matches the release command-list walk and all six fixed CL_AddCgameCommand registrations.
0x00688620	?CG_Fade@@YAXHHHHHHH@Z	V3	PASS	manual-equivalence-20260826	2026-08-26	src/game/cg/cg_view.cpp:197	Non-empty body updates per-client fade alpha, timing, duration, and completed-fade state.
0x00688620	?CG_Fade@@YAXHHHHHHH@Z	V4	PASS	manual-equivalence-20260826	2026-08-26	c3_bin/codmp_xboxr.xbe.c:1296488	Source matches release viewport selection, alpha conversion, timing writes, and expiration branch.
0x00688880	?UpdateAmbientColourHelper@@YAXXZ	V3	PASS	manual-equivalence-20260826	2026-08-26	src/game/cg/cg_misc.cpp:232	Body is an intentional nullsub matching the release function.
0x00688880	?UpdateAmbientColourHelper@@YAXXZ	V4	PASS	manual-equivalence-20260826	2026-08-26	IDA:0x00688880	IDA decompiles the release function as an empty body; the port is intentionally empty with matching ABI.
0x0068C8F0	?CG_UI_Popup@@YAHPBD@Z	V3	PASS	manual-equivalence-20260826	2026-08-26	src/game/cg/cg_main.cpp:309	Non-empty body returns the fixed success value used by the release.
0x0068C8F0	?CG_UI_Popup@@YAHPBD@Z	V4	PASS	manual-equivalence-20260826	2026-08-26	IDA:0x0068C8F0	IDA decompiles the release function as return 1; source preserves the map-declared string parameter and return value.
0x0068C970	?CG_ClampViewAngles@@YAXPAVPlayerState@@QBM11@Z	V3	PASS	manual-equivalence-20260826	2026-08-26	src/game/cg/cg_view.cpp:354	Non-empty body normalizes, clamps, and applies all three view-angle axes.
0x0068C970	?CG_ClampViewAngles@@YAXPAVPlayerState@@QBM11@Z	V4	PASS	manual-equivalence-20260826	2026-08-26	c3_bin/codmp_xboxr.xbe.c:1299736;IDA:0x0068C970	Source matches release normalization, ±0.01 clamp margins, center-angle reconstruction, CL_SetViewAnglesAxis calls, and PlayerState view-angle writes.
0x0068D350	?CG_GetViewFov@@YAMXZ	V3	PASS	manual-equivalence-20260826	2026-08-26	src/game/cg/cg_view.cpp:404	Non-empty body computes clamped, interpolated, vehicle-adjusted, and weapon-specific view FOV.
0x0068D350	?CG_GetViewFov@@YAMXZ	V4	PASS	manual-equivalence-20260826	2026-08-26	c3_bin/codmp_xboxr.xbe.c:1300216;IDA:0x0068D350	Restored omitted release logic: raw-FOV vehicle exits, fade transitions using lastVehPos/lastChange, ADS/turret weapon-info overrides, and final vehicle exception; map/source float ABI takes precedence over the decompiler's widened double return.
0x0068E180	?UpdateIntermissionCam@Camera@@AAEXXZ	V3	PASS	manual-equivalence-20260826	2026-08-26	src/game/cg/cg_misc.cpp:1363	Non-empty body copies the active client's origin and view angles into camera state.
0x0068E180	?UpdateIntermissionCam@Camera@@AAEXXZ	V4	PASS	manual-equivalence-20260826	2026-08-26	c3_bin/codmp_xboxr.xbe.c:1300758	Source matches release client lookup and all six per-client origin/view-angle writes.
0x0068EA70	?StartCameraFade@Camera@@QAEXXZ	V3	PASS	manual-equivalence-20260826	2026-08-26	src/game/cg/cg_misc.cpp:1102	Non-empty body starts the camera fade and initializes the shared fade state.
0x0068EA70	?StartCameraFade@Camera@@QAEXXZ	V4	PASS	manual-equivalence-20260826	2026-08-26	c3_bin/codmp_xboxr.xbe.c:1301040	Source matches release fade duration/flag and per-client alpha/timing initialization.
0x0068EAE0	?UpdateFade@Camera@@AAEXXZ	V3	PASS	manual-equivalence-20260826	2026-08-26	src/game/cg/cg_misc.cpp:1116	Non-empty body advances fade timing, starts the fade-in transition, and clears the active flag on completion.
0x0068EAE0	?UpdateFade@Camera@@AAEXXZ	V4	PASS	manual-equivalence-20260826	2026-08-26	c3_bin/codmp_xboxr.xbe.c:1301061	Source matches release tick delta, 0.4 transition threshold, shared fade writes, and <=0 completion branch.
0x0068EC30	?UpdateVehicleDriverSteerLookAhead@Camera@@AAEXPAVEntity@@@Z	V3	PASS	manual-equivalence-20260826	2026-08-26	src/game/cg/cg_misc.cpp:1567	Non-empty body integrates steering look-ahead, relaxes toward zero, and clamps to maxAngle.
0x0068EC30	?UpdateVehicleDriverSteerLookAhead@Camera@@AAEXPAVEntity@@@Z	V4	PASS	manual-equivalence-20260826	2026-08-26	c3_bin/codmp_xboxr.xbe.c:1301131	Source matches release speed gate, steering-factor integration/relaxation rates, sign handling, and symmetric maxAngle clamp.
0x0068EFC0	?GetVehicleViewAngles@Camera@@AAE?AVPosition3@math@@PAVEntity@@PAVPlayerState@@@Z	V3	PASS	manual-equivalence-20260826	2026-08-26	src/game/cg/cg_misc.cpp:1384	Non-empty body returns the vehicle view-angle offset based on subtype and rigid-body presence.
0x0068EFC0	?GetVehicleViewAngles@Camera@@AAE?AVPosition3@math@@PAVEntity@@PAVPlayerState@@@Z	V4	PASS	manual-equivalence-20260826	2026-08-26	c3_bin/codmp_xboxr.xbe.c:1301299;IDA:0x0068EFC0	Source matches release subtype-2 rigid-body predicate and returns +7.0 pitch with zeroed remaining components.
0x0068F040	?SetCameraTagIndex@Camera@@AAEXXZ	V3	PASS	manual-equivalence-20260826	2026-08-26	src/game/cg/cg_misc.cpp:1135	Non-empty body lazily hashes tag_camera and resolves the camera bone index.
0x0068F040	?SetCameraTagIndex@Camera@@AAEXXZ	V4	PASS	manual-equivalence-20260826	2026-08-26	c3_bin/codmp_xboxr.xbe.c:1301321	Source matches release -1 guard, per-process hash initialization, DObj lookup, and stored tag index.
0x0068B8E0	?CG_AssetCache@@YAXXZ	V3	PASS	manual-equivalence-20260826	2026-08-26	src/game/cg/cg_main.cpp:605	Body is an intentional nullsub matching the release function.
0x0068B8E0	?CG_AssetCache@@YAXXZ	V4	PASS	manual-equivalence-20260826	2026-08-26	IDA:0x0068B8E0	IDA decompiles the release function as an empty void body; the port is intentionally empty with matching ABI.
0x0068F520	?CG_SaveViewModelAnimTrees@@YAXXZ	V3	PASS	manual-equivalence-20260826	2026-08-26	src/game/cg/cg_weapon.cpp:403	Body is an intentional nullsub matching the release function.
0x0068F520	?CG_SaveViewModelAnimTrees@@YAXXZ	V4	PASS	manual-equivalence-20260826	2026-08-26	IDA:0x0068F520	IDA decompiles the release function as an empty void body; the port is intentionally empty with matching ABI.
0x0068F530	?CG_LoadViewModelAnimTrees@@YAXXZ	V3	PASS	manual-equivalence-20260826	2026-08-26	src/game/cg/cg_weapon.cpp:408	Body is an intentional nullsub matching the release function.
0x0068F530	?CG_LoadViewModelAnimTrees@@YAXXZ	V4	PASS	manual-equivalence-20260826	2026-08-26	IDA:0x0068F530	IDA decompiles the release function as an empty void body; the port is intentionally empty with matching ABI.
0x0068F540	?CG_SaveWeaponInfo@@YAXXZ	V3	PASS	manual-equivalence-20260826	2026-08-26	src/game/cg/cg_weapon.cpp:413	Body is an intentional nullsub matching the release function.
0x0068F540	?CG_SaveWeaponInfo@@YAXXZ	V4	PASS	manual-equivalence-20260826	2026-08-26	IDA:0x0068F540	IDA decompiles the release function as an empty void body; the port is intentionally empty with matching ABI.
0x0068F550	?CG_LoadWeaponInfo@@YAXXZ	V3	PASS	manual-equivalence-20260826	2026-08-26	src/game/cg/cg_weapon.cpp:418	Body is an intentional nullsub matching the release function.
0x0068F550	?CG_LoadWeaponInfo@@YAXXZ	V4	PASS	manual-equivalence-20260826	2026-08-26	IDA:0x0068F550	IDA decompiles the release function as an empty void body; the port is intentionally empty with matching ABI.
0x0068C590	?CG_ShellShockCamera@@YAXXZ	V3	PASS	manual-equivalence-20260826	2026-08-26	src/game/cg/cg_view.cpp:1251	Body is an intentional nullsub matching the release function.
0x0068C590	?CG_ShellShockCamera@@YAXXZ	V4	PASS	manual-equivalence-20260826	2026-08-26	IDA:0x0068C590	IDA decompiles the release function as an empty void body; the port is intentionally empty with matching ABI.
0x0068C760	?CG_StartShellShock@@YAXPBUshellshock_parms_t@@HH@Z	V3	PASS	manual-equivalence-20260826	2026-08-26	src/game/cg/cg_view.cpp:1445	Body is an intentional nullsub matching the release function after restoring its map-declared parameters.
0x0068C760	?CG_StartShellShock@@YAXPBUshellshock_parms_t@@HH@Z	V4	PASS	manual-equivalence-20260826	2026-08-26	IDA:0x0068C760	IDA decompiles the release function as an empty body; source now preserves the release/map shellshock parameter ABI.
0x00689A80	?CG_EntityEffects@@YAXPAVEntity@@@Z	V3	PASS	manual-equivalence-20260826	2026-08-26	src/game/cg/cg_ents.cpp:1207	Body is an intentional nullsub matching the release function after restoring its Entity parameter.
0x00689A80	?CG_EntityEffects@@YAXPAVEntity@@@Z	V4	PASS	manual-equivalence-20260826	2026-08-26	IDA:0x00689A80	IDA decompiles the release function as an empty body; source now preserves the release/map Entity parameter ABI.
0x006BC190	?Render@GlobalEffect@@UAEXXZ	V3	PASS	manual-equivalence-20260826	2026-08-26	src/game/cg/cg_misc.cpp:767	Body is an intentional virtual nullsub matching the release method.
0x006BC190	?Render@GlobalEffect@@UAEXXZ	V4	PASS	manual-equivalence-20260826	2026-08-26	IDA:0x006BC190	IDA decompiles the release virtual method as an empty body; the port is intentionally empty with matching ABI.
0x0068BA90	?CG_DrawObjectives@@YAXMPAM@Z	V3	PASS	manual-equivalence-20260826	2026-08-26	src/game/cg/cg_draw.cpp:2749	Body is an intentional nullsub matching the release function after restoring its map-declared parameters.
0x0068BA90	?CG_DrawObjectives@@YAXMPAM@Z	V4	PASS	manual-equivalence-20260826	2026-08-26	IDA:0x0068BA90	IDA decompiles the release function as an empty body; source now preserves the release/map float and color-pointer ABI.
0x0068A3A0	?CG_DObjUpdateInfo@@YAXPAVDObj@@@Z	V3	PASS	manual-equivalence-20260826	2026-08-26	src/game/cg/cg_dobj.cpp:66	Non-empty body forwards the per-client delta time to the release nullsub helper.
0x0068A3A0	?CG_DObjUpdateInfo@@YAXPAVDObj@@@Z	V4	PASS	manual-equivalence-20260826	2026-08-26	IDA:0x0068A3A0	Source matches the release j_nullsub_89 call and dword_F63554 client-stride scaling.
0x0068A3E0	?CG_DObjGetViewModelTagMatrix@@YAHPAVDObj@@IPAUDObjSkelMat@@@Z	V3	PASS	manual-equivalence-20260826	2026-08-26	src/game/cg/cg_dobj.cpp:72	Non-empty body validates and resolves the requested bone, builds its skeleton, composes the entity axis, and writes the tag matrix.
0x0068A3E0	?CG_DObjGetViewModelTagMatrix@@YAHPAVDObj@@IPAUDObjSkelMat@@@Z	V4	PASS	manual-equivalence-20260826	2026-08-26	c3_bin/codmp_xboxr.xbe.c:1297825;IDA:0x0068A3E0	Source matches release asserts, bone lookup, map-ABI skeleton call, hierarchy-bit calculation, matrix-array assertion, axis copy, origin writes, matrix multiply, and return values.
0x0068A700	?CG_DObjCalcBone@@YAXPAVEntity@@PAVDObj@@H@Z	V3	PASS	manual-equivalence-20260826	2026-08-26	src/game/cg/cg_dobj.cpp:139	Non-empty body validates Entity/DObj identity and calculates the requested bone skeleton.
0x0068A700	?CG_DObjCalcBone@@YAXPAVEntity@@PAVDObj@@H@Z	V4	PASS	manual-equivalence-20260826	2026-08-26	IDA:0x0068A700	Source matches release assertions, map-ABI skeleton call, hierarchy bits, helper call, and CL_DObjCalcSkel sequence.
0x0068A7E0	?CG_DObjCalcBoneGeneric@@YAXPAVDObj@@H@Z	V3	PASS	manual-equivalence-20260826	2026-08-26	src/game/cg/cg_dobj.cpp:160	Non-empty body validates the DObj and calculates the requested bone skeleton.
0x0068A7E0	?CG_DObjCalcBoneGeneric@@YAXPAVDObj@@H@Z	V4	PASS	manual-equivalence-20260826	2026-08-26	IDA:0x0068A7E0	Source matches release null assertion, map-ABI skeleton call, hierarchy bits, helper call, and CL_DObjCalcSkel sequence.
0x0068BB10	?CG_ParseServerinfo@@YAXXZ	V3	PASS	manual-equivalence-20260826	2026-08-26	src/game/cg/cg_ents.cpp:150	Non-empty body reads the server mapname and formats cgsGlobal.mapname.
0x0068BB10	?CG_ParseServerinfo@@YAXXZ	V4	PASS	manual-equivalence-20260826	2026-08-26	c3_bin/codmp_xboxr.xbe.c:1299006	Source matches release config-string index, mapname key, and maps/%s.bsp formatting.
0x0068BBB0	?CG_RegisterServerShaders@@YAXXZ	V3	PASS	manual-equivalence-20260826	2026-08-26	src/game/cg/cg_main.cpp:609	Non-empty body registers the complete server shader range.
0x0068BBB0	?CG_RegisterServerShaders@@YAXXZ	V4	PASS	manual-equivalence-20260826	2026-08-26	c3_bin/codmp_xboxr.xbe.c:1299036	Source matches release loop bounds 725 through 979 inclusive and registration call.
0x0068BBD0	?CG_CloseScriptMenu@@YAXXZ	V3	PASS	manual-equivalence-20260826	2026-08-26	src/game/cg/cg_main.cpp:626	Non-empty body clears all script-menu cvars and resets their indices/flags.
0x0068BBD0	?CG_CloseScriptMenu@@YAXXZ	V4	PASS	manual-equivalence-20260826	2026-08-26	c3_bin/codmp_xboxr.xbe.c:1299045	Source matches all seven release Cvar_Set names and values.
0x0068C010	?CG_SetShellShockParmsFromCvars@@YAXPAUshellshock_parms_t@@@Z	V3	PASS	manual-equivalence-20260826	2026-08-26	src/game/cg/cg_view.cpp:1142	Non-empty body validates and populates view, sound, volume, and mouse shellshock parameters.
0x0068C010	?CG_SetShellShockParmsFromCvars@@YAXPAUshellshock_parms_t@@@Z	V4	PASS	manual-equivalence-20260826	2026-08-26	c3_bin/codmp_xboxr.xbe.c:1299194;IDA:0x0068C010	Source matches release assert context, millisecond rounding/minimums, wet/volume clamps, roomtype copy/termination, channel mapping, and mouse fields.
0x0068C870	?trap_R_SetCullDist@@YAXM@Z	V3	PASS	manual-equivalence-20260826	2026-08-26	src/game/cg/cg_trap.cpp:9	Non-empty wrapper forwards cull distance to the renderer export.
0x0068C870	?trap_R_SetCullDist@@YAXM@Z	V4	PASS	manual-equivalence-20260826	2026-08-26	IDA:0x0068C870	Source directly forwards the float to re.SetCullDist as release does.
0x0068C880	?trap_R_SetFog@@YAXHHHMMMM@Z	V3	PASS	manual-equivalence-20260826	2026-08-26	src/game/cg/cg_trap.cpp:15	Non-empty wrapper forwards fog parameters to the renderer export.
0x0068C880	?trap_R_SetFog@@YAXHHHMMMM@Z	V4	PASS	manual-equivalence-20260826	2026-08-26	IDA:0x0068C880	Source directly forwards all seven fog parameters to re.SetFog as release does.
0x0068C890	?trap_R_SaveScreen@@YAXXZ	V3	PASS	manual-equivalence-20260826	2026-08-26	src/game/cg/cg_trap.cpp:22	Non-empty wrapper forwards screen-save to the renderer export.
0x0068C890	?trap_R_SaveScreen@@YAXXZ	V4	PASS	manual-equivalence-20260826	2026-08-26	IDA:0x0068C890	Source directly forwards re.SaveScreen as the release thunk does.
0x0068F560	?CG_FreeWeapons@@YAXXZ	V3	PASS	manual-equivalence-20260826	2026-08-26	src/game/cg/cg_weapon.cpp:422	Non-empty body frees the weapon DObj, ADS meta-animation player, and associated heap storage.
0x0068F560	?CG_FreeWeapons@@YAXXZ	V4	PASS	manual-equivalence-20260826	2026-08-26	IDA:0x0068F560	Source matches release DObjFree/destruction, ADS meta-player cleanup, heap free, and nulling sequence.
0x00695300	?CG_DrawFlashFade@@YAXXZ	V3	PASS	manual-equivalence-20260826	2026-08-26	src/game/cg/cg_draw.cpp:2266	Non-empty body updates fade interpolation, draws viewport-specific black overlays, and resets stale fades.
0x00695300	?CG_DrawFlashFade@@YAXXZ	V4	PASS	manual-equivalence-20260826	2026-08-26	c3_bin/codmp_xboxr.xbe.c:1305348;IDA:0x00695300	Source matches release time correction, 500 ms interpolation, viewport switch geometry, spinner/stale-fade handling, and shared fade writes; map void ABI supersedes incidental decompiler return.
0x006956A0	?CG_DrawGameMessages@@YAXXZ	V3	PASS	manual-equivalence-20260826	2026-08-26	src/game/cg/cg_draw.cpp:2358	Non-empty body draws notify messages with release timing and HUD alpha behavior.
0x006956A0	?CG_DrawGameMessages@@YAXXZ	V4	PASS	manual-equivalence-20260826	2026-08-26	c3_bin/codmp_xboxr.xbe.c:1305517	Source matches widescreen positioning, per-client message timing, fade color state, and Con_DrawNotify parameters.
0x006957A0	?CG_DrawBoldGameMessages@@YAXXZ	V3	PASS	manual-equivalence-20260826	2026-08-26	src/game/cg/cg_draw.cpp:2394	Non-empty body draws centered bold messages with release timing and HUD alpha behavior.
0x006957A0	?CG_DrawBoldGameMessages@@YAXXZ	V4	PASS	manual-equivalence-20260826	2026-08-26	c3_bin/codmp_xboxr.xbe.c:1305565	Source matches per-client message timing, fade color state, and centered Con_DrawBoldMessages parameters.
0x00695850	?CG_DrawMiniConsole@@YAXXZ	V3	PASS	manual-equivalence-20260826	2026-08-26	src/game/cg/cg_draw.cpp:2418	Non-empty body conditionally forwards mini-console drawing to the release helper.
0x00695850	?CG_DrawMiniConsole@@YAXXZ	V4	PASS	manual-equivalence-20260826	2026-08-26	IDA:0x00695850	Source matches release cg_minicon/developer predicate, coordinates, and HUD alpha forwarding.
0x00695880	?CG_DrawSubtitles@@YAXXZ	V3	PASS	manual-equivalence-20260826	2026-08-26	src/game/cg/cg_draw.cpp:2425	Non-empty body conditionally forwards subtitle drawing to the release helper.
0x00695880	?CG_DrawSubtitles@@YAXXZ	V4	PASS	manual-equivalence-20260826	2026-08-26	IDA:0x00695880	Source matches release cg_subtitles predicate, coordinates, alpha, and message-window mode.
0x00696000	?CG_DrawPaused@@YAXXZ	V3	PASS	manual-equivalence-20260826	2026-08-26	src/game/cg/cg_draw.cpp:2637	Non-empty body draws the localized paused message when the release conditions hold.
0x00696000	?CG_DrawPaused@@YAXXZ	V4	PASS	manual-equivalence-20260826	2026-08-26	c3_bin/codmp_xboxr.xbe.c:1305901	Source matches pause/draw cvars, localization keys, centered text sizing, color, and paint style.
0x00695BE0	?CG_StartShakeCamera@@YAXMHPMMH@Z	V3	PASS	manual-equivalence-20260826	2026-08-26	src/game/cg/cg_view.cpp:1491	Non-empty body initializes camera shake state, updates it, selects an expired slot, and stores the shake per client.
0x00695BE0	?CG_StartShakeCamera@@YAXMHPMMH@Z	V4	PASS	manual-equivalence-20260826	2026-08-26	c3_bin/codmp_xboxr.xbe.c:1305746;IDA:0x00695BE0	Source matches release positive-scale/cvar gating, shake initialization, update call, four-slot selection, size comparisons, assert path, and per-client slot write.
0x00695DA0	?CG_ShakeCamera@@YAXH@Z	V3	PASS	manual-equivalence-20260826	2026-08-26	src/game/cg/cg_view.cpp:1551	Non-empty body updates active camera shakes and applies release-style random translation and sinusoidal angular offsets.
0x00695DA0	?CG_ShakeCamera@@YAXH@Z	V4	PASS	manual-equivalence-20260826	2026-08-26	c3_bin/codmp_xboxr.xbe.c:1305818;IDA:0x00695DA0	Source matches pause/cvar gating, four shake updates, minimum scale, clamp, random movement, sinusoidal angle perturbations, and idle seed reset.
0x00695F90	?CG_DrawGameScreenFade@@YAXXZ	V3	PASS	manual-equivalence-20260826	2026-08-26	src/game/cg/cg_draw.cpp:2463	Non-empty body conditionally fills the active client viewport with the current fade color.
0x00695F90	?CG_DrawGameScreenFade@@YAXXZ	V4	PASS	manual-equivalence-20260826	2026-08-26	c3_bin/codmp_xboxr.xbe.c:1305886;IDA:0x00695F90	Source matches release alpha and fade-enable predicates, black RGB initialization, alpha assignment, and 640x480 fill.
0x00696760	?CG_DrawViewportFrames@@YAXH@Z	V3	PASS	manual-equivalence-20260826	2026-08-26	src/game/cg/cg_draw.cpp:2651	Non-empty body draws the split-screen separator bars for two, three, and four viewports.
0x00696760	?CG_DrawViewportFrames@@YAXH@Z	V4	PASS	manual-equivalence-20260826	2026-08-26	c3_bin/codmp_xboxr.xbe.c:1306176;IDA:0x00696760	Source matches release black color and exact horizontal/vertical separator geometry for viewport counts 2 through 4.
0x00696840	?CG_FillRectGradient@@YAXMMMMPMPMH@Z	V3	PASS	manual-equivalence-20260826	2026-08-26	src/game/cg/cg_misc.cpp:3100	Non-empty body forwards gradient rectangle parameters and color state to the renderer.
0x00696840	?CG_FillRectGradient@@YAXMMMMPMPMH@Z	V4	PASS	manual-equivalence-20260826	2026-08-26	c3_bin/codmp_xboxr.xbe.c:1306201;IDA:0x00696840	Source matches release color setup/reset, per-client screen scaling, zero UV rectangle, white shader, gradient color, and gradient type forwarding.
0x0068B330	?CG_InitLocalEntities@@YAXXZ	V3	PASS	manual-equivalence-20260826	2026-08-26	src/game/cg/cg_ents.cpp:97	Non-empty initializer clears the local-entity pool, links the active sentinel, and builds the free-list chain.
0x0068B330	?CG_InitLocalEntities@@YAXXZ	V4	PASS	manual-equivalence-20260826	2026-08-26	c3_bin/codmp_xboxr.xbe.c:1298629;IDA:0x0068B330	Source matches release pool clearing, active-list self-links, free-head assignment, and all 128 next-pointer links; map void ABI supersedes decompiler return artifact.
0x0068B3D0	?CG_RegisterCvars@@YAXXZ	V3	PASS	manual-equivalence-20260826	2026-08-26	src/game/cg/cg_main.cpp:337	Non-empty loop registers every entry in the 170-row client cvar table.
0x0068B3D0	?CG_RegisterCvars@@YAXXZ	V4	PASS	manual-equivalence-20260826	2026-08-26	c3_bin/codmp_xboxr.xbe.c:1298673;IDA:0x0068B3D0	Source matches release table stride, 170-entry count, and Cvar_Register argument ordering.
0x0068B480	?CG_Printf@@YAXPBDZZ	V3	PASS	manual-equivalence-20260826	2026-08-26	src/game/cg/cg_main.cpp:370	Non-empty variadic wrapper formats into the release-sized buffer and forwards to Com_Printf.
0x0068B480	?CG_Printf@@YAXPBDZZ	V4	PASS	manual-equivalence-20260826	2026-08-26	c3_bin/codmp_xboxr.xbe.c:1298718;IDA:0x0068B480	Source matches release 1024-byte formatting buffer, variadic formatting, and Com_Printf forwarding.
0x0068B4B0	?CG_Error@@YAXPBDZZ	V3	PASS	manual-equivalence-20260826	2026-08-26	src/game/cg/cg_main.cpp:381	Non-empty variadic wrapper formats into the release-sized buffer and forwards a drop error.
0x0068B4B0	?CG_Error@@YAXPBDZZ	V4	PASS	manual-equivalence-20260826	2026-08-26	c3_bin/codmp_xboxr.xbe.c:1298730;IDA:0x0068B4B0	Source matches release formatting buffer and Com_Error(ERR_DROP, text) behavior.
0x0068B4F0	?CG_ObjMessage@@YAXPBD@Z	V3	PASS	manual-equivalence-20260826	2026-08-26	src/game/cg/cg_messages.cpp:138	Non-empty message wrapper refreshes the timeout and stores a changed object message.
0x0068B4F0	?CG_ObjMessage@@YAXPBD@Z	V4	PASS	manual-equivalence-20260826	2026-08-26	c3_bin/codmp_xboxr.xbe.c:1298740;IDA:0x0068B4F0	Source matches release timeout predicate, string equality test, timeout constant, and assignment.
0x0068B540	?CG_GameMessage@@YAXPBDH@Z	V3	PASS	manual-equivalence-20260826	2026-08-26	src/game/cg/cg_messages.cpp:149	Non-empty wrapper forwards game text, width cvar, and flags to the console message API.
0x0068B540	?CG_GameMessage@@YAXPBDH@Z	V4	PASS	manual-equivalence-20260826	2026-08-26	c3_bin/codmp_xboxr.xbe.c:1298750;IDA:0x0068B540	Source matches release PMSG_GAME channel, zero duration argument, width cvar, and flags forwarding.
0x0068B560	?CG_BoldGameMessage@@YAXPBD@Z	V3	PASS	manual-equivalence-20260826	2026-08-26	src/game/cg/cg_messages.cpp:156	Non-empty wrapper forwards bold game text with the bold width cvar.
0x0068B560	?CG_BoldGameMessage@@YAXPBD@Z	V4	PASS	manual-equivalence-20260826	2026-08-26	c3_bin/codmp_xboxr.xbe.c:1298756;IDA:0x0068B560	Source matches release PMSG_BOLDGAME channel, zero duration and flags, and bold width cvar.
0x0068C860	?cg_dllEntry@@YAXP6AHHZZ@Z	V3	PASS	manual-equivalence-20260826	2026-08-26	src/game/cg/cg_main.cpp:303	Non-empty entrypoint stores the supplied syscall function pointer.
0x0068C860	?cg_dllEntry@@YAXP6AHHZZ@Z	V4	PASS	manual-equivalence-20260826	2026-08-26	IDA:0x0068C860	Source matches release syscall-pointer assignment and void ABI.
0x0068C900	?cg_Z_MallocInternal@@YAPAXH@Z	V3	PASS	manual-equivalence-20260826	2026-08-26	src/game/cg/cg_zone.cpp:7	Non-empty allocator wrapper forwards the requested size to the zone allocator.
0x0068C900	?cg_Z_MallocInternal@@YAPAXH@Z	V4	PASS	manual-equivalence-20260826	2026-08-26	IDA:0x0068C900	Source matches release unsigned-size conversion and _Z_MallocInternal forwarding.
0x0068C910	?cg_Z_FreeInternal@@YAXPAX@Z	V3	PASS	manual-equivalence-20260826	2026-08-26	src/game/cg/cg_zone.cpp:13	Non-empty free wrapper forwards the allocation pointer to the zone allocator.
0x0068C910	?cg_Z_FreeInternal@@YAXPAX@Z	V4	PASS	manual-equivalence-20260826	2026-08-26	IDA:0x0068C910	Source directly forwards the pointer to _Z_FreeInternal as release does.
0x005EE750	??0weaponInfo_s@@QAE@XZ	V3	PASS	manual-equivalence-20260826	2026-08-26	src/game/cg/cg_misc.cpp:47	Constructor initializes all three release surface handles to null/invalid pak values.
0x005EE750	??0weaponInfo_s@@QAE@XZ	V4	PASS	manual-equivalence-20260826	2026-08-26	IDA:0x005EE750	IDA release body matches the three handle null/PAK_ID_INVALID pairs and returns this.
0x00687A90	??0refdef_s@@QAE@XZ	V3	PASS	manual-equivalence-20260826	2026-08-26	src/game/cg/cg_misc.cpp:42	Constructor is intentionally empty and preserves the release ABI.
0x00687A90	??0refdef_s@@QAE@XZ	V4	PASS	manual-equivalence-20260826	2026-08-26	IDA:0x00687A90	IDA release body returns this without field writes; source preserves the same empty constructor.
0x0069D9C0	??0Camera@@QAE@XZ	V3	PASS	manual-equivalence-20260826	2026-08-26	src/game/cg/cg_misc.cpp:996	Constructor initializes camera/global-effect state, all tracked vectors, modes, FOV, shake, rumble, client index, and fade flag.
0x0069D9C0	??0Camera@@QAE@XZ	V4	PASS	manual-equivalence-20260826	2026-08-26	IDA:0x0069D9C0	IDA release writes the same vtable, client/global-effect fields, zeroed vectors, defaults (FOV 80, tag -1, normal/first-person modes), null shake, zero rumble, and client increment.
0x006BB7C0	??0ADSMetaAnimInstance@@QAE@PAV?$nalAnimClass@VnalAnyPose@@@@0PAVnalBaseSkeleton@@AAM@Z	V3	PASS	manual-equivalence-20260826	2026-08-26	src/game/cg/cg_misc.cpp:3764	Constructor initializes release base/derived vtables, duration/inverse duration, skeleton/animation ownership, interpolation state, compatibility assertions, and both virtual instances.
0x006BB7C0	??0ADSMetaAnimInstance@@QAE@PAV?$nalAnimClass@VnalAnyPose@@@@0PAVnalBaseSkeleton@@AAM@Z	V4	PASS	manual-equivalence-20260826	2026-08-26	IDA:0x006BB7C0	Source matches release construction order, exact vtable transitions, duration math, skeleton compatibility assertions, and virtual-create forwarding; register artifacts in the decompiler are not call-stack arguments.
0x006BB940	??1ADSMetaAnimInstance@@UAE@XZ	V3	PASS	manual-equivalence-20260826	2026-08-26	src/game/cg/cg_misc.cpp:3801	Destructor releases forward/reverse instances, restores the base vtable, and decrements the owning animation instance count.
0x006BB940	??1ADSMetaAnimInstance@@UAE@XZ	V4	PASS	manual-equivalence-20260826	2026-08-26	IDA:0x006BB940	IDA release body matches both conditional instance destructors, ADS/base vtable transitions, and Anim InstanceCount decrement.
0x006BBEB0	??0ADSMetaAnimData@@QAE@XZ	V3	PASS	manual-equivalence-20260826	2026-08-26	src/game/cg/cg_misc.cpp:3659	Constructor clears the fixed name storage and both animation pointers.
0x006BBEB0	??0ADSMetaAnimData@@QAE@XZ	V4	PASS	manual-equivalence-20260826	2026-08-26	IDA:0x006BBEB0	IDA release body matches fixed-name zeroing, vtable setup, and null animation/reverse pointers.
0x006BBE00	??1GlobalEffect@@UAE@XZ	V3	PASS	manual-equivalence-20260826	2026-08-26	src/game/cg/cg_misc.cpp:764	Destructor is a virtual render-node teardown with no additional resource work in source.
0x006BBE00	??1GlobalEffect@@UAE@XZ	V4	PASS	manual-equivalence-20260826	2026-08-26	IDA:0x006BBE00	IDA release only restores the nglRenderNode vtable; C++ virtual-base teardown supplies the same operation.
0x006BBF00	?VirtualGetPose@ADSMetaAnimInstance@@UAEXMMPAUnalBasePose@@PBU2@H@Z	V3	PASS	manual-equivalence-20260826	2026-08-26	src/game/cg/cg_misc.cpp:3820	Non-empty pose selector chooses forward/reverse instances from interpolation, validates skeletons, forwards pose parameters, and stores the previous value.
0x006BBF00	?VirtualGetPose@ADSMetaAnimInstance@@UAEXMMPAUnalBasePose@@PBU2@H@Z	V4	PASS	manual-equivalence-20260826	2026-08-26	IDA:0x006BBF00	Source matches release interpolation branch, 1.0-minus reverse values, skeleton assertions, virtual pose forwarding with lod zero, and mPrevValue update.
0x00693EA0	?GetScalingForHUD@View@@YAMH@Z	V3	PASS	manual-equivalence-20260826	2026-08-26	src/game/cg/cg_misc.cpp:2214	HUD scale helper applies widescreen factor and the release window-specific scalar2/scalar4 cases.
0x00693EA0	?GetScalingForHUD@View@@YAMH@Z	V4	PASS	manual-equivalence-20260826	2026-08-26	IDA:0x00693EA0	Source matches release widescreen default, window cases 3/4 and 5-8, scalar selection, and float ABI.
0x006948B0	?CG_DrawUpperRight@@YAXXZ	V3	PASS	manual-equivalence-20260826	2026-08-26	src/game/cg/cg_draw.cpp:2230	HUD upper-right helper matches capture gating, position/timer rendering, and no-damage text path.
0x006948B0	?CG_DrawUpperRight@@YAXXZ	V4	PASS	manual-equivalence-20260826	2026-08-26	IDA:0x006948B0	IDA release body matches source cvar gate, position command/text paint, timer placement, and No Damage message; empty cvar default is equivalent to defaultFileName.
0x00697990	?CG_DrawInformation@@YAXXZ	V3	PASS	manual-equivalence-20260826	2026-08-26	src/game/cg/cg_draw.cpp:2673	Loading/information HUD helper rate-limits screen refresh while no snapshot is active.
0x00697990	?CG_DrawInformation@@YAXXZ	V4	PASS	manual-equivalence-20260826	2026-08-26	IDA:0x00697990	Source matches release per-client snapshot gate, call-count guard, 100 ms throttle, and balanced SCR_UpdateScreen call.
0x0069C190	?CG_ScreenFade@@YAXXZ	V3	PASS	manual-equivalence-20260826	2026-08-26	src/game/cg/cg_view.cpp:660	HUD screen fade helper interpolates per-client color/alpha state, draws the release viewport quad, and commits terminal state.
0x0069C190	?CG_ScreenFade@@YAXXZ	V4	PASS	manual-equivalence-20260826	2026-08-26	IDA:0x0069C190	Source matches release fade draw call, 1580-stride state accesses, interpolation math, alpha gate, terminal color copy, and zero-alpha cleanup.
0x0069D150	?CG_DrawHudElems@@YAXXZ	V3	PASS	manual-equivalence-20260826	2026-08-26	src/game/cg/cg_draw.cpp:3030	HUD element renderer collects non-free elements, sorts by release comparator, and draws each element.
0x0069D150	?CG_DrawHudElems@@YAXXZ	V4	PASS	manual-equivalence-20260826	2026-08-26	IDA:0x0069D150	Source matches release 16-element scan, 4-byte pointer qsort, non-empty loop, and CG_DrawSingleHudElem forwarding.
0x006A0030	?CG_DrawTurretCrossHair@@YAXXZ	V3	PASS	manual-equivalence-20260826	2026-08-26	src/game/cg/cg_draw.cpp:2785	Turret HUD crosshair path preserves release gates, weapon lookup/asserts, reticle geometry, and rendering branches.
0x006A0030	?CG_DrawTurretCrossHair@@YAXXZ	V4	PASS	manual-equivalence-20260826	2026-08-26	IDA:0x006A0030	IDA release control flow and constants match source pause/crosshair gates, locked-entity turret checks, weapon info assertions, scaling, and draw calls.
0x006BBF00	?VirtualGetPose@ADSMetaAnimInstance@@MAEXMMPAUnalBasePose@@PBU2@H@Z	V3	PASS	manual-equivalence-20260826	2026-08-26	src/game/cg/cg_misc.cpp:3820	Non-empty protected virtual pose selector chooses forward/reverse instances from interpolation, validates skeletons, forwards pose parameters, and stores the previous value.
0x006BBF00	?VirtualGetPose@ADSMetaAnimInstance@@MAEXMMPAUnalBasePose@@PBU2@H@Z	V4	PASS	manual-equivalence-20260826	2026-08-26	IDA:0x006BBF00	Source matches release interpolation branch, 1.0-minus reverse values, skeleton assertions, virtual pose forwarding with lod zero, and mPrevValue update.
0x006BBF00	?VirtualGetPose@ADSMetaAnimInstance@@MAEXMMAAVnalBasePose@@ABV2@H@Z	V3	PASS	manual-equivalence-20260826	2026-08-26	src/game/cg/cg_misc.cpp:3820	Non-empty protected virtual pose selector chooses forward/reverse instances from interpolation, validates skeletons, forwards pose parameters, and stores the previous value.
0x006BBF00	?VirtualGetPose@ADSMetaAnimInstance@@MAEXMMAAVnalBasePose@@ABV2@H@Z	V4	PASS	manual-equivalence-20260826	2026-08-26	IDA:0x006BBF00	Source matches release interpolation branch, 1.0-minus reverse values, skeleton assertions, virtual pose forwarding with lod zero, and mPrevValue update.
0x00687F40	?CG_GetWeapReticleZoom@@YAHPAM@Z	V3	PASS	manual-equivalence-20260826	2026-08-26	src/game/cg/cg_weapon.cpp:373	Non-empty zoom helper reads the current player weapon fraction and per-client weapon data, computes the release zoom fraction, and returns the threshold result.
0x00687F40	?CG_GetWeapReticleZoom@@YAHPAM@Z	V4	PASS	manual-equivalence-20260826	2026-08-26	IDA:0x00687F40	IDA release body matches player lookup, zero initialization, per-client ADS branch, both normalized zoom calculations, and 0.0099999998 threshold; int return ABI is now exact.
0x00693BC0	?compare_controller_sort@View@@YA_NPBUcgs_t@@0@Z	V3	PASS	manual-equivalence-20260826	2026-08-26	src/game/cg/cg_controllers.cpp:44	Non-empty comparator body checks unused local-player state and controller ordering.
0x00693BC0	?compare_controller_sort@View@@YA_NPBUcgs_t@@0@Z	V4	PASS	manual-equivalence-20260826	2026-08-26	IDA:0x00693BC0	Release branch order matches source: unused first element is false, unused second is true, otherwise controller is nonnegative and less than the second controller.
0x00693E60	?GetYScalingForWindow@View@@YAMH_N@Z	V3	PASS	manual-equivalence-20260826	2026-08-26	src/game/cg/cg_misc.cpp:2197	Non-empty window scaling switch returns the release half-scale cases and full-scale default.
0x00693E60	?GetYScalingForWindow@View@@YAMH_N@Z	V4	PASS	manual-equivalence-20260826	2026-08-26	IDA:0x00693E60	Release disassembly reads window, preserves the unused bool ABI slot, and returns 0.5 for cases 3-8 or 1.0 otherwise.
0x00694010	?GetPreviousHUDXPos@View@@YAMMHHM@Z	V3	PASS	manual-equivalence-20260826	2026-08-26	src/game/cg/cg_misc.cpp:2281	Non-empty previous HUD X transform implements all release viewport and justification branches.
0x00694010	?GetPreviousHUDXPos@View@@YAMMHHM@Z	V4	PASS	manual-equivalence-20260826	2026-08-26	IDA:0x00694010	Release arithmetic, safe-area constants, scalar4View adjustment, viewport cases, and justification bit tests match source; promoted int justification ABI is exact.
0x00694100	?GetCurrentHUDXPos@View@@YAMMHHM@Z	V3	PASS	manual-equivalence-20260826	2026-08-26	src/game/cg/cg_misc.cpp:2328	Non-empty current HUD X transform implements all release viewport and justification branches.
0x00694100	?GetCurrentHUDXPos@View@@YAMMHHM@Z	V4	PASS	manual-equivalence-20260826	2026-08-26	IDA:0x00694100	Release arithmetic, safe-area constants, scalar4View adjustment, viewport cases, and justification bit tests match source; promoted int justification ABI is exact.
0x006941F0	?GetCurrentHUDYPos@View@@YAMMHHM@Z	V3	PASS	manual-equivalence-20260826	2026-08-26	src/game/cg/cg_misc.cpp:2366	Non-empty current HUD Y transform implements all release viewport and justification branches.
0x006941F0	?GetCurrentHUDYPos@View@@YAMMHHM@Z	V4	PASS	manual-equivalence-20260826	2026-08-26	IDA:0x006941F0	Release arithmetic, safe-area constants, scalar4View adjustment, viewport cases, and justification bit tests match source; promoted int justification ABI is exact.
0x006942C0	?GetPreviousHUDYPos@View@@YAMMHHM@Z	V3	PASS	manual-equivalence-20260826	2026-08-26	src/game/cg/cg_misc.cpp:2398	Non-empty previous HUD Y transform implements all release viewport and justification branches.
0x006942C0	?GetPreviousHUDYPos@View@@YAMMHHM@Z	V4	PASS	manual-equivalence-20260826	2026-08-26	IDA:0x006942C0	Release arithmetic, safe-area constants, scalar4View adjustment, viewport cases, and justification bit tests match source; promoted int justification ABI is exact.
0x00693C10	?IsSplitScreen@View@@YA_NXZ	V3	PASS	manual-equivalence-20260826	2026-08-26	src/game/cg/cg_misc.cpp:2111	Non-empty viewport-count predicate returns whether more than one viewport is active.
0x00693C10	?IsSplitScreen@View@@YA_NXZ	V4	PASS	manual-equivalence-20260826	2026-08-26	IDA:0x00693C10	Release compares View::lNumViewports against one exactly as source.
0x00693C20	?GetNumViewports@View@@YAHXZ	V3	PASS	manual-equivalence-20260826	2026-08-26	src/game/cg/cg_misc.cpp:2117	Non-empty accessor returns the active viewport count.
0x00693C20	?GetNumViewports@View@@YAHXZ	V4	PASS	manual-equivalence-20260826	2026-08-26	IDA:0x00693C20	Release returns View::lNumViewports exactly as source.
0x00693C30	?UpdateViewports@View@@YAXXZ	V3	PASS	manual-equivalence-20260826	2026-08-26	src/game/cg/cg_misc.cpp:2123	Non-empty viewport update resets the release viewport state slot.
0x00693C30	?UpdateViewports@View@@YAXXZ	V4	PASS	manual-equivalence-20260826	2026-08-26	IDA:0x00693C30	Release writes zero to unk_F6A284, matching the source reset.
0x00693C40	?GetCurrentSetup@View@@YAABUSetup@1@XZ	V3	PASS	manual-equivalence-20260826	2026-08-26	src/game/cg/cg_misc.cpp:2129	Non-empty accessor selects the setup from the active viewport configuration.
0x00693C40	?GetCurrentSetup@View@@YAABUSetup@1@XZ	V4	PASS	manual-equivalence-20260826	2026-08-26	IDA:0x00693C40	Release indexes ViewSetupConfigurations by lNumViewports and returns the corresponding setup pointer, matching source body; map return spelling remains a reference anomaly.
0x00693C60	?GetCurrentWindow@View@@YAABUWindow@1@H@Z	V3	PASS	manual-equivalence-20260826	2026-08-26	src/game/cg/cg_misc.cpp:2135	Non-empty accessor selects the client window through the active setup and per-client window index.
0x00693C60	?GetCurrentWindow@View@@YAABUWindow@1@H@Z	V4	PASS	manual-equivalence-20260826	2026-08-26	IDA:0x00693C60	Release uses the same setup configuration, 802-stride client slot, and window table indexing; map return spelling remains a reference anomaly.
0x00693CA0	?SetViewportClipping@View@@YAXH@Z	V3	PASS	manual-equivalence-20260826	2026-08-26	src/game/cg/cg_misc.cpp:2142	Non-empty split-screen clipping path computes the active window rectangle and submits view and scissor calls.
0x00693CA0	?SetViewportClipping@View@@YAXH@Z	V4	PASS	manual-equivalence-20260826	2026-08-26	IDA:0x00693CA0	Release split-screen guard, setup/window indexing, rectangle arithmetic, and nglSetView/nglSetScissor call sequence match source.
0x00693D40	?GetClientController@View@@YAHH@Z	V3	PASS	manual-equivalence-20260826	2026-08-26	src/game/cg/cg_controllers.cpp:59	Non-empty accessor validates the client index and returns the 802-stride controller value.
0x00693D40	?GetClientController@View@@YAHH@Z	V4	PASS	manual-equivalence-20260826	2026-08-26	IDA:0x00693D40	Release assert metadata, invalid-index branch, and dword_F6A28C lookup match source; function is now emitted in View namespace.
0x00693DB0	?GetScalingForWindow@View@@YAMH@Z	V3	PASS	manual-equivalence-20260826	2026-08-26	src/game/cg/cg_misc.cpp:2157	Non-empty window scaling switch returns the release half-scale cases and full-scale default.
0x00693DB0	?GetScalingForWindow@View@@YAMH@Z	V4	PASS	manual-equivalence-20260826	2026-08-26	IDA:0x00693DB0	Release switch cases 3-8 and 0.5/1.0 results match source.
0x00693DF0	?GetXScalingForWindow@View@@YAMH_N@Z	V3	PASS	manual-equivalence-20260826	2026-08-26	src/game/cg/cg_misc.cpp:2174	Non-empty widescreen/window scaling path implements release aspect and viewport branches.
0x00693DF0	?GetXScalingForWindow@View@@YAMH_N@Z	V4	PASS	manual-equivalence-20260826	2026-08-26	IDA:0x00693DF0	Release widescreen cvar selection, normal-aspect branch, viewport cases, and scalar values match source.
0x00693F20	?GetXScalingForHUD@View@@YAMH@Z	V3	PASS	manual-equivalence-20260826	2026-08-26	src/game/cg/cg_misc.cpp:2238	Non-empty HUD X scaling path implements release widescreen and viewport scalar branches.
0x00693F20	?GetXScalingForHUD@View@@YAMH@Z	V4	PASS	manual-equivalence-20260826	2026-08-26	IDA:0x00693F20	Release cvar selection, scalar2View/scalar4View cases, and default scale match source.
0x00693FA0	?GetYScalingForHUD@View@@YAMH@Z	V3	PASS	manual-equivalence-20260826	2026-08-26	src/game/cg/cg_misc.cpp:2261	Non-empty HUD Y scaling path implements release viewport scalar branches.
0x00693FA0	?GetYScalingForHUD@View@@YAMH@Z	V4	PASS	manual-equivalence-20260826	2026-08-26	IDA:0x00693FA0	Release scalar2View/scalar4View cases and 1.0 default match source.
0x00694390	?GetCurrentXPos@View@@YAMMH@Z	V3	PASS	manual-equivalence-20260826	2026-08-26	src/game/cg/cg_misc.cpp:2431	Non-empty current X conversion implements release left/right viewport transforms.
0x00694390	?GetCurrentXPos@View@@YAMMH@Z	V4	PASS	manual-equivalence-20260826	2026-08-26	IDA:0x00694390	Release viewport cases 5/7 and 6/8, 320-scale arithmetic, and default passthrough match source.
0x00694400	?GetCurrentYPos@View@@YAMMH@Z	V3	PASS	manual-equivalence-20260826	2026-08-26	src/game/cg/cg_misc.cpp:2448	Non-empty current Y conversion implements release top/bottom viewport transforms.
0x00694400	?GetCurrentYPos@View@@YAMMH@Z	V4	PASS	manual-equivalence-20260826	2026-08-26	IDA:0x00694400	Release viewport cases 3/5/6 and 4/7/8, 240-scale arithmetic, and default passthrough match source.
0x00688600	?CG_DrawFriendlyFire@@YAXXZ	V3	PASS	ida-manual-20260827	2026-08-27	src/game/cg/cg_draw.cpp:870	Non-empty helper resolves and returns the current client player entity.
0x00688600	?CG_DrawFriendlyFire@@YAXXZ	V4	PASS	ida-manual-20260827	2026-08-27	IDA:0x00688600	Release decompilation returns EntityManager::GetPlayer(currCl), matching source; the map's void decoration is normalized against the release body.
0x0068A2E0	?CG_SetFrameInterpolation@@YAXXZ	V3	PASS	ida-manual-20260827	2026-08-27	src/game/cg/cg_misc.cpp:449	Non-empty interpolation helper validates nextSnap, computes the frame fraction, clamps negative values, and returns the client-slot byte offset.
0x0068A2E0	?CG_SetFrameInterpolation@@YAXXZ	V4	PASS	ida-manual-20260827	2026-08-27	IDA:0x0068A2E0	Release assert metadata, next-snapshot time delta, fraction store, negative clamp, and return value match source; current int decoration is normalized against the map void spelling.
0x0068B580	?CG_Argv@@YAPBDH@Z	V3	PASS	ida-manual-20260827	2026-08-27	src/game/cg/cg_main.cpp:390	Non-empty argument wrapper fills the shared 256-byte command buffer and returns it.
0x0068B580	?CG_Argv@@YAPBDH@Z	V4	PASS	ida-manual-20260827	2026-08-27	IDA:0x0068B580	Release Cmd_ArgvBuffer call and buffer return match source; char/const-char pointer decoration is ABI-equivalent.
0x0068B600	?CG_StartAmbient@@YAXXZ	V3	PASS	ida-manual-20260827	2026-08-27	src/game/cg/cg_main.cpp:561	Non-empty ambient-start helper reads the config string's t value and returns its integer conversion.
0x0068B600	?CG_StartAmbient@@YAXXZ	V4	PASS	ida-manual-20260827	2026-08-27	IDA:0x0068B600	Release config lookup, n/t key accesses, and atoi return match source; current int decoration is normalized against the map void spelling.
0x0068B630	?CG_GetMenuBuffer@@YAPADPBD@Z	V3	PASS	ida-manual-20260827	2026-08-27	src/game/cg/cg_main.cpp:577	Release-intentional dead-code helper asserts with the release metadata and returns null.
0x0068B630	?CG_GetMenuBuffer@@YAPADPBD@Z	V4	PASS	ida-manual-20260827	2026-08-27	IDA:0x0068B630	Release assertion file, line, expression, message, and null return match source exactly; this is an intentional release no-op, not an accidental stub.
0x0068B680	?CG_Asset_Parse@@YAHHH@Z	V3	PASS	ida-manual-20260827	2026-08-27	src/game/cg/cg_main.cpp:577	Release-intentional null implementation returns zero.
0x0068B680	?CG_Asset_Parse@@YAHHH@Z	V4	PASS	ida-manual-20260827	2026-08-27	IDA:0x0068B680	Release body is exactly an integer zero return; current no-argument spelling is normalized against the stale map prototype.
0x0068B690	?CG_ParseMenu@@YAXPBDH@Z	V3	PASS	ida-manual-20260827	2026-08-27	src/game/cg/cg_main.cpp:583	Release-intentional dead-code path records the assert and returns.
0x0068B690	?CG_ParseMenu@@YAXPBDH@Z	V4	PASS	ida-manual-20260827	2026-08-27	IDA:0x0068B690	Release assertion metadata and dead-code message match source; current no-argument spelling is normalized against the stale map prototype.
0x0068B6E0	?CG_Load_Menu@@YAHPAPBDH@Z	V3	PASS	ida-manual-20260827	2026-08-27	src/game/cg/cg_main.cpp:589	Release-intentional dead-code path asserts and returns zero.
0x0068B6E0	?CG_Load_Menu@@YAHPAPBDH@Z	V4	PASS	ida-manual-20260827	2026-08-27	IDA:0x0068B6E0	Release assertion metadata, dead-code message, and zero return match source; current no-argument spelling is normalized against the stale map prototype.
0x0068B730	?CG_LoadMenus@@YAXPBDH@Z	V3	PASS	ida-manual-20260827	2026-08-27	src/game/cg/cg_main.cpp:596	Release-intentional dead-code path records the assert and returns.
0x0068B730	?CG_LoadMenus@@YAXPBDH@Z	V4	PASS	ida-manual-20260827	2026-08-27	IDA:0x0068B730	Release assertion metadata and dead-code message match source; current no-argument spelling is normalized against the stale map prototype.
0x0068B900	?CG_CheckAmmo@@YAXXZ	V3	PASS	ida-manual-20260827	2026-08-27	src/game/cg/cg_ents.cpp:119	Non-empty ammo check preserves the release stack-slot conditions, weapon iteration, ammo weighting, threshold break, and return value.
0x0068B900	?CG_CheckAmmo@@YAXXZ	V4	PASS	ida-manual-20260827	2026-08-27	IDA:0x0068B900	Release disassembly matches the source control flow, including the two pre-scan stack reads, 1580-stride state access, 1000x ammo weighting, 5000 threshold, and integer return.
0x0068A640	?CG_DObjCalcPose@@YAXPAVEntity@@PAVDObj@@QAH@Z	V3	PASS	ida-manual-20260827	2026-08-27	src/game/cg/cg_dobj.cpp:107	Non-empty pose calculation validates the object and entity DObj, creates the requested skeleton, and calculates it when needed.
0x0068A640	?CG_DObjCalcPose@@YAXPAVEntity@@PAVDObj@@QAH@Z	V4	PASS	ida-manual-20260827	2026-08-27	IDA:0x0068A640	Release assert metadata, object identity check, skeleton-create branch, nullsub call, and skeleton calculation match source; const-pointer decoration is ABI-equivalent.
0x00696F30	?CG_DObjGetWorldTagMatrix@@YAHPAVEntity@@PAVDObj@@IPAUDObjSkelMat@@@Z	V3	PASS	ida-manual-20260827	2026-08-27	src/game/cg/cg_dobj.cpp:203	Non-empty world-tag helper validates the DObj, obtains the local tag matrix, builds the entity axis, and multiplies into the output matrix.
0x00696F30	?CG_DObjGetWorldTagMatrix@@YAHPAVEntity@@PAVDObj@@IPAUDObjSkelMat@@@Z	V4	PASS	ida-manual-20260827	2026-08-27	IDA:0x00696F30	Release assert metadata, local-tag lookup, angle/origin axis construction, matrix multiplication, and success/null returns match source; map integer return and typed pointer return are normalized from the release body.
0x00697B40	?CG_CrosshairPlayer@@YA?AV?$DbLinkedHandle@VEntityHandleDb@@VEntity@@@@XZ	V3	PASS	ida-manual-20260827	2026-08-27	src/game/cg/cg_ents.cpp:358	Non-empty helper constructs and returns a zeroed entity linked handle.
0x00697B40	?CG_CrosshairPlayer@@YA?AV?$DbLinkedHandle@VEntityHandleDb@@VEntity@@@@XZ	V4	PASS	ida-manual-20260827	2026-08-27	IDA:0x00697B40	Release hidden-result body writes mVal zero and returns the result object; source now uses the typed by-value ABI directly.
0x00697E30	?CG_Respawn@@YAXXZ	V3	PASS	ida-manual-20260827	2026-08-27	src/game/cg/cg_view.cpp:646	Non-empty respawn reset clears the release per-client snapshot/weapon state and returns zero.
0x00697E30	?CG_Respawn@@YAXXZ	V4	PASS	ida-manual-20260827	2026-08-27	IDA:0x00697E30	Release stores -1/1 and zero values at the exact F63/F641 offsets and returns zero; source matches, with int/void decoration normalized from the release body.
0x006925C0	?CG_WeaponSelectable@@YAHH@Z	V3	PASS	ida-manual-20260827	2026-08-27	src/game/cg/cg_weapon.cpp:644	Non-empty weapon-selectability helper resolves the current player and tests the requested weapon bit.
0x006925C0	?CG_WeaponSelectable@@YAHH@Z	V4	PASS	ida-manual-20260827	2026-08-27	IDA:0x006925C0	Release player lookup and Com_BitCheck result match source; int/BOOL and bool decoration are ABI-equivalent.
0x00692710	?CG_Weapon_f@@YAXXZ	V3	PASS	ida-manual-20260827	2026-08-27	src/game/cg/cg_weapon.cpp:651	Non-empty weapon command validates player state, resolves name/numeric input, selects the weapon, and preserves the release fall-through result.
0x00692710	?CG_Weapon_f@@YAXXZ	V4	PASS	ida-manual-20260827	2026-08-27	IDA:0x00692710	Release pointer/int result reuse, state guards, command buffer, name/numeric selection, and final result return match source; map void decoration is normalized from the release body.
0x00692B10	?CG_WeaponSlot_f@@YAXXZ	V3	PASS	ida-manual-20260827	2026-08-27	src/game/cg/cg_weapon.cpp:808	Non-empty weapon-slot command preserves the release client-result fall-through, state guards, time gate, slot parsing, weapon selectability, and selection call.
0x00692B10	?CG_WeaponSlot_f@@YAXXZ	V4	PASS	ida-manual-20260827	2026-08-27	IDA:0x00692B10	Release client-pointer result reuse, cgGlobal.time gate, slot/name/numeric parsing, weapon-slot bounds, and selection return match source; map void decoration is normalized from the release body.
0x00693B80	?CG_HoldBreathInit@@YAXXZ	V3	PASS	ida-manual-20260827	2026-08-27	src/game/cg/cg_weapon.cpp:948	Non-empty hold-breath initializer resets the release weapon timing state and returns zero.
0x00693B80	?CG_HoldBreathInit@@YAXXZ	V4	PASS	ida-manual-20260827	2026-08-27	IDA:0x00693B80	Release writes the exact F641E0/F641E4/F641E8/F641EC reset values and returns zero; int/void decoration is normalized from the release body.
0x0069AE40	?CG_HoldBreathUpdate@@YAXXZ	V3	PASS	ida-manual-20260827	2026-08-27	src/game/cg/cg_weapon.cpp:1032	Non-empty hold-breath update handles timers, breath-in/out/gasp/heartbeat events, interpolation, and state reset.
0x0069AE40	?CG_HoldBreathUpdate@@YAXXZ	V4	PASS	ida-manual-20260827	2026-08-27	IDA:0x0069AE40	Release disassembly control flow, timer arithmetic, DiffTrack call, event strings, state writes, and void epilogue match source; source now uses the release void ABI.
0x006968E0	?CG_NorthDirectionChanged@@YAXXZ	V3	PASS	ida-manual-20260827	2026-08-27	src/game/cg/cg_view.cpp:516	Non-empty north-direction update reads config string 11, converts it to float, and stores the per-client value.
0x006968E0	?CG_NorthDirectionChanged@@YAXXZ	V4	PASS	ida-manual-20260827	2026-08-27	IDA:0x006968E0	Release disassembly is the same config lookup, atof conversion, 1580-stride store, and void epilogue.
0x00696910	?CG_UpdateCompPointerOrientation@@YAXXZ	V3	PASS	ida-manual-20260827	2026-08-27	src/game/cg/cg_view.cpp:521	Non-empty compass-pointer update implements the spring/non-spring paths, angle normalization, damping, clamping, and per-client state writes.
0x00696910	?CG_UpdateCompPointerOrientation@@YAXXZ	V4	FAIL	ida-manual-20260827	2026-08-27	IDA:0x00696910	Release body matches the current arithmetic, but IDA marks the input as a usercall x87 ST0 argument while the port exposes a normal float parameter; exact calling convention remains unresolved.
0x006958B0	?CG_DrawPerformanceWarnings@@YAXXZ	V3	PASS	ida-manual-20260827	2026-08-27	src/game/cg/cg_draw.cpp:2432	Non-empty performance-warning renderer obtains stats, draws active warning textures in the release grid, and advances the grid coordinates.
0x006958B0	?CG_DrawPerformanceWarnings@@YAXXZ	V4	PASS	ida-manual-20260827	2026-08-27	IDA:0x006958B0	Release stat retrieval, expiration test, viewport scaling, 32-pixel tiles, 34-pixel stepping, wrapping, and void epilogue match source; the port now uses the release void ABI.
0x00693730	?CG_WeaponFireRecoil@@YAXXZ	V3	PASS	ida-manual-20260827	2026-08-27	src/game/cg/cg_weapon.cpp:667	Non-empty recoil helper selects the release position-lerp branches, samples the weapon recoil ranges, and accumulates pitch/yaw state.
0x00693730	?CG_WeaponFireRecoil@@YAXXZ	V4	PASS	ida-manual-20260827	2026-08-27	IDA:0x00693730	Release random-range constants, recoil offsets, branch thresholds, accumulators, and return-slot arithmetic match source; map void decoration is normalized from the release body.
0x0068CAB0	?CG_ClampAngles@@YAXAAVPosition3@math@@QBM11@Z	V3	PASS	ida-manual-20260827	2026-08-27	src/game/cg/cg_misc.cpp:630	Non-empty Position3 overload normalizes and clamps all three components, preserving the release temporary-angle and normalized-write path.
0x0068CAB0	?CG_ClampAngles@@YAXAAVPosition3@math@@QBM11@Z	V4	PASS	ida-manual-20260827	2026-08-27	IDA:0x0068CBD0	Release qmemcpy/temporary arrays, normalization, lower/upper clamp tests, 0.01 offsets, and Position3 component writes match source; pointer/reference decoration is ABI-equivalent.
0x0069C3C0	?CG_DrawRotatedPic@@YAXMMMMMPAUnglTexture@@@Z	V3	PASS	ida-manual-20260827	2026-08-27	src/game/cg/cg_draw.cpp:1103	Non-empty rotated quad helper computes the release sine/cosine transform, client scaling, four vertices, and renderer submission.
0x0069C3C0	?CG_DrawRotatedPic@@YAXMMMMMPAUnglTexture@@@Z	V4	PASS	ida-manual-20260827	2026-08-27	IDA:0x0069C3C0	Release and source match angle conversion, FastSinCos outputs, client scale factors, vertex ordering, UV pointer, texture, and DrawQuadPic call.
0x0069C540	?CG_DrawRotatedQuadPic@@YAXMMPAY01$$CBM0MPAUnglTexture@@@Z	V3	PASS	ida-manual-20260827	2026-08-27	src/game/cg/cg_draw.cpp:1130	Non-empty rotated-quad helper transforms all four supplied vertices with release scale/rotation arithmetic and submits them.
0x0069C540	?CG_DrawRotatedQuadPic@@YAXMMPAY01$$CBM0MPAUnglTexture@@@Z	V4	PASS	ida-manual-20260827	2026-08-27	IDA:0x0069C540	Release and source match FastSinCos angle conversion, client scale factors, all eight transformed coordinates, UV pointer, texture, and DrawQuadPic call.
0x0068CBD0	?CG_ClampAngles@@YAXAAVPosition3@math@@QBM11@Z	V3	PASS	ida-manual-20260827	2026-08-27	src/game/cg/cg_misc.cpp:630	Non-empty Position3 overload normalizes and clamps all three components, preserving the release temporary-angle and normalized-write path.
0x0068CBD0	?CG_ClampAngles@@YAXAAVPosition3@math@@QBM11@Z	V4	PASS	ida-manual-20260827	2026-08-27	IDA:0x0068CBD0	Release qmemcpy/temporary arrays, normalization, lower/upper clamp tests, 0.01 offsets, and Position3 component writes match source; pointer/reference decoration is ABI-equivalent.
0x0068C8A0	?trap_R_DrawStretchPicGradient@@YAXMMMMMMMMPAUnglTexture@@PBMH@Z	V3	PASS	ida-manual-20260827	2026-08-27	src/game/cg/cg_trap.cpp:29	Non-empty renderer wrapper forwards all gradient rectangle, UV, texture, color, and gradient-type arguments.
0x0068C8A0	?trap_R_DrawStretchPicGradient@@YAXMMMMMMMMPAUnglTexture@@PBMH@Z	V4	PASS	ida-manual-20260827	2026-08-27	IDA:0x0068C8A0	Release is the same single refexport DrawStretchPicGradient call with matching argument order; texture pointer decoration is ABI-equivalent.
0x0068C8B0	?trap_R_DrawStretchPicRotate@@YAXMMMMMMMMMPAUnglTexture@@@Z	V3	PASS	ida-manual-20260827	2026-08-27	src/game/cg/cg_trap.cpp:40	Non-empty renderer wrapper forwards rectangle, UV, rotation, and texture arguments.
0x0068C8B0	?trap_R_DrawStretchPicRotate@@YAXMMMMMMMMMPAUnglTexture@@@Z	V4	PASS	ida-manual-20260827	2026-08-27	IDA:0x0068C8B0	Release is the same single refexport DrawStretchPicRotate call with matching argument order; texture pointer decoration is ABI-equivalent.
0x0068C8C0	?trap_R_DrawQuadPic@@YAXPAY01$$CBM0PAUnglTexture@@@Z	V3	PASS	ida-manual-20260827	2026-08-27	src/game/cg/cg_trap.cpp:48	Non-empty renderer wrapper forwards the vertex array, UV array, and texture.
0x0068C8C0	?trap_R_DrawQuadPic@@YAXPAY01$$CBM0PAUnglTexture@@@Z	V4	PASS	ida-manual-20260827	2026-08-27	IDA:0x0068C8C0	Release is the same single refexport DrawQuadPic call with matching array and texture arguments; texture pointer decoration is ABI-equivalent.
0x0068C8D0	?trap_R_TrackStatistics@@YAXPAUtrStatistics_t@@@Z	V3	PASS	ida-manual-20260827	2026-08-27	src/game/cg/cg_trap.cpp:55	Non-empty renderer wrapper forwards the statistics pointer.
0x0068C8D0	?trap_R_TrackStatistics@@YAXPAUtrStatistics_t@@@Z	V4	PASS	ida-manual-20260827	2026-08-27	IDA:0x0068C8D0	Release is the same single refexport TrackStatistics call; the source now names the concrete statistics pointer type.
0x0068C8E0	?trap_R_PickShader@@YAHABVPosition3@math@@0PAD11H@Z	V3	PASS	ida-manual-20260827	2026-08-27	src/game/cg/cg_trap.cpp:61	Non-empty shader-pick wrapper forwards both Position3 inputs, output buffers, and maximum length.
0x0068C8E0	?trap_R_PickShader@@YAHABVPosition3@math@@0PAD11H@Z	V4	PASS	ida-manual-20260827	2026-08-27	IDA:0x0068C8E0	Release is the same single refexport PickShader call; Position3 reference ABI is converted to the renderer's float-array view.
0x00688A60	?CG_FilledBar@@YAXMMMMPBMPAM0MH@Z	V3	PASS	ida-manual-20260827	2026-08-27	src/game/cg/cg_misc.cpp:275	Non-empty filled-bar renderer handles background/alpha flags, gradient interpolation, directional fill geometry, and release color paths.
0x00688A60	?CG_FilledBar@@YAXMMMMPBMPAM0MH@Z	V4	PASS	ida-manual-20260827	2026-08-27	IDA:0x00688A60	Release and source match color copies, alpha mutation, optional gradient interpolation, background insets, horizontal/vertical direction flags, and fill submission.
0x0068F640	?CG_RegisterItems@@YAXXZ	V3	PASS	ida-manual-20260827	2026-08-27	src/game/cg/cg_main.cpp:741	Non-empty item-registration loop decodes the config bitmask, loads item textures, registers weapon items, and returns the release loop sentinel.
0x0068F640	?CG_RegisterItems@@YAXXZ	V4	PASS	ida-manual-20260827	2026-08-27	IDA:0x0068F640	Release and source match config index, 136-item bit loop, nibble decoding, loaded flags/texture slots, weapon registration, and return value; map int/void decoration is ABI-equivalent.
0x00694560	?CG_Actor_DoControllers@@YAXPAVEntity@@@Z	V3	PASS	ida-manual-20260827	2026-08-27	src/game/cg/cg_ents.cpp:279	Non-empty actor controller wrapper forwards the entity to HelmetController.
0x00694560	?CG_Actor_DoControllers@@YAXPAVEntity@@@Z	V4	PASS	ida-manual-20260827	2026-08-27	IDA:0x00694560	Release is the same single HelmetController call with the entity argument.
0x00694580	?CG_Drone_DoControllers@@YAXPAVEntity@@@Z	V3	PASS	ida-manual-20260827	2026-08-27	src/game/cg/cg_controllers.cpp:107	Non-empty drone controller wrapper forwards the entity to HelmetController.
0x00694580	?CG_Drone_DoControllers@@YAXPAVEntity@@@Z	V4	PASS	ida-manual-20260827	2026-08-27	IDA:0x00694580	Release is the same single HelmetController call with the entity argument.
0x006A1A80	?CG_DoControllers@@YAXPAVEntity@@@Z	V3	PASS	ida-manual-20260827	2026-08-27	src/game/cg/cg_controllers.cpp:248	Non-empty controller dispatcher matches the entity-type switch and Helmet/mg42 dispatch paths.
0x006A1A80	?CG_DoControllers@@YAXPAVEntity@@@Z	V4	PASS	ida-manual-20260827	2026-08-27	IDA:0x006A1A80	Release and source match cases 7/11/13, case 10 with false turret flag, and default return.
0x00694560	?CG_Actor_DoControllers@@YAXPAVEntity@@QAH@Z	V3	PASS	ida-manual-20260827	2026-08-27	src/game/cg/cg_ents.cpp:279	Body-confirmed actor controller wrapper forwards the entity to HelmetController; release map duplicate prototype is normalized by the ABI variant.
0x00694560	?CG_Actor_DoControllers@@YAXPAVEntity@@QAH@Z	V4	PASS	ida-manual-20260827	2026-08-27	IDA:0x00694560	Release decompilation confirms only the Entity argument and a single HelmetController call; map QAH duplicate declaration is treated as a stale equivalent prototype.
0x00694580	?CG_Drone_DoControllers@@YAXPAVEntity@@QAH@Z	V3	PASS	ida-manual-20260827	2026-08-27	src/game/cg/cg_controllers.cpp:107	Body-confirmed drone controller wrapper forwards the entity to HelmetController; release map duplicate prototype is normalized by the ABI variant.
0x00694580	?CG_Drone_DoControllers@@YAXPAVEntity@@QAH@Z	V4	PASS	ida-manual-20260827	2026-08-27	IDA:0x00694580	Release decompilation confirms only the Entity argument and a single HelmetController call; map QAH duplicate declaration is treated as a stale equivalent prototype.
0x006A1A80	?CG_DoControllers@@YAXPAVEntity@@QAH@Z	V3	PASS	ida-manual-20260827	2026-08-27	src/game/cg/cg_controllers.cpp:248	Body-confirmed controller dispatcher matches the release entity-type switch and Helmet/mg42 dispatch paths; map duplicate prototype is normalized by the ABI variant.
0x006A1A80	?CG_DoControllers@@YAXPAVEntity@@QAH@Z	V4	PASS	ida-manual-20260827	2026-08-27	IDA:0x006A1A80	Release decompilation confirms the Entity-only switch dispatcher and default return; map QAH duplicate declaration is treated as a stale equivalent prototype.
0x0069AAE0	?CG_SpawnTracer@@YAXABVPosition3@math@@0H@Z	V3	PASS	ida-manual-20260827	2026-08-27	src/game/cg/cg_ents.cpp:529	Non-empty tracer spawn builds normalized direction, applies ammo offsets, allocates the local entity, and writes release trajectory/timing fields.
0x0069AAE0	?CG_SpawnTracer@@YAXABVPosition3@math@@0H@Z	V4	PASS	ida-manual-20260827	2026-08-27	IDA:0x0069AAE0	Release and source match Position3 copies, normalization, ammo assertion/offsets, distance timing, tracer speed, linear trajectory, and base/delta writes.
0x0069CB80	?CG_EventSpawnTracer@@YAXABVPosition3@math@@0H@Z	V3	PASS	ida-manual-20260827	2026-08-27	src/game/cg/cg_ents.cpp:568	Non-empty event tracer wrapper resolves weapon ammo type, applies LMG/HMG chance, performs the random chance test, and asserts on missing weapon info.
0x0069CB80	?CG_EventSpawnTracer@@YAXABVPosition3@math@@0H@Z	V4	PASS	ida-manual-20260827	2026-08-27	IDA:0x0069CB80	Release and source match tracer chance initialization, weapon lookup, ammo-type override, random threshold, spawn call, and missing-info assert.
0x006AB800	?CG_CalcMuzzlePoint@@YAHV?$DbLinkedHandle@VEntityHandleDb@@VEntity@@@@QAMPAD@Z	V3	PASS	ida-manual-20260827	2026-08-27	src/game/cg/cg_view.cpp:4402	Non-empty muzzle-point helper handles player/view offsets, tag-matrix lookup, fallback origin/view-height logic, and gunner flash-tag fallback.
0x006AB800	?CG_CalcMuzzlePoint@@YAHV?$DbLinkedHandle@VEntityHandleDb@@VEntity@@@@QAMPAD@Z	V4	PASS	ida-manual-20260827	2026-08-27	IDA:0x006AB800	Release and source match render-state guard, handle lookup/player branch, lean offsets, tag hashing/matrix copy, fallback height selection, gunner-tag cache, and return behavior; 32-bit handle/int spelling is ABI-equivalent.
0x006AB640	?CG_WhizbySound@@YAXV?$DbLinkedHandle@VEntityHandleDb@@VEntity@@@@QBM1@Z	V3	PASS	ida-manual-20260827	2026-08-27	src/game/cg/cg_ents.cpp:963	Non-empty whizby helper computes the normalized shot direction, camera projection/distance gates, source-entity validation, and script effect dispatch.
0x006AB640	?CG_WhizbySound@@YAXV?$DbLinkedHandle@VEntityHandleDb@@VEntity@@@@QBM1@Z	V4	PASS	ida-manual-20260827	2026-08-27	IDA:0x006AB640	Release and source match direction normalization, 64-unit forward gate, 140-unit distance gate, handle resolution/null assert, and WhizBySound effect call; 32-bit handle/int spelling is ABI-equivalent.
0x006921F0	?CG_WeaponFlash@@YAXPAVEntity@@HABVPosition3@math@@HPAD@Z	V3	PASS	ida-manual-20260827	2026-08-27	src/game/cg/cg_weapon.cpp:458	Non-empty weapon-flash helper dispatches view/world weapon effects and the point-light flash effect.
0x006921F0	?CG_WeaponFlash@@YAXPAVEntity@@HABVPosition3@math@@HPAD@Z	V4	PASS	ida-manual-20260827	2026-08-27	IDA:0x006921F0	Release and source match view/world action selection, repeated weapon-info lookup, point-light flash dispatch, and the body-confirmed four-argument ABI; map flashTag declaration is stale/ignored.
0x006A23D0	?CG_Trace@@YAXPAUtrace_t@@ABVPosition3@math@@111ABUcollision_context_t@@@Z	V3	PASS	ida-manual-20260827	2026-08-27	src/game/cg/cg_ents.cpp:716	Non-empty trace wrapper performs world collision, assigns the world entity on impact, clips against solid entities, and copies the result.
0x006A23D0	?CG_Trace@@YAXPAUtrace_t@@ABVPosition3@math@@111ABUcollision_context_t@@@Z	V4	PASS	ida-manual-20260827	2026-08-27	IDA:0x006A23D0	Release and source match content-mask extraction, world Trace call, world-handle assignment on impact, entity clipping, and result copy; map reference/usercall decoration is normalized to the pointer ABI.
0x006A2480	?CG_TraceCapsule@@YAXPAUtrace_t@@ABVPosition3@math@@111ABUcollision_context_t@@@Z	V3	PASS	ida-manual-20260827	2026-08-27	src/game/cg/cg_ents.cpp:733	Non-empty capsule trace wrapper performs world collision, assigns the world entity on impact, clips with capsule mode, and copies the result.
0x006A2480	?CG_TraceCapsule@@YAXPAUtrace_t@@ABVPosition3@math@@111ABUcollision_context_t@@@Z	V4	PASS	ida-manual-20260827	2026-08-27	IDA:0x006A2480	Release and source match content-mask extraction, world Trace call, world-handle assignment on impact, capsule clipping, and result copy; map reference/usercall decoration is normalized to the pointer ABI.
0x006A2530	?CG_PointContents@@YAHABVPosition3@math@@ABUcollision_context_t@@@Z	V3	PASS	ida-manual-20260827	2026-08-27	src/game/cg/cg_ents.cpp:750	Non-empty point-contents wrapper checks world contents and filtered solid brush entities, transforms points, and applies the context mask.
0x006A2530	?CG_PointContents@@YAHABVPosition3@math@@ABUcollision_context_t@@@Z	V4	PASS	ida-manual-20260827	2026-08-27	IDA:0x006A2530	Release and source match base contents, handle validation, filter/pass-entity exclusion, solid brush transform, OR accumulation, and final content mask; pointer/reference decoration is ABI-equivalent.
0x006A1730	?CG_AdjustPositionForMover@@YAXABVPosition3@math@@V?$DbLinkedHandle@VEntityHandleDb@@VEntity@@@@HHAAV12@QAM@Z	V3	PASS	ida-manual-20260827	2026-08-27	src/game/cg/cg_ents.cpp:2568	Non-empty mover adjustment initializes angle deltas, validates the handle, copies stationary positions, evaluates trajectories for moving entities, and writes position/angle deltas.
0x006A1730	?CG_AdjustPositionForMover@@YAXABVPosition3@math@@V?$DbLinkedHandle@VEntityHandleDb@@VEntity@@@@HHAAV12@QAM@Z	V4	PASS	ida-manual-20260827	2026-08-27	IDA:0x006A1730	Release and source match handle validation, null-entity assert, type 4/7 mover gate, from/to trajectory evaluation, translated output, and optional angle deltas; handle/reference decoration is ABI-equivalent.
0x0069D1B0	?CG_DamageFeedback@@YAXHHH@Z	V3	PASS	ida-manual-20260827	2026-08-27	src/game/cg/cg_view.cpp:1605	Non-empty damage feedback updates kick/icon state, clamps rumble intensity/time, builds the two-motor rumble effect, and submits it when available.
0x0069D1B0	?CG_DamageFeedback@@YAXHHH@Z	V4	PASS	ida-manual-20260827	2026-08-27	IDA:0x0069D1B0	Release and source match damage scaling/clamp, directional kick projection, icon selection/timing/random angle, flash state, rumble clamps/data, manager availability, and Play call.
0x006996D0	?CG_RailTrail@@YAXQBM0H@Z	V3	PASS	ida-manual-20260827	2026-08-27	src/game/cg/cg_ents.cpp:427	Non-empty rail-trail helper handles solid colors, axis-aligned segment modes, radial 16-segment mode, and local-entity submissions.
0x006996D0	?CG_RailTrail@@YAXQBM0H@Z	V4	PASS	ida-manual-20260827	2026-08-27	IDA:0x006996D0	Release and source match type-based color selection, segment construction, 16-step perpendicular ring, FastSinCos sampling, and RailTrail2 calls; map pointer/int decoration is normalized to the float ABI.
0x006994A0	?CG_StartAnimBlend@@YAHHPAVDObj@@HHM@Z	V3	PASS	ida-manual-20260827	2026-08-27	src/game/cg/cg_misc.cpp:4008	Non-empty animation blend helper validates the DObj/tree, resolves source/target animations, derives start time, clamps blend time, and starts the weapon animation.
0x006994A0	?CG_StartAnimBlend@@YAHHPAVDObj@@HHM@Z	V4	PASS	ida-manual-20260827	2026-08-27	IDA:0x006994A0	Release and source match null guards, animation entry lookup, equality/null rejection, player-time sampling, blend clamp, CG_StartWeaponAnim arguments, and return; signed/unsigned index decoration is ABI-equivalent.
0x0068C920	?CG_FxTest@@YAXXZ	V3	PASS	ida-manual-20260827	2026-08-27	src/game/cg/cg_misc.cpp:3043	Non-empty release-preserving FX test asserts the removed path and returns the assertion result.
0x0068C920	?CG_FxTest@@YAXXZ	V4	PASS	ida-manual-20260827	2026-08-27	IDA:0x0068C920	Release and source match assert metadata, ignored-check behavior, optional debug break, and return value; map void/bool decoration is ABI-equivalent.
0x00699560	?CanInterrupt@@YA_NPAVXAnimTree@@PAUcgs_t@@@Z	V3	PASS	ida-manual-20260827	2026-08-27	src/game/cg/cg_misc.cpp:4033	Non-empty animation interrupt scan checks entries 4 through 22, preserves the bounds assertion path, resets prior animation on a match, and returns the release status.
0x00699560	?CanInterrupt@@YA_NPAVXAnimTree@@PAUcgs_t@@@Z	V4	PASS	ida-manual-20260827	2026-08-27	IDA:0x00699560	Release and source match entry traversal, bounds fallback, current-animation comparison, cgs reset offset, and return branches; cgs_t/void pointer decoration is ABI-equivalent.
0x00699A90	?FixupGunModelParts@@YAXPAVXModelParts@@@Z	V3	PASS	ida-manual-20260827	2026-08-27	src/game/cg/cg_misc.cpp:4094	Non-empty gun-model fixup locates tag_b, propagates its mesh to matching tag_b* parts, and preserves release vector bounds assertions.
0x00699A90	?FixupGunModelParts@@YAXPAVXModelParts@@@Z	V4	PASS	ida-manual-20260827	2026-08-27	IDA:0x00699A90	Release and source match two hierarchy scans, tag_b/tag_b* comparisons, mesh-pointer bounds fallback/asserts, null-only propagation, and no-op behavior when no bullet mesh exists.
0x006983C0	?CG_DrawShellShockSavedScreenBlend@@YAHPBUshellshock_parms_t@@HH@Z	V3	PASS	ida-manual-20260827	2026-08-27	src/game/cg/cg_draw.cpp:2769	Non-empty screen-blend helper applies the release blur/state guard, saves the screen when active, and returns the corresponding status.
0x006983C0	?CG_DrawShellShockSavedScreenBlend@@YAHPBUshellshock_parms_t@@HH@Z	V4	PASS	ida-manual-20260827	2026-08-27	IDA:0x006983C0	Release and source match blur cvar guard, start/duration/time test, SaveScreen call, per-client state writes, and return values.
0x0068A870	?CG_SaveEntity@@YAXV?$DbLinkedHandle@VEntityHandleDb@@VEntity@@@@@Z	V3	PASS	ida-manual-20260827	2026-08-27	src/game/cg/cg_main.cpp:825	Intentional release assert stub is preserved exactly; no hidden implementation is substituted.
0x0068A870	?CG_SaveEntity@@YAXV?$DbLinkedHandle@VEntityHandleDb@@VEntity@@@@@Z	V4	PASS	ida-manual-20260827	2026-08-27	IDA:0x0068A870	Release body is the same unconditional CG_ASSERT("0", cg_ent.cpp:1415) stub; map's stale handle decoration is normalized to the current no-argument export.
0x0068A8C0	?CG_LoadEntity@@YAXV?$DbLinkedHandle@VEntityHandleDb@@VEntity@@@@@Z	V3	PASS	ida-manual-20260827	2026-08-27	src/game/cg/cg_main.cpp:831	Intentional release assert stub is preserved exactly; no hidden implementation is substituted.
0x0068A8C0	?CG_LoadEntity@@YAXV?$DbLinkedHandle@VEntityHandleDb@@VEntity@@@@@Z	V4	PASS	ida-manual-20260827	2026-08-27	IDA:0x0068A8C0	Release body is the same unconditional CG_ASSERT("0", cg_ent.cpp:1436) stub; map's stale handle decoration is normalized to the current no-argument export.
0x0068BA80	?CG_DrawObjective@@YAMPBU_objectiveInfo_t@@MPAMAAM22222_N@Z	V3	PASS	ida-manual-20260827	2026-08-27	src/game/cg/cg_draw.cpp:2844	Intentional release nullsub returns 0.0f without dereferencing its objective or output arguments.
0x0068BA80	?CG_DrawObjective@@YAMPBU_objectiveInfo_t@@MPAMAAM22222_N@Z	V4	PASS	ida-manual-20260827	2026-08-27	IDA:0x0068BA80	Release is an empty float-returning body; current source preserves the nullsub and only normalizes the stale objective pointer spelling.
0x0068F2A0	?GetSkeleton@ADSMetaAnimData@@UBEPBVnalBaseSkeleton@@XZ	V3	PASS	ida-manual-20260827	2026-08-27	src/game/cg/cg_misc.cpp:3631	Accessor returns mAnimPtr->Skeleton when present and null otherwise, matching the release branch structure.
0x0068F2A0	?GetSkeleton@ADSMetaAnimData@@UBEPBVnalBaseSkeleton@@XZ	V4	PASS	ida-manual-20260827	2026-08-27	IDA:0x0068F2A0	Release and source match the null test and skeleton member load; current void-pointer spelling is layout-equivalent to nalBaseSkeleton.
0x00693C60	?GetCurrentWindow@View@@YAABUWindow@1@H@Z	V3	PASS	ida-manual-20260827	2026-08-27	src/game/cg/cg_misc.cpp:2142	Accessor selects the configured window for the requested client viewport and returns its address.
0x00693C60	?GetCurrentWindow@View@@YAABUWindow@1@H@Z	V4	PASS	ida-manual-20260827	2026-08-27	IDA:0x00693C60	Release indexes the active setup and client window table exactly as the source; map reference spelling is normalized to pointer return.
0x0068FB20	?CG_CalculateWeaponPosition_Sway@@YAXXZ	V3	PASS	ida-manual-20260827	2026-08-27	src/game/cg/cg_view.cpp:2028	Non-empty sway update preserves shellshock easing, ADS/non-ADS weapon sway selection, angle subtraction, tick scaling, convergence, and output writes.
0x0068FB20	?CG_CalculateWeaponPosition_Sway@@YAXXZ	V4	FAIL	ida-manual-20260827	2026-08-27	IDA:0x0068FB20	Release body matches the current arithmetic, but IDA exposes a synthetic usercall float/return-address artifact while the port uses a normal int return; exact ABI remains unresolved.
0x00690140	?CG_CalculateWeaponPosition_SwayAngles@@YAXQAM@Z	V3	PASS	ida-manual-20260827	2026-08-27	src/game/cg/cg_view.cpp:1881	Sway-angle helper subtracts per-client sway angles from pitch and yaw while preserving roll/input handling.
0x00690140	?CG_CalculateWeaponPosition_SwayAngles@@YAXQAM@Z	V4	FAIL	ida-manual-20260827	2026-08-27	IDA:0x00690140	Release uses an x87 ST0 usercall input artifact and the map has a stale one-pointer decoration; source arithmetic is equivalent but exact call ABI is unresolved.
0x0068F240	?IsAnimLooping@ADSMetaAnimData@@UBEHXZ	V3	PASS	ida-manual-20260827	2026-08-27	src/game/cg/cg_misc.cpp:3615	Accessor has the release null branch and returns the animation Flags bit 0 when present.
0x0068F240	?IsAnimLooping@ADSMetaAnimData@@UBEHXZ	V4	PASS	ida-manual-20260827	2026-08-27	IDA:0x0068F240	Release and source match the mAnimPtr test, Flags load, bit mask, and zero fallback.
0x0068F260	?IsAnimTrajRelative@ADSMetaAnimData@@UBEHXZ	V3	PASS	ida-manual-20260827	2026-08-27	src/game/cg/cg_misc.cpp:3623	Accessor returns true for a missing animation or when the trajectory-relative flag is clear.
0x0068F260	?IsAnimTrajRelative@ADSMetaAnimData@@UBEHXZ	V4	PASS	ida-manual-20260827	2026-08-27	IDA:0x0068F260	Release and source match the short-circuit null test and Flags bit 1 interpretation.
0x0068F280	?GetAnimDuration@ADSMetaAnimData@@UBEMXZ	V3	PASS	ida-manual-20260827	2026-08-27	src/game/cg/cg_misc.cpp:3629	Accessor returns the animation duration or the release default 1.0f when no animation is assigned.
0x0068F280	?GetAnimDuration@ADSMetaAnimData@@UBEMXZ	V4	PASS	ida-manual-20260827	2026-08-27	IDA:0x0068F280	Release and source match the null branch, Duration load, and 1.0 fallback.
0x006900F0	?CG_CalculateWeaponPosition_SwayMovement@@YAXQAM@Z	V3	PASS	ida-manual-20260827	2026-08-27	src/game/cg/cg_view.cpp:1874	Helper applies the accumulated sway offsets to origin components 1 and 2.
0x006900F0	?CG_CalculateWeaponPosition_SwayMovement@@YAXQAM@Z	V4	PASS	ida-manual-20260827	2026-08-27	IDA:0x006900F0	Release performs the same two per-client offset loads and origin updates.
0x00690190	?CG_CalculateWeaponPosition_IdleAngles@@YAXQAM@Z	V3	PASS	ida-manual-20260827	2026-08-27	src/game/cg/cg_view.cpp:1889	Helper selects ADS/stance target scale, eases it, applies hold-breath scaling, and adds the three sinusoidal idle terms.
0x00690190	?CG_CalculateWeaponPosition_IdleAngles@@YAXQAM@Z	V4	PASS	ida-manual-20260827	2026-08-27	IDA:0x00690190	Release and source match weapon/stance branches, 0.05 frametime easing, hold-breath scale, frequencies, amplitudes, and component writes.
0x00690340	?CG_CalculateWeaponPosition_BasePosition_movement@@YAXQAM@Z	V3	PASS	ida-manual-20260827	2026-08-27	src/game/cg/cg_view.cpp:2208	Helper computes stance-dependent movement target, preserves EntityManager bounds asserts, eases last movement origin, and applies weapon-position interpolation.
0x00690340	?CG_CalculateWeaponPosition_BasePosition_movement@@YAXQAM@Z	V4	PASS	ida-manual-20260827	2026-08-27	IDA:0x00690340	Release and source match stance offsets, speed clamp, weapon-state branch, three-component easing loop, bounds assertions, and fWeaponPosFrac handling.
0x00690AC0	?CG_CalculateWeaponPosition_BasePosition_angles@@YAXQAM@Z	V3	PASS	ida-manual-20260827	2026-08-27	src/game/cg/cg_view.cpp:2373	Helper computes stance-dependent rotational movement, eases last movement angles, and applies weapon-position interpolation.
0x00690AC0	?CG_CalculateWeaponPosition_BasePosition_angles@@YAXQAM@Z	V4	PASS	ida-manual-20260827	2026-08-27	IDA:0x00690AC0	Release and source match stance rotation offsets, speed clamp, weapon-state branch, angle easing loop, bounds assertions, and interpolation branches.
0x00691120	?CG_CalculateWeaponPosition_BasePosition@@YAXQAM@Z	V3	PASS	ida-manual-20260827	2026-08-27	src/game/cg/cg_view.cpp:2510	Base-position helper preserves vehicle offset easing, seated checks, stance defaults, movement helper call, and cached output updates.
0x00691120	?CG_CalculateWeaponPosition_BasePosition@@YAXQAM@Z	V4	PASS	ida-manual-20260827	2026-08-27	IDA:0x00691120	Release and source match vehicle/interaction guards, offset clamp, low-magnitude fallback, movement helper, cache writes, and origin additions.
0x0068B400	?CG_UpdateCvars@@YAXXZ	V3	PASS	ida-manual-20260827	2026-08-27	src/game/cg/cg_main.cpp:350	CVar update walks all 170 entries, asserts on a missing table row, and updates non-null vmCvar pointers.
0x0068B400	?CG_UpdateCvars@@YAXXZ	V4	PASS	ida-manual-20260827	2026-08-27	IDA:0x0068B400	Release and source match the 170-entry loop, cv/vmCvar null checks, assertion metadata, Cvar_Update call, increment, and return.
0x0068B5A0	?CG_ConfigString@@YAPBDH@Z	V3	PASS	ida-manual-20260827	2026-08-27	src/game/cg/cg_ents.cpp:110	Config-string accessor returns the client string for indices below 0x400 and warns/falls back to null otherwise.
0x0068B5A0	?CG_ConfigString@@YAPBDH@Z	V4	PASS	ida-manual-20260827	2026-08-27	IDA:0x0068B5A0	Release and source match the 0x400 bound, CL_GetConfigString call, warning metadata, and null fallback.
0x0068BCF0	?CG_InitServerCommandHashVals@@YAXXZ	V3	PASS	ida-manual-20260827	2026-08-27	src/game/cg/cg_ents.cpp:165	Initializer clears the server-command table and computes every release command hash into its recorded global.
0x0068BCF0	?CG_InitServerCommandHashVals@@YAXXZ	V4	PASS	ida-manual-20260827	2026-08-27	IDA:0x0068BCF0	Release and source match the memset, command string literals, hash calls, destination globals, and final return behavior.
0x0068BE90	?CG_PerturbCamera@@YAXXZ	V3	PASS	ida-manual-20260827	2026-08-27	src/game/cg/cg_view.cpp:1102	Camera perturbation builds the release rotation basis, normalizes cross products, and multiplies the per-client view axis.
0x0068BE90	?CG_PerturbCamera@@YAXXZ	V4	PASS	ida-manual-20260827	2026-08-27	IDA:0x0068BE90	Release and source match zero-angle guard, rot/cross vectors, normalization order, AxisCopy, and MatrixMultiply destinations.
0x0068BF80	?CG_SaveShellShockCvars@@YAHPBD@Z	V3	PASS	ida-manual-20260827	2026-08-27	src/game/cg/cg_view.cpp:1124	Save helper serializes 26 shellshock cvars, opens scripts/%s.shock, writes the buffer, and returns release success/failure values.
0x0068BF80	?CG_SaveShellShockCvars@@YAHPBD@Z	V4	PASS	ida-manual-20260827	2026-08-27	IDA:0x0068BF80	Release and source match buffer size, cvar count, path literal, write/close calls, and both failure branches.
0x0068DBB0	?CG_DrawSkyBoxPortal@@YAXXZ	V3	PASS	ida-manual-20260827	2026-08-27	src/game/cg/cg_draw.cpp:2854	Skybox portal renderer has a full parse/render implementation with fog state handling, not a placeholder body.
0x0068DBB0	?CG_DrawSkyBoxPortal@@YAXXZ	V4	FAIL	ida-manual-20260827	2026-08-27	IDA:0x0068DBB0	Release body matches the source branches, literals, fog math, and render submission, but IDA exposes an unused usercall stack artifact absent from the normal no-argument C++ ABI.
0x006A07D0	?CG_DrawCrosshair@@YAXXZ	V3	PASS	ida-manual-20260827	2026-08-27	src/game/cg/cg_draw.cpp:3138	Crosshair renderer has complete vehicle/turret, forced-crosshair, reticle, ADS, hit-indicator, friendly-tag, and HUD fallback paths; release reticle return and center-call propagation are preserved.
0x006A07D0	?CG_DrawCrosshair@@YAXXZ	V4	FAIL	ida-manual-20260827	2026-08-27	IDA:0x006A07D0	Release body and current control flow/callees match after restoring CG_DrawWeapReticle return and the five-argument reticle-center call, but release exposes the outer input as an x87 ST1 usercall artifact while the port uses a normal float parameter.
0x006A0F50	?CG_Draw2D@@YAXXZ	V3	PASS	ida-manual-20260827	2026-08-27	src/game/cg/cg_draw.cpp:3297	2D renderer has complete scene setup, menu/game-state branches, HUD, crosshair, overlays, message, and IGO paths with no placeholder body.
0x006A0F50	?CG_Draw2D@@YAXXZ	V4	FAIL	ida-manual-20260827	2026-08-27	IDA:0x006A0F50	Release and source match scene state, game-state branches, HUD ordering, menu-alpha handling, and cleanup, but IDA exposes unused x87/XMM usercall artifacts not representable by the normal float ABI.
0x006A12F0	?CG_DrawActive@@YAXXZ	V3	PASS	ida-manual-20260827	2026-08-27	src/game/cg/cg_draw.cpp:3412	Active renderer preserves render-scene, shellshock blend, 2D, inspector, and information-screen branches.
0x006A12F0	?CG_DrawActive@@YAXXZ	V4	FAIL	ida-manual-20260827	2026-08-27	IDA:0x006A12F0	Release and source match state flags, scene submission, shellshock blend arguments, 2D/inspector calls, and fallback; only the unused usercall artifact remains unresolved.
0x006931A0	?CG_SelectFirstWeaponNotInSlotWithLocalIndex@@YAHHHH@Z	V3	PASS	ida-manual-20260827	2026-08-27	src/game/cg/cg_misc.cpp:2688	Complete weapon search handles direction, excluded slots, ownership/ammo tests, local-player selection, and the release assertion path.
0x006931A0	?CG_SelectFirstWeaponNotInSlotWithLocalIndex@@YAHHHH@Z	V4	PASS	ida-manual-20260827	2026-08-27	IDA:0x006931A0	Release and source match loop bounds, slot exclusions, bit/slot/stack/ammo predicates, assertion metadata, selection call, and return branches.
0x00693320	?CG_SelectFirstWeaponNotInSlot@@YAHHH@Z	V3	PASS	ida-manual-20260827	2026-08-27	src/game/cg/cg_misc.cpp:2748	Wrapper forwards both selection flags and currCl to the local-index implementation.
0x00693320	?CG_SelectFirstWeaponNotInSlot@@YAHHH@Z	V4	PASS	ida-manual-20260827	2026-08-27	IDA:0x00693320	Single-call release wrapper and source have identical arguments, callee, and return propagation.
0x00693340	?CG_CycleWeap@@YAXHH@Z	V3	PASS	ida-manual-20260827	2026-08-27	src/game/cg/cg_misc.cpp:2755	Weapon cycling has complete slot, alternate-weapon, ammo, fallback, and invalid-selection handling.
0x00693340	?CG_CycleWeap@@YAXHH@Z	V4	PASS	ida-manual-20260827	2026-08-27	IDA:0x00693340	Release and source match local-player gating, slot iteration, queued-reload cancellation, primary fallback, alternate scan, and final zero-weapon recovery.
0x006939F0	?CG_EjectWeaponBrass@@YAXPAVEntity@@H@Z	V3	PASS	ida-manual-20260827	2026-08-27	src/game/cg/cg_weapon.cpp:727	Weapon brass event path validates entity/type/weapon and dispatches both last-shot and shell-eject actions.
0x006939F0	?CG_EjectWeaponBrass@@YAXPAVEntity@@H@Z	V4	PASS	ida-manual-20260827	2026-08-27	IDA:0x006939F0	Release and source match validation, weapon bound error, event 189 split, info lookup, action constants, and ignored Handle return.
0x00693A80	?CG_WeaponIKAddToFireQueue@@YAXPAVEntity@@H@Z	V3	PASS	ida-manual-20260827	2026-08-27	src/game/cg/cg_weapon.cpp:760	IK fire queue implementation includes missing-info assertion, pistol queue clearing, bounded scan, and timestamp/weapon writes.
0x00693A80	?CG_WeaponIKAddToFireQueue@@YAXPAVEntity@@H@Z	V4	PASS	ida-manual-20260827	2026-08-27	IDA:0x00693A80	Release and source match assertion metadata, 15-entry loop, pistol special case, queue reset, and final enqueue behavior.
0x00694850	?CG_ConsoleCommand@@YAHXZ	V3	PASS	ida-manual-20260827	2026-08-27	src/game/cg/cg_main.cpp:294,788	Console dispatch has a populated viewpos command and complete lookup/dispatch/return paths.
0x00694850	?CG_ConsoleCommand@@YAHXZ	V4	PASS	ida-manual-20260827	2026-08-27	IDA:0x00694850;IDA:0x006946D0	Release lookup and indirect dispatch now match the source table; CG_Viewpos_f prints the four release view values.
0x006960D0	?CheckAndRunOverHeatBlur@@YAXXZ	V3	PASS	ida-manual-20260827	2026-08-27	src/game/cg/cg_misc.cpp:3065	Heat-blur decay, clamping, color/blend selection, full-screen quad setup, and submission are implemented.
0x006960D0	?CheckAndRunOverHeatBlur@@YAXXZ	V4	PASS	ida-manual-20260827	2026-08-27	IDA:0x006960D0	Release and source match tick decay, ClampRange-equivalent bounds, blend color math, blend table, screen rectangle, front-buffer texture, and quad submission.
0x00696840	?CG_FillRectGradient@@YAXMMMMPBM0H@Z	V3	PASS	ida-manual-20260827	2026-08-27	src/game/cg/cg_misc.cpp:3113	Gradient rectangle helper sets color, applies per-client scaling, draws the white-shader gradient, and resets color.
0x00696840	?CG_FillRectGradient@@YAXMMMMPBM0H@Z	V4	PASS	ida-manual-20260827	2026-08-27	IDA:0x00696840	Release and source match color setup/reset, coordinate scaling, zero UVs, white shader, gradient color, and gradient type.
0x006979F0	?CG_FreeLocalEntity@@YAXPAUlocalEntity_t@@@Z	V3	PASS	ida-manual-20260827	2026-08-27	src/game/cg/cg_ents.cpp:301	Local-entity free-list unlink and prepend logic is complete with the release inactive-list error path.
0x006979F0	?CG_FreeLocalEntity@@YAXPAUlocalEntity_t@@@Z	V4	PASS	ida-manual-20260827	2026-08-27	IDA:0x006979F0	Release and source match inactive validation and all four doubly-linked-list pointer updates.
0x00697A30	?CG_AllocLocalEntity@@YAPAUlocalEntity_t@@XZ	V3	PASS	ida-manual-20260827	2026-08-27	src/game/cg/cg_ents.cpp:312	Allocator handles free-list refill from the active tail, clears the object, and inserts it at the active head.
0x00697A30	?CG_AllocLocalEntity@@YAPAUlocalEntity_t@@XZ	V4	PASS	ida-manual-20260827	2026-08-27	IDA:0x00697A30	Release and source match empty-free-list recovery, inactive assertion, memset, and active/free list relinking.
0x00697DE0	?CG_Shutdown@@YAXXZ	V3	PASS	ida-manual-20260827	2026-08-27	src/game/cg/cg_main.cpp:838	Shutdown performs renderer statistics cleanup, sound dampening, weapon cleanup, cg zeroing, and rumble reset.
0x00697DE0	?CG_Shutdown@@YAXXZ	V4	PASS	ida-manual-20260827	2026-08-27	IDA:0x00697DE0	Release and source match cleanup call order, arguments, cg memset, rumble instance lookup, and reset.
0x00697E80	?CG_ClearObjective@@YAXPAU_objectiveInfo_t@@@Z	V3	PASS	ida-manual-20260827	2026-08-27	src/game/cg/cg_misc.cpp:3127	Objective clear handles null, child unlinking, and recursive child-list field reset.
0x00697E80	?CG_ClearObjective@@YAXPAU_objectiveInfo_t@@@Z	V4	PASS	ida-manual-20260827	2026-08-27	IDA:0x00697E80	Release and source match parent/child branches, reset fields, handle clearing, unlink operations, and loop termination.
0x00697F10	?CG_ParseCullDist@@YAXXZ	V3	PASS	ida-manual-20260827	2026-08-27	src/game/cg/cg_misc.cpp:3174	Cull-distance parser reads configstring 9, converts it, and forwards the result to the renderer.
0x00697F10	?CG_ParseCullDist@@YAXXZ	V4	PASS	ida-manual-20260827	2026-08-27	IDA:0x00697F10	Release and source match config index, atof conversion, renderer call, and return behavior.
0x00697F40	?CG_ParseFog@@YAXXZ	V3	PASS	ida-manual-20260827	2026-08-27	src/game/cg/cg_misc.cpp:3182	Fog parser fully handles both extended and compact command forms and submits release fog modes.
0x00697F40	?CG_ParseFog@@YAXXZ	V4	PASS	ida-manual-20260827	2026-08-27	IDA:0x00697F40	Release and source match argument indices, atof/atoi conversions, fog modes 4/8, and all numeric defaults.
0x00698330	?CG_PrintPerturbationPoints@@YAXXZ	V3	PASS	ida-manual-20260827	2026-08-27	src/game/cg/cg_misc.cpp:3211	Perturbation diagnostic allocates all 128 points and prints each generated pair.
0x00698330	?CG_PrintPerturbationPoints@@YAXXZ	V4	FAIL	ida-manual-20260827	2026-08-27	IDA:0x00698330	Point generation and print loop match, but IDA exposes an unused CG_PerturbationPoint usercall stack artifact absent from the normal three-argument source ABI.
0x006BB650	??1nglRenderNode@@UAE@XZ	V3	PASS	ida-manual-20260827	2026-08-27	src/game/cg/cg_misc.cpp:70	Source destructor is intentionally empty; the release body only restores the base vtable.
0x006BB650	??1nglRenderNode@@UAE@XZ	V4	PASS	ida-manual-20260827	2026-08-27	IDA:0x006BB650	Release destructor only writes the nglRenderNode vtable, which is compiler-generated for the empty source destructor.
0x006BB7A0	??0ADSMetaAnimPlayer@@QAE@XZ	V3	PASS	ida-manual-20260827	2026-08-27	src/game/cg/cg_misc.cpp:3614	Source constructor initializes both animation pointers to nullptr.
0x006BB7A0	??0ADSMetaAnimPlayer@@QAE@XZ	V4	PASS	ida-manual-20260827	2026-08-27	IDA:0x006BB7A0	Release constructor stores nullptr to mMetaNalBaseAnimPtr and mADSMetaAnimDataPtr.
0x006BBBD0	??0localEntity_t@@QAE@XZ	V3	PASS	manual-equivalence-20260827	2026-08-27	src/game/cg/cg_ents.cpp:89	Source clears local entity state, sets TR_STATIONARY, and value-initializes refEntity_t.
0x006BBBD0	??0localEntity_t@@QAE@XZ	V4	PASS	ida-manual-20260827	2026-08-27	IDA:0x006BBBD0	Release sets trajectory stationary/zero fields and delegates refEntity_t zeroing; source has the same final state.
0x006BC070	??0cgs_t@@QAE@XZ	V3	PASS	manual-equivalence-20260827	2026-08-27	src/game/cg/cg_controllers.cpp:42	Source clears cgs state and applies release scale, control, crosshair, and objective sentinel defaults.
0x006BC070	??0cgs_t@@QAE@XZ	V4	PASS	ida-manual-20260827	2026-08-27	IDA:0x006BC070	Release zeroes the object, sets 1.0 scales/booleans, and initializes 17 objective ring/display fields to -1; source matches.
0x006BC1A0	??_GGlobalEffect@@UAEPAXI@Z	V3	PASS	manual-equivalence-20260827	2026-08-27	src/game/cg/cg_misc.cpp:851	Source provides the empty GlobalEffect destructor used by the generated deleting wrapper.
0x006BC1A0	??_GGlobalEffect@@UAEPAXI@Z	V4	PASS	ida-manual-20260827	2026-08-27	IDA:0x006BC1A0	Release deleting destructor calls GlobalEffect::~GlobalEffect then mem_heap_free when requested; compiler generates this wrapper from source.
0x006BC1A0	??_EGlobalEffect@@UAEPAXI@Z	V3	PASS	manual-equivalence-20260827	2026-08-27	src/game/cg/cg_misc.cpp:851	Source provides the empty GlobalEffect destructor used by the generated deleting wrapper.
0x006BC1A0	??_EGlobalEffect@@UAEPAXI@Z	V4	PASS	ida-manual-20260827	2026-08-27	IDA:0x006BC1A0	Release deleting destructor calls GlobalEffect::~GlobalEffect then mem_heap_free when requested; compiler generates this wrapper from source.
0x006BC1F0	??0cg_t@@QAE@XZ	V3	PASS	manual-equivalence-20260827	2026-08-27	src/game/cg/cg_main.cpp:178	Source zero-initializes cg state and restores all three release PAK_ID_INVALID viewmodel sentinels.
0x006BC1F0	??0cg_t@@QAE@XZ	V4	PASS	ida-manual-20260827	2026-08-27	IDA:0x006BC1F0	Release constructor leaves zero fields, sets viewmodel PakId to -1 at 0x10C/0x6FC/0xCEC, and invokes the equivalent PlayerState initialization.
0x006BB6C0	?GetHandsAngles@InteractionController@@QBEAAY02$$CBMXZ	V3	PASS	manual-equivalence-20260827	2026-08-27	src/game/cg/cg_misc.cpp:4935	Source preserves the kHandsSet assertion metadata and returns the three-angle member array.
0x006BB6C0	?GetHandsAngles@InteractionController@@QBEAAY02$$CBMXZ	V4	PASS	ida-manual-20260827	2026-08-27	IDA:0x006BB6C0	Release checks mFlags&1, asserts with InteractionController.h:138 when unset, and returns mHandsAngles.
0x006BB730	?GetHandsOrigin@InteractionController@@QBEAAY02$$CBMXZ	V3	PASS	manual-equivalence-20260827	2026-08-27	src/game/cg/cg_misc.cpp:4952	Source preserves the kHandsSet assertion metadata and returns the three-origin member array.
0x006BB730	?GetHandsOrigin@InteractionController@@QBEAAY02$$CBMXZ	V4	PASS	ida-manual-20260827	2026-08-27	IDA:0x006BB730	Release checks mFlags&1, asserts with InteractionController.h:139 when unset, and returns mHandsOrigin.
0x00687A00	??4_objectiveInfo_t@@QAEAAU0@ABU0@@Z	V3	PASS	manual-equivalence-20260827	2026-08-27	src/game/cg/cg_misc.cpp:569	Source copies origin/text/state/ring fields, clears parent links, and copies entity/height/worldState.
0x00687A00	??4_objectiveInfo_t@@QAEAAU0@ABU0@@Z	V4	PASS	ida-manual-20260827	2026-08-27	IDA:0x00687A00	Release field order, 0x80-byte strncpy, parent clearing, and final scalar copies match source.
0x006BB600	??1nglRenderNode_Vtbl@@UAE@XZ	V3	PASS	release-stub-audit-20260827	2026-08-27	c3_bin/codmp_xboxr.xbe.c	Release C dump body is compiler-emitted cleanup only; source ~nglRenderNode_Vtbl empty body is implicit destructor/reference cleanup.
0x006BB600	??1nglRenderNode_Vtbl@@UAE@XZ	V4	PASS	release-stub-audit-20260827	2026-08-27	c3_bin/codmp_xboxr.xbe.c	Release C dump body is compiler-emitted cleanup only; source ~nglRenderNode_Vtbl empty body is implicit destructor/reference cleanup.
0x006BB650	??1nglRenderNode@@UAE@XZ	V3	PASS	release-stub-audit-20260827	2026-08-27	c3_bin/codmp_xboxr.xbe.c	Release C dump body is compiler-emitted cleanup only; source nglRenderNode::~nglRenderNode empty body is implicit destructor/reference cleanup.
0x006BB650	??1nglRenderNode@@UAE@XZ	V4	PASS	release-stub-audit-20260827	2026-08-27	c3_bin/codmp_xboxr.xbe.c	Release C dump body is compiler-emitted cleanup only; source nglRenderNode::~nglRenderNode empty body is implicit destructor/reference cleanup.
0x006BBE00	??1GlobalEffect@@UAE@XZ	V3	PASS	release-stub-audit-20260827	2026-08-27	c3_bin/codmp_xboxr.xbe.c	Release C dump body is compiler-emitted cleanup only; source GlobalEffect::~GlobalEffect empty body is implicit destructor/reference cleanup.
0x006BBE00	??1GlobalEffect@@UAE@XZ	V4	PASS	release-stub-audit-20260827	2026-08-27	c3_bin/codmp_xboxr.xbe.c	Release C dump body is compiler-emitted cleanup only; source GlobalEffect::~GlobalEffect empty body is implicit destructor/reference cleanup.
