ida_ea	name	gate	result	session	date	source_ref	detail
0x005BC520	?SpecialEditionSkin@BrocSys@@YA_NXZ	V3	PASS	manual-equivalence-20260826	2026-08-26	src/game/logic/g_scr.cpp:3372	Non-empty body returns the global special-edition flag.
0x005BC520	?SpecialEditionSkin@BrocSys@@YA_NXZ	V4	PASS	manual-equivalence-20260826	2026-08-26	c3_bin/codmp_xboxr.xbe.c:1177453	Release and source both return gCE with no additional control flow.
0x005BC530	?IsHost@BrocSys@@YA_NXZ	V3	PASS	manual-equivalence-20260826	2026-08-26	src/game/logic/g_scr.cpp:3378	Non-empty body forwards the host query to MultiplayerMgr.
0x005BC530	?IsHost@BrocSys@@YA_NXZ	V4	PASS	manual-equivalence-20260826	2026-08-26	c3_bin/codmp_xboxr.xbe.c:1177459	Release and source call MultiplayerMgr::IsHost on the singleton and return the result.
0x005BC540	?IsRankedGame@BrocSys@@YA_NXZ	V3	PASS	manual-equivalence-20260826	2026-08-26	src/game/logic/g_scr.cpp:3384	Non-empty body returns the multiplayer ranked-game field.
0x005BC540	?IsRankedGame@BrocSys@@YA_NXZ	V4	PASS	manual-equivalence-20260826	2026-08-26	c3_bin/codmp_xboxr.xbe.c:1177465	Release and source return MultiplayerMgr::sInst->mRankedGame with no additional control flow.
0x005BC590	?SetTeamGame@BrocSys@@YAX_N@Z	V3	PASS	manual-equivalence-20260826	2026-08-26	src/game/logic/g_scr.cpp:3390	Non-empty body stores the team-game flag in cgGlobal.
0x005BC590	?SetTeamGame@BrocSys@@YAX_N@Z	V4	PASS	manual-equivalence-20260826	2026-08-26	c3_bin/codmp_xboxr.xbe.c:1177471	Release and source assign the incoming boolean to cgGlobal.teamGame.
0x005BC5A0	?SetShowScore@BrocSys@@YAX_N@Z	V3	PASS	manual-equivalence-20260826	2026-08-26	src/game/logic/g_scr.cpp:3396	Non-empty body stores the show-score flag in cgGlobal.
0x005BC5A0	?SetShowScore@BrocSys@@YAX_N@Z	V4	PASS	manual-equivalence-20260826	2026-08-26	c3_bin/codmp_xboxr.xbe.c:1177477	Release and source assign the incoming boolean to cgGlobal.showScore.
0x005BC5B0	?SetShowTime@BrocSys@@YAXM@Z	V3	PASS	manual-equivalence-20260826	2026-08-26	src/game/logic/g_scr.cpp:6301	Non-empty body stores game time and resets its start time.
0x005BC5B0	?SetShowTime@BrocSys@@YAXM@Z	V4	PASS	manual-equivalence-20260826	2026-08-26	c3_bin/codmp_xboxr.xbe.c:1177483	Release and source assign gameTime and set gameTimeStartTime from cgGlobal.time.
0x005BC5E0	?GetTeamGame@BrocSys@@YA_NXZ	V3	PASS	manual-equivalence-20260826	2026-08-26	src/game/logic/g_scr.cpp:3402	Non-empty body returns cgGlobal.teamGame.
0x005BC5E0	?GetTeamGame@BrocSys@@YA_NXZ	V4	PASS	manual-equivalence-20260826	2026-08-26	c3_bin/codmp_xboxr.xbe.c:1177490	Release and source return cgGlobal.teamGame with no additional control flow.
0x005BC710	?PrintLn@BrocSys@@YAXPBD@Z	V3	PASS	manual-equivalence-20260826	2026-08-26	src/game/logic/g_scr.cpp:3420	Non-empty body prints the supplied text followed by a newline.
0x005BC710	?PrintLn@BrocSys@@YAXPBD@Z	V4	PASS	manual-equivalence-20260826	2026-08-26	c3_bin/codmp_xboxr.xbe.c:1177542	Release and source call Com_Printf with the same "%s\\n" format and text argument.
0x005BC660	?ActiveMenu@BrocSys@@YAHXZ	V3	PASS	manual-equivalence-20260826	2026-08-26	src/game/logic/g_scr.cpp:6308	Non-empty body checks the active in-game menu system and returns its active menu or -1.
0x005BC660	?ActiveMenu@BrocSys@@YAHXZ	V4	PASS	manual-equivalence-20260826	2026-08-26	c3_bin/codmp_xboxr.xbe.c:1177510;IDA:0x005BC660	Source matches release null/system-active guard, FEManager lookup, and GetActiveMenu return.
0x005BC890	?Assert@BrocSys@@YA_NPBDH0@Z	V3	PASS	manual-equivalence-20260826	2026-08-26	src/game/logic/g_scr.cpp:7791	Non-empty body populates AeAssert context and forwards the assertion result.
0x005BC890	?Assert@BrocSys@@YA_NPBDH0@Z	V4	PASS	manual-equivalence-20260826	2026-08-26	c3_bin/codmp_xboxr.xbe.c:1177622	Source matches release context assignments, IsIgnored gate, and AeAssert::Assert call.
0x005BC8E0	?Warning@BrocSys@@YA_NPBDH0@Z	V3	PASS	manual-equivalence-20260826	2026-08-26	src/game/logic/g_scr.cpp:7801	Non-empty body populates AeAssert context and forwards the warning result.
0x005BC8E0	?Warning@BrocSys@@YA_NPBDH0@Z	V4	PASS	manual-equivalence-20260826	2026-08-26	c3_bin/codmp_xboxr.xbe.c:1177632	Source matches release context assignments, IsIgnored gate, and AeAssert::Warning call.
0x005BC970	?CVarGetString@BrocSys@@YAXAAVstring@Broc@@PBD@Z	V3	PASS	manual-equivalence-20260826	2026-08-26	src/game/logic/g_scr.cpp:7811	Non-empty body reads the cvar into a fixed buffer and assigns the Broc string.
0x005BC970	?CVarGetString@BrocSys@@YAXAAVstring@Broc@@PBD@Z	V4	PASS	manual-equivalence-20260826	2026-08-26	c3_bin/codmp_xboxr.xbe.c:1177652	Source matches release 128-byte Cvar_VariableStringBuffer and Broc::string assignment.
0x005BC9D0	?CVarSetString@BrocSys@@YAXPBD0@Z	V3	PASS	manual-equivalence-20260826	2026-08-26	src/game/logic/g_scr.cpp:7819	Non-empty body sanitizes the value buffer and registers/sets the named cvar.
0x005BC9D0	?CVarSetString@BrocSys@@YAXPBD0@Z	V4	PASS	manual-equivalence-20260826	2026-08-26	c3_bin/codmp_xboxr.xbe.c:1177673	Source matches release 1024-byte sanitization loop, quote replacement, and Cvar_Register/Cvar_Set calls.
0x005BCA50	?CVarSetInt@BrocSys@@YAXPBDH@Z	V3	PASS	manual-equivalence-20260826	2026-08-26	src/game/logic/g_scr.cpp:7838	Non-empty body formats, sanitizes, registers, and sets an integer cvar.
0x005BCA50	?CVarSetInt@BrocSys@@YAXPBDH@Z	V4	PASS	manual-equivalence-20260826	2026-08-26	c3_bin/codmp_xboxr.xbe.c:1177700	Source matches release integer formatting, 1024-byte sanitization loop, and cvar calls.
0x005BCAE0	?CVarSetFloat@BrocSys@@YAXPBDM@Z	V3	PASS	manual-equivalence-20260826	2026-08-26	src/game/logic/g_scr.cpp:7857	Non-empty body formats, sanitizes, registers, and sets a float cvar.
0x005BCAE0	?CVarSetFloat@BrocSys@@YAXPBDM@Z	V4	PASS	manual-equivalence-20260826	2026-08-26	c3_bin/codmp_xboxr.xbe.c:1177722	Source matches release float formatting, 1024-byte sanitization loop, and cvar calls.
0x005BCD10	?GetNorthYaw@BrocSys@@YAMXZ	V3	PASS	manual-equivalence-20260826	2026-08-26	src/game/logic/g_scr.cpp:3120	Non-empty thunk returns the compass north direction.
0x005BCD10	?GetNorthYaw@BrocSys@@YAMXZ	V4	PASS	manual-equivalence-20260826	2026-08-26	IDA:0x005BCD10	IDA release thunk forwards directly to CG_GetNorthDirection; source has the same forwarding behavior and map float ABI.
0x005BC550	?IsLanGame@BrocSys@@YA_NXZ	V3	PASS	manual-equivalence-20260826	2026-08-26	src/game/logic/g_scr.cpp:3061	Non-empty thunk forwards the LAN-game query.
0x005BC550	?IsLanGame@BrocSys@@YA_NXZ	V4	PASS	manual-equivalence-20260826	2026-08-26	IDA:0x005BC550	IDA release thunk calls MPUIInterface::IsLANGame; source matches.
0x005BC560	?IsOnlineGame@BrocSys@@YA_NXZ	V3	PASS	manual-equivalence-20260826	2026-08-26	src/game/logic/g_scr.cpp:3067	Non-empty thunk forwards the online-game query.
0x005BC560	?IsOnlineGame@BrocSys@@YA_NXZ	V4	PASS	manual-equivalence-20260826	2026-08-26	IDA:0x005BC560	IDA release thunk calls MPUIInterface::IsOnlineGame; source matches.
0x005BC570	?IsLocalGame@BrocSys@@YA_NXZ	V3	PASS	manual-equivalence-20260826	2026-08-26	src/game/logic/g_scr.cpp:3073	Non-empty thunk forwards the local-game query.
0x005BC570	?IsLocalGame@BrocSys@@YA_NXZ	V4	PASS	manual-equivalence-20260826	2026-08-26	IDA:0x005BC570	IDA release thunk calls MPUIInterface::IsLocalGame; source matches.
0x005BC580	?IsSplitScreen@BrocSys@@YA_NXZ	V3	PASS	manual-equivalence-20260826	2026-08-26	src/game/logic/g_scr.cpp:3055	Non-empty thunk forwards the split-screen query.
0x005BC580	?IsSplitScreen@BrocSys@@YA_NXZ	V4	PASS	manual-equivalence-20260826	2026-08-26	IDA:0x005BC580	IDA release thunk calls View::IsSplitScreen; source matches.
0x005BC5F0	?ScreenFadeToBlack@BrocSys@@YAXIH@Z	V3	PASS	manual-equivalence-20260826	2026-08-26	src/game/logic/g_scr.cpp:8104	Non-empty body hides tutorial text and starts a black screen fade.
0x005BC5F0	?ScreenFadeToBlack@BrocSys@@YAXIH@Z	V4	PASS	manual-equivalence-20260826	2026-08-26	c3_bin/codmp_xboxr.xbe.c:1177497	Source matches release IGO tutorial call and CG_Fade black/opaque parameters.
0x005BC630	?ScreenFadeUp@BrocSys@@YAXIH@Z	V3	PASS	manual-equivalence-20260826	2026-08-26	src/game/logic/g_scr.cpp:2465	Non-empty body starts a transparent screen fade.
0x005BC630	?ScreenFadeUp@BrocSys@@YAXIH@Z	V4	PASS	manual-equivalence-20260826	2026-08-26	c3_bin/codmp_xboxr.xbe.c:1177504	Source matches release CG_Fade transparent parameters and duration/viewport forwarding.
0x005BC6C0	?NextRoundMapChanges@BrocSys@@YA_NXZ	V3	PASS	manual-equivalence-20260826	2026-08-26	src/game/logic/g_scr.cpp:8343	Non-empty thunk forwards the next-round map-change query.
0x005BC6C0	?NextRoundMapChanges@BrocSys@@YA_NXZ	V4	PASS	manual-equivalence-20260826	2026-08-26	IDA:0x005BC6C0	IDA release thunk calls MPUIInterface::NextRoundMapChanges; source matches.
0x005BC6D0	?QuitGame@BrocSys@@YAXXZ	V3	PASS	manual-equivalence-20260826	2026-08-26	src/game/logic/g_scr.cpp:3408	Non-empty thunk forwards the game-exit request.
0x005BC6D0	?QuitGame@BrocSys@@YAXXZ	V4	PASS	manual-equivalence-20260826	2026-08-26	IDA:0x005BC6D0	Release tail thunk calls MPUIInterface::ExitGame; source forwards the same call under the map void ABI.
0x005BC730	?GetAnimName@BrocSys@@YA_NIPADH@Z	V3	PASS	manual-equivalence-20260826	2026-08-26	src/game/logic/g_scr.cpp:8065	Non-empty body resolves an animation name, bounds copies, terminates the output, and reports success.
0x005BC730	?GetAnimName@BrocSys@@YA_NIPADH@Z	V4	PASS	manual-equivalence-20260826	2026-08-26	c3_bin/codmp_xboxr.xbe.c:1177549	Source matches release resolver-null handling, bounded strncpy, terminator, and boolean return.
0x005BCC80	?GetTime@BrocSys@@YAIXZ	V3	PASS	manual-equivalence-20260826	2026-08-26	src/game/logic/g_scr.cpp:3109	Non-empty body returns level.time.
0x005BCC80	?GetTime@BrocSys@@YAIXZ	V4	PASS	manual-equivalence-20260826	2026-08-26	c3_bin/codmp_xboxr.xbe.c:1177798	Source returns the same level.time value as release.
0x005BCC90	?GetDeltaTime@BrocSys@@YAMXZ	V3	PASS	manual-equivalence-20260826	2026-08-26	src/game/logic/g_scr.cpp:3115	Non-empty body returns ServerTime tick delta.
0x005BCC90	?GetDeltaTime@BrocSys@@YAMXZ	V4	PASS	manual-equivalence-20260826	2026-08-26	c3_bin/codmp_xboxr.xbe.c:1177804;IDA:0x005BCC90	Source returns ServerTime::sInst.mTickDelta; map/source float ABI supersedes decompiler widening.
0x005BCCA0	?GetDifficulty@BrocSys@@YAXAAVstring@Broc@@@Z	V3	PASS	manual-equivalence-20260826	2026-08-26	src/game/logic/g_scr.cpp:7876	Non-empty body asserts invalid difficulty values and assigns the difficulty string.
0x005BCCA0	?GetDifficulty@BrocSys@@YAXAAVstring@Broc@@@Z	V4	PASS	manual-equivalence-20260826	2026-08-26	c3_bin/codmp_xboxr.xbe.c:1177810	Source matches release range assertion context/string and difficultyStrings assignment.
0x005BCE90	?DrawCompassFriendlies@BrocSys@@YAX_N@Z	V3	PASS	manual-equivalence-20260826	2026-08-26	src/game/logic/g_scr.cpp:3154	Non-empty body stores the compass-friendlies flag.
0x005BCE90	?DrawCompassFriendlies@BrocSys@@YAX_N@Z	V4	PASS	manual-equivalence-20260826	2026-08-26	c3_bin/codmp_xboxr.xbe.c:1177887	Source assigns the same incoming bool to level.bDrawCompassFriendlies.
0x005C38D0	?GetStartOrigin@BrocSys@@YAXAAUvector@Broc@@ABU23@1I@Z	V3	PASS	manual-equivalence-20260826	2026-08-26	src/game/logic/g_scr.cpp:11827	Non-empty script animation helper resolves absolute delta, transforms the origin, and asserts on invalid vectors.
0x005C38D0	?GetStartOrigin@BrocSys@@YAXAAUvector@Broc@@ABU23@1I@Z	V4	PASS	manual-equivalence-20260826	2026-08-26	c3_bin/codmp_xboxr.xbe.c:1182478;IDA:0x005C38D0	Source matches release scr_anim_s delta-wrapper use, axis construction, MatrixTransformVector43, and both NaN assertion paths.
0x005C3A40	?GetStartAngles@BrocSys@@YAXAAUvector@Broc@@ABU23@1I@Z	V3	PASS	manual-equivalence-20260826	2026-08-26	src/game/logic/g_scr.cpp:11863	Non-empty script animation helper computes start angles from animation rotation and entity angles.
0x005C3A40	?GetStartAngles@BrocSys@@YAXAAUvector@Broc@@ABU23@1I@Z	V4	PASS	manual-equivalence-20260826	2026-08-26	c3_bin/codmp_xboxr.xbe.c:1182522;IDA:0x005C3A40	Source matches release delta-wrapper calls, yaw-axis composition, AxisToAngles conversion, and invalid-output assertion.
0x005C3B60	?GetCycleOriginOffset@BrocSys@@YAXAAUvector@Broc@@ABU23@I@Z	V3	PASS	manual-equivalence-20260826	2026-08-26	src/game/logic/g_scr.cpp:11894	Non-empty script animation helper computes the transformed end-minus-start cycle displacement.
0x005C3B60	?GetCycleOriginOffset@BrocSys@@YAXAAUvector@Broc@@ABU23@I@Z	V4	PASS	manual-equivalence-20260826	2026-08-26	c3_bin/codmp_xboxr.xbe.c:1182557;IDA:0x005C3B60	Source matches release axis setup, two delta-wrapper samples at times 0 and 1, subtraction, MatrixTransformVector, and NaN assertion.
0x005BEDF0	?AnimScripted2@BrocSys@@YAXIIABUvector@Broc@@0IABVstring@3@I_NMM@Z	V3	PASS	manual-equivalence-20260826	2026-08-26	src/game/logic/g_scr.cpp:2774	Body is an intentional no-op hook with the complete release ABI.
0x005BEDF0	?AnimScripted2@BrocSys@@YAXIIABUvector@Broc@@0IABVstring@3@I_NMM@Z	V4	PASS	manual-equivalence-20260826	2026-08-26	c3_bin/codmp_xboxr.xbe.c:1201418;IDA:0x005BEDF0	Release assigns mAnimScripted2 to j_nullsub_105; the port preserves the same no-op behavior and parameter ABI.
0x005BF7F0	?DronesStart@BrocSys@@YAXPBD0HHHMM_N1@Z	V3	PASS	manual-equivalence-20260826	2026-08-26	src/game/logic/g_scr.cpp:2815	Body is an intentional no-op hook with the complete release ABI.
0x005BF7F0	?DronesStart@BrocSys@@YAXPBD0HHHMM_N1@Z	V4	PASS	manual-equivalence-20260826	2026-08-26	c3_bin/codmp_xboxr.xbe.c:1201395;IDA:0x005BF7F0	Release assigns mDronesStart to j_nullsub_102; the port preserves the same no-op behavior and parameter ABI.
0x005BF800	?DronesStop@BrocSys@@YAXPBD@Z	V3	PASS	manual-equivalence-20260826	2026-08-26	src/game/logic/g_scr.cpp:2821	Body is an intentional no-op hook with the complete release ABI.
0x005BF800	?DronesStop@BrocSys@@YAXPBD@Z	V4	PASS	manual-equivalence-20260826	2026-08-26	c3_bin/codmp_xboxr.xbe.c:1201396;IDA:0x005BF800	Release assigns mDronesStop to j_nullsub_103; the port preserves the same no-op behavior and parameter ABI.
0x005BF810	?DronesDelete@BrocSys@@YAXPBD@Z	V3	PASS	manual-equivalence-20260826	2026-08-26	src/game/logic/g_scr.cpp:2826	Body is an intentional no-op hook with the complete release ABI.
0x005BF810	?DronesDelete@BrocSys@@YAXPBD@Z	V4	PASS	manual-equivalence-20260826	2026-08-26	c3_bin/codmp_xboxr.xbe.c:1201397;IDA:0x005BF810	Release assigns mDronesDelete to j_nullsub_104; the port preserves the same no-op behavior and parameter ABI.
0x005C1A40	?UpdateNPCtoVehicleMovement@BrocSys@@YAXII@Z	V3	PASS	manual-equivalence-20260826	2026-08-26	src/game/logic/g_scr.cpp:3052	Body is an intentional no-op hook with the complete release ABI.
0x005C1A40	?UpdateNPCtoVehicleMovement@BrocSys@@YAXII@Z	V4	PASS	manual-equivalence-20260826	2026-08-26	c3_bin/codmp_xboxr.xbe.c:1199378;IDA:0x005C1A40	Release assigns mUpdateNPCtoVehicleMovement to j_nullsub_100; the port preserves the same no-op behavior and parameter ABI.
0x00449350	?GScr_GetStartOrigin@@YAXXZ	V3	PASS	manual-equivalence-20260826	2026-08-26	src/game/logic/g_scr.cpp:1687	Source body is an intentional empty hook with the complete release ABI.
0x00449350	?GScr_GetStartOrigin@@YAXXZ	V4	PASS	manual-equivalence-20260826	2026-08-26	IDA:0x00449350	IDA decompiles the release function as an empty body; the port preserves the same no-op behavior and ABI.
0x00449360	?GScr_GetStartAngles@@YAXXZ	V3	PASS	manual-equivalence-20260826	2026-08-26	src/game/logic/g_scr.cpp:1693	Source body is an intentional empty hook with the complete release ABI.
0x00449360	?GScr_GetStartAngles@@YAXXZ	V4	PASS	manual-equivalence-20260826	2026-08-26	IDA:0x00449360	IDA decompiles the release function as an empty body; the port preserves the same no-op behavior and ABI.
0x00449370	?GScr_GetCycleOriginOffset@@YAXXZ	V3	PASS	manual-equivalence-20260826	2026-08-26	src/game/logic/g_scr.cpp:1699	Source body is an intentional empty hook with the complete release ABI.
0x00449370	?GScr_GetCycleOriginOffset@@YAXXZ	V4	PASS	manual-equivalence-20260826	2026-08-26	IDA:0x00449370	IDA decompiles the release function as an empty body; the port preserves the same no-op behavior and ABI.
0x0044CD70	?GScr_FixupBroAnimScriptHooks@@YAXXZ	V3	PASS	manual-equivalence-20260826	2026-08-26	src/game/logic/g_scr.cpp:1791	Source body is an intentional empty hook with the complete release ABI.
0x0044CD70	?GScr_FixupBroAnimScriptHooks@@YAXXZ	V4	PASS	manual-equivalence-20260826	2026-08-26	IDA:0x0044CD70	IDA decompiles the release function as an empty body; the port preserves the same no-op behavior and ABI.
0x0044CD90	?GScr_AddFieldsForVehicleNode@@YAXXZ	V3	PASS	manual-equivalence-20260826	2026-08-26	src/game/logic/g_scr.cpp:1797	Source body is an intentional empty hook with the complete release ABI.
0x0044CD90	?GScr_AddFieldsForVehicleNode@@YAXXZ	V4	PASS	manual-equivalence-20260826	2026-08-26	IDA:0x0044CD90	IDA decompiles the release function as an empty body; the port preserves the same no-op behavior and ABI.
0x0044F470	?G_FreeVehicleSeat@@YAXPAVEntity@@0H@Z	V3	PASS	manual-equivalence-20260826	2026-08-26	src/game/logic/g_scr_vehicle.cpp:5479	Source body is an intentional empty hook with the complete release ABI.
0x0044F470	?G_FreeVehicleSeat@@YAXPAVEntity@@0H@Z	V4	PASS	manual-equivalence-20260826	2026-08-26	IDA:0x0044F470	IDA decompiles the release function as an empty body; the port preserves the same no-op behavior and ABI.
0x0044F4B0	?Scr_Vehicle_OccupantStartEntering@@YAXPAUscr_vehicle_t@@PBVEntity@@H@Z	V3	PASS	manual-equivalence-20260826	2026-08-26	src/game/logic/g_scr_vehicle.cpp:5505	Source body is an intentional empty hook with the complete release ABI.
0x0044F4B0	?Scr_Vehicle_OccupantStartEntering@@YAXPAUscr_vehicle_t@@PBVEntity@@H@Z	V4	PASS	manual-equivalence-20260826	2026-08-26	IDA:0x0044F4B0	IDA decompiles the release function as an empty body; the port preserves the same no-op behavior and ABI.
0x0044F4C0	?Scr_Vehicle_OccupantIsSeat@@YAXPAUscr_vehicle_t@@PBVEntity@@H@Z	V3	PASS	manual-equivalence-20260826	2026-08-26	src/game/logic/g_scr_vehicle.cpp:5512	Source body is an intentional empty hook with the complete release ABI.
0x0044F4C0	?Scr_Vehicle_OccupantIsSeat@@YAXPAUscr_vehicle_t@@PBVEntity@@H@Z	V4	PASS	manual-equivalence-20260826	2026-08-26	IDA:0x0044F4C0	IDA decompiles the release function as an empty body; the port preserves the same no-op behavior and ABI.
0x0044F4D0	?Scr_Vehicle_OccupantStartExiting@@YAXPAUscr_vehicle_t@@PBVEntity@@H@Z	V3	PASS	manual-equivalence-20260826	2026-08-26	src/game/logic/g_scr_vehicle.cpp:5518	Source body is an intentional empty hook with the complete release ABI.
0x0044F4D0	?Scr_Vehicle_OccupantStartExiting@@YAXPAUscr_vehicle_t@@PBVEntity@@H@Z	V4	PASS	manual-equivalence-20260826	2026-08-26	IDA:0x0044F4D0	IDA decompiles the release function as an empty body; the port preserves the same no-op behavior and ABI.
0x0044F4E0	?Scr_Vehicle_OccupantIsOut@@YAXPAUscr_vehicle_t@@PAVEntity@@H@Z	V3	PASS	manual-equivalence-20260826	2026-08-26	src/game/logic/g_scr_vehicle.cpp:5525	Source body is an intentional empty hook with the complete release ABI.
0x0044F4E0	?Scr_Vehicle_OccupantIsOut@@YAXPAUscr_vehicle_t@@PAVEntity@@H@Z	V4	PASS	manual-equivalence-20260826	2026-08-26	IDA:0x0044F4E0	IDA decompiles the release function as an empty body; the port preserves the same no-op behavior and ABI.
0x005BBC50	?Init@MemCount@@YAXXZ	V3	PASS	manual-equivalence-20260826	2026-08-26	src/game/logic/g_scr.cpp:2221	Source body is an intentional empty hook with the complete release ABI.
0x005BBC50	?Init@MemCount@@YAXXZ	V4	PASS	manual-equivalence-20260826	2026-08-26	IDA:0x005BBC50	IDA decompiles the release function as an empty body; the port preserves the same no-op behavior and ABI.
0x005BBC60	?RenderTotals@MemCount@@YAXXZ	V3	PASS	manual-equivalence-20260826	2026-08-26	src/game/logic/g_scr.cpp:2226	Source body is an intentional empty hook with the complete release ABI.
0x005BBC60	?RenderTotals@MemCount@@YAXXZ	V4	PASS	manual-equivalence-20260826	2026-08-26	IDA:0x005BBC60	IDA decompiles the release function as an empty body; the port preserves the same no-op behavior and ABI.
0x005BBC70	?ReportTotals@MemCount@@YAXXZ	V3	PASS	manual-equivalence-20260826	2026-08-26	src/game/logic/g_scr.cpp:2231	Source body is an intentional empty hook with the complete release ABI.
0x005BBC70	?ReportTotals@MemCount@@YAXXZ	V4	PASS	manual-equivalence-20260826	2026-08-26	IDA:0x005BBC70	IDA decompiles the release function as an empty body; the port preserves the same no-op behavior and ABI.
0x005BBC90	?CheckForMapChangeLeaks@MemCount@@YAXXZ	V3	PASS	manual-equivalence-20260826	2026-08-26	src/game/logic/g_scr.cpp:2242	Source body is an intentional empty hook with the complete release ABI.
0x005BBC90	?CheckForMapChangeLeaks@MemCount@@YAXXZ	V4	PASS	manual-equivalence-20260826	2026-08-26	IDA:0x005BBC90	IDA decompiles the release function as an empty body; the port preserves the same no-op behavior and ABI.
0x005BBCA0	?CheckForRoundtripLeaks@MemCount@@YAXXZ	V3	PASS	manual-equivalence-20260826	2026-08-26	src/game/logic/g_scr.cpp:2247	Source body is an intentional empty hook with the complete release ABI.
0x005BBCA0	?CheckForRoundtripLeaks@MemCount@@YAXXZ	V4	PASS	manual-equivalence-20260826	2026-08-26	IDA:0x005BBCA0	IDA decompiles the release function as an empty body; the port preserves the same no-op behavior and ABI.
0x005BBCB0	?SetGamePhase@MemCount@@YAXW4eGamePhase@1@@Z	V3	PASS	manual-equivalence-20260826	2026-08-26	src/game/logic/g_scr.cpp:2252	Source body is an intentional empty hook with the complete release ABI.
0x005BBCB0	?SetGamePhase@MemCount@@YAXW4eGamePhase@1@@Z	V4	PASS	manual-equivalence-20260826	2026-08-26	IDA:0x005BBCB0	IDA decompiles the release function as an empty body; the port preserves the same no-op behavior and ABI.
0x005BBCC0	?SetSafeAlloc@MemCount@@YAX_N@Z	V3	PASS	manual-equivalence-20260826	2026-08-26	src/game/logic/g_scr.cpp:2257	Source body is an intentional empty hook with the complete release ABI.
0x005BBCC0	?SetSafeAlloc@MemCount@@YAX_N@Z	V4	PASS	manual-equivalence-20260826	2026-08-26	IDA:0x005BBCC0	IDA decompiles the release function as an empty body; the port preserves the same no-op behavior and ABI.
0x005BC1D0	?SetDepthOfField@@YAX_NMMMM@Z	V3	PASS	manual-equivalence-20260826	2026-08-26	src/game/logic/g_scr.cpp:2276	Source body is an intentional empty hook with the complete release ABI.
0x005BC1D0	?SetDepthOfField@@YAX_NMMMM@Z	V4	PASS	manual-equivalence-20260826	2026-08-26	IDA:0x005BC1D0	IDA decompiles the release function as an empty body; the port preserves the same no-op behavior and ABI.
0x005BCD20	?GameSave@BrocSys@@YAXABVstring@Broc@@@Z	V3	PASS	manual-equivalence-20260826	2026-08-26	src/game/logic/g_scr.cpp:3130	Source body is an intentional empty hook with the complete release ABI.
0x005BCD20	?GameSave@BrocSys@@YAXABVstring@Broc@@@Z	V4	PASS	manual-equivalence-20260826	2026-08-26	IDA:0x005BCD20	IDA decompiles the release function as an empty body; the port preserves the same no-op behavior and ABI.
0x005BCD30	?GameLoad@BrocSys@@YAXABVstring@Broc@@@Z	V3	PASS	manual-equivalence-20260826	2026-08-26	src/game/logic/g_scr.cpp:3135	Source body is an intentional empty hook with the complete release ABI.
0x005BCD30	?GameLoad@BrocSys@@YAXABVstring@Broc@@@Z	V4	PASS	manual-equivalence-20260826	2026-08-26	IDA:0x005BCD30	IDA decompiles the release function as an empty body; the port preserves the same no-op behavior and ABI.
0x005BCDD0	?MissionSuccess@BrocSys@@YAXABVstring@Broc@@@Z	V3	PASS	manual-equivalence-20260826	2026-08-26	src/game/logic/g_scr.cpp:3146	Source body is an intentional empty hook with the complete release ABI.
0x005BCDD0	?MissionSuccess@BrocSys@@YAXABVstring@Broc@@@Z	V4	PASS	manual-equivalence-20260826	2026-08-26	IDA:0x005BCDD0	IDA decompiles the release function as an empty body; the port preserves the same no-op behavior and ABI.
0x005BCED0	?ProfBegin@BrocSys@@YAXXZ	V3	PASS	manual-equivalence-20260826	2026-08-26	src/game/logic/g_scr.cpp:3169	Source body is an intentional empty hook with the complete release ABI.
0x005BCED0	?ProfBegin@BrocSys@@YAXXZ	V4	PASS	manual-equivalence-20260826	2026-08-26	IDA:0x005BCED0	IDA decompiles the release function as an empty body; the port preserves the same no-op behavior and ABI.
0x005BCEE0	?ProfEnd@BrocSys@@YAXXZ	V3	PASS	manual-equivalence-20260826	2026-08-26	src/game/logic/g_scr.cpp:3174	Source body is an intentional empty hook with the complete release ABI.
0x005BCEE0	?ProfEnd@BrocSys@@YAXXZ	V4	PASS	manual-equivalence-20260826	2026-08-26	IDA:0x005BCEE0	IDA decompiles the release function as an empty body; the port preserves the same no-op behavior and ABI.
0x005BCF20	?StartMemCheck@BrocSys@@YAXXZ	V3	PASS	manual-equivalence-20260826	2026-08-26	src/game/logic/g_scr.cpp:3185	Source body is an intentional empty hook with the complete release ABI.
0x005BCF20	?StartMemCheck@BrocSys@@YAXXZ	V4	PASS	manual-equivalence-20260826	2026-08-26	IDA:0x005BCF20	IDA decompiles the release function as an empty body; the port preserves the same no-op behavior and ABI.
0x005BCF30	?EndMemCheck@BrocSys@@YAXXZ	V3	PASS	manual-equivalence-20260826	2026-08-26	src/game/logic/g_scr.cpp:3190	Source body is an intentional empty hook with the complete release ABI.
0x005BCF30	?EndMemCheck@BrocSys@@YAXXZ	V4	PASS	manual-equivalence-20260826	2026-08-26	IDA:0x005BCF30	IDA decompiles the release function as an empty body; the port preserves the same no-op behavior and ABI.
0x005BD2C0	?ProfileStart@BrocSys@@YAXH@Z	V3	PASS	manual-equivalence-20260826	2026-08-26	src/game/logic/g_scr.cpp:3201	Source body is an intentional empty hook with the complete release ABI.
0x005BD2C0	?ProfileStart@BrocSys@@YAXH@Z	V4	PASS	manual-equivalence-20260826	2026-08-26	IDA:0x005BD2C0	IDA decompiles the release function as an empty body; the port preserves the same no-op behavior and ABI.
0x005BD2D0	?ProfileStop@BrocSys@@YAXH@Z	V3	PASS	manual-equivalence-20260826	2026-08-26	src/game/logic/g_scr.cpp:3206	Source body is an intentional empty hook with the complete release ABI.
0x005BD2D0	?ProfileStop@BrocSys@@YAXH@Z	V4	PASS	manual-equivalence-20260826	2026-08-26	IDA:0x005BD2D0	IDA decompiles the release function as an empty body; the port preserves the same no-op behavior and ABI.
0x005BD2E0	?ProfileSetVal@BrocSys@@YAXHH@Z	V3	PASS	manual-equivalence-20260826	2026-08-26	src/game/logic/g_scr.cpp:3211	Source body is an intentional empty hook with the complete release ABI.
0x005BD2E0	?ProfileSetVal@BrocSys@@YAXHH@Z	V4	PASS	manual-equivalence-20260826	2026-08-26	IDA:0x005BD2E0	IDA decompiles the release function as an empty body; the port preserves the same no-op behavior and ABI.
0x005BD930	?SetMissionStat@BrocSys@@YAXHH@Z	V3	PASS	manual-equivalence-20260826	2026-08-26	src/game/logic/g_scr.cpp:3234	Source body is an intentional empty hook with the complete release ABI.
0x005BD930	?SetMissionStat@BrocSys@@YAXHH@Z	V4	PASS	manual-equivalence-20260826	2026-08-26	IDA:0x005BD930	IDA decompiles the release function as an empty body; the port preserves the same no-op behavior and ABI.
0x005BD940	?IncMissionStat@BrocSys@@YAXH@Z	V3	PASS	manual-equivalence-20260826	2026-08-26	src/game/logic/g_scr.cpp:3239	Source body is an intentional empty hook with the complete release ABI.
0x005BD940	?IncMissionStat@BrocSys@@YAXH@Z	V4	PASS	manual-equivalence-20260826	2026-08-26	IDA:0x005BD940	IDA decompiles the release function as an empty body; the port preserves the same no-op behavior and ABI.
0x005BD950	?DecMissionStat@BrocSys@@YAXH@Z	V3	PASS	manual-equivalence-20260826	2026-08-26	src/game/logic/g_scr.cpp:3244	Source body is an intentional empty hook with the complete release ABI.
0x005BD950	?DecMissionStat@BrocSys@@YAXH@Z	V4	PASS	manual-equivalence-20260826	2026-08-26	IDA:0x005BD950	IDA decompiles the release function as an empty body; the port preserves the same no-op behavior and ABI.
0x005BD980	?UpdateMissionCompletionTime@BrocSys@@YAXXZ	V3	PASS	manual-equivalence-20260826	2026-08-26	src/game/logic/g_scr.cpp:3261	Source body is an intentional empty hook with the complete release ABI.
0x005BD980	?UpdateMissionCompletionTime@BrocSys@@YAXXZ	V4	PASS	manual-equivalence-20260826	2026-08-26	IDA:0x005BD980	IDA decompiles the release function as an empty body; the port preserves the same no-op behavior and ABI.
0x005BD990	?SetPlayerWeaponUsed@BrocSys@@YAXH@Z	V3	PASS	manual-equivalence-20260826	2026-08-26	src/game/logic/g_scr.cpp:3266	Source body is an intentional empty hook with the complete release ABI.
0x005BD990	?SetPlayerWeaponUsed@BrocSys@@YAXH@Z	V4	PASS	manual-equivalence-20260826	2026-08-26	IDA:0x005BD990	IDA decompiles the release function as an empty body; the port preserves the same no-op behavior and ABI.
0x005BDAF0	?EnableNanoForces@BrocSys@@YAX_N@Z	V3	PASS	manual-equivalence-20260826	2026-08-26	src/game/logic/g_scr.cpp:3290	Source body is an intentional empty hook with the complete release ABI.
0x005BDAF0	?EnableNanoForces@BrocSys@@YAX_N@Z	V4	PASS	manual-equivalence-20260826	2026-08-26	IDA:0x005BDAF0	IDA decompiles the release function as an empty body; the port preserves the same no-op behavior and ABI.
0x005BEF90	?AddFakeFriendly@BrocSys@@YAXI_N@Z	V3	PASS	manual-equivalence-20260826	2026-08-26	src/game/logic/g_scr.cpp:2789	Source body is an intentional empty hook with the complete release ABI.
0x005BEF90	?AddFakeFriendly@BrocSys@@YAXI_N@Z	V4	PASS	manual-equivalence-20260826	2026-08-26	IDA:0x005BEF90	IDA decompiles the release function as an empty body; the port preserves the same no-op behavior and ABI.
0x005BEFA0	?RemoveFakeFriendly@BrocSys@@YAXI@Z	V3	PASS	manual-equivalence-20260826	2026-08-26	src/game/logic/g_scr.cpp:2794	Source body is an intentional empty hook with the complete release ABI.
0x005BEFA0	?RemoveFakeFriendly@BrocSys@@YAXI@Z	V4	PASS	manual-equivalence-20260826	2026-08-26	IDA:0x005BEFA0	IDA decompiles the release function as an empty body; the port preserves the same no-op behavior and ABI.
0x005BF730	?SaveCheckpoint@BrocSys@@YAXXZ	V3	PASS	manual-equivalence-20260826	2026-08-26	src/game/logic/g_scr.cpp:2805	Source body is an intentional empty hook with the complete release ABI.
0x005BF730	?SaveCheckpoint@BrocSys@@YAXXZ	V4	PASS	manual-equivalence-20260826	2026-08-26	IDA:0x005BF730	IDA decompiles the release function as an empty body; the port preserves the same no-op behavior and ABI.
0x005BFB20	?SetDroneScriptControl@BrocSys@@YAXI_N@Z	V3	PASS	manual-equivalence-20260826	2026-08-26	src/game/logic/g_scr.cpp:2832	Source body is an intentional empty hook with the complete release ABI.
0x005BFB20	?SetDroneScriptControl@BrocSys@@YAXI_N@Z	V4	PASS	manual-equivalence-20260826	2026-08-26	IDA:0x005BFB20	IDA decompiles the release function as an empty body; the port preserves the same no-op behavior and ABI.
0x005BFBE0	?SetZFog@BrocSys@@YAXMMM@Z	V3	PASS	manual-equivalence-20260826	2026-08-26	src/game/logic/g_scr.cpp:2850	Source body is an intentional empty hook with the complete release ABI.
0x005BFBE0	?SetZFog@BrocSys@@YAXMMM@Z	V4	PASS	manual-equivalence-20260826	2026-08-26	IDA:0x005BFBE0	IDA decompiles the release function as an empty body; the port preserves the same no-op behavior and ABI.
0x005C11C0	?MPScript_SetCompassVisibilty@BrocSys@@YAXI_N@Z	V3	PASS	manual-equivalence-20260826	2026-08-26	src/game/logic/g_scr.cpp:2874	Source body is an intentional empty hook with the complete release ABI.
0x005C11C0	?MPScript_SetCompassVisibilty@BrocSys@@YAXI_N@Z	V4	PASS	manual-equivalence-20260826	2026-08-26	IDA:0x005C11C0	IDA decompiles the release function as an empty body; the port preserves the same no-op behavior and ABI.
0x005C3C70	?GetMoveDelta@BrocSys@@YAXAAUvector@Broc@@IMM@Z	V3	PASS	manual-equivalence-20260826	2026-08-26	src/game/logic/g_scr.cpp:6990	Non-empty helper validates normalized time bounds, resolves animation delta, and checks the output vector.
0x005C3C70	?GetMoveDelta@BrocSys@@YAXAAUvector@Broc@@IMM@Z	V4	PASS	manual-equivalence-20260826	2026-08-26	c3_bin/codmp_xboxr.xbe.c:1182587;IDA:0x005C3C70	Source matches release time-bound warnings, scr_anim_s relative-delta wrapper, NaN assertion, and output ABI.
0x005C3DD0	?GetAngleDelta@BrocSys@@YAMIMM@Z	V3	PASS	manual-equivalence-20260826	2026-08-26	src/game/logic/g_scr.cpp:7029	Non-empty helper validates normalized time bounds, resolves animation rotation delta, and returns signed yaw.
0x005C3DD0	?GetAngleDelta@BrocSys@@YAMIMM@Z	V4	PASS	manual-equivalence-20260826	2026-08-26	c3_bin/codmp_xboxr.xbe.c:1182625;IDA:0x005C3DD0	Source matches release time-bound warnings, scr_anim_s relative-delta wrapper, and vectosignedyaw result.
0x005BF080	?AnimHasNotetrack@BrocSys@@YA_NIIABI@Z	V3	PASS	manual-equivalence-20260826	2026-08-26	src/game/logic/g_scr.cpp:2524	Non-empty wrapper queries the animation notetrack through the resolved script animation handle.
0x005BF080	?AnimHasNotetrack@BrocSys@@YA_NIIABI@Z	V4	PASS	manual-equivalence-20260826	2026-08-26	c3_bin/codmp_xboxr.xbe.c:1179409;IDA:0x005BF080	Source matches release XAnimNotetrackExists forwarding and bool ABI.
0x005C81D0	?GetAnimLength@BrocSys@@YAMII@Z	V3	PASS	manual-equivalence-20260826	2026-08-26	src/game/logic/g_scr.cpp:12284	Non-empty wrapper resolves the minimum animation bank, validates primitive/variation semantics, and returns animation length.
0x005C81D0	?GetAnimLength@BrocSys@@YAMII@Z	V4	PASS	manual-equivalence-20260826	2026-08-26	c3_bin/codmp_xboxr.xbe.c:1185672;IDA:0x005C81D0	Source matches release bank lookup, high-word tree selection, parameter error condition, and XAnimGetLength call.
0x005C8230	?GetAnimFrameCount@BrocSys@@YAHII@Z	V3	PASS	manual-equivalence-20260826	2026-08-26	src/game/logic/g_scr.cpp:12297	Non-empty wrapper resolves the minimum animation bank, validates primitive/variation semantics, and returns frame count.
0x005C8230	?GetAnimFrameCount@BrocSys@@YAHII@Z	V4	PASS	manual-equivalence-20260826	2026-08-26	c3_bin/codmp_xboxr.xbe.c:1185685;IDA:0x005C8230	Source matches release bank lookup, high-word tree selection, parameter error condition, and XAnimGetFrameCount call.
0x005D0F30	?GetAnimTime@BrocSys@@YAMII@Z	V3	PASS	manual-equivalence-20260826	2026-08-26	src/game/logic/g_scr.cpp:16776	Non-empty wrapper validates entity/animation handles, checks tree identity and synchronized time, then returns animation time.
0x005D0F30	?GetAnimTime@BrocSys@@YAMII@Z	V4	PASS	manual-equivalence-20260826	2026-08-26	c3_bin/codmp_xboxr.xbe.c:1192367;IDA:0x005D0F30	Source matches release handle guards, -1/tree-range errors, bank/tree identity assert, XAnimHasTime validation, and XAnimGetTime result; map float ABI supersedes decompiler double artifact.
0x005BD8B0	?PlayScriptedAnim@BrocSys@@YAXIPBD@Z	V3	PASS	manual-equivalence-20260826	2026-08-26	src/game/logic/g_scr.cpp:8390	Source preserves the release MP hook's intentional assert body and complete two-argument ABI.
0x005BD8B0	?PlayScriptedAnim@BrocSys@@YAXIPBD@Z	V4	PASS	manual-equivalence-20260826	2026-08-26	IDA:0x005BD8B0	IDA decompiles the release function as the same AeAssert setup and "Empty function for MP !!" assertion; ignored parameters do not affect the ABI.
0x005D4CB0	?MPScript_SendGameState@BrocSys@@YAXIHHHH_N00HHH0HH@Z	V3	PASS	manual-equivalence-20260826	2026-08-26	src/game/logic/g_scr.cpp:19170	Non-empty wrapper resolves the player handle, validates a client entity, and forwards all game-state fields.
0x005D4CB0	?MPScript_SendGameState@BrocSys@@YAXIHHHH_N00HHH0HH@Z	V4	PASS	manual-equivalence-20260826	2026-08-26	IDA:0x005D4CB0	Source matches release handle/key validation, client-type guard, MultiplayerMgr singleton, and complete SendGameState argument forwarding.
0x005D4D30	?MPScript_SendGameStateHQ@BrocSys@@YAXIIUvector@Broc@@0I_N1@Z	V3	PASS	manual-equivalence-20260826	2026-08-26	src/game/logic/g_scr.cpp:19189	Non-empty wrapper resolves the player, requires host mode, packs both script vectors into release Position3 values, and forwards HQ state.
0x005D4D30	?MPScript_SendGameStateHQ@BrocSys@@YAXIIUvector@Broc@@0I_N1@Z	V4	PASS	manual-equivalence-20260826	2026-08-26	IDA:0x005D4D30	IDA release body matches handle/key checks, IsHost guard, two vector copies with zero w lanes, and SendGameStateHQ forwarding; decompiler stack-allocation warning does not alter observed operations.
0x005D4E20	?MPScript_SendGameStateCTF@BrocSys@@YAXIUvector@Broc@@0I00I@Z	V3	PASS	manual-equivalence-20260826	2026-08-26	src/game/logic/g_scr.cpp:19221	Non-empty wrapper resolves player and both flag-holder handles, requires host mode, packs four vectors, and forwards CTF state.
0x005D4E20	?MPScript_SendGameStateCTF@BrocSys@@YAXIUvector@Broc@@0I00I@Z	V4	PASS	manual-equivalence-20260826	2026-08-26	IDA:0x005D4E20	IDA release body matches all three handle/key resolutions, IsHost guard, four vector packs with zero w lanes, and SendGameStateCTF forwarding; decompiler stack warning is noted.
0x005D4FC0	?MPScript_SendGameStateSCF@BrocSys@@YAXIHUvector@Broc@@0I@Z	V3	PASS	manual-equivalence-20260826	2026-08-26	src/game/logic/g_scr.cpp:19278	Non-empty wrapper resolves player and flag-holder handles, requires host mode, packs position and angle vectors, and forwards SCF state.
0x005D4FC0	?MPScript_SendGameStateSCF@BrocSys@@YAXIHUvector@Broc@@0I@Z	V4	PASS	manual-equivalence-20260826	2026-08-26	IDA:0x005D4FC0	IDA release body matches handle/key checks, IsHost guard, Position3/Dir3 vector packing, and SendGameStateSCF forwarding; decompiler stack warning is noted.
0x005D50D0	?MPScript_SendGameStateDOM@BrocSys@@YAXIHHHHH@Z	V3	PASS	manual-equivalence-20260826	2026-08-26	src/game/logic/g_scr.cpp:19311	Non-empty wrapper resolves the player, requires host mode, and forwards all five DOM flag values.
0x005D50D0	?MPScript_SendGameStateDOM@BrocSys@@YAXIHHHHH@Z	V4	PASS	manual-equivalence-20260826	2026-08-26	IDA:0x005D50D0	Source matches release player handle/key validation, IsValidClientType and IsHost guards, singleton selection, and five-value SendGameStateDOM forwarding.
0x005D5140	?MPScript_SendGameStateSD@BrocSys@@YAXIII_NUvector@Broc@@1H@Z	V3	PASS	manual-equivalence-20260826	2026-08-26	src/game/logic/g_scr.cpp:19327	Non-empty wrapper resolves player, planter, and defuser handles, requires host mode, packs bomb position/angles, and forwards SD state.
0x005D5140	?MPScript_SendGameStateSD@BrocSys@@YAXIII_NUvector@Broc@@1H@Z	V4	PASS	manual-equivalence-20260826	2026-08-26	IDA:0x005D5140	IDA release body matches all three handle/key resolutions, IsHost guard, bomb Position3/Dir3 packing, planted flag, and SendGameStateSD forwarding; decompiler stack warning is noted.
0x005C4B10	?HudSetTimerInternal@BrocSys@@YAXHW4he_type_t@@PBDM@Z	V3	PASS	manual-equivalence-20260826	2026-08-26	src/game/logic/g_scr.cpp:2387	Non-empty timer helper validates element/type, rounds milliseconds, reports invalid durations, and writes the release HUD timer fields.
0x005C4B10	?HudSetTimerInternal@BrocSys@@YAXHW4he_type_t@@PBDM@Z	V4	PASS	manual-equivalence-20260826	2026-08-26	IDA:0x005C4B10	IDA release body matches element/type asserts, ceil(milliseconds), timer-up exception, Scr_ParamError path, and exact HUD field stores; release int ABI is represented by the map symbol.
0x005C4C50	?HudSetClockInternal@BrocSys@@YAXHW4he_type_t@@PBD1MMHH@Z	V3	PASS	manual-equivalence-20260826	2026-08-26	src/game/logic/g_scr.cpp:7064	Non-empty clock helper validates element/type and dimensions, rounds time/duration, resolves the frontend texture, and writes clock HUD fields.
0x005C4C50	?HudSetClockInternal@BrocSys@@YAXHW4he_type_t@@PBD1MMHH@Z	V4	PASS	manual-equivalence-20260826	2026-08-26	IDA:0x005C4C50	IDA release body matches all warning/assert paths, ceil conversions, GetTextureData frontend lookup, and exact HUD field assignment order.
0x005BDF00	?CreateExtendedEntity@BrocSys@@YAPAXPAPBDH@Z	V3	PASS	manual-equivalence-20260826	2026-08-26	src/game/logic/g_scr.cpp:11006	Non-empty wrapper checks the Broc export and forwards key/value pairs, returning null when the export is unavailable.
0x005BDF00	?CreateExtendedEntity@BrocSys@@YAPAXPAPBDH@Z	V4	PASS	manual-equivalence-20260826	2026-08-26	IDA:0x005BDF00	IDA release body tail-jumps to mCreateExtendedEntity with both keyvals and numValuePairs, or returns zero when gpBrocAPI/export is null; source forwards the same arguments.
0x005E9690	?length2@Broc@@YAMABUvector@1@@Z	V3	PASS	manual-equivalence-20260826	2026-08-26	src/broc/Broc.cpp:304	Non-empty squared-length helper computes all three vector components.
0x005E9690	?length2@Broc@@YAMABUvector@1@@Z	V4	PASS	manual-equivalence-20260826	2026-08-26	IDA:0x005E9690	IDA release body matches the three-component squared-length expression and const-reference ABI.
0x005E96C0	?dot@Broc@@YAMABUvector@1@0@Z	V3	PASS	manual-equivalence-20260826	2026-08-26	src/broc/Broc.cpp:309	Non-empty dot helper multiplies and sums x, y, and z components.
0x005E96C0	?dot@Broc@@YAMABUvector@1@0@Z	V4	PASS	manual-equivalence-20260826	2026-08-26	IDA:0x005E96C0	IDA release body matches z/y/x multiply-add order and const-reference parameters.
0x005E96F0	?VecDistance@Broc@@YAMABUvector@1@0@Z	V3	PASS	manual-equivalence-20260826	2026-08-26	src/broc/Broc.cpp:314	Non-empty distance helper forwards both vector component addresses to VectorDistance.
0x005E96F0	?VecDistance@Broc@@YAMABUvector@1@0@Z	V4	PASS	manual-equivalence-20260826	2026-08-26	IDA:0x005E96F0	IDA release body matches VectorDistance forwarding and const-reference vector ABI.
0x005E9710	?VecDistanceSquared@Broc@@YAMABUvector@1@0@Z	V3	PASS	manual-equivalence-20260826	2026-08-26	src/broc/Broc.cpp:319	Non-empty squared-distance helper forwards both vector component addresses to VectorDistanceSquared.
0x005E9710	?VecDistanceSquared@Broc@@YAMABUvector@1@0@Z	V4	PASS	manual-equivalence-20260826	2026-08-26	IDA:0x005E9710	IDA release body matches VectorDistanceSquared forwarding and const-reference vector ABI.
0x005E9730	?VecCloser@Broc@@YAHABUvector@1@00@Z	V3	PASS	manual-equivalence-20260826	2026-08-26	src/broc/Broc.cpp:365	Non-empty closer helper compares squared distances from the reference vector.
0x005E9730	?VecCloser@Broc@@YAHABUvector@1@00@Z	V4	PASS	manual-equivalence-20260826	2026-08-26	IDA:0x005E9730	IDA release body matches A/B reference-distance calculation, B comparison, and BOOL/int-compatible result.
0x005E9780	?VecToAngles@Broc@@YAXAAUvector@1@ABU21@@Z	V3	PASS	manual-equivalence-20260826	2026-08-26	src/broc/Broc.cpp:394	Non-empty angle conversion forwards input and output vector components to vectoangles.
0x005E9780	?VecToAngles@Broc@@YAXAAUvector@1@ABU21@@Z	V4	PASS	manual-equivalence-20260826	2026-08-26	IDA:0x005E9780	IDA release body matches vectoangles forwarding and output-reference/input-const-reference ABI.
0x005E97A0	?VecAnglesToVectors@Broc@@YAXABUvector@1@AAU21@11@Z	V3	PASS	manual-equivalence-20260826	2026-08-26	src/broc/Broc.cpp:399	Non-empty angle-vector helper forwards the angle input and three output vectors to AngleVectors.
0x005E97A0	?VecAnglesToVectors@Broc@@YAXABUvector@1@AAU21@11@Z	V4	PASS	manual-equivalence-20260826	2026-08-26	IDA:0x005E97A0	IDA release body matches AngleVectors forwarding and reference vector ABI.
0x005EE110	?normalize@Broc@@YAXAAUvector@1@@Z	V3	PASS	manual-equivalence-20260826	2026-08-26	src/broc/Broc.cpp:376	Non-empty normalize helper computes length, guards zero, and scales components in release order.
0x005EE110	?normalize@Broc@@YAXAAUvector@1@@Z	V4	PASS	manual-equivalence-20260826	2026-08-26	IDA:0x005EE110	IDA release body matches length calculation, zero guard, reciprocal scaling, and z temporary ordering.
0x005EE1A0	?VecNormalize@Broc@@YAXAAUvector@1@ABU21@@Z	V3	PASS	manual-equivalence-20260826	2026-08-26	src/broc/Broc.cpp:388	Non-empty normalize wrapper copies the input vector and normalizes the output.
0x005EE1A0	?VecNormalize@Broc@@YAXAAUvector@1@ABU21@@Z	V4	PASS	manual-equivalence-20260826	2026-08-26	IDA:0x005EE1A0	IDA release body matches vector copy, normalize call, and output/input reference ABI.
0x005E97C0	??0hudelem@Broc@@QAE@H@Z	V3	PASS	manual-equivalence-20260826	2026-08-26	src/broc/Broc.cpp:411	Non-empty HUD element constructor initializes the stored HUD index from its argument.
0x005E97C0	??0hudelem@Broc@@QAE@H@Z	V4	PASS	manual-equivalence-20260826	2026-08-26	IDA:0x005E97C0	IDA release constructor stores the supplied index directly and returns this; source has the exact int constructor ABI.
0x005E97B0	??0hudelem@Broc@@QAE@XZ	V3	PASS	direct-release-hud-review-20260827	2026-08-27	src/broc/Broc.cpp:401	Default HUD element constructor initializes the index to the undefined sentinel.
0x005E97B0	??0hudelem@Broc@@QAE@XZ	V4	PASS	direct-release-hud-review-20260827	2026-08-27	c3_bin/codmp_xboxr.xbe.c:1202577	Release constructor stores -1 in the HUD index; source initializer matches exactly.
0x005E97E0	?GetIndex@hudelem@Broc@@QBEHXZ	V3	PASS	manual-equivalence-20260826	2026-08-26	src/broc/Broc.cpp:417	Non-empty HUD element accessor returns the stored index.
0x005E97E0	?GetIndex@hudelem@Broc@@QBEHXZ	V4	PASS	manual-equivalence-20260826	2026-08-26	IDA:0x005E97E0	IDA release accessor returns mHudIndex and source matches the signed-int return ABI.
0x005E9A70	?IsLoaded@BspCell@@QBE_NXZ	V3	PASS	manual-equivalence-20260826	2026-08-26	src/game/render/tr_dpvs.cpp:214	Non-empty const accessor reports whether the BspCell mesh file is present.
0x005E9A70	?IsLoaded@BspCell@@QBE_NXZ	V4	PASS	manual-equivalence-20260826	2026-08-26	IDA:0x005E9A70	Release returns the mMeshFile-nonnull predicate exactly; method is emitted out-of-line with the release const ABI.
0x005E9A80	?set_transparent@trRefEntity@@QAEXE@Z	V3	PASS	manual-equivalence-20260826	2026-08-26	src/game/render/tr_main.cpp:78	Non-empty alpha setter handles zero, one-half, and byte-scaled transparency cases.
0x005E9A80	?set_transparent@trRefEntity@@QAEXE@Z	V4	PASS	manual-equivalence-20260826	2026-08-26	IDA:0x005E9A80	Release alpha branches and constants match source; out-of-line emission now provides the exact public byte-parameter symbol.
0x005DFD30	?RegisterHashString@BrocSys@@YAHPBD@Z	V3	PASS	manual-equivalence-20260826	2026-08-26	src/game/logic/g_scr.cpp:23217	Non-empty hash registration wrapper handles null text, computes the fixed-string hash, registers it, and returns the hash.
0x005DFD30	?RegisterHashString@BrocSys@@YAHPBD@Z	V4	PASS	manual-equivalence-20260826	2026-08-26	IDA:0x005DFD30	Release null guard, tlFixedString construction, registration call, and hash return match source; signed int return is ABI-identical to the release unsigned value.
0x005DFDB0	?InitAPI@BrocSys@@YAXXZ	V3	PASS	manual-equivalence-20260826	2026-08-26	src/game/logic/g_scr.cpp:26814	Non-empty API initializer populates the Broc export table, callbacks, math hooks, and ocean handlers.
0x005DFDB0	?InitAPI@BrocSys@@YAXXZ	V4	PASS	manual-equivalence-20260826	2026-08-26	IDA:0x005DFDB0	Release sentinel, table-copy loop, callback assignments, export memcpy, initialization calls, and final handler assignments match source; void return ABI now matches the release symbol.
0x005DFDB0	?InitAPI@BrocSys@@YAXXZ	V3	PASS	direct-release-api-layout-20260827	2026-08-27	src/game/logic/g_scr.cpp:26826	Source initializes the release API at the whole-struct base, installs both top-level and nested exports, and preserves the release field offsets.
0x005DFDB0	?InitAPI@BrocSys@@YAXXZ	V4	PASS	direct-release-api-layout-20260827	2026-08-27	IDA:0x005DFDB0	Release disassembly writes the table relative to gpBrocAPI, copies gBrocExports to gpBrocAPI+0xBE8, and then assigns callbacks; source now follows that exact base/offset sequence.
0x005C5790	?BrocInitEntity@@YAXPAVEntity@@ABV?$InplaceVector@V?$InplaceTreeElement@VInplaceString@@V1@@@@@@Z	V3	PASS	manual-equivalence-20260826	2026-08-26	src/game/logic/g_scr.cpp:12557	Non-empty entity initialization selects the first key/value pair, forwards the key pointer and pair count to the extended-entity callback, stores the result, and updates the entity hash.
0x005C5790	?BrocInitEntity@@YAXPAVEntity@@ABV?$InplaceVector@V?$InplaceTreeElement@VInplaceString@@V1@@@@@@Z	V4	PASS	manual-equivalence-20260826	2026-08-26	IDA:0x005C5790	Release null/API guards, first-pair selection, callback arguments, result store, and UpdateEntityHash call match source; const-reference vector ABI now matches the release symbol.
0x005E9AF0	?AddScriptEvent@Entity@@QAE_NVHashString@@V2@@Z	V3	PASS	manual-equivalence-20260826	2026-08-26	src/game/logic/g_game2_misc.cpp:2579	Non-empty entity event registration lazily allocates the handler and forwards both hashes.
0x005E9AF0	?AddScriptEvent@Entity@@QAE_NVHashString@@V2@@Z	V4	PASS	manual-equivalence-20260826	2026-08-26	IDA:0x005E9AF0	Release lazy allocator/constructor path, handler store, and AddEvent forwarding match source; repeated HashString ABI spelling is normalized by the verifier.
0x005E9B90	?RemoveScriptEvent@Entity@@QAE_NVHashString@@V2@@Z	V3	PASS	manual-equivalence-20260826	2026-08-26	src/game/logic/g_game2_misc.cpp:2593	Non-empty entity event removal checks for a handler and forwards both hashes when present.
0x005E9B90	?RemoveScriptEvent@Entity@@QAE_NVHashString@@V2@@Z	V4	PASS	manual-equivalence-20260826	2026-08-26	IDA:0x005E9B90	Release null-handler guard and RemoveEvent forwarding match source; repeated HashString ABI spelling is normalized by the verifier.
0x005E9D70	?memcpyFromStack@@YAXPAX0I@Z	V3	PASS	manual-equivalence-20260826	2026-08-26	src/game/logic/g_scr.cpp:3863	Non-empty dword-copy helper rounds positive byte counts up to words and copies sequentially.
0x005E9D70	?memcpyFromStack@@YAXPAX0I@Z	V4	PASS	manual-equivalence-20260826	2026-08-26	IDA:0x005E9D70	Release positive-count guard, rounded word count, source/destination progression, and loop termination match source; void-pointer/unsigned-count ABI now matches the release symbol.
0x005E9DA0	?memcpyToStack@@YAXPAX0I@Z	V3	PASS	manual-equivalence-20260826	2026-08-26	src/game/logic/g_scr.cpp:3879	Non-empty dword-copy helper rounds positive byte counts up to words and copies sequentially.
0x005E9DA0	?memcpyToStack@@YAXPAX0I@Z	V4	PASS	manual-equivalence-20260826	2026-08-26	IDA:0x005E9DA0	Release positive-count guard, rounded word count, source/destination progression, and loop termination match source; void-pointer/unsigned-count ABI now matches the release symbol.
0x005D4450	?MPScript_Obituary@BrocSys@@YAXIIABVstring@Broc@@H_N@Z	V3	PASS	manual-equivalence-20260827	2026-08-27	src/game/logic/g_scr.cpp:18832	Non-empty obituary wrapper resolves target and attacker entities, selects weapon/mod text, and forwards the final obituary to CG_Obituary.
0x005D4450	?MPScript_Obituary@BrocSys@@YAXIIABVstring@Broc@@H_N@Z	V4	PASS	manual-equivalence-20260827	2026-08-27	IDA:0x005D4450	Release obituary branches, handle lookups/asserts, weapon-name fallback, mod mapping, and CG_Obituary call match the source body; release IDA/caller evidence retains the pointer spelling despite the map reference decoration.
0x005E9830	?GetHandle@vehiclenode@Broc@@QBEHXZ	V3	PASS	manual-equivalence-20260827	2026-08-27	src/broc/Broc.cpp:448	Non-empty vehicle-node accessor returns the stored handle value.
0x005E9830	?GetHandle@vehiclenode@Broc@@QBEHXZ	V4	PASS	manual-equivalence-20260827	2026-08-27	IDA:0x005E9830	Release returns mHandle directly; the port's enum return is the same 32-bit x86 value and is normalized by the verifier.
0x005E9860	?get_dlist_node@AeThread@@QAEPAXXZ	V3	PASS	manual-equivalence-20260827	2026-08-27	src/game/logic/g_scr.cpp:3797	Non-empty list-node accessor returns the thread object's embedded dlist node address.
0x005E9860	?get_dlist_node@AeThread@@QAEPAXXZ	V4	PASS	manual-equivalence-20260827	2026-08-27	IDA:0x005E9860	Release returns this; the typed AeThread pointer decoration is an ABI-equivalent current spelling of the map void-pointer return.
0x005EA3E0	??0const_iterator@?$reserved_dlist@VAeThread@@@@QAE@ABViterator@1@@Z	V3	PASS	manual-equivalence-20260827	2026-08-27	src/game/logic/g_scr.cpp:657	Non-empty iterator conversion copies the current and next list-node pointers.
0x005EA3E0	??0const_iterator@?$reserved_dlist@VAeThread@@@@QAE@ABViterator@1@@Z	V4	PASS	manual-equivalence-20260827	2026-08-27	IDA:0x005EA3E0	Release constructor is a direct two-pointer copy from iterator; the port now emits the explicit AeThread specialization.
0x005EF500	?AddEndOn@EntityNotifySet@@QAEXPAVEndOnScriptNode@@@Z	V3	PASS	manual-equivalence-20260827	2026-08-27	src/game/core/entity_notify.cpp:44	Non-empty notify-set insertion links the EndOn node at the list tail and increments the count.
0x005EF500	?AddEndOn@EntityNotifySet@@QAEXPAVEndOnScriptNode@@@Z	V4	PASS	manual-equivalence-20260827	2026-08-27	IDA:0x005EF500	Release tail-link assignments and count update match source; class/struct pointer decoration is normalized by the verifier.
0x005EF530	?VecAnglesToUp@Broc@@YAXAAUvector@1@ABU21@@Z	V3	PASS	manual-equivalence-20260827	2026-08-27	src/broc/Broc.cpp:460	Non-empty angle-up helper forwards the output and angle vectors to AnglesToUp.
0x005EF530	?VecAnglesToUp@Broc@@YAXAAUvector@1@ABU21@@Z	V4	PASS	manual-equivalence-20260827	2026-08-27	IDA:0x005EF530	Release forwarding body matches exactly; current pointer decorations are ABI-equivalent to the map references.
0x005EF550	?VecAnglesToRight@Broc@@YAXAAUvector@1@ABU21@@Z	V3	PASS	manual-equivalence-20260827	2026-08-27	src/broc/Broc.cpp:465	Non-empty angle-right helper forwards the output and angle vectors to AnglesToRight.
0x005EF550	?VecAnglesToRight@Broc@@YAXAAUvector@1@ABU21@@Z	V4	PASS	manual-equivalence-20260827	2026-08-27	IDA:0x005EF550	Release forwarding body matches exactly; current pointer decorations are ABI-equivalent to the map references.
0x005EF570	?VecAnglesToForward@Broc@@YAXAAUvector@1@ABU21@@Z	V3	PASS	manual-equivalence-20260827	2026-08-27	src/broc/Broc.cpp:470	Non-empty angle-forward helper forwards the output and angle vectors to AnglesToForward.
0x005EF570	?VecAnglesToForward@Broc@@YAXAAUvector@1@ABU21@@Z	V4	PASS	manual-equivalence-20260827	2026-08-27	IDA:0x005EF570	Release forwarding body matches exactly; current pointer decorations are ABI-equivalent to the map references.
0x005EF600	?DereferenceHandle@AeThreadManager@@QBEPAVAeThread@@VHandle@@@Z	V3	PASS	manual-equivalence-20260827	2026-08-27	src/game/logic/g_scr.cpp:3707	Non-empty handle dereference validates the key and returns the corresponding AeThread pointer.
0x005EF600	?DereferenceHandle@AeThreadManager@@QBEPAVAeThread@@VHandle@@@Z	V4	PASS	manual-equivalence-20260827	2026-08-27	IDA:0x005EF600	Release index/key lookup and null fallback match source; the method is emitted with the release const member decoration.
0x005EF680	?MathFastSinCos@Broc@@YAXMAAM0@Z	V3	PASS	manual-equivalence-20260827	2026-08-27	src/broc/Broc.cpp:371	Non-empty trigonometric helper forwards the angle and output pointers to FastSinCos.
0x005EF680	?MathFastSinCos@Broc@@YAXMAAM0@Z	V4	PASS	manual-equivalence-20260827	2026-08-27	IDA:0x005EF680	Release wrapper is a direct FastSinCos forward; current pointer decoration is normalized as an ABI-equivalent spelling.
0x005BBC50	?Init@MemCount@@YAXXZ	V3	PASS	ida-manual-20260827	2026-08-27	src/game/logic/g_scr.cpp:2234	Body is intentionally empty and has no placeholder control flow.
0x005BBC50	?Init@MemCount@@YAXXZ	V4	PASS	ida-manual-20260827	2026-08-27	IDA:0x005BBC50	Release body is a no-op and matches the empty source implementation.
0x005BBC60	?RenderTotals@MemCount@@YAXXZ	V3	PASS	ida-manual-20260827	2026-08-27	src/game/logic/g_scr.cpp:2239	Body is intentionally empty.
0x005BBC60	?RenderTotals@MemCount@@YAXXZ	V4	PASS	ida-manual-20260827	2026-08-27	IDA:0x005BBC60	Release body is a no-op and matches source.
0x005BBC70	?ReportTotals@MemCount@@YAXXZ	V3	PASS	ida-manual-20260827	2026-08-27	src/game/logic/g_scr.cpp:2244	Body is intentionally empty.
0x005BBC70	?ReportTotals@MemCount@@YAXXZ	V4	PASS	ida-manual-20260827	2026-08-27	IDA:0x005BBC70	Release body is a no-op and matches source.
0x005BBC90	?CheckForMapChangeLeaks@MemCount@@YAXXZ	V3	PASS	ida-manual-20260827	2026-08-27	src/game/logic/g_scr.cpp:2255	Body is intentionally empty.
0x005BBC90	?CheckForMapChangeLeaks@MemCount@@YAXXZ	V4	PASS	ida-manual-20260827	2026-08-27	IDA:0x005BBC90	Release body is a no-op and matches source.
0x005BBCA0	?CheckForRoundtripLeaks@MemCount@@YAXXZ	V3	PASS	ida-manual-20260827	2026-08-27	src/game/logic/g_scr.cpp:2260	Body is intentionally empty.
0x005BBCA0	?CheckForRoundtripLeaks@MemCount@@YAXXZ	V4	PASS	ida-manual-20260827	2026-08-27	IDA:0x005BBCA0	Release body is a no-op and matches source.
0x005BBCC0	?SetSafeAlloc@MemCount@@YAX_N@Z	V3	PASS	ida-manual-20260827	2026-08-27	src/game/logic/g_scr.cpp:2269	Body is intentionally empty.
0x005BBCC0	?SetSafeAlloc@MemCount@@YAX_N@Z	V4	PASS	ida-manual-20260827	2026-08-27	IDA:0x005BBCC0	Release body is a no-op and matches source despite the decompiler omitting the unused bool.
0x005BCD30	?GameLoad@BrocSys@@YAXABVstring@Broc@@@Z	V3	PASS	ida-manual-20260827	2026-08-27	src/game/logic/g_scr.cpp:3148	Body is intentionally empty.
0x005BCD30	?GameLoad@BrocSys@@YAXABVstring@Broc@@@Z	V4	PASS	ida-manual-20260827	2026-08-27	IDA:0x005BCD30	Release body is a no-op and matches source.
0x005BCEE0	?ProfEnd@BrocSys@@YAXXZ	V3	PASS	ida-manual-20260827	2026-08-27	src/game/logic/g_scr.cpp:3187	Body is intentionally empty.
0x005BCEE0	?ProfEnd@BrocSys@@YAXXZ	V4	PASS	ida-manual-20260827	2026-08-27	IDA:0x005BCEE0	Release body is a no-op and matches source.
0x005BCF30	?EndMemCheck@BrocSys@@YAXXZ	V3	PASS	ida-manual-20260827	2026-08-27	src/game/logic/g_scr.cpp:3202	Body is intentionally empty.
0x005BCF30	?EndMemCheck@BrocSys@@YAXXZ	V4	PASS	ida-manual-20260827	2026-08-27	IDA:0x005BCF30	Release body is a no-op and matches source.
0x005BD2D0	?ProfileStop@BrocSys@@YAXH@Z	V3	PASS	ida-manual-20260827	2026-08-27	src/game/logic/g_scr.cpp:3219	Body is intentionally empty.
0x005BD2D0	?ProfileStop@BrocSys@@YAXH@Z	V4	PASS	ida-manual-20260827	2026-08-27	IDA:0x005BD2D0	Release body is a no-op and matches source.
0x005BD2E0	?ProfileSetVal@BrocSys@@YAXHH@Z	V3	PASS	ida-manual-20260827	2026-08-27	src/game/logic/g_scr.cpp:3224	Body is intentionally empty.
0x005BD2E0	?ProfileSetVal@BrocSys@@YAXHH@Z	V4	PASS	ida-manual-20260827	2026-08-27	IDA:0x005BD2E0	Release body is a no-op and matches source.
0x005BD940	?IncMissionStat@BrocSys@@YAXH@Z	V3	PASS	ida-manual-20260827	2026-08-27	src/game/logic/g_scr.cpp:3252	Body is intentionally empty.
0x005BD940	?IncMissionStat@BrocSys@@YAXH@Z	V4	PASS	ida-manual-20260827	2026-08-27	IDA:0x005BD940	Release body is a no-op and matches source.
0x005BD950	?DecMissionStat@BrocSys@@YAXH@Z	V3	PASS	ida-manual-20260827	2026-08-27	src/game/logic/g_scr.cpp:3257	Body is intentionally empty.
0x005BD950	?DecMissionStat@BrocSys@@YAXH@Z	V4	PASS	ida-manual-20260827	2026-08-27	IDA:0x005BD950	Release body is a no-op and matches source.
0x005BD990	?SetPlayerWeaponUsed@BrocSys@@YAXH@Z	V3	PASS	ida-manual-20260827	2026-08-27	src/game/logic/g_scr.cpp:3279	Body is intentionally empty.
0x005BD990	?SetPlayerWeaponUsed@BrocSys@@YAXH@Z	V4	PASS	ida-manual-20260827	2026-08-27	IDA:0x005BD990	Release body is a no-op and matches source.
0x005BEF90	?AddFakeFriendly@BrocSys@@YAXI_N@Z	V3	PASS	ida-manual-20260827	2026-08-27	src/game/logic/g_scr.cpp:2801	Body is intentionally empty.
0x005BEF90	?AddFakeFriendly@BrocSys@@YAXI_N@Z	V4	PASS	ida-manual-20260827	2026-08-27	IDA:0x005BEF90	Release body is a no-op and matches source.
0x005BEFA0	?RemoveFakeFriendly@BrocSys@@YAXI@Z	V3	PASS	ida-manual-20260827	2026-08-27	src/game/logic/g_scr.cpp:2806	Body is intentionally empty.
0x005BEFA0	?RemoveFakeFriendly@BrocSys@@YAXI@Z	V4	PASS	ida-manual-20260827	2026-08-27	IDA:0x005BEFA0	Release body is a no-op and matches source.
0x005BF800	?DronesStop@BrocSys@@YAXPBD@Z	V3	PASS	ida-manual-20260827	2026-08-27	src/game/logic/g_scr.cpp:2834	Body is intentionally empty.
0x005BF800	?DronesStop@BrocSys@@YAXPBD@Z	V4	PASS	ida-manual-20260827	2026-08-27	IDA:0x005BF800	Release body is a no-op and matches source.
0x005BF810	?DronesDelete@BrocSys@@YAXPBD@Z	V3	PASS	ida-manual-20260827	2026-08-27	src/game/logic/g_scr.cpp:2840	Body is intentionally empty.
0x005BF810	?DronesDelete@BrocSys@@YAXPBD@Z	V4	PASS	ida-manual-20260827	2026-08-27	IDA:0x005BF810	Release body is a no-op and matches source.
0x005BEDF0	?AnimScripted2@BrocSys@@YAXIIABUvector@Broc@@0IABVstring@3@I_NMM@Z	V3	PASS	ida-manual-20260827	2026-08-27	src/game/logic/g_scr.cpp:2788	Body is intentionally empty.
0x005BEDF0	?AnimScripted2@BrocSys@@YAXIIABUvector@Broc@@0IABVstring@3@I_NMM@Z	V4	PASS	ida-manual-20260827	2026-08-27	IDA:0x005BEDF0	Release body is a no-op and matches source.
0x005BEEA0	?StartScriptedAnim@BrocSys@@YAXIIABUvector@Broc@@0IABVstring@3@I@Z	V3	PASS	ida-manual-20260827	2026-08-27	src/game/logic/g_scr.cpp:2795	Body is intentionally empty.
0x005BEEA0	?StartScriptedAnim@BrocSys@@YAXIIABUvector@Broc@@0IABVstring@3@I@Z	V4	PASS	ida-manual-20260827	2026-08-27	IDA:0x005BEEA0	Release body is a no-op and matches source.
0x005BF730	?SaveCheckpoint@BrocSys@@YAXXZ	V3	PASS	ida-manual-20260827	2026-08-27	src/game/logic/g_scr.cpp:2818	Body is intentionally empty.
0x005BF730	?SaveCheckpoint@BrocSys@@YAXXZ	V4	PASS	ida-manual-20260827	2026-08-27	IDA:0x005BF730	Release body is a no-op and matches source.
0x005BF7F0	?DronesStart@BrocSys@@YAXPBD0HHHMM_N1@Z	V3	PASS	ida-manual-20260827	2026-08-27	src/game/logic/g_scr.cpp:2829	Body is intentionally empty.
0x005BF7F0	?DronesStart@BrocSys@@YAXPBD0HHHMM_N1@Z	V4	PASS	ida-manual-20260827	2026-08-27	IDA:0x005BF7F0	Release body is a no-op and matches source.
0x005BFB20	?SetDroneScriptControl@BrocSys@@YAXI_N@Z	V3	PASS	ida-manual-20260827	2026-08-27	src/game/logic/g_scr.cpp:2844	Body is intentionally empty.
0x005BFB20	?SetDroneScriptControl@BrocSys@@YAXI_N@Z	V4	PASS	ida-manual-20260827	2026-08-27	IDA:0x005BFB20	Release body is a no-op and matches source.
0x005BFBE0	?SetZFog@BrocSys@@YAXMMM@Z	V3	PASS	ida-manual-20260827	2026-08-27	src/game/logic/g_scr.cpp:2863	Body is intentionally empty.
0x005BFBE0	?SetZFog@BrocSys@@YAXMMM@Z	V4	PASS	ida-manual-20260827	2026-08-27	IDA:0x005BFBE0	Release body is a no-op and matches source.
0x005BCD20	?GameSave@BrocSys@@YAXABVstring@Broc@@@Z	V3	PASS	ida-manual-20260827	2026-08-27	src/game/logic/g_scr.cpp:3143	Body is intentionally empty.
0x005BCD20	?GameSave@BrocSys@@YAXABVstring@Broc@@@Z	V4	PASS	ida-manual-20260827	2026-08-27	IDA:0x005BCD20	Release body is a no-op and matches source.
0x005BCDD0	?MissionSuccess@BrocSys@@YAXABVstring@Broc@@@Z	V3	PASS	ida-manual-20260827	2026-08-27	src/game/logic/g_scr.cpp:3159	Body is intentionally empty.
0x005BCDD0	?MissionSuccess@BrocSys@@YAXABVstring@Broc@@@Z	V4	PASS	ida-manual-20260827	2026-08-27	IDA:0x005BCDD0	Release body is a no-op and matches source.
0x005BCED0	?ProfBegin@BrocSys@@YAXXZ	V3	PASS	ida-manual-20260827	2026-08-27	src/game/logic/g_scr.cpp:3182	Body is intentionally empty.
0x005BCED0	?ProfBegin@BrocSys@@YAXXZ	V4	PASS	ida-manual-20260827	2026-08-27	IDA:0x005BCED0	Release body is a no-op and matches source.
0x005BCF20	?StartMemCheck@BrocSys@@YAXXZ	V3	PASS	ida-manual-20260827	2026-08-27	src/game/logic/g_scr.cpp:3198	Body is intentionally empty.
0x005BCF20	?StartMemCheck@BrocSys@@YAXXZ	V4	PASS	ida-manual-20260827	2026-08-27	IDA:0x005BCF20	Release body is a no-op and matches source.
0x005BD2C0	?ProfileStart@BrocSys@@YAXH@Z	V3	PASS	ida-manual-20260827	2026-08-27	src/game/logic/g_scr.cpp:3214	Body is intentionally empty.
0x005BD2C0	?ProfileStart@BrocSys@@YAXH@Z	V4	PASS	ida-manual-20260827	2026-08-27	IDA:0x005BD2C0	Release body is a no-op and matches source.
0x005BD930	?SetMissionStat@BrocSys@@YAXHH@Z	V3	PASS	ida-manual-20260827	2026-08-27	src/game/logic/g_scr.cpp:3247	Body is intentionally empty.
0x005BD930	?SetMissionStat@BrocSys@@YAXHH@Z	V4	PASS	ida-manual-20260827	2026-08-27	IDA:0x005BD930	Release body is a no-op and matches source.
0x005BD980	?UpdateMissionCompletionTime@BrocSys@@YAXXZ	V3	PASS	ida-manual-20260827	2026-08-27	src/game/logic/g_scr.cpp:3274	Body is intentionally empty.
0x005BD980	?UpdateMissionCompletionTime@BrocSys@@YAXXZ	V4	PASS	ida-manual-20260827	2026-08-27	IDA:0x005BD980	Release body is a no-op and matches source.
0x005BDAF0	?EnableNanoForces@BrocSys@@YAX_N@Z	V3	PASS	ida-manual-20260827	2026-08-27	src/game/logic/g_scr.cpp:3303	Body is intentionally empty.
0x005BDAF0	?EnableNanoForces@BrocSys@@YAX_N@Z	V4	PASS	ida-manual-20260827	2026-08-27	IDA:0x005BDAF0	Release body is a no-op and matches source.
0x005BC1D0	?SetDepthOfField@@YAX_NMMMM@Z	V3	PASS	ida-manual-20260827	2026-08-27	src/game/logic/g_scr.cpp:2289	Body is intentionally empty.
0x005BC1D0	?SetDepthOfField@@YAX_NMMMM@Z	V4	PASS	ida-manual-20260827	2026-08-27	IDA:0x005BC1D0	Release body is a no-op and matches source.
0x005C11C0	?MPScript_SetCompassVisibilty@BrocSys@@YAXI_N@Z	V3	PASS	ida-manual-20260827	2026-08-27	src/game/logic/g_scr.cpp:2887	Body is intentionally empty.
0x005C11C0	?MPScript_SetCompassVisibilty@BrocSys@@YAXI_N@Z	V4	PASS	ida-manual-20260827	2026-08-27	IDA:0x005C11C0	Release body is a no-op and matches source.
0x005C1A40	?UpdateNPCtoVehicleMovement@BrocSys@@YAXII@Z	V3	PASS	ida-manual-20260827	2026-08-27	src/game/logic/g_scr.cpp:3066	Body is intentionally empty.
0x005C1A40	?UpdateNPCtoVehicleMovement@BrocSys@@YAXII@Z	V4	PASS	ida-manual-20260827	2026-08-27	IDA:0x005C1A40	Release body is a no-op and matches source.
0x005C0C30	?MPScript_ClearTeamScores@BrocSys@@YAXXZ	V3	PASS	ida-manual-20260827	2026-08-27	src/game/logic/g_scr.cpp:2874	Implementation clears team-score slots 2 and 1 as in the release body.
0x005C0C30	?MPScript_ClearTeamScores@BrocSys@@YAXXZ	V4	PASS	ida-manual-20260827	2026-08-27	IDA:0x005C0C30	Release and source clear the same two cgGlobal team-score fields; IDA's int return is a decompiler artifact against the void map ABI.
0x005C1110	?MPScript_ForceControllerErrorMessageDown@BrocSys@@YAXXZ	V3	PASS	ida-manual-20260827	2026-08-27	src/game/logic/g_scr.cpp:2881	Implementation clears the controller-connected error latch.
0x005C1110	?MPScript_ForceControllerErrorMessageDown@BrocSys@@YAXXZ	V4	PASS	ida-manual-20260827	2026-08-27	IDA:0x005C1110	Release and source perform the same single latch write.
0x005C17E0	?DebugOut@BrocSys@@YAXPBD@Z	V3	PASS	ida-manual-20260827	2026-08-27	src/game/logic/g_scr.cpp:2895	Debug output forwards the supplied string to tlPrintf.
0x005C17E0	?DebugOut@BrocSys@@YAXPBD@Z	V4	PASS	ida-manual-20260827	2026-08-27	IDA:0x005C17E0	Release is a tail jump to tlPrintf, equivalent to the source forwarding body.
0x005C17F0	?FreezeMovement@BrocSys@@YAX_N@Z	V3	PASS	ida-manual-20260827	2026-08-27	src/game/logic/g_scr.cpp:2901	Implementation stores the requested movement-freeze state.
0x005C17F0	?FreezeMovement@BrocSys@@YAX_N@Z	V4	PASS	ida-manual-20260827	2026-08-27	IDA:0x005C17F0	Release and source assign the same global latch.
0x005C1940	?PrintObjectiveUpdate@BrocSys@@YA_NAAVstring@Broc@@HPBD@Z	V3	PASS	ida-manual-20260827	2026-08-27	src/game/logic/g_scr.cpp:2910	Implementation returns the release sentinel true.
0x005C1940	?PrintObjectiveUpdate@BrocSys@@YA_NAAVstring@Broc@@HPBD@Z	V4	PASS	ida-manual-20260827	2026-08-27	IDA:0x005C1940	Release returns true unconditionally and matches source.
0x005C5780	?CreateNanoForce@BrocSys@@YAIABVstring@Broc@@ABUvector@3@1@Z	V3	PASS	ida-manual-20260827	2026-08-27	src/game/logic/g_scr.cpp:2927	Implementation returns the release zero sentinel.
0x005C5780	?CreateNanoForce@BrocSys@@YAIABVstring@Broc@@ABUvector@3@1@Z	V4	PASS	ida-manual-20260827	2026-08-27	IDA:0x005C5780	Release returns zero unconditionally and matches source.
0x005BBCB0	?SetGamePhase@MemCount@@YAXW4eGamePhase@1@@Z	V3	PASS	ida-manual-20260827	2026-08-27	src/game/logic/g_scr.cpp:2250	Source preserves the release no-op for the MemCount game-phase hook.
0x005BBCB0	?SetGamePhase@MemCount@@YAXW4eGamePhase@1@@Z	V4	PASS	ida-manual-20260827	2026-08-27	IDA:0x005BBCB0	Release decompiles to an empty body, matching source.
0x005BCD20	?GameSave@BrocSys@@YAXABVstring@Broc@@@Z	V3	PASS	ida-manual-20260827	2026-08-27	src/game/logic/g_scr.cpp:3144	Source preserves the release no-op game-save hook.
0x005BCD20	?GameSave@BrocSys@@YAXABVstring@Broc@@@Z	V4	PASS	ida-manual-20260827	2026-08-27	IDA:0x005BCD20	Release decompiles to an empty body, matching source.
0x005BCDD0	?MissionSuccess@BrocSys@@YAXABVstring@Broc@@@Z	V3	PASS	ida-manual-20260827	2026-08-27	src/game/logic/g_scr.cpp:3160	Source preserves the release no-op mission-success hook.
0x005BCDD0	?MissionSuccess@BrocSys@@YAXABVstring@Broc@@@Z	V4	PASS	ida-manual-20260827	2026-08-27	IDA:0x005BCDD0	Release decompiles to an empty body, matching source.
0x005BCED0	?ProfBegin@BrocSys@@YAXXZ	V3	PASS	ida-manual-20260827	2026-08-27	src/game/logic/g_scr.cpp:3183	Source preserves the release no-op profiling hook.
0x005BCED0	?ProfBegin@BrocSys@@YAXXZ	V4	PASS	ida-manual-20260827	2026-08-27	IDA:0x005BCED0	Release decompiles to an empty body, matching source.
0x005BCF20	?StartMemCheck@BrocSys@@YAXXZ	V3	PASS	ida-manual-20260827	2026-08-27	src/game/logic/g_scr.cpp:3199	Source preserves the release no-op memory-check hook.
0x005BCF20	?StartMemCheck@BrocSys@@YAXXZ	V4	PASS	ida-manual-20260827	2026-08-27	IDA:0x005BCF20	Release decompiles to an empty body, matching source.
0x005BD2C0	?ProfileStart@BrocSys@@YAXH@Z	V3	PASS	ida-manual-20260827	2026-08-27	src/game/logic/g_scr.cpp:3215	Source preserves the release no-op profiling hook.
0x005BD2C0	?ProfileStart@BrocSys@@YAXH@Z	V4	PASS	ida-manual-20260827	2026-08-27	IDA:0x005BD2C0	Release decompiles to an empty body, matching source.
0x005BD930	?SetMissionStat@BrocSys@@YAXHH@Z	V3	PASS	ida-manual-20260827	2026-08-27	src/game/logic/g_scr.cpp:3248	Source preserves the release no-op mission-stat hook.
0x005BD930	?SetMissionStat@BrocSys@@YAXHH@Z	V4	PASS	ida-manual-20260827	2026-08-27	IDA:0x005BD930	Release decompiles to an empty body, matching source.
0x005BD980	?UpdateMissionCompletionTime@BrocSys@@YAXXZ	V3	PASS	ida-manual-20260827	2026-08-27	src/game/logic/g_scr.cpp:3275	Source preserves the release no-op completion-time hook.
0x005BD980	?UpdateMissionCompletionTime@BrocSys@@YAXXZ	V4	PASS	ida-manual-20260827	2026-08-27	IDA:0x005BD980	Release decompiles to an empty body, matching source.
0x005BDAF0	?EnableNanoForces@BrocSys@@YAX_N@Z	V3	PASS	ida-manual-20260827	2026-08-27	src/game/logic/g_scr.cpp:3304	Source preserves the release no-op Nano-forces hook.
0x005BDAF0	?EnableNanoForces@BrocSys@@YAX_N@Z	V4	PASS	ida-manual-20260827	2026-08-27	IDA:0x005BDAF0	Release decompiles to an empty body, matching source.
0x005C11C0	?MPScript_SetCompassVisibilty@BrocSys@@YAXI_N@Z	V3	PASS	ida-manual-20260827	2026-08-27	src/game/logic/g_scr.cpp:2888	Source preserves the release no-op compass visibility hook.
0x005C11C0	?MPScript_SetCompassVisibilty@BrocSys@@YAXI_N@Z	V4	PASS	ida-manual-20260827	2026-08-27	IDA:0x005C11C0	Release decompiles to an empty body, matching source.
0x005C1A40	?UpdateNPCtoVehicleMovement@BrocSys@@YAXII@Z	V3	PASS	ida-manual-20260827	2026-08-27	src/game/logic/g_scr.cpp:3067	Source preserves the release no-op NPC-to-vehicle hook.
0x005C1A40	?UpdateNPCtoVehicleMovement@BrocSys@@YAXII@Z	V4	PASS	ida-manual-20260827	2026-08-27	IDA:0x005C1A40	Release decompiles to an empty body, matching source.
0x005BD2F0	?HudClearTypeSettings@BrocSys@@YAXPAUgame_hudelem_s@@@Z	V3	PASS	ida-manual-20260827	2026-08-27	src/game/logic/g_scr.cpp:2505	Source clears the release HUD type-specific fields and preserves the element ABI.
0x005BD2F0	?HudClearTypeSettings@BrocSys@@YAXPAUgame_hudelem_s@@@Z	V4	PASS	ida-manual-20260827	2026-08-27	IDA:0x005BD2F0	Release writes the same width/height, texture, transition, timing, value, and text fields.
0x005BD320	?HudSetDefaults@BrocSys@@YAXPAUgame_hudelem_s@@@Z	V3	PASS	ida-manual-20260827	2026-08-27	src/game/logic/g_scr.cpp:7393	Source preserves release asserts and initializes all HUD defaults, type, colors, and value.
0x005BD320	?HudSetDefaults@BrocSys@@YAXPAUgame_hudelem_s@@@Z	V4	PASS	ida-manual-20260827	2026-08-27	IDA:0x005BD320	Release field-by-field decompilation matches source defaults and assert metadata.
0x005BD440	?HudIsPanelType@BrocSys@@YA_NPAUgame_hudelem_s@@@Z	V3	PASS	ida-manual-20260827	2026-08-27	src/game/logic/g_scr.cpp:2941	Source returns the panel-type range predicate used by the script API.
0x005BD440	?HudIsPanelType@BrocSys@@YA_NPAUgame_hudelem_s@@@Z	V4	PASS	ida-manual-20260827	2026-08-27	IDA:0x005BD440	Release predicate matches source: type >= HE_TYPE_COUNT and <= HE_TYPE_COUNT|HE_TYPE_TIMER_DOWN.
0x005BD4D0	?HudFree@BrocSys@@YAXPAUgame_hudelem_s@@@Z	V3	PASS	ida-manual-20260827	2026-08-27	src/game/logic/g_scr.cpp:8203	Source preserves release pointer/type assertions, text config cleanup, and free transition.
0x005BD4D0	?HudFree@BrocSys@@YAXPAUgame_hudelem_s@@@Z	V4	PASS	ida-manual-20260827	2026-08-27	IDA:0x005BD4D0	Release body matches source assertions, text reference cleanup, configstring clear, and HE_TYPE_FREE assignment.
0x0045BF80	?GScr_LoadScripts@@YAX_N@Z	V3	PASS	ida-manual-20260827	2026-08-27	src/game/logic/g_scr.cpp:1905	Real script loader initializes Broc animation state, loads entity scripts/anims, precaches trees, and stores generic_human.
0x0045BF80	?GScr_LoadScripts@@YAX_N@Z	V4	PASS	ida-manual-20260827	2026-08-27	IDA:0x0045BF80;src/game/logic/g_scr.cpp:1905	Release and source both call mAnimInitialize, derive g_xanim_num, load entity scripts/anims, precache trees, require generic_human, and store the tree.
0x005BD600	?HudSetIsVisible@BrocSys@@YAX_N@Z	V3	PASS	ida-manual-20260827	2026-08-27	src/game/logic/g_scr.cpp:2948	Source updates the FE manager HUD suppression latch with the inverse visibility flag.
0x005BD600	?HudSetIsVisible@BrocSys@@YAX_N@Z	V4	PASS	ida-manual-20260827	2026-08-27	IDA:0x005BD600	Release writes g_femanager.mDontDrawHud = !vla, matching source.
0x005BD670	?SetValue@BrocSys@@YAXABVhudelem@Broc@@M@Z	V3	PASS	ida-manual-20260827	2026-08-27	src/game/logic/g_scr.cpp:7445	Source preserves release bounds assertion, value-slot clears, HE_TYPE_VALUE transition, and value write.
0x005BD670	?SetValue@BrocSys@@YAXABVhudelem@Broc@@M@Z	V4	PASS	ida-manual-20260827	2026-08-27	IDA:0x005BD670	Release field stores and HUD type transition match source exactly.
0x005BD730	?Reset@BrocSys@@YAXABVhudelem@Broc@@@Z	V3	PASS	ida-manual-20260827	2026-08-27	src/game/logic/g_scr.cpp:8365	Source preserves release index assertion and delegates to HudSetDefaults for the selected element.
0x005BD730	?Reset@BrocSys@@YAXABVhudelem@Broc@@@Z	V4	PASS	ida-manual-20260827	2026-08-27	IDA:0x005BD730	Release index validation and HudSetDefaults call match source.
0x005BD7A0	?Destroy@BrocSys@@YAXABVhudelem@Broc@@@Z	V3	PASS	ida-manual-20260827	2026-08-27	src/game/logic/g_scr.cpp:8383	Source preserves release index assertion and conditional HudFree call.
0x005BD7A0	?Destroy@BrocSys@@YAXABVhudelem@Broc@@@Z	V4	PASS	ida-manual-20260827	2026-08-27	IDA:0x005BD7A0	Release validation and conditional free behavior match source.
0x005BD810	?ValidateApiSize@BrocSys@@YAXHH@Z	V3	PASS	ida-manual-20260827	2026-08-27	src/game/logic/g_scr.cpp:8250	Source preserves the release API-size checks, assert metadata, and expected 456/4924 constants.
0x005BD810	?ValidateApiSize@BrocSys@@YAXHH@Z	V4	PASS	ida-manual-20260827	2026-08-27	IDA:0x005BD810	Release checks BrocExports=456 and BrocAPI=4924 with matching error strings and break behavior.
0x005BC800	?Line@BrocSys@@YAXABUvector@Broc@@00MH@Z	V3	PASS	ida-manual-20260827	2026-08-27	src/game/logic/g_scr.cpp:8109	Source preserves the release no-op ABI body and consumes all five parameters.
0x005BC800	?Line@BrocSys@@YAXABUvector@Broc@@00MH@Z	V4	PASS	ida-manual-20260827	2026-08-27	IDA:0x005BC800	Release decompilation is a single retn; source is an equivalent no-op.
0x005BE180	?Init@BrocHelper@@YAXXZ	V3	PASS	ida-manual-20260827	2026-08-27	src/game/logic/g_scr.cpp:23453	Source clears all 70 bro-function entries and resets m_treeCount as in release.
0x005BE180	?Init@BrocHelper@@YAXXZ	V4	PASS	ida-manual-20260827	2026-08-27	IDA:0x005BE180	Release performs memset of the 0x230-byte lookup table, sets m_treeCount=0, and returns.
0x005DCE70	?GetEntByFieldAndHash@BrocSys@@YAIHIPAIH@Z	V3	PASS	ida-manual-20260827	2026-08-27	src/game/logic/g_scr.cpp:25259	Source scans the active entity list, supports array and single-result modes, marks vehicle sound, and preserves the duplicate-entity assert.
0x005DCE70	?GetEntByFieldAndHash@BrocSys@@YAIHIPAIH@Z	V4	PASS	ida-manual-20260827	2026-08-27	IDA:0x005DCE70	Release control flow and BrocEntity.cpp:394 assert metadata match the reconstructed implementation; release ignores capacity in this helper.
0x005E9430	??2AeThreadState@@SAPAXI_NPBDH@Z	V3	PASS	ida-manual-20260827	2026-08-27	src/game/logic/g_scr.cpp:404	Source operator-new body forwards size and forceHeapAlloc to AeThreadState::sAllocator.
0x005E9430	??2AeThreadState@@SAPAXI_NPBDH@Z	V4	PASS	ida-manual-20260827	2026-08-27	IDA:0x005E9430	Release calls PoolAllocator::Allocate on AeThreadState::sAllocator with the same two arguments.
0x005E94E0	??2EndOnScriptNode@@SAPAXI_NPBDH@Z	V3	PASS	manual-equivalence-20260827	2026-08-27	src/game/logic/g_scr.cpp:5738	Source operator-new body forwards size and forceHeapAlloc to EndOnScriptNode::sAllocator.
0x005E94E0	??2EndOnScriptNode@@SAPAXI_NPBDH@Z	V4	PASS	ida-manual-20260827	2026-08-27	IDA:0x005E94E0	Release calls PoolAllocator::Allocate on EndOnScriptNode::sAllocator with the same two arguments.
0x005E9870	??2AeThread@@SAPAXI_NPBDH@Z	V3	PASS	manual-equivalence-20260827	2026-08-27	src/game/logic/g_scr.cpp:3803	Source operator-new body forwards size and forceHeapAlloc to AeThread::sAllocator.
0x005E9870	??2AeThread@@SAPAXI_NPBDH@Z	V4	PASS	ida-manual-20260827	2026-08-27	IDA:0x005E9870	Release calls PoolAllocator::Allocate on AeThread::sAllocator with the same two arguments.
0x005E9900	??2Block@BackupStack@AeThread@@SAPAXI_NPBDH@Z	V3	PASS	manual-equivalence-20260827	2026-08-27	src/game/logic/g_scr.cpp:1046	Source operator-new body forwards size and forceHeapAlloc to Block::sAllocator.
0x005E9900	??2Block@BackupStack@AeThread@@SAPAXI_NPBDH@Z	V4	PASS	ida-manual-20260827	2026-08-27	IDA:0x005E9900	Release calls PoolAllocator::Allocate on Block::sAllocator with the same two arguments.
0x005E9960	??0Block@BackupStack@AeThread@@QAE@XZ	V3	PASS	manual-equivalence-20260827	2026-08-27	src/game/logic/g_scr.cpp:1040	Source constructor initializes mNext to nullptr.
0x005E9960	??0Block@BackupStack@AeThread@@QAE@XZ	V4	PASS	ida-manual-20260827	2026-08-27	IDA:0x005E9960	Release constructor writes mNext=nullptr and returns this.
0x005E95E0	??$IsDefined@I@@YA_NI@Z	V3	PASS	manual-equivalence-20260827	2026-08-27	src/game/logic/g_scr.cpp:5806	Source returns false only for the release undefined sentinel 0xFEFEFEFE.
0x005E95E0	??$IsDefined@I@@YA_NI@Z	V4	PASS	ida-manual-20260827	2026-08-27	IDA:0x005E95E0	Release compares the unsigned value against -16843010 (0xFEFEFEFE), matching the source template instantiation.
0x005BC1A0	?XboxGetEntryFunction@@YAP6AP6AXXZPAPAUBrocAPI@@AAUBrocExports@@@ZPBD@Z	V3	PASS	manual-equivalence-20260827	2026-08-27	src/game/logic/g_scr.cpp:62	Source returns mp_level::InitScript only for a case-insensitive mp_level map name and nullptr otherwise.
0x005BC1A0	?XboxGetEntryFunction@@YAP6AP6AXXZPAPAUBrocAPI@@AAUBrocExports@@@ZPBD@Z	V4	PASS	ida-manual-20260827	2026-08-27	IDA:0x005BC1A0	Release uses _stricmp(mapname,"mp_level") and selects mp_level::InitScript with the same null fallback.
0x005BC210	?ConvertStringToHash@BrocSys@@YA?BIPBD@Z	V3	PASS	manual-equivalence-20260827	2026-08-27	src/game/logic/g_scr.cpp:3326	Source returns zero for null and otherwise constructs tlFixedString and returns its hash.
0x005BC210	?ConvertStringToHash@BrocSys@@YA?BIPBD@Z	V4	PASS	ida-manual-20260827	2026-08-27	IDA:0x005BC210	Release has the same null branch and tlFixedString hash extraction; IDA's displayed pointer return is a type-display artifact.
0x005BC230	?MemFree@BrocSys@@YAXPAX@Z	V3	PASS	manual-equivalence-20260827	2026-08-27	src/game/logic/g_scr.cpp:3335	Source releases pool allocations, then Broc heap allocations, then falls back to mem_heap_free.
0x005BC230	?MemFree@BrocSys@@YAXPAX@Z	V4	PASS	ida-manual-20260827	2026-08-27	IDA:0x005BC230	Release InPool/CheckFree/fallback branch and calls match source.
0x005BC280	?PoolAlloc@BrocSys@@YAPAXI@Z	V3	PASS	manual-equivalence-20260827	2026-08-27	src/game/logic/g_scr.cpp:3348	Source forwards size and false forceHeapAlloc to gCommonPoolAllocator.
0x005BC280	?PoolAlloc@BrocSys@@YAPAXI@Z	V4	PASS	ida-manual-20260827	2026-08-27	IDA:0x005BC280	Release calls gCommonPoolAllocator::Allocate(s,false), matching source.
0x005BC2A0	?PoolFree@BrocSys@@YAXPAX@Z	V3	PASS	manual-equivalence-20260827	2026-08-27	src/game/logic/g_scr.cpp:3354	Source forwards the pointer to gCommonPoolAllocator::Release.
0x005BC2A0	?PoolFree@BrocSys@@YAXPAX@Z	V4	PASS	ida-manual-20260827	2026-08-27	IDA:0x005BC2A0	Release calls gCommonPoolAllocator::Release with the same pointer.
0x005BC450	?SettleMapVote@BrocSys@@YAXXZ	V3	PASS	manual-equivalence-20260827	2026-08-27	src/game/logic/g_scr.cpp:11548	Source checks host status and tallies AAR map votes from menu slot 4.
0x005BC450	?SettleMapVote@BrocSys@@YAXXZ	V4	PASS	ida-manual-20260827	2026-08-27	IDA:0x005BC450	Release host branch and AARMapVote::TallyVotes(menu slot 4) match source.
0x005BC470	?SettleGameModeVote@BrocSys@@YAXXZ	V3	PASS	manual-equivalence-20260827	2026-08-27	src/game/logic/g_scr.cpp:11555	Source checks host status and tallies AAR game-mode votes from menu slot 3.
0x005BC470	?SettleGameModeVote@BrocSys@@YAXXZ	V4	PASS	ida-manual-20260827	2026-08-27	IDA:0x005BC470	Release host branch and AARGameModeVote::TallyVotes(menu slot 3) match source.
0x005BE6C0	?GetPlayerArray@BrocSys@@YAHPAI@Z	V3	PASS	manual-equivalence-20260827	2026-08-27	src/game/logic/g_scr.cpp:8415	Source scans all 16 player slots and returns handles only for entities with sentient state.
0x005BE6C0	?GetPlayerArray@BrocSys@@YAHPAI@Z	V4	PASS	ida-manual-20260827	2026-08-27	IDA:0x005BE6C0	Release loop bounds, sentient filter, handle writes, and count return match source.
0x005BE750	?GetLocalPlayerArray@BrocSys@@YAHPAI@Z	V3	PASS	manual-equivalence-20260827	2026-08-27	src/game/logic/g_scr.cpp:8428	Source validates player 0, sentient state, and IsLocalPlayer before writing one handle.
0x005BE750	?GetLocalPlayerArray@BrocSys@@YAHPAI@Z	V4	PASS	ida-manual-20260827	2026-08-27	IDA:0x005BE750	Release null/sentient/local checks and 0-or-1 result match source.
0x005BE7A0	?GetLevel@BrocSys@@YAIXZ	V3	PASS	manual-equivalence-20260827	2026-08-27	src/game/logic/g_scr.cpp:2521	Source returns the world entity handle.
0x005BE7A0	?GetLevel@BrocSys@@YAIXZ	V4	PASS	ida-manual-20260827	2026-08-27	IDA:0x005BE7A0	Release returns EntityManager::sInst->mWorld->mHandle.mVal, matching source.
0x005BE7B0	?GetPlayer@BrocSys@@YAIXZ	V3	PASS	manual-equivalence-20260827	2026-08-27	src/game/logic/g_scr.cpp:2966	Source resolves currCl through EntityManager and returns that entity handle.
0x005BE7B0	?GetPlayer@BrocSys@@YAIXZ	V4	PASS	ida-manual-20260827	2026-08-27	IDA:0x005BE7B0	Release calls EntityManager::GetPlayer(currCl) and returns mHandle.mVal, matching source.
0x005C4970	?GetHudElemAllocIndex@BrocSys@@YAHXZ	V3	PASS	manual-equivalence-20260827	2026-08-27	src/game/logic/g_scr.cpp:6765	Source scans the 16 HUD elements for a free slot, initializes defaults, and returns -1 when full.
0x005C4970	?GetHudElemAllocIndex@BrocSys@@YAHXZ	V4	PASS	ida-manual-20260827	2026-08-27	IDA:0x005C4970	Release free-slot scan, 16-element bound, HudSetDefaults call, and -1 fallback match source.
0x005C49B0	?NewHudElem@BrocSys@@YA?AVhudelem@Broc@@H@Z	V3	PASS	manual-equivalence-20260827	2026-08-27	src/game/logic/g_scr.cpp:9447	Source preserves allocation exhaustion assert/fallback and all five panel-type mappings.
0x005C49B0	?NewHudElem@BrocSys@@YA?AVhudelem@Broc@@H@Z	V4	PASS	ida-manual-20260827	2026-08-27	IDA:0x005C49B0	Release allocation call, exhaustion metadata, fallback global handle, and panel type switch match source.
0x005C4EE0	?SetText@BrocSys@@YAXABVhudelem@Broc@@ABVstring@3@@Z	V3	PASS	manual-equivalence-20260827	2026-08-27	src/game/logic/g_scr.cpp:7554	Source preserves HUD bounds assertion, localized/config-string branch, reference cleanup, and text assignment behavior.
0x005C4EE0	?SetText@BrocSys@@YAXABVhudelem@Broc@@ABVstring@3@@Z	V4	PASS	ida-manual-20260827	2026-08-27	IDA:0x005C4EE0	Release control flow, config-string indices, NRefsToString threshold, and localized-string fallback match source.
0x005C5060	?SetShader@BrocSys@@YAXABVhudelem@Broc@@ABVstring@3@HH@Z	V3	PASS	manual-equivalence-20260827	2026-08-27	src/game/logic/g_scr.cpp:7475	Source preserves bounds/type checks, mp_frontEnd texture lookup, dimension validation, reset fields, and shader transition.
0x005C5060	?SetShader@BrocSys@@YAXABVhudelem@Broc@@ABVstring@3@HH@Z	V4	PASS	ida-manual-20260827	2026-08-27	IDA:0x005C5060	Release texture path, negative width/height parameter errors, field clears, and HE_TYPE_SHADER assignment match source.
0x005C5180	?SetTimer@BrocSys@@YAXABVhudelem@Broc@@M@Z	V3	PASS	manual-equivalence-20260827	2026-08-27	src/game/logic/g_scr.cpp:2442	Source delegates directly to HudSetTimerInternal with type 4 and setTimer label.
0x005C5180	?SetTimer@BrocSys@@YAXABVhudelem@Broc@@M@Z	V4	PASS	ida-manual-20260827	2026-08-27	IDA:0x005C5180	Release forwards hud index, HE_TYPE_TIMER_DOWN value 4, label setTimer, and seconds value identically.
0x005C51A0	?SetTimerUp@BrocSys@@YAXABVhudelem@Broc@@M@Z	V3	PASS	manual-equivalence-20260827	2026-08-27	src/game/logic/g_scr.cpp:2455	Source preserves bounds validation, ceil(milliseconds), reset fields, HE_TYPE_TIMER_UP, and level-time offset.
0x005C51A0	?SetTimerUp@BrocSys@@YAXABVhudelem@Broc@@M@Z	V4	PASS	ida-manual-20260827	2026-08-27	IDA:0x005C51A0	Release assertion metadata, ceil(fVal*1000), field reset, type, and level.time addition match source.
0x005C5260	?SetTenthsTimer@BrocSys@@YAXABVhudelem@Broc@@M@Z	V3	PASS	manual-equivalence-20260827	2026-08-27	src/game/logic/g_scr.cpp:2449	Source delegates to HudSetTimerInternal with type 6 and setTenthsTimer label.
0x005C5260	?SetTenthsTimer@BrocSys@@YAXABVhudelem@Broc@@M@Z	V4	PASS	ida-manual-20260827	2026-08-27	IDA:0x005C5260	Release forwards HUD index, HE_TYPE_TENTHS_TIMER_DOWN value 6, label, and value identically.
0x005C5280	?SetTenthsTimerUp@BrocSys@@YAXABVhudelem@Broc@@M@Z	V3	PASS	manual-equivalence-20260827	2026-08-27	src/game/logic/g_scr.cpp:9553	Source preserves bounds assertion, ceil/positive-time error, reset fields, HE_TYPE_TENTHS_TIMER_UP, and level-time offset.
0x005C5280	?SetTenthsTimerUp@BrocSys@@YAXABVhudelem@Broc@@M@Z	V4	PASS	ida-manual-20260827	2026-08-27	IDA:0x005C5280	Release assertion, ceil milliseconds, time>0 error, reset sequence, type, and level.time addition match source.
0x005C5360	?SetClock@BrocSys@@YAXABVhudelem@Broc@@MMABVstring@3@HH@Z	V3	PASS	manual-equivalence-20260827	2026-08-27	src/game/logic/g_scr.cpp:6780	Source resolves nullable name storage and delegates to HudSetClockInternal type 8 with setClock.
0x005C5360	?SetClock@BrocSys@@YAXABVhudelem@Broc@@MMABVstring@3@HH@Z	V4	PASS	ida-manual-20260827	2026-08-27	IDA:0x005C5360	Release nullable-string handling and HudSetClockInternal(type 8,setClock) call match source.
0x005C53A0	?SetClockUp@BrocSys@@YAXABVhudelem@Broc@@MMABVstring@3@HH@Z	V3	PASS	manual-equivalence-20260827	2026-08-27	src/game/logic/g_scr.cpp:6791	Source resolves nullable name storage and delegates to HudSetClockInternal type 9 with setClockUp.
0x005C53A0	?SetClockUp@BrocSys@@YAXABVhudelem@Broc@@MMABVstring@3@HH@Z	V4	PASS	ida-manual-20260827	2026-08-27	IDA:0x005C53A0	Release nullable-string handling and HudSetClockInternal(type 9,setClockUp) call match source.
0x005C53E0	?FadeOverTime@BrocSys@@YAXABVhudelem@Broc@@M@Z	V3	PASS	manual-equivalence-20260827	2026-08-27	src/game/logic/g_scr.cpp:6797	Source preserves bounds assertion, 0/60-second validation, warning metadata, fade timing, and from-color capture.
0x005C53E0	?FadeOverTime@BrocSys@@YAXABVhudelem@Broc@@M@Z	V4	PASS	ida-manual-20260827	2026-08-27	IDA:0x005C53E0	Release validation branches, level.time, millisecond rounding, and color snapshot match source.
0x005C5510	?ScaleOverTime@BrocSys@@YAXABVhudelem@Broc@@MHH@Z	V3	PASS	manual-equivalence-20260827	2026-08-27	src/game/logic/g_scr.cpp:6836	Source preserves bounds assertion, 0/60-second validation, warning metadata, timing, from-size capture, and target size writes.
0x005C5510	?ScaleOverTime@BrocSys@@YAXABVhudelem@Broc@@MHH@Z	V4	PASS	ida-manual-20260827	2026-08-27	IDA:0x005C5510	Release validation branches, level.time, millisecond rounding, source-size snapshot, and width/height assignments match source.
0x005C5650	?MoveOverTime@BrocSys@@YAXABVhudelem@Broc@@M@Z	V3	PASS	manual-equivalence-20260827	2026-08-27	src/game/logic/g_scr.cpp:6890	Source preserves bounds assertion, 0/60-second validation, warning metadata, timing, and from-position capture.
0x005C5650	?MoveOverTime@BrocSys@@YAXABVhudelem@Broc@@M@Z	V4	PASS	ida-manual-20260827	2026-08-27	IDA:0x005C5650	Release validation branches, level.time, millisecond rounding, and x/y snapshot match source.
0x005C1A60	?Scr_EmitAnimation@@YAXPADGI@Z	V3	PASS	manual-equivalence-20260827	2026-08-27	src/game/logic/g_scr.cpp:6468	Source preserves the release assert-only behavior and ignores all three parameters.
0x005C1A60	?Scr_EmitAnimation@@YAXPADGI@Z	V4	PASS	ida-manual-20260827	2026-08-27	IDA:0x005C1A60	Release sets scr_animtree.cpp:151 metadata with expression "0", calls Assert("Is this still used? (CD)"), and breaks on assertion exactly as source.
0x005BC2C0	?RoundOver@BrocSys@@YAXHABVstring@Broc@@@Z	V3	PASS	ida-manual-20260827	2026-08-27	src/game/logic/g_scr.cpp:8335	Source preserves the axis/allies/neutral winner dispatch and condition forwarding.
0x005BC2C0	?RoundOver@BrocSys@@YAXHABVstring@Broc@@@Z	V4	PASS	ida-manual-20260827	2026-08-27	IDA:0x005BC2C0	Release compares axis then allies, otherwise evaluates neutral and dispatches team 1/2/3; source matches.
0x005BC350	?DisplayScoreBoard@BrocSys@@YAX_NH@Z	V3	PASS	ida-manual-20260827	2026-08-27	src/game/logic/g_scr.cpp:24801	Source preserves per-client scoreboard state writes, show/hide menu transitions, viewport changes, AAR timing/reset, and IGO cleanup; it adds null guards for optional front-end objects.
0x005BC350	?DisplayScoreBoard@BrocSys@@YAX_NH@Z	V4	PASS	ida-manual-20260827	2026-08-27	IDA:0x005BC350	Release field stores, show/hide branches, AAR timer/total-time updates, vote-panel resets, and tutorial/action cleanup match source on the release-valid object path.
0x005BC490	?SetSpecialRecharge@BrocSys@@YAXHHHH@Z	V3	PASS	ida-manual-20260827	2026-08-27	src/game/logic/g_scr.cpp:3360	Source preserves the player-index stride and class/end-time/duration stores.
0x005BC490	?SetSpecialRecharge@BrocSys@@YAXHHHH@Z	V4	PASS	ida-manual-20260827	2026-08-27	IDA:0x005BC490	Release writes class, start+length, and length at the same 1580-stride offsets as source.
0x005BC4C0	?AdvanceSpecialRecharge@BrocSys@@YAXH@Z	V3	PASS	ida-manual-20260827	2026-08-27	src/game/logic/g_scr.cpp:3369	Source preserves current-client end-time decrement and expiry clearing.
0x005BC4C0	?AdvanceSpecialRecharge@BrocSys@@YAXH@Z	V4	PASS	ida-manual-20260827	2026-08-27	IDA:0x005BC4C0	Release subtracts time, stores the result, and clears end/duration when cgGlobal.time exceeds it; source matches.
0x005BC500	?GetSpecialRechargePlayerClass@BrocSys@@YAHXZ	V3	PASS	ida-manual-20260827	2026-08-27	src/game/logic/g_scr.cpp:3382	Source returns the current-client special-recharge class slot.
0x005BC500	?GetSpecialRechargePlayerClass@BrocSys@@YAHXZ	V4	PASS	ida-manual-20260827	2026-08-27	IDA:0x005BC500	Release returns dword_F6419C at the 1580*currCl stride; source matches.
0x005BC6A0	?NextRound@BrocSys@@YAX_N@Z	V3	PASS	ida-manual-20260827	2026-08-27	src/game/logic/g_scr.cpp:8353	Source forwards the allow-change flag to MultiplayerMgr::NextRound.
0x005BC6A0	?NextRound@BrocSys@@YAX_N@Z	V4	PASS	ida-manual-20260827	2026-08-27	IDA:0x005BC6A0	Release is a direct MultiplayerMgr::NextRound thunk; source matches.
0x005C57E0	?Scr_SetOrigin@BrocSys@@YAXPAVEntity@@HPAUvector@Broc@@@Z	V3	PASS	ida-manual-20260827	2026-08-27	src/game/logic/g_scr.cpp:6931	Source preserves NaN assertions, AI warning, origin write, sentient-node invalidation, and linked-entity relink.
0x005C57E0	?Scr_SetOrigin@BrocSys@@YAXPAVEntity@@HPAUvector@Broc@@@Z	V4	PASS	ida-manual-20260827	2026-08-27	IDA:0x005C57E0	Release fpclass checks, assertion metadata, AI warning, G_SetOrigin, node invalidation, and g_LinkEntity sequence match source.
0x005C5990	?Scr_SetHealth@BrocSys@@YAXPAVEntity@@HPAH@Z	V3	PASS	ida-manual-20260827	2026-08-27	src/game/logic/g_scr.cpp:9591	Source preserves client-stat updates, positive-health error, dead-entity diagnostic, and max/health assignment.
0x005C5990	?Scr_SetHealth@BrocSys@@YAXPAVEntity@@HPAH@Z	V4	PASS	ida-manual-20260827	2026-08-27	IDA:0x005C5990	Release client/non-client branches, target-name formatting, Scr_Error, G_DPrintf, and health stores match source.
0x005C5A70	?CreateAnimNotifyTask@BrocSys@@YAXABVentity@Broc@@II@Z	V3	PASS	ida-manual-20260827	2026-08-27	src/game/logic/g_scr.cpp:9652	Source preserves task allocation, entity-handle construction, animation/kill hashes, and PostTask including allocation failure.
0x005C5A70	?CreateAnimNotifyTask@BrocSys@@YAXABVentity@Broc@@II@Z	V4	PASS	ida-manual-20260827	2026-08-27	IDA:0x005C5A70	Release allocates 0x24 bytes, constructs AnimNotifyTask on success, and posts the task; source matches.
0x005C5AE0	?GetNodeClaimer@BrocSys@@YAHABVpathnode@Broc@@@Z	V3	PASS	ida-manual-20260827	2026-08-27	src/game/logic/g_scr.cpp:6981	Source preserves node lookup, missing-node warning, owner-null sentinel, and owner entity-handle return.
0x005C5AE0	?GetNodeClaimer@BrocSys@@YAHABVpathnode@Broc@@@Z	V4	PASS	ida-manual-20260827	2026-08-27	IDA:0x005C5AE0	Release handle extraction, PathNodeMgr lookup, warning metadata, null returns, and pEnt handle load match source.
0x005C5C00	?SetWalkRunLoopAnimNode@BrocSys@@YAXII@Z	V3	PASS	ida-manual-20260827	2026-08-27	src/game/logic/g_scr.cpp:2463	Source preserves Actor_Get lookup and conditional animWalkRunLoop assignment.
0x005C5C00	?SetWalkRunLoopAnimNode@BrocSys@@YAXII@Z	V4	PASS	ida-manual-20260827	2026-08-27	IDA:0x005C5C00	Release Actor_Get and non-null field store match source.
0x005C5D10	?SetReverb@BrocSys@@YAXIABVstring@Broc@@MM@Z	V3	PASS	ida-manual-20260827	2026-08-27	src/game/logic/g_scr.cpp:9726	Source preserves reverb command formatting and entity-targeted server command dispatch.
0x005C5D10	?SetReverb@BrocSys@@YAXIABVstring@Broc@@MM@Z	V4	PASS	ida-manual-20260827	2026-08-27	IDA:0x005C5D10	Release va("reverb \\\"%s\\\" %g %g") and SV_GameSendServerCommand call match source.
0x005C5BB0	?SetExploderState@BrocSys@@YAXHH@Z	V3	PASS	ida-manual-20260827	2026-08-27	src/game/logic/g_scr.cpp:9686	Source preserves the current-script-exploded indexed state store.
0x005C5BB0	?SetExploderState@BrocSys@@YAXHH@Z	V4	PASS	ida-manual-20260827	2026-08-27	IDA:0x005C5BB0	Release writes the unsigned-short state through CheckpointMgr at the same indexed array slot.
0x005C5BE0	?IsExploded@BrocSys@@YAHH@Z	V3	PASS	ida-manual-20260827	2026-08-27	src/game/logic/g_scr.cpp:2455	Source returns the indexed current-script-exploded state.
0x005C5BE0	?IsExploded@BrocSys@@YAHH@Z	V4	PASS	ida-manual-20260827	2026-08-27	IDA:0x005C5BE0	Release returns the same CheckpointMgr array element.
0x005C5C20	?IsValidMoverType@BrocSys@@YA_NPAVEntity@@@Z	V3	PASS	ida-manual-20260827	2026-08-27	src/game/logic/g_scr.cpp:9693	Source preserves the three allowed class hashes, Scr_Error text, and false sentinel.
0x005C5C20	?IsValidMoverType@BrocSys@@YA_NPAVEntity@@@Z	V4	PASS	ida-manual-20260827	2026-08-27	IDA:0x005C5C20	Release hash comparisons, error string, and return values match source.
0x005C5C60	?GiveWeapon@BrocSys@@YAXPAVEntity@@PBD@Z	V3	PASS	ida-manual-20260827	2026-08-27	src/game/logic/g_scr.cpp:9709	Source preserves valid-client gating, weapon lookup, empty-slot error, spotter/overlay condition, and give call.
0x005C5C60	?GiveWeapon@BrocSys@@YAXPAVEntity@@PBD@Z	V4	PASS	ida-manual-20260827	2026-08-27	IDA:0x005C5C60	Release control flow and all weapon API calls match source.
0x005C5CF0	?CloseMenu1@BrocSys@@YAXI@Z	V3	PASS	ida-manual-20260827	2026-08-27	src/game/logic/g_scr.cpp:2473	Source forwards the entity handle and popupclose command.
0x005C5CF0	?CloseMenu1@BrocSys@@YAXI@Z	V4	PASS	ida-manual-20260827	2026-08-27	IDA:0x005C5CF0	Release is a direct popupclose SV_GameSendServerCommand thunk; source matches.
0x005C5D50	?PlayLocalSound@BrocSys@@YAXIABVstring@Broc@@@Z	V3	PASS	ida-manual-20260827	2026-08-27	src/game/logic/g_scr.cpp:9736	Source preserves nullable alias resolution, unknown-alias warning, alias-index lookup, and local-sound command formatting.
0x005C5D50	?PlayLocalSound@BrocSys@@YAXIABVstring@Broc@@@Z	V4	PASS	ida-manual-20260827	2026-08-27	IDA:0x005C5D50	Release FindWave warning path, G_SoundAliasIndex, va("ls %i"), and server command match source.
0x005C5E10	?ObjectiveAdd3@BrocSys@@YAXHABVstring@Broc@@0PBDHHH@Z	V3	PASS	ida-manual-20260827	2026-08-27	src/game/logic/g_scr.cpp:9873	Source preserves objective/client bounds diagnostics, state-string conversion, and per-client state-table writes.
0x005C5E10	?ObjectiveAdd3@BrocSys@@YAXHABVstring@Broc@@0PBDHHH@Z	V4	PASS	ida-manual-20260827	2026-08-27	IDA:0x005C5E10	Release index checks, warning/error paths, ObjectiveStateIndexFromString, and 176/3208-byte table addressing match source.
0x005C5F50	?FindChildObjective@BrocSys@@YA?BHHH_N@Z	V3	PASS	ida-manual-20260827	2026-08-27	src/game/logic/g_scr.cpp:9923	Source preserves parent-range validation, configstring scan, pobj/order matching, not-found diagnostics, and -1 sentinel.
0x005C5F50	?FindChildObjective@BrocSys@@YA?BHHH_N@Z	V4	PASS	ida-manual-20260827	2026-08-27	IDA:0x005C5F50	Release configstring loop, atoi comparisons, warning/error strings, and return branches match source.
0x005C60B0	?ObjectiveChildDelete@BrocSys@@YAXHH@Z	V3	PASS	ida-manual-20260827	2026-08-27	src/game/logic/g_scr.cpp:9979	Source preserves positive-child lookup/deletion and non-positive child warning.
0x005C60B0	?ObjectiveChildDelete@BrocSys@@YAXHH@Z	V4	PASS	ida-manual-20260827	2026-08-27	IDA:0x005C60B0	Release FindChildObjective, configstring clear, and warning metadata match source.
0x005C6150	?ObjectiveDeleteChildren@BrocSys@@YAXH@Z	V3	PASS	ida-manual-20260827	2026-08-27	src/game/logic/g_scr.cpp:10006	Source preserves objective bounds warning and DeleteAllChildrenOfObjective dispatch.
0x005C6150	?ObjectiveDeleteChildren@BrocSys@@YAXH@Z	V4	PASS	ida-manual-20260827	2026-08-27	IDA:0x005C6150	Release bounds branch, warning metadata, and delete-all call match source.
0x005C61D0	?ObjectiveDelete@BrocSys@@YAXHH@Z	V3	PASS	ida-manual-20260827	2026-08-27	src/game/logic/g_scr.cpp:10028	Source preserves objective/client validation, per-client clear helper, and global raw-field clearing.
0x005C61D0	?ObjectiveDelete@BrocSys@@YAXHH@Z	V4	PASS	ida-manual-20260827	2026-08-27	IDA:0x005C61D0	Release validation branches, _objectiveInfo_t::Clear path, and raw global objective field stores match source.
0x005C4A80	?GetPak@BrocSys@@YA?AW4TPakInfo@@ABVstring@Broc@@@Z	V3	PASS	ida-manual-20260827	2026-08-27	src/game/logic/g_scr.cpp:9496	Source preserves nullable pak-name resolution, unknown-pak assertion metadata/message, and pointer return ABI.
0x005C4A80	?GetPak@BrocSys@@YA?AW4TPakInfo@@ABVstring@Broc@@@Z	V4	PASS	ida-manual-20260827	2026-08-27	IDA:0x005C4A80	Release GetPakInfo lookup, ARO/line 3043 result assertion, formatted unknown-pak message, and return match source.
0x005C62C0	?ObjectiveChildState@BrocSys@@YAXHHABVstring@Broc@@PBD@Z	V3	PASS	ida-manual-20260827	2026-08-27	src/game/logic/g_scr.cpp:10072	Source preserves child-index validation, objective-state conversion/assert, configstring state update, and display-string lookup.
0x005C62C0	?ObjectiveChildState@BrocSys@@YAXHHABVstring@Broc@@PBD@Z	V4	PASS	ida-manual-20260827	2026-08-27	IDA:0x005C62C0	Release state copy/destruction, illegal-state assertion, child lookup, configstring writes, and pDisplay branch match source.
0x005C6460	?ObjectiveState@BrocSys@@YAXHABVstring@Broc@@PBDH@Z	V3	PASS	ida-manual-20260827	2026-08-27	src/game/logic/g_scr.cpp:10123	Source preserves objective/client bounds diagnostics, state conversion, empty-state clearing, and per-client/global world-state writes.
0x005C6460	?ObjectiveState@BrocSys@@YAXHABVstring@Broc@@PBDH@Z	V4	PASS	ida-manual-20260827	2026-08-27	IDA:0x005C6460	Release validation, ObjectiveStateIndexFromString, state[0] handling, and 176/3208-byte table stores match source.
0x005C6620	?ObjectiveStringInternal@BrocSys@@YAXHABVstring@Broc@@H_N1PBD@Z	V3	PASS	ida-manual-20260827	2026-08-27	src/game/logic/g_scr.cpp:10184	Source preserves index checks, configstring formatting/validation, objective state update, and localized state selection.
0x005C6620	?ObjectiveStringInternal@BrocSys@@YAXHABVstring@Broc@@H_N1PBD@Z	V4	PASS	ida-manual-20260827	2026-08-27	IDA:0x005C6620	Release snprintf/sprintf, Info validation, state switch, configstring writes, and error branches match source.
0x005C6890	?ObjectiveString@BrocSys@@YAXHABVstring@Broc@@HPBD@Z	V3	PASS	ida-manual-20260827	2026-08-27	src/game/logic/g_scr.cpp:10267	Source forwards to ObjectiveStringInternal with update-message enabled and pDisplay-derived child mode.
0x005C6890	?ObjectiveString@BrocSys@@YAXHABVstring@Broc@@HPBD@Z	V4	PASS	ida-manual-20260827	2026-08-27	IDA:0x005C6890	Release direct ObjectiveStringInternal thunk arguments match source.
0x005C68C0	?ObjectiveString2@BrocSys@@YAXHHHPBD@Z	V3	PASS	ida-manual-20260827	2026-08-27	src/game/logic/g_scr.cpp:10275	Source resolves the localized string and forwards objective-string parameters.
0x005C68C0	?ObjectiveString2@BrocSys@@YAXHHHPBD@Z	V4	PASS	ida-manual-20260827	2026-08-27	IDA:0x005C68C0	Release GetLocalizedString, ObjectiveStringInternal call, and temporary-string cleanup match source.
0x005BC6E0	?Localize@BrocSys@@YAPBDPBD@Z	V3	PASS	ida-manual-20260827b	2026-08-27	src/game/logic/g_scr.cpp:8124	Source resolves the STB reference and falls back to the input string when unresolved.
0x005BC6E0	?Localize@BrocSys@@YAPBDPBD@Z	V4	PASS	ida-manual-20260827b	2026-08-27	IDA:0x005BC6E0;src/game/logic/g_scr.cpp:8124	Release and source match the STBManager singleton call, null result test, and input fallback.
0x005BC700	?Print@BrocSys@@YAXPBD@Z	V3	PASS	ida-manual-20260827b	2026-08-27	src/game/logic/g_scr.cpp:3427	Source forwards the script text to the console printer.
0x005BC700	?Print@BrocSys@@YAXPBD@Z	V4	PASS	ida-manual-20260827b	2026-08-27	IDA:0x005BC700;src/game/logic/g_scr.cpp:3427	Release is a four-instruction tail jump to Com_Printf and source has the same direct forwarding contract.
0x005BC790	?PrintFloat3D@BrocSys@@YAXABUvector@Broc@@M0MM@Z	V3	PASS	ida-manual-20260827b	2026-08-27	src/game/logic/g_scr.cpp:8092	Source builds the RGBA debug color, formats the number, and submits a debug string.
0x005BC790	?PrintFloat3D@BrocSys@@YAXABUvector@Broc@@M0MM@Z	V4	PASS	ida-manual-20260827b	2026-08-27	IDA:0x005BC790;src/game/logic/g_scr.cpp:8092	Release and source match color construction, %f formatting, position, scale, and g_AddDebugString arguments.
0x005BC860	?ThreadBackupStack@BrocSys@@YAXI@Z	V3	PASS	ida-manual-20260827b	2026-08-27	src/game/logic/g_scr.cpp:2648	Source backs up the executing thread stack through its manager-owned backup object.
0x005BC860	?ThreadBackupStack@BrocSys@@YAXI@Z	V4	PASS	ida-manual-20260827b	2026-08-27	IDA:0x005BC860;src/game/logic/g_scr.cpp:2648	Release and source use the executing thread, supplied stack begin, and thread stack start.
0x005BC880	?ThreadIsThreadExecuting@BrocSys@@YA_NXZ	V3	PASS	ida-manual-20260827b	2026-08-27	src/game/logic/g_scr.cpp:3104	Source returns whether the script manager has an executing thread.
0x005BC880	?ThreadIsThreadExecuting@BrocSys@@YA_NXZ	V4	PASS	ida-manual-20260827b	2026-08-27	IDA:0x005BC880;src/game/logic/g_scr.cpp:3104	Release and source both test AeThreadManager::sInst.mThreadExecuting for null.
0x005BC930	?Error@BrocSys@@YA_NPBDH0@Z	V3	PASS	ida-manual-20260827b	2026-08-27	src/game/logic/g_scr.cpp:6331	Source populates the AeAssert context and forwards the message to AeAssert::Error.
0x005BC930	?Error@BrocSys@@YA_NPBDH0@Z	V4	PASS	ida-manual-20260827b	2026-08-27	IDA:0x005BC930;src/game/logic/g_scr.cpp:6331	Release and source match author, file, line, default expression, and Error call.
0x005BC9A0	?CVarGetInt@BrocSys@@YAHPBD@Z	V3	PASS	ida-manual-20260827b	2026-08-27	src/game/logic/g_scr.cpp:3110	Source forwards integer cvar lookup.
0x005BC9A0	?CVarGetInt@BrocSys@@YAHPBD@Z	V4	PASS	ida-manual-20260827b	2026-08-27	IDA:0x005BC9A0;src/game/logic/g_scr.cpp:3110	Release and source are direct calls to Cvar_VariableIntegerValue.
0x005BC9B0	?CVarGetFloat@BrocSys@@YAMPBD@Z	V3	PASS	ida-manual-20260827b	2026-08-27	src/game/logic/g_scr.cpp:2308	Source forwards floating-point cvar lookup.
0x005BC9B0	?CVarGetFloat@BrocSys@@YAMPBD@Z	V4	PASS	ida-manual-20260827b	2026-08-27	IDA:0x005BC9B0;src/game/logic/g_scr.cpp:2308	Release and source are direct calls to Cvar_VariableValue.
0x005BCB70	?MusicStop@BrocSys@@YAXM@Z	V3	PASS	ida-manual-20260827b	2026-08-27	src/game/logic/g_scr.cpp:2914	Source forwards the fade time to MusicMgr::Stop.
0x005BCB70	?MusicStop@BrocSys@@YAXM@Z	V4	PASS	ida-manual-20260827b	2026-08-27	IDA:0x005BCB70;src/game/logic/g_scr.cpp:2914	Release and source match the MusicMgr singleton and fadeOutTime argument.
0x005BCB90	?MusicIndoorStop@BrocSys@@YAXM@Z	V3	PASS	ida-manual-20260827b	2026-08-27	src/game/logic/g_scr.cpp:2920	Source forwards the fade time to MusicMgr::StopIndoor.
0x005BCB90	?MusicIndoorStop@BrocSys@@YAXM@Z	V4	PASS	ida-manual-20260827b	2026-08-27	IDA:0x005BCB90;src/game/logic/g_scr.cpp:2920	Release and source match the MusicMgr singleton and fadeOutTime argument.
0x005BCBB0	?SoundFadeIn@BrocSys@@YAXIM@Z	V3	PASS	ida-manual-20260827b	2026-08-27	src/game/logic/g_scr.cpp:2926	Source cross-fades from handle zero to the requested sound.
0x005BCBB0	?SoundFadeIn@BrocSys@@YAXIM@Z	V4	PASS	ida-manual-20260827b	2026-08-27	IDA:0x005BCBB0;src/game/logic/g_scr.cpp:2926	Release and source match SoundDevice::CrossFade(0, handle, time).
0x005BCBD0	?SoundFadeOut@BrocSys@@YAXIM@Z	V3	PASS	ida-manual-20260827b	2026-08-27	src/game/logic/g_scr.cpp:2932	Source cross-fades from the requested sound to handle zero.
0x005BCBD0	?SoundFadeOut@BrocSys@@YAXIM@Z	V4	PASS	ida-manual-20260827b	2026-08-27	IDA:0x005BCBD0;src/game/logic/g_scr.cpp:2932	Release and source match SoundDevice::CrossFade(handle, 0, time).
0x0044CB30	?Scr_FreeSentientFields@@YAXPAUsentient_s@@@Z	V3	PASS	ida-manual-20260827c	2026-08-27	src/game/logic/g_scr.cpp:1740	Source forwards sentient field cleanup to Scr_FreeFields.
0x0044CB30	?Scr_FreeSentientFields@@YAXPAUsentient_s@@@Z	V4	PASS	ida-manual-20260827c	2026-08-27	IDA:0x0044CB30;src/game/logic/g_scr.cpp:1740	Release and source match the sentientFields table and pSentient base pointer.
0x0044CB50	?Scr_FreeActorFields@@YAXPAUactor_s@@@Z	V3	PASS	ida-manual-20260827c	2026-08-27	src/game/logic/g_scr.cpp:1746	Source forwards actor field cleanup to Scr_FreeFields.
0x0044CB50	?Scr_FreeActorFields@@YAXPAUactor_s@@@Z	V4	PASS	ida-manual-20260827c	2026-08-27	IDA:0x0044CB50;src/game/logic/g_scr.cpp:1746	Release and source match the actorFields table and pActor base pointer.
0x0044CB70	?GScr_AllocHash@@YA?AVHashString@@PBD@Z	V3	PASS	ida-manual-20260827c	2026-08-27	src/game/logic/g_scr.cpp:1752	Source computes and registers the hash before returning the HashString value.
0x0044CB70	?GScr_AllocHash@@YA?AVHashString@@PBD@Z	V4	PASS	ida-manual-20260827c	2026-08-27	IDA:0x0044CB70;src/game/logic/g_scr.cpp:1752	Release and source match CalcHash, RegisterHashString, and result hash assignment.
0x0044CBA0	?GScr_LoadConsts@@YAXXZ	V3	PASS	ida-manual-20260827c	2026-08-27	src/game/logic/g_scr.cpp:1761	Source lazily initializes all 173 script hash/string constants.
0x0044CBA0	?GScr_LoadConsts@@YAXXZ	V4	PASS	ida-manual-20260827c	2026-08-27	IDA:0x0044CBA0;src/game/logic/g_scr.cpp:1761	Release and source match the loaded guard, 173-entry loop, hash registration, hash table writes, and string assignments.
0x0044CDD0	?GScr_FreeScripts@@YAXXZ	V3	PASS	ida-manual-20260827c	2026-08-27	src/game/logic/g_scr.cpp:1813	Source delegates script cleanup to Scr_FreePrecachedAnimTrees.
0x0044CDD0	?GScr_FreeScripts@@YAXXZ	V4	PASS	ida-manual-20260827c	2026-08-27	IDA:0x0044CDD0;src/game/logic/g_scr.cpp:1813	Release is a thunk to Scr_FreePrecachedAnimTrees; source performs the same delegation.
0x00450330	?Scr_SetGenericField@@YAXPAEW4fieldtype_t@@H@Z	V3	PASS	ida-manual-20260827c	2026-08-27	src/game/logic/g_scr.cpp:1847	Source preserves the release dead-code assertion path.
0x00450330	?Scr_SetGenericField@@YAXPAEW4fieldtype_t@@H@Z	V4	PASS	ida-manual-20260827c	2026-08-27	IDA:0x00450330;src/game/logic/g_scr.cpp:1847	Release and source match g_spawn.cpp line 675, expression 0, and ma dead code assertion.
0x00450380	?Scr_SetObjectField@@YAXIHH@Z	V3	PASS	ida-manual-20260827c	2026-08-27	src/game/logic/g_scr.cpp:1858	Source preserves the release dead-code assertion path.
0x00450380	?Scr_SetObjectField@@YAXIHH@Z	V4	PASS	ida-manual-20260827c	2026-08-27	IDA:0x00450380;src/game/logic/g_scr.cpp:1858	Release and source match g_spawn.cpp line 685, expression 0, and DEAD CODE assertion.
0x004503D0	?Scr_GetEntityField@@YAXHH@Z	V3	PASS	ida-manual-20260827c	2026-08-27	src/game/logic/g_scr.cpp:1869	Source preserves the release dead-code assertion path.
0x004503D0	?Scr_GetEntityField@@YAXHH@Z	V4	PASS	ida-manual-20260827c	2026-08-27	IDA:0x004503D0;src/game/logic/g_scr.cpp:1869	Release and source match g_spawn.cpp line 695, expression 0, and ma dead code assertion.
0x00450420	?Scr_GetObjectField@@YAXIHH@Z	V3	PASS	ida-manual-20260827c	2026-08-27	src/game/logic/g_scr.cpp:1880	Source preserves the release dead-code assertion path.
0x00450420	?Scr_GetObjectField@@YAXIHH@Z	V4	PASS	ida-manual-20260827c	2026-08-27	IDA:0x00450420;src/game/logic/g_scr.cpp:1880	Release and source match g_spawn.cpp line 705, expression 0, and ma dead code assertion.
0x00450470	?Scr_FreeEntity@@YAXPAVEntity@@@Z	V3	PASS	ida-manual-20260827c	2026-08-27	src/game/logic/g_scr.cpp:1891	Source preserves the release dead-code assertion path.
0x00450470	?Scr_FreeEntity@@YAXPAVEntity@@@Z	V4	PASS	ida-manual-20260827c	2026-08-27	IDA:0x00450470;src/game/logic/g_scr.cpp:1891	Release and source match g_spawn.cpp line 715, expression 0, and DEAD CODE assertion.
0x00470600	?Scr_NotifyFromEnt@@YAXPAVEntity@@VHashString@@0@Z	V3	PASS	ida-manual-20260827d	2026-08-27	src/game/logic/g_scr.cpp:1960	Source validates the entity handle, asserts stale handles, and forwards the source handle through Entity::Notify.
0x00470600	?Scr_NotifyFromEnt@@YAXPAVEntity@@VHashString@@0@Z	V4	PASS	ida-manual-20260827d	2026-08-27	IDA:0x00470600;src/game/logic/g_scr.cpp:1960	Release and source match null gating, 0x540 handle/key validation, g_spawn.cpp line 751 assert, and notify payload.
0x004706B0	?Scr_Notify@@YAXPAVEntity@@VHashString@@I@Z	V3	PASS	ida-manual-20260827d	2026-08-27	src/game/logic/g_scr.cpp:1984	Source validates the entity pointer and handle before notifying; the map-prescribed paramcount is retained but unused.
0x004706B0	?Scr_Notify@@YAXPAVEntity@@VHashString@@I@Z	V4	PASS	ida-manual-20260827d	2026-08-27	IDA:0x004706B0;src/game/logic/g_scr.cpp:1984	Release and source match null/handle asserts at lines 764/765 and Entity::Notify; release decomp elides the unused ABI parameter.
0x0045BFF0	?GScr_GetEntAnimTree@@YAPAVXAnimTree@@PAVEntity@@@Z	V3	PASS	ida-manual-20260827d	2026-08-27	src/game/logic/g_scr.cpp:1915	Source selects actor, corpse, or entity animation trees and emits the release warning when absent.
0x0045BFF0	?GScr_GetEntAnimTree@@YAPAVXAnimTree@@PAVEntity@@@Z	V4	PASS	ida-manual-20260827d	2026-08-27	IDA:0x0045BFF0;src/game/logic/g_scr.cpp:1915	Release and source match entity-type selection, warning text, classname fallback, origin arguments, and return value.
0x005BE7D0	?Scr_ReadOnlyField@BrocSys@@YAXPAVEntity@@HPAX@Z	V3	PASS	ida-manual-20260827d	2026-08-27	src/game/logic/g_scr.cpp:6341	Source preserves the read-only field error and conditional debug break.
0x005BE7D0	?Scr_ReadOnlyField@BrocSys@@YAXPAVEntity@@HPAX@Z	V4	PASS	ida-manual-20260827d	2026-08-27	IDA:0x005BE7D0;src/game/logic/g_scr.cpp:6341	Release and source match BrocEntity.cpp line 543, null expression, error call, and message text.
0x005BE810	?Scr_SetAngles@BrocSys@@YAXPAVEntity@@HPAUvector@Broc@@@Z	V3	PASS	ida-manual-20260827d	2026-08-27	src/game/logic/g_scr.cpp:8436	Source warns for AI angle writes and forwards the vector to G_SetAngle.
0x005BE810	?Scr_SetAngles@BrocSys@@YAXPAVEntity@@HPAUvector@Broc@@@Z	V4	PASS	ida-manual-20260827d	2026-08-27	IDA:0x005BE810;src/game/logic/g_scr.cpp:8436	Release and source match actor warning context, message, and G_SetAngle(&val->x) call.
0x005BE870	?Scr_GetAngles@BrocSys@@YAXPAVEntity@@HPAUvector@Broc@@@Z	V3	PASS	ida-manual-20260827d	2026-08-27	src/game/logic/g_scr.cpp:8454	Source returns client view angles or entity current angles as appropriate.
0x005BE870	?Scr_GetAngles@BrocSys@@YAXPAVEntity@@HPAUvector@Broc@@@Z	V4	PASS	ida-manual-20260827d	2026-08-27	IDA:0x005BE870;src/game/logic/g_scr.cpp:8454	Release and source match client-null branch and all three angle component assignments.
0x005BE8D0	?Scr_SetGroupName@BrocSys@@YAXPAVEntity@@HPAVstring@Broc@@@Z	V3	PASS	ida-manual-20260827d	2026-08-27	src/game/logic/g_scr.cpp:8472	Source assigns the group string and computes its hash with an empty-string fallback.
0x005BE8D0	?Scr_SetGroupName@BrocSys@@YAXPAVEntity@@HPAVstring@Broc@@@Z	V4	PASS	ida-manual-20260827d	2026-08-27	IDA:0x005BE8D0;src/game/logic/g_scr.cpp:8472	Release and source match string assignment, block/non-block hash input, and HashString::CalcHash.
0x005BE920	?Scr_SetTargetName@BrocSys@@YAXPAVEntity@@HPAVstring@Broc@@@Z	V3	PASS	ida-manual-20260827d	2026-08-27	src/game/logic/g_scr.cpp:8484	Source assigns targetname and computes its hash with an empty-string fallback.
0x005BE920	?Scr_SetTargetName@BrocSys@@YAXPAVEntity@@HPAVstring@Broc@@@Z	V4	PASS	ida-manual-20260827d	2026-08-27	IDA:0x005BE920;src/game/logic/g_scr.cpp:8484	Release and source match string assignment, block/non-block hash input, and HashString::CalcHash.
0x005C6960	?ObjectivePosition@BrocSys@@YAXHABUvector@Broc@@H@Z	V3	PASS	ida-manual-20260827	2026-08-27	src/game/logic/g_scr.cpp:10293	Source preserves client/objective validation and origin writes using release table strides.
0x005C6960	?ObjectivePosition@BrocSys@@YAXHABUvector@Broc@@H@Z	V4	PASS	ida-manual-20260827	2026-08-27	IDA:0x005C6960	Release diagnostics and vOrigin x/y/z stores at 176/3208-byte offsets match source.
0x005C6A80	?ObjectiveWorldState@BrocSys@@YAXHABVstring@Broc@@H@Z	V3	PASS	ida-manual-20260827	2026-08-27	src/game/logic/g_scr.cpp:10333	Source preserves client/objective validation, state conversion, empty-state clearing, and world-state stores.
0x005C6A80	?ObjectiveWorldState@BrocSys@@YAXHABVstring@Broc@@H@Z	V4	PASS	ida-manual-20260827	2026-08-27	IDA:0x005C6A80	Release warning/assert branches, string-state checks, and global/per-client table addressing match source.
0x005C6C90	?ObjectiveChildCurrent@BrocSys@@YAXHHPBD@Z	V3	PASS	ida-manual-20260827	2026-08-27	src/game/logic/g_scr.cpp:10392	Source preserves child/objective validation, current-state configstring update, and warning path.
0x005C6C90	?ObjectiveChildCurrent@BrocSys@@YAXHHPBD@Z	V4	PASS	ida-manual-20260827	2026-08-27	IDA:0x005C6C90	Release child lookup, state=4 write, and temporary current-string assignment match source.
0x005C6DE0	?ObjectiveCurrent@BrocSys@@YAXHPBD@Z	V3	PASS	ida-manual-20260827	2026-08-27	src/game/logic/g_scr.cpp:10434	Source preserves 16-objective scan, current/done state transitions, configstring writes, and pDisplay handling.
0x005C6DE0	?ObjectiveCurrent@BrocSys@@YAXHPBD@Z	V4	PASS	ida-manual-20260827	2026-08-27	IDA:0x005C6DE0	Release scan order, state 4/1 transitions, index writes, warning branch, and temporary string match source.
0x005C6F90	?ObjectiveRing@BrocSys@@YAXHH@Z	V3	PASS	ida-manual-20260827	2026-08-27	src/game/logic/g_scr.cpp:10488	Source preserves objective/client bounds handling and per-client/global ring flag toggle.
0x005C6F90	?ObjectiveRing@BrocSys@@YAXHH@Z	V4	PASS	ida-manual-20260827	2026-08-27	IDA:0x005C6F90	Release validation diagnostics and boolean ring-flag toggles at 44/802 strides match source.
0x005C7060	?ObjectiveChildString@BrocSys@@YAXHHABVstring@Broc@@HPBD@Z	V3	PASS	ida-manual-20260827	2026-08-27	src/game/logic/g_scr.cpp:10523	Source preserves child validation, child lookup, and ObjectiveStringInternal forwarding.
0x005C7060	?ObjectiveChildString@BrocSys@@YAXHHABVstring@Broc@@HPBD@Z	V4	PASS	ida-manual-20260827	2026-08-27	IDA:0x005C7060	Release child-index warning, FindChildObjective, and update-message forwarding match source.
0x005C70E0	?ObjectiveChildString2@BrocSys@@YAXHHHHPBD@Z	V3	PASS	ida-manual-20260827	2026-08-27	src/game/logic/g_scr.cpp:10548	Source preserves child lookup, localized formatting, objective configstring update, state selection, and cleanup.
0x005C70E0	?ObjectiveChildString2@BrocSys@@YAXHHHHPBD@Z	V4	PASS	ida-manual-20260827	2026-08-27	IDA:0x005C70E0	Release localized-string path, bounds/error branches, formatting, state switch, and temporaries match source.
0x005C73D0	?ObjectiveChildString_NoMessage@BrocSys@@YAXHHABVstring@Broc@@HPBD@Z	V3	PASS	ida-manual-20260827	2026-08-27	src/game/logic/g_scr.cpp:10649	Source preserves child validation, lookup, and no-message ObjectiveStringInternal forwarding.
0x005C73D0	?ObjectiveChildString_NoMessage@BrocSys@@YAXHHABVstring@Broc@@HPBD@Z	V4	PASS	ida-manual-20260827	2026-08-27	IDA:0x005C73D0	Release no-message forwarding and child warning path match source.
0x005C7450	?ObjectiveChildPosition@BrocSys@@YAXHHABUvector@Broc@@@Z	V3	PASS	ida-manual-20260827	2026-08-27	src/game/logic/g_scr.cpp:10675	Source preserves child lookup, origin formatting, and configstring write.
0x005C7450	?ObjectiveChildPosition@BrocSys@@YAXHHABUvector@Broc@@@Z	V4	PASS	ida-manual-20260827	2026-08-27	IDA:0x005C7450	Release child warning, FindChildObjective, "%i %i %i" formatting, org key, and configstring update match source.
0x005C7520	?ObjectiveChildRing@BrocSys@@YAXHH@Z	V3	PASS	ida-manual-20260827	2026-08-27	src/game/logic/g_scr.cpp:10705	Source preserves child lookup, ring read/toggle, and configstring update.
0x005C7520	?ObjectiveChildRing@BrocSys@@YAXHH@Z	V4	PASS	ida-manual-20260827	2026-08-27	IDA:0x005C7520	Release ring atoi/toggle, state warning, and configstring writes match source.
0x005C7610	?Scr_GetAnimsIndex@@YAHPAVAnimTree@@@Z	V3	PASS	ida-manual-20260827	2026-08-27	src/game/logic/g_scr.cpp:1608	Source preserves minimum-bank lookup, pointer-difference index, bounds assertion, and return.
0x005C7610	?Scr_GetAnimsIndex@@YAHPAVAnimTree@@@Z	V4	PASS	ida-manual-20260827	2026-08-27	IDA:0x005C7610	Release index calculation, anim-bank bounds assertion metadata, and return match source.
0x005C76C0	?Scr_GetAnimTreeByName@@YAPAVAnimTree@@PBD@Z	V3	PASS	ida-manual-20260827	2026-08-27	src/game/logic/g_scr.cpp:1586	Source preserves null-name handling, minimum-bank scan, case-insensitive name match, and null fallback.
0x005C76C0	?Scr_GetAnimTreeByName@@YAPAVAnimTree@@PBD@Z	V4	PASS	ida-manual-20260827	2026-08-27	IDA:0x005C76C0	Release bank lookup, index-1 start, _stricmp loop, and return/null branches match source.
0x005C7730	?Scr_LoadAnimTreeAtIndex@@YAXHP6APAXH@Z_N@Z	V3	PASS	ida-manual-20260827	2026-08-27	src/game/logic/g_scr.cpp:12778	Source preserves tree-hash creation, entry lookup/update, Broc animation mapping, restart gate, note parsing, and sync setup.
0x005C7730	?Scr_LoadAnimTreeAtIndex@@YAXHP6APAXH@Z_N@Z	V4	PASS	ida-manual-20260827	2026-08-27	IDA:0x005C7730	Release entry loop, bounds/assert fallback, AnimationToBroLookup, reset fields, ParseNoteTracks, and XAnimSetupSyncNodes match source on valid indices.
0x005C7820	?Scr_FreeAnimTreeAtIndex@@YAXH@Z	V3	PASS	ida-manual-20260827	2026-08-27	src/game/logic/g_scr.cpp:12800	Source preserves anim-bank lookup, entry iteration, and XAnimEntry::Release calls.
0x005C7820	?Scr_FreeAnimTreeAtIndex@@YAXH@Z	V4	PASS	ida-manual-20260827	2026-08-27	IDA:0x005C7820	Release entry loop and bounds/assert fallback match source on valid indices.
0x005C7940	?VM_Restart@@YAPAUvm_s@@PAU1@@Z	V3	PASS	ida-manual-20260827	2026-08-27	src/game/logic/g_scr.cpp:12589	Source preserves dll-handle assertion, system-call/name capture, VM_Free, and VM_Create restart.
0x005C7940	?VM_Restart@@YAPAUvm_s@@PAU1@@Z	V4	PASS	ida-manual-20260827	2026-08-27	IDA:0x005C7940	Release vm assertion metadata, Q_strncpyz, VM_Free, and VM_Create sequence match source.
0x005C7AC0	?Sleep@AeThread@@QAEXPAVAeThreadState@@@Z	V3	PASS	ida-manual-20260827	2026-08-27	src/game/logic/g_scr.cpp:5528	Source preserves thread sleep flags and state-controller list insertion.
0x005C7AC0	?Sleep@AeThread@@QAEXPAVAeThreadState@@@Z	V4	PASS	ida-manual-20260827	2026-08-27	IDA:0x005C7AC0	Release mask updates, sentinel/prev/next links, tail update, and size increment match source.
0x005C7D30	?MemAlloc@BrocSys@@YAPAXII@Z	V3	PASS	ida-manual-20260827	2026-08-27	src/game/logic/g_scr.cpp:12675	Source preserves pool-size threshold, pool allocation, heap fallback with alignment, and final mem_heap_malloc fallback.
0x005C7D30	?MemAlloc@BrocSys@@YAPAXII@Z	V4	PASS	ida-manual-20260827	2026-08-27	IDA:0x005C7D30	Release pool/heap/fallback branches and size/align forwarding match source.
0x005C7EC0	?ThreadSleepFrames@BrocSys@@YAXH@Z	V3	PASS	ida-manual-20260827	2026-08-27	src/game/logic/g_scr.cpp:12616	Source preserves wait-frame state allocation/initialization, executing-thread flags/list insertion, and LongJmp.
0x005C7EC0	?ThreadSleepFrames@BrocSys@@YAXH@Z	V4	PASS	ida-manual-20260827	2026-08-27	IDA:0x005C7EC0	Release 0x18-byte state allocation, wait-frame vtable/field setup, flags, list links, size increment, and backup jump match source.
0x005C7F50	?ThreadSleepInternal@BrocSys@@YAXM@Z	V3	PASS	ida-manual-20260827	2026-08-27	src/game/logic/g_scr.cpp:12641	Source preserves NaN assertion, wait-state allocation/initialization, thread flags/list insertion, and LongJmp.
0x005C7F50	?ThreadSleepInternal@BrocSys@@YAXM@Z	V4	PASS	ida-manual-20260827	2026-08-27	IDA:0x005C7F50	Release assertion metadata, 0x18-byte wait-state setup, flags, links, size increment, and backup jump match source.
0x005C8040	?GetNumParts@BrocSys@@YAXABVstring@Broc@@@Z	V3	PASS	ida-manual-20260827	2026-08-27	src/game/logic/g_scr.cpp:12236	Source preserves undefined-name assertion, model lookup/pak validation, and LOD traversal.
0x005C8040	?GetNumParts@BrocSys@@YAXABVstring@Broc@@@Z	V4	PASS	ida-manual-20260827	2026-08-27	IDA:0x005C8040	Release assertion metadata, SV_XModelGet, ValidatePakId, and LOD probing match source.
0x005C8100	?NotifyPakLoadOperation@BrocSys@@YAXPBD0@Z	V3	PASS	ida-manual-20260827	2026-08-27	src/game/logic/g_scr.cpp:12280	Source preserves operation/name concatenation, world-entity guard, hash calculation, and notification.
0x005C8100	?NotifyPakLoadOperation@BrocSys@@YAXPBD0@Z	V4	PASS	ida-manual-20260827	2026-08-27	IDA:0x005C8100	Release AeStringSupport conversion/concat, world lookup, HashString::CalcHash, and Entity::Notify match source.
0x005C81C0	?mem_alloc@@YAPAXII@Z	V3	PASS	ida-manual-20260827	2026-08-27	src/game/logic/g_scr.cpp:12692	Source forwards size/alignment to BrocSys::MemAlloc.
0x005C81C0	?mem_alloc@@YAPAXII@Z	V4	PASS	ida-manual-20260827	2026-08-27	IDA:0x005C81C0	Release is a direct MemAlloc thunk; source matches.
0x005C8290	?RumbleNotes@BrocSys@@YAXABVstring@Broc@@M0MH@Z	V3	PASS	ida-manual-20260827	2026-08-27	src/game/logic/g_scr.cpp:24730	Source preserves two-channel rumble initialization, note/duration assertions, player gate, and playback.
0x005C8290	?RumbleNotes@BrocSys@@YAXABVstring@Broc@@M0MH@Z	V4	PASS	ida-manual-20260827	2026-08-27	IDA:0x005C8290	Release RumbleData construction, high/low channel stores, assertion metadata, player_index==0 gate, and manager playback match source.
0x005C8EE0	?ProcessState@AeThread@@QAEXXZ	V3	PASS	ida-manual-20260827	2026-08-27	src/game/logic/g_scr.cpp:22663	Source advances the intrusive state iterator before dispatch, handles wake flags separately from terminate actions, emits debug text, and erases finished states.
0x005C8EE0	?ProcessState@AeThread@@QAEXXZ	V4	PASS	ida-manual-20260827	2026-08-27	IDA:0x005C8EE0;src/game/logic/g_scr.cpp:22663	Release and source both dispatch every state, set 0x48/0x40/0x04 wake masks only on wake, preserve terminate flow, and delete finished controllers through the virtual destructor.
0x005BBC50	?Init@MemCount@@YAXXZ	V3	PASS	ida-manual-20260827	2026-08-27	src/game/logic/g_scr.cpp:2234	IDA release body is an empty function; source intentionally has no executable work.
0x005BBC50	?Init@MemCount@@YAXXZ	V4	PASS	ida-manual-20260827	2026-08-27	IDA:0x005BBC50;src/game/logic/g_scr.cpp:2234	Release and source both emit no-op MemCount initialization.
0x005BBC60	?RenderTotals@MemCount@@YAXXZ	V3	PASS	ida-manual-20260827	2026-08-27	src/game/logic/g_scr.cpp:2239	IDA release body is an empty function; source intentionally has no executable work.
0x005BBC60	?RenderTotals@MemCount@@YAXXZ	V4	PASS	ida-manual-20260827	2026-08-27	IDA:0x005BBC60;src/game/logic/g_scr.cpp:2239	Release and source both emit no-op MemCount rendering totals.
0x005BBC70	?ReportTotals@MemCount@@YAXXZ	V3	PASS	ida-manual-20260827	2026-08-27	src/game/logic/g_scr.cpp:2244	IDA release body is an empty function; source intentionally has no executable work.
0x005BBC70	?ReportTotals@MemCount@@YAXXZ	V4	PASS	ida-manual-20260827	2026-08-27	IDA:0x005BBC70;src/game/logic/g_scr.cpp:2244	Release and source both emit no-op MemCount reporting.
0x005BBC90	?CheckForMapChangeLeaks@MemCount@@YAXXZ	V3	PASS	ida-manual-20260827	2026-08-27	src/game/logic/g_scr.cpp:2255	IDA release body is an empty function; source intentionally has no executable work.
0x005BBC90	?CheckForMapChangeLeaks@MemCount@@YAXXZ	V4	PASS	ida-manual-20260827	2026-08-27	IDA:0x005BBC90;src/game/logic/g_scr.cpp:2255	Release and source both emit no-op map leak checking.
0x005BBCA0	?CheckForRoundtripLeaks@MemCount@@YAXXZ	V3	PASS	ida-manual-20260827	2026-08-27	src/game/logic/g_scr.cpp:2260	IDA release body is an empty function; source intentionally has no executable work.
0x005BBCA0	?CheckForRoundtripLeaks@MemCount@@YAXXZ	V4	PASS	ida-manual-20260827	2026-08-27	IDA:0x005BBCA0;src/game/logic/g_scr.cpp:2260	Release and source both emit no-op roundtrip leak checking.
0x005BBCB0	?SetGamePhase@MemCount@@YAXW4eGamePhase@0@@Z	V3	PASS	ida-manual-20260827	2026-08-27	src/game/logic/g_scr.cpp:2265	IDA release body is an empty function; source intentionally has no executable work.
0x005BBCB0	?SetGamePhase@MemCount@@YAXW4eGamePhase@0@@Z	V4	PASS	ida-manual-20260827	2026-08-27	IDA:0x005BBCB0;src/game/logic/g_scr.cpp:2265	Release and source both emit no-op game-phase updates.
0x005BBCC0	?SetSafeAlloc@MemCount@@YAX_N@Z	V3	PASS	ida-manual-20260827	2026-08-27	src/game/logic/g_scr.cpp:2270	IDA release body is an empty function; source intentionally has no executable work.
0x005BBCC0	?SetSafeAlloc@MemCount@@YAX_N@Z	V4	PASS	ida-manual-20260827	2026-08-27	IDA:0x005BBCC0;src/game/logic/g_scr.cpp:2270	Release and source both emit no-op safe-allocation updates.
0x005BC1D0	?SetDepthOfField@@YAX_NMMMM@Z	V3	PASS	ida-manual-20260827	2026-08-27	src/game/logic/g_scr.cpp:2289	IDA release body is an empty function; source intentionally has no executable work.
0x005BC1D0	?SetDepthOfField@@YAX_NMMMM@Z	V4	PASS	ida-manual-20260827	2026-08-27	IDA:0x005BC1D0;src/game/logic/g_scr.cpp:2289	Release and source both emit no-op depth-of-field script control.
0x005BEF90	?AddFakeFriendly@BrocSys@@YAXI_N@Z	V3	PASS	ida-manual-20260827	2026-08-27	src/game/logic/g_scr.cpp:2802	IDA release body is an empty function; source intentionally has no executable work.
0x005BEF90	?AddFakeFriendly@BrocSys@@YAXI_N@Z	V4	PASS	ida-manual-20260827	2026-08-27	IDA:0x005BEF90;src/game/logic/g_scr.cpp:2802	Release and source both emit no-op fake-friendly add.
0x005BEFA0	?RemoveFakeFriendly@BrocSys@@YAXI@Z	V3	PASS	ida-manual-20260827	2026-08-27	src/game/logic/g_scr.cpp:2807	IDA release body is an empty function; source intentionally has no executable work.
0x005BEFA0	?RemoveFakeFriendly@BrocSys@@YAXI@Z	V4	PASS	ida-manual-20260827	2026-08-27	IDA:0x005BEFA0;src/game/logic/g_scr.cpp:2807	Release and source both emit no-op fake-friendly removal.
0x005BF730	?SaveCheckpoint@BrocSys@@YAXXZ	V3	PASS	ida-manual-20260827	2026-08-27	src/game/logic/g_scr.cpp:2818	IDA release body is an empty function; source intentionally has no executable work.
0x005BF730	?SaveCheckpoint@BrocSys@@YAXXZ	V4	PASS	ida-manual-20260827	2026-08-27	IDA:0x005BF730;src/game/logic/g_scr.cpp:2818	Release and source both emit no-op checkpoint save for the parameterless script entry point.
0x005BF7F0	?DronesStart@BrocSys@@YAXPBD0HHHMM_N1@Z	V3	PASS	ida-manual-20260827	2026-08-27	src/game/logic/g_scr.cpp:2829	IDA release body is an empty function; source intentionally has no executable work.
0x005BF7F0	?DronesStart@BrocSys@@YAXPBD0HHHMM_N1@Z	V4	PASS	ida-manual-20260827	2026-08-27	IDA:0x005BF7F0;src/game/logic/g_scr.cpp:2829	Release and source both emit no-op drone start.
0x005BF800	?DronesStop@BrocSys@@YAXPBD@Z	V3	PASS	ida-manual-20260827	2026-08-27	src/game/logic/g_scr.cpp:2835	IDA release body is an empty function; source intentionally has no executable work.
0x005BF800	?DronesStop@BrocSys@@YAXPBD@Z	V4	PASS	ida-manual-20260827	2026-08-27	IDA:0x005BF800;src/game/logic/g_scr.cpp:2835	Release and source both emit no-op drone stop.
0x005BF810	?DronesDelete@BrocSys@@YAXPBD@Z	V3	PASS	ida-manual-20260827	2026-08-27	src/game/logic/g_scr.cpp:2840	IDA release body is an empty function; source intentionally has no executable work.
0x005BF810	?DronesDelete@BrocSys@@YAXPBD@Z	V4	PASS	ida-manual-20260827	2026-08-27	IDA:0x005BF810;src/game/logic/g_scr.cpp:2840	Release and source both emit no-op drone deletion.
0x005BFB20	?SetDroneScriptControl@BrocSys@@YAXI_N@Z	V3	PASS	ida-manual-20260827	2026-08-27	src/game/logic/g_scr.cpp:2845	IDA release body is an empty function; source intentionally has no executable work.
0x005BFB20	?SetDroneScriptControl@BrocSys@@YAXI_N@Z	V4	PASS	ida-manual-20260827	2026-08-27	IDA:0x005BFB20;src/game/logic/g_scr.cpp:2845	Release and source both emit no-op drone script control.
0x005BFBE0	?SetZFog@BrocSys@@YAXMMM@Z	V3	PASS	ida-manual-20260827	2026-08-27	src/game/logic/g_scr.cpp:2863	IDA release body is an empty function; source intentionally has no executable work.
0x005BFBE0	?SetZFog@BrocSys@@YAXMMM@Z	V4	PASS	ida-manual-20260827	2026-08-27	IDA:0x005BFBE0;src/game/logic/g_scr.cpp:2863	Release and source both emit no-op Z-fog control.
0x005C11C0	?MPScript_SetCompassVisibilty@BrocSys@@YAXI_N@Z	V3	PASS	ida-manual-20260827	2026-08-27	src/game/logic/g_scr.cpp:2887	IDA release body is an empty function; source intentionally has no executable work.
0x005C11C0	?MPScript_SetCompassVisibilty@BrocSys@@YAXI_N@Z	V4	PASS	ida-manual-20260827	2026-08-27	IDA:0x005C11C0;src/game/logic/g_scr.cpp:2887	Release and source both emit no-op multiplayer compass visibility control.
0x005BCF20	?StartMemCheck@BrocSys@@YAXXZ	V3	PASS	ida-manual-20260827	2026-08-27	src/game/logic/g_scr.cpp:3198	IDA release body is an empty function; source intentionally has no executable work.
0x005BCF20	?StartMemCheck@BrocSys@@YAXXZ	V4	PASS	ida-manual-20260827	2026-08-27	IDA:0x005BCF20;src/game/logic/g_scr.cpp:3198	Release and source both emit no-op memory-check start.
0x005BCF30	?EndMemCheck@BrocSys@@YAXXZ	V3	PASS	ida-manual-20260827	2026-08-27	src/game/logic/g_scr.cpp:3203	IDA release body is an empty function; source intentionally has no executable work.
0x005BCF30	?EndMemCheck@BrocSys@@YAXXZ	V4	PASS	ida-manual-20260827	2026-08-27	IDA:0x005BCF30;src/game/logic/g_scr.cpp:3203	Release and source both emit no-op memory-check end.
0x005BD2C0	?ProfileStart@BrocSys@@YAXH@Z	V3	PASS	ida-manual-20260827	2026-08-27	src/game/logic/g_scr.cpp:3214	IDA release body is an empty function; source intentionally has no executable work.
0x005BD2C0	?ProfileStart@BrocSys@@YAXH@Z	V4	PASS	ida-manual-20260827	2026-08-27	IDA:0x005BD2C0;src/game/logic/g_scr.cpp:3214	Release and source both emit no-op profile start.
0x005BD2D0	?ProfileStop@BrocSys@@YAXH@Z	V3	PASS	ida-manual-20260827	2026-08-27	src/game/logic/g_scr.cpp:3219	IDA release body is an empty function; source intentionally has no executable work.
0x005BD2D0	?ProfileStop@BrocSys@@YAXH@Z	V4	PASS	ida-manual-20260827	2026-08-27	IDA:0x005BD2D0;src/game/logic/g_scr.cpp:3219	Release and source both emit no-op profile stop.
0x005BD2E0	?ProfileSetVal@BrocSys@@YAXHH@Z	V3	PASS	ida-manual-20260827	2026-08-27	src/game/logic/g_scr.cpp:3224	IDA release body is an empty function; source intentionally has no executable work.
0x005BD2E0	?ProfileSetVal@BrocSys@@YAXHH@Z	V4	PASS	ida-manual-20260827	2026-08-27	IDA:0x005BD2E0;src/game/logic/g_scr.cpp:3224	Release and source both emit no-op profile value update.
0x005BD930	?SetMissionStat@BrocSys@@YAXHH@Z	V3	PASS	ida-manual-20260827	2026-08-27	src/game/logic/g_scr.cpp:3247	IDA release body is an empty function; source intentionally has no executable work.
0x005BD930	?SetMissionStat@BrocSys@@YAXHH@Z	V4	PASS	ida-manual-20260827	2026-08-27	IDA:0x005BD930;src/game/logic/g_scr.cpp:3247	Release and source both emit no-op mission stat set.
0x005BD940	?IncMissionStat@BrocSys@@YAXH@Z	V3	PASS	ida-manual-20260827	2026-08-27	src/game/logic/g_scr.cpp:3252	IDA release body is an empty function; source intentionally has no executable work.
0x005BD940	?IncMissionStat@BrocSys@@YAXH@Z	V4	PASS	ida-manual-20260827	2026-08-27	IDA:0x005BD940;src/game/logic/g_scr.cpp:3252	Release and source both emit no-op mission stat increment.
0x005BD950	?DecMissionStat@BrocSys@@YAXH@Z	V3	PASS	ida-manual-20260827	2026-08-27	src/game/logic/g_scr.cpp:3257	IDA release body is an empty function; source intentionally has no executable work.
0x005BD950	?DecMissionStat@BrocSys@@YAXH@Z	V4	PASS	ida-manual-20260827	2026-08-27	IDA:0x005BD950;src/game/logic/g_scr.cpp:3257	Release and source both emit no-op mission stat decrement.
0x005BD980	?UpdateMissionCompletionTime@BrocSys@@YAXXZ	V3	PASS	ida-manual-20260827	2026-08-27	src/game/logic/g_scr.cpp:3274	IDA release body is an empty function; source intentionally has no executable work.
0x005BD980	?UpdateMissionCompletionTime@BrocSys@@YAXXZ	V4	PASS	ida-manual-20260827	2026-08-27	IDA:0x005BD980;src/game/logic/g_scr.cpp:3274	Release and source both emit no-op mission completion update.
0x005BD990	?SetPlayerWeaponUsed@BrocSys@@YAXH@Z	V3	PASS	ida-manual-20260827	2026-08-27	src/game/logic/g_scr.cpp:3279	IDA release body is an empty function; source intentionally has no executable work.
0x005BD990	?SetPlayerWeaponUsed@BrocSys@@YAXH@Z	V4	PASS	ida-manual-20260827	2026-08-27	IDA:0x005BD990;src/game/logic/g_scr.cpp:3279	Release and source both emit no-op player weapon usage update.
0x005BDAF0	?EnableNanoForces@BrocSys@@YAX_N@Z	V3	PASS	ida-manual-20260827	2026-08-27	src/game/logic/g_scr.cpp:3303	IDA release body is an empty function; source intentionally has no executable work.
0x005BDAF0	?EnableNanoForces@BrocSys@@YAX_N@Z	V4	PASS	ida-manual-20260827	2026-08-27	IDA:0x005BDAF0;src/game/logic/g_scr.cpp:3303	Release and source both emit no-op Nano force enable.
0x005BC0E0	?DestroyBrocInstsStub@@YAXPAX@Z	V3	PASS	ida-manual-20260827	2026-08-27	src/game/logic/g_scr.cpp:3913	IDA release body is an empty destructor callback used by the release Broc API.
0x005BC0E0	?DestroyBrocInstsStub@@YAXPAX@Z	V4	PASS	ida-manual-20260827	2026-08-27	IDA:0x005BC0E0;src/game/logic/g_scr.cpp:3913	Release and source both intentionally install an empty Broc-instance destruction callback.
0x005BEDF0	?AnimScripted2@BrocSys@@YAXIIPBVvector@Broc@@1IPBVstring@2@IHMM@Z	V4	PASS	ida-manual-20260827	2026-08-27	IDA:0x005BEDF0;src/game/logic/g_scr.cpp:2788	Release body is an empty scripted-animation entry point and source has the same no-op body.
0x005BEEA0	?StartScriptedAnim@BrocSys@@YAXIIPBVvector@Broc@@1IPBVstring@2@I@Z	V4	PASS	ida-manual-20260827	2026-08-27	IDA:0x005BEEA0;src/game/logic/g_scr.cpp:2795	Release body is an empty scripted-animation entry point and source has the same no-op body.
0x005C1A40	?UpdateNPCtoVehicleMovement@BrocSys@@YAXII@Z	V4	PASS	ida-manual-20260827	2026-08-27	IDA:0x005C1A40;src/game/logic/g_scr.cpp:3066	Release body is an empty NPC-to-vehicle movement hook and source has the same no-op body.
0x005BCD20	?GameSave@BrocSys@@YAXABVstring@1@@Z	V4	PASS	ida-manual-20260827	2026-08-27	IDA:0x005BCD20;src/game/logic/g_scr.cpp:3143	Release body is an empty game-save script hook and source has the same no-op body.
0x005BCD30	?GameLoad@BrocSys@@YAXABVstring@1@@Z	V4	PASS	ida-manual-20260827	2026-08-27	IDA:0x005BCD30;src/game/logic/g_scr.cpp:3148	Release body is an empty game-load script hook and source has the same no-op body.
0x005BCDD0	?MissionSuccess@BrocSys@@YAXABVstring@1@@Z	V4	PASS	ida-manual-20260827	2026-08-27	IDA:0x005BCDD0;src/game/logic/g_scr.cpp:3159	Release body is an empty mission-success script hook and source has the same no-op body.
0x005BCED0	?ProfBegin@BrocSys@@YAXXZ	V4	PASS	ida-manual-20260827	2026-08-27	IDA:0x005BCED0;src/game/logic/g_scr.cpp:3182	Release body is an empty profiling hook and source has the same no-op body.
0x005BCEE0	?ProfEnd@BrocSys@@YAXXZ	V4	PASS	ida-manual-20260827	2026-08-27	IDA:0x005BCEE0;src/game/logic/g_scr.cpp:3187	Release body is an empty profiling hook and source has the same no-op body.
0x005BC800	?Line@BrocSys@@YAXXZ	V4	PASS	ida-manual-20260827	2026-08-27	IDA:0x005BC800;src/game/logic/g_scr.cpp:8109	Release body is a single-return debug line hook and source is intentionally no-op.
0x005BD8B0	?PlayScriptedAnim@BrocSys@@YAXIPBD@Z	V4	PASS	ida-manual-20260827	2026-08-27	IDA:0x005BD8B0;src/game/logic/g_scr.cpp:8407	Release body asserts the documented multiplayer-empty path and source reproduces the same assertion flow.
0x005C1AB0	?Scr_IsSystemActive@@YAHE@Z	V3	PASS	ida-manual-20260827	2026-08-27	src/game/logic/g_entity_misc.cpp:1847	Script system-active query returns the release constant true.
0x005C1AB0	?Scr_IsSystemActive@@YAHE@Z	V4	PASS	ida-manual-20260827	2026-08-27	IDA:0x005C1AB0;src/game/logic/g_entity_misc.cpp:1847	Release returns 1 for the byte-parameter ABI and source returns the same constant.
0x005E9580	??2EntityNotifySet@@SAPAXI_NPBDH@Z	V3	PASS	ida-manual-20260827	2026-08-27	src/game/core/ctor_dtor.cpp:218	EntityNotifySet placement allocation forwards size and force-heap state to its allocator.
0x005E9580	??2EntityNotifySet@@SAPAXI_NPBDH@Z	V4	PASS	ida-manual-20260827	2026-08-27	IDA:0x005E9580;src/game/core/ctor_dtor.cpp:218	Release and source both call EntityNotifySet::sAllocator->Allocate(size, forceHeapAlloc).
0x005E95A0	??3EntityNotifySet@@SAXPAX0@Z	V3	PASS	ida-manual-20260827	2026-08-27	src/game/core/ctor_dtor.cpp:226	EntityNotifySet deletion forwards the pointer to its allocator.
0x005E95A0	??3EntityNotifySet@@SAXPAX0@Z	V4	PASS	ida-manual-20260827	2026-08-27	IDA:0x005E95A0;src/game/core/ctor_dtor.cpp:226	Release and source both call EntityNotifySet::sAllocator->Release(ptr).
0x005EA260	??Eiterator@?$reserved_dlist@VAeThreadState@@@@QAE?AV01@H@Z	V3	PASS	ida-manual-20260827	2026-08-27	src/game/core/core_systems.h:436	Post-increment iterator saves old node/next, advances when possible, and returns the saved iterator.
0x005EA260	??Eiterator@?$reserved_dlist@VAeThreadState@@@@QAE?AV01@H@Z	V4	PASS	ida-manual-20260827	2026-08-27	IDA:0x005EA260;src/game/core/core_systems.h:436	Release and source match the post-increment reserved-list iterator state transition.
0x005EA290	??Eiterator@?$reserved_dlist@VAeThread@@@@QAEAAV01@XZ	V3	PASS	ida-manual-20260827	2026-08-27	src/game/core/core_systems.h:450	Pre-increment iterator advances node and cached next when possible.
0x005EA290	??Eiterator@?$reserved_dlist@VAeThread@@@@QAEAAV01@XZ	V4	PASS	ida-manual-20260827	2026-08-27	IDA:0x005EA290;src/game/core/core_systems.h:450	Release and source match the pre-increment reserved-list iterator state transition.
0x005EA360	??Econst_iterator@?$reserved_dlist@VAeThreadState@@@@QAEAAV01@XZ	V3	PASS	ida-manual-20260827	2026-08-27	src/game/core/core_systems.h:489	Const iterator asserts on a null cached next pointer, then advances and returns itself.
0x005EA360	??Econst_iterator@?$reserved_dlist@VAeThreadState@@@@QAEAAV01@XZ	V4	PASS	ida-manual-20260827	2026-08-27	IDA:0x005EA360;src/game/core/core_systems.h:489	Release and source match the null assertion and two-pointer advance.
0x005EDF90	??$min_val@I@Broc@@YAIABI0@Z	V3	PASS	ida-manual-20260827	2026-08-27	src/engine/broc_types.h:243	Unsigned min helper returns the lesser pointed-to value.
0x005EDF90	??$min_val@I@Broc@@YAIABI0@Z	V4	PASS	ida-manual-20260827	2026-08-27	IDA:0x005EDF90;src/engine/broc_types.h:243	Release and source match the pointer comparison and selected return value.
0x005C76A0	?Scr_GetAnims@@YAPAVAnimTree@@H@Z	V3	PASS	ida-manual-20260827	2026-08-27	src/game/logic/g_scr.cpp:1625	Animation lookup obtains the PAK bank and directly indexes its animation vector.
0x005C76A0	?Scr_GetAnims@@YAPAVAnimTree@@H@Z	V4	PASS	ida-manual-20260827	2026-08-27	IDA:0x005C76A0;src/game/logic/g_scr.cpp:1625	Release and source both call GetBank(PAK_ID_MIN) and return the indexed AnimTree without an outer guard.
0x005C76C0	?Scr_GetAnimTreeByName@@YAPAVAnimTree@@PBD@Z	V3	PASS	ida-manual-20260827	2026-08-27	src/game/logic/g_scr.cpp:1585	Animation name lookup scans bank entries beginning at index one.
0x005C76C0	?Scr_GetAnimTreeByName@@YAPAVAnimTree@@PBD@Z	V4	PASS	ida-manual-20260827	2026-08-27	IDA:0x005C76C0;src/game/logic/g_scr.cpp:1585	Release and source match null-name handling, bank-size cutoff, case-insensitive scan, and null-on-miss.
0x005BE970	?Scr_SetTarget@BrocSys@@YAXPAVEntity@@HPAVstring@Broc@@@Z	V3	PASS	ida-manual-20260827	2026-08-27	src/game/logic/g_scr.cpp:8505	Non-empty entity target setter assigns the string and computes its hash with the default-file fallback.
0x005BE970	?Scr_SetTarget@BrocSys@@YAXPAVEntity@@HPAVstring@Broc@@@Z	V4	PASS	ida-manual-20260827	2026-08-27	IDA:0x005BE970;src/game/logic/g_scr.cpp:8505	Release and source assign mTarget, then hash val->mBlock[1] or defaultFileName through HashString::CalcHash.
0x005BE9C0	?Scr_SetNoteWorthy@BrocSys@@YAXPAVEntity@@HPAVstring@Broc@@@Z	V3	PASS	ida-manual-20260827	2026-08-27	src/game/logic/g_scr.cpp:8517	Non-empty noteworthy setter assigns the string and updates the cached hash.
0x005BE9C0	?Scr_SetNoteWorthy@BrocSys@@YAXPAVEntity@@HPAVstring@Broc@@@Z	V4	PASS	ida-manual-20260827	2026-08-27	IDA:0x005BE9C0;src/game/logic/g_scr.cpp:8517	Release and source assign mScriptNoteworthy and hash the block text or defaultFileName on null.
0x005BEA10	?Scr_SetAnimName@BrocSys@@YAXPAVEntity@@HPAVstring@Broc@@@Z	V3	PASS	ida-manual-20260827	2026-08-27	src/game/logic/g_scr.cpp:8529	Non-empty animation-name setter assigns the string and updates the cached hash.
0x005BEA10	?Scr_SetAnimName@BrocSys@@YAXPAVEntity@@HPAVstring@Broc@@@Z	V4	PASS	ida-manual-20260827	2026-08-27	IDA:0x005BEA10;src/game/logic/g_scr.cpp:8529	Release and source assign mAnimName and hash the block text or defaultFileName on null.
0x005BF8B0	?SetTutorialText@BrocSys@@YAXHH@Z	V3	PASS	ida-manual-20260827	2026-08-27	src/game/logic/g_scr.cpp:8541	Non-empty tutorial-text helper enforces the local viewport assertion and forwards to IGOFrontEnd.
0x005BF8B0	?SetTutorialText@BrocSys@@YAXHH@Z	V4	PASS	ida-manual-20260827	2026-08-27	IDA:0x005BF8B0;src/game/logic/g_scr.cpp:8541	Release and source assert viewport 0..0 with the same file/line/text, then call IGOFrontEnd::SetTutorialText for viewport zero.
0x005BF940	?SetActionHint@BrocSys@@YAXHH@Z	V3	PASS	ida-manual-20260827	2026-08-27	src/game/logic/g_scr.cpp:8559	Non-empty action-hint helper enforces the local viewport assertion and forwards to IGOFrontEnd.
0x005BF940	?SetActionHint@BrocSys@@YAXHH@Z	V4	PASS	ida-manual-20260827	2026-08-27	IDA:0x005BF940;src/game/logic/g_scr.cpp:8559	Release and source assert viewport 0..0 with the same file/line/text, then call IGOFrontEnd::SetActionHint for viewport zero.
0x005BFB90	?NoClip@BrocSys@@YAXH@Z	V3	PASS	ida-manual-20260827	2026-08-27	src/game/logic/g_scr.cpp:8585	Non-empty no-clip command resolves the current player and updates client noclip plus the global flag.
0x005BFB90	?NoClip@BrocSys@@YAXH@Z	V4	PASS	ida-manual-20260827	2026-08-27	IDA:0x005BFB90;src/game/logic/g_scr.cpp:8585	Release and source call EntityManager::GetPlayer(currCl), guard null, and set noclip/gNoClipEnabled from val.
0x005BEC40	?GetNumVehicles@BrocSys@@YAIXZ	V3	PASS	ida-manual-20260827	2026-08-27	src/game/logic/g_scr.cpp:8604	Non-empty vehicle count scans the configured vehicle array and counts live entity handles.
0x005BEC40	?GetNumVehicles@BrocSys@@YAIXZ	V4	PASS	ida-manual-20260827	2026-08-27	IDA:0x005BEC40;src/game/logic/g_scr.cpp:8604	Release and source copy level.MaxVehicles, scan s_vehicles at 468-byte strides, count nonzero mVal, and return the count.
0x005C1120	?MPScript_GetWeaponName@BrocSys@@YAXIAAVstring@Broc@@@Z	V3	PASS	ida-manual-20260827	2026-08-27	src/game/logic/g_scr.cpp:6373	Non-empty weapon-name helper resolves a weapon definition and writes its internal name or none.
0x005C1120	?MPScript_GetWeaponName@BrocSys@@YAXIAAVstring@Broc@@@Z	V4	PASS	ida-manual-20260827	2026-08-27	IDA:0x005C1120;src/game/logic/g_scr.cpp:6373	Release and source guard weaponIndex, call BG_GetInfoForWeapon, copy szInternalName when present, and otherwise assign none.
0x005BCBF0	?SoundCrossFade@BrocSys@@YAXIIM@Z	V3	PASS	ida-manual-20260827	2026-08-27	src/game/logic/g_scr.cpp:2484	Non-empty sound crossfade wrapper forwards both handles and duration to SoundDevice.
0x005BCBF0	?SoundCrossFade@BrocSys@@YAXIIM@Z	V4	PASS	ida-manual-20260827	2026-08-27	IDA:0x005BCBF0;src/game/logic/g_scr.cpp:2484	Release and source call SoundDevice::sInst->CrossFade(handle1, handle2, time) with the same ABI.
0x005BCC10	?SetIndoor@BrocSys@@YAX_N@Z	V3	PASS	ida-manual-20260827	2026-08-27	src/game/logic/g_scr.cpp:3116	Non-empty indoor-state setter writes the global indoor flag.
0x005BCC10	?SetIndoor@BrocSys@@YAX_N@Z	V4	PASS	ida-manual-20260827	2026-08-27	IDA:0x005BCC10;src/game/logic/g_scr.cpp:3116	Release and source assign the bool parameter directly to g_indoor.
0x005BCC20	?GetLastParticleInfo@BrocSys@@YAXAAUvector@Broc@@AAI@Z	V3	PASS	ida-manual-20260827	2026-08-27	src/game/logic/g_scr.cpp:8141	Non-empty particle query copies the last effect hash and position when available.
0x005BCC20	?GetLastParticleInfo@BrocSys@@YAXAAUvector@Broc@@AAI@Z	V4	PASS	ida-manual-20260827	2026-08-27	IDA:0x005BCC20;src/game/logic/g_scr.cpp:8141	Release and source null-check gLastAbstractEffectParticle, copy mEffectNameHashStr, obtain GetPosition, and assign the vector.
0x005BCD40	?SetCullDist@BrocSys@@YAXM@Z	V3	PASS	ida-manual-20260827	2026-08-27	src/game/logic/g_scr.cpp:2490	Non-empty cull-distance wrapper formats the float and updates server configstring nine.
0x005BCD40	?SetCullDist@BrocSys@@YAXM@Z	V4	PASS	ida-manual-20260827	2026-08-27	IDA:0x005BCD40;src/game/logic/g_scr.cpp:2490	Release and source call va("%g", cullDist) and SV_SetConfigstring(9, result).
0x005BCD70	?RadiusDamage@BrocSys@@YAXABUvector@Broc@@MMMH@Z	V3	PASS	ida-manual-20260827	2026-08-27	src/game/logic/g_scr.cpp:8157	Non-empty radius-damage wrapper latches the ignore flag, applies world-inflicted damage, and clears it.
0x005BCD70	?RadiusDamage@BrocSys@@YAXABUvector@Broc@@MMMH@Z	V4	PASS	ida-manual-20260827	2026-08-27	IDA:0x005BCD70;src/game/logic/g_scr.cpp:8157	Release and source copy the latched radius flag, call G_RadiusDamage with world handles and null ignore entity, then reset the flag.
0x005BCDC0	?SetPlayerIgnoreRadiusDamage@BrocSys@@YAX_N@Z	V3	PASS	ida-manual-20260827	2026-08-27	src/game/logic/g_scr.cpp:3150	Non-empty radius-damage ignore setter updates the latched level flag.
0x005BCDC0	?SetPlayerIgnoreRadiusDamage@BrocSys@@YAX_N@Z	V4	PASS	ida-manual-20260827	2026-08-27	IDA:0x005BCDC0;src/game/logic/g_scr.cpp:3150	Release and source assign bVal to level.bPlayerIgnoreRadiusDamageLatched.
0x005BCDE0	?Lightning@BrocSys@@YAXABUvector@Broc@@@Z	V3	PASS	ida-manual-20260827	2026-08-27	src/game/logic/g_scr.cpp:7913	Non-empty lightning hook validates undefined vectors through the release assertion path.
0x005BCDE0	?Lightning@BrocSys@@YAXABUvector@Broc@@@Z	V4	PASS	ida-manual-20260827	2026-08-27	IDA:0x005BCDE0;src/game/logic/g_scr.cpp:7913	Release and source compare all three coordinates with sNaN and use the same BrocSys.cpp:2680 assertion text.
0x005BCE60	?SetRainDrops@BrocSys@@YAX_N@Z	V3	PASS	ida-manual-20260827	2026-08-27	src/game/logic/g_scr.cpp:3161	Non-empty rain-drop wrapper forwards its bool to the FX system.
0x005BCE60	?SetRainDrops@BrocSys@@YAX_N@Z	V4	PASS	ida-manual-20260827	2026-08-27	IDA:0x005BCE60;src/game/logic/g_scr.cpp:3161	Release and source call FX_SetRainDrops(on) directly.
0x005BCE70	?SetFootSplashEffect@BrocSys@@YAXABVstring@Broc@@@Z	V3	PASS	ida-manual-20260827	2026-08-27	src/game/logic/g_scr.cpp:2496	Non-empty foot-splash setter assigns the supplied string to the global effect name.
0x005BCE70	?SetFootSplashEffect@BrocSys@@YAXABVstring@Broc@@@Z	V4	PASS	ida-manual-20260827	2026-08-27	IDA:0x005BCE70;src/game/logic/g_scr.cpp:2496	Release and source copy the const string argument into gFootSplashEffect.
0x005BCEA0	?SetMissileActiveTime@BrocSys@@YAXM@Z	V3	PASS	ida-manual-20260827	2026-08-27	src/game/logic/g_scr.cpp:7928	Non-empty missile-active-time setter converts seconds to milliseconds in level state.
0x005BCEA0	?SetMissileActiveTime@BrocSys@@YAXM@Z	V4	PASS	ida-manual-20260827	2026-08-27	IDA:0x005BCEA0;src/game/logic/g_scr.cpp:7928	Release and source assign level.MissleOnlyActiveForTime = timeSec * 1000.0.
0x005BCEC0	?SetMaxVehicles@BrocSys@@YAXH@Z	V3	PASS	ida-manual-20260827	2026-08-27	src/game/logic/g_scr.cpp:3173	Non-empty max-vehicle setter forwards the count to vehicle dynamic-buffer initialization.
0x005BCEC0	?SetMaxVehicles@BrocSys@@YAXH@Z	V4	PASS	ida-manual-20260827	2026-08-27	IDA:0x005BCEC0;src/game/logic/g_scr.cpp:3173	Release and source call vehicle_InitDynamicBuffers(vehicles) directly.
0x005BCEF0	?ProfTick@BrocSys@@YAHXZ	V3	PASS	ida-manual-20260827	2026-08-27	src/game/logic/g_scr.cpp:7934	Non-empty profiling tick reads the processor timestamp counter.
0x005BCEF0	?ProfTick@BrocSys@@YAHXZ	V4	PASS	ida-manual-20260827	2026-08-27	IDA:0x005BCEF0;src/game/logic/g_scr.cpp:7934	Release disassembly executes rdtsc and returns the low EAX dword under the YAH (int) symbol ABI; source casts __rdtsc to int.
0x005BCF10	?FlushCorpses@BrocSys@@YAXXZ	V3	PASS	ida-manual-20260827	2026-08-27	src/game/logic/g_scr.cpp:3189	Non-empty corpse-flush wrapper forwards to the game corpse system.
0x005BCF10	?FlushCorpses@BrocSys@@YAXXZ	V4	PASS	ida-manual-20260827	2026-08-27	IDA:0x005BCF10;src/game/logic/g_scr.cpp:3189	Release thunk and source both call G_FlushCorpses with no arguments.
0x005BD070	?IsPakLoaded@BrocSys@@YA_NW4TPakInfo@@@Z	V3	PASS	ida-manual-20260827	2026-08-27	src/game/logic/g_scr.cpp:7940	Non-empty pak-loaded query checks the invalid handle path, warns, and queries PakManager for valid handles.
0x005BD070	?IsPakLoaded@BrocSys@@YA_NW4TPakInfo@@@Z	V4	PASS	ida-manual-20260827	2026-08-27	IDA:0x005BD070;src/game/logic/g_scr.cpp:7940	Release and source use the same invalid-handle warning at BrocSys.cpp:3089 and pass handle+0xB4 as TPakId to PakManager::IsLoaded.
0x005BD0D0	?SetPakDistance@BrocSys@@YAXW4TPakInfo@@M@Z	V3	PASS	ida-manual-20260827	2026-08-27	src/game/logic/g_scr.cpp:7958	Non-empty pak-distance setter updates valid pak distance and warns on an invalid handle.
0x005BD0D0	?SetPakDistance@BrocSys@@YAXW4TPakInfo@@M@Z	V4	PASS	ida-manual-20260827	2026-08-27	IDA:0x005BD0D0;src/game/logic/g_scr.cpp:7958	Release and source call PakManager::SetUserDistance for non-invalid handles and use the same BrocSys.cpp:3104 warning otherwise.
0x005BD130	?ClearPakDistance@BrocSys@@YAXW4TPakInfo@@@Z	V3	PASS	ida-manual-20260827	2026-08-27	src/game/logic/g_scr.cpp:7977	Non-empty pak-distance clear wrapper clears valid pak distance and warns on an invalid handle.
0x005BD130	?ClearPakDistance@BrocSys@@YAXW4TPakInfo@@@Z	V4	PASS	ida-manual-20260827	2026-08-27	IDA:0x005BD130;src/game/logic/g_scr.cpp:7977	Release and source call PakManager::ClearUserDistance for valid handles and use the same BrocSys.cpp:3117 warning otherwise.
0x005BD900	?SetMissionToTrack@BrocSys@@YA_NPBD_N@Z	V3	PASS	ida-manual-20260827	2026-08-27	src/game/logic/g_scr.cpp:3226	Non-empty mission-track helper returns the release sentinel false.
0x005BD900	?SetMissionToTrack@BrocSys@@YA_NPBD_N@Z	V4	PASS	ida-manual-20260827	2026-08-27	IDA:0x005BD900;src/game/logic/g_scr.cpp:3226	Release body ignores both parameters and returns false; source preserves the decorated signature and sentinel result.
0x005BD910	?GetMissionStat@BrocSys@@YAHH_N@Z	V3	PASS	ida-manual-20260827	2026-08-27	src/game/logic/g_scr.cpp:3232	Non-empty mission-stat query returns the release sentinel zero.
0x005BD910	?GetMissionStat@BrocSys@@YAHH_N@Z	V4	PASS	ida-manual-20260827	2026-08-27	IDA:0x005BD910;src/game/logic/g_scr.cpp:3232	Release body ignores its parameters and returns integer zero; source preserves the decorated signature and result.
0x005BD920	?GetMissionStatAll@BrocSys@@YAHH@Z	V3	PASS	ida-manual-20260827	2026-08-27	src/game/logic/g_scr.cpp:3238	Non-empty all-mission-stat query returns the release sentinel zero.
0x005BD920	?GetMissionStatAll@BrocSys@@YAHH@Z	V4	PASS	ida-manual-20260827	2026-08-27	IDA:0x005BD920;src/game/logic/g_scr.cpp:3238	Release body ignores its parameter and returns integer zero; source preserves the decorated signature and result.
0x005BD960	?GetAvgMissionStat@BrocSys@@YAMH@Z	V3	PASS	ida-manual-20260827	2026-08-27	src/game/logic/g_scr.cpp:3259	Non-empty average mission-stat query returns the release sentinel zero float.
0x005BD960	?GetAvgMissionStat@BrocSys@@YAMH@Z	V4	PASS	ida-manual-20260827	2026-08-27	IDA:0x005BD960;src/game/logic/g_scr.cpp:3259	Release body ignores its parameter and returns 0.0; source preserves the float sentinel.
0x005BD970	?GetMissionCompletionTime@BrocSys@@YAHXZ	V3	PASS	ida-manual-20260827	2026-08-27	src/game/logic/g_scr.cpp:3265	Non-empty mission-completion-time query returns the release sentinel zero.
0x005BD970	?GetMissionCompletionTime@BrocSys@@YAHXZ	V4	PASS	ida-manual-20260827	2026-08-27	IDA:0x005BD970;src/game/logic/g_scr.cpp:3265	Release and source return integer zero with no side effects.
0x005BD9A0	?WasPlayerWeaponUsed@BrocSys@@YA_NH@Z	V3	PASS	ida-manual-20260827	2026-08-27	src/game/logic/g_scr.cpp:3281	Non-empty weapon-used query returns the release sentinel false.
0x005BD9A0	?WasPlayerWeaponUsed@BrocSys@@YA_NH@Z	V4	PASS	ida-manual-20260827	2026-08-27	IDA:0x005BD9A0;src/game/logic/g_scr.cpp:3281	Release body ignores its parameter and returns false; source preserves the decorated signature and result.
0x005BD9B0	?WasPlayerWeaponCategoryUsed@BrocSys@@YA_NH_N@Z	V3	PASS	ida-manual-20260827	2026-08-27	src/game/logic/g_scr.cpp:3287	Non-empty weapon-category-used query returns the release sentinel false.
0x005BD9B0	?WasPlayerWeaponCategoryUsed@BrocSys@@YA_NH_N@Z	V4	PASS	ida-manual-20260827	2026-08-27	IDA:0x005BD9B0;src/game/logic/g_scr.cpp:3287	Release body ignores both parameters and returns false; source preserves the decorated signature and result.
0x005BDB60	?GlowSetGodRaysAux@BrocSys@@YAX_N@Z	V3	PASS	ida-manual-20260827	2026-08-27	src/game/logic/g_scr.cpp:3305	Non-empty glow god-rays setter writes the ShaderCommon global.
0x005BDB60	?GlowSetGodRaysAux@BrocSys@@YAX_N@Z	V4	PASS	ida-manual-20260827	2026-08-27	IDA:0x005BDB60;src/game/logic/g_scr.cpp:3305	Release and source assign val directly to ShaderCommon::gGlowGodRays.
0x005BDA30	?RemoveDynamicLight@BrocSys@@YAXI@Z	V3	PASS	ida-manual-20260827	2026-08-27	src/game/logic/g_scr.cpp:3293	Non-empty dynamic-light removal marks a nonzero light handle for removal.
0x005BDA30	?RemoveDynamicLight@BrocSys@@YAXI@Z	V4	PASS	ida-manual-20260827	2026-08-27	IDA:0x005BDA30;src/game/logic/g_scr.cpp:3293	Release and source null-check the handle and set the byte at offset 0x3D to one.
0x005BDA40	?CreateDynamicLight@BrocSys@@YAIABUvector@Broc@@0MMM_N@Z	V3	PASS	ida-manual-20260827	2026-08-27	src/game/logic/g_scr.cpp:8291	Non-empty dynamic-light creation validates duration, creates a vertex light, and initializes color/radii/fade/flicker.
0x005BDA40	?CreateDynamicLight@BrocSys@@YAIABUvector@Broc@@0MMM_N@Z	V4	PASS	ida-manual-20260827	2026-08-27	IDA:0x005BDA40;src/game/logic/g_scr.cpp:8291	Release and source return zero for nonpositive time, call AddLight with CurPakId and VERTEX_LIGHT, set RGB plus alpha one, copy both radii, and set fade/flicker.
0x005BDAC0	?GetLocalizedString@BrocSys@@YA?AVstring@Broc@@H@Z	V3	PASS	ida-manual-20260827	2026-08-27	src/game/logic/g_scr.cpp:8328	Non-empty localization wrapper resolves an STB string and constructs the returned Broc string.
0x005BDAC0	?GetLocalizedString@BrocSys@@YA?AVstring@Broc@@H@Z	V4	PASS	ida-manual-20260827	2026-08-27	IDA:0x005BDAC0;src/game/logic/g_scr.cpp:8328	Release and source call STBManager::GetSTBString(stringHash) and construct the return string from the result.
0x005BDB00	?GlowSetIntensityAux@BrocSys@@YAXM@Z	V3	PASS	ida-manual-20260827	2026-08-27	src/game/logic/g_scr.cpp:2951	Non-empty glow intensity setter writes the ShaderCommon global.
0x005BDB00	?GlowSetIntensityAux@BrocSys@@YAXM@Z	V4	PASS	ida-manual-20260827	2026-08-27	IDA:0x005BDB00;src/game/logic/g_scr.cpp:2951	Release and source assign val directly to ShaderCommon::gGlowIntensity.
0x005BDB20	?GlowSetExpansionAux@BrocSys@@YAXM@Z	V3	PASS	ida-manual-20260827	2026-08-27	src/game/logic/g_scr.cpp:2957	Non-empty glow expansion setter writes the ShaderCommon global.
0x005BDB20	?GlowSetExpansionAux@BrocSys@@YAXM@Z	V4	PASS	ida-manual-20260827	2026-08-27	IDA:0x005BDB20;src/game/logic/g_scr.cpp:2957	Release and source assign val directly to ShaderCommon::gGlowExpansion.
0x005BDB40	?GlowSetBrightnessAux@BrocSys@@YAXM@Z	V3	PASS	ida-manual-20260827	2026-08-27	src/game/logic/g_scr.cpp:4067	Non-empty glow brightness setter writes the ShaderCommon global.
0x005BDB40	?GlowSetBrightnessAux@BrocSys@@YAXM@Z	V4	PASS	ida-manual-20260827	2026-08-27	IDA:0x005BDB40;src/game/logic/g_scr.cpp:4067	Release and source assign val directly to ShaderCommon::gGlowBrighten.
0x005BDB70	?GlowSetPassesAux@BrocSys@@YAXH@Z	V3	PASS	ida-manual-20260827	2026-08-27	src/game/logic/g_scr.cpp:3311	Non-empty glow-pass setter writes the ShaderCommon integer global.
0x005BDB70	?GlowSetPassesAux@BrocSys@@YAXH@Z	V4	PASS	ida-manual-20260827	2026-08-27	IDA:0x005BDB70;src/game/logic/g_scr.cpp:3311	Release and source assign val directly to ShaderCommon::gGlowPasses.
0x005BDB80	?CurGenMotionBlur@BrocSys@@YAXMMM@Z	V3	PASS	ida-manual-20260827	2026-08-27	src/game/logic/g_scr.cpp:3317	Non-empty motion-blur wrapper forwards all three timing/level values.
0x005BDB80	?CurGenMotionBlur@BrocSys@@YAXMMM@Z	V4	PASS	ida-manual-20260827	2026-08-27	IDA:0x005BDB80;src/game/logic/g_scr.cpp:3317	Release and source call CG_MotionBlur::Begin(fLevel, fPlateauTime, fFadeTime) directly.
0x005BE020	?SetLoadedTrees@BrocHelper@@YAXH@Z	V3	PASS	ida-manual-20260827	2026-08-27	src/game/logic/g_scr.cpp:115	Non-empty setter stores the loaded-tree count in BrocHelper::m_treeCount.
0x005BE020	?SetLoadedTrees@BrocHelper@@YAXH@Z	V4	PASS	ida-manual-20260827	2026-08-27	IDA:0x005BE020;src/game/logic/g_scr.cpp:115	Release and source assign the int argument directly to BrocHelper::m_treeCount.
0x005BE030	?GetLoadedTrees@BrocHelper@@YAHXZ	V3	PASS	ida-manual-20260827	2026-08-27	src/game/logic/g_scr.cpp:121	Non-empty getter returns the current BrocHelper loaded-tree count.
0x005BE030	?GetLoadedTrees@BrocHelper@@YAHXZ	V4	PASS	ida-manual-20260827	2026-08-27	IDA:0x005BE030;src/game/logic/g_scr.cpp:121	Release and source return BrocHelper::m_treeCount without transformation.
0x005BE040	?AnimationToBroLookup@BrocHelper@@YAXPBDHHH@Z	V3	PASS	ida-manual-20260827	2026-08-27	src/game/logic/g_scr.cpp:11041	Non-empty animation lookup lowercases the tree name, hashes it, validates the resolver, and forwards all four values.
0x005BE040	?AnimationToBroLookup@BrocHelper@@YAXPBDHHH@Z	V4	PASS	ida-manual-20260827	2026-08-27	IDA:0x005BE040;src/game/logic/g_scr.cpp:11041	Release and source call strlwr/_strlwr, HashString::CalcHash, the line-5350 resolver assert, then mAnimIndexResolver(hash, tree_index, animation_name_brohashed, animation_index).
0x005BE0D0	?AnimationToBroLookup@BrocHelper@@YAXABVtlFixedString@@H0H@Z	V3	PASS	ida-manual-20260827	2026-08-27	src/game/logic/g_scr.cpp:127	Non-empty fixed-string animation lookup forwards both hashes, tree index, and animation index.
0x005BE0D0	?AnimationToBroLookup@BrocHelper@@YAXABVtlFixedString@@H0H@Z	V4	PASS	ida-manual-20260827	2026-08-27	IDA:0x005BE0D0;src/game/logic/g_scr.cpp:127	Release and source directly call mAnimIndexResolver(tree_name.hash, tree_index, animation_name.hash, animation_index), with no extra guard.
0x005BE100	?AnimationValidator@BrocHelper@@YAXH@Z	V3	PASS	ida-manual-20260827	2026-08-27	src/game/logic/g_scr.cpp:11062	Non-empty validator stores numTrees, checks the validation resolver, invokes it, and reports an incomplete animation fixup.
0x005BE100	?AnimationValidator@BrocHelper@@YAXH@Z	V4	PASS	ida-manual-20260827	2026-08-27	IDA:0x005BE100;src/game/logic/g_scr.cpp:11062	Release and source assign m_treeCount, use the line-5392 resolver assert, call mAnimIndexValidate(), and Com_Printf the exact failure text when false.
0x005BE1A0	?RegisterBroFunc@BrocHelper@@YAXPADP6AIPAX@Z@Z	V3	PASS	ida-manual-20260827	2026-08-27	src/game/logic/g_scr.cpp:8634	Non-empty registration hashes a name, inserts the first free lookup slot, and asserts when all 70 slots are occupied.
0x005BE1A0	?RegisterBroFunc@BrocHelper@@YAXPADP6AIPAX@Z@Z	V4	PASS	ida-manual-20260827	2026-08-27	IDA:0x005BE1A0;src/game/logic/g_scr.cpp:8634	Release and source scan 70 entries, store CalcHash(name) and function in the first zero-hash slot, and use the BrocSys.cpp line-5424 Out of lookup entries assert.
0x005BE210	?GetBroFuncByName@BrocHelper@@YAP6AIPAX@ZPBD_N@Z	V3	PASS	ida-manual-20260827	2026-08-27	src/game/logic/g_scr.cpp:23464	Non-empty lookup hashes the name, scans 70 entries, returns the matching function, and conditionally asserts on a missing enforced name.
0x005BE210	?GetBroFuncByName@BrocHelper@@YAP6AIPAX@ZPBD_N@Z	V4	PASS	ida-manual-20260827	2026-08-27	IDA:0x005BE210;src/game/logic/g_scr.cpp:23464	Release and source scan the same 70-slot table, format BrocFunc: %s, NOT FOUND, set BrocSys.cpp line 5444 assert state, and return null when absent.
0x005BE2B0	?UpdateEntityHash@@YAXPAUEntity@@@Z	V3	PASS	ida-manual-20260827	2026-08-27	src/game/logic/g_scr.cpp:1549	Non-empty entity hash refresh computes class, group, targetname, target, noteworthy, and animation hashes.
0x005BE2B0	?UpdateEntityHash@@YAXPAUEntity@@@Z	V4	PASS	ida-manual-20260827	2026-08-27	IDA:0x005BE2B0;src/game/logic/g_scr.cpp:1549	Release and source construct the class hash and CalcHash each Broc string payload, using the binary defaultFileName fallback at 0xCD67AE for every null block.
0x005BE180	?Init@BrocHelper@@YAHXZ	V3	PASS	ida-manual-20260827	2026-08-27	src/game/logic/g_scr.cpp:23456	Non-empty initializer clears all 70 Broc function lookup entries, resets the tree count, and returns zero.
0x005BE180	?Init@BrocHelper@@YAHXZ	V4	PASS	ida-manual-20260827	2026-08-27	IDA:0x005BE180;src/game/logic/g_scr.cpp:23456	Release and source memset the 70-entry table, assign m_treeCount=0, and return int zero; cross-TU declarations and the export callback cast now preserve this ABI.
0x005BBC20	?MemPrint@@YAXPBDZZ	V3	PASS	ida-manual-20260827	2026-08-27	src/game/logic/g_entity_misc.cpp:3726	Non-empty variadic memory diagnostic formats into a 512-byte local buffer and sends it to tlFinalPrint.
0x005BBC20	?MemPrint@@YAXPBDZZ	V4	PASS	ida-manual-20260827	2026-08-27	IDA:0x005BBC20;src/game/logic/g_entity_misc.cpp:3726	Release and source va_start, vsprintf into Work[512], call tlFinalPrint(Work), and finish the variadic cleanup.
0x005BBC80	?IsRealLeak@MemCount@@YA_NPBDHH@Z	V3	PASS	ida-manual-20260827	2026-08-27	src/game/logic/g_scr.cpp:2246	Intentional release sentinel always reports a real leak by returning true.
0x005BBC80	?IsRealLeak@MemCount@@YA_NPBDHH@Z	V4	PASS	ida-manual-20260827	2026-08-27	IDA:0x005BBC80;src/game/logic/g_scr.cpp:2246	Release is mov al,1;ret and source returns true with all inputs intentionally unused.
0x005BBCD0	?ThreadPrintf@@YAXHPBDZZ	V3	PASS	ida-manual-20260827	2026-08-27	src/game/logic/g_scr.cpp:2272	Non-empty variadic thread logging gates on g_scriptdebug, formats into Work[512], and calls tlPrint.
0x005BBCD0	?ThreadPrintf@@YAXHPBDZZ	V4	PASS	ida-manual-20260827	2026-08-27	IDA:0x005BBCD0;src/game/logic/g_scr.cpp:2272	Release and source compare (bitMask & Cvar_Get("g_scriptdebug","0",512)->integer) to bitMask, then vsprintf and tlPrint with matching buffer size.
0x005BBD30	?SetJmp@@YAXPAI@Z	V3	PASS	ida-manual-20260827	2026-08-27	src/game/logic/g_scr.cpp:3729	Non-empty naked helper snapshots flags, all general registers, stack state, and return address into ten dwords.
0x005BBD30	?SetJmp@@YAXPAI@Z	V4	PASS	ida-manual-20260827	2026-08-27	IDA:0x005BBD30;src/game/logic/g_scr.cpp:3729	Release pusha/pushf stores the exact ten-word snapshot and restores flags/registers before retn; source inline assembly matches offsets and ordering.
0x005BBD80	?LongJmp@@YAXPAI@Z	V3	PASS	ida-manual-20260827	2026-08-27	src/game/logic/g_scr.cpp:3761	Non-empty naked helper restores the saved stack/return address and register state for the long jump.
0x005BBD80	?LongJmp@@YAXPAI@Z	V4	PASS	ida-manual-20260827	2026-08-27	IDA:0x005BBD80;src/game/logic/g_scr.cpp:3761	Release writes saved return address, loads saved esp, pushes saved eax/ecx/edx/ebx, and retn; source assembly matches the release sequence.
0x005BBDB0	??0BackupStack@AeThread@@QAE@XZ	V3	PASS	ida-manual-20260827	2026-08-27	src/game/logic/g_scr.cpp:1070	Non-empty constructor clears the backup block list and all size/bounds fields.
0x005BBDB0	??0BackupStack@AeThread@@QAE@XZ	V4	PASS	ida-manual-20260827	2026-08-27	IDA:0x005BBDB0;src/game/logic/g_scr.cpp:1070	Release and source initialize mBlockList to null and mSize, mBegin, mEnd to zero, returning this via the compiler ABI.
0x005BBDC0	?Backup@BackupStack@AeThread@@QAEXII@Z	V3	PASS	ida-manual-20260827	2026-08-27	src/game/logic/g_scr.cpp:1090	Non-empty stack backup validates bounds, tracks min/max sizes, copies data in 0xFC-byte chunks, checksums bytes, allocates chained blocks, and releases surplus blocks.
0x005BBDC0	?Backup@BackupStack@AeThread@@QAEXII@Z	V4	PASS	ida-manual-20260827	2026-08-27	IDA:0x005BBDC0;src/game/logic/g_scr.cpp:1090	Release and source match the AeThread.cpp line-965 assert, 0x100 block allocation, 0xFC copy/checksum loop, chained allocation, tail unlink, and surplus release.
0x005BBF70	?Restore@BackupStack@AeThread@@QBEXI@Z	V3	PASS	ida-manual-20260827	2026-08-27	src/game/logic/g_scr.cpp:1161	Non-empty restore validates initialization, copies chained backup blocks back, increments restore ID, checksums, and asserts on mismatch.
0x005BBF70	?Restore@BackupStack@AeThread@@QBEXI@Z	V4	PASS	ida-manual-20260827	2026-08-27	IDA:0x005BBF70;src/game/logic/g_scr.cpp:1161	Release and source match the line-1049 uninitialized assert, 0xFC copy loop, sRestoreId increment, byte checksum, and line-1100 checksum assert.
0x005BC0B0	??1BackupStack@AeThread@@QAE@XZ	V3	PASS	ida-manual-20260827	2026-08-27	src/game/logic/g_scr.cpp:1079	Non-empty destructor walks the backup block chain and releases every block.
0x005BC0B0	??1BackupStack@AeThread@@QAE@XZ	V4	PASS	ida-manual-20260827	2026-08-27	IDA:0x005BC0B0;src/game/logic/g_scr.cpp:1079	Release and source repeatedly advance mBlockList and call Block::sAllocator->Release until null.
0x005BC0F0	?NewAction@AeThreadPakNotifyState@@UAE?AW4EAction@AeThreadState@@AAVAeThread@@@Z	V3	PASS	ida-manual-20260827	2026-08-27	src/game/logic/g_scr.cpp:1342	Non-empty pak wait state checks loaded/unloaded status, marks finished when satisfied, and returns the configured result.
0x005BC0F0	?NewAction@AeThreadPakNotifyState@@UAE?AW4EAction@AeThreadState@@AAVAeThread@@@Z	V4	PASS	ida-manual-20260827	2026-08-27	IDA:0x005BC0F0;src/game/logic/g_scr.cpp:1342	Release and source read pakId at mPak+0xB4, use the same loaded/unloaded short-circuit tests, then set mFinished and return mResult.
0x005BC150	?NewAction@AeThreadWaitState@@UAE?AW4EAction@AeThreadState@@AAVAeThread@@@Z	V3	PASS	ida-manual-20260827	2026-08-27	src/game/logic/g_scr.cpp:1258	Non-empty timed wait subtracts ServerTime tick delta, remains pending above zero, otherwise marks finished and wakes.
0x005BC150	?NewAction@AeThreadWaitState@@UAE?AW4EAction@AeThreadState@@AAVAeThread@@@Z	V4	PASS	ida-manual-20260827	2026-08-27	IDA:0x005BC150;src/game/logic/g_scr.cpp:1258	Release and source subtract mTickDelta, return action zero while positive, set mFinished, and return action two otherwise.
0x005BC180	?NewAction@AeThreadWaitFramesState@@UAE?AW4EAction@AeThreadState@@AAVAeThread@@@Z	V3	PASS	ida-manual-20260827	2026-08-27	src/game/logic/g_scr.cpp:1297	Non-empty frame wait decrements the counter, remains pending for positive non-one values, otherwise marks finished and wakes.
0x005BC180	?NewAction@AeThreadWaitFramesState@@UAE?AW4EAction@AeThreadState@@AAVAeThread@@@Z	V4	PASS	ida-manual-20260827	2026-08-27	IDA:0x005BC180;src/game/logic/g_scr.cpp:1297	Release and source implement mFramesRemaining-1, the original-equals-one branch, and action zero/two returns exactly.
0x005BC1E0	?CreateNanoGraph@@YAIPADQAM1@Z	V3	PASS	ida-manual-20260827	2026-08-27	src/game/logic/g_scr.cpp:2291	Intentional release sentinel returns zero without using the graph arguments.
0x005BC1E0	?CreateNanoGraph@@YAIPADQAM1@Z	V4	PASS	ida-manual-20260827	2026-08-27	IDA:0x005BC1E0;src/game/logic/g_scr.cpp:2291	Release is xor eax,eax;ret and source returns unsigned zero with the three inputs unused.
0x005BC810	?SquareRootX@BrocSys@@YAMM@Z	V3	PASS	ida-manual-20260827	2026-08-27	src/game/logic/g_scr.cpp:3439	Non-empty scalar math wrapper computes the square root of its float argument.
0x005BC810	?SquareRootX@BrocSys@@YAMM@Z	V4	PASS	ida-manual-20260827	2026-08-27	IDA:0x005BC810;src/game/logic/g_scr.cpp:3439	Release loads the float and executes x87 fsqrt; source returns sqrtf(v) with the same float ABI and result.
0x005BC820	?ModXY@BrocSys@@YAHHH@Z	V3	PASS	ida-manual-20260827	2026-08-27	src/game/logic/g_scr.cpp:3092	Non-empty integer math wrapper returns x modulo y.
0x005BC820	?ModXY@BrocSys@@YAHHH@Z	V4	PASS	ida-manual-20260827	2026-08-27	IDA:0x005BC820;src/game/logic/g_scr.cpp:3092	Release performs signed integer remainder and source returns x % y directly.
0x005BC830	?FModXY@BrocSys@@YAMMM@Z	V3	PASS	ida-manual-20260827	2026-08-27	src/game/logic/g_scr.cpp:3098	Non-empty float math wrapper returns floating remainder.
0x005BC830	?FModXY@BrocSys@@YAMMM@Z	V4	PASS	ida-manual-20260827	2026-08-27	IDA:0x005BC830;src/game/logic/g_scr.cpp:3098	Release calls the CRT floating-modulo helper and source returns fmodf(x, y) with matching float ABI.
0x005BC840	?atoff@BrocSys@@YAMPBD@Z	V3	PASS	ida-manual-20260827	2026-08-27	src/game/logic/g_scr.cpp:2316	Non-empty string-to-float wrapper delegates to atof.
0x005BC840	?atoff@BrocSys@@YAMPBD@Z	V4	PASS	ida-manual-20260827	2026-08-27	IDA:0x005BC840;src/game/logic/g_scr.cpp:2316	Release calls j__atof and source casts atof(s) to float, preserving the release return type.
0x005BCF40	?GetPakVector@BrocSys@@YA?AW4TPakInfo@@MMM@Z	V3	PASS	ida-manual-20260827	2026-08-27	src/game/logic/g_scr.cpp:8169	Non-empty pak lookup builds a zero-w vector, resolves its cell, warns/falls back to current pak when outside the world, and asserts on an unknown result.
0x005BCF40	?GetPakVector@BrocSys@@YA?AW4TPakInfo@@MMM@Z	V4	PASS	ida-manual-20260827	2026-08-27	IDA:0x005BCF40;src/game/logic/g_scr.cpp:8169	Release and source match Position3 xyz/0 initialization, R_CellForPoint, BrocSys.cpp lines 3055/3062 warning/assert state, current-pak fallback, and cell-pak return.
0x005BD190	?SyncLoadPak@BrocSys@@YAXW4TPakInfo@@@Z	V3	PASS	ida-manual-20260827	2026-08-27	src/game/logic/g_scr.cpp:7996	Non-empty pak synchronizer sets user distance, updates until loaded or timeout, and warns for invalid/unsuccessful loads.
0x005BD190	?SyncLoadPak@BrocSys@@YAXW4TPakInfo@@@Z	V4	PASS	ida-manual-20260827	2026-08-27	IDA:0x005BD190;src/game/logic/g_scr.cpp:7996	Release and source match invalid-handle warning line 3130, SetUserDistance(0.0), Update(false), loading/loaded tests, >10000 timeout, and line-3141 warning text.
0x005BD2B0	?ProfileDeclareID@BrocSys@@YAHPBD@Z	V3	PASS	ida-manual-20260827	2026-08-27	src/game/logic/g_scr.cpp:3205	Intentional profiling sentinel returns zero and ignores its name.
0x005BD2B0	?ProfileDeclareID@BrocSys@@YAHPBD@Z	V4	PASS	ida-manual-20260827	2026-08-27	IDA:0x005BD2B0;src/game/logic/g_scr.cpp:3205	Release is xor eax,eax;ret and source returns int zero.
0x005BD460	?NRefsToString@BrocSys@@YAHH@Z	V3	PASS	ida-manual-20260827	2026-08-27	src/game/logic/g_scr.cpp:7528	Non-empty HUD reference counter scans 496 bytes in four 124-byte strides and counts matching text/config/label fields.
0x005BD460	?NRefsToString@BrocSys@@YAHH@Z	V4	PASS	ida-manual-20260827	2026-08-27	IDA:0x005BD460;src/game/logic/g_scr.cpp:7528	Release and source use the same four HE_TYPE_TEXT/active-field comparisons and increment result for each matching stringRef.
0x005BD620	?FindConfigString@BrocSys@@YAHPBD@Z	V3	PASS	ida-manual-20260827	2026-08-27	src/game/logic/g_scr.cpp:7547	Non-empty config lookup scans 64 slots from config index 660, skips empty strings, and returns the matching index or -1.
0x005BD620	?FindConfigString@BrocSys@@YAHPBD@Z	V4	PASS	ida-manual-20260827	2026-08-27	IDA:0x005BD620;src/game/logic/g_scr.cpp:7547	Release and source call SV_GetConfigstringConst(v1+660), gate on first byte, use _stricmp, and return -1 after 64 entries.
0x005BD9C0	?SetDynamicLightPosition@BrocSys@@YAXIABUvector@Broc@@@Z	V3	PASS	ida-manual-20260827	2026-08-27	src/game/logic/g_scr.cpp:8315	Non-empty dynamic-light position setter ignores null handles and writes xyz at light offset +0x10.
0x005BD9C0	?SetDynamicLightPosition@BrocSys@@YAXIABUvector@Broc@@@Z	V4	PASS	ida-manual-20260827	2026-08-27	IDA:0x005BD9C0;src/game/logic/g_scr.cpp:8315	Release preserves the fourth SIMD component while storing lightpos x/y/z into light[1]; source writes the same first three floats at +0x10.
0x005BDB90	?StopCurGenMotionBlur@BrocSys@@YAXXZ	V3	PASS	ida-manual-20260827	2026-08-27	src/game/logic/g_scr.cpp:2731	Non-empty motion-blur stop wrapper ends the current motion blur.
0x005BDB90	?StopCurGenMotionBlur@BrocSys@@YAXXZ	V4	PASS	ida-manual-20260827	2026-08-27	IDA:0x005BDB90;src/game/logic/g_scr.cpp:2731	Release thunk targets CG_MotionBlur::End and source calls CG_MotionBlur::End directly.
0x005BDBA0	?InitMPCallbacks@BrocSys@@YAHXZ	V3	PASS	ida-manual-20260827	2026-08-27	src/game/logic/g_scr.cpp:11575	Non-empty callback reset clears every multiplayer Broc export callback when gpBrocAPI exists and returns zero.
0x005BDBA0	?InitMPCallbacks@BrocSys@@YAHXZ	V4	PASS	ida-manual-20260827	2026-08-27	IDA:0x005BDBA0;src/game/logic/g_scr.cpp:11575	Release and source clear the complete callback field sequence through mCallbackDebugRender, return int zero, and now share the release int declaration across translation units.
0x005BDEA0	?BrocDebugRender@BrocSys@@YAXXZ	V3	PASS	ida-manual-20260827	2026-08-27	src/game/logic/g_scr.cpp:11009	Non-empty debug renderer emits red Broc Pool empty text at (20,20) when the Broc pool exists and is empty.
0x005BDEA0	?BrocDebugRender@BrocSys@@YAXXZ	V4	PASS	ida-manual-20260827	2026-08-27	IDA:0x005BDEA0;src/game/logic/g_scr.cpp:11009	Release and source guard gBrocPool/IsEmpty, build Color(1,0,0,1), and call DebugRender::RenderText("Broc Pool empty",20,20,col,0.0,1.0).
0x005BDF20	?CopyExtendedEntity@BrocSys@@YAXPBVEntity@@PAV2@@Z	V3	PASS	ida-manual-20260827	2026-08-27	src/game/logic/g_entity_misc.cpp:4298	Non-empty extended-entity copy validates source/API, asserts if destination is already populated, and invokes the copy callback.
0x005BDF20	?CopyExtendedEntity@BrocSys@@YAXPBVEntity@@PAV2@@Z	V4	PASS	ida-manual-20260827	2026-08-27	IDA:0x005BDF20;src/game/logic/g_entity_misc.cpp:4298	Release and source match the gpBrocAPI guard, BrocSys.cpp line-4662 destination assert, callback argument, and destination store; callback now uses gpBrocAPI->mBrocExports like release.
0x005BDFB0	?RecompileScript@BrocSys@@YA_NXZ	V3	PASS	ida-manual-20260827	2026-08-27	src/game/logic/g_scr.cpp:11035	Intentional release sentinel reports script recompilation available.
0x005BDFB0	?RecompileScript@BrocSys@@YA_NXZ	V4	PASS	ida-manual-20260827	2026-08-27	IDA:0x005BDFB0;src/game/logic/g_scr.cpp:11035	Release returns byte 1 and source returns true.
0x005BDFC0	?UnloadScript@BrocSys@@YAXXZ	V3	PASS	ida-manual-20260827	2026-08-27	src/game/logic/g_entity_misc.cpp:4320	Non-empty script unload invokes the installed entry callback only when non-null.
0x005BDFC0	?UnloadScript@BrocSys@@YAXXZ	V4	PASS	ida-manual-20260827	2026-08-27	IDA:0x005BDFC0;src/game/logic/g_entity_misc.cpp:4320	Release and source null-check gEntryFp and call it without additional teardown.
0x005BDFD0	?mem_free@@YAXPAX@Z	V3	PASS	ida-manual-20260827	2026-08-27	src/game/logic/g_scr.cpp:12704	Non-empty allocator bridge releases pool-owned pointers through gBrocPool, otherwise checks the Broc heap and falls back to mem_heap_free.
0x005BDFD0	?mem_free@@YAXPAX@Z	V4	PASS	ida-manual-20260827	2026-08-27	IDA:0x005BDFD0;src/game/logic/g_scr.cpp:12704	Release and source match InPool/Release, inverse CheckFree, and mem_heap_free control flow.
0x005BE390	?BrocDestroyEntity@@YAXPAVEntity@@@Z	V3	PASS	ida-manual-20260827	2026-08-27	src/game/logic/g_entity_misc.cpp:3044	Non-empty entity destruction calls the extended-entity delete callback when present and clears the entity pointer.
0x005BE390	?BrocDestroyEntity@@YAXPAVEntity@@@Z	V4	PASS	ida-manual-20260827	2026-08-27	IDA:0x005BE390;src/game/logic/g_entity_misc.cpp:3044	Release and source match the non-null extended-entity guard, callback null check, callback argument, and final null store.
0x005BE3D0	?BrocAddEntityThread@@YAXPAVEntity@@IPAVScriptEventParams@@@Z	V3	PASS	ida-manual-20260827	2026-08-27	src/game/logic/g_scr.cpp:12519	Non-empty entity-thread spawn validates API/callback, forwards params or NaN placeholders, and asserts when AUTO_THREAD is not found.
0x005BE3D0	?BrocAddEntityThread@@YAXPAVEntity@@IPAVScriptEventParams@@@Z	V4	PASS	ida-manual-20260827	2026-08-27	IDA:0x005BE3D0;src/game/logic/g_scr.cpp:12519	Release and source match BrocEntity.cpp lines 245/246/260, ent1 duplication, NaN vector placeholders, callback arguments, and found assert.
0x005BE560	?BrocAddEntityThread@@YAXPAVEntity@@PBD@Z	V3	PASS	ida-manual-20260827	2026-08-27	src/game/streamer/pakmanager.cpp:2882	Non-empty name-based entity-thread spawn hashes the function name, forwards NaN placeholders, and suppresses the not-found assert on workspace maps.
0x005BE560	?BrocAddEntityThread@@YAXPAVEntity@@PBD@Z	V4	PASS	ida-manual-20260827	2026-08-27	IDA:0x005BE560;src/game/streamer/pakmanager.cpp:2882	Release and source match BrocEntity.cpp lines 266/267/276, HashString::CalcHash, Entity+0x234 handle forwarding, NaN placeholders, workspace guard, and exact assert text.
0x005C5790	?BrocInitEntity@@YAXPAVEntity@@ABV?$InplaceVector@V?$InplaceTreeElement@VInplaceString@@V1@@@@@@Z	V3	PASS	ida-manual-20260827	2026-08-27	src/game/logic/g_scr.cpp:12575	Non-empty entity initialization selects the first key/value pair, forwards the key pointer and pair count through gpBrocAPI, stores the callback result, and updates the entity hash.
0x005C5790	?BrocInitEntity@@YAXPAVEntity@@ABV?$InplaceVector@V?$InplaceTreeElement@VInplaceString@@V1@@@@@@Z	V4	PASS	ida-manual-20260827	2026-08-27	IDA:0x005C5790;src/game/logic/g_scr.cpp:12575	Release and source match the gpBrocAPI->mBrocExports callback selection, null guards, first-pair key pointer, pair-count argument, result store, and UpdateEntityHash call.
0x005BEA60	?Scr_SetByte@BrocSys@@YAXPAVEntity@@HPAH@Z	V3	PASS	ida-manual-20260827	2026-08-27	src/game/logic/g_scr.cpp:2970	Non-empty byte-field setter writes the low byte of the supplied value at the entity byte offset.
0x005BEA60	?Scr_SetByte@BrocSys@@YAXPAVEntity@@HPAH@Z	V4	PASS	ida-manual-20260827	2026-08-27	IDA:0x005BEA60;src/game/logic/g_scr.cpp:2970	Release and source match the entity-plus-offset byte store and low-byte truncation.
0x005BEA80	?Scr_GetByte@BrocSys@@YAXPAVEntity@@HPAH@Z	V3	PASS	ida-manual-20260827	2026-08-27	src/game/logic/g_scr.cpp:2976	Non-empty byte-field getter zero-extends the entity byte at the requested offset into the output integer.
0x005BEA80	?Scr_GetByte@BrocSys@@YAXPAVEntity@@HPAH@Z	V4	PASS	ida-manual-20260827	2026-08-27	IDA:0x005BEA80;src/game/logic/g_scr.cpp:2976	Release and source match the entity-plus-offset byte load, zero extension, and output store.
0x005BEAA0	?Scr_SetWord@BrocSys@@YAXPAVEntity@@HPAH@Z	V3	PASS	ida-manual-20260827	2026-08-27	src/game/logic/g_scr.cpp:2982	Non-empty word-field setter writes the supplied 32-bit value at the entity byte offset.
0x005BEAA0	?Scr_SetWord@BrocSys@@YAXPAVEntity@@HPAH@Z	V4	PASS	ida-manual-20260827	2026-08-27	IDA:0x005BEAA0;src/game/logic/g_scr.cpp:2982	Release and source match the entity-plus-offset 32-bit load and store.
0x005BEAC0	?Scr_GetWord@BrocSys@@YAXPAVEntity@@HPAH@Z	V3	PASS	ida-manual-20260827	2026-08-27	src/game/logic/g_scr.cpp:2988	Non-empty word-field getter reads the 32-bit entity value at the requested byte offset into the output integer.
0x005BEAC0	?Scr_GetWord@BrocSys@@YAXPAVEntity@@HPAH@Z	V4	PASS	ida-manual-20260827	2026-08-27	IDA:0x005BEAC0;src/game/logic/g_scr.cpp:2988	Release and source match the entity-plus-offset 32-bit load and output store.
0x005BEAE0	?GetNodeInProximity@BrocSys@@YAHABUvector@Broc@@M_NI@Z	V3	PASS	ida-manual-20260827	2026-08-27	src/game/logic/g_scr.cpp:2737	Release sentinel intentionally returns -1 for this unused proximity query.
0x005BEAE0	?GetNodeInProximity@BrocSys@@YAHABUvector@Broc@@M_NI@Z	V4	PASS	ida-manual-20260827	2026-08-27	IDA:0x005BEAE0;src/game/logic/g_scr.cpp:2737	Release is exactly `or eax,-1; retn`; source returns -1 with no side effects.
0x005BEAF0	?GetNode@BrocSys@@YAHABVstring@Broc@@0PAHH@Z	V3	PASS	ida-manual-20260827	2026-08-27	src/game/logic/g_scr.cpp:8658	Non-empty path-node lookup forwards strings and array to PathNodeMgr, preserves the result, and emits the release assert on a missing scalar lookup.
0x005BEAF0	?GetNode@BrocSys@@YAHABVstring@Broc@@0PAHH@Z	V4	PASS	ida-manual-20260827	2026-08-27	IDA:0x005BEAF0;src/game/logic/g_scr.cpp:8658	Release and source match PathNodeMgr::GetNode forwarding, array/null and result checks, JRS/BrocEntity.cpp line 889 assert metadata, defaultFileName fallbacks, exact format string, and conditional debug break.
0x005BEB90	?GetVehicleNode@BrocSys@@YAHABVstring@Broc@@0PAHH@Z	V3	PASS	ida-manual-20260827	2026-08-27	src/game/logic/g_scr.cpp:8686	Non-empty vehicle-node lookup computes forceAllNodes from empty strings, forwards the lookup, and emits the release assert on a missing scalar lookup.
0x005BEB90	?GetVehicleNode@BrocSys@@YAHABVstring@Broc@@0PAHH@Z	V4	PASS	ida-manual-20260827	2026-08-27	IDA:0x005BEB90;src/game/logic/g_scr.cpp:8686	Release and source match empty-string forceAllNodes selection, PathNodeMgr forwarding, array/null and result checks, JRS/BrocEntity.cpp line 906 assert metadata, defaultFileName fallbacks, exact format string, and conditional debug break.
0x005BEC70	?EffectEventPlayQueued@BrocSys@@YAXI@Z	V3	PASS	ida-manual-20260827	2026-08-27	src/game/logic/g_scr.cpp:2743	Non-empty effect-event wrapper converts the integer handle and tail-calls EffectEventPlayQueuedEffect.
0x005BEC70	?EffectEventPlayQueued@BrocSys@@YAXI@Z	V4	PASS	ida-manual-20260827	2026-08-27	IDA:0x005BEC70;src/game/logic/g_scr.cpp:2743	Release and source match the handle conversion and direct EffectEventPlayQueuedEffect tail call.
0x005BEC80	?EffectEventIsStillPlaying@BrocSys@@YA_NI@Z	V3	PASS	ida-manual-20260827	2026-08-27	src/game/logic/g_scr.cpp:2749	Non-empty effect-event query converts the integer handle and tail-calls EffectEventIsPlaying.
0x005BEC80	?EffectEventIsStillPlaying@BrocSys@@YA_NI@Z	V4	PASS	ida-manual-20260827	2026-08-27	IDA:0x005BEC80;src/game/logic/g_scr.cpp:2749	Release and source match the handle conversion and direct boolean EffectEventIsPlaying tail call.
0x005BEC90	?EffectEventStop@BrocSys@@YAXI@Z	V3	PASS	ida-manual-20260827	2026-08-27	src/game/logic/g_scr.cpp:2755	Non-empty effect-event stop wrapper converts the integer handle and tail-calls EffectEventStopEmitting.
0x005BEC90	?EffectEventStop@BrocSys@@YAXI@Z	V4	PASS	ida-manual-20260827	2026-08-27	IDA:0x005BEC90;src/game/logic/g_scr.cpp:2755	Release and source match the handle conversion and direct EffectEventStopEmitting tail call.
0x005BECA0	?EffectEventFastForward@BrocSys@@YAXIM@Z	V3	PASS	ida-manual-20260827	2026-08-27	src/game/logic/g_scr.cpp:2761	Non-empty effect-event fast-forward wrapper converts the integer handle and forwards deltaT.
0x005BECA0	?EffectEventFastForward@BrocSys@@YAXIM@Z	V4	PASS	ida-manual-20260827	2026-08-27	IDA:0x005BECA0;src/game/logic/g_scr.cpp:2761	Release and source match the handle conversion, float deltaT forwarding, and direct EffectEventFF tail call.
0x005BECB0	?SceneEffectEnable@BrocSys@@YAXI@Z	V3	PASS	ida-manual-20260827	2026-08-27	src/game/logic/g_scr.cpp:2314	Non-empty scene-effect enable wrapper forwards the group hash to SceneManager::sInst.
0x005BECB0	?SceneEffectEnable@BrocSys@@YAXI@Z	V4	PASS	ida-manual-20260827	2026-08-27	IDA:0x005BECB0;src/game/logic/g_scr.cpp:2314	Release and source match SceneManager::sInst selection, groupIdHash argument, and EnableEffect call.
0x005BECD0	?SceneEffectDisable@BrocSys@@YAXI@Z	V3	PASS	ida-manual-20260827	2026-08-27	src/game/logic/g_scr.cpp:2320	Non-empty scene-effect disable wrapper forwards the group hash to SceneManager::sInst.
0x005BECD0	?SceneEffectDisable@BrocSys@@YAXI@Z	V4	PASS	ida-manual-20260827	2026-08-27	IDA:0x005BECD0;src/game/logic/g_scr.cpp:2320	Release and source match SceneManager::sInst selection, groupIdHash argument, and DisableEffect call.
0x005BECF0	?RegisterAnimNotifyFunc@BrocSys@@YAXPBDP6AXVentity@Broc@@@Z@Z	V3	PASS	ida-manual-20260827	2026-08-27	src/game/logic/g_scr.cpp:2767	Non-empty animation-notify registration wrapper directly forwards key and callback.
0x005BECF0	?RegisterAnimNotifyFunc@BrocSys@@YAXPBDP6AXVentity@Broc@@@Z@Z	V4	PASS	ida-manual-20260827	2026-08-27	IDA:0x005BECF0;src/game/logic/g_scr.cpp:2767	Release and source match the direct AnimNotifyTask::RegisterFunc tail call with both arguments.
0x005BED00	?BROC_AttachCurveEntity@BrocSys@@YA_NIAAVstring@Broc@@@Z	V3	PASS	ida-manual-20260827	2026-08-27	src/game/logic/g_scr.cpp:8721	Non-empty curve attachment wrapper selects the string payload or release defaultFileName and forwards the entity handle.
0x005BED00	?BROC_AttachCurveEntity@BrocSys@@YA_NIAAVstring@Broc@@@Z	V4	PASS	ida-manual-20260827	2026-08-27	IDA:0x005BED00;src/game/logic/g_scr.cpp:8721	Release and source match mBlock null branching, payload offset +0xC, defaultFileName fallback, argument order, and AttachCurveEntity call.
0x005BED40	?BROC_AddCurveKeyEvaluator@BrocSys@@YA_NIP6AMIIIMMI@Z@Z	V3	PASS	ida-manual-20260827	2026-08-27	src/game/logic/g_scr.cpp:2994	Non-empty curve-key evaluator wrapper forwards type and callback to CurveManager and returns true.
0x005BED40	?BROC_AddCurveKeyEvaluator@BrocSys@@YA_NIP6AMIIIMMI@Z@Z	V4	PASS	ida-manual-20260827	2026-08-27	IDA:0x005BED40;src/game/logic/g_scr.cpp:2994	Release and source match CurveManager::sInst selection, callback/type argument order, and byte-true return.
0x005BED60	?BROC_AddCurveConditionEvaluator@BrocSys@@YA_NIP6AMIIIMMI@Z@Z	V3	PASS	ida-manual-20260827	2026-08-27	src/game/logic/g_scr.cpp:3001	Non-empty curve-condition evaluator wrapper forwards type and callback to CurveManager and returns true.
0x005BED60	?BROC_AddCurveConditionEvaluator@BrocSys@@YA_NIP6AMIIIMMI@Z@Z	V4	PASS	ida-manual-20260827	2026-08-27	IDA:0x005BED60;src/game/logic/g_scr.cpp:3001	Release and source match CurveManager::sInst selection, callback/type argument order, and byte-true return.
0x005BED80	?DialogPlayAllowOverlapping@BrocSys@@YAX_N@Z	V3	PASS	ida-manual-20260827	2026-08-27	src/game/logic/g_scr.cpp:2773	Non-empty dialog-overlap setter stores the supplied bool in BrocSys::allowOverLapping.
0x005BED80	?DialogPlayAllowOverlapping@BrocSys@@YAX_N@Z	V4	PASS	ida-manual-20260827	2026-08-27	IDA:0x005BED80;src/game/logic/g_scr.cpp:2773	Release and source match the byte bool load and global allowOverLapping store.
0x005BED90	?CheckWave@BrocSys@@YAHABVstring@Broc@@@Z	V3	PASS	ida-manual-20260827	2026-08-27	src/game/logic/g_scr.cpp:8732	Non-empty wave check selects the string payload or defaultFileName and returns whether SoundDevice finds a valid wave.
0x005BED90	?CheckWave@BrocSys@@YAHABVstring@Broc@@@Z	V4	PASS	ida-manual-20260827	2026-08-27	IDA:0x005BED90;src/game/logic/g_scr.cpp:8732	Release and source match mBlock payload offset +0xC, defaultFileName fallback, SoundDevice::sInst call, invalid-wave comparison, and boolean normalization.
0x005BEDC0	?IsPathNodeDefined@BrocSys@@YAHI@Z	V3	PASS	ida-manual-20260827	2026-08-27	src/game/logic/g_scr.cpp:3008	Non-empty path-node validity predicate rejects zero and all-ones handles.
0x005BEDC0	?IsPathNodeDefined@BrocSys@@YAHI@Z	V4	PASS	ida-manual-20260827	2026-08-27	IDA:0x005BEDC0;src/game/logic/g_scr.cpp:3008	Release and source match the zero check, -1 check, and normalized boolean result.
0x005BEDE0	?IsVehicleNodeDefined@BrocSys@@YAHI@Z	V3	PASS	ida-manual-20260827	2026-08-27	src/game/logic/g_scr.cpp:2779	Non-empty vehicle-node validity predicate rejects only the all-ones handle.
0x005BEDE0	?IsVehicleNodeDefined@BrocSys@@YAHI@Z	V4	PASS	ida-manual-20260827	2026-08-27	IDA:0x005BEDE0;src/game/logic/g_scr.cpp:2779	Release and source match the handle-versus-minus-one comparison and normalized boolean result.
0x005BEE00	?AnimScripted1@BrocSys@@YAXIIABUvector@Broc@@0I@Z	V3	PASS	ida-manual-20260827	2026-08-27	src/game/logic/g_scr.cpp:8985	Non-empty scripted-animation validation constructs the temporary Broc string, checks the unresolved animation sentinel, emits the release warning, and destroys the temporary.
0x005BEE00	?AnimScripted1@BrocSys@@YAXIIABUvector@Broc@@0I@Z	V4	PASS	ida-manual-20260827	2026-08-27	IDA:0x005BEE00;src/game/logic/g_scr.cpp:8985	Release and source match temporary string construction with null block, low-word 0xFFFF check, DK/BrocEntity.cpp line 1691 warning metadata, exact warning text, conditional debug break, and cleanup/SEH behavior.
0x005BEEB0	?GetAnimFromScriptCVars@BrocSys@@YAHXZ	V3	PASS	ida-manual-20260827	2026-08-27	src/game/logic/g_scr.cpp:8741	Non-empty cvar animation resolver reads script_animtree and script_name, resolves both through gpBrocAPI when non-empty, and returns zero otherwise.
0x005BEEB0	?GetAnimFromScriptCVars@BrocSys@@YAHXZ	V4	PASS	ida-manual-20260827	2026-08-27	IDA:0x005BEEB0;src/game/logic/g_scr.cpp:8741	Release and source match cvar names, Broc string construction, null/-12/empty guards, gpBrocAPI resolver callback, destruction order, and zero fallback.
0x005BEFB0	?IsModelLoaded@BrocSys@@YA_NABVstring@Broc@@W4TPakInfo@@@Z	V3	PASS	ida-manual-20260827	2026-08-27	src/game/logic/g_scr.cpp:8761	Non-empty model-loaded query validates the name, selects the explicit or current pak, and checks G_GetModel.
0x005BEFB0	?IsModelLoaded@BrocSys@@YA_NABVstring@Broc@@W4TPakInfo@@@Z	V4	PASS	ida-manual-20260827	2026-08-27	IDA:0x005BEFB0;src/game/logic/g_scr.cpp:8761	Release and source match modelName assertion metadata/text, post-assert false return, explicit pakInfo +0xB4 versus CurPakId, payload/defaultFileName selection, G_GetModel call, and boolean result.
0x005BF050	?PlaySubtitle@BrocSys@@YAXABVstring@Broc@@@Z	V3	PASS	ida-manual-20260827	2026-08-27	src/game/logic/g_scr.cpp:2524	Non-empty subtitle wrapper selects the string payload or defaultFileName and passes a null prefix.
0x005BF050	?PlaySubtitle@BrocSys@@YAXABVstring@Broc@@@Z	V4	PASS	ida-manual-20260827	2026-08-27	IDA:0x005BF050;src/game/logic/g_scr.cpp:2524	Release and source match mBlock payload offset +0xC, defaultFileName fallback, null prefix, argument order, and subtitle_manager::play_subtitle call.
0x005BF0A0	?IsLocalHost@BrocSys@@YA_NXZ	V3	PASS	ida-manual-20260827	2026-08-27	src/game/logic/g_scr.cpp:2809	Non-empty local-host query tail-calls MultiplayerMgr::sInst->IsHost.
0x005BF0A0	?IsLocalHost@BrocSys@@YA_NXZ	V4	PASS	ida-manual-20260827	2026-08-27	IDA:0x005BF0A0;src/game/logic/g_scr.cpp:2809	Release and source match the MultiplayerMgr singleton selection and direct IsHost tail call.
0x005BF0B0	?ValidateLightVis@BrocSys@@YAXH@Z	V3	PASS	ida-manual-20260827	2026-08-27	src/game/logic/g_scr.cpp:8787	Non-empty light-visibility validator accepts entity types 0 and 7 and warns/debug-breaks for other types.
0x005BF0B0	?ValidateLightVis@BrocSys@@YAXH@Z	V4	PASS	ida-manual-20260827	2026-08-27	IDA:0x005BF0B0;src/game/logic/g_scr.cpp:8787	Release and source match type guards, warning metadata, exact newline-bearing format string, va call, IsIgnored gate, and conditional debug break.
0x005BF110	?ActorScr_Clamp_0_1@BrocSys@@YAXPAUactor_s@@HPAM@Z	V3	PASS	ida-manual-20260827	2026-08-27	src/game/logic/g_scr.cpp:8807	Non-empty actor float-field clamp stores the input or clamps to 0/1 with release warnings for out-of-range values.
0x005BF110	?ActorScr_Clamp_0_1@BrocSys@@YAXPAUactor_s@@HPAM@Z	V4	PASS	ida-manual-20260827	2026-08-27	IDA:0x005BF110;src/game/logic/g_scr.cpp:8807	Release and source match destination calculation, ordered >1 then <0 tests, warning metadata/text and destination formatting argument, clamped stores, and debug-break gates.
0x005BF1D0	?ActorScr_ReadOnly@BrocSys@@YAXPAUactor_s@@HPAX@Z	V3	PASS	ida-manual-20260827	2026-08-27	src/game/logic/g_scr.cpp:8847	Non-empty actor read-only hook emits the release warning and optional debug break.
0x005BF1D0	?ActorScr_ReadOnly@BrocSys@@YAXPAUactor_s@@HPAX@Z	V4	PASS	ida-manual-20260827	2026-08-27	IDA:0x005BF1D0;src/game/logic/g_scr.cpp:8847	Release and source match ignored parameters, author/file/line metadata, exact warning text, IsIgnored gate, and conditional debug break.
0x005BF210	?ActorScr_SetGoalRadius@BrocSys@@YAXPAUactor_s@@HPBM@Z	V3	PASS	ida-manual-20260827	2026-08-27	src/game/logic/g_scr.cpp:3014	Non-empty actor goal-radius setter loads the float value and forwards the actor sentient pointer.
0x005BF210	?ActorScr_SetGoalRadius@BrocSys@@YAXPAUactor_s@@HPBM@Z	V4	PASS	ida-manual-20260827	2026-08-27	IDA:0x005BF210;src/game/logic/g_scr.cpp:3014	Release and source match val dereference, actor +0x4 sentient pointer load, and Sentient_SetGoalRadius call.
0x005BF230	?ActorScr_SetTime@BrocSys@@YAXPAUactor_s@@HPBH@Z	V3	PASS	ida-manual-20260827	2026-08-27	src/game/logic/g_scr.cpp:2541	Non-empty actor time setter converts integer seconds to milliseconds with +0.5 rounding and stores at the byte offset.
0x005BF230	?ActorScr_SetTime@BrocSys@@YAXPAUactor_s@@HPBH@Z	V4	PASS	ida-manual-20260827	2026-08-27	IDA:0x005BF230;src/game/logic/g_scr.cpp:2541	Release and source match cvtsi2ss, multiply by 1000, add 0.5, truncating conversion, and actor-plus-offset store.
0x005BF260	?ActorScr_GetTime@BrocSys@@YAXPAUactor_s@@HPAH@Z	V3	PASS	ida-manual-20260827	2026-08-27	src/game/logic/g_scr.cpp:2548	Non-empty actor time getter converts the millisecond field at the byte offset to integer seconds.
0x005BF260	?ActorScr_GetTime@BrocSys@@YAXPAUactor_s@@HPAH@Z	V4	PASS	ida-manual-20260827	2026-08-27	IDA:0x005BF260;src/game/logic/g_scr.cpp:2548	Release and source match actor-plus-offset load, multiply by the release 0.001 constant, truncating conversion, and output store.
0x005BF290	?ActorScr_SetWeapon@BrocSys@@YAXPAUactor_s@@HPBVstring@Broc@@@Z	V3	PASS	ida-manual-20260827	2026-08-27	src/game/logic/g_scr.cpp:2554	Non-empty actor weapon setter selects the string payload or defaultFileName, resolves the weapon index, and stores it at the byte offset.
0x005BF290	?ActorScr_SetWeapon@BrocSys@@YAXPAUactor_s@@HPBVstring@Broc@@@Z	V4	PASS	ida-manual-20260827	2026-08-27	IDA:0x005BF290;src/game/logic/g_scr.cpp:2554	Release and source match mBlock payload offset +0xC, defaultFileName fallback, BG_GetWeaponIndexForName call, byte-offset destination, and zero-extension of the byte result.
0x005BF2C0	?ActorScr_GetWeapon@BrocSys@@YAXPAUactor_s@@HPAVstring@Broc@@@Z	V3	PASS	ida-manual-20260827	2026-08-27	src/game/logic/g_scr.cpp:2564	Non-empty actor weapon getter resolves the indexed weapon and assigns its internal name when metadata exists.
0x005BF2C0	?ActorScr_GetWeapon@BrocSys@@YAXPAUactor_s@@HPAVstring@Broc@@@Z	V4	PASS	ida-manual-20260827	2026-08-27	IDA:0x005BF2C0;src/game/logic/g_scr.cpp:2564	Release and source match actor-plus-offset weapon load, BG_GetInfoForWeapon, null guard, +0x8 internal-name field, and Broc string assignment.
0x005BF2F0	?ActorScr_GetGroundType@BrocSys@@YAXPAUactor_s@@HPAVstring@Broc@@@Z	V3	PASS	ida-manual-20260827	2026-08-27	src/game/logic/g_scr.cpp:2571	Non-empty ground-type getter converts a nonzero physics surface type to a Broc string.
0x005BF2F0	?ActorScr_GetGroundType@BrocSys@@YAXPAUactor_s@@HPAVstring@Broc@@@Z	V4	PASS	ida-manual-20260827	2026-08-27	IDA:0x005BF2F0;src/game/logic/g_scr.cpp:2571	Release and source match Physics.iSurfaceType offset +0x300, zero guard, Com_SurfaceTypeToName call, and Broc string assignment.
0x005BF320	?ActorScr_SetAnimPos@BrocSys@@YAXPAUactor_s@@HPBI@Z	V3	PASS	ida-manual-20260827	2026-08-27	src/game/logic/g_scr.cpp:9010	Non-empty actor anim-pose setter handles null, prone/non-prone compatibility, stores valid poses, and warns on invalid changes.
0x005BF320	?ActorScr_SetAnimPos@BrocSys@@YAXPAUactor_s@@HPBI@Z	V4	PASS	ida-manual-20260827	2026-08-27	IDA:0x005BF320;src/game/logic/g_scr.cpp:9010	Release and source match ProneInfo +0x1DC, null reset +0x1C4, prone hash branching, valid store, JRS metadata line 5515 warning text, handle +0x234 argument, and debug-break gate.
0x005BF3B0	?ActorScr_GetFavoriteEnemy@BrocSys@@YAXPAUactor_s@@HPAVentity@Broc@@@Z	V3	PASS	ida-manual-20260827	2026-08-27	src/game/logic/g_scr.cpp:9044	Non-empty favorite-enemy getter returns the sentient enemy handle when available, zero otherwise, and warns for a null actor.
0x005BF3B0	?ActorScr_GetFavoriteEnemy@BrocSys@@YAXPAUactor_s@@HPAVentity@Broc@@@Z	V4	PASS	ida-manual-20260827	2026-08-27	IDA:0x005BF3B0;src/game/logic/g_scr.cpp:9044	Release and source match null-actor warning metadata/text, sentient +0x4 traversal, entity handle +0x234 load, zero default, output store, and conditional debug break.
0x005BF420	?PathNode_SetAngles@BrocSys@@YAXPAUPathNode@PathNodes@@HPAUvector@Broc@@@Z	V3	PASS	ida-manual-20260827	2026-08-27	src/game/logic/g_scr.cpp:2326	Non-empty path-node angle setter writes the input vector's y component into the node angle field.
0x005BF420	?PathNode_SetAngles@BrocSys@@YAXPAUPathNode@PathNodes@@HPAUvector@Broc@@@Z	V4	PASS	ida-manual-20260827	2026-08-27	IDA:0x005BF420;src/game/logic/g_scr.cpp:2326	Release and source match vec.y load at +0x4 and PathNode angle store at +0x58.
0x005BF440	?PathNode_GetAngles@BrocSys@@YAXPAUPathNode@PathNodes@@HPAUvector@Broc@@@Z	V3	PASS	ida-manual-20260827	2026-08-27	src/game/logic/g_scr.cpp:2578	Non-empty path-node angle getter returns zero x/z and the node angle in y.
0x005BF440	?PathNode_GetAngles@BrocSys@@YAXPAUPathNode@PathNodes@@HPAUvector@Broc@@@Z	V4	PASS	ida-manual-20260827	2026-08-27	IDA:0x005BF440;src/game/logic/g_scr.cpp:2578	Release and source match node angle load at +0x58, zero x/z stores, and y store.
0x005BF470	?PathNode_SetType@BrocSys@@YAXPAUPathNode@PathNodes@@HPAVstring@Broc@@@Z	V3	PASS	ida-manual-20260827	2026-08-27	src/game/logic/g_scr.cpp:9062	Non-empty path-node type setter is the intentional release read-only warning hook.
0x005BF470	?PathNode_SetType@BrocSys@@YAXPAUPathNode@PathNodes@@HPAVstring@Broc@@@Z	V4	PASS	ida-manual-20260827	2026-08-27	IDA:0x005BF470;src/game/logic/g_scr.cpp:9062	Release and source match JRS author, BrocEntity.cpp line 5586 metadata, exact read-only warning, IsIgnored gate, and conditional debug break; parameters are intentionally unused.
0x005BF4C0	?PathNode_GetType@BrocSys@@YAXPAUPathNode@PathNodes@@HPAVstring@Broc@@@Z	V3	PASS	ida-manual-20260827	2026-08-27	src/game/logic/g_scr.cpp:2334	Non-empty path-node type getter indexes nodeStringTable by the node type field and assigns the resulting string.
0x005BF4C0	?PathNode_GetType@BrocSys@@YAXPAUPathNode@PathNodes@@HPAVstring@Broc@@@Z	V4	PASS	ida-manual-20260827	2026-08-27	IDA:0x005BF4C0;src/game/logic/g_scr.cpp:2334	Release and source match PathNode +0x28 type load, table indexing, and Broc string assignment.
0x005BF4E0	?SentientScr_ReadOnly@BrocSys@@YAXPAUsentient_s@@HPAX@Z	V3	PASS	ida-manual-20260827	2026-08-27	src/game/logic/g_scr.cpp:6360	Non-empty sentient read-only hook emits the release warning and optional debug break.
0x005BF4E0	?SentientScr_ReadOnly@BrocSys@@YAXPAUsentient_s@@HPAX@Z	V4	PASS	ida-manual-20260827	2026-08-27	IDA:0x005BF4E0;src/game/logic/g_scr.cpp:6360	Release and source match ignored parameters, author/file/line 5598 metadata, exact warning text, IsIgnored gate, and conditional debug break.
0x005BF520	?SentientScr_ConvertNode@BrocSys@@YAXPAUsentient_s@@HPAVpathnode@Broc@@@Z	V3	PASS	ida-manual-20260827	2026-08-27	src/game/logic/g_scr.cpp:9085	Non-empty sentient path-node conversion validates the claimed handle and resolves it before storing the handle or zero fallback.
0x005BF520	?SentientScr_ConvertNode@BrocSys@@YAXPAUsentient_s@@HPAVpathnode@Broc@@@Z	V4	PASS	ida-manual-20260827	2026-08-27	IDA:0x005BF520;src/game/logic/g_scr.cpp:9085	Release and source match claimed-node +0x74 load, zero/-1 rejection, NodeHandle::operator-> validation, low-word handle store, and zero invalid fallback.
0x005BF560	?SentientScr_ConvertSentient@BrocSys@@YAXPAUsentient_s@@HPAVentity@Broc@@@Z	V3	PASS	ida-manual-20260827	2026-08-27	src/game/logic/g_scr.cpp:2340	Non-empty sentient conversion copies the owning entity handle when pSelf has an entity.
0x005BF560	?SentientScr_ConvertSentient@BrocSys@@YAXPAUsentient_s@@HPAVentity@Broc@@@Z	V4	PASS	ida-manual-20260827	2026-08-27	IDA:0x005BF560;src/game/logic/g_scr.cpp:2340	Release and source match pSelf->pEnt null guard, entity handle +0x234 load, and output handle store.
0x005BF580	?SentientScr_ConvertSentientEnemy@BrocSys@@YAXPAUsentient_s@@HPAVentity@Broc@@@Z	V3	PASS	ida-manual-20260827	2026-08-27	src/game/logic/g_scr.cpp:2588	Non-empty enemy conversion validates owner, enemy sentient, and enemy entity before copying its handle.
0x005BF580	?SentientScr_ConvertSentientEnemy@BrocSys@@YAXPAUsentient_s@@HPAVentity@Broc@@@Z	V4	PASS	ida-manual-20260827	2026-08-27	IDA:0x005BF580;src/game/logic/g_scr.cpp:2588	Release and source match pSelf entity guard, pEnemy +0x68, enemy pEnt guard, entity handle +0x234 load, and output store.
0x005BF5B0	?SentientScr_GetTeam@BrocSys@@YAXPAUsentient_s@@HPAVstring@Broc@@@Z	V3	PASS	ida-manual-20260827	2026-08-27	src/game/logic/g_scr.cpp:9098	Non-empty sentient team getter maps the four release team values to the corresponding string constants and warns on the default case.
0x005BF5B0	?SentientScr_GetTeam@BrocSys@@YAXPAUsentient_s@@HPAVstring@Broc@@@Z	V4	PASS	ida-manual-20260827	2026-08-27	IDA:0x005BF5B0;src/game/logic/g_scr.cpp:9098	Release and source match eTeam-minus-one four-way dispatch, axis/allies/neutral/dead string assignments, default warning metadata line 5677, exact warning text, and conditional debug break.
0x005BF650	?SentientScr_SetGoalRadius@BrocSys@@YAXPAUsentient_s@@HPAM@Z	V3	PASS	ida-manual-20260827	2026-08-27	src/game/logic/g_scr.cpp:9130	Non-empty sentient goal-radius setter clamps negative input to zero before forwarding it.
0x005BF650	?SentientScr_SetGoalRadius@BrocSys@@YAXPAUsentient_s@@HPAM@Z	V4	PASS	ida-manual-20260827	2026-08-27	IDA:0x005BF650;src/game/logic/g_scr.cpp:9130	Release and source match negative-zero comparison, nonnegative value selection, and Sentient_SetGoalRadius forwarding.
0x005BF680	?SentientScr_SetGoalAngleTolerance@BrocSys@@YAXPAUsentient_s@@HPAM@Z	V3	PASS	ida-manual-20260827	2026-08-27	src/game/logic/g_scr.cpp:3020	Non-empty sentient angle-tolerance setter loads the float value and forwards the sentient pointer.
0x005BF680	?SentientScr_SetGoalAngleTolerance@BrocSys@@YAXPAUsentient_s@@HPAM@Z	V4	PASS	ida-manual-20260827	2026-08-27	IDA:0x005BF680;src/game/logic/g_scr.cpp:3020	Release and source match val dereference, pSelf forwarding, and Sentient_SetGoalAngleTolerance call.
0x005BF6A0	?GetJoyPos@BrocSys@@YAXHAAM0@Z	V3	PASS	ida-manual-20260827	2026-08-27	src/game/logic/g_scr.cpp:11080	Non-empty joystick query initializes output floats, captures raw stick values in integer staging buffers, selects locked or current-client input, and scales to floats.
0x005BF6A0	?GetJoyPos@BrocSys@@YAXHAAM0@Z	V4	PASS	ida-manual-20260827	2026-08-27	IDA:0x005BF6A0;src/game/logic/g_scr.cpp:11080	Release and source match saved float destinations, zero initialization, locked-port versus dword_F6A28C[802*currCl] selection, integer stick buffers, 0x3C010204 scaling constant, and final float stores.
0x005BF740	?RestoreLastCheckpoint@BrocSys@@YAXXZ	V3	PASS	ida-manual-20260827	2026-08-27	src/game/logic/g_scr.cpp:2820	Non-empty checkpoint restore wrapper tail-calls CheckpointMgr::sInst->RestoreLastCheckpoint.
0x005BF740	?RestoreLastCheckpoint@BrocSys@@YAXXZ	V4	PASS	ida-manual-20260827	2026-08-27	IDA:0x005BF740;src/game/logic/g_scr.cpp:2820	Release and source match the CheckpointMgr singleton selection and direct RestoreLastCheckpoint tail call.
0x005BF750	?GetSplineData@BrocSys@@YAXPBDAAPAUvector@Broc@@AAPAI2@Z	V3	PASS	ida-manual-20260827	2026-08-27	src/game/logic/g_scr.cpp:9141	Non-empty spline query forwards the name, returns spline/event arrays when found, and clears all outputs with the release warning when missing.
0x005BF750	?GetSplineData@BrocSys@@YAXPBDAAPAUvector@Broc@@AAPAI2@Z	V4	PASS	ida-manual-20260827	2026-08-27	IDA:0x005BF750;src/game/logic/g_scr.cpp:9141	Release and source match SplineMgr singleton call, mSpline null branch, BrocEntity.cpp line 6552 warning metadata/text, exact output pointer stores, and found-path array forwarding.
0x005BF820	?ObjectiveHideStar@BrocSys@@YAXII@Z	V3	PASS	ida-manual-20260827	2026-08-27	src/game/logic/g_scr.cpp:2348	Non-empty objective compass-star wrapper selects compassWidget[0] and forwards hideStar/objectiveIndex.
0x005BF820	?ObjectiveHideStar@BrocSys@@YAXII@Z	V4	PASS	ida-manual-20260827	2026-08-27	IDA:0x005BF820;src/game/logic/g_scr.cpp:2348	Release and source match g_femanager.IGO +0x4 widget selection, argument order, and SetHideCompassStar call.
0x005BF840	?ObjectiveHideUpdatedText@BrocSys@@YAXII@Z	V3	PASS	ida-manual-20260827	2026-08-27	src/game/logic/g_scr.cpp:2355	Non-empty objective updated-text wrapper selects compassWidget[0] and forwards hideText/objectiveIndex.
0x005BF840	?ObjectiveHideUpdatedText@BrocSys@@YAXII@Z	V4	PASS	ida-manual-20260827	2026-08-27	IDA:0x005BF840;src/game/logic/g_scr.cpp:2355	Release and source match g_femanager.IGO +0x4 widget selection, argument order, and SetHideUpdatedText call.
0x005BF860	?SetWeaponCameraShakeScale@BrocSys@@YAXMH@Z	V3	PASS	ida-manual-20260827	2026-08-27	src/game/logic/g_scr.cpp:8577	Non-empty camera-shake setter selects the current-client CameraShake record and stores scale plus ADS-only flag.
0x005BF860	?SetWeaponCameraShakeScale@BrocSys@@YAXMH@Z	V4	PASS	ida-manual-20260827	2026-08-27	IDA:0x005BF860;src/game/logic/g_scr.cpp:8577	Release and source match currCl indexing, CameraShake stride/selection, and stores at m_scaleCOD (+4) and m_scaleCOD_onlyADS (+8).
0x005BF890	?SetHUDType@BrocSys@@YAXW4hud_type@@H@Z	V3	PASS	ida-manual-20260827	2026-08-27	src/game/logic/g_scr.cpp:2363	Non-empty HUD wrapper forwards hud type and viewport to the front-end IGO object.
0x005BF890	?SetHUDType@BrocSys@@YAXW4hud_type@@H@Z	V4	PASS	ida-manual-20260827	2026-08-27	IDA:0x005BF890;src/game/logic/g_scr.cpp:2363	Release and source match g_femanager.IGO selection and SetHUDType(type, viewport) forwarding.
0x005BF920	?SetTutorialTextAllPlayers@BrocSys@@YAXH@Z	V3	PASS	ida-manual-20260827	2026-08-27	src/game/logic/g_scr.cpp:2369	Non-empty tutorial-text wrapper guards the IGO pointer and sends the hash to viewport zero.
0x005BF920	?SetTutorialTextAllPlayers@BrocSys@@YAXH@Z	V4	PASS	ida-manual-20260827	2026-08-27	IDA:0x005BF920;src/game/logic/g_scr.cpp:2369	Release and source match the null IGO guard, hash argument, and zero-player SetTutorialText call.
0x005BF9B0	?OverrideTriggerLookAtRadius@BrocSys@@YAXM@Z	V3	PASS	ida-manual-20260827	2026-08-27	src/game/logic/g_scr.cpp:3039	Non-empty trigger look-at override stores the supplied radius in the global override value.
0x005BF9B0	?OverrideTriggerLookAtRadius@BrocSys@@YAXM@Z	V4	PASS	ida-manual-20260827	2026-08-27	IDA:0x005BF9B0;src/game/logic/g_scr.cpp:3039	Release and source match the direct store to gTriggerLookAtOverride.
0x005BF9D0	?SaveCheckpoint@BrocSys@@YAXPBD@Z	V3	PASS	ida-manual-20260827	2026-08-27	src/game/logic/g_scr.cpp:3045	Non-empty checkpoint wrapper forwards the name to the CheckpointMgr singleton with the release true flag.
0x005BF9D0	?SaveCheckpoint@BrocSys@@YAXPBD@Z	V4	PASS	ida-manual-20260827	2026-08-27	IDA:0x005BF9D0;src/game/logic/g_scr.cpp:3045	Release and source match CheckpointMgr::sInst selection, checkpointName forwarding, and forced true argument.
0x005BF9F0	?SetGameUnsignedVar@BrocSys@@YAXII@Z	V3	PASS	ida-manual-20260827	2026-08-27	src/game/logic/g_scr.cpp:3051	Non-empty unsigned game-variable wrapper passes the value address and one-element count to CheckpointMgr.
0x005BF9F0	?SetGameUnsignedVar@BrocSys@@YAXII@Z	V4	PASS	ida-manual-20260827	2026-08-27	IDA:0x005BF9F0;src/game/logic/g_scr.cpp:3051	Release and source match hash/value argument order, local value address, and SetGameVar count 1.
0x005BFA10	?SetGameFloatVar@BrocSys@@YAXIM@Z	V3	PASS	ida-manual-20260827	2026-08-27	src/game/logic/g_scr.cpp:3057	Non-empty float game-variable wrapper passes the float bits by address with one-element count to CheckpointMgr.
0x005BFA10	?SetGameFloatVar@BrocSys@@YAXIM@Z	V4	PASS	ida-manual-20260827	2026-08-27	IDA:0x005BFA10;src/game/logic/g_scr.cpp:3057	Release and source match hash/fVal forwarding, raw float-address representation, and SetGameVar count 1.
0x005BFA30	?SetGameVectorVar@BrocSys@@YAXIABUvector@Broc@@@Z	V3	PASS	ida-manual-20260827	2026-08-27	src/game/logic/g_scr.cpp:8862	Non-empty vector game-variable wrapper copies x/y/z float bit patterns into a three-word buffer and forwards it.
0x005BFA30	?SetGameVectorVar@BrocSys@@YAXIABUvector@Broc@@@Z	V4	PASS	ida-manual-20260827	2026-08-27	IDA:0x005BFA30;src/game/logic/g_scr.cpp:8862	Release and source match raw x/y/z bit copies, CheckpointMgr singleton selection, hash forwarding, and SetGameVar count 3.
0x005BFA70	?GetGameUnsignedVar@BrocSys@@YAII@Z	V3	PASS	ida-manual-20260827	2026-08-27	src/game/logic/g_scr.cpp:2603	Non-empty unsigned game-variable getter queries one word and returns the value or the release failure sentinel.
0x005BFA70	?GetGameUnsignedVar@BrocSys@@YAII@Z	V4	PASS	ida-manual-20260827	2026-08-27	IDA:0x005BFA70;src/game/logic/g_scr.cpp:2603	Release and source match CheckpointMgr::GetGameVar count 1, local value load, and exact 0xFEFEFEFE failure return.
0x005BFAA0	?GetGameFloatVar@BrocSys@@YAMI@Z	V3	PASS	ida-manual-20260827	2026-08-27	src/game/logic/g_scr.cpp:2612	Non-empty float game-variable getter queries one word and returns the float or the engine NaN sentinel.
0x005BFAA0	?GetGameFloatVar@BrocSys@@YAMI@Z	V4	PASS	ida-manual-20260827	2026-08-27	IDA:0x005BFAA0;src/game/logic/g_scr.cpp:2612	Release and source match one-word GetGameVar, float return on success, and imported sNaN return on failure.
0x005BFAD0	?GetGameVectorVar@BrocSys@@YA?AUvector@Broc@@I@Z	V3	PASS	ida-manual-20260827	2026-08-27	src/game/logic/g_scr.cpp:8875	Non-empty vector getter initializes all three components to sNaN, queries three words, and returns the copied vector.
0x005BFAD0	?GetGameVectorVar@BrocSys@@YA?AUvector@Broc@@I@Z	V4	PASS	ida-manual-20260827	2026-08-27	IDA:0x005BFAD0;src/game/logic/g_scr.cpp:8875	Release and source match 12-byte local layout, sNaN initialization, GetGameVar count 3, and x/y/z result stores.
0x005BFB30	?GetDrones@BrocSys@@YAIABUvector@Broc@@MPAII@Z	V3	PASS	ida-manual-20260827	2026-08-27	src/game/logic/g_scr.cpp:2849	Release-defined drone query returns the zero sentinel without reading its vector, radius, output, or count arguments.
0x005BFB30	?GetDrones@BrocSys@@YAIABUvector@Broc@@MPAII@Z	V4	PASS	ida-manual-20260827	2026-08-27	IDA:0x005BFB30;src/game/logic/g_scr.cpp:2849	Release and source match the intentional two-instruction no-op/sentinel implementation: xor eax,eax; retn.
0x005BFB40	?SetShadowIntensity@BrocSys@@YAXM@Z	V3	PASS	ida-manual-20260827	2026-08-27	src/game/logic/g_scr.cpp:2378	Non-empty shadow-intensity setter writes the supplied float to the projected-shadow alpha global.
0x005BFB40	?SetShadowIntensity@BrocSys@@YAXM@Z	V4	PASS	ida-manual-20260827	2026-08-27	IDA:0x005BFB40;src/game/logic/g_scr.cpp:2378	Release and source match the direct gProjShadowAlpha store.
0x005BFB60	?SetShadowRadius@BrocSys@@YAXM@Z	V3	PASS	ida-manual-20260827	2026-08-27	src/game/logic/g_scr.cpp:2384	Non-empty shadow-radius setter writes the supplied float to the projected-shadow size global.
0x005BFB60	?SetShadowRadius@BrocSys@@YAXM@Z	V4	PASS	ida-manual-20260827	2026-08-27	IDA:0x005BFB60;src/game/logic/g_scr.cpp:2384	Release and source match the direct gProjShadowSize store.
0x005BFB80	?EnableAsserts@BrocSys@@YAXXZ	V3	PASS	ida-manual-20260827	2026-08-27	src/game/logic/g_scr.cpp:2856	Non-empty assert-enable helper sets the AeAssert global enabled flag.
0x005BFB80	?EnableAsserts@BrocSys@@YAXXZ	V4	PASS	ida-manual-20260827	2026-08-27	IDA:0x005BFB80;src/game/logic/g_scr.cpp:2856	Release and source match the single global write of AeAssert::gAssertsEnabled to true.
0x005BFBF0	?Mover_SetupMove@BrocSys@@YAXPAUtrajectory_t@@ABVPosition3@math@@MMMAAV34@PAM33222@Z	V3	PASS	ida-manual-20260827	2026-08-27	src/game/logic/g_scr.cpp:5986	Non-empty mover setup computes trajectory phases, speed/direction, endpoint positions, and release NaN/assert handling for stationary and accelerated motion.
0x005BFBF0	?Mover_SetupMove@BrocSys@@YAXPAUtrajectory_t@@ABVPosition3@math@@MMMAAV34@PAM33222@Z	V4	PASS	ida-manual-20260827	2026-08-27	IDA:0x005BFBF0;src/game/logic/g_scr.cpp:5986	Release and source match stationary gating, 1000ms durations, acceleration/deceleration branch thresholds, VectorNormalize2 direction, trajectory types, endpoint evaluation, and assert metadata lines 76/79/91/103/120/123/134.
0x005C02C0	?Mover_SetupMoveSpeed@BrocSys@@YAXPAUtrajectory_t@@ABVPosition3@math@@MMMAAV34@PAM33222@Z	V3	PASS	ida-manual-20260827	2026-08-27	src/game/logic/g_scr.cpp:13014	Non-empty speed-based mover setup computes phase timings, copies speed vectors, evaluates endpoints, and performs release NaN/assert checks.
0x005C02C0	?Mover_SetupMoveSpeed@BrocSys@@YAXPAUtrajectory_t@@ABVPosition3@math@@MMMAAV34@PAM33222@Z	V4	PASS	ida-manual-20260827	2026-08-27	IDA:0x005C02C0;src/game/logic/g_scr.cpp:13014	Release and source match phase branching, direct speed deltas, trajectory base/type/time/duration fields, deceleration temporary trajectory, endpoint calculations, and assert metadata lines 169/191/208/218/236; decel assertion now checks release pTr->trDelta.
0x005C08B0	?Mover_Move@BrocSys@@YAXPAVEntity@@ABVPosition3@math@@MMM@Z	V3	PASS	ida-manual-20260827	2026-08-27	src/game/logic/g_scr.cpp:6172	Non-empty move wrapper passes position and entity movement fields to Mover_SetupMove, then links the entity.
0x005C08B0	?Mover_Move@BrocSys@@YAXPAVEntity@@ABVPosition3@math@@MMM@Z	V4	PASS	ida-manual-20260827	2026-08-27	IDA:0x005C08B0;src/game/logic/g_scr.cpp:6172	Release and source match pEnt+s.pos, currentOrigin, speed/wait/delay, pos1/pos2/pos3 offsets, and trailing g_LinkEntity.
0x005C0910	?Mover_GravityMove@BrocSys@@YAXPAVEntity@@QBMMM@Z	V3	PASS	ida-manual-20260827	2026-08-27	src/game/logic/g_scr.cpp:8910	Non-empty gravity mover initializes trajectory time/base/velocity, validates velocity, applies gravity override, evaluates, and links the entity.
0x005C0910	?Mover_GravityMove@BrocSys@@YAXPAVEntity@@QBMMM@Z	V4	PASS	ida-manual-20260827	2026-08-27	IDA:0x005C0910;src/game/logic/g_scr.cpp:8910	Release and source match Entity trajectory offsets, cvttss2si duration/gravity conversions, BrocEntityMove.cpp line 291 assert metadata, TR_GRAVITY type, BG_EvaluateTrajectory, and g_LinkEntity.
0x005C0A30	?Mover_Rotate@BrocSys@@YAXPAVEntity@@ABVPosition3@math@@MMM@Z	V3	PASS	ida-manual-20260827	2026-08-27	src/game/logic/g_scr.cpp:6183	Non-empty rotate wrapper passes angular trajectory fields to Mover_SetupMove and links the entity.
0x005C0A30	?Mover_Rotate@BrocSys@@YAXPAVEntity@@ABVPosition3@math@@MMM@Z	V4	PASS	ida-manual-20260827	2026-08-27	IDA:0x005C0A30;src/game/logic/g_scr.cpp:6183	Release and source match pEnt+s.apos, currentAngles, closespeed/angle/random, movedir/rotate/TargetAngles offsets, and trailing g_LinkEntity.
0x005C0A90	?Mover_RotateSpeed@BrocSys@@YAXPAVEntity@@ABVPosition3@math@@MMM@Z	V3	PASS	ida-manual-20260827	2026-08-27	src/game/logic/g_scr.cpp:13176	Non-empty rotate-speed wrapper passes angular speed trajectory fields to Mover_SetupMoveSpeed and links the entity.
0x005C0A90	?Mover_RotateSpeed@BrocSys@@YAXPAVEntity@@ABVPosition3@math@@MMM@Z	V4	PASS	ida-manual-20260827	2026-08-27	IDA:0x005C0A90;src/game/logic/g_scr.cpp:13176	Release and source match Mover_SetupMoveSpeed target, pEnt+s.apos/currentAngles, closespeed/angle/random, movedir/rotate/TargetAngles offsets, and trailing g_LinkEntity; removed g_physics no-op stub.
0x005C0AF0	?ToggleNano@BrocSys@@YAX_N@Z	V3	PASS	ida-manual-20260827	2026-08-27	src/game/logic/g_scr.cpp:2867	Non-empty Nano toggle writes the supplied boolean to gNANO_Animate.
0x005C0AF0	?ToggleNano@BrocSys@@YAX_N@Z	V4	PASS	ida-manual-20260827	2026-08-27	IDA:0x005C0AF0;src/game/logic/g_scr.cpp:2867	Release and source match the direct gNANO_Animate byte store.
0x005C0B00	?IsValidClientType@BrocSys@@YA_NPAVEntity@@@Z	V3	PASS	ida-manual-20260827	2026-08-27	src/game/logic/g_scr.cpp:8886	Non-empty client-type predicate accepts only non-null entities with a non-null client and emits the release warning otherwise.
0x005C0B00	?IsValidClientType@BrocSys@@YA_NPAVEntity@@@Z	V4	PASS	ida-manual-20260827	2026-08-27	IDA:0x005C0B00;src/game/logic/g_scr.cpp:8886	Release and source match null/client checks, warning metadata line 62, exact entity-is-not-a-player text, optional break, and false return.
0x005C0B60	?MPScript_RequestRespawn@BrocSys@@YAXI@Z	V3	PASS	ida-manual-20260827	2026-08-27	src/game/logic/g_scr.cpp:8904	Non-empty multiplayer respawn wrapper forwards the player ID to MultiplayerMgr singleton.
0x005C0B60	?MPScript_RequestRespawn@BrocSys@@YAXI@Z	V4	PASS	ida-manual-20260827	2026-08-27	IDA:0x005C0B60;src/game/logic/g_scr.cpp:8904	Release and source match MultiplayerMgr::sInst selection and SendRespawnRequest(playerID) forwarding.
0x005C0B80	?MPScript_ClearPlayerStats@BrocSys@@YAXXZ	V3	PASS	ida-manual-20260827	2026-08-27	src/game/logic/g_scr.cpp:11107	Non-empty player-stat reset iterates all 16 player slots, clears present client persistent data, and resets score/rank/flag fields.
0x005C0B80	?MPScript_ClearPlayerStats@BrocSys@@YAXXZ	V4	PASS	ida-manual-20260827	2026-08-27	IDA:0x005C0B80;src/game/logic/g_scr.cpp:11107	Release and source match 16-slot iteration, null guards, 0x194-byte pers memset, mStats[6][28], mBaseScore, rank, and ctf_has_flag writes.
0x005C0C40	?MPScript_IncTeamScore@BrocSys@@YAXABVstring@Broc@@H@Z	V3	PASS	ida-manual-20260827	2026-08-27	src/game/logic/g_scr.cpp:11128	Non-empty team-score increment updates allies or axis score and reports an error for any other team string.
0x005C0C40	?MPScript_IncTeamScore@BrocSys@@YAXABVstring@Broc@@H@Z	V4	PASS	ida-manual-20260827	2026-08-27	IDA:0x005C0C40;src/game/logic/g_scr.cpp:11128	Release and source match Broc string comparisons, teamScores[2]/[1] selection, amount addition, and Error metadata line 421/text.
0x005C0CD0	?MPScript_GetTeamScore@BrocSys@@YAHABVstring@Broc@@@Z	V3	PASS	ida-manual-20260827	2026-08-27	src/game/logic/g_scr.cpp:11150	Non-empty team-score getter returns allies or axis score and reports an error then returns zero for invalid team names.
0x005C0CD0	?MPScript_GetTeamScore@BrocSys@@YAHABVstring@Broc@@@Z	V4	PASS	ida-manual-20260827	2026-08-27	IDA:0x005C0CD0;src/game/logic/g_scr.cpp:11150	Release and source match comparison order, teamScores offsets, Error metadata line 437/text, optional break, and zero fallback.
0x005C0D50	?MPScript_SendGameScore@BrocSys@@YAXHH@Z	V3	PASS	ida-manual-20260827	2026-08-27	src/game/logic/g_scr.cpp:11166	Non-empty game-score wrapper forwards allies and axis scores to MultiplayerMgr.
0x005C0D50	?MPScript_SendGameScore@BrocSys@@YAXHH@Z	V4	PASS	ida-manual-20260827	2026-08-27	IDA:0x005C0D50;src/game/logic/g_scr.cpp:11166	Release and source match argument order and MultiplayerMgr::SendGameScore singleton call.
0x005C0D70	?MPScript_HostDropItem1@BrocSys@@YAXHHABUvector@Broc@@0@Z	V3	PASS	ida-manual-20260827	2026-08-27	src/game/logic/g_scr.cpp:11172	Non-empty host-only drop wrapper checks IsHost, builds zero velocity plus angle/position vectors, and invokes DropItem with scriptFrom true and typeIndex -1.
0x005C0D70	?MPScript_HostDropItem1@BrocSys@@YAXHHABUvector@Broc@@0@Z	V4	PASS	ida-manual-20260827	2026-08-27	IDA:0x005C0D70;src/game/logic/g_scr.cpp:11172	Release and source match host guard, 16-byte vector staging order (angle then position), zero velocity, netID, true, and -1 arguments.
0x005C0E40	?MPScript_HostDropItem2@BrocSys@@YAXHHABUvector@Broc@@00@Z	V3	PASS	ida-manual-20260827	2026-08-27	src/game/logic/g_scr.cpp:11197	Non-empty host-only drop wrapper checks IsHost, stages velocity/angle/position vectors, and invokes DropItem with scriptFrom true and typeIndex -1.
0x005C0E40	?MPScript_HostDropItem2@BrocSys@@YAXHHABUvector@Broc@@00@Z	V4	PASS	ida-manual-20260827	2026-08-27	IDA:0x005C0E40;src/game/logic/g_scr.cpp:11197	Release and source match host guard, vector copy order, zero w lanes, netID, true, and -1 DropItem arguments.
0x005C0F30	?MPScript_DropItem1@BrocSys@@YAXHHABUvector@Broc@@0@Z	V3	PASS	ida-manual-20260827	2026-08-27	src/game/logic/g_scr.cpp:11227	Non-empty drop wrapper stages zero velocity and angle/position vectors, then invokes MultiplayerMgr::DropItem unconditionally.
0x005C0F30	?MPScript_DropItem1@BrocSys@@YAXHHABUvector@Broc@@0@Z	V4	PASS	ida-manual-20260827	2026-08-27	IDA:0x005C0F30;src/game/logic/g_scr.cpp:11227	Release and source match vector staging order, zero velocity, singleton call, netID, scriptFrom true, and typeIndex -1.
0x005C0FE0	?MPScript_DropItem2@BrocSys@@YAXHHABUvector@Broc@@00@Z	V3	PASS	ida-manual-20260827	2026-08-27	src/game/logic/g_scr.cpp:11248	Non-empty drop wrapper stages velocity, angle, and position vectors, then invokes MultiplayerMgr::DropItem with scriptFrom true and typeIndex -1.
0x005C0FE0	?MPScript_DropItem2@BrocSys@@YAXHHABUvector@Broc@@00@Z	V4	PASS	ida-manual-20260827	2026-08-27	IDA:0x005C0FE0;src/game/logic/g_scr.cpp:11248	Release and source match velocity-to-Dir3, angle-to-Dir3, position-to-Position3 order, zero w lanes, netID, true, and -1 arguments.
0x005C10C0	?MPScript_AreaCaptured@BrocSys@@YAXHII@Z	V3	PASS	ida-manual-20260827	2026-08-27	src/game/logic/g_scr.cpp:11274	Non-empty area-capture wrapper forwards net ID, team, and host-only flag to MultiplayerMgr.
0x005C10C0	?MPScript_AreaCaptured@BrocSys@@YAXHII@Z	V4	PASS	ida-manual-20260827	2026-08-27	IDA:0x005C10C0;src/game/logic/g_scr.cpp:11274	Release and source match singleton selection and AreaCaptured(netID, team, hostOnly) argument order.
0x005C10E0	?MPScript_EnterGame@BrocSys@@YAXXZ	V3	PASS	ida-manual-20260827	2026-08-27	src/game/logic/g_scr.cpp:11281	Non-empty enter-game wrapper dispatches directly to MultiplayerMgr singleton.
0x005C10E0	?MPScript_EnterGame@BrocSys@@YAXXZ	V4	PASS	ida-manual-20260827	2026-08-27	IDA:0x005C10E0;src/game/logic/g_scr.cpp:11281	Release and source match the direct tail-call-equivalent MultiplayerMgr::EnterGame dispatch.
0x005C10F0	?MPScript_ControllerErrorMessageUp@BrocSys@@YA_NXZ	V3	PASS	ida-manual-20260827	2026-08-27	src/game/logic/g_scr.cpp:2867	Non-empty controller-error query scans four connection-error flags and returns true on the first set flag.
0x005C10F0	?MPScript_ControllerErrorMessageUp@BrocSys@@YA_NXZ	V4	PASS	ida-manual-20260827	2026-08-27	IDA:0x005C10F0;src/game/logic/g_scr.cpp:2867	Release and source match zero-based four-element scan, early true return, and false exhaustion return.
0x005C1160	?MPScript_PositionWouldTelefrag@BrocSys@@YA_NABUvector@Broc@@@Z	V3	PASS	ida-manual-20260827	2026-08-27	src/game/logic/g_scr.cpp:11287	Non-empty telefrag query copies the script vector into a zero-w Position3 and forwards it to SpotWouldTelefrag.
0x005C1160	?MPScript_PositionWouldTelefrag@BrocSys@@YA_NABUvector@Broc@@@Z	V4	PASS	ida-manual-20260827	2026-08-27	IDA:0x005C1160;src/game/logic/g_scr.cpp:11287	Release and source match 16-byte staging, x/y/z copy order, zero fourth lane, and SpotWouldTelefrag call.
0x005C11D0	?MPScript_SpawnButtonPressed@BrocSys@@YAHI@Z	V3	PASS	ida-manual-20260827	2026-08-27	src/game/logic/g_scr.cpp:11298	Non-empty spawn-button query selects the client controller, rejects invalid ports, and tests the release button threshold.
0x005C11D0	?MPScript_SpawnButtonPressed@BrocSys@@YAHI@Z	V4	PASS	ida-manual-20260827	2026-08-27	IDA:0x005C11D0;src/game/logic/g_scr.cpp:11298	Release and source match dword_F6A28C stride 0xC88, Com_ControllerValid guard, SQUARE|DOWNBUTTON value 5, and >128 threshold.
0x005C1220	?MPScript_DebugRenderText@BrocSys@@YAXPBDHH@Z	V3	PASS	ida-manual-20260827	2026-08-27	src/game/logic/g_scr.cpp:11328	Non-empty debug-text wrapper builds opaque white Color and forwards text, coordinates, depth, and size.
0x005C1220	?MPScript_DebugRenderText@BrocSys@@YAXPBDHH@Z	V4	PASS	ida-manual-20260827	2026-08-27	IDA:0x005C1220;src/game/logic/g_scr.cpp:11328	Release and source match Color RGBA 1.0, depth 0.5, size 1.0, and DebugRender::RenderText argument order.
0x005C1270	?MPScript_DebugRenderBox@BrocSys@@YAXABUvector@Broc@@00M@Z	V3	PASS	ida-manual-20260827	2026-08-27	src/game/logic/g_scr.cpp:11339	Non-empty debug-box wrapper stages min/max Position3 values and color RGBA, then forwards them to DebugRender.
0x005C1270	?MPScript_DebugRenderBox@BrocSys@@YAXABUvector@Broc@@00M@Z	V4	PASS	ida-manual-20260827	2026-08-27	IDA:0x005C1270;src/game/logic/g_scr.cpp:11339	Release and source match 16-byte min/max staging, zero w lanes, color x/y/z plus alpha, and RenderBox argument order.
0x005C1330	?MPScript_DebugRenderSphere@BrocSys@@YAXABUvector@Broc@@M0M@Z	V3	PASS	ida-manual-20260827	2026-08-27	src/game/logic/g_scr.cpp:11363	Non-empty debug-sphere wrapper stages point and color vectors with alpha and forwards radius to DebugRender.
0x005C1330	?MPScript_DebugRenderSphere@BrocSys@@YAXABUvector@Broc@@M0M@Z	V4	PASS	ida-manual-20260827	2026-08-27	IDA:0x005C1330;src/game/logic/g_scr.cpp:11363	Release and source match 16-byte point/color staging, zero w lanes, alpha placement, and RenderSphere(point, radius, color) order.
0x005C13C0	?TakeWeapon@BrocSys@@YAXPAVEntity@@PBD@Z	V3	PASS	ida-manual-20260827	2026-08-27	src/game/logic/g_entity_misc.cpp:4287	Non-empty entity weapon-removal helper validates the client, resolves the weapon, clears ammo and clip slots, and removes the weapon from PlayerState.
0x005C13C0	?TakeWeapon@BrocSys@@YAXPAVEntity@@PBD@Z	V4	PASS	ida-manual-20260827	2026-08-27	IDA:0x005C13C0;src/game/logic/g_entity_misc.cpp:4287	Release and source match IsValidClientType, BG_GetWeaponIndexForName, BG_AmmoForWeapon/BG_ClipForWeapon indexed zeroing, and BG_TakePlayerWeapon call.
0x005C1430	?IsMenuOpen@BrocSys@@YAHABVstring@Broc@@H@Z	V3	PASS	ida-manual-20260827	2026-08-27	src/game/logic/g_scr.cpp:11382	Non-empty menu query recognizes spectate and empty/default names, selecting the corresponding IGO menu IDs and returning false otherwise.
0x005C1430	?IsMenuOpen@BrocSys@@YAHABVstring@Broc@@H@Z	V4	PASS	ida-manual-20260827	2026-08-27	IDA:0x005C1430;src/game/logic/g_scr.cpp:11382	Release and source match block+0xC string extraction, spectate ID 12, defaultFileName comparison, and inactive false path.
0x005C14C0	?OpenMenu@BrocSys@@YAHABVstring@Broc@@H@Z	V3	PASS	ida-manual-20260827	2026-08-27	src/game/logic/g_scr.cpp:11404	Non-empty menu opener clears controller edge states, handles weapon/side-select/spectate menus, and returns the release zero result.
0x005C14C0	?OpenMenu@BrocSys@@YAHABVstring@Broc@@H@Z	V4	PASS	ida-manual-20260827	2026-08-27	IDA:0x005C14C0;src/game/logic/g_scr.cpp:11404	Release and source match 0xC88 controller stride, pressed/released clear ranges, weapon byte reset at menu+0x110, menu IDs 1/11/12, spectate Clear, and activation flow.
0x005C15F0	?OpenMenuNoMouse@BrocSys@@YAHIABVstring@Broc@@@Z	V3	PASS	ida-manual-20260827	2026-08-27	src/game/logic/g_scr.cpp:11454	Release-defined dead-code helper emits the exact assert metadata/message and returns zero.
0x005C15F0	?OpenMenuNoMouse@BrocSys@@YAHIABVstring@Broc@@@Z	V4	PASS	ida-manual-20260827	2026-08-27	IDA:0x005C15F0;src/game/logic/g_scr.cpp:11454	Release and source match ignored inputs, BrocEntityClient.cpp line 1513, expression 0, ma dead code message, optional break, and zero return.
0x005C1640	?CloseMenu2@BrocSys@@YAXABVstring@Broc@@H@Z	V3	PASS	ida-manual-20260827	2026-08-27	src/game/logic/g_scr.cpp:11469	Non-empty menu closer handles weapon/side-select pause unpause and spectate active/inactive transitions.
0x005C1640	?CloseMenu2@BrocSys@@YAXABVstring@Broc@@H@Z	V4	PASS	ida-manual-20260827	2026-08-27	IDA:0x005C1640;src/game/logic/g_scr.cpp:11469	Release and source match string cases, PauseMenu::UnPause menu 0, spectate active check, direct MakeActive(-1,-1) slot, and ClearReturnMenu(12).
0x005C1730	?CloseAllMenus@BrocSys@@YAXH@Z	V3	PASS	ida-manual-20260827	2026-08-27	src/game/logic/g_scr.cpp:11509	Non-empty close-all wrapper resolves the viewport IGO and unpauses its pause menu.
0x005C1730	?CloseAllMenus@BrocSys@@YAXH@Z	V4	PASS	ida-manual-20260827	2026-08-27	IDA:0x005C1730;src/game/logic/g_scr.cpp:11509	Release and source match FEManager::GetIGMS(viewport), menus[0] selection, and PauseMenu::UnPause dispatch.
0x005C1750	?SetSpectateState@BrocSys@@YAXHH@Z	V3	PASS	ida-manual-20260827	2026-08-27	src/game/logic/g_scr.cpp:11516	Non-empty spectate-state setter resolves the spectate menu, stores state, and calls UpdateState.
0x005C1750	?SetSpectateState@BrocSys@@YAXHH@Z	V4	PASS	ida-manual-20260827	2026-08-27	IDA:0x005C1750;src/game/logic/g_scr.cpp:11516	Release and source match viewport IGO lookup, menus[12] selection, state offset +0x4C, and UpdateState dispatch.
0x005C1780	?SetSpectateSeconds@BrocSys@@YAXHH@Z	V3	PASS	ida-manual-20260827	2026-08-27	src/game/logic/g_scr.cpp:11525	Non-empty spectate-seconds setter resolves the spectate menu, stores seconds, and calls UpdateSeconds.
0x005C1780	?SetSpectateSeconds@BrocSys@@YAXHH@Z	V4	PASS	ida-manual-20260827	2026-08-27	IDA:0x005C1780;src/game/logic/g_scr.cpp:11525	Release and source match FEManager::GetIGMS(viewport), menus[12], seconds field offset +0x50, and UpdateSeconds dispatch.
0x005C17B0	?SetSpectateMedic@BrocSys@@YAXHH@Z	V3	PASS	ida-manual-20260827	2026-08-27	src/game/logic/g_scr.cpp:11534	Non-empty spectate-medic setter resolves the spectate menu and dispatches SetMedic.
0x005C17B0	?SetSpectateMedic@BrocSys@@YAXHH@Z	V4	PASS	ida-manual-20260827	2026-08-27	IDA:0x005C17B0;src/game/logic/g_scr.cpp:11534	Release and source match viewport IGO lookup, menus[12], and medic != 0 boolean conversion.
0x005C1800	?ToggleClip@BrocSys@@YAXXZ	V3	PASS	ida-manual-20260827	2026-08-27	src/game/logic/g_scr.cpp:9173	Non-empty noclip toggle resolves the current player, flips client noclip/global state, and sends the release command text.
0x005C1800	?ToggleClip@BrocSys@@YAXXZ	V4	PASS	ida-manual-20260827	2026-08-27	IDA:0x005C1800;src/game/logic/g_scr.cpp:9173	Release and source match player lookup/null guard, GAME_NOCLIPON/OFF selection, global flag, client byte toggle, handle forwarding, va print command, and SV_GameSendServerCommand.
0x005C1880	?ObjectiveUpdatedNotify@@YAXXZ	V3	PASS	ida-manual-20260827	2026-08-27	src/game/logic/g_scr.cpp:6387	Non-empty objective-updated notifier resolves the current player and sends the hashed notification.
0x005C1880	?ObjectiveUpdatedNotify@@YAXXZ	V4	PASS	ida-manual-20260827	2026-08-27	IDA:0x005C1880;src/game/logic/g_scr.cpp:6387	Release and source match currCl player lookup, null guard, AeHash("ObjectiveUpdated"), and Entity::Notify.
0x005C18C0	?ObjectiveCompletedNotify@@YAXXZ	V3	PASS	ida-manual-20260827	2026-08-27	src/game/logic/g_scr.cpp:6684	Non-empty objective-completed notifier resolves the current player and sends the hashed notification.
0x005C18C0	?ObjectiveCompletedNotify@@YAXXZ	V4	PASS	ida-manual-20260827	2026-08-27	IDA:0x005C18C0;src/game/logic/g_scr.cpp:6684	Release and source match currCl player lookup, null guard, AeHash("ObjectiveCompleted"), and Entity::Notify.
0x005C1900	?ObjectiveFailedNotify@@YAXXZ	V3	PASS	ida-manual-20260827	2026-08-27	src/game/logic/g_scr.cpp:9198	Non-empty objective-failed notifier resolves the current player and sends the hashed notification.
0x005C1900	?ObjectiveFailedNotify@@YAXXZ	V4	PASS	ida-manual-20260827	2026-08-27	IDA:0x005C1900;src/game/logic/g_scr.cpp:9198	Release and source match currCl player lookup, null guard, AeHash("ObjectiveFailed"), and Entity::Notify.
0x005C1950	?ObjectiveStateIndexFromString@BrocSys@@YA_NPAHAAVstring@Broc@@@Z	V3	PASS	ida-manual-20260827	2026-08-27	src/game/logic/g_scr.cpp:2622	Non-empty state-index helper resolves the managed string/default fallback, writes the output index, and returns the release validity predicate.
0x005C1950	?ObjectiveStateIndexFromString@BrocSys@@YA_NPAHAAVstring@Broc@@@Z	V4	PASS	ida-manual-20260827	2026-08-27	IDA:0x005C1950;src/game/logic/g_scr.cpp:2622	Release and source match block+0xC string extraction/defaultFileName, IGOCompassWidget dispatch, output store, and index != 27 return.
0x005C1980	?FindUnusedChildObjective@BrocSys@@YAHXZ	V3	PASS	ida-manual-20260827	2026-08-27	src/game/logic/g_scr.cpp:9210	Non-empty config-string scan checks the child objective slot and returns the first available index or -1.
0x005C1980	?FindUnusedChildObjective@BrocSys@@YAHXZ	V4	PASS	ida-manual-20260827	2026-08-27	IDA:0x005C1980;src/game/logic/g_scr.cpp:9210	Release and source match local 256-byte buffer, SV_GetConfigstring(v0+32), empty-slot termination, >=1 saturation to -1, and return value.
0x005C19D0	?DeleteAllChildrenOfObjective@BrocSys@@YAXH@Z	V3	PASS	ida-manual-20260827	2026-08-27	src/game/logic/g_scr.cpp:9226	Non-empty objective-child deletion reads configstring 32, matches pobj to the requested objective, clears the slot, and writes it back.
0x005C19D0	?DeleteAllChildrenOfObjective@BrocSys@@YAXH@Z	V4	PASS	ida-manual-20260827	2026-08-27	IDA:0x005C19D0;src/game/logic/g_scr.cpp:9226	Release and source match 256-byte buffer, SV_GetConfigstring(32), Info_ValueForKey("pobj"), atoi comparison, zeroing first byte, and SV_SetConfigstring(32).
0x005C1A50	?SetAnimCheck@@YAXH@Z	V3	PASS	ida-manual-20260827	2026-08-27	src/game/logic/g_entity_misc.cpp:3921	Non-empty animation-check setter stores the supplied integer flag.
0x005C1A50	?SetAnimCheck@@YAXH@Z	V4	PASS	ida-manual-20260827	2026-08-27	IDA:0x005C1A50;src/game/logic/g_entity_misc.cpp:3921	Release is a direct g_bAnimCheck assignment and source matches the exact store.
0x005C1AC0	?Scr_Error@@YAXPBD@Z	V3	PASS	ida-manual-20260827	2026-08-27	src/game/logic/g_entity_misc.cpp:3878	Non-empty script-error helper records the assert context and routes the error through the warning path.
0x005C1AC0	?Scr_Error@@YAXPBD@Z	V4	PASS	ida-manual-20260827	2026-08-27	IDA:0x005C1AC0;src/game/logic/g_entity_misc.cpp:3878	Release and source match author zero, scr_vm.cpp file, line 16, null expression, IsIgnored/Warning(off_CFBB58,error), and conditional debug break.
0x005C1B10	?Scr_ParamError@@YAXIPBD@Z	V3	PASS	ida-manual-20260827	2026-08-27	src/game/logic/g_entity_misc.cpp:3895	Non-empty parameter-error helper records the assert context and routes the error through the warning path.
0x005C1B10	?Scr_ParamError@@YAXIPBD@Z	V4	PASS	ida-manual-20260827	2026-08-27	IDA:0x005C1B10;src/game/logic/g_entity_misc.cpp:3895	Release and source match ignored index use, author zero, scr_vm.cpp file, line 23, null expression, IsIgnored/Warning(off_CFBB58,error), and conditional debug break.
0x005C1B60	?VM_Init@@YAXXZ	V3	PASS	ida-manual-20260827	2026-08-27	src/game/logic/g_scr.cpp:9852	Non-empty VM initializer clears the complete three-entry VM table.
0x005C1B60	?VM_Init@@YAXXZ	V4	PASS	ida-manual-20260827	2026-08-27	IDA:0x005C1B60;src/game/logic/g_scr.cpp:9852	Release and source match Com_Memset(vmTable,0,0x1A4) with no extra state changes.
0x005C1B80	?VM_DllSyscall@@YAHHZZ	V3	PASS	ida-manual-20260827	2026-08-27	src/game/logic/g_scr.cpp:6460	Non-empty VM syscall bridge validates currentVM and forwards the argument address to its system-call function.
0x005C1B80	?VM_DllSyscall@@YAHHZZ	V4	PASS	ida-manual-20260827	2026-08-27	IDA:0x005C1B80;src/game/logic/g_scr.cpp:6460	Release and source match currentVM assert metadata/message, &arg forwarding, and indirect systemCall dispatch.
0x005C1BE0	?VM_Create@@YAPAUvm_s@@PBDP6AHPAH@Z@Z	V3	PASS	ida-manual-20260827	2026-08-27	src/game/logic/g_scr.cpp:6413	Non-empty VM creation validates inputs, reuses matching slots, allocates a free slot, binds game/cgame entry points, and rejects unsupported modules.
0x005C1BE0	?VM_Create@@YAPAUvm_s@@PBDP6AHPAH@Z@Z	V4	PASS	ida-manual-20260827	2026-08-27	IDA:0x005C1BE0;src/game/logic/g_scr.cpp:6413	Release and source match parameter fatal path, 3-slot/140-byte scan, no-free-slot fatal path, 128-byte name copy, systemCall assignment, ui null return, game/cgame DLL entry binding, and unsupported-module null return.
0x005C1D30	?VM_Free@@YAXPAUvm_s@@@Z	V3	PASS	ida-manual-20260827	2026-08-27	src/game/logic/g_scr.cpp:1535	Non-empty VM free validates the DLL handle, clears one VM record, and resets currentVM.
0x005C1D30	?VM_Free@@YAXPAUvm_s@@@Z	V4	PASS	ida-manual-20260827	2026-08-27	IDA:0x005C1D30;src/game/logic/g_scr.cpp:1535	Release and source match vm->dllHandle assert metadata, Com_Memset(vm,0,0x8C), and currentVM=nullptr.
0x005C1DB0	?VM_Clear@@YAXXZ	V3	PASS	ida-manual-20260827	2026-08-27	src/game/logic/g_scr.cpp:9845	Non-empty VM clear zeroes every VM record and resets currentVM.
0x005C1DB0	?VM_Clear@@YAXXZ	V4	PASS	ida-manual-20260827	2026-08-27	IDA:0x005C1DB0;src/game/logic/g_scr.cpp:9845	Release and source match three 0x8C record clears over vmTable and currentVM=nullptr.
0x005C1DE0	?VM_Call@@YAHPAUvm_s@@HZZ	V3	PASS	ida-manual-20260827	2026-08-27	src/game/logic/g_scr.cpp:1495	Non-empty VM call validates VM and entry point, saves/restores currentVM, copies sixteen varargs, and invokes the entry point.
0x005C1DE0	?VM_Call@@YAHPAUvm_s@@HZZ	V4	PASS	ida-manual-20260827	2026-08-27	IDA:0x005C1DE0;src/game/logic/g_scr.cpp:1495	Release and source match null-VM/entryPoint asserts, currentVM save/replace, 16-word argument staging, exact 17-argument call, restoration, and return value.
0x005C1F00	?SetKillFlag@AeThread@@QAEXXZ	V3	PASS	ida-manual-20260827	2026-08-27	src/game/logic/g_scr.cpp:1233	Non-empty thread kill-flag setter updates the thread flag word.
0x005C1F00	?SetKillFlag@AeThread@@QAEXXZ	V4	PASS	ida-manual-20260827	2026-08-27	IDA:0x005C1F00;src/game/logic/g_scr.cpp:1233	Release and source match sequential ORs of 0x40 and 0x08 into mFlags.mMask.
0x005C1F10	?Kill@AeThread@@QAEXXZ	V3	PASS	ida-manual-20260827	2026-08-27	src/game/logic/g_scr.cpp:1240	Non-empty thread kill setter marks kill, kill-flag, and termination bits.
0x005C1F10	?Kill@AeThread@@QAEXXZ	V4	PASS	ida-manual-20260827	2026-08-27	IDA:0x005C1F10;src/game/logic/g_scr.cpp:1240	Release and source match sequential ORs of 0x08, 0x40, and 0x04 into mFlags.mMask.
0x005C1F30	?UnloadScript@AeThreadManager@@QAEXPAX@Z	V3	PASS	ida-manual-20260827	2026-08-27	src/game/logic/g_scr.cpp:11574	Non-empty unload-script thunk forwards to BrocSys::InitMPCallbacks.
0x005C1F30	?UnloadScript@AeThreadManager@@QAEXPAX@Z	V4	PASS	ida-manual-20260827	2026-08-27	IDA:0x005C1F30;src/game/logic/g_scr.cpp:11574	Release thunk and source match the InitMPCallbacks call and ignored parameter with 4-byte stack cleanup.
0x005C1F40	??0AeThreadEntityNotifyTimeoutState@@QAE@V?$DbLinkedHandle@VEntityHandleDb@@VEntity@@@@IMW4EAction@AeThreadState@@@Z	V3	PASS	ida-manual-20260827	2026-08-27	src/game/logic/g_scr.cpp:23037	Non-empty notify-timeout state constructor initializes links, completion/result state, entity handle, notify hash, and timeout.
0x005C1F40	??0AeThreadEntityNotifyTimeoutState@@QAE@V?$DbLinkedHandle@VEntityHandleDb@@VEntity@@@@IMW4EAction@AeThreadState@@@Z	V4	PASS	ida-manual-20260827	2026-08-27	IDA:0x005C1F40;src/game/logic/g_scr.cpp:23037	Release and source match dlist nulls, mFinished=false, mResult/result argument, vtable construction, mEnt, mNotifyStr hash, mTimeRemaining, and 0x10-byte argument cleanup.
0x005C1F80	??0AeThreadPakNotifyState@@QAE@PBUPakInfoNode@@W4ePakState@0@@Z	V3	PASS	ida-manual-20260827	2026-08-27	src/game/logic/g_scr.cpp:1332	Non-empty pak-notify state constructor initializes links, wake-up result, pak pointer, and wait state.
0x005C1F80	??0AeThreadPakNotifyState@@QAE@PBUPakInfoNode@@W4ePakState@0@@Z	V4	PASS	ida-manual-20260827	2026-08-27	IDA:0x005C1F80;src/game/logic/g_scr.cpp:1332	Release and source match dlist nulls, mFinished=false, mResult=2, vtable construction, mPak, and mWaitState.
0x005C1FB0	??0AeThreadWaitState@@QAE@M@Z	V3	PASS	ida-manual-20260827	2026-08-27	src/game/logic/g_scr.cpp:1250	Non-empty time-wait state constructor initializes links, wake-up result, and remaining time.
0x005C1FB0	??0AeThreadWaitState@@QAE@M@Z	V4	PASS	ida-manual-20260827	2026-08-27	IDA:0x005C1FB0;src/game/logic/g_scr.cpp:1250	Release and source match dlist nulls, mFinished=false, mResult=2, vtable construction, and mTimeRemaining.
0x005C1FE0	?GetCondText@AeThreadWaitState@@UAEXAAV?$ae_fixed_string@$0EA@E@@@Z	V3	PASS	ida-manual-20260827	2026-08-27	src/game/logic/g_scr.cpp:1271	Non-empty time-wait condition formatter appends the remaining-time formatted text.
0x005C1FE0	?GetCondText@AeThreadWaitState@@UAEXAAV?$ae_fixed_string@$0EA@E@@@Z	V4	PASS	ida-manual-20260827	2026-08-27	IDA:0x005C1FE0;src/game/logic/g_scr.cpp:1271	Release and source match format ",(s) %04.3f", capacity 63 concatenation, and length-byte update.
0x005C2030	??0AeThreadWaitFramesState@@QAE@H@Z	V3	PASS	ida-manual-20260827	2026-08-27	src/game/logic/g_scr.cpp:1289	Non-empty frame-wait state constructor initializes links, wake-up result, and remaining frames.
0x005C2030	??0AeThreadWaitFramesState@@QAE@H@Z	V4	PASS	ida-manual-20260827	2026-08-27	IDA:0x005C2030;src/game/logic/g_scr.cpp:1289	Release and source match dlist nulls, mFinished=false, mResult=2, vtable construction, and mFramesRemaining.
0x005C2060	?GetCondText@AeThreadWaitFramesState@@UAEXAAV?$ae_fixed_string@$0EA@E@@@Z	V3	PASS	ida-manual-20260827	2026-08-27	src/game/logic/g_scr.cpp:1311	Non-empty frame-wait condition formatter appends the remaining-frame formatted text.
0x005C2060	?GetCondText@AeThreadWaitFramesState@@UAEXAAV?$ae_fixed_string@$0EA@E@@@Z	V4	PASS	ida-manual-20260827	2026-08-27	IDA:0x005C2060;src/game/logic/g_scr.cpp:1311	Release and source match format ",asleep for %04d frames", capacity 63 concatenation, and length-byte update.
0x005C20A0	?GetWeaponIndex@BrocSys@@YAHABVstring@Broc@@@Z	V3	PASS	ida-manual-20260827	2026-08-27	src/game/logic/g_scr.cpp:2634	Non-empty weapon-index helper resolves the managed weapon string or default fallback and queries the weapon table.
0x005C20A0	?GetWeaponIndex@BrocSys@@YAHABVstring@Broc@@@Z	V4	PASS	ida-manual-20260827	2026-08-27	IDA:0x005C20A0;src/game/logic/g_scr.cpp:2634	Release and source match mBlock null branching, block+0xC string pointer, defaultFileName fallback, and BG_GetWeaponIndexForName dispatch.
0x005C20D0	?SetupLevelSpecificVariables@BrocSys@@YAXXZ	V3	PASS	ida-manual-20260827	2026-08-27	src/game/logic/g_scr.cpp:9858	Non-empty level-variable setup reads the active pak's fog, zfar, glow, and audio fields and applies them to runtime systems.
0x005C20D0	?SetupLevelSpecificVariables@BrocSys@@YAXXZ	V4	PASS	ida-manual-20260827	2026-08-27	IDA:0x005C20D0;src/game/logic/g_scr.cpp:9858	Release and source match CurPakId/GetPakInfo, all fog ranges/colors/values, r_zfar, four glow assignments including truncation to int, callback lookup, and audio argument order.
0x005C2190	?MakeGameMessage@BrocSys@@YAXPBD0@Z	V3	PASS	ida-manual-20260827	2026-08-27	src/game/logic/g_scr.cpp:2642	Non-empty game-message wrapper formats the command and broadcasts it to the zero entity handle.
0x005C2190	?MakeGameMessage@BrocSys@@YAXPBD0@Z	V4	PASS	ida-manual-20260827	2026-08-27	IDA:0x005C2190;src/game/logic/g_scr.cpp:2642	Release and source match va("%s \\\"%s\\\"", pszCmd, pszString) and SV_GameSendServerCommand handle 0.
0x005C21C0	?IPrintLn@BrocSys@@YAXPBD@Z	V3	PASS	ida-manual-20260827	2026-08-27	src/game/logic/g_scr.cpp:9242	Non-empty print-line wrapper appends a newline, formats gm text, and broadcasts it.
0x005C21C0	?IPrintLn@BrocSys@@YAXPBD@Z	V4	PASS	ida-manual-20260827	2026-08-27	IDA:0x005C21C0;src/game/logic/g_scr.cpp:9242	Release and source match 8192-byte buffer, sprintf("%s\\n"), gm command formatting, zero handle, and broadcast dispatch.
0x005C2210	?IPrintLnBold@BrocSys@@YAXPBD@Z	V3	PASS	ida-manual-20260827	2026-08-27	src/game/logic/g_scr.cpp:9251	Non-empty bold print-line wrapper appends a newline, formats gmb text, and broadcasts it.
0x005C2210	?IPrintLnBold@BrocSys@@YAXPBD@Z	V4	PASS	ida-manual-20260827	2026-08-27	IDA:0x005C2210;src/game/logic/g_scr.cpp:9251	Release and source match 8192-byte buffer, sprintf("%s\\n"), gmb command formatting, zero handle, and broadcast dispatch.
0x005C2260	?RegisterAnimation@BrocSys@@YAXPAVAnimBroRef@@@Z	V3	PASS	ida-manual-20260827	2026-08-27	src/game/logic/g_scr.cpp:9260	Non-empty animation registration appends the parameter address to the global reference list.
0x005C2260	?RegisterAnimation@BrocSys@@YAXPAVAnimBroRef@@@Z	V4	PASS	ida-manual-20260827	2026-08-27	IDA:0x005C2260;src/game/logic/g_scr.cpp:9260	Release and source match gAnimRefRegList push_back of &animBroRef.
0x005C2280	?Print3D@BrocSys@@YAXABUvector@Broc@@ABVstring@3@0MM@Z	V3	PASS	ida-manual-20260827	2026-08-27	src/game/logic/g_scr.cpp:11976	Non-empty 3D-print wrapper builds RGBA color, resolves managed/default text, and submits the debug string.
0x005C2280	?Print3D@BrocSys@@YAXABUvector@Broc@@ABVstring@3@0MM@Z	V4	PASS	ida-manual-20260827	2026-08-27	IDA:0x005C2280;src/game/logic/g_scr.cpp:11976	Release and source match xyz/color component copies, alpha/scale forwarding, block+0xC string extraction/defaultFileName, and g_AddDebugString.
0x005C22E0	?ThreadDebugNotice@BrocSys@@YAXPBD@Z	V3	PASS	ida-manual-20260827	2026-08-27	src/game/logic/g_scr.cpp:9266	Non-empty thread-debug notice checks the executing thread debug bit and conditionally emits an assert warning.
0x005C22E0	?ThreadDebugNotice@BrocSys@@YAXPBD@Z	V4	PASS	ida-manual-20260827	2026-08-27	IDA:0x005C22E0;src/game/logic/g_scr.cpp:9266	Release and source match mThreadExecuting flag 0x100, assert metadata file/line 1225, IsIgnored gate, and Warning("0x%08x %s", executing thread, msg).
0x005C2340	?Spawn@BrocSys@@YAIABVstring@Broc@@ABUvector@3@W4TPakInfo@@@Z	V3	PASS	ida-manual-20260827	2026-08-27	src/game/logic/g_scr.cpp:11653	Non-empty spawn path validates origin, resolves pak id, initializes entity classname/origin, invokes spawn callbacks, and reports failure.
0x005C2340	?Spawn@BrocSys@@YAIABVstring@Broc@@ABUvector@3@W4TPakInfo@@@Z	V4	PASS	ida-manual-20260827	2026-08-27	IDA:0x005C2340;src/game/logic/g_scr.cpp:11653	Release and source match fpclass undefined-origin warning, PakInfo+0xB4/invalid fallback, G_Spawn, classname/hash/origin/spawnflags stores, post-write vector assert, sNaN assert, G_CallSpawnEntity, handle return, and failure Scr_Error text.
0x005C2590	?SpawnWithFlag@BrocSys@@YAIABVstring@Broc@@ABUvector@3@HW4TPakInfo@@@Z	V3	PASS	ida-manual-20260827	2026-08-27	src/game/logic/g_scr.cpp:11710	Non-empty spawn-with-flags path validates origin, initializes the entity, applies spawn flags, invokes the spawn callback, and reports failure.
0x005C2590	?SpawnWithFlag@BrocSys@@YAIABVstring@Broc@@ABUvector@3@HW4TPakInfo@@@Z	V4	PASS	ida-manual-20260827	2026-08-27	IDA:0x005C2590;src/game/logic/g_scr.cpp:11710	Release and source match fpclass/sNaN origin checks, PakInfo+0xB4 fallback, G_Spawn, classname/hash/origin/spawnflags stores, post-write vector assert, UpdateEntityHash on success, handle return, and failure Scr_Error text.
0x005C27F0	?SpawnWithFlagAndSize@BrocSys@@YAIABVstring@Broc@@ABUvector@3@AAU43@2HW4TPakInfo@@@Z	V3	PASS	ida-manual-20260827	2026-08-27	src/game/logic/g_scr.cpp:11770	Non-empty sized spawn path validates origin, normalizes bounds, initializes entity origin/bounds/spawn flags, invokes the spawn callback, and reports failure.
0x005C27F0	?SpawnWithFlagAndSize@BrocSys@@YAIABVstring@Broc@@ABUvector@3@AAU43@2HW4TPakInfo@@@Z	V4	PASS	ida-manual-20260827	2026-08-27	IDA:0x005C27F0;src/game/logic/g_scr.cpp:11770	Release and source match sNaN/fpclass origin checks, per-axis mins/maxs swap, PakInfo+0xB4 fallback, classname/hash/origin/spawnflags/bounds stores, all three post-write vector asserts, UpdateEntityHash, handle return, and failure Scr_Error text.
0x005C2BF0	?SpawnTriggerMount@BrocSys@@YAIAAUvector@Broc@@0_NW4TPakInfo@@@Z	V3	PASS	ida-manual-20260827	2026-08-27	src/game/logic/g_scr.cpp:7192	Non-empty trigger-mount spawn normalizes bounds, creates the trigger_mount entity, validates bounds, invokes the mount setup, updates hashes, and returns its handle.
0x005C2BF0	?SpawnTriggerMount@BrocSys@@YAIAAUvector@Broc@@0_NW4TPakInfo@@@Z	V4	PASS	ida-manual-20260827	2026-08-27	IDA:0x005C2BF0;src/game/logic/g_scr.cpp:7192	Release and source match per-axis bounds swaps, PakInfo+0xB4 fallback, trigger_mount classname/hash, mins/maxs stores, both Invalid vector assertions, SP_trigger_mount_no_brush, UpdateEntityHash, and mHandle return.
0x005C2E00	?SpawnTurret@BrocSys@@YAIABVstring@Broc@@ABUvector@3@0W4TPakInfo@@@Z	V3	PASS	ida-manual-20260827	2026-08-27	src/game/logic/g_scr.cpp:7254	Non-empty turret spawn validates origin, initializes classname/origin, resolves weapon text, invokes turret setup, updates hashes, and returns the entity handle.
0x005C2E00	?SpawnTurret@BrocSys@@YAIABVstring@Broc@@ABUvector@3@0W4TPakInfo@@@Z	V4	PASS	ida-manual-20260827	2026-08-27	IDA:0x005C2E00;src/game/logic/g_scr.cpp:7254	Release and source match sNaN/fpclass origin gates, PakInfo+0xB4 fallback, classname/hash/origin stores, Invalid vector assertion, weapon block+0xC/default fallback, G_SpawnTurret, UpdateEntityHash, and mHandle return.
0x005C3030	?SpawnTurretWithAngles@BrocSys@@YAIABVstring@Broc@@ABUvector@3@01W4TPakInfo@@@Z	V3	PASS	ida-manual-20260827	2026-08-27	src/game/logic/g_scr.cpp:7307	Non-empty angled-turret spawn validates origin/angles, initializes entity transforms and weapon text, invokes turret setup, updates hashes, and returns the handle.
0x005C3030	?SpawnTurretWithAngles@BrocSys@@YAIABVstring@Broc@@ABUvector@3@01W4TPakInfo@@@Z	V4	PASS	ida-manual-20260827	2026-08-27	IDA:0x005C3030;src/game/logic/g_scr.cpp:7307	Release and source match combined sNaN origin/angles assert, origin fpclass warning, PakInfo+0xB4 fallback, classname/hash/origin/angles stores, both Invalid vector assertions, weapon fallback, G_SpawnTurret, UpdateEntityHash, and mHandle return.
0x005C3340	?MusicPlay@BrocSys@@YAXABVstring@Broc@@@Z	V3	PASS	ida-manual-20260827	2026-08-27	src/game/logic/g_scr.cpp:2659	Non-empty music wrapper resolves managed/default alias text and dispatches MusicMgr::Play.
0x005C3340	?MusicPlay@BrocSys@@YAXABVstring@Broc@@@Z	V4	PASS	ida-manual-20260827	2026-08-27	IDA:0x005C3340;src/game/logic/g_scr.cpp:2659	Release and source match mBlock branch, block+0xC string pointer, defaultFileName fallback, and MusicMgr::Play.
0x005C3370	?MusicIndoorPlay@BrocSys@@YAXABVstring@Broc@@M@Z	V3	PASS	ida-manual-20260827	2026-08-27	src/game/logic/g_scr.cpp:6696	Non-empty indoor-music wrapper resolves managed/default alias text and forwards fade time.
0x005C3370	?MusicIndoorPlay@BrocSys@@YAXABVstring@Broc@@M@Z	V4	PASS	ida-manual-20260827	2026-08-27	IDA:0x005C3370;src/game/logic/g_scr.cpp:6696	Release and source match mBlock branch, block+0xC/defaultFileName, fadeInTime, and MusicMgr::PlayIndoor dispatch.
0x005C33B0	?SoundPlay@BrocSys@@YAIABVstring@Broc@@M@Z	V3	PASS	ida-manual-20260827	2026-08-27	src/game/logic/g_scr.cpp:12766	Non-empty sound-play wrapper resolves alias text, starts a positional-zero sound, scales the returned sound volume, and returns its handle.
0x005C33B0	?SoundPlay@BrocSys@@YAIABVstring@Broc@@M@Z	V4	PASS	ida-manual-20260827	2026-08-27	IDA:0x005C33B0;src/game/logic/g_scr.cpp:12766	Release and source match default/string alias, zero Position3/Dir3 vectors, handle 0, false flags, four -1 parameters, GetSoundForHandle, GetVolume*volume, SetVolume, and handle return.
0x005C3460	?SoundStop@BrocSys@@YAXI@Z	V3	PASS	ida-manual-20260827	2026-08-27	src/game/logic/g_scr.cpp:2390	Non-empty sound-stop wrapper converts the handle and releases the sound.
0x005C3460	?SoundStop@BrocSys@@YAXI@Z	V4	PASS	ida-manual-20260827	2026-08-27	IDA:0x005C3460;src/game/logic/g_scr.cpp:2390	Release and source match SoundDevice::sInst, Handle(handle) conversion, and ReleaseSound dispatch.
0x005C3480	?SoundBusVolIsName@BrocSys@@YA_NABVstring@Broc@@@Z	V3	PASS	ida-manual-20260827	2026-08-27	src/game/logic/g_scr.cpp:2668	Non-empty volume-bus query resolves managed/default bus text and returns the device result.
0x005C3480	?SoundBusVolIsName@BrocSys@@YA_NABVstring@Broc@@@Z	V4	PASS	ida-manual-20260827	2026-08-27	IDA:0x005C3480;src/game/logic/g_scr.cpp:2668	Release and source match mBlock branch, block+0xC/defaultFileName, and SoundDevice::BusVolumeIsName.
0x005C34B0	?SoundBusPitchAddBus@BrocSys@@YAXABVstring@Broc@@@Z	V3	PASS	ida-manual-20260827	2026-08-27	src/game/logic/g_scr.cpp:2677	Non-empty pitch-bus add wrapper resolves managed/default bus text and dispatches to the sound device.
0x005C34B0	?SoundBusPitchAddBus@BrocSys@@YAXABVstring@Broc@@@Z	V4	PASS	ida-manual-20260827	2026-08-27	IDA:0x005C34B0;src/game/logic/g_scr.cpp:2677	Release and source match mBlock branch, block+0xC/defaultFileName, and SoundDevice::BusPitchAddBus.
0x005C34E0	?SoundBusVolAddBus@BrocSys@@YAXABVstring@Broc@@@Z	V3	PASS	ida-manual-20260827	2026-08-27	src/game/logic/g_scr.cpp:2686	Non-empty volume-bus add wrapper resolves managed/default bus text and dispatches to the sound device.
0x005C34E0	?SoundBusVolAddBus@BrocSys@@YAXABVstring@Broc@@@Z	V4	PASS	ida-manual-20260827	2026-08-27	IDA:0x005C34E0;src/game/logic/g_scr.cpp:2686	Release and source match mBlock branch, block+0xC/defaultFileName, and SoundDevice::BusVolumeAddBus.
0x005C3510	?SoundBusPitchRemoveBus@BrocSys@@YAXABVstring@Broc@@@Z	V3	PASS	ida-manual-20260827	2026-08-27	src/game/logic/g_scr.cpp:2695	Non-empty pitch-bus remove wrapper resolves managed/default bus text and dispatches to the sound device.
0x005C3510	?SoundBusPitchRemoveBus@BrocSys@@YAXABVstring@Broc@@@Z	V4	PASS	ida-manual-20260827	2026-08-27	IDA:0x005C3510;src/game/logic/g_scr.cpp:2695	Release and source match mBlock branch, block+0xC/defaultFileName, and SoundDevice::BusPitchRemoveBus.
0x005C3540	?SoundBusVolRemoveBus@BrocSys@@YAXABVstring@Broc@@@Z	V3	PASS	ida-manual-20260827	2026-08-27	src/game/logic/g_scr.cpp:2705	Non-empty volume-bus remove wrapper resolves managed/default bus text and dispatches to the sound device.
0x005C3540	?SoundBusVolRemoveBus@BrocSys@@YAXABVstring@Broc@@@Z	V4	PASS	ida-manual-20260827	2026-08-27	IDA:0x005C3540;src/game/logic/g_scr.cpp:2705	Release and source match mBlock branch, block+0xC/defaultFileName, and SoundDevice::BusVolumeRemoveBus.
0x005C3570	?SoundBusVolFade@BrocSys@@YAXABVstring@Broc@@MM@Z	V3	PASS	ida-manual-20260827	2026-08-27	src/game/logic/g_scr.cpp:2715	Non-empty volume-bus fade wrapper resolves managed/default bus text and forwards pitch/time.
0x005C3570	?SoundBusVolFade@BrocSys@@YAXABVstring@Broc@@MM@Z	V4	PASS	ida-manual-20260827	2026-08-27	IDA:0x005C3570;src/game/logic/g_scr.cpp:2715	Release and source match mBlock branch, block+0xC/defaultFileName, argument order, and SoundDevice::BusVolumeFade.
0x005C35A0	?SoundBusPitchFade@BrocSys@@YAXABVstring@Broc@@MM@Z	V3	PASS	ida-manual-20260827	2026-08-27	src/game/logic/g_scr.cpp:2724	Non-empty pitch-bus fade wrapper resolves managed/default bus text and forwards pitch/time.
0x005C35A0	?SoundBusPitchFade@BrocSys@@YAXABVstring@Broc@@MM@Z	V4	PASS	ida-manual-20260827	2026-08-27	IDA:0x005C35A0;src/game/logic/g_scr.cpp:2724	Release and source match mBlock branch, block+0xC/defaultFileName, argument order, and SoundDevice::BusPitchFade.
0x005C35D0	?ReverbSetParams@BrocSys@@YAXABVstring@Broc@@_N@Z	V3	PASS	ida-manual-20260827	2026-08-27	src/game/logic/g_scr.cpp:6707	Non-empty reverb wrapper resolves managed/default preset text and forwards the immediate flag.
0x005C35D0	?ReverbSetParams@BrocSys@@YAXABVstring@Broc@@_N@Z	V4	PASS	ida-manual-20260827	2026-08-27	IDA:0x005C35D0;src/game/logic/g_scr.cpp:6707	Release and source match mBlock branch, block+0xC/defaultFileName, immediate argument, and SoundDevice::SetReverb.
0x005C3610	?LoadWbk@BrocSys@@YAXABVstring@Broc@@@Z	V3	PASS	ida-manual-20260827	2026-08-27	src/game/logic/g_scr.cpp:6717	Non-empty WBK load wrapper resolves managed/default name, constructs tlFixedString, and loads asynchronously.
0x005C3610	?LoadWbk@BrocSys@@YAXABVstring@Broc@@@Z	V4	PASS	ida-manual-20260827	2026-08-27	IDA:0x005C3610;src/game/logic/g_scr.cpp:6717	Release and source match mBlock+0xC/default fallback, tlFixedString temporary, AudioBankMgr singleton, and async=true LoadWbk.
0x005C3650	?FreeWbk@BrocSys@@YAXABVstring@Broc@@@Z	V3	PASS	ida-manual-20260827	2026-08-27	src/game/logic/g_scr.cpp:6727	Non-empty WBK free wrapper resolves managed/default name, constructs tlFixedString, and frees asynchronously.
0x005C3650	?FreeWbk@BrocSys@@YAXABVstring@Broc@@@Z	V4	PASS	ida-manual-20260827	2026-08-27	IDA:0x005C3650;src/game/logic/g_scr.cpp:6727	Release and source match mBlock+0xC/default fallback, tlFixedString temporary, AudioBankMgr singleton, and async=true FreeWbk.
0x005C3690	?GetTeamFlags@BrocSys@@YAHABVstring@Broc@@0@Z	V3	PASS	ida-manual-20260827	2026-08-27	src/game/logic/g_scr.cpp:9285	Non-empty team flag helper maps axis/allies/neutral to the release masks and reports unknown teams through AeAssert::Error.
0x005C3690	?GetTeamFlags@BrocSys@@YAHABVstring@Broc@@0@Z	V4	PASS	ida-manual-20260827	2026-08-27	IDA:0x005C3690;src/game/logic/g_scr.cpp:9285	Release and source match string comparisons, masks 2/4/8, caller/team default extraction, exact unknown-team error text, and zero return.
0x005C3750	?GetWeaponClassName@BrocSys@@YA?AVstring@Broc@@I@Z	V3	PASS	ida-manual-20260827	2026-08-27	src/game/logic/g_scr.cpp:9312	Non-empty weapon-class helper resolves weapon aliases, returns the Radiant name, and reports unknown/cyclic aliases with an empty fallback string.
0x005C3750	?GetWeaponClassName@BrocSys@@YA?AVstring@Broc@@I@Z	V4	PASS	ida-manual-20260827	2026-08-27	IDA:0x005C3750;src/game/logic/g_scr.cpp:9312	Release and source match BG_GetWeaponIndexForName, zero/sentinel suppression, iAltWeaponIndex traversal/cycle check, warning text, Com_Printf, Radiant-name construction, and defaultFileName return.
0x005C3810	?GetWeaponClassNameStr@BrocSys@@YA?AVstring@Broc@@I@Z	V3	PASS	ida-manual-20260827	2026-08-27	src/game/logic/g_scr.cpp:9350	Non-empty weapon-class-string helper resolves weapon aliases, returns the Radiant name, and reports unknown/cyclic aliases with an empty fallback string.
0x005C3810	?GetWeaponClassNameStr@BrocSys@@YA?AVstring@Broc@@I@Z	V4	PASS	ida-manual-20260827	2026-08-27	IDA:0x005C3810;src/game/logic/g_scr.cpp:9350	Release and source match BG_GetWeaponIndexForName, zero/sentinel suppression, iAltWeaponIndex traversal/cycle check, warning text, Com_Printf, Radiant-name construction, and defaultFileName return.
0x005C3EB0	?MissionFailed@BrocSys@@YAXABVstring@Broc@@@Z	V3	PASS	ida-manual-20260827	2026-08-27	src/game/logic/g_scr.cpp:9388	Non-empty mission-failure wrapper finds the player, invokes respawn, updates mission flags, clears the reason, and resolves the FF STB text.
0x005C3EB0	?MissionFailed@BrocSys@@YAXABVstring@Broc@@@Z	V4	PASS	ida-manual-20260827	2026-08-27	IDA:0x005C3EB0;src/game/logic/g_scr.cpp:9388	Release and source match field offset 640/player hash lookup, flags test, respawn thunk, mission state writes, reason clear, FF string comparison, mBlock+0xC/default fallback, STB lookup, and conditional assignment.
0x005C3F40	?Cinematic1@BrocSys@@YAXABVstring@Broc@@M@Z	V3	PASS	ida-manual-20260827	2026-08-27	src/game/logic/g_scr.cpp:9411	Non-empty cinematic transition wrapper computes exit time, validates it, selects changelevel override, copies nextMap, and marks mission success.
0x005C3F40	?Cinematic1@BrocSys@@YAXABVstring@Broc@@M@Z	V4	PASS	ida-manual-20260827	2026-08-27	IDA:0x005C3F40;src/game/logic/g_scr.cpp:9411	Release and source match reload guard, float-to-ms rounding, negative-time Scr_ParamError, g_changelevel_time override, changelevel flag, mBlock+0xC/default fallback, 256-byte Q_strncpyz, and success flag.
0x005C3FF0	?Cinematic2@BrocSys@@YAXABVstring@Broc@@@Z	V3	PASS	ida-manual-20260827	2026-08-27	src/game/logic/g_scr.cpp:9431	Non-empty cinematic transition wrapper sets changelevel, copies the selected map name, and marks mission success.
0x005C3FF0	?Cinematic2@BrocSys@@YAXABVstring@Broc@@@Z	V4	PASS	ida-manual-20260827	2026-08-27	IDA:0x005C3FF0;src/game/logic/g_scr.cpp:9431	Release and source match reload guard, changelevel/success flags, mBlock+0xC/default fallback, and 256-byte Q_strncpyz.
0x005C4040	?Earthquake@BrocSys@@YAXMMABUvector@Broc@@MH@Z	V3	PASS	ida-manual-20260827	2026-08-27	src/game/logic/g_scr.cpp:11992	Non-empty camera-shake wrapper validates undefined vectors, records the release assert metadata, and forwards scale, rounded duration, source, radius, and client.
0x005C4040	?Earthquake@BrocSys@@YAXMMABUvector@Broc@@MH@Z	V4	PASS	ida-manual-20260827	2026-08-27	IDA:0x005C4040;src/game/logic/g_scr.cpp:11992	Release and source match all-sNaN vector test, JRS/BrocSys.cpp:2672 assertion text, debug-break path, duration rounding, and CG_StartShakeCamera arguments.
0x005C40F0	?BulletTracer@BrocSys@@YAXABUvector@Broc@@0@Z	V3	PASS	ida-manual-20260827	2026-08-27	src/game/logic/g_scr.cpp:12010	Non-empty tracer wrapper validates both endpoints, records release assert metadata, builds two Position3 values, and emits the tracer event.
0x005C40F0	?BulletTracer@BrocSys@@YAXABUvector@Broc@@0@Z	V4	PASS	ida-manual-20260827	2026-08-27	IDA:0x005C40F0;src/game/logic/g_scr.cpp:12010	Release and source match usercall-preserved hidden arguments, endpoint all-sNaN tests, JRS/BrocSys.cpp:2731 assertion, xyz/zero-w construction, and CG_EventSpawnTracer order/argument.
0x005C4230	?MagicBullet@BrocSys@@YAXABVstring@Broc@@ABUvector@3@1@Z	V3	PASS	ida-manual-20260827	2026-08-27	src/game/logic/g_scr.cpp:12038	Non-empty weapon-fire wrapper validates inputs, resolves weapon data, normalizes direction, asserts invalid vectors, handles bullet/grenade cases, fires bullets, and reports unknown names.
0x005C4230	?MagicBullet@BrocSys@@YAXABVstring@Broc@@ABUvector@3@1@Z	V4	PASS	ida-manual-20260827	2026-08-27	IDA:0x005C4230;src/game/logic/g_scr.cpp:12038	Release and source match defined-input assertion metadata, name mBlock+0xC/default fallback, weapon lookup/info, muzzleTrace and forward construction, VectorNormalize, fpclass invalid-vector assert, grenade error, bullet Bullet_Fire/temp-entity weapon write, and unknown-name error.
0x005C44D0	?WeaponFireTime@BrocSys@@YAMABVstring@Broc@@@Z	V3	PASS	ida-manual-20260827	2026-08-27	src/game/logic/g_scr.cpp:12109	Non-empty weapon timing helper resolves the managed/default name, looks up the weapon, and returns fire time in seconds or zero.
0x005C44D0	?WeaponFireTime@BrocSys@@YAMABVstring@Broc@@@Z	V4	PASS	ida-manual-20260827	2026-08-27	IDA:0x005C44D0;src/game/logic/g_scr.cpp:12109	Release and source match mBlock+0xC/default fallback, byte weapon index lookup, info lookup, iFireTime*0.001 conversion, and zero fallback.
0x005C4520	?WeaponClipSize@BrocSys@@YAHABVstring@Broc@@@Z	V3	PASS	ida-manual-20260827	2026-08-27	src/game/logic/g_scr.cpp:6737	Non-empty clip-size helper resolves the weapon, maps it to a clip, and returns ammo clip size or zero.
0x005C4520	?WeaponClipSize@BrocSys@@YAHABVstring@Broc@@@Z	V4	PASS	ida-manual-20260827	2026-08-27	IDA:0x005C4520;src/game/logic/g_scr.cpp:6737	Release and source match mBlock+0xC/default fallback, weapon lookup, BG_ClipForWeapon, BG_GetAmmoClipSize, and zero fallback.
0x005C4560	?WeaponIsSemiAuto@BrocSys@@YAHABVstring@Broc@@@Z	V3	PASS	ida-manual-20260827	2026-08-27	src/game/logic/g_scr.cpp:6749	Non-empty semi-auto helper resolves the weapon and returns its bSemiAuto flag or zero.
0x005C4560	?WeaponIsSemiAuto@BrocSys@@YAHABVstring@Broc@@@Z	V4	PASS	ida-manual-20260827	2026-08-27	IDA:0x005C4560;src/game/logic/g_scr.cpp:6749	Release and source match mBlock+0xC/default fallback, weapon lookup, bSemiAuto field, and zero fallback.
0x005C45A0	?WeaponIsBoltAction@BrocSys@@YAHABVstring@Broc@@@Z	V3	PASS	ida-manual-20260827	2026-08-27	src/game/logic/g_scr.cpp:6761	Non-empty bolt-action helper resolves the weapon and returns its bBoltAction flag or zero.
0x005C45A0	?WeaponIsBoltAction@BrocSys@@YAHABVstring@Broc@@@Z	V4	PASS	ida-manual-20260827	2026-08-27	IDA:0x005C45A0;src/game/logic/g_scr.cpp:6761	Release and source match mBlock+0xC/default fallback, weapon lookup, bBoltAction field, and zero fallback.
0x005C45E0	?WeaponType@BrocSys@@YAXAAVstring@Broc@@ABV23@@Z	V3	PASS	ida-manual-20260827	2026-08-27	src/game/logic/g_scr.cpp:12122	Non-empty weapon-type helper resolves the weapon, translates its type name, assigns output, and returns none for unknown weapons.
0x005C45E0	?WeaponType@BrocSys@@YAXAAVstring@Broc@@ABV23@@Z	V4	PASS	ida-manual-20260827	2026-08-27	IDA:0x005C45E0;src/game/logic/g_scr.cpp:12122	Release and source match mBlock+0xC/default fallback, weapon lookup, none literal, info type field, BG_GetWeaponTypeName, and output assignment.
0x005C4640	?BadPlaceDelete@BrocSys@@YAXABVstring@Broc@@@Z	V3	PASS	ida-manual-20260827	2026-08-27	src/game/logic/g_scr.cpp:12144	Non-empty bad-place delete wrapper validates the name, routes valid names to Path_RemoveBadPlace, and emits the release warning/assert path for empty names.
0x005C4640	?BadPlaceDelete@BrocSys@@YAXABVstring@Broc@@@Z	V4	PASS	ida-manual-20260827	2026-08-27	IDA:0x005C4640;src/game/logic/g_scr.cpp:12144	Release and source match null/-12/empty checks, Path_RemoveBadPlace call, scr_vm.cpp line 16 warning metadata, exact warning text, IsIgnored gate, and debug break.
0x005C46B0	?BadPlaceCylinder@BrocSys@@YAXABVstring@Broc@@MABUvector@3@MM0@Z	V3	PASS	ida-manual-20260827	2026-08-27	src/game/logic/g_scr.cpp:12166	Non-empty cylinder bad-place wrapper computes duration and arc geometry, derives team flags, and routes to Path_MakeArcBadPlace.
0x005C46B0	?BadPlaceCylinder@BrocSys@@YAXABVstring@Broc@@MABUvector@3@MM0@Z	V4	PASS	ida-manual-20260827	2026-08-27	IDA:0x005C46B0;src/game/logic/g_scr.cpp:12166	Release and source match five-parameter ABI, ceil(duration*1000), ori z/y/z mapping, radius/halfheight, 0/360 angles, local badplace_cylinder caller string, GetTeamFlags, destructor, and Path_MakeArcBadPlace arguments.
0x005C47A0	?BadPlaceArcs@BrocSys@@YAXABVstring@Broc@@MABUvector@3@MM1MM0@Z	V3	PASS	ida-manual-20260827	2026-08-27	src/game/logic/g_scr.cpp:12185	Non-empty arc bad-place wrapper computes duration and angles, applies release warnings/normalization, derives team flags, and routes to Path_MakeArcBadPlace.
0x005C47A0	?BadPlaceArcs@BrocSys@@YAXABVstring@Broc@@MABUvector@3@MM1MM0@Z	V4	PASS	ida-manual-20260827	2026-08-27	IDA:0x005C47A0;src/game/logic/g_scr.cpp:12185	Release and source match duration conversion, ori z/y/z mapping, halfheight, vectoyaw, both scr_vm.cpp line 16 warning paths, angle span normalization/360 fallback, local caller string, team flags, cleanup, and Path_MakeArcBadPlace.
0x005C5B60	?SentientScr_SetTeam@BrocSys@@YAXPAUsentient_s@@HPAVstring@Broc@@@Z	V3	PASS	ida-manual-20260827	2026-08-27	src/game/logic/g_scr.cpp:9674	Release-matching guard function is intentionally assertion-only and rejects script team mutation in multiplayer.
0x005C5B60	?SentientScr_SetTeam@BrocSys@@YAXPAUsentient_s@@HPAVstring@Broc@@@Z	V4	PASS	ida-manual-20260827	2026-08-27	IDA:0x005C5B60;src/game/logic/g_scr.cpp:9674	Release and source match ignored parameters, author 0, BrocEntity.cpp line 5605, expression 0, exact assertion text, IsIgnored gate, and debug break.
0x005C6930	?ObjectiveString_NoMessage@BrocSys@@YAXHABVstring@Broc@@HPBD@Z	V3	PASS	ida-manual-20260827	2026-08-27	src/game/logic/g_scr.cpp:10289	Non-empty objective wrapper delegates to ObjectiveStringInternal with update-message disabled and display-child presence derived from pDisplay.
0x005C6930	?ObjectiveString_NoMessage@BrocSys@@YAXHABVstring@Broc@@HPBD@Z	V4	PASS	ida-manual-20260827	2026-08-27	IDA:0x005C6930;src/game/logic/g_scr.cpp:10289	Release and source match argument order, bMakeUpdateMessage=0, pDisplay null test, literal "1", and ObjectiveStringInternal call.
0x005C7BB0	?GetDebugTxt@AeThreadWaitState@@UAEXAAV?$ae_fixed_string@$0EA@E@@@Z	V3	PASS	ida-manual-20260827	2026-08-27	src/game/logic/g_scr.cpp:1280	Non-empty time-wait debug text method appends the release wakeup string and stores the updated fixed-string length.
0x005C7BB0	?GetDebugTxt@AeThreadWaitState@@UAEXAAV?$ae_fixed_string@$0EA@E@@@Z	V4	PASS	ida-manual-20260827	2026-08-27	IDA:0x005C7BB0;src/game/logic/g_scr.cpp:1280	Release and source match capacity 63, current mLength staging, exact "waking up from time wait" text, AeStringSupport::Concat, and length writeback.
0x005C7BE0	?GetDebugTxt@AeThreadWaitFramesState@@UAEXAAV?$ae_fixed_string@$0EA@E@@@Z	V3	PASS	ida-manual-20260827	2026-08-27	src/game/logic/g_scr.cpp:1322	Non-empty frame-wait debug text method appends the release wakeup string and stores the updated fixed-string length.
0x005C7BE0	?GetDebugTxt@AeThreadWaitFramesState@@UAEXAAV?$ae_fixed_string@$0EA@E@@@Z	V4	PASS	ida-manual-20260827	2026-08-27	IDA:0x005C7BE0;src/game/logic/g_scr.cpp:1322	Release and source match capacity 63, current mLength staging, exact "waking up from frame_wait" text, AeStringSupport::Concat, and length writeback.
0x005C7B00	?GetCondText@AeThreadPakNotifyState@@UAEXAAV?$ae_fixed_string@$0EA@E@@@Z	V3	PASS	ida-manual-20260827	2026-08-27	src/game/logic/g_scr.cpp:1359	Non-empty pak-wait condition text method appends the wait prefix and pak long name with fixed-string length updates.
0x005C7B00	?GetCondText@AeThreadPakNotifyState@@UAEXAAV?$ae_fixed_string@$0EA@E@@@Z	V4	PASS	ida-manual-20260827	2026-08-27	IDA:0x005C7B00;src/game/logic/g_scr.cpp:1359	Release and source match ",waitpak " prefix, capacity 63, mPak+0x14 then +0x4 long-name pointer, two Concat calls, and length writebacks.
0x005C7B50	?GetDebugTxt@AeThreadPakNotifyState@@UAEXAAV?$ae_fixed_string@$0EA@E@@@Z	V3	PASS	ida-manual-20260827	2026-08-27	src/game/logic/g_scr.cpp:1372	Non-empty pak-wait debug text method conditionally appends the wakeup prefix and pak long name.
0x005C7B50	?GetDebugTxt@AeThreadPakNotifyState@@UAEXAAV?$ae_fixed_string@$0EA@E@@@Z	V4	PASS	ida-manual-20260827	2026-08-27	IDA:0x005C7B50;src/game/logic/g_scr.cpp:1372	Release and source match mResult==kActionWakeUp, "waking up for " prefix, capacity 63, pak long-name pointer, two Concat calls, and length writebacks.
0x005C8830	?ObjectiveChildAdd1@BrocSys@@YAXHHABVstring@Broc@@@Z	V3	PASS	ida-manual-20260827	2026-08-27	src/game/logic/g_scr.cpp:10742	Non-empty child-objective wrapper validates child index/capacity/duplicate state, creates an empty localized string, and delegates ObjectiveAdd3.
0x005C8830	?ObjectiveChildAdd1@BrocSys@@YAXHHABVstring@Broc@@@Z	V4	PASS	ida-manual-20260827	2026-08-27	IDA:0x005C8830;src/game/logic/g_scr.cpp:10742	Release and source match child>=1 assertion metadata line 197, free/duplicate diagnostics, null Broc string construction/cleanup, ObjectiveAdd3 arguments, and exact error text.
0x005C8950	?ObjectiveAdd1@BrocSys@@YAXHABVstring@Broc@@PBDHH@Z	V3	PASS	ida-manual-20260827	2026-08-27	src/game/logic/g_scr.cpp:10779	Non-empty objective wrapper constructs an empty string and delegates ObjectiveAdd3 with the default display and -1 child fields.
0x005C8950	?ObjectiveAdd1@BrocSys@@YAXHABVstring@Broc@@PBDHH@Z	V4	PASS	ida-manual-20260827	2026-08-27	IDA:0x005C8950;src/game/logic/g_scr.cpp:10779	Release and source match null string construction/cleanup, display "1", all three -1 ObjectiveAdd3 indices, and ignored trailing parameters.
0x005C89C0	?ObjectiveChildAdd2@BrocSys@@YAXHHABVstring@Broc@@HPBD@Z	V3	PASS	ida-manual-20260827	2026-08-27	src/game/logic/g_scr.cpp:10791	Non-empty child-objective localized-string wrapper validates child state, formats and validates the string reference, and delegates ObjectiveAdd3.
0x005C89C0	?ObjectiveChildAdd2@BrocSys@@YAXHHABVstring@Broc@@HPBD@Z	V4	PASS	ida-manual-20260827	2026-08-27	IDA:0x005C89C0;src/game/logic/g_scr.cpp:10791	Release and source match child checks/diagnostics, %d formatting, alnum/underscore validation, parameter-error index 2, Broc string lifetime, display forwarding, and child/order indices.
0x005C8B70	?ObjectiveAdd2@BrocSys@@YAXHABVstring@Broc@@HPBDHH@Z	V3	PASS	ida-manual-20260827	2026-08-27	src/game/logic/g_scr.cpp:10845	Non-empty objective localized-string wrapper formats and validates the reference, then delegates ObjectiveAdd3 with default display/child values.
0x005C8B70	?ObjectiveAdd2@BrocSys@@YAXHABVstring@Broc@@HPBDHH@Z	V4	PASS	ida-manual-20260827	2026-08-27	IDA:0x005C8B70;src/game/logic/g_scr.cpp:10845	Release and source match %d formatting, alnum/underscore validation, scr_vm.cpp line 23 warning path, Broc string lifetime, literal "1", and -1 indices.
0x005C8CA0	?ObjectiveChildAdd6@BrocSys@@YAXHHABVstring@Broc@@HPBD@Z	V3	PASS	ida-manual-20260827	2026-08-27	src/game/logic/g_scr.cpp:10880	Non-empty child-objective localized-string wrapper validates child state/capacity/duplicates, resolves the localized string, and delegates ObjectiveAdd3.
0x005C8CA0	?ObjectiveChildAdd6@BrocSys@@YAXHHABVstring@Broc@@HPBD@Z	V4	PASS	ida-manual-20260827	2026-08-27	IDA:0x005C8CA0;src/game/logic/g_scr.cpp:10880	Release and source match child>=1 line 299 assertion metadata, free/duplicate diagnostics, GetLocalizedString result lifetime, display forwarding, and child/order indices.
0x005C8DC0	?ObjectiveAdd6@BrocSys@@YAXHABVstring@Broc@@HPBDHH@Z	V3	PASS	ida-manual-20260827	2026-08-27	src/game/logic/g_scr.cpp:10918	Non-empty objective localized-string wrapper resolves the string and delegates ObjectiveAdd3 with default display and -1 indices.
0x005C8DC0	?ObjectiveAdd6@BrocSys@@YAXHABVstring@Broc@@HPBDHH@Z	V4	PASS	ida-manual-20260827	2026-08-27	IDA:0x005C8DC0;src/game/logic/g_scr.cpp:10918	Release and source match GetLocalizedString, temporary cleanup, literal "1", all -1 ObjectiveAdd3 indices, and ignored trailing parameters.
0x005C8E30	?ObjectiveChildAdd3@BrocSys@@YAXHHABVstring@Broc@@0PBD@Z	V3	PASS	ida-manual-20260827	2026-08-27	src/game/logic/g_scr.cpp:10930	Non-empty child-objective wrapper validates child state/capacity/duplicates, delegates ObjectiveAdd3, and reports invalid child numbers.
0x005C8E30	?ObjectiveChildAdd3@BrocSys@@YAXHHABVstring@Broc@@0PBD@Z	V4	PASS	ida-manual-20260827	2026-08-27	IDA:0x005C8E30;src/game/logic/g_scr.cpp:10930	Release and source match child>=1 line 333 assertion metadata, free/duplicate diagnostics, direct string forwarding, and ObjectiveAdd3 child/order arguments.
0x005C9340	?SetupAllocator@Block@BackupStack@AeThread@@SAXXZ	V3	PASS	ida-manual-20260827	2026-08-27	src/game/logic/g_scr.cpp:1213	Non-empty backup-stack allocator setup initializes the fixed config array, pushes the release pool configuration, allocates 0x3C bytes, and constructs or clears sAllocator.
0x005C9340	?SetupAllocator@Block@BackupStack@AeThread@@SAXXZ	V4	PASS	ida-manual-20260827	2026-08-27	IDA:0x005C9340;src/game/logic/g_scr.cpp:1213	Release and source match default PoolConfig initialization (including blockAlign 4), m_size clear, blockSize 0x100, blockAlign 0x40, numBlocks 0x190, null block, push_back, mem_heap_malloc(0x3C), flags 1 construction, and null failure store.
0x005C9400	?RegisterBrocInst@AeThread@@QAEXPAXPAVBrocDtorBase@@@Z	V3	PASS	ida-manual-20260827	2026-08-27	src/game/logic/g_scr.cpp:5165	Non-empty stack-range destructor-registration method finds or allocates BrocObjCreated storage, records the instance/vtable pair, and handles allocation failure.
0x005C9400	?RegisterBrocInst@AeThread@@QAEXPAXPAVBrocDtorBase@@@Z	V4	PASS	ida-manual-20260827	2026-08-27	IDA:0x005C9400;src/game/logic/g_scr.cpp:5165	Release and source match stack-range bounds, 15-entry block traversal, 0x80 allocations/linking, null failure return, vtable-only dtor capture, and pair push_back; full-list head assignment was corrected to match release.
0x005C94C0	?RegisterBrocDtor@AeThread@@QAEXPAX@Z	V3	PASS	ida-manual-20260827	2026-08-27	src/game/logic/g_scr.cpp:5218	Non-empty destructor-unregistration method searches registration blocks, removes the matching pair, compacts the list, and releases empty blocks.
0x005C94C0	?RegisterBrocDtor@AeThread@@QAEXPAX@Z	V4	PASS	ida-manual-20260827	2026-08-27	IDA:0x005C94C0;src/game/logic/g_scr.cpp:5218	Release and source match stack bounds, reverse search, ae_array bounds assertion metadata, pair compaction, size decrement, head advance, pool release, heap check, and free fallback.
0x005C9770	?ReleaseHandle@AeThreadManager@@QAEXPAVAeThread@@@Z	V3	PASS	ida-manual-20260827	2026-08-27	src/game/logic/g_scr.cpp:5376	Non-empty thread-handle release method conditionally releases the handle and clears the thread field.
0x005C9770	?ReleaseHandle@AeThreadManager@@QAEXPAVAeThread@@@Z	V4	PASS	ida-manual-20260827	2026-08-27	IDA:0x005C9770;src/game/logic/g_scr.cpp:5376	Release and source match zero-handle guard, manager handle-db offset 0x34, value release, and zero store.
0x005C97A0	?ReleaseHandle@AeThreadManager@@QAEXVHandle@@@Z	V3	PASS	ida-manual-20260827	2026-08-27	src/game/logic/g_scr.cpp:5388	Non-empty handle-value release method conditionally forwards nonzero handles to the manager database.
0x005C97A0	?ReleaseHandle@AeThreadManager@@QAEXVHandle@@@Z	V4	PASS	ida-manual-20260827	2026-08-27	IDA:0x005C97A0;src/game/logic/g_scr.cpp:5388	Release and source match zero-handle guard, manager handle-db offset 0x34, and ReleaseHandle forwarding.
0x005C95F0	?AddThread@AeThreadManager@@QAEXPAVAeThread@@@Z	V3	PASS	ida-manual-20260827	2026-08-27	src/game/logic/g_scr.cpp:5549	Non-empty thread insertion method links a thread into the manager list and preserves the release diagnostic/fatal path when given null.
0x005C95F0	?AddThread@AeThreadManager@@QAEXPAVAeThread@@@Z	V4	PASS	ida-manual-20260827	2026-08-27	IDA:0x005C95F0;src/game/logic/g_scr.cpp:5549	Release and source match null-thread dump, descriptive-string assertion metadata, tlFatal text, sentinel/list linking, tail update, and size increment.
0x005C96D0	?ProcessScriptNotifys@AeThreadManager@@AAEXXZ	V3	PASS	ida-manual-20260827	2026-08-27	src/game/logic/g_scr.cpp:5592	Non-empty pending-notify processor drains the intrusive list, dispatches valid owners, and destroys/releases orphaned notifications.
0x005C96D0	?ProcessScriptNotifys@AeThreadManager@@AAEXXZ	V4	PASS	ida-manual-20260827	2026-08-27	IDA:0x005C96D0;src/game/logic/g_scr.cpp:5592	Release and source match pending-list sentinel guards, erase order, 12-bit index/12-bit generation validation, Entity::AddNotify path, orphan destructor/pool release, and loop termination.
0x005C9850	?GetThread@EndOnScriptNode@@QAEPAVAeThread@@XZ	V3	PASS	ida-manual-20260827	2026-08-27	src/game/logic/g_scr.cpp:5834	Non-empty end-on node lookup resolves a live thread handle or returns null.
0x005C9850	?GetThread@EndOnScriptNode@@QAEPAVAeThread@@XZ	V4	PASS	ida-manual-20260827	2026-08-27	IDA:0x005C9850;src/game/logic/g_scr.cpp:5834	Release and source match low-byte index mask, 256-entry bound, generation shift by 8, handle-db offset 0x34, and null fallback.
0x005C9880	??1AeThreadEntityNotifyState@@UAE@XZ	V3	PASS	ida-manual-20260827	2026-08-27	src/game/logic/g_scr.cpp:5899	Non-empty notify-state destructor removes its end-on node from the owner list when valid and releases the node.
0x005C9880	??1AeThreadEntityNotifyState@@UAE@XZ	V4	PASS	ida-manual-20260827	2026-08-27	IDA:0x005C9880;src/game/logic/g_scr.cpp:5899	Release and source match vtable teardown, entity handle validation, notify-set/end-on list unlink, null guards, allocator release, and base-state destruction.
0x005C9920	?NewAction@AeThreadEntityNotifyState@@UAE?AW4EAction@AeThreadState@@AAVAeThread@@@Z	V3	PASS	ida-manual-20260827	2026-08-27	src/game/logic/g_scr.cpp:5930	Non-empty notify-state action method validates the entity handle, checks the thread flag and matching notify, and returns the release action state.
0x005C9920	?NewAction@AeThreadEntityNotifyState@@UAE?AW4EAction@AeThreadState@@AAVAeThread@@@Z	V4	PASS	ida-manual-20260827	2026-08-27	IDA:0x005C9920;src/game/logic/g_scr.cpp:5930	Release and source match handle index/generation/object checks, flag 0x80, notify-set lookup, finished flag writes, mResult/kActionNone/kActionTerminate returns.
0x005C9B20	?SetProjectileSpeed@BrocSys@@YAXIH@Z	V3	PASS	ida-manual-20260827	2026-08-27	src/game/logic/g_scr.cpp:12349	Non-empty projectile-speed setter validates the entity handle, resolves the current weapon, updates projectile speed, and emits the release bad-entity assertion path.
0x005C9B20	?SetProjectileSpeed@BrocSys@@YAXIH@Z	V4	PASS	ida-manual-20260827	2026-08-27	IDA:0x005C9B20;src/game/logic/g_scr.cpp:12349	Release and source match 0xFFF index/0x540 bound, generation check, weapon/info null guards, iProjectileSpeed store, and BrocSys.cpp line 591 assertion metadata/text.
0x005C9BC0	?SetWeaponPlayerUpOffset@BrocSys@@YAXIM@Z	V3	PASS	ida-manual-20260827	2026-08-27	src/game/logic/g_scr.cpp:12381	Non-empty player weapon offset setter validates the entity, resolves weapon data, stores vProneOfs[2], and emits the release bad-entity assertion path.
0x005C9BC0	?SetWeaponPlayerUpOffset@BrocSys@@YAXIM@Z	V4	PASS	ida-manual-20260827	2026-08-27	IDA:0x005C9BC0;src/game/logic/g_scr.cpp:12381	Release and source match handle validation, weapon/info guards, +0x548 vProneOfs[2] store, and BrocSys.cpp line 609 assertion metadata/text.
0x005C9C60	?FollowCycle@BrocSys@@YAHIH@Z	V3	PASS	ida-manual-20260827	2026-08-27	src/game/logic/g_scr.cpp:12416	Non-empty follow-cycle wrapper resolves a validated entity handle or null and forwards entity/direction to Cmd_FollowCycle_f.
0x005C9C60	?FollowCycle@BrocSys@@YAHIH@Z	V4	PASS	ida-manual-20260827	2026-08-27	IDA:0x005C9C60;src/game/logic/g_scr.cpp:12416	Release and source match 0xFFF index/generation validation, null entity fallback, and Cmd_FollowCycle_f argument order.
0x005C9CA0	?EnableWeapon@BrocSys@@YAXI@Z	V3	PASS	ida-manual-20260827	2026-08-27	src/game/logic/g_scr.cpp:12428	Non-empty player weapon-enable wrapper validates entity/client state, reports invalid callers, and clears the pm_flags disable bit.
0x005C9CA0	?EnableWeapon@BrocSys@@YAXI@Z	V4	PASS	ida-manual-20260827	2026-08-27	IDA:0x005C9CA0;src/game/logic/g_scr.cpp:12428	Release and source match handle validation, ent&&ent->client assertion at line 867, post-assert client dereference, and pm_flags &= ~0x800000.
0x005C9D30	?DisableWeapon@BrocSys@@YAXI@Z	V3	PASS	ida-manual-20260827	2026-08-27	src/game/logic/g_scr.cpp:12450	Non-empty player weapon-disable wrapper validates entity/client state, reports invalid callers, and sets the pm_flags disable bit.
0x005C9D30	?DisableWeapon@BrocSys@@YAXI@Z	V4	PASS	ida-manual-20260827	2026-08-27	IDA:0x005C9D30;src/game/logic/g_scr.cpp:12450	Release and source match handle validation, ent&&ent->client assertion at line 875, post-assert client dereference, and pm_flags |= 0x800000.
0x005C9E40	?ThreadIsThreadAlive@BrocSys@@YA_NI@Z	V3	PASS	ida-manual-20260827	2026-08-27	src/game/logic/g_scr.cpp:12472	Non-empty thread liveness helper bounds-checks the handle index and validates generation/object presence.
0x005C9E40	?ThreadIsThreadAlive@BrocSys@@YA_NI@Z	V4	PASS	ida-manual-20260827	2026-08-27	IDA:0x005C9E40;src/game/logic/g_scr.cpp:12472	Release and source match low-byte index mask, 256 bound, generation shift by 8, handle-db key comparison, object non-null test, and boolean returns.
0x005C9E80	?ThreadKill@BrocSys@@YAXI@Z	V3	PASS	ida-manual-20260827	2026-08-27	src/game/logic/g_scr.cpp:12485	Non-empty thread kill helper resolves a live handle and sets the release kill/finished flag bits.
0x005C9E80	?ThreadKill@BrocSys@@YAXI@Z	V4	PASS	ida-manual-20260827	2026-08-27	IDA:0x005C9E80;src/game/logic/g_scr.cpp:12485	Release and source match low-byte index bound, generation check, object guard, and sequential flags |= 8, |= 0x40, |= 4 stores.
0x005C79D0	??0AeThread@@QAE@PBDH0IPAVAeThreadFunctor@@_N@Z	V3	PASS	ida-manual-20260827	2026-08-27	src/game/logic/g_scr.cpp:5495	Non-empty AeThread constructor initializes intrusive links, owner/functor/flags/handle/state list, Broc list, backup stack, debug metadata, validates the functor, sets creation/scratchpad flags, and increments the manager thread count.
0x005C79D0	??0AeThread@@QAE@PBDH0IPAVAeThreadFunctor@@_N@Z	V4	PASS	ida-manual-20260827	2026-08-27	IDA:0x005C79D0;src/game/logic/g_scr.cpp:5495	Release and source match all field stores and offsets, null-functor assert metadata/text, flag bits 1/0x400, thread-count increment, and constructor cleanup path.
0x005C7C10	??0AeThreadEntityNotifyMatchState@@QAE@V?$DbLinkedHandle@VEntityHandleDb@@VEntity@@@@IIIIW4EAction@AeThreadState@@_N@Z	V3	PASS	ida-manual-20260827	2026-08-27	src/game/logic/g_scr.cpp:23092	Non-empty match-state constructor initializes links/base state/entity handle, four notify/debug arrays, wait mode, event mask, copies labels, and derives the empty-notify mask.
0x005C7C10	??0AeThreadEntityNotifyMatchState@@QAE@V?$DbLinkedHandle@VEntityHandleDb@@VEntity@@@@IIIIW4EAction@AeThreadState@@_N@Z	V4	PASS	ida-manual-20260827	2026-08-27	IDA:0x005C7C10;src/game/logic/g_scr.cpp:23092	Release and source match vtable/base-field initialization, all four label/debug copies, event-mask loop, ae_array bounds-assert metadata, and return behavior.
0x005C7D90	?ThreadGetDebugInfo@BrocSys@@YAXAAVstring@Broc@@00@Z	V3	PASS	ida-manual-20260827	2026-08-27	src/game/logic/g_scr.cpp:12734	Non-empty thread debug-info wrapper derives the basename and line string, copies the executing function name, and formats the executing thread pointer ID.
0x005C7D90	?ThreadGetDebugInfo@BrocSys@@YAXAAVstring@Broc@@00@Z	V4	PASS	ida-manual-20260827	2026-08-27	IDA:0x005C7D90;src/game/logic/g_scr.cpp:12734	Release and source match null-executing-thread behavior, slash scan/substr bounds, default empty filename fallback, formatted strings, output assignments, and temporary string cleanup.
0x005C99A0	?NewAction@AeThreadEntityNotifyTimeoutState@@UAE?AW4EAction@AeThreadState@@AAVAeThread@@@Z	V3	PASS	ida-manual-20260827	2026-08-27	src/game/logic/g_scr.cpp:23062	Non-empty timeout state action validates the entity handle, decrements remaining time, checks the thread notify flag/entity notify, and returns wake/result/none/terminate actions with finished state updates.
0x005C99A0	?NewAction@AeThreadEntityNotifyTimeoutState@@UAE?AW4EAction@AeThreadState@@AAVAeThread@@@Z	V4	PASS	ida-manual-20260827	2026-08-27	IDA:0x005C99A0;src/game/logic/g_scr.cpp:23062	Release and source match 0xFFF handle validation, 0x540 bound, generation/object checks, tick-delta subtraction, notify gating, result selection, and finished/action return paths.
0x005C9A40	?NewAction@AeThreadEntityNotifyMatchState@@UAE?AW4EAction@AeThreadState@@AAVAeThread@@@Z	V3	PASS	ida-manual-20260827	2026-08-27	src/game/logic/g_scr.cpp:23122	Non-empty match action validates the entity, gates on the thread notify flag and notify set, scans four labels, tracks matched bits, and returns none/result/terminate actions.
0x005C9A40	?NewAction@AeThreadEntityNotifyMatchState@@UAE?AW4EAction@AeThreadState@@AAVAeThread@@@Z	V4	PASS	ida-manual-20260827	2026-08-27	IDA:0x005C9A40;src/game/logic/g_scr.cpp:23122	Release and source match entity handle checks, notify-set field access, four-index ae_array calls, wait-for-all masking/label clearing, 0xF completion test, and finished/result stores.
0x005C9DC0	?AssignParameterForNotify@BrocSys@@YA_NIIPAVWaitTilOutput@@@Z	V3	PASS	ida-manual-20260827	2026-08-27	src/game/logic/g_scr.cpp:12836	Non-empty notify parameter assignment validates the entity handle/object/notify set and forwards the notify hash and script output to AssignScriptVariable.
0x005C9DC0	?AssignParameterForNotify@BrocSys@@YA_NIIPAVWaitTilOutput@@@Z	V4	PASS	ida-manual-20260827	2026-08-27	IDA:0x005C9DC0;src/game/logic/g_scr.cpp:12836	Release and source match 0xFFF/0x540 validation, generation and object/notify-set guards, notify-to-HashString aliasing, and final boolean return.
0x005C9E20	?ThreadDebug@BrocSys@@YAXI@Z	V3	PASS	ida-manual-20260827	2026-08-27	src/game/logic/g_scr.cpp:5485	Non-empty thread debug wrapper forwards the supplied thread ID to AeThreadManager::DebugThread.
0x005C9E20	?ThreadDebug@BrocSys@@YAXI@Z	V4	PASS	ida-manual-20260827	2026-08-27	IDA:0x005C9E20;src/game/logic/g_scr.cpp:5485	Release and source match the single manager-instance call, thread-ID argument, void return, and no-op-free implementation.
0x005C97C0	?DebugThread@AeThreadManager@@QAEXI@Z	V3	PASS	ida-manual-20260827	2026-08-27	src/game/logic/g_scr.cpp:5430	Non-empty manager debug helper marks the executing thread for ID 0, searches main and executing thread lists by handle, and applies the debug flag to a matching thread.
0x005C97C0	?DebugThread@AeThreadManager@@QAEXI@Z	V4	PASS	ida-manual-20260827	2026-08-27	IDA:0x005C97C0;src/game/logic/g_scr.cpp:5430	Release and source match ID-0 executing-thread marking, main-list then exec-list traversal, null/end guards, handle comparison, and 0x100 flag store.
0x005CA300	?BrocObjCtor@BrocSys@@YAXPAXPAVBrocDtorBase@@@Z	V3	PASS	ida-manual-20260827	2026-08-27	src/game/logic/g_scr.cpp:5462	Non-empty Broc object constructor hook registers the object and typed destructor with the currently executing thread when present.
0x005CA300	?BrocObjCtor@BrocSys@@YAXPAXPAVBrocDtorBase@@@Z	V4	PASS	ida-manual-20260827	2026-08-27	IDA:0x005CA300;src/game/logic/g_scr.cpp:5462	Release and source match the executing-thread null guard, object/destructor argument order, manager singleton, and RegisterBrocInst call.
0x005CA320	?BrocObjDtor@BrocSys@@YAXPAX@Z	V3	PASS	ida-manual-20260827	2026-08-27	src/game/logic/g_scr.cpp:5470	Non-empty Broc object destructor hook registers the object for deferred destruction on the currently executing thread when present.
0x005CA320	?BrocObjDtor@BrocSys@@YAXPAX@Z	V4	PASS	ida-manual-20260827	2026-08-27	IDA:0x005CA320;src/game/logic/g_scr.cpp:5470	Release and source match the executing-thread null guard, object argument, manager singleton, and RegisterBrocDtor call.
0x005C9ED0	?ThreadEntityNotify@BrocSys@@YAXIH@Z	V3	PASS	ida-manual-20260827	2026-08-27	src/game/logic/g_scr.cpp:6558	Non-empty two-argument entity-notify wrapper allocates and queues the local notify, then executes the entity script handler when the handle resolves.
0x005C9ED0	?ThreadEntityNotify@BrocSys@@YAXIH@Z	V4	PASS	ida-manual-20260827	2026-08-27	IDA:0x005C9ED0;src/game/logic/g_scr.cpp:6558	Release and source match 0x14-byte notify allocation/construction, pending-list insertion, handle validation, resolved-object lookup, and null-parameter script dispatch.
0x005C9F90	?ThreadEntityNotify@BrocSys@@YAXIHI@Z	V3	PASS	ida-manual-20260827	2026-08-27	src/game/logic/g_scr.cpp:6584	Non-empty uint-output notify wrapper allocates the notify/output pair, constructs the output when available, always constructs the notify with the output pointer (including null), and queues it.
0x005C9F90	?ThreadEntityNotify@BrocSys@@YAXIHI@Z	V4	PASS	ida-manual-20260827	2026-08-27	IDA:0x005C9F90;src/game/logic/g_scr.cpp:6584	Release and source match 0x14/0x10 allocations, WaitTilOutputInst1<unsigned int> vtable/data layout, null-output fallback, EntityNotify construction, pending links, and size increment.
0x005CA040	?ThreadEntityNotify@BrocSys@@YAXIHABVstring@Broc@@@Z	V3	PASS	ida-manual-20260827	2026-08-27	src/game/logic/g_scr.cpp:6613	Non-empty string-output notify wrapper allocates the notify/output pair, constructs the string output when available, always constructs the notify with the output pointer (including null), and queues it.
0x005CA040	?ThreadEntityNotify@BrocSys@@YAXIHABVstring@Broc@@@Z	V4	PASS	ida-manual-20260827	2026-08-27	IDA:0x005CA040;src/game/logic/g_scr.cpp:6613	Release and source match 0x14/0x10 allocations, string output construction/data copy, null-output fallback, EntityNotify construction, pending links, and size increment.
0x005CA0F0	?ThreadEntityNotify@BrocSys@@YAXIHH@Z	V3	PASS	ida-manual-20260827	2026-08-27	src/game/logic/g_scr.cpp:6642	Non-empty int-output notify wrapper allocates the notify/output pair, constructs the integer output when available, always constructs the notify with the output pointer (including null), and queues it.
0x005CA0F0	?ThreadEntityNotify@BrocSys@@YAXIHH@Z	V4	PASS	ida-manual-20260827	2026-08-27	IDA:0x005CA0F0;src/game/logic/g_scr.cpp:6642	Release and source match 0x14/0x10 allocations, WaitTilOutputInst1<int> vtable/data layout, null-output fallback, EntityNotify construction, pending links, and size increment.
0x005CA1A0	?ThreadEntityNotify@BrocSys@@YAXIHMI@Z	V3	PASS	ida-manual-20260827	2026-08-27	src/game/logic/g_scr.cpp:6671	Non-empty float/entity-output notify wrapper allocates the notify/output pair, constructs the two-value output when available, always constructs the notify with the output pointer (including null), and queues it.
0x005CA1A0	?ThreadEntityNotify@BrocSys@@YAXIHMI@Z	V4	PASS	ida-manual-20260827	2026-08-27	IDA:0x005CA1A0;src/game/logic/g_scr.cpp:6671	Release and source match 0x14/0x14 allocations, WaitTilOutputInst2<float,unsigned int> field stores, null-output fallback, EntityNotify construction, pending links, and size increment.
0x005CF060	?SetModel@BrocSys@@YAXIABVstring@Broc@@W4TPakInfo@@@Z	V3	PASS	ida-manual-20260827	2026-08-27	src/game/logic/g_scr.cpp:7637	Non-empty model setter validates the entity/model, resolves the pak and AI type, updates model/brush/DObj state, and preserves link state around physics removal.
0x005CF060	?SetModel@BrocSys@@YAXIABVstring@Broc@@W4TPakInfo@@@Z	V4	PASS	ida-manual-20260827	2026-08-27	IDA:0x005CF060;src/game/logic/g_scr.cpp:7637	Release and source match handle/model guards, BrocEntity.cpp line 2963/2967 assertions, pak selection, client physics/link flags, AIType lookup/init fallback, brush/DObj updates, and final link/unlink.
0x005CA340	?SpawnVehicle@BrocSys@@YAIABVstring@Broc@@00ABUvector@3@1W4TPakInfo@@@Z	V3	PASS	ida-manual-20260827	2026-08-27	src/game/logic/g_scr.cpp:7720	Non-empty vehicle spawner validates vectors, derives pak ID, spawns/configures the script vehicle, handles unavailable models, updates entity hash, and returns its handle.
0x005CA340	?SpawnVehicle@BrocSys@@YAIABVstring@Broc@@00ABUvector@3@1W4TPakInfo@@@Z	V4	PASS	ida-manual-20260827	2026-08-27	IDA:0x005CA340;src/game/logic/g_scr.cpp:7720	Release and source match undefined-input assertion, pak-info offset conversion, nonfinite-origin warning path, G_Spawn/model/target/origin/angles/vehicle calls, invalid-vector assertions, failure cleanup, and return handle.
0x005CA260	?AddEventHandler@BrocSys@@YA_NIII@Z	V3	PASS	ida-manual-20260827	2026-08-27	src/game/logic/g_scr.cpp:12861	Non-empty event-handler add wrapper validates the entity handle/object and forwards notify/callback values.
0x005CA260	?AddEventHandler@BrocSys@@YA_NIII@Z	V4	PASS	ida-manual-20260827	2026-08-27	IDA:0x005CA260;src/game/logic/g_scr.cpp:12861	Release and source match 0xFFF/0x540 and generation/object guards plus Entity::AddScriptEvent call and boolean return.
0x005CA2B0	?RemoveEventHandler@BrocSys@@YA_NIII@Z	V3	PASS	ida-manual-20260827	2026-08-27	src/game/logic/g_scr.cpp:12873	Non-empty event-handler remove wrapper validates the entity/object/script-handler chain and forwards notify/callback values.
0x005CA2B0	?RemoveEventHandler@BrocSys@@YA_NIII@Z	V4	PASS	ida-manual-20260827	2026-08-27	IDA:0x005CA2B0;src/game/logic/g_scr.cpp:12873	Release and source match 0xFFF/0x540 and generation/object/script-handler guards plus ScriptEventHandler::RemoveEvent call and boolean return.
0x005CA710	?RadiusDamageFromEnt@BrocSys@@YAXIABUvector@Broc@@MMMH@Z	V3	PASS	ida-manual-20260827	2026-08-27	src/game/logic/g_scr.cpp:12888	Non-empty radius-damage wrapper validates the source entity, latches player-radius-damage state, calls G_RadiusDamage, and restores the state.
0x005CA710	?RadiusDamageFromEnt@BrocSys@@YAXIABUvector@Broc@@MMMH@Z	V4	PASS	ida-manual-20260827	2026-08-27	IDA:0x005CA710;src/game/logic/g_scr.cpp:12888	Release and source match entity handle validation/assert metadata, radius-damage argument order, latch assignment, and post-call reset.
0x005CA7C0	?GetPakEntity@BrocSys@@YA?AW4TPakInfo@@I@Z	V3	PASS	ida-manual-20260827	2026-08-27	src/game/logic/g_scr.cpp:12915	Non-empty pak lookup resolves an entity pak or current pak fallback, queries the pak manager, reports unknown paks, and returns the pak info handle.
0x005CA7C0	?GetPakEntity@BrocSys@@YA?AW4TPakInfo@@I@Z	V4	PASS	ida-manual-20260827	2026-08-27	IDA:0x005CA7C0;src/game/logic/g_scr.cpp:12915	Release and source match entity validation/assert metadata, invalid-pak/current-pak selection, PakManager lookup, unknown-pak assertion, and return value.
0x005CA9F0	?GetEntType@@YAXV?$DbLinkedHandle@VEntityHandleDb@@VEntity@@@@AAVstring@Broc@@@Z	V3	PASS	ida-manual-20260827	2026-08-27	src/game/logic/g_scr.cpp:12956	Non-empty entity-type helper distinguishes none from obstacle/world using the handle and entity flags, assigning the corresponding string.
0x005CA9F0	?GetEntType@@YAXV?$DbLinkedHandle@VEntityHandleDb@@VEntity@@@@AAVstring@Broc@@@Z	V4	PASS	ida-manual-20260827	2026-08-27	IDA:0x005CA9F0;src/game/logic/g_scr.cpp:12956	Release and source match zero-handle none path, 0xFFF/generation lookup, flags 0x4000 classification, and output assignment (including release null-object behavior).
0x005CAA50	?GetPlayerIndex@BrocSys@@YAHI@Z	V3	PASS	ida-manual-20260827	2026-08-27	src/game/logic/g_scr.cpp:12979	Non-empty player-index helper resolves a validated entity or null and forwards it to EntityManager.
0x005CAA50	?GetPlayerIndex@BrocSys@@YAHI@Z	V4	PASS	ida-manual-20260827	2026-08-27	IDA:0x005CAA50;src/game/logic/g_scr.cpp:12979	Release and source match low-12-bit index, 0x540/generation guards, null fallback, EntityManager singleton, and return value.
0x005CAA90	?GetExtendedEntity@BrocSys@@YAPAXI@Z	V3	PASS	ida-manual-20260827	2026-08-27	src/game/logic/g_scr.cpp:12990	Non-empty extended-entity helper validates the handle, lazily creates the extension through the Broc export when absent, and returns the stored pointer.
0x005CAA90	?GetExtendedEntity@BrocSys@@YAPAXI@Z	V4	PASS	ida-manual-20260827	2026-08-27	IDA:0x005CAA90;src/game/logic/g_scr.cpp:12990	Release and source match handle/object guards, +0x458 extended pointer, gpBrocAPI export lookup at +0xBEC, null callback fallback, and cached return.
0x005CAB00	?Scr_SetModel@BrocSys@@YAXPAVEntity@@HPAVstring@Broc@@@Z	V3	PASS	ida-manual-20260827	2026-08-27	src/game/logic/g_scr.cpp:13011	Non-empty script model getter reads the first DObj model, validates its pak, and copies the model name when present.
0x005CAB00	?Scr_SetModel@BrocSys@@YAXPAVEntity@@HPAVstring@Broc@@@Z	V4	PASS	ida-manual-20260827	2026-08-27	IDA:0x005CAB00;src/game/logic/g_scr.cpp:13011	Release and source match entity DObj/model guards, pak validation calls, first-model fields, name assignment, and ignored offset parameter.
0x005CAB50	?GetEntByNum@BrocSys@@YAIH@Z	V3	PASS	ida-manual-20260827	2026-08-27	src/game/logic/g_scr.cpp:13208	Non-empty entity-number helper validates the signed entity number/index/generation and returns the live entity handle or zero.
0x005CAB50	?GetEntByNum@BrocSys@@YAIH@Z	V4	PASS	ida-manual-20260827	2026-08-27	IDA:0x005CAB50;src/game/logic/g_scr.cpp:13208	Release and source match signed 0x540 bound, low-12-bit index, generation/object checks, live-handle return, and zero fallback.
0x005CABA0	?DrawTracer@BrocSys@@YAXI@Z	V3	PASS	ida-manual-20260827	2026-08-27	src/game/logic/g_scr.cpp:13221	Non-empty tracer wrapper validates the supplied entity and emits the release null-entity assertion when invalid.
0x005CABA0	?DrawTracer@BrocSys@@YAXI@Z	V4	PASS	ida-manual-20260827	2026-08-27	IDA:0x005CABA0;src/game/logic/g_scr.cpp:13221	Release and source match handle validation, BrocEntity.cpp line 931 assertion metadata/text, and void return.
0x005CAC20	?EffectEventWeaponPlay@BrocSys@@YAHII@Z	V3	PASS	ida-manual-20260827	2026-08-27	src/game/logic/g_scr.cpp:13238	Non-empty weapon effect wrapper validates the entity/client, maps action 0/1/2 to the release weapon actions, and returns the effect handle or -1.
0x005CAC20	?EffectEventWeaponPlay@BrocSys@@YAHII@Z	V4	PASS	ida-manual-20260827	2026-08-27	IDA:0x005CAC20;src/game/logic/g_scr.cpp:13238	Release and source match entity/client guards, weapon classname lookup, action mapping to 0x1F/0x20/0x21, PostEffectEventWeapon arguments, and invalid-action return.
0x005CAD10	?EffectEventPlay@BrocSys@@YAHIABVstring@Broc@@H_N_N@Z	V3	PASS	ida-manual-20260827	2026-08-27	src/game/logic/g_scr.cpp:13279	Non-empty entity effect-play wrapper validates script/entity, handles duplicate sound waits, registers notify waits, and posts the script effect or returns -1.
0x005CAD10	?EffectEventPlay@BrocSys@@YAHIABVstring@Broc@@H_N_N@Z	V4	PASS	ida-manual-20260827	2026-08-27	IDA:0x005CAD10;src/game/logic/g_scr.cpp:13279	Release and source match string-empty checks, assertion metadata, handle/entity validation, duplicate-notify skip, notify registration, queue=false post, important flag, and failure return.
0x005CAE70	?EffectEventPlayNonEnt@BrocSys@@YAHABVstring@Broc@@ABUvector@3@1_NIH@Z	V3	PASS	ida-manual-20260827	2026-08-27	src/game/logic/g_scr.cpp:13346	Non-empty non-entity effect-play wrapper validates script, resolves an optional entity/world fallback, prevents duplicate waits, registers notify waits, and posts position/facing data.
0x005CAE70	?EffectEventPlayNonEnt@BrocSys@@YAHABVstring@Broc@@ABUvector@3@1_NIH@Z	V4	PASS	ida-manual-20260827	2026-08-27	IDA:0x005CAE70;src/game/logic/g_scr.cpp:13346	Release and source match script guards/asserts, optional handle resolution and invalid-entity diagnostic, sound-notify suppression, world fallback, vectors, queue=false, pak, and important forwarding.
0x005CB000	?EffectEventPlayDir@BrocSys@@YAHIABVstring@Broc@@ABUvector@3@H_N@Z	V3	PASS	ida-manual-20260827	2026-08-27	src/game/logic/g_scr.cpp:13419	Non-empty directed effect-play wrapper validates script/entity, suppresses duplicate waits, registers notify waits, and posts the direction vector.
0x005CB000	?EffectEventPlayDir@BrocSys@@YAHIABVstring@Broc@@ABUvector@3@H_N@Z	V4	PASS	ida-manual-20260827	2026-08-27	IDA:0x005CB000;src/game/logic/g_scr.cpp:13419	Release and source match ignored bool parameter, script/entity guards/asserts, duplicate-notify suppression, notify registration, script ID, direction pointer, queue=false, and returns.
0x005CB140	?EffectEventQueue@BrocSys@@YAHIABVstring@Broc@@H_N_N@Z	V3	PASS	ida-manual-20260827	2026-08-27	src/game/logic/g_scr.cpp:13474	Non-empty queued effect wrapper validates script/entity, registers optional waits, and posts the effect with queue enabled.
0x005CB140	?EffectEventQueue@BrocSys@@YAHIABVstring@Broc@@H_N_N@Z	V4	PASS	ida-manual-20260827	2026-08-27	IDA:0x005CB140;src/game/logic/g_scr.cpp:13474	Release and source match ignored stoppable parameter, script guards/asserts, handle/entity checks, notify registration, queue=true, important forwarding, and failure diagnostic.
0x005CB280	?EffectEventQueueDialog@BrocSys@@YAHIABVstring@Broc@@H_N@Z	V3	PASS	ida-manual-20260827	2026-08-27	src/game/logic/g_scr.cpp:13531	Non-empty dialog-queue wrapper validates script/entity and posts the dialog effect or emits the entity diagnostic and returns -1.
0x005CB280	?EffectEventQueueDialog@BrocSys@@YAHIABVstring@Broc@@H_N@Z	V4	PASS	ida-manual-20260827	2026-08-27	IDA:0x005CB280;src/game/logic/g_scr.cpp:13531	Release and source match ignored bool parameter, string guards/asserts, entity generation/object checks, PostEffectEventQueueDialog arguments, assertion metadata, and failure return.
0x005CB390	?DialogPlay@BrocSys@@YAHIABVstring@Broc@@H_N@Z	V3	PASS	ida-manual-20260827	2026-08-27	src/game/logic/g_scr.cpp:13580	Non-empty dialog playback wrapper validates entity/script, handles overlap and existing sound waits, resolves wave/audio playback, stores dialog notify, and notifies on failure.
0x005CB390	?DialogPlay@BrocSys@@YAHIABVstring@Broc@@H_N@Z	V4	PASS	ida-manual-20260827	2026-08-27	IDA:0x005CB390;src/game/logic/g_scr.cpp:13580	Release and source match invalid-entity world notify, script-empty fallback, overlap assertion/flags, wave lookup, origin/zero-direction playback, sound assertion, dialog hash store, and return paths.
0x005CB5C0	?EntityExists@BrocSys@@YAHI@Z	V3	PASS	ida-manual-20260827	2026-08-27	src/game/logic/g_scr.cpp:13654	Non-empty entity-exists helper checks index bound, generation, and live object presence.
0x005CB5C0	?EntityExists@BrocSys@@YAHI@Z	V4	PASS	ida-manual-20260827	2026-08-27	IDA:0x005CB5C0;src/game/logic/g_scr.cpp:13654	Release and source match 0xFFF mask, 0x540 bound, generation comparison, object non-null test, and boolean result.
0x005CB600	?EntityIsAlive@BrocSys@@YAHI@Z	V3	PASS	ida-manual-20260827	2026-08-27	src/game/logic/g_scr.cpp:13663	Non-empty alive-state helper validates the entity, checks actor Physics.bIsAlive when present, otherwise checks positive health.
0x005CB600	?EntityIsAlive@BrocSys@@YAHI@Z	V4	PASS	ida-manual-20260827	2026-08-27	IDA:0x005CB600;src/game/logic/g_scr.cpp:13663	Release and source match handle/generation/object guards, actor branch, Physics.bIsAlive field, health fallback, and zero/one returns.
0x005CB660	?EntityIsWounded@BrocSys@@YAHI@Z	V3	PASS	ida-manual-20260827	2026-08-27	src/game/logic/g_scr.cpp:13688	Non-empty wounded-state helper validates the entity and actor, then checks the actor state at its current state level.
0x005CB660	?EntityIsWounded@BrocSys@@YAHI@Z	V4	PASS	ida-manual-20260827	2026-08-27	IDA:0x005CB660;src/game/logic/g_scr.cpp:13688	Release and source match handle/generation/object/actor guards, eState indexed by iStateLevel, AIS_WOUNDED comparison, and boolean return.
0x005CB6B0	?EntityIsPlayer@BrocSys@@YAHI@Z	V3	PASS	ida-manual-20260827	2026-08-27	src/game/logic/g_scr.cpp:13700	Non-empty player predicate validates the entity handle and returns true only for a live client entity.
0x005CB6B0	?EntityIsPlayer@BrocSys@@YAHI@Z	V4	PASS	ida-manual-20260827	2026-08-27	IDA:0x005CB6B0;src/game/logic/g_scr.cpp:13700	Release and source match low-12-bit index, 0x540/generation guards, object/client tests, and BOOL false/true paths.
0x005CB700	?EntityIsAI@BrocSys@@YAHI@Z	V3	PASS	ida-manual-20260827	2026-08-27	src/game/logic/g_scr.cpp:13714	Non-empty AI predicate validates the entity handle and returns true only for a live actor entity.
0x005CB700	?EntityIsAI@BrocSys@@YAHI@Z	V4	PASS	ida-manual-20260827	2026-08-27	IDA:0x005CB700;src/game/logic/g_scr.cpp:13714	Release and source match low-12-bit index, 0x540/generation guards, object/actor tests, and BOOL false/true paths.
0x005CB750	?EntityIsSentient@BrocSys@@YAHI@Z	V3	PASS	ida-manual-20260827	2026-08-27	src/game/logic/g_scr.cpp:13728	Non-empty sentient predicate validates the entity handle and returns true only for a live sentient entity.
0x005CB750	?EntityIsSentient@BrocSys@@YAHI@Z	V4	PASS	ida-manual-20260827	2026-08-27	IDA:0x005CB750;src/game/logic/g_scr.cpp:13728	Release and source match low-12-bit index, 0x540/generation guards, object/sentient tests, and BOOL false/true paths.
0x005CB7A0	?EntityIsVehicle@BrocSys@@YAHI@Z	V3	PASS	ida-manual-20260827	2026-08-27	src/game/logic/g_scr.cpp:13742	Non-empty vehicle predicate validates the entity handle and returns true only for a live script-vehicle entity.
0x005CB7A0	?EntityIsVehicle@BrocSys@@YAHI@Z	V4	PASS	ida-manual-20260827	2026-08-27	IDA:0x005CB7A0;src/game/logic/g_scr.cpp:13742	Release and source match low-12-bit index, 0x540/generation guards, object/scr_vehicle tests, and BOOL false/true paths.
0x005CB7F0	?EntityIsVehicleTank@BrocSys@@YAHI@Z	V3	PASS	ida-manual-20260827	2026-08-27	src/game/logic/g_scr.cpp:13756	Non-empty tank predicate validates the entity handle/vehicle and delegates tank classification to IsVehicleTank.
0x005CB7F0	?EntityIsVehicleTank@BrocSys@@YAHI@Z	V4	PASS	ida-manual-20260827	2026-08-27	IDA:0x005CB7F0;src/game/logic/g_scr.cpp:13756	Release and source match low-12-bit index, 0x540/generation guards, object/scr_vehicle tests, IsVehicleTank call, and BOOL false/true paths.
0x005CC050	?StopAnimScripted@BrocSys@@YAXI@Z	V3	PASS	ida-manual-20260827	2026-08-27	src/game/logic/g_scr.cpp:13783	Non-empty scripted-animation stop helper validates the entity, clears scripted actor state, resolves the anim tree, blends out or resets the animation, frees scripted data, and clears the pointer.
0x005CC050	?StopAnimScripted@BrocSys@@YAXI@Z	V4	PASS	ida-manual-20260827	2026-08-27	IDA:0x005CC050;src/game/logic/g_scr.cpp:13783	Release and source match handle/object/actor guards, scripted state test, anim-tree assertion, flag clear, blend-time weight calls, heap free, and pointer nulling.
0x005CC1A0	?StartBlankState@BrocSys@@YAXI@Z	V3	PASS	ida-manual-20260827	2026-08-27	src/game/logic/g_scr.cpp:13837	Non-empty blank-state start helper validates the entity/actor and invokes the release actor and blank-state transitions.
0x005CC1A0	?StartBlankState@BrocSys@@YAXI@Z	V4	PASS	ida-manual-20260827	2026-08-27	IDA:0x005CC1A0;src/game/logic/g_scr.cpp:13837	Release and source match handle/object/actor guards and both nullsub-backed actor/state calls.
0x005CC1F0	?StopBlankState@BrocSys@@YAXI@Z	V3	PASS	ida-manual-20260827	2026-08-27	src/game/logic/g_scr.cpp:13857	Non-empty blank-state stop helper validates the entity/actor, transitions blank actors to exposed, and reports the release old-cod assertion otherwise.
0x005CC1F0	?StopBlankState@BrocSys@@YAXI@Z	V4	PASS	ida-manual-20260827	2026-08-27	IDA:0x005CC1F0;src/game/logic/g_scr.cpp:13857	Release and source match handle/object/actor guards, AIS_BLANK test, exposed transition, assertion metadata/text, and no-op actor path.
0x005CC290	?ResetAnimVariationChunkState@BrocSys@@YAXII@Z	V3	PASS	ida-manual-20260827	2026-08-27	src/game/logic/g_scr.cpp:13892	Non-empty animation-variation reset helper validates the entity/tree/index, warns for -1, checks tree consistency, sets the debug entity, and resets the variation chunk state.
0x005CC290	?ResetAnimVariationChunkState@BrocSys@@YAXII@Z	V4	PASS	ida-manual-20260827	2026-08-27	IDA:0x005CC290;src/game/logic/g_scr.cpp:13892	Release and source match handle/object guards, -1 warning, tree-count Scr_Error, anim-tree identity assertion, debug entity assignment, and reset call.
0x005CC3B0	?GetInVehicle1@BrocSys@@YAXII_N00@Z	V3	PASS	ida-manual-20260827	2026-08-27	src/game/logic/g_scr.cpp:13939	Non-empty vehicle-entry helper validates self/target entities, actor and vehicle state, and reports the release script errors for invalid combinations.
0x005CC3B0	?GetInVehicle1@BrocSys@@YAXII_N00@Z	V4	PASS	ida-manual-20260827	2026-08-27	IDA:0x005CC3B0;src/game/logic/g_scr.cpp:13939	Release and source match ignored bool parameters, self/target handle generation checks, actor/scr_vehicle/G_GetVehicleInfo branches, and exact Scr_Error text.
0x005CC4C0	?GetInVehicle2@BrocSys@@YAXIII_N@Z	V3	PASS	ida-manual-20260827	2026-08-27	src/game/logic/g_scr.cpp:13993	Non-empty alternate vehicle-entry helper validates self/actor/current vehicle, falls back to target lookup, and reports invalid target/vehicle errors.
0x005CC4C0	?GetInVehicle2@BrocSys@@YAXIII_N@Z	V4	PASS	ida-manual-20260827	2026-08-27	IDA:0x005CC4C0;src/game/logic/g_scr.cpp:13993	Release and source match ignored desire/lock parameters, actor vehicle handle validation, target fallback lookup, vehicle-info checks, and error text.
0x005CC5E0	?GetOutVehicle@BrocSys@@YAXI@Z	V3	PASS	ida-manual-20260827	2026-08-27	src/game/logic/g_scr.cpp:14052	Non-empty vehicle-exit helper validates the entity, sets actor seat-exit request, or reports actor/handle errors.
0x005CC5E0	?GetOutVehicle@BrocSys@@YAXI@Z	V4	PASS	ida-manual-20260827	2026-08-27	IDA:0x005CC5E0;src/game/logic/g_scr.cpp:14052	Release and source match handle/object/actor guards, bVehicleSeatExitRequest store, scr_vm warning metadata/text, and Scr_Error path.
0x005CC680	?SceneGetOutVehicle@BrocSys@@YAXI@Z	V3	PASS	ida-manual-20260827	2026-08-27	src/game/logic/g_scr.cpp:14083	Non-empty scene vehicle-exit helper validates the entity, unlinks when required, sets immediate seat exit, or reports actor/handle errors.
0x005CC680	?SceneGetOutVehicle@BrocSys@@YAXI@Z	V4	PASS	ida-manual-20260827	2026-08-27	IDA:0x005CC680;src/game/logic/g_scr.cpp:14083	Release and source match handle/object/actor guards, eFlags 0x100000 unlink condition, bVehicleSeatImmediate store, scr_vm warning metadata/text, and Scr_Error path.
0x005CC730	?StartInVehicle1@BrocSys@@YAXII_N00@Z	V3	PASS	ida-manual-20260827	2026-08-27	src/game/logic/g_scr.cpp:14116	Non-empty vehicle-start helper delegates entry validation, then validates self/actor and sets immediate seat entry or reports errors.
0x005CC730	?StartInVehicle1@BrocSys@@YAXII_N00@Z	V4	PASS	ida-manual-20260827	2026-08-27	IDA:0x005CC730;src/game/logic/g_scr.cpp:14116	Release and source match delegated argument order, self/actor handle checks, bVehicleSeatImmediate store, and warning/error paths.
0x005CC7E0	?StartInVehicle2@BrocSys@@YAXIII_N@Z	V3	PASS	ida-manual-20260827	2026-08-27	src/game/logic/g_scr.cpp:14147	Non-empty alternate vehicle-start helper delegates entry validation, then validates self/actor and sets immediate seat entry or reports errors.
0x005CC7E0	?StartInVehicle2@BrocSys@@YAXIII_N@Z	V4	PASS	ida-manual-20260827	2026-08-27	IDA:0x005CC7E0;src/game/logic/g_scr.cpp:14147	Release and source match delegated argument order, self/actor handle checks, bVehicleSeatImmediate store, and warning/error paths.
0x005CCC50	?StartFollowBehavior@BrocSys@@YAXII@Z	V3	PASS	ida-manual-20260827	2026-08-27	src/game/logic/g_scr.cpp:14178	Non-empty follow-start helper validates self/target handles and actor/vehicle state, assigns the follow target, acquires a vehicle slot, transitions follow state, and reports invalid inputs.
0x005CCC50	?StartFollowBehavior@BrocSys@@YAXII@Z	V4	PASS	ida-manual-20260827	2026-08-27	IDA:0x005CCC50;src/game/logic/g_scr.cpp:14178	Release and source match self/target generation/object checks, actor/scr_vehicle branches, pFollowTarget store, VEH_AcquirePlayerFollowSlot call, AIS_FOLLOW transition, assertion metadata, and script errors.
0x005CCDB0	?StopFollowBehavior@BrocSys@@YAXI@Z	V3	PASS	ida-manual-20260827	2026-08-27	src/game/logic/g_scr.cpp:14245	Non-empty follow-stop helper validates the entity/actor, transitions to the setable state, and reports actor/handle errors.
0x005CCDB0	?StopFollowBehavior@BrocSys@@YAXI@Z	V4	PASS	ida-manual-20260827	2026-08-27	IDA:0x005CCDB0;src/game/logic/g_scr.cpp:14245	Release and source match handle/object/actor guards, AIS_SETABLE_FIRST transition, scr_vm warning metadata/text, and Scr_Error path.
0x005CCE50	?SetFollowFormationData@BrocSys@@YAXIIMMM@Z	V3	PASS	ida-manual-20260827	2026-08-27	src/game/logic/g_scr.cpp:14272	Non-empty follow-formation setter validates the target vehicle, lazily allocates/constructs follow data, stores columns/spacing/distance, and fills history.
0x005CCE50	?SetFollowFormationData@BrocSys@@YAXIIMMM@Z	V4	PASS	ida-manual-20260827	2026-08-27	IDA:0x005CCE50;src/game/logic/g_scr.cpp:14272	Release and source match target validation, pak selection, 0x418 MemAlloc, vehicle_follow construction/null behavior, all four field stores, history fill, and script errors.
0x005CCFB0	?ResetVehicleFollowPositionHistoryData@BrocSys@@YAXI@Z	V3	PASS	ida-manual-20260827	2026-08-27	src/game/logic/g_scr.cpp:14326	Non-empty follow-history reset validates the target vehicle and fills its history buffer or reports invalid target/vehicle errors.
0x005CCFB0	?ResetVehicleFollowPositionHistoryData@BrocSys@@YAXI@Z	V4	PASS	ida-manual-20260827	2026-08-27	IDA:0x005CCFB0;src/game/logic/g_scr.cpp:14326	Release and source match handle/object/scr_vehicle guards, VEH_FillFollowHistoryBuffer call, scr_vm warning metadata/text, and vehicle error.
0x005CD050	?Attach1@BrocSys@@YAXIABVstring@Broc@@0_NW4TPakInfo@@@Z	V3	PASS	ida-manual-20260827	2026-08-27	src/game/logic/g_scr.cpp:14355	Non-empty attach helper resolves the pak, detaches an existing matching attachment, warns on duplicate/null names, attaches the model with collision mode, and reports capacity errors.
0x005CD050	?Attach1@BrocSys@@YAXIABVstring@Broc@@0_NW4TPakInfo@@@Z	V4	PASS	ida-manual-20260827	2026-08-27	IDA:0x005CD050;src/game/logic/g_scr.cpp:14355	Release and source match model/tag guards, pak-info offset, duplicate detach/warning, G_EntAttach argument order, null-name warning, and maximum-model Scr_Error.
0x005CD1D0	?Attach2@BrocSys@@YAXIABVstring@Broc@@0W4TPakInfo@@@Z	V3	PASS	ida-manual-20260827	2026-08-27	src/game/logic/g_scr.cpp:14424	Non-empty attach overload delegates to Attach1 with collision ignored.
0x005CD1D0	?Attach2@BrocSys@@YAXIABVstring@Broc@@0W4TPakInfo@@@Z	V4	PASS	ida-manual-20260827	2026-08-27	IDA:0x005CD1D0;src/game/logic/g_scr.cpp:14424	Release and source match Attach1 target/model/tag/pak arguments and false ignoreCollision flag.
0x005CD1F0	?Attach3@BrocSys@@YAXIABVstring@Broc@@@Z	V3	PASS	ida-manual-20260827	2026-08-27	src/game/logic/g_scr.cpp:14432	Non-empty attach convenience overload creates an empty tag string and delegates with invalid pak info.
0x005CD1F0	?Attach3@BrocSys@@YAXIABVstring@Broc@@@Z	V4	PASS	ida-manual-20260827	2026-08-27	IDA:0x005CD1F0;src/game/logic/g_scr.cpp:14432	Release and source match temporary string construction/destruction, empty tag argument, false collision flag, and INVALID_PAK_INFO.
0x005CD260	?Detach1@BrocSys@@YAXIABVstring@Broc@@0@Z	V3	PASS	ida-manual-20260827	2026-08-27	src/game/logic/g_scr.cpp:14441	Non-empty detach helper validates the entity/model, ignores the "none" sentinel, detaches the model/tag, dumps current attachments on failure, and reports the release warning.
0x005CD260	?Detach1@BrocSys@@YAXIABVstring@Broc@@0@Z	V4	PASS	ida-manual-20260827	2026-08-27	IDA:0x005CD260;src/game/logic/g_scr.cpp:14441	Release and source match handle/model checks, "none" comparison, G_EntDetach arguments, seven-slot attachment walk/pak validation, diagnostic formatting, and assertion metadata.
0x005CD3D0	?Detach2@BrocSys@@YAXIABVstring@Broc@@@Z	V3	PASS	ida-manual-20260827	2026-08-27	src/game/logic/g_scr.cpp:14512	Non-empty detach convenience overload creates an empty tag string and delegates to Detach1.
0x005CD3D0	?Detach2@BrocSys@@YAXIABVstring@Broc@@@Z	V4	PASS	ida-manual-20260827	2026-08-27	IDA:0x005CD3D0;src/game/logic/g_scr.cpp:14512	Release and source match temporary string construction/destruction and Detach1 argument order.
0x005CD430	?DetachAll@BrocSys@@YAXI@Z	V3	PASS	ida-manual-20260827	2026-08-27	src/game/logic/g_scr.cpp:14520	Non-empty detach-all helper validates the entity handle and calls G_EntDetachAll for a live object.
0x005CD430	?DetachAll@BrocSys@@YAXI@Z	V4	PASS	ida-manual-20260827	2026-08-27	IDA:0x005CD430;src/game/logic/g_scr.cpp:14520	Release and source match low-12-bit index/generation/object guards and G_EntDetachAll call.
0x005CD470	?GetAttachSize@BrocSys@@YAHI@Z	V3	PASS	ida-manual-20260827	2026-08-27	src/game/logic/g_scr.cpp:14531	Non-empty attachment-size helper validates the entity, scans up to seven model slots with pak validation, and returns the contiguous attachment count.
0x005CD470	?GetAttachSize@BrocSys@@YAHI@Z	V4	PASS	ida-manual-20260827	2026-08-27	IDA:0x005CD470;src/game/logic/g_scr.cpp:14531	Release and source match handle/object guards, seven-slot loop, model value termination, ValidatePakId calls, and count return.
0x005CD4E0	?GetAttachModelName@BrocSys@@YAXIABVstring@Broc@@I@Z	V3	PASS	ida-manual-20260827	2026-08-27	src/game/logic/g_scr.cpp:14560	Non-empty attachment-name getter validates the entity/index/model slot, reports bad indices, validates pak state, and copies the model name.
0x005CD4E0	?GetAttachModelName@BrocSys@@YAXIABVstring@Broc@@I@Z	V4	PASS	ida-manual-20260827	2026-08-27	IDA:0x005CD4E0;src/game/logic/g_scr.cpp:14560	Release and source match index bound 7, handle/object guards, bad-index warning metadata, pak validation, model-value guard, and output assignment.
0x005CD5C0	?GetAttachTagName@BrocSys@@YAXIAAVstring@Broc@@H@Z	V3	PASS	ida-manual-20260827	2026-08-27	src/game/logic/g_scr.cpp:14590	Attachment-tag getter validates handle/object and model index, reports invalid attachment state, checks legacy non-empty tag assertion, and copies the tag.
0x005CD5C0	?GetAttachTagName@BrocSys@@YAXIAAVstring@Broc@@H@Z	V4	PASS	ida-manual-20260827	2026-08-27	IDA:0x005CD5C0;src/game/logic/g_scr.cpp:14590	Release and source match handle/generation guards, seven-slot validation, warning/assert metadata, tag block check, and output assignment.
0x005CD6E0	?GetAttachIgnoreCollision@BrocSys@@YA_NIH@Z	V3	PASS	ida-manual-20260827	2026-08-27	src/game/logic/g_scr.cpp:14639	Attachment collision-mask getter validates the entity and slot, warns on invalid model/index, and returns the indexed ignore-collision bit.
0x005CD6E0	?GetAttachIgnoreCollision@BrocSys@@YA_NIH@Z	V4	PASS	ida-manual-20260827	2026-08-27	IDA:0x005CD6E0;src/game/logic/g_scr.cpp:14639	Release and source match early false guards, seven-slot warning path, pak validation, and bit-mask result.
0x005CD7A0	?LinkTo1@BrocSys@@YAXIIABVstring@Broc@@ABUvector@3@1_N@Z	V3	PASS	ida-manual-20260827	2026-08-27	src/game/logic/g_scr.cpp:14665	Offset link wrapper validates both entities, checks link support, resolves tag/default filename, calls G_EntLinkToWithOffset, and reports model/tag/cycle failures.
0x005CD7A0	?LinkTo1@BrocSys@@YAXIIABVstring@Broc@@ABUvector@3@1_N@Z	V4	PASS	ida-manual-20260827	2026-08-27	IDA:0x005CD7A0;src/game/logic/g_scr.cpp:14665	Release and source match both handle guards, support assertion, tag fallback, offset argument order, DObj/model diagnostics, tag hash lookup, and cycle warning control flow.
0x005CDA90	?LinkTo2@BrocSys@@YAXIIABVstring@Broc@@@Z	V3	PASS	ida-manual-20260827	2026-08-27	src/game/logic/g_scr.cpp:14789	Tag link wrapper validates both entities, checks link support, selects tag/default filename, and calls G_EntLinkTo.
0x005CDA90	?LinkTo2@BrocSys@@YAXIIABVstring@Broc@@@Z	V4	PASS	ida-manual-20260827	2026-08-27	IDA:0x005CDA90;src/game/logic/g_scr.cpp:14789	Release and source match handle/object guards, support assertion metadata, tag fallback, and call ABI.
0x005CDBB0	?LinkTo3@BrocSys@@YAXII@Z	V3	PASS	ida-manual-20260827	2026-08-27	src/game/logic/g_scr.cpp:14828	Default-tag link wrapper validates both entities, checks link support, and calls G_EntLinkTo with the release default filename.
0x005CDBB0	?LinkTo3@BrocSys@@YAXII@Z	V4	PASS	ida-manual-20260827	2026-08-27	IDA:0x005CDBB0;src/game/logic/g_scr.cpp:14828	Release and source match handle/object guards, support assertion metadata, default tag address, and call flow.
0x005CDCB0	?PlayerLinkTo1@BrocSys@@YAXIIABVstring@Broc@@ABUvector@3@@Z	V3	PASS	ida-manual-20260827	2026-08-27	src/game/logic/g_scr.cpp:14863	Player link wrapper validates entities, checks player/link flags, stores link angle fractions, resolves tag/default filename, and reports cycles.
0x005CDCB0	?PlayerLinkTo1@BrocSys@@YAXIIABVstring@Broc@@ABUvector@3@@Z	V4	PASS	ida-manual-20260827	2026-08-27	IDA:0x005CDCB0;src/game/logic/g_scr.cpp:14863	Release and source match client/flag assertions, whole-vector angle assignment, tag fallback, G_EntLinkTo call, and cycle Scr_Error.
0x005CDE20	?PlayerLinkTo2@BrocSys@@YAXIIABVstring@Broc@@@Z	V3	PASS	ida-manual-20260827	2026-08-27	src/game/logic/g_scr.cpp:14914	Player tag-link wrapper validates entities, checks player/link flags, resolves tag/default filename, and reports link cycles.
0x005CDE20	?PlayerLinkTo2@BrocSys@@YAXIIABVstring@Broc@@@Z	V4	PASS	ida-manual-20260827	2026-08-27	IDA:0x005CDE20;src/game/logic/g_scr.cpp:14914	Release and source match client/flag assertions, tag fallback, G_EntLinkTo ABI, and cycle Scr_Error.
0x005CDF60	?PlayerLinkTo3@BrocSys@@YAXII@Z	V3	PASS	ida-manual-20260827	2026-08-27	src/game/logic/g_scr.cpp:14961	Player default-tag link wrapper validates entities, checks player/link flags, calls G_EntLinkTo, and reports cycles.
0x005CDF60	?PlayerLinkTo3@BrocSys@@YAXII@Z	V4	PASS	ida-manual-20260827	2026-08-27	IDA:0x005CDF60;src/game/logic/g_scr.cpp:14961	Release and source match client/flag assertions, default tag address, G_EntLinkTo call, and cycle Scr_Error.
0x005CE090	?UnLink@BrocSys@@YAXI@Z	V3	PASS	ida-manual-20260827	2026-08-27	src/game/logic/g_scr.cpp:15004	Unlink wrapper validates the entity, asserts against vehicle use, and only calls G_EntUnlink when the vehicle flag is clear.
0x005CE090	?UnLink@BrocSys@@YAXI@Z	V4	PASS	ida-manual-20260827	2026-08-27	IDA:0x005CE090;src/game/logic/g_scr.cpp:15004	Release and source match eFlags vehicle-bit tests, JRS assert metadata, post-assert recheck, and unlink call.
0x005CE120	?EnableLinkTo@BrocSys@@YAXI@Z	V3	PASS	ida-manual-20260827	2026-08-27	src/game/logic/g_scr.cpp:15029	Enable-link wrapper validates the entity, checks existing link support and entity type constraints, asserts no client, then schedules the auto-door trigger and sets link capability.
0x005CE120	?EnableLinkTo@BrocSys@@YAXI@Z	V4	PASS	ida-manual-20260827	2026-08-27	IDA:0x005CE120;src/game/logic/g_scr.cpp:15029	Release and source match classname fallback/strcmp condition, assertion metadata, flag OR, nextthink/think writes, and ordering.
0x005CE2E0	?DoSpawn1@BrocSys@@YAKIABVstring@Broc@@W4TPakInfo@@W4enumForceSpawn@@@Z	V3	PASS	ida-manual-20260827	2026-08-27	src/game/logic/g_scr.cpp:15084	Actor-spawner wrapper validates handle/object/type/timestamp, copies optional targetname, resolves pak ID, spawns with force mode, timestamps the spawner, and returns the new handle.
0x005CE2E0	?DoSpawn1@BrocSys@@YAKIABVstring@Broc@@W4TPakInfo@@W4enumForceSpawn@@@Z	V4	PASS	ida-manual-20260827	2026-08-27	IDA:0x005CE2E0;src/game/logic/g_scr.cpp:15084	Release and source match temporary string lifetime, optional name assignment, actor-spawner error formatting, timestamp gate, pak conversion, SpawnActor arguments, cleanup, and return handle.
0x005CE460	?DoSpawn2@BrocSys@@YAKIIW4TPakInfo@@W4enumForceSpawn@@@Z	V3	PASS	ida-manual-20260827	2026-08-27	src/game/logic/g_scr.cpp:15125	Empty-name dospawn overload constructs a null string and delegates to DoSpawn1.
0x005CE460	?DoSpawn2@BrocSys@@YAKIIW4TPakInfo@@W4enumForceSpawn@@@Z	V4	PASS	ida-manual-20260827	2026-08-27	IDA:0x005CE460;src/game/logic/g_scr.cpp:15125	Release and source match temporary construction, argument order, destructor cleanup, and return propagation.
0x005CE4D0	?StalinGradSpawn1@BrocSys@@YAKIABVstring@Broc@@W4TPakInfo@@@Z	V3	PASS	ida-manual-20260827	2026-08-27	src/game/logic/g_scr.cpp:15133	Force-spawn wrapper validates handle/object/type/timestamp, copies name or release default filename, resolves pak ID, force-spawns actor, timestamps source, and returns handle.
0x005CE4D0	?StalinGradSpawn1@BrocSys@@YAKIABVstring@Broc@@W4TPakInfo@@@Z	V4	PASS	ida-manual-20260827	2026-08-27	IDA:0x005CE4D0;src/game/logic/g_scr.cpp:15133	Release and source match string lifetime/cleanup, default-name assignment, error path, timestamp gate, FORCE_SPAWN, pak conversion, and return handle.
0x005CE650	?StalinGradSpawn2@BrocSys@@YAIIW4TPakInfo@@@Z	V3	PASS	ida-manual-20260827	2026-08-27	src/game/logic/g_scr.cpp:15190	Empty-name StalinGradSpawn overload constructs a null string and delegates to StalinGradSpawn1.
0x005CE650	?StalinGradSpawn2@BrocSys@@YAIIW4TPakInfo@@@Z	V4	PASS	ida-manual-20260827	2026-08-27	IDA:0x005CE650;src/game/logic/g_scr.cpp:15190	Release and source match temporary string lifetime, argument order, destructor cleanup, and return propagation.
0x005CE6C0	?GetOrigin@BrocSys@@YAXIAAUvector@Broc@@@Z	V3	PASS	ida-manual-20260827	2026-08-27	src/game/logic/g_scr.cpp:15198	Origin getter validates the entity and returns either bmodel bounds center or current origin.
0x005CE6C0	?GetOrigin@BrocSys@@YAXIAAUvector@Broc@@@Z	V4	PASS	ida-manual-20260827	2026-08-27	IDA:0x005CE6C0;src/game/logic/g_scr.cpp:15198	Release and source match handle/object guards, per-axis bounds midpoint arithmetic, current-origin fallback, and output copy.
0x005CE7A0	?GetEye@BrocSys@@YAXIAAUvector@Broc@@@Z	V3	PASS	ida-manual-20260827	2026-08-27	src/game/logic/g_scr.cpp:15237	Eye getter validates the entity, reads sentient eye position, and warns for null entities or non-sentient objects.
0x005CE7A0	?GetEye@BrocSys@@YAXIAAUvector@Broc@@@Z	V4	PASS	ida-manual-20260827	2026-08-27	IDA:0x005CE7A0;src/game/logic/g_scr.cpp:15237	Release and source match sentient call/output ordering, warning strings/metadata, classname fallback, and null-handle path.
0x005CE8B0	?UseBy@BrocSys@@YAIII@Z	V3	PASS	ida-manual-20260827	2026-08-27	src/game/logic/g_scr.cpp:15288	Use wrapper validates both handles, notifies trigger, checks use-index range, dispatches the use table, and returns the other handle.
0x005CE8B0	?UseBy@BrocSys@@YAIII@Z	V4	PASS	ida-manual-20260827	2026-08-27	IDA:0x005CE8B0;src/game/logic/g_scr.cpp:15288	Release and source match handle guards, Scr_NotifyFromEnt arguments, use assertion/index dispatch, and return value.
0x005CE9A0	?IsTouching@BrocSys@@YA_NII@Z	V3	PASS	ida-manual-20260827	2026-08-27	src/game/logic/g_scr.cpp:15327	Touch test validates handles, checks bounds with release assertion diagnostics, computes AABB overlap for two bmodels, and otherwise calls capsule/regular entity contact.
0x005CE9A0	?IsTouching@BrocSys@@YA_NII@Z	V4	PASS	ida-manual-20260827	2026-08-27	IDA:0x005CE9A0;src/game/logic/g_scr.cpp:15327	Release and source match entity-selection asymmetry, per-axis assertions, SIMD overlap inputs/results, native Position3 conversion, and contact-function branch.
0x005CEE40	?LockDoor@BrocSys@@YAXI@Z	V3	PASS	ida-manual-20260827	2026-08-27	src/game/logic/g_scr.cpp:15477	Door lock wrapper validates the entity/class hash, sets key, and updates paths.
0x005CEE40	?LockDoor@BrocSys@@YAXI@Z	V4	PASS	ida-manual-20260827	2026-08-27	IDA:0x005CEE40;src/game/logic/g_scr.cpp:15477	Release and source match handle/object guards, rotating/standard door hashes, key write, and UpdatePaths call.
0x005CEEA0	?UnLockDoor@BrocSys@@YAXI@Z	V3	PASS	ida-manual-20260827	2026-08-27	src/game/logic/g_scr.cpp:15496	Door unlock wrapper validates the entity/class hash, clears key, and updates paths.
0x005CEEA0	?UnLockDoor@BrocSys@@YAXI@Z	V4	PASS	ida-manual-20260827	2026-08-27	IDA:0x005CEEA0;src/game/logic/g_scr.cpp:15496	Release and source match handle/object guards, rotating/standard door hashes, key write, and UpdatePaths call.
0x005CEF00	?IsDoorLocked@BrocSys@@YA_NI@Z	V3	PASS	ida-manual-20260827	2026-08-27	door-lock predicate validates the entity/class hash and returns nonzero key state.
0x005CEF00	?IsDoorLocked@BrocSys@@YA_NI@Z	V4	PASS	ida-manual-20260827	2026-08-27	IDA:0x005CEF00;src/game/logic/g_scr.cpp:15515	Release and source match short-circuit handle/object/hash checks and key predicate.
0x005CEF60	?Delete@BrocSys@@YAXI@Z	V3	PASS	ida-manual-20260827	2026-08-27	delete wrapper validates the entity, rejects client entities, sends death notification, and frees the entity.
0x005CEF60	?Delete@BrocSys@@YAXI@Z	V4	PASS	ida-manual-20260827	2026-08-27	IDA:0x005CEF60;src/game/logic/g_scr.cpp:15530	Release and source match client rejection, death notification, G_FreeEntity msec argument, and guard flow.
0x005CEFD0	?SetTransparent@BrocSys@@YAXI_N@Z	V3	PASS	ida-manual-20260827	2026-08-27	transparent-state wrapper validates the entity, gets its render entity, and writes alpha 0.5 for true or 1.0 for false.
0x005CEFD0	?SetTransparent@BrocSys@@YAXI_N@Z	V4	PASS	ida-manual-20260827	2026-08-27	IDA:0x005CEFD0;src/game/logic/g_scr.cpp:15546	Release and source match handle/object guards, GetRenderEntity call, bool normalization behavior, alpha constants, and stores.
0x005CF250	?SetAiType@BrocSys@@YAXIABVstring@Broc@@W4TPakInfo@@@Z	V3	PASS	ida-manual-20260827	2026-08-27	src/game/logic/g_scr.cpp:15563	AI-type setter validates entity/model, resolves pak context, handles client physics/link state, initializes AI type, updates brush/DObj state, and relinks.
0x005CF250	?SetAiType@BrocSys@@YAXIABVstring@Broc@@W4TPakInfo@@@Z	V4	PASS	ida-manual-20260827	2026-08-27	IDA:0x005CF250;src/game/logic/g_scr.cpp:15563	Release and source match undefined-model assertion, pak selection/fallback, client StopPhysics and flag handling, AITypeManager call, model/DObj updates, and link branch.
0x005CF410	?SetModelIndex@BrocSys@@YAXIH@Z	V3	PASS	ida-manual-20260827	2026-08-27	direct model-index setter validates the entity and calls G_SetModelIndex, warning on invalid entity.
0x005CF410	?SetModelIndex@BrocSys@@YAXIH@Z	V4	PASS	ida-manual-20260827	2026-08-27	IDA:0x005CF410;src/game/logic/g_scr.cpp:15634	Release and source match handle guard, G_SetModelIndex argument order, and null-entity assert metadata.
0x005CF4A0	?GetNormalHealth@BrocSys@@YAMI@Z	V3	PASS	ida-manual-20260827	2026-08-27	normal-health getter validates the entity, prefers client max health, falls back to entity max health, warns on zero max, and returns normalized health.
0x005CF4A0	?GetNormalHealth@BrocSys@@YAMI@Z	V4	PASS	ida-manual-20260827	2026-08-27	IDA:0x005CF4A0;src/game/logic/g_scr.cpp:15657	Release and source match client/fallback divisor selection, zero-max warning, floating division, and return default.
0x005CF520	?SetNormalHealth@BrocSys@@YAXIM@Z	V3	PASS	ida-manual-20260827	2026-08-27	normal-health setter validates entity, clamps/validates normalized input, handles client and non-client max health, warns for dead/invalid health, and rounds to at least one.
0x005CF520	?SetNormalHealth@BrocSys@@YAXIM@Z	V4	PASS	ida-manual-20260827	2026-08-27	IDA:0x005CF520;src/game/logic/g_scr.cpp:15682	Release and source match error/debug text, targetname fallbacks, client/non-client branches, +0.5 conversion, minimum-one clamp, and terminal Scr_Error.
0x005CF6B0	?DoDamage@BrocSys@@YAXIMABUvector@Broc@@W4hitLocation_t@@@Z	V3	PASS	ida-manual-20260827	2026-08-27	damage wrapper validates entity, asserts undefined direction, builds source/from vectors from client or entity origin, normalizes direction, and calls G_Damage.
0x005CF6B0	?DoDamage@BrocSys@@YAXIMABUvector@Broc@@W4hitLocation_t@@@Z	V4	PASS	ida-manual-20260827	2026-08-27	IDA:0x005CF6B0;src/game/logic/g_scr.cpp:15760	Release and source match NaN checks, vector copies, client-origin fallback, VectorNormalize null-direction handling, damage conversion, and G_Damage arguments.
0x005CF840	?SetTakeDamage@BrocSys@@YAXIH@Z	V3	PASS	ida-manual-20260827	2026-08-27	take-damage setter validates the entity and writes the damage flag/byte.
0x005CF840	?SetTakeDamage@BrocSys@@YAXIH@Z	V4	PASS	ida-manual-20260827	2026-08-27	IDA:0x005CF840;src/game/logic/g_scr.cpp:15809	Release and source match handle/object guards and low-byte field store.
0x005CF880	?InvulnerableForTime@BrocSys@@YAXIM@Z	V3	PASS	ida-manual-20260827	2026-08-27	invulnerability setter validates the entity and stores level time plus the requested duration in milliseconds.
0x005CF880	?InvulnerableForTime@BrocSys@@YAXIM@Z	V4	PASS	ida-manual-20260827	2026-08-27	IDA:0x005CF880;src/game/logic/g_scr.cpp:15820	Release and source match handle/object guards and level.time - time*-1000 arithmetic/store.
0x005CF8D0	?IsEntityInvulnerable@BrocSys@@YA_NI@Z	V3	PASS	ida-manual-20260827	2026-08-27	invulnerability predicate validates entity and compares timeout against level time.
0x005CF8D0	?IsEntityInvulnerable@BrocSys@@YA_NI@Z	V4	PASS	ida-manual-20260827	2026-08-27	IDA:0x005CF8D0;src/game/logic/g_scr.cpp:15832	Release and source match short-circuit handle/object checks and timeout comparison.
0x005CF920	?SetAlwaysRender@BrocSys@@YAXIH@Z	V3	PASS	ida-manual-20260827	2026-08-27	always-render setter validates entity and forwards nonzero integer as a bool.
0x005CF920	?SetAlwaysRender@BrocSys@@YAXIH@Z	V4	PASS	ida-manual-20260827	2026-08-27	IDA:0x005CF920;src/game/logic/g_scr.cpp:15843	Release and source match handle/object guards, bool normalization, and Entity::SetAlwaysRender call.
0x005CF960	?Show@BrocSys@@YAXI@Z	V3	PASS	ida-manual-20260827	2026-08-27	show wrapper validates entity and clears the hidden flag.
0x005CF960	?Show@BrocSys@@YAXI@Z	V4	PASS	ida-manual-20260827	2026-08-27	IDA:0x005CF960;src/game/logic/g_scr.cpp:15854	Release and source match handle/object guards and flags &= ~0x400 store.
0x005CF9A0	?Hide@BrocSys@@YAXI@Z	V3	PASS	ida-manual-20260827	2026-08-27	hide wrapper validates entity and sets the hidden flag.
0x005CF9A0	?Hide@BrocSys@@YAXI@Z	V4	PASS	ida-manual-20260827	2026-08-27	IDA:0x005CF9A0;src/game/logic/g_scr.cpp:15865	Release and source match handle/object guards and flags |= 0x400 store.
0x005CF9E0	?SetContents@BrocSys@@YAHIH@Z	V3	PASS	ida-manual-20260827	2026-08-27	contents setter validates entity, returns the old contents, writes the new value, and relinks the entity.
0x005CF9E0	?SetContents@BrocSys@@YAHIH@Z	V4	PASS	ida-manual-20260827	2026-08-27	IDA:0x005CF9E0;src/game/logic/g_scr.cpp:15876	Release and source match zero returns, old-value capture, contents store, g_LinkEntity call, and return.
0x005CFA30	?DisConnectPaths@BrocSys@@YAXI@Z	V3	PASS	ida-manual-20260827	2026-08-27	disconnect-paths wrapper validates entity, uses dynamic-blocking path manager when applicable, and reports invalid class/path configuration.
0x005CFA30	?DisConnectPaths@BrocSys@@YAXI@Z	V4	PASS	ida-manual-20260827	2026-08-27	IDA:0x005CFA30;src/game/logic/g_scr.cpp:15897	Release and source match Path_IsDynamicBlockingEntity call, manager dispatch, script_brushmodel error, classname fallback, and final error text.
0x005CFAC0	?ConnectPaths@BrocSys@@YAXI@Z	V3	PASS	ida-manual-20260827	2026-08-27	connect-paths wrapper validates entity, uses dynamic-blocking path manager when applicable, and reports invalid class/path configuration.
0x005CFAC0	?ConnectPaths@BrocSys@@YAXI@Z	V4	PASS	ida-manual-20260827	2026-08-27	IDA:0x005CFAC0;src/game/logic/g_scr.cpp:15929	Release and source match Path_IsDynamicBlockingEntity call, manager dispatch, script_brushmodel error, classname fallback, and final error text.
0x005CFB50	?StartFiring@BrocSys@@YAXI@Z	V3	PASS	ida-manual-20260827	2026-08-27	start-firing wrapper validates entity, sets turret firing bit, or reports non-turret type.
0x005CFB50	?StartFiring@BrocSys@@YAXI@Z	V4	PASS	ida-manual-20260827	2026-08-27	IDA:0x005CFB50;src/game/logic/g_scr.cpp:15960	Release and source match handle/object guards, low-byte turret flag OR, classname fallback, and Scr_Error.
0x005CFBC0	?StopFiring@BrocSys@@YAXI@Z	V3	PASS	ida-manual-20260827	2026-08-27	stop-firing wrapper validates entity, clears turret firing bit, or reports non-turret type.
0x005CFBC0	?StopFiring@BrocSys@@YAXI@Z	V4	PASS	ida-manual-20260827	2026-08-27	IDA:0x005CFBC0;src/game/logic/g_scr.cpp:15985	Release and source match handle/object guards, low-byte turret flag clear, classname fallback, and Scr_Error.
0x005CFC30	?ShootTurret@BrocSys@@YAXII@Z	V3	PASS	ida-manual-20260827	2026-08-27	turret-shoot wrapper validates turret entity, resolves optional owner override, shoots when turret info exists, and errors otherwise.
0x005CFC30	?ShootTurret@BrocSys@@YAXII@Z	V4	PASS	ida-manual-20260827	2026-08-27	IDA:0x005CFC30;src/game/logic/g_scr.cpp:16010	Release and source match owner-handle guard/null behavior, turret check, turret_shoot call, classname fallback, and error path.
0x005CFCD0	?SetMode@BrocSys@@YAXIH@Z	V3	PASS	ida-manual-20260827	2026-08-27	turret mode setter validates entity/turret, maps four hashed modes to flag updates, and errors on unknown mode/non-turret.
0x005CFCD0	?SetMode@BrocSys@@YAXIH@Z	V4	PASS	ida-manual-20260827	2026-08-27	IDA:0x005CFCD0;src/game/logic/g_scr.cpp:16041	Release and source match mode hash comparisons, byte/full flag masks, classname fallback, and Scr_Error branches.
0x005CFDB0	?GetTurretOwner@BrocSys@@YAII@Z	V3	PASS	ida-manual-20260827	2026-08-27	turret-owner getter validates entity/turret, errors on non-turret, returns zero when inactive, and returns owner handle when active.
0x005CFDB0	?GetTurretOwner@BrocSys@@YAII@Z	V4	PASS	ida-manual-20260827	2026-08-27	IDA:0x005CFDB0;src/game/logic/g_scr.cpp:16087	Release and source match early guards, classname/error path, active check, owner-handle return, and zero returns.
0x005CFE30	?GetOwner@BrocSys@@YAII@Z	V3	PASS	ida-manual-20260827	2026-08-27	owner getter validates entity and returns its owner handle or zero.
0x005CFE30	?GetOwner@BrocSys@@YAII@Z	V4	PASS	ida-manual-20260827	2026-08-27	IDA:0x005CFE30;src/game/logic/g_scr.cpp:16111	Release and source match handle/object guards, owner field access, and zero fallback.
0x005CFE70	?SetOwner@BrocSys@@YAXII@Z	V3	PASS	ida-manual-20260827	2026-08-27	owner setter validates entity and owner handles, stores the validated owner handle, or clears owner on invalid owner.
0x005CFE70	?SetOwner@BrocSys@@YAXII@Z	V4	PASS	ida-manual-20260827	2026-08-27	IDA:0x005CFE70;src/game/logic/g_scr.cpp:16125	Release and source match both handle/generation/object guards, owner handle copy, and invalid-owner zeroing.
0x005CFEF0	?SetTargetEntity@BrocSys@@YAXII@Z	V3	PASS	ida-manual-20260827	2026-08-27	turret target setter validates both entities, stores manualTarget for turret entities, and errors on non-turret.
0x005CFEF0	?SetTargetEntity@BrocSys@@YAXII@Z	V4	PASS	ida-manual-20260827	2026-08-27	IDA:0x005CFEF0;src/game/logic/g_scr.cpp:16150	Release and source match dual handle guards, target pointer assignment, classname fallback, and Scr_Error path.
0x005CFF90	?HasTargetEntity@BrocSys@@YA_NI@Z	V3	PASS	ida-manual-20260827	2026-08-27	turret-target predicate validates entity/turret, errors on non-turret, and tests manualTarget.
0x005CFF90	?HasTargetEntity@BrocSys@@YA_NI@Z	V4	PASS	ida-manual-20260827	2026-08-27	IDA:0x005CFF90;src/game/logic/g_scr.cpp:16184	Release and source match short-circuit guards, classname/error path, and manualTarget non-null result.
0x005D0000	?ClearTargetEntity@BrocSys@@YAXI@Z	V3	PASS	ida-manual-20260827	2026-08-27	clear-target wrapper validates entity/turret, clears manualTarget, and errors on non-turret.
0x005D0000	?ClearTargetEntity@BrocSys@@YAXI@Z	V4	PASS	ida-manual-20260827	2026-08-27	IDA:0x005D0000;src/game/logic/g_scr.cpp:16207	Release and source match handle/object guards, turret check, manualTarget null assignment, classname fallback, and error path.
0x005D0070	?SetTurretTeam@BrocSys@@YAXIABVstring@Broc@@@Z	V3	PASS	ida-manual-20260827	2026-08-27	turret-team setter validates entity/turret, accepts axis/allies case-insensitively, and reports unknown teams.
0x005D0070	?SetTurretTeam@BrocSys@@YAXIABVstring@Broc@@@Z	V4	PASS	ida-manual-20260827	2026-08-27	IDA:0x005D0070;src/game/logic/g_scr.cpp:16220	Release and source match team string fallback, comparisons, enum stores, unknown-team formatting, and non-turret error.
0x005D0170	?MakeTurretUsable@BrocSys@@YAXI@Z	V3	PASS	ida-manual-20260827	2026-08-27	turret usable setter validates entity/turret and sets the usable flag, reporting non-turrets.
0x005D0170	?MakeTurretUsable@BrocSys@@YAXI@Z	V4	PASS	ida-manual-20260827	2026-08-27	IDA:0x005D0170;src/game/logic/g_scr.cpp:16262	Release and source match handle/object guards, 0x1000 turret flag OR, classname fallback, and Scr_Error.
0x005D01E0	?MakeTurretUnusable@BrocSys@@YAXI@Z	V3	PASS	ida-manual-20260827	2026-08-27	turret unusable setter validates entity/turret and clears the usable flag, reporting non-turrets.
0x005D01E0	?MakeTurretUnusable@BrocSys@@YAXI@Z	V4	PASS	ida-manual-20260827	2026-08-27	IDA:0x005D01E0;src/game/logic/g_scr.cpp:16281	Release and source match handle/object guards, 0x1000 turret flag clear, classname fallback, and Scr_Error.
0x005D0250	?SetTurretAccuracy@BrocSys@@YAXIM@Z	V3	PASS	ida-manual-20260827	2026-08-27	turret accuracy setter validates entity/turret, stores accuracy, and reports non-turrets.
0x005D0250	?SetTurretAccuracy@BrocSys@@YAXIM@Z	V4	PASS	ida-manual-20260827	2026-08-27	IDA:0x005D0250;src/game/logic/g_scr.cpp:16300	Release and source match handle/object guards, accuracy store, classname fallback, and Scr_Error.
0x005D02C0	?SetTurretRange@BrocSys@@YAXIM@Z	V3	PASS	ida-manual-20260827	2026-08-27	turret range setter validates entity/turret, stores squared range, and reports non-turrets.
0x005D02C0	?SetTurretRange@BrocSys@@YAXIM@Z	V4	PASS	ida-manual-20260827	2026-08-27	IDA:0x005D02C0;src/game/logic/g_scr.cpp:16325	Release and source match handle/object guards, range*range store, classname fallback, and Scr_Error.
0x005D0340	?GetTurretRange@BrocSys@@YAMI@Z	V3	PASS	ida-manual-20260827	2026-08-27	turret range getter validates entity/turret, reports non-turrets, and returns square-rooted max range.
0x005D0340	?GetTurretRange@BrocSys@@YAMI@Z	V4	PASS	ida-manual-20260827	2026-08-27	IDA:0x005D0340;src/game/logic/g_scr.cpp:16350	Release and source match short-circuit guards, non-turret error path, sqrt return, and zero fallbacks.
0x005D03B0	?GetTurretTarget@BrocSys@@YAII@Z	V3	PASS	ida-manual-20260827	2026-08-27	turret-target getter validates entity/turret, requires target and target-enabled flag, and returns target handle.
0x005D03B0	?GetTurretTarget@BrocSys@@YAII@Z	V4	PASS	ida-manual-20260827	2026-08-27	IDA:0x005D03B0;src/game/logic/g_scr.cpp:16403	Release and source match guards, non-turret error, target null/flag checks, and target handle return.
0x005D0430	?SetCursorHint@BrocSys@@YAXIABVstring@Broc@@@Z	V3	PASS	ida-manual-20260827	2026-08-27	cursor-hint setter validates entity, handles HINT_INHERIT for trigger_use, scans hint strings, writes hint index, lists invalid hints, and warns.
0x005D0430	?SetCursorHint@BrocSys@@YAXIABVstring@Broc@@@Z	V4	PASS	ida-manual-20260827	2026-08-27	IDA:0x005D0430;src/game/logic/g_scr.cpp:16432	Release and source match trigger_use/HINT_INHERIT condition, 1..279 scan/termination, string comparisons, output field, diagnostics, and warning metadata.
0x005D05A0	?SetHintString1@BrocSys@@YAXIABVstring@Broc@@@Z	V3	PASS	ida-manual-20260827	2026-08-27	hint-string setter validates entity, permits trigger_use/actor, marks trigger-use state or actor hint state, and reports invalid entity types.
0x005D05A0	?SetHintString1@BrocSys@@YAXIABVstring@Broc@@@Z	V4	PASS	ida-manual-20260827	2026-08-27	IDA:0x005D05A0;src/game/logic/g_scr.cpp:16503	Release and source match class/actor gating, empty-string behavior, trigger scale write, actor assertion/state write, and Scr_Error text.
0x005D0680	?SetHintString3@BrocSys@@YAXIH@Z	V3	PASS	ida-manual-20260827	2026-08-27	integer hint-string setter validates entity, stores hint index, updates trigger/actor state, and reports missing actor invariant.
0x005D0680	?SetHintString3@BrocSys@@YAXIH@Z	V4	PASS	ida-manual-20260827	2026-08-27	IDA:0x005D0680;src/game/logic/g_scr.cpp:16556	Release and source match hint field store, trigger scale update, actor assertion/state, and guard flow.
0x005D0740	?SetHintString2@BrocSys@@YAXI@Z	V3	PASS	ida-manual-20260827	2026-08-27	hint-string message wrapper validates trigger/actor, constructs the hint message, stores the allocated hint index in trigger/actor state, and reports exhaustion or invalid types.
0x005D0740	?SetHintString2@BrocSys@@YAXI@Z	V4	PASS	ida-manual-20260827	2026-08-27	IDA:0x005D0740;src/game/logic/g_scr.cpp:16602	Release and source match message-buffer construction, G_GetHintStringIndex output reuse, trigger/actor stores, actor assertion, exhaustion error, and type error.
0x005D0870	?ClearAnim@BrocSys@@YAXIIM@Z	V3	PASS	ida-manual-20260827	2026-08-27	clear-animation wrapper validates entity, rejects -1, checks anim-tree index/pointer consistency, sets debug entity, and clears goal weights.
0x005D0870	?ClearAnim@BrocSys@@YAXIIM@Z	V4	PASS	ida-manual-20260827	2026-08-27	IDA:0x005D0870;src/game/logic/g_scr.cpp:16646	Release and source match -1 warning, tree-count check, AnimBank/tree mismatch assertion, gDebugEntity assignment, and XAnimClearTreeGoalWeights call.
0x005D0990	?SetAnimKnob@BrocSys@@YAXIIMMM_N@Z	V3	PASS	ida-manual-20260827	2026-08-27	animation knob setter validates entity/anim and nonnegative parameters, checks tree consistency, selects pak heap, and sets complete knob goal weight.
0x005D0990	?SetAnimKnob@BrocSys@@YAXIIMMM_N@Z	V4	PASS	ida-manual-20260827	2026-08-27	IDA:0x005D0990;src/game/logic/g_scr.cpp:16709	Release and source match bad-index/error checks, tree validation, debug assignment, pak fallback/context lifetime, and XAnimSetCompleteGoalWeightKnob arguments.
0x005D0B90	?SetAnimKnobAll@BrocSys@@YAXIIIMMM_N@Z	V3	PASS	ida-manual-20260827	2026-08-27	multi-animation knob setter validates both indices/parameters/trees, checks tree consistency, selects pak context, updates debug state, applies knob-all, and handles result codes.
0x005D0B90	?SetAnimKnobAll@BrocSys@@YAXIIIMMM_N@Z	V4	PASS	ida-manual-20260827	2026-08-27	IDA:0x005D0B90;src/game/logic/g_scr.cpp:16763	Release and source match validation ordering, tree mismatch diagnostics, context lifetime, XAnimSetCompleteGoalWeightKnobAll arguments, and result/error branches.
0x005D0DA0	?SetAnim@BrocSys@@YAXIIMMM_N@Z	V3	PASS	ida-manual-20260827	2026-08-27	animation setter validates entity/anim and nonnegative parameters, checks tree consistency, selects pak context, and sets complete goal weight.
0x005D0DA0	?SetAnim@BrocSys@@YAXIIMMM_N@Z	V4	PASS	ida-manual-20260827	2026-08-27	IDA:0x005D0DA0;src/game/logic/g_scr.cpp:16831	Release and source match bad-index/error checks, tree-count/mismatch handling, debug assignment, pak fallback/context lifetime, and XAnimSetCompleteGoalWeight arguments.
0x005D1030	?SetFlaggedAnimKnob@BrocSys@@YAXIIIMMM_N@Z	V3	PASS	ida-manual-20260827	2026-08-27	flagged animation knob setter validates entity/anim/parameters/tree, checks time availability, updates debug state, and applies notify-hash knob goal weight.
0x005D1030	?SetFlaggedAnimKnob@BrocSys@@YAXIIIMMM_N@Z	V4	PASS	ida-manual-20260827	2026-08-27	IDA:0x005D1030;src/game/logic/g_scr.cpp:16901	Release and source match validation, mismatch assertion, XAnimHasTime guard, SetAnimDebug ordering, notify hash, and XAnimSetCompleteGoalWeightKnob ABI.
0x005D1190	?SetFlaggedAnimKnobAll@BrocSys@@YAXIIIIMMM_N@Z	V3	PASS	ida-manual-20260827	2026-08-27	flagged knob-all setter validates indices/parameters/trees, checks time and tree consistency, selects pak context, applies notify-hash knob-all, and handles all result codes.
0x005D1190	?SetFlaggedAnimKnobAll@BrocSys@@YAXIIIIMMM_N@Z	V4	PASS	ida-manual-20260827	2026-08-27	IDA:0x005D1190;src/game/logic/g_scr.cpp:16944	Release and source match validation ordering, mismatch/error metadata, time guard, debug assignment, pak context, notify hash, result switch, and terminal bad-notify assertion.
0x005D13D0	?SetFlaggedAnim@BrocSys@@YAXIIIMMM_N@Z	V3	PASS	ida-manual-20260827	2026-08-27	flagged animation setter validates entity/anim/parameters/tree, checks time availability, updates debug state, and applies notify-hash goal weight.
0x005D13D0	?SetFlaggedAnim@BrocSys@@YAXIIIMMM_N@Z	V4	PASS	ida-manual-20260827	2026-08-27	IDA:0x005D13D0;src/game/logic/g_scr.cpp:17107	Release and source match validation, mismatch assertion, XAnimHasTime guard, SetAnimDebug ordering, notify hash, and XAnimSetCompleteGoalWeight ABI.
0x005D1530	?UseAnimTree@BrocSys@@YAXIABVstring@Broc@@@Z	V3	PASS	ida-manual-20260827	2026-08-27	anim-tree switch wrapper validates nonempty name/entity, resolves tree, checks compatibility and size, reports missing trees, and installs the tree.
0x005D1530	?UseAnimTree@BrocSys@@YAXIABVstring@Broc@@@Z	V4	PASS	ida-manual-20260827	2026-08-27	IDA:0x005D1530;src/game/logic/g_scr.cpp:17170	Release and source match string length gate, entity guard, tree lookup/entry check, classname compatibility error, size limit, debug assignment, install call, and missing-tree warning.
0x005D16C0	?StopUseAnimTree@BrocSys@@YAXI@Z	V3	PASS	ida-manual-20260827	2026-08-27	anim-tree stop wrapper validates entity, rejects incompatible current trees, sets debug entity, and clears the animation tree.
0x005D16C0	?StopUseAnimTree@BrocSys@@YAXI@Z	V4	PASS	ida-manual-20260827	2026-08-27	IDA:0x005D16C0;src/game/logic/g_scr.cpp:17245	Release and source match compatibility check/error, classname fallback, debug assignment, and G_SetAnimTree null call.
0x005D1740	?DumpAnims@BrocSys@@YAXI@Z	V3	PASS	ida-manual-20260827	2026-08-27	anim dump wrapper validates entity and forwards to SV_DObjDisplayAnim.
0x005D1740	?DumpAnims@BrocSys@@YAXI@Z	V4	PASS	ida-manual-20260827	2026-08-27	IDA:0x005D1740;src/game/logic/g_scr.cpp:17300	Release and source match handle/object guards and SV_DObjDisplayAnim call.
0x005D1780	?GetStance@BrocSys@@YAXIAAVstring@Broc@@@Z	V3	PASS	ida-manual-20260827	2026-08-27	stance getter validates entity/player, maps pm_flags to prone/crouch/stand string constants, and errors on non-player.
0x005D1780	?GetStance@BrocSys@@YAXIAAVstring@Broc@@@Z	V4	PASS	ida-manual-20260827	2026-08-27	IDA:0x005D1780;src/game/logic/g_scr.cpp:17310	Release and source match pm_flags masks, string assignments, player guard, and Scr_Error.
0x005D1800	?MagicGrenade1@BrocSys@@YAXIABUvector@Broc@@0M@Z	V3	PASS	ida-manual-20260827	2026-08-27	magic-grenade wrapper validates actor entity, computes toss positions, tries minimum/maximum/hint tosses, fires successful grenade, and logs failure/non-actor errors.
0x005D1800	?MagicGrenade1@BrocSys@@YAXIABUvector@Broc@@0M@Z	V4	PASS	ida-manual-20260827	2026-08-27	IDA:0x005D1800;src/game/logic/g_scr.cpp:17178	Release and source match zero offset, toss-position arguments, short-circuit toss checks, fire_grenade timing/weapon, debug fallback, and actor error.
0x005D1910	?MagicGrenade2@BrocSys@@YAXIABUvector@Broc@@0@Z	V3	PASS	ida-manual-20260827	2026-08-27	default-time magic-grenade overload delegates to MagicGrenade1 with five seconds.
0x005D1910	?MagicGrenade2@BrocSys@@YAXIABUvector@Broc@@0@Z	V4	PASS	ida-manual-20260827	2026-08-27	IDA:0x005D1910;src/game/logic/g_scr.cpp:17231	Release and source match argument forwarding and 5.0f duration.
0x005D1930	?MagicGrenadeManual1@BrocSys@@YAXIABUvector@Broc@@0M@Z	V3	PASS	ida-manual-20260827	2026-08-27	manual magic-grenade wrapper validates actor entity, fires using supplied origin/velocity and actor weapon/time, or errors on non-actor.
0x005D1930	?MagicGrenadeManual1@BrocSys@@YAXIABUvector@Broc@@0M@Z	V4	PASS	ida-manual-20260827	2026-08-27	IDA:0x005D1930;src/game/logic/g_scr.cpp:17235	Release and source match actor guard, fire_grenade argument order, milliseconds conversion, and error text.
0x005D19D0	?RifleGrenadeManual1@BrocSys@@YAXIABUvector@Broc@@_N@Z	V3	PASS	ida-manual-20260827	2026-08-27	rifle-grenade wrapper validates actor, resolves m1garand_RG, checks safe target, fires when safe, or errors on non-actor.
0x005D19D0	?RifleGrenadeManual1@BrocSys@@YAXIABUvector@Broc@@_N@Z	V4	PASS	ida-manual-20260827	2026-08-27	IDA:0x005D19D0;src/game/logic/g_scr.cpp:17269	Release and source match weapon lookup, safe-target call, checkTrajectory ABI, fire call, and actor error.
0x005D1AE0	?SetFriendlyChain@BrocSys@@YAXIABVpathnode@Broc@@@Z	V3	PASS	ida-manual-20260827	2026-08-27	friendly-chain setter validates entity/sentient, resolves path node handle, rejects non-friendly chain nodes, stores actual chain position, and updates desired node for non-clients.
0x005D1AE0	?SetFriendlyChain@BrocSys@@YAXIABVpathnode@Broc@@@Z	V4	PASS	ida-manual-20260827	2026-08-27	IDA:0x005D1AE0;src/game/logic/g_scr.cpp:17318	Release and source match node-handle extraction, PathNodeMgr lookup, chain-id check, sentient state store, client guard, and errors.
0x005D1E70	?GetTagAngles2@BrocSys@@YAXIAAUvector@Broc@@ABVstring@3@@Z	V3	PASS	ida-manual-20260827	2026-08-27	tag-angle string overload hashes tag name, validates entity, resolves internal tag matrix, and converts axis to angles.
0x005D1E70	?GetTagAngles2@BrocSys@@YAXIAAUvector@Broc@@ABVstring@3@@Z	V4	PASS	ida-manual-20260827	2026-08-27	IDA:0x005D1E70;src/game/logic/g_scr.cpp:17486	Release and source match tag/default string fallback, hash calculation, entity guard, GetTagInternal call, and Axis4ToAngles output.
0x005D1EF0	?ShellShock@BrocSys@@YAXIABVstring@Broc@@M@Z	V3	PASS	ida-manual-20260827	2026-08-27	shellshock wrapper validates local player, initializes config/default indices, maps shock names, clamps duration diagnostics, applies client shellshock state, and toggles request flag.
0x005D1EF0	?ShellShock@BrocSys@@YAXIABVstring@Broc@@M@Z	V4	PASS	ida-manual-20260827	2026-08-27	IDA:0x005D1EF0;src/game/logic/g_scr.cpp:17507	Release and source match local-player guard, temporary string/config handling, shock-name mapping, duration conversion/param error, cgs parameter selection, ps stores, and zero-duration clear.
0x005D1A60	?IsFiringTurret@BrocSys@@YA_NI@Z	V3	PASS	ida-manual-20260827	2026-08-27	turret-firing predicate validates entity/turret, reports non-turrets, and forwards to turret_IsFiring.
0x005D1A60	?IsFiringTurret@BrocSys@@YA_NI@Z	V4	PASS	ida-manual-20260827	2026-08-27	IDA:0x005D1A60;src/game/logic/g_scr.cpp:17312	Release and source match short-circuit guards, classname/error path, turret_IsFiring call, and false fallbacks.
0x005D1B90	?GetTagInternal@BrocSys@@YAPAUDObjSkelMat@@V?$DbLinkedHandle@VEntityHandleDb@@VEntity@@@@ABI@Z	V3	PASS	ida-manual-20260827	2026-08-27	internal tag resolver checks cached entity/time/hash, validates DObj/model, fills cached world tag matrix, and reports missing tags.
0x005D1B90	?GetTagInternal@BrocSys@@YAPAUDObjSkelMat@@V?$DbLinkedHandle@VEntityHandleDb@@VEntity@@@@ABI@Z	V4	PASS	ida-manual-20260827	2026-08-27	IDA:0x005D1B90;src/game/logic/g_scr.cpp:17354	Release and source match cache fast path, handle lookup, no-DObj warning, world-matrix call/cache writes, model validation, and missing-tag warning path.
0x005D1CE0	?GetTagOrigin1@BrocSys@@YAXIAAUvector@Broc@@ABI@Z	V3	PASS	ida-manual-20260827	2026-08-27	tag-origin hash wrapper validates entity, resolves internal tag matrix, copies origin, and diagnoses missing tags/models.
0x005D1CE0	?GetTagOrigin1@BrocSys@@YAXIAAUvector@Broc@@ABI@Z	V4	PASS	ida-manual-20260827	2026-08-27	IDA:0x005D1CE0;src/game/logic/g_scr.cpp:17411	Release and source match entity/tag guards, origin copy, missing-tag assert metadata, pak validation, and source model-null diagnostic fallback.
0x005D1DD0	?GetTagOrigin2@BrocSys@@YAXIAAUvector@Broc@@ABVstring@3@@Z	V3	PASS	ida-manual-20260827	2026-08-27	tag-origin string overload resolves default/explicit tag hash and delegates to GetTagOrigin1.
0x005D1DD0	?GetTagOrigin2@BrocSys@@YAXIAAUvector@Broc@@ABVstring@3@@Z	V4	PASS	ida-manual-20260827	2026-08-27	IDA:0x005D1DD0;src/game/logic/g_scr.cpp:17459	Release and source match string fallback, hash calculation, and delegated argument order.
0x005D1E10	?GetTagAngles1@BrocSys@@YAXIAAUvector@Broc@@ABI@Z	V3	PASS	ida-manual-20260827	2026-08-27	tag-angle hash wrapper validates entity, resolves internal tag matrix, and converts matrix axis to angles.
0x005D1E10	?GetTagAngles1@BrocSys@@YAXIAAUvector@Broc@@ABI@Z	V4	PASS	ida-manual-20260827	2026-08-27	IDA:0x005D1E10;src/game/logic/g_scr.cpp:17470	Release and source match handle/object guards, GetTagInternal call, null result behavior, and Axis4ToAngles output.
0x005D2100	?StopShellShock@BrocSys@@YAXI@Z	V3	PASS	ida-manual-20260827	2026-08-27	stop-shellshock wrapper validates local player, clears request flag, and zeroes player shellshock state.
0x005D2100	?StopShellShock@BrocSys@@YAXI@Z	V4	PASS	ida-manual-20260827	2026-08-27	IDA:0x005D2100;src/game/logic/g_scr.cpp:17572	Release and source match local-player guard, GetPlayerIndex use, and all three ps shellshock zero stores.
0x005D2180	?ViewKick@BrocSys@@YAXIHABUvector@Broc@@@Z	V3	PASS	ida-manual-20260827	2026-08-27	view-kick wrapper validates entity, computes blood damage, reports negative damage, and stores damage origin relative to player origin.
0x005D2180	?ViewKick@BrocSys@@YAXIHABUvector@Broc@@@Z	V4	PASS	ida-manual-20260827	2026-08-27	IDA:0x005D2180;src/game/logic/g_scr.cpp:17603	Release and source match client field accesses, damage formula, negative-damage error, origin subtraction, and guard flow.
0x005D2260	?LockLightVis@BrocSys@@YAXI@Z	V3	PASS	ida-manual-20260827	2026-08-27	light-visibility lock wrapper validates entity, sets lock eFlag, and validates light visibility by type.
0x005D2260	?LockLightVis@BrocSys@@YAXI@Z	V4	PASS	ida-manual-20260827	2026-08-27	IDA:0x005D2260;src/game/logic/g_scr.cpp:17630	Release and source match eFlags OR and ValidateLightVis argument.
0x005D22B0	?UnLockLightVis@BrocSys@@YAXI@Z	V3	PASS	ida-manual-20260827	2026-08-27	light-visibility unlock wrapper validates entity, clears lock eFlag, and validates light visibility by type.
0x005D22B0	?UnLockLightVis@BrocSys@@YAXI@Z	V4	PASS	ida-manual-20260827	2026-08-27	IDA:0x005D22B0;src/game/logic/g_scr.cpp:17646	Release and source match eFlags clear and ValidateLightVis argument.
0x005D2300	?Launch@BrocSys@@YAXIABUvector@Broc@@@Z	V3	PASS	ida-manual-20260827	2026-08-27	launch wrapper validates entity, sets gravity trajectory/time/delta, warns on nonfinite velocity, and links resulting motion state.
0x005D2300	?Launch@BrocSys@@YAXIABUvector@Broc@@@Z	V4	PASS	ida-manual-20260827	2026-08-27	IDA:0x005D2300;src/game/logic/g_scr.cpp:17662	Release and source match trajectory stores, fpclass nonfinite test, warning metadata, and post-launch link behavior.
0x005D2400	?LocalToWorldCoords@BrocSys@@YAXIABUvector@Broc@@AAU23@@Z	V3	PASS	ida-manual-20260827	2026-08-27	local-to-world wrapper validates entity, rotates local vector by current angles, and adds current origin.
0x005D2400	?LocalToWorldCoords@BrocSys@@YAXIABUvector@Broc@@AAU23@@Z	V4	PASS	ida-manual-20260827	2026-08-27	IDA:0x005D2400;src/game/logic/g_scr.cpp:17691	Release and source match AnglesToAxis, MatrixTransformVector, and per-axis origin addition.
0x005D2490	?GetEntityNumber@BrocSys@@YAHI@Z	V3	PASS	ida-manual-20260827	2026-08-27	entity-number getter validates entity and returns its handle value or zero.
0x005D2490	?GetEntityNumber@BrocSys@@YAHI@Z	V4	PASS	ida-manual-20260827	2026-08-27	IDA:0x005D2490;src/game/logic/g_scr.cpp:17713	Release and source match handle/object guards and value/zero returns.
0x005D24D0	?EnableGrenadeTouchDamage@BrocSys@@YAXI@Z	V3	PASS	ida-manual-20260827	2026-08-27	grenade-touch enable wrapper validates entity, requires trigger_damage class, and sets the grenade-damage flag.
0x005D24D0	?EnableGrenadeTouchDamage@BrocSys@@YAXI@Z	V4	PASS	ida-manual-20260827	2026-08-27	IDA:0x005D24D0;src/game/logic/g_scr.cpp:17726	Release and source match class check/error text and 0x40000 flag OR.
0x005D2530	?DisableGrenadeTouchDamage@BrocSys@@YAXI@Z	V3	PASS	ida-manual-20260827	2026-08-27	grenade-touch disable wrapper validates entity, requires trigger_damage class, and clears the grenade-damage flag.
0x005D2530	?DisableGrenadeTouchDamage@BrocSys@@YAXI@Z	V4	PASS	ida-manual-20260827	2026-08-27	IDA:0x005D2530;src/game/logic/g_scr.cpp:17741	Release and source match class check/error text and 0x40000 flag clear.
0x005D2590	?EnableGrenadeBounce@BrocSys@@YAXI@Z	V3	PASS	ida-manual-20260827	2026-08-27	grenade-bounce enable wrapper validates entity and clears the bounce-disabled flag.
0x005D2590	?EnableGrenadeBounce@BrocSys@@YAXI@Z	V4	PASS	ida-manual-20260827	2026-08-27	IDA:0x005D2590;src/game/logic/g_scr.cpp:17756	Release and source match handle/object guards and 0x80000 flag clear.
0x005D25D0	?DisableGrenadeBounce@BrocSys@@YAXI@Z	V3	PASS	ida-manual-20260827	2026-08-27	grenade-bounce disable wrapper validates entity and sets the bounce-disabled flag.
0x005D25D0	?DisableGrenadeBounce@BrocSys@@YAXI@Z	V4	PASS	ida-manual-20260827	2026-08-27	IDA:0x005D25D0;src/game/logic/g_scr.cpp:17770	Release and source match handle/object guards and 0x80000 flag OR.
0x005D2610	?MakeFakeAi@BrocSys@@YAXI@Z	V3	PASS	ida-manual-20260827	2026-08-27	fake-AI conversion validates entity/script-model flag, applies actor bounds/health/content/clip state, and links the entity; invalid types error.
0x005D2610	?MakeFakeAi@BrocSys@@YAXI@Z	V4	PASS	ida-manual-20260827	2026-08-27	IDA:0x005D2610;src/game/logic/g_scr.cpp:17763	Release and source match eType/flag gate, eFlags/svFlags, duplicate bounds stores, damage/health/content/clipmask writes, link call, and error path.
0x005D2790	?SetSpawnerTeam@BrocSys@@YAXIABVstring@Broc@@@Z	V3	PASS	ida-manual-20260827	2026-08-27	spawner-team setter validates AI spawner, maps axis/allies/neutral case-insensitively, and reports invalid team.
0x005D2790	?SetSpawnerTeam@BrocSys@@YAXIABVstring@Broc@@@Z	V4	PASS	ida-manual-20260827	2026-08-27	IDA:0x005D2790;src/game/logic/g_scr.cpp:17804	Release and source match eType gate, team string fallbacks/comparisons, key values, parameter error, and non-spawner error.
0x005D2890	?SetRightArc@BrocSys@@YAXIM@Z	V3	PASS	ida-manual-20260827	2026-08-27	right-arc setter validates entity/turret, stores negated/clamped arc minimum, and errors on non-turret.
0x005D2890	?SetRightArc@BrocSys@@YAXIM@Z	V4	PASS	ida-manual-20260827	2026-08-27	IDA:0x005D2890;src/game/logic/g_scr.cpp:17859	Release and source match handle/turret guards, negation and positive clamp, and error text.
0x005D2900	?SetLeftArc@BrocSys@@YAXIM@Z	V3	PASS	ida-manual-20260827	2026-08-27	left-arc setter validates entity/turret, stores nonnegative arc maximum, and errors on non-turret.
0x005D2900	?SetLeftArc@BrocSys@@YAXIM@Z	V4	PASS	ida-manual-20260827	2026-08-27	IDA:0x005D2900;src/game/logic/g_scr.cpp:17900	Release and source match handle/turret guards, store/clamp, and error text.
0x005D2960	?SetTopArc@BrocSys@@YAXIM@Z	V3	PASS	ida-manual-20260827	2026-08-27	top-arc setter validates entity/turret, stores negated arc minimum, and errors on non-turret.
0x005D2960	?SetTopArc@BrocSys@@YAXIM@Z	V4	PASS	ida-manual-20260827	2026-08-27	IDA:0x005D2960;src/game/logic/g_scr.cpp:17926	Release and source match handle/turret guards, negated store, and error text.
0x005D29C0	?SetBottomArc@BrocSys@@YAXIM@Z	V3	PASS	ida-manual-20260827	2026-08-27	bottom-arc setter validates entity/turret, stores nonnegative arc maximum, and errors on non-turret.
0x005D29C0	?SetBottomArc@BrocSys@@YAXIM@Z	V4	PASS	ida-manual-20260827	2026-08-27	IDA:0x005D29C0;src/game/logic/g_scr.cpp:17947	Release and source match handle/turret guards, store/clamp, and error text.
0x005D2A20	?SetTurretPitch@BrocSys@@YAXIM@Z	V3	PASS	ida-manual-20260827	2026-08-27	turret-pitch setter validates entity/turret, stores default pitch, and errors on non-turret.
0x005D2A20	?SetTurretPitch@BrocSys@@YAXIM@Z	V4	PASS	ida-manual-20260827	2026-08-27	IDA:0x005D2A20;src/game/logic/g_scr.cpp:17968	Release and source match handle/turret guards, pitch store, and error text.
0x005D2A80	?SetTurretYaw@BrocSys@@YAXIM@Z	V3	PASS	ida-manual-20260827	2026-08-27	turret-yaw setter validates entity/turret, stores default yaw, and warns on non-turret.
0x005D2A80	?SetTurretYaw@BrocSys@@YAXIM@Z	V4	PASS	ida-manual-20260827	2026-08-27	IDA:0x005D2A80;src/game/logic/g_scr.cpp:17988	Release and source match handle/turret guards, yaw store, NOT A TURRET warning metadata, and control flow.
0x005D2B10	?SetCharacter@BrocSys@@YAXIABVstring@Broc@@@Z	V3	PASS	ida-manual-20260827	2026-08-27	character setter validates entity and delegates to SetModel with invalid pak info.
0x005D2B10	?SetCharacter@BrocSys@@YAXIABVstring@Broc@@@Z	V4	PASS	ida-manual-20260827	2026-08-27	IDA:0x005D2B10;src/game/logic/g_scr.cpp:18003	Release and source match handle/object guards, SetModel target, invalid-pak argument, and return flow.
0x005D2B60	?ActorScr_SetFavoriteEnemy@BrocSys@@YAXPAUactor_s@@HPAVentity@Broc@@@Z	V3	PASS	ida-manual-20260827	2026-08-27	favorite-enemy field setter resolves optional entity handle, stores its sentient pointer or null, and warns on null actor.
0x005D2B60	?ActorScr_SetFavoriteEnemy@BrocSys@@YAXPAUactor_s@@HPAVentity@Broc@@@Z	V4	PASS	ida-manual-20260827	2026-08-27	IDA:0x005D2B60;src/game/logic/g_scr.cpp:18019	Release and source match val-handle resolution, actor/null assignment, ignored offset, warning metadata, and control flow.
0x005D2C00	?ScriptExplode@BrocSys@@YAXIM@Z	V3	PASS	ida-manual-20260827	2026-08-27	src/game/logic/g_scr.cpp:18030	script-explode wrapper formats destructible name, enumerates pak IDs, finds a destructible, builds upward hit point/direction, and applies script explosion damage.
0x005D2C00	?ScriptExplode@BrocSys@@YAXIM@Z	V4	PASS	ida-manual-20260827	2026-08-27	IDA:0x005D2C00;src/game/logic/g_scr.cpp:18030	Release and source match zero-num early return, pak-array iteration/bounds assertion, destructible lookup/validation, hitp/hitd initialization, and DoDamage arguments.
0x005D2D70	?SetEntityLODOverride@BrocSys@@YAXII@Z	V3	PASS	ida-manual-20260827	2026-08-27	src/game/logic/g_scr.cpp:18058	LOD override wrapper validates entity/DObj, applies start LOD, and asserts invalid entity/object cases.
0x005D2D70	?SetEntityLODOverride@BrocSys@@YAXII@Z	V4	PASS	ida-manual-20260827	2026-08-27	IDA:0x005D2D70;src/game/logic/g_scr.cpp:18058	Release and source match handle/object/DObj guards, LOD argument, separate assert metadata, and break flow.
0x005D2E40	?SetEntityFlagDrone@BrocSys@@YAXI@Z	V3	PASS	ida-manual-20260827	2026-08-27	src/game/logic/g_scr.cpp:18109	drone-flag setter validates entity, sets entity drone flag, and sets server visibility flag.
0x005D2E40	?SetEntityFlagDrone@BrocSys@@YAXI@Z	V4	PASS	ida-manual-20260827	2026-08-27	IDA:0x005D2E40;src/game/logic/g_scr.cpp:18109	Release and source match flag OR values and store ordering.
0x005D2ED0	?EntityIgnoreDanger@BrocSys@@YAXI_N00@Z	V3	PASS	ida-manual-20260827	2026-08-27	src/game/logic/g_scr.cpp:18124	danger-ignore wrapper validates entity, toggles AI/grenade ignore flags, and optionally clears sentient enemy via the release no-op helper.
0x005D2ED0	?EntityIgnoreDanger@BrocSys@@YAXI_N00@Z	V4	PASS	ida-manual-20260827	2026-08-27	IDA:0x005D2ED0;src/game/logic/g_scr.cpp:18124	Release and source match flag masks, bool branches, clearEnemy sentient guard, and nullsub_79/ReleaseNoOp_Sentient call.
0x005D2F60	?SetGetOceanHeight@BrocSys@@YAXIHH@Z	V3	PASS	ida-manual-20260827	2026-08-27	src/game/logic/g_scr.cpp:18147	ocean-height setter validates entity, toggles ocean flag, checks render entity, validates signed offset range, and stores water-height offset.
0x005D2F60	?SetGetOceanHeight@BrocSys@@YAXIHH@Z	V4	PASS	ida-manual-20260827	2026-08-27	IDA:0x005D2F60;src/game/logic/g_scr.cpp:18147	Release and source match flag masks, render guard, offset assertion bounds/message, and int16 field store.
0x005D3080	?SwapColMaps@BrocSys@@YAXII@Z	V3	PASS	ida-manual-20260827	2026-08-27	src/game/logic/g_scr.cpp:18197	collision-map swap validates both entities, resolves pak IDs, swaps bmodels for matching pak, recomputes bounds, clears caches, and relinks both.
0x005D3080	?SwapColMaps@BrocSys@@YAXII@Z	V4	PASS	ida-manual-20260827	2026-08-27	IDA:0x005D3080;src/game/logic/g_scr.cpp:18197	Release and source match dual handle/object guards, pak fallback, same-pak gate, bmodel swap, CM_ModelBounds calls, cache zeroing, and SV_LinkEntity order.
0x005D19B0	?MagicGrenadeManual2@BrocSys@@YAXIABUvector@Broc@@0@Z	V3	PASS	ida-manual-20260827	2026-08-27	default-time manual grenade overload delegates to MagicGrenadeManual1 with five seconds.
0x005D19B0	?MagicGrenadeManual2@BrocSys@@YAXIABUvector@Broc@@0@Z	V4	PASS	ida-manual-20260827	2026-08-27	IDA:0x005D19B0;src/game/logic/g_scr.cpp:17257	Release and source match argument forwarding and 5.0f duration.
0x005D2E90	?IsEntityVisible@BrocSys@@YAHI@Z	V3	PASS	ida-manual-20260827	2026-08-27	visibility predicate validates entity and calls Entity::IsVisible, returning zero for invalid handles.
0x005D2E90	?IsEntityVisible@BrocSys@@YAHI@Z	V4	PASS	ida-manual-20260827	2026-08-27	IDA:0x005D2E90;src/game/logic/g_scr.cpp:18181	Release and source match handle/object guards, IsVisible call, and zero fallback.
0x005D3030	?ScaleEntity@BrocSys@@YAXIM@Z	V3	PASS	ida-manual-20260827	2026-08-27	scale wrapper validates entity/render entity and writes render scale.
0x005D3030	?ScaleEntity@BrocSys@@YAXIM@Z	V4	PASS	ida-manual-20260827	2026-08-27	IDA:0x005D3030;src/game/logic/g_scr.cpp:18272	Release and source match handle/object/render guards and scale store.
0x005D3180	?MoveAxis@BrocSys@@YAXIHMMMM@Z	V3	PASS	ida-manual-20260827	2026-08-27	axis move wrapper validates script mover class/active state, offsets current origin on selected axis, and delegates to Mover_Move.
0x005D3180	?MoveAxis@BrocSys@@YAXIHMMMM@Z	V4	PASS	ida-manual-20260827	2026-08-27	IDA:0x005D3180;src/game/logic/g_scr.cpp:18308	Release and source match class hashes, active flag gate, axis vector construction, and Mover_Move arguments.
0x005D3270	?RotateAxis@BrocSys@@YAXIHMMMM@Z	V3	PASS	ida-manual-20260827	2026-08-27	axis rotation wrapper validates script mover class/active state, offsets current angles on selected axis, and delegates to Mover_Rotate.
0x005D3270	?RotateAxis@BrocSys@@YAXIHMMMM@Z	V4	PASS	ida-manual-20260827	2026-08-27	IDA:0x005D3270;src/game/logic/g_scr.cpp:18362	Release and source match class hashes, active flag gate, axis vector construction, and Mover_Rotate arguments.
0x005D3360	?MoveTo@BrocSys@@YAXIABUvector@Broc@@MMM@Z	V3	PASS	ida-manual-20260827	2026-08-27	move-to wrapper validates script mover class/active state, checks vector definition, converts position, and delegates to Mover_Move.
0x005D3360	?MoveTo@BrocSys@@YAXIABUvector@Broc@@MMM@Z	V4	PASS	ida-manual-20260827	2026-08-27	IDA:0x005D3360;src/game/logic/g_scr.cpp:18399	Release and source match class hashes, active gate, NaN/undefined-vector branch, native position conversion, and Mover_Move call.
0x005D34D0	?MoveX@BrocSys@@YAXIMMMM@Z	V3	PASS	ida-manual-20260827	2026-08-27	MoveX convenience wrapper delegates to MoveAxis with axis zero.
0x005D34D0	?MoveX@BrocSys@@YAXIMMMM@Z	V4	PASS	ida-manual-20260827	2026-08-27	IDA:0x005D34D0;src/game/logic/g_scr.cpp:18502	Release and source match argument order and axis constant 0.
0x005D3500	?MoveY@BrocSys@@YAXIMMMM@Z	V3	PASS	ida-manual-20260827	2026-08-27	MoveY convenience wrapper delegates to MoveAxis with axis one.
0x005D3500	?MoveY@BrocSys@@YAXIMMMM@Z	V4	PASS	ida-manual-20260827	2026-08-27	IDA:0x005D3500;src/game/logic/g_scr.cpp:18508	Release and source match argument order and axis constant 1.
0x005D3530	?MoveZ@BrocSys@@YAXIMMMM@Z	V3	PASS	ida-manual-20260827	2026-08-27	MoveZ convenience wrapper delegates to MoveAxis with axis two.
0x005D3530	?MoveZ@BrocSys@@YAXIMMMM@Z	V4	PASS	ida-manual-20260827	2026-08-27	IDA:0x005D3530;src/game/logic/g_scr.cpp:18514	Release and source match argument order and axis constant 2.
0x005D3560	?MoveGravity@BrocSys@@YAXIABUvector@Broc@@MM@Z	V3	PASS	ida-manual-20260827	2026-08-27	gravity move wrapper validates script mover class/active state, checks velocity definition, and delegates to Mover_GravityMove.
0x005D3560	?MoveGravity@BrocSys@@YAXIABUvector@Broc@@MM@Z	V4	PASS	ida-manual-20260827	2026-08-27	IDA:0x005D3560;src/game/logic/g_scr.cpp:18521	Release and source match class hashes, active gate, undefined-velocity assertion, and Mover_GravityMove arguments.
0x005D3670	?RotateTo@BrocSys@@YAXIABUvector@Broc@@MMM@Z	V3	PASS	ida-manual-20260827	2026-08-27	rotate-to wrapper validates script mover class/active state, checks destination and time values, computes angle deltas, and delegates to Mover_Rotate.
0x005D3670	?RotateTo@BrocSys@@YAXIABUvector@Broc@@MMM@Z	V4	PASS	ida-manual-20260827	2026-08-27	IDA:0x005D3670;src/game/logic/g_scr.cpp:18356	Release and source match class/active guards, undefined destination assertion, AngleSubtract calculations, finite-value checks, and Mover_Rotate arguments.
0x005D3980	?RotatePitch@BrocSys@@YAXIMMMM@Z	V3	PASS	ida-manual-20260827	2026-08-27	RotatePitch convenience wrapper delegates to RotateAxis with axis zero.
0x005D3980	?RotatePitch@BrocSys@@YAXIMMMM@Z	V4	PASS	ida-manual-20260827	2026-08-27	IDA:0x005D3980;src/game/logic/g_scr.cpp:18407	Release and source match argument order and axis constant 0.
0x005D39B0	?RotateYaw@BrocSys@@YAXIMMMM@Z	V3	PASS	ida-manual-20260827	2026-08-27	RotateYaw convenience wrapper delegates to RotateAxis with axis one.
0x005D39B0	?RotateYaw@BrocSys@@YAXIMMMM@Z	V4	PASS	ida-manual-20260827	2026-08-27	IDA:0x005D39B0;src/game/logic/g_scr.cpp:18413	Release and source match argument order and axis constant 1.
0x005D39E0	?RotateRoll@BrocSys@@YAXIMMMM@Z	V3	PASS	ida-manual-20260827	2026-08-27	RotateRoll convenience wrapper delegates to RotateAxis with axis two.
0x005D39E0	?RotateRoll@BrocSys@@YAXIMMMM@Z	V4	PASS	ida-manual-20260827	2026-08-27	IDA:0x005D39E0;src/game/logic/g_scr.cpp:18419	Release and source match argument order and axis constant 2.
0x005D3A10	?RotateVelocity@BrocSys@@YAXIABUvector@Broc@@MMM@Z	V3	PASS	ida-manual-20260827	2026-08-27	rotation-velocity wrapper validates script mover class/active state, checks speed vector, converts it to engine position type, and delegates to Mover_RotateSpeed.
0x005D3A10	?RotateVelocity@BrocSys@@YAXIABUvector@Broc@@MMM@Z	V4	PASS	ida-manual-20260827	2026-08-27	IDA:0x005D3A10;src/game/logic/g_scr.cpp:18457	Release and source match class/active guards, undefined-speed assertion, native conversion, and Mover_RotateSpeed arguments.
0x005D3B50	?Solid@BrocSys@@YAXI@Z	V3	PASS	ida-manual-20260827	2026-08-27	solid wrapper validates script mover class, handles script_origin diagnostic, sets contents/eFlags, and relinks.
0x005D3B50	?Solid@BrocSys@@YAXI@Z	V4	PASS	ida-manual-20260827	2026-08-27	IDA:0x005D3B50;src/game/logic/g_scr.cpp:18500	Release and source match class dispatch, script_origin diagnostic/error control flow, contents=1, eFlags clear, and g_LinkEntity.
0x005D3BF0	?NotSolid@BrocSys@@YAXI@Z	V3	PASS	ida-manual-20260827	2026-08-27	not-solid wrapper validates script mover class, handles script_origin diagnostic, clears contents/sets eFlags, and relinks.
0x005D3BF0	?NotSolid@BrocSys@@YAXI@Z	V4	PASS	ida-manual-20260827	2026-08-27	IDA:0x005D3BF0;src/game/logic/g_scr.cpp:18536	Release and source match class dispatch, script_origin diagnostic/error control flow, contents=0, eFlags set, and g_LinkEntity.
0x005D3C90	?InitEntityMove@BrocSys@@YAXXZ	V3	PASS	ida-manual-20260827	2026-08-27	entity-move initializer installs move/rotate/solid function pointers into the active Broc API.
0x005D3C90	?InitEntityMove@BrocSys@@YAXXZ	V4	PASS	ida-manual-20260827	2026-08-27	IDA:0x005D3C90;src/game/logic/g_scr.cpp:18572	Release and source match gpBrocAPI destination, all twelve movement/rotation/solid assignments, and returned-pointer-free void flow.
0x005D3D50	?MPScript_PlayerRespawn@BrocSys@@YAXIABUvector@Broc@@0ABVstring@3@@Z	V3	PASS	ida-manual-20260827	2026-08-27	player-respawn wrapper validates handle, maps axis/allies/neutral team, asserts missing client, converts origin/angles, and calls MultiplayerMgr::PlayerRespawn.
0x005D3D50	?MPScript_PlayerRespawn@BrocSys@@YAXIABUvector@Broc@@0ABVstring@3@@Z	V4	PASS	ida-manual-20260827	2026-08-27	IDA:0x005D3D50;src/game/logic/g_scr.cpp:18589	Release and source match handle/key validation, team mapping, assert metadata, vector conversion, and PlayerRespawn arguments.
0x005D3ED0	?MPScript_PlayerSpawn@BrocSys@@YAXIABUvector@Broc@@0_N@Z	V3	PASS	ida-manual-20260827	2026-08-27	player-spawn wrapper validates entity/sentient, asserts missing client, copies origin/angles, and calls ClientSpawn.
0x005D3ED0	?MPScript_PlayerSpawn@BrocSys@@YAXIABUvector@Broc@@0_N@Z	V4	PASS	ida-manual-20260827	2026-08-27	IDA:0x005D3ED0;src/game/logic/g_scr.cpp:18638	Release and source match handle/key validation, sentient guard, assert metadata, vector copies, and ClientSpawn flags.
0x005D3FD0	?MPScript_SetPlayerAlive@BrocSys@@YAXIH@Z	V3	PASS	ida-manual-20260827	2026-08-27	player-alive wrapper updates pm_type, client health stat, and entity health for dead/alive health values.
0x005D3FD0	?MPScript_SetPlayerAlive@BrocSys@@YAXIH@Z	V4	PASS	ida-manual-20260827	2026-08-27	IDA:0x005D3FD0;src/game/logic/g_scr.cpp:18667	Release and source match handle/key/client guards, pm_type values 6/0, stats[0], and entity health writes.
0x005D4050	?SetRespawnMaxTime@BrocSys@@YAXIH@Z	V3	PASS	ida-manual-20260827	2026-08-27	respawn-max-time wrapper validates handle and writes client respawnUntilTime.
0x005D4050	?SetRespawnMaxTime@BrocSys@@YAXIH@Z	V4	PASS	ida-manual-20260827	2026-08-27	IDA:0x005D4050;src/game/logic/g_scr.cpp:18696	Release and source match handle/key/client guards and respawnUntilTime assignment.
0x005D40A0	?MPScript_GetPlayerName@BrocSys@@YAPBDI@Z	V3	PASS	ida-manual-20260827	2026-08-27	player-name wrapper validates handle, asserts missing client, and delegates to MultiplayerMgr::GetPlayerName.
0x005D40A0	?MPScript_GetPlayerName@BrocSys@@YAPBDI@Z	V4	PASS	ida-manual-20260827	2026-08-27	IDA:0x005D40A0;src/game/logic/g_scr.cpp:18711	Release and source match invalid-handle returns, assert metadata, and GetPlayerName dispatch.
0x005D4130	?MPScript_FinishDamage@BrocSys@@YAXIIIABUvector@Broc@@0HHHH@Z	V3	PASS	ida-manual-20260827	2026-08-27	finish-damage wrapper resolves target/inflictor/attacker handles, validates target client type, and delegates G_FinishDamage.
0x005D4130	?MPScript_FinishDamage@BrocSys@@YAXIIIABUvector@Broc@@0HHHH@Z	V4	PASS	ida-manual-20260827	2026-08-27	IDA:0x005D4130;src/game/logic/g_scr.cpp:18735	Release and source match handle resolution, IsValidClientType guard, vector pointers, and damage arguments.
0x005D41F0	?MPScript_IsLocalPlayer@BrocSys@@YA_NI@Z	V3	PASS	ida-manual-20260827	2026-08-27	local-player query validates handle/object and delegates MultiplayerMgr::IsLocalPlayer.
0x005D41F0	?MPScript_IsLocalPlayer@BrocSys@@YA_NI@Z	V4	PASS	ida-manual-20260827	2026-08-27	IDA:0x005D41F0;src/game/logic/g_scr.cpp:18771	Release and source match handle/key/object short-circuiting and local-player dispatch.
0x005D4230	?MPScript_IsInVehicle1@BrocSys@@YA_NI@Z	V3	PASS	ida-manual-20260827	2026-08-27	one-argument vehicle query resolves entity, validates client type, and delegates MultiplayerMgr::IsInVehicle.
0x005D4230	?MPScript_IsInVehicle1@BrocSys@@YA_NI@Z	V4	PASS	ida-manual-20260827	2026-08-27	IDA:0x005D4230;src/game/logic/g_scr.cpp:18782	Release and source match handle/object resolution, IsValidClientType guard, and IsInVehicle call.
0x005D4290	?MPScript_IsInVehicle2@BrocSys@@YA_NII@Z	V3	PASS	ida-manual-20260827	2026-08-27	two-argument vehicle query resolves vehicle/player handles, validates vehicle/client state, and delegates MultiplayerMgr::IsInVehicle.
0x005D4290	?MPScript_IsInVehicle2@BrocSys@@YA_NII@Z	V4	PASS	ida-manual-20260827	2026-08-27	IDA:0x005D4290;src/game/logic/g_scr.cpp:18795	Release and source match both handle/key paths, scr_vehicle/client checks, and IsInVehicle arguments.
0x005D4320	?MPScript_GetPlayerInSeat@BrocSys@@YAIII@Z	V3	PASS	ida-manual-20260827	2026-08-27	player-in-seat query validates vehicle handle, scr_vehicle, and seat range before returning occupant handle.
0x005D4320	?MPScript_GetPlayerInSeat@BrocSys@@YAIII@Z	V4	PASS	ida-manual-20260827	2026-08-27	IDA:0x005D4320;src/game/logic/g_scr.cpp:18817	Release and source match handle/key/object/vehicle guards, seat <= 11, and occupant handle return.
0x005D4370	?MPScript_GetOutOfVehicle@BrocSys@@YAXI@Z	V3	PASS	ida-manual-20260827	2026-08-27	get-out-of-vehicle wrapper validates local client, resolves owner vehicle, and delegates seat-indexed MultiplayerMgr removal.
0x005D4370	?MPScript_GetOutOfVehicle@BrocSys@@YAXI@Z	V4	PASS	ida-manual-20260827	2026-08-27	IDA:0x005D4370;src/game/logic/g_scr.cpp:18835	Release and source match local-client guard, owner handle validation, null vehicle check, and vehPos argument.
0x005D4400	?MPScript_SetPlayerTeam@BrocSys@@YA_NIABVstring@Broc@@@Z	V3	PASS	ida-manual-20260827	2026-08-27	set-player-team wrapper resolves entity and returns true for non-client or local player; team argument is intentionally unused.
0x005D4400	?MPScript_SetPlayerTeam@BrocSys@@YA_NIABVstring@Broc@@@Z	V4	PASS	ida-manual-20260827	2026-08-27	IDA:0x005D4400;src/game/logic/g_scr.cpp:18858	Release and source match ignored team parameter, handle resolution, IsValidClientType negation, and IsLocalPlayer call.
0x005D4450	?MPScript_Obituary@BrocSys@@YAXIIABVstring@Broc@@H_N@Z	V3	PASS	ida-manual-20260827	2026-08-27	obituary wrapper validates target with assert, resolves attacker, maps weapon/mod fallback, and calls CG_Obituary.
0x005D4450	?MPScript_Obituary@BrocSys@@YAXIIABVstring@Broc@@H_N@Z	V4	PASS	ida-manual-20260827	2026-08-27	IDA:0x005D4450;src/game/logic/g_scr.cpp:18872	Release and source match target assert metadata, attacker lookup, weapon-name fallback/index logic, mod mask, and teamGame.
0x005D4590	?MPScript_IncPlayerStat@BrocSys@@YAXIIF@Z	V3	PASS	ida-manual-20260827	2026-08-27	increment-stat wrapper validates player/stat, resolves class-specific stat ownership, checks class range, and increments the selected stat.
0x005D4590	?MPScript_IncPlayerStat@BrocSys@@YAXIIF@Z	V4	PASS	ida-manual-20260827	2026-08-27	IDA:0x005D4590;src/game/logic/g_scr.cpp:18928	Release and source match assert metadata, stat bounds, class-specific mapping, invalid-class returns/assert, and indexed increment.
0x005D4750	?MPScript_SetPlayerStat@BrocSys@@YAXIIF@Z	V3	PASS	ida-manual-20260827	2026-08-27	set-stat wrapper mirrors increment-stat validation/class selection and writes the selected stat.
0x005D4750	?MPScript_SetPlayerStat@BrocSys@@YAXIIF@Z	V4	PASS	ida-manual-20260827	2026-08-27	IDA:0x005D4750;src/game/logic/g_scr.cpp:19003	Release and source match all assert metadata, class/stat branches, invalid-class behavior, and indexed assignment.
0x005D4910	?MPScript_GetPlayerStat@BrocSys@@YAFII@Z	V3	PASS	ida-manual-20260827	2026-08-27	get-stat wrapper validates player/stat and returns client persistent stat or zero for invalid client type.
0x005D4910	?MPScript_GetPlayerStat@BrocSys@@YAFII@Z	V4	PASS	ida-manual-20260827	2026-08-27	IDA:0x005D4910;src/game/logic/g_scr.cpp:19078	Release and source match assert metadata, stat bounds, GetStat call, and zero fallback.
0x005D4A10	?MPScript_GetPlayerTotalScore@BrocSys@@YAHI@Z	V3	PASS	ida-manual-20260827	2026-08-27	total-score wrapper validates player, sums base score plus seven 29-stat class rows, and returns zero for invalid client type.
0x005D4A10	?MPScript_GetPlayerTotalScore@BrocSys@@YAHI@Z	V4	PASS	ida-manual-20260827	2026-08-27	IDA:0x005D4A10;src/game/logic/g_scr.cpp:19114	Release and source match assert metadata, base score, seven-row TotalScoreForStats loop, and invalid-client return.
0x005D4AE0	?MPScript_ChangePlayerTeam@BrocSys@@YAXIABVstring@Broc@@_N@Z	V3	PASS	ida-manual-20260827	2026-08-27	change-team wrapper resolves valid client, maps axis/allies/neutral, errors unknown team, and calls host-only ChangeTeam with auto-balance.
0x005D4AE0	?MPScript_ChangePlayerTeam@BrocSys@@YAXIABVstring@Broc@@_N@Z	V4	PASS	ida-manual-20260827	2026-08-27	IDA:0x005D4AE0;src/game/logic/g_scr.cpp:19148	Release and source match team comparisons, default-file string fallback, Scr_Error text, and ChangeTeam arguments.
0x005D4CB0	?MPScript_SendGameState@BrocSys@@YAXIHIIIH_NNNHHH_NHH@Z	V3	PASS	ida-manual-20260827	2026-08-27	game-state wrapper resolves player and delegates the complete mode-state argument set for valid clients.
0x005D4CB0	?MPScript_SendGameState@BrocSys@@YAXIHIIIH_NNNHHH_NHH@Z	V4	PASS	ida-manual-20260827	2026-08-27	IDA:0x005D4CB0;src/game/logic/g_scr.cpp:19222	Release and source match handle resolution, IsValidClientType guard, and all fourteen SendGameState arguments.
0x005D4E20	?MPScript_SendGameStateCTF@BrocSys@@YAXIABUvector@Broc@@0I0ABU2@I@Z	V3	PASS	ida-manual-20260827	2026-08-27	CTF state wrapper validates host/player, resolves both flag holders, converts four vectors, and delegates SendGameStateCTF.
0x005D4E20	?MPScript_SendGameStateCTF@BrocSys@@YAXIABUvector@Broc@@0I0ABU2@I@Z	V4	PASS	ida-manual-20260827	2026-08-27	IDA:0x005D4E20;src/game/logic/g_scr.cpp:19273	Release and source match host/client guards, holder handle paths, vector lane copies/zero lanes, and SendGameStateCTF ordering.
0x005D4FC0	?MPScript_SendGameStateSCF@BrocSys@@YAXIHUvector@Broc@@0I@Z	V3	PASS	ida-manual-20260827	2026-08-27	SCF game-state wrapper validates host/player, resolves flag holder, converts flag origin/angles, and delegates SendGameStateSCF.
0x005D4FC0	?MPScript_SendGameStateSCF@BrocSys@@YAXIHUvector@Broc@@0I@Z	V4	PASS	ida-manual-20260827	2026-08-27	IDA:0x005D4FC0;src/game/logic/g_scr.cpp:19348	Release and source match host/client guards, holder lookup, vector lane copies, and SendGameStateSCF ordering.
0x005D50D0	?MPScript_SendGameStateDOM@BrocSys@@YAXIHHHHH@Z	V3	PASS	ida-manual-20260827	2026-08-27	DOM game-state wrapper validates host/player and forwards all five flag-state values.
0x005D50D0	?MPScript_SendGameStateDOM@BrocSys@@YAXIHHHHH@Z	V4	PASS	ida-manual-20260827	2026-08-27	IDA:0x005D50D0;src/game/logic/g_scr.cpp:19401	Release and source match handle resolution, IsValidClientType/IsHost guards, and SendGameStateDOM arguments.
0x005D5140	?MPScript_SendGameStateSD@BrocSys@@YAXIII_NUvector@Broc@@1H@Z	V3	PASS	ida-manual-20260827	2026-08-27	SD game-state wrapper resolves player/planter/defuser handles, host-checks, converts bomb vectors, and delegates SendGameStateSD.
0x005D5140	?MPScript_SendGameStateSD@BrocSys@@YAXIII_NUvector@Broc@@1H@Z	V4	PASS	ida-manual-20260827	2026-08-27	IDA:0x005D5140;src/game/logic/g_scr.cpp:19416	Release and source match all three handle paths, host guard, vector copies, and planted/time argument ordering.
0x005D5270	?MPScript_PickupItem@BrocSys@@YAXHI@Z	V3	PASS	ida-manual-20260827	2026-08-27	pickup wrapper resolves player and delegates PickupItem for null-player sentinel or valid client type.
0x005D5270	?MPScript_PickupItem@BrocSys@@YAXHI@Z	V4	PASS	ida-manual-20260827	2026-08-27	IDA:0x005D5270;src/game/logic/g_scr.cpp:19467	Release and source match player==0 bypass, client validation, itemType=0, and script=true arguments.
0x005D52D0	?MPScript_GetSpotterEntity@BrocSys@@YAII@Z	V3	PASS	ida-manual-20260827	2026-08-27	spotter query validates handle, checks fresh client spot time, then vehicle spotting and returns last-spotter handle.
0x005D52D0	?MPScript_GetSpotterEntity@BrocSys@@YAII@Z	V4	PASS	ida-manual-20260827	2026-08-27	IDA:0x005D52D0;src/game/logic/g_scr.cpp:19482	Release and source match invalid-handle/object returns, 15-second level-time window, client/vehicle spotter fields, and zero fallback.
0x005D5350	?MPScript_ClearSpottingFromOccupants@BrocSys@@YAXI@Z	V3	PASS	ida-manual-20260827	2026-08-27	occupant-spot clear validates vehicle/seats, asserts missing occupant client, and clears each occupant spotTime.
0x005D5350	?MPScript_ClearSpottingFromOccupants@BrocSys@@YAXI@Z	V4	PASS	ida-manual-20260827	2026-08-27	IDA:0x005D5350;src/game/logic/g_scr.cpp:19501	Release and source match eleven-seat loop, repeated handle resolution, assert metadata, and final occupant client write.
0x005D54A0	?MPScript_SendHostBombRequest@BrocSys@@YAXI_N@Z	V3	PASS	ida-manual-20260827	2026-08-27	host-bomb-request wrapper resolves optional player and forwards defusing flag.
0x005D54A0	?MPScript_SendHostBombRequest@BrocSys@@YAXI_N@Z	V4	PASS	ida-manual-20260827	2026-08-27	IDA:0x005D54A0;src/game/logic/g_scr.cpp:19540	Release and source match handle/key resolution and SendHostBombRequest arguments.
0x005D54E0	?MPScript_SendBombExplosion@BrocSys@@YAXI@Z	V3	PASS	ida-manual-20260827	2026-08-27	bomb-explosion wrapper resolves optional player and forwards it.
0x005D54E0	?MPScript_SendBombExplosion@BrocSys@@YAXI@Z	V4	PASS	ida-manual-20260827	2026-08-27	IDA:0x005D54E0;src/game/logic/g_scr.cpp:19552	Release and source match handle/key resolution and SendBombExplosion call.
0x005D5520	?MPScript_SendBombOperation@BrocSys@@YAXI_N@Z	V3	PASS	ida-manual-20260827	2026-08-27	bomb-operation wrapper resolves optional player and forwards defusing flag.
0x005D5520	?MPScript_SendBombOperation@BrocSys@@YAXI_N@Z	V4	PASS	ida-manual-20260827	2026-08-27	IDA:0x005D5520;src/game/logic/g_scr.cpp:19564	Release and source match handle/key resolution and SendBombOperation arguments.
0x005D5560	?MPScript_SendBombOperationEvent@BrocSys@@YAXI_N0@Z	V3	PASS	ida-manual-20260827	2026-08-27	bomb-operation-event wrapper resolves optional player and forwards defusing/success flags.
0x005D5560	?MPScript_SendBombOperationEvent@BrocSys@@YAXI_N0@Z	V4	PASS	ida-manual-20260827	2026-08-27	IDA:0x005D5560;src/game/logic/g_scr.cpp:19576	Release and source match handle/key resolution and SendBombOperationEvent arguments.
0x005D55B0	?MPScript_NextButtonPressed@BrocSys@@YAHI@Z	V3	PASS	ida-manual-20260827	2026-08-27	next-button query validates client and returns buttons bit 0 or zero.
0x005D55B0	?MPScript_NextButtonPressed@BrocSys@@YAHI@Z	V4	PASS	ida-manual-20260827	2026-08-27	IDA:0x005D55B0;src/game/logic/g_scr.cpp:19589	Release and source match handle/key resolution, IsValidClientType guard, and bitmask 1.
0x005D5610	?MPScript_PrevButtonPressed@BrocSys@@YAHI@Z	V3	PASS	ida-manual-20260827	2026-08-27	previous-button query validates client and returns buttons bit 1 or zero.
0x005D5610	?MPScript_PrevButtonPressed@BrocSys@@YAHI@Z	V4	PASS	ida-manual-20260827	2026-08-27	IDA:0x005D5610;src/game/logic/g_scr.cpp:19602	Release and source match handle/key resolution, IsValidClientType guard, and bitmask 2.
0x005D5670	?MPScript_DebugRenderEntityBBox@BrocSys@@YAXIABUvector@Broc@@M@Z	V3	PASS	ida-manual-20260827	2026-08-27	bbox debug wrapper validates entity, asserts zero-size bounds, builds RGBA color, and renders absolute bounds.
0x005D5670	?MPScript_DebugRenderEntityBBox@BrocSys@@YAXIABUvector@Broc@@M@Z	V4	PASS	ida-manual-20260827	2026-08-27	IDA:0x005D5670;src/game/logic/g_scr.cpp:19615	Release and source match size assertion metadata, color component copies, and DebugRender::RenderBox arguments.
0x005D5760	?GiveWeapon@BrocSys@@YAXIABVstring@Broc@@@Z	V3	PASS	ida-manual-20260827	2026-08-27	give-weapon wrapper validates client, resolves string storage/default, and delegates weapon grant.
0x005D5760	?GiveWeapon@BrocSys@@YAXIABVstring@Broc@@@Z	V4	PASS	ida-manual-20260827	2026-08-27	IDA:0x005D5760;src/game/logic/g_scr.cpp:19646	Release and source match handle/key/client guards and mBlock+1/defaultFileName dispatch.
0x005D57D0	?GiveWeaponAndAmmo@BrocSys@@YAXIABVstring@Broc@@H@Z	V3	PASS	ida-manual-20260827	2026-08-27	give-weapon-ammo wrapper resolves weapon index, preserves prior ownership, grants weapon, and adds requested ammo.
0x005D57D0	?GiveWeaponAndAmmo@BrocSys@@YAXIABVstring@Broc@@H@Z	V4	PASS	ida-manual-20260827	2026-08-27	IDA:0x005D57D0;src/game/logic/g_scr.cpp:19665	Release and source match string fallback, weapon lookup, Com_BitCheck, BG_GivePlayerWeapon, and Add_Ammo arguments.
0x005D5870	?TakeWeapon@BrocSys@@YAXIABVstring@Broc@@@Z	V3	PASS	ida-manual-20260827	2026-08-27	take-weapon wrapper validates client, resolves string storage/default, and delegates weapon removal.
0x005D5870	?TakeWeapon@BrocSys@@YAXIABVstring@Broc@@@Z	V4	PASS	ida-manual-20260827	2026-08-27	IDA:0x005D5870;src/game/logic/g_scr.cpp:19696	Release and source match handle/key/client guards and mBlock+1/defaultFileName dispatch.
0x005D58E0	?TakeAllWeapons@BrocSys@@YAXI@Z	V3	PASS	ida-manual-20260827	2026-08-27	take-all wrapper clears current weapon, local selection, ammo/clip arrays, and every player weapon.
0x005D58E0	?TakeAllWeapons@BrocSys@@YAXI@Z	V4	PASS	ida-manual-20260827	2026-08-27	IDA:0x005D58E0;src/game/logic/g_scr.cpp:19673	Release and source match client guard, local BG_SelectWeaponIndex, weapon-count loop, ammo/clip clears, and BG_TakePlayerWeapon.
0x005D59A0	?GetCurrentWeapon@BrocSys@@YAXIAAVstring@Broc@@@Z	V3	PASS	ida-manual-20260827	2026-08-27	current-weapon getter validates client and writes none or the internal weapon name to output string.
0x005D59A0	?GetCurrentWeapon@BrocSys@@YAXIAAVstring@Broc@@@Z	V4	PASS	ida-manual-20260827	2026-08-27	IDA:0x005D59A0;src/game/logic/g_scr.cpp:19698	Release and source match weapon<=0 branch, BG_GetInfoForWeapon, and Broc string assignment.
0x005D5A20	?HasWeaponAndAmmo@BrocSys@@YA_NIABVstring@Broc@@AAH@Z	V3	PASS	ida-manual-20260827	2026-08-27	weapon/ammo query zeroes output, validates client, checks weapon ownership, and sums reserve plus clip ammo.
0x005D5A20	?HasWeaponAndAmmo@BrocSys@@YA_NIABVstring@Broc@@AAH@Z	V4	PASS	ida-manual-20260827	2026-08-27	IDA:0x005D5A20;src/game/logic/g_scr.cpp:19726	Release and source match string fallback, weapon/clip lookup, Com_BitCheck, ammo summation, and bool returns.
0x005D5AF0	?HasWeapon@BrocSys@@YA_NIABVstring@Broc@@@Z	V3	PASS	ida-manual-20260827	2026-08-27	weapon query validates client, resolves weapon name/index, and tests possession bit.
0x005D5AF0	?HasWeapon@BrocSys@@YA_NIABVstring@Broc@@@Z	V4	PASS	ida-manual-20260827	2026-08-27	IDA:0x005D5AF0;src/game/logic/g_scr.cpp:19757	Release and source match string fallback, BG_GetWeaponIndexForName, Com_BitCheck, and invalid-client return.
0x005D5B70	?SwitchToWeapon@BrocSys@@YA_NIABVstring@Broc@@@Z	V3	PASS	ida-manual-20260827	2026-08-27	switch-weapon wrapper resolves index, reports unknown weapon, selects locally when owned, or updates remote weapon state.
0x005D5B70	?SwitchToWeapon@BrocSys@@YA_NIABVstring@Broc@@@Z	V4	PASS	ida-manual-20260827	2026-08-27	IDA:0x005D5B70;src/game/logic/g_scr.cpp:19779	Release and source match string fallback, unknown-weapon Scr_ParamError, local ownership check/selection, and remote state writes.
0x005D5C50	?SwitchToLastWeapon@BrocSys@@YA_NI@Z	V3	PASS	ida-manual-20260827	2026-08-27	last-weapon wrapper validates local client, weapon ownership/slot membership, and selects the saved weapon.
0x005D5C50	?SwitchToLastWeapon@BrocSys@@YA_NI@Z	V4	PASS	ida-manual-20260827	2026-08-27	IDA:0x005D5C50;src/game/logic/g_scr.cpp:19824	Release and source match invalid-state checks, lastWeapon/slot tests, player-index lookup, and BG_SelectWeaponIndex.
0x005D5CF0	?GiveStartAmmo@BrocSys@@YAXIABVstring@Broc@@@Z	V3	PASS	ida-manual-20260827	2026-08-27	start-ammo wrapper validates ownership, computes start-ammo deficit, and adds only positive missing ammo.
0x005D5CF0	?GiveStartAmmo@BrocSys@@YAXIABVstring@Broc@@@Z	V4	PASS	ida-manual-20260827	2026-08-27	IDA:0x005D5CF0;src/game/logic/g_scr.cpp:19848	Release and source match name fallback, ownership check, weapon info/start ammo lookup, deficit test, and Add_Ammo.
0x005D5DA0	?GiveMaxAmmo@BrocSys@@YAXIABVstring@Broc@@@Z	V3	PASS	ida-manual-20260827	2026-08-27	max-ammo wrapper validates ownership, computes max-ammo deficit, and adds only positive missing ammo.
0x005D5DA0	?GiveMaxAmmo@BrocSys@@YAXIABVstring@Broc@@@Z	V4	PASS	ida-manual-20260827	2026-08-27	IDA:0x005D5DA0;src/game/logic/g_scr.cpp:19876	Release and source match name fallback, ownership check, ammo-type max lookup, deficit test, and Add_Ammo.
0x005D5E60	?GetFractionStartAmmo@BrocSys@@YAMIABVstring@Broc@@@Z	V3	PASS	ida-manual-20260827	2026-08-27	start-ammo fraction query returns 0/1 for invalid/unowned/zero-start cases and otherwise current/start ratio.
0x005D5E60	?GetFractionStartAmmo@BrocSys@@YAMIABVstring@Broc@@@Z	V4	PASS	ida-manual-20260827	2026-08-27	IDA:0x005D5E60;src/game/logic/g_scr.cpp:19904	Release and source match client/name/ownership guards, start-ammo lookup, zero handling, and ratio calculation.
0x005D5F40	?GetFractionMaxAmmo@BrocSys@@YAMIABVstring@Broc@@@Z	V3	PASS	ida-manual-20260827	2026-08-27	max-ammo fraction query handles reserve and clip-only weapons with invalid/unowned/zero/max branches.
0x005D5F40	?GetFractionMaxAmmo@BrocSys@@YAMIABVstring@Broc@@@Z	V4	PASS	ida-manual-20260827	2026-08-27	IDA:0x005D5F40;src/game/logic/g_scr.cpp:19931	Release and source match ammo/clip metadata, thresholds, reserve/clip ratios, and fallback values.
0x005D60A0	?SetOrigin@BrocSys@@YAXIABUvector@Broc@@@Z	V3	PASS	ida-manual-20260827	2026-08-27	origin setter validates client and delegates SetClientOrigin with vector coordinates.
0x005D60A0	?SetOrigin@BrocSys@@YAXIABUvector@Broc@@@Z	V4	PASS	ida-manual-20260827	2026-08-27	IDA:0x005D60A0;src/game/logic/g_scr.cpp:19973	Release and source match handle/key/client guard and origin pointer argument.
0x005D60F0	?SetVelocity@BrocSys@@YAXIABUvector@Broc@@@Z	V3	PASS	ida-manual-20260827	2026-08-27	velocity setter validates client and copies all three vector components into player-state velocity.
0x005D60F0	?SetVelocity@BrocSys@@YAXIABUvector@Broc@@@Z	V4	PASS	ida-manual-20260827	2026-08-27	IDA:0x005D60F0;src/game/logic/g_scr.cpp:19986	Release and source match three scalar stores at velocity offsets 0x10/0x14/0x18.
0x005D6160	?SetPlayerAngles@BrocSys@@YAXIABUvector@Broc@@@Z	V3	PASS	ida-manual-20260827	2026-08-27	player-angle setter validates client, asserts all-NaN undefined angles, and delegates SetClientViewAngle.
0x005D6160	?SetPlayerAngles@BrocSys@@YAXIABUvector@Broc@@@Z	V4	PASS	ida-manual-20260827	2026-08-27	IDA:0x005D6160;src/game/logic/g_scr.cpp:20003	Release and source match NaN test, JRS assert metadata, and SetClientViewAngle dispatch.
0x005D6230	?GetPlayerAngles@BrocSys@@YA?AUvector@Broc@@I@Z	V3	PASS	ida-manual-20260827	2026-08-27	player-angle getter returns NaN vector for invalid clients or the three view-angle components for valid clients.
0x005D6230	?GetPlayerAngles@BrocSys@@YA?AUvector@Broc@@I@Z	V4	PASS	ida-manual-20260827	2026-08-27	IDA:0x005D6230;src/game/logic/g_scr.cpp:20029	Release and source match invalid-client NaN fields, viewangles x/y/z loads, and value-return ABI.
0x005D62C0	?UseButtonPressed@BrocSys@@YAHI@Z	V3	PASS	ida-manual-20260827	2026-08-27	use-button query validates client and tests buttons mask 0x60.
0x005D62C0	?UseButtonPressed@BrocSys@@YAHI@Z	V4	PASS	ida-manual-20260827	2026-08-27	IDA:0x005D62C0;src/game/logic/g_scr.cpp:20054	Release and source match handle/key resolution, client guard, and 0x60 mask.
0x005D6320	?AttackButtonPressed@BrocSys@@YAHI@Z	V3	PASS	ida-manual-20260827	2026-08-27	attack-button query validates client and returns buttons bit 0 or zero.
0x005D6320	?AttackButtonPressed@BrocSys@@YAHI@Z	V4	PASS	ida-manual-20260827	2026-08-27	IDA:0x005D6320;src/game/logic/g_scr.cpp:20066	Release and source match handle/key resolution, client guard, and bitmask 1.
0x005D6380	?MeleeButtonPressed@BrocSys@@YAHI@Z	V3	PASS	ida-manual-20260827	2026-08-27	melee-button query validates client and returns buttons bit 4 shifted to boolean or zero.
0x005D6380	?MeleeButtonPressed@BrocSys@@YAHI@Z	V4	PASS	ida-manual-20260827	2026-08-27	IDA:0x005D6380;src/game/logic/g_scr.cpp:20079	Release and source match handle/key resolution, client guard, mask 0x10, and shift.
0x005D63E0	?IsAds@BrocSys@@YA_NI@Z	V3	PASS	ida-manual-20260827	2026-08-27	ADS query validates client and tests pm_flags bit 0x20.
0x005D63E0	?IsAds@BrocSys@@YA_NI@Z	V4	PASS	ida-manual-20260827	2026-08-27	IDA:0x005D63E0;src/game/logic/g_scr.cpp:20092	Release and source match handle/key resolution, client guard, and pm_flags mask.
0x005D6440	?IsOnGround@BrocSys@@YA_NI@Z	V3	PASS	ida-manual-20260827	2026-08-27	ground query validates client and tests nonzero ground-entity handle.
0x005D6440	?IsOnGround@BrocSys@@YA_NI@Z	V4	PASS	ida-manual-20260827	2026-08-27	IDA:0x005D6440;src/game/logic/g_scr.cpp:20104	Release and source match handle/key resolution, client guard, and ground-handle field.
0x005D64A0	?SetViewModel@BrocSys@@YAXIABVstring@Broc@@@Z	V3	PASS	ida-manual-20260827	2026-08-27	viewmodel setter validates client, resolves pak/name, loads XModel, and stores it in player state.
0x005D64A0	?SetViewModel@BrocSys@@YAXIABVstring@Broc@@@Z	V4	PASS	ida-manual-20260827	2026-08-27	IDA:0x005D64A0;src/game/logic/g_scr.cpp:20116	Release and source match name fallback, pak-id fallback, XModelManager call, and viewmodel assignment.
0x005D6530	?AllowUse@BrocSys@@YAXI_N@Z	V3	PASS	ida-manual-20260827	2026-08-27	allow-use wrapper validates client and toggles the use-disabled flag bit.
0x005D6530	?AllowUse@BrocSys@@YAXI_N@Z	V4	PASS	ida-manual-20260827	2026-08-27	IDA:0x005D6530;src/game/logic/g_scr.cpp:20143	Release and source match flag mask clear/set paths for activate true/false.
0x005D65A0	?AllowStand@BrocSys@@YAXI@Z	V3	PASS	ida-manual-20260827	2026-08-27	stand-control wrapper resolves handle and performs the release-prescribed client validation side effect; no omitted behavior.
0x005D65A0	?AllowStand@BrocSys@@YAXI@Z	V4	PASS	ida-manual-20260827	2026-08-27	IDA:0x005D65A0;src/game/logic/g_scr.cpp:20161	Release is an intentional validation-only body; source matches exactly.
0x005D65E0	?AllowCrouch@BrocSys@@YAXI@Z	V3	PASS	ida-manual-20260827	2026-08-27	crouch-control wrapper resolves handle and performs the release-prescribed client validation side effect; no omitted behavior.
0x005D65E0	?AllowCrouch@BrocSys@@YAXI@Z	V4	PASS	ida-manual-20260827	2026-08-27	IDA:0x005D65E0;src/game/logic/g_scr.cpp:20173	Release is an intentional validation-only body; source matches exactly.
0x005D6620	?AllowProne@BrocSys@@YAXI@Z	V3	PASS	ida-manual-20260827	2026-08-27	prone-control wrapper resolves handle and performs the release-prescribed client validation side effect; no omitted behavior.
0x005D6620	?AllowProne@BrocSys@@YAXI@Z	V4	PASS	ida-manual-20260827	2026-08-27	IDA:0x005D6620;src/game/logic/g_scr.cpp:20185	Release is an intentional validation-only body; source matches exactly.
0x005D6660	?AllowLeanLeft@BrocSys@@YAXI@Z	V3	PASS	ida-manual-20260827	2026-08-27	left-lean-control wrapper resolves handle and performs the release-prescribed client validation side effect; no omitted behavior.
0x005D6660	?AllowLeanLeft@BrocSys@@YAXI@Z	V4	PASS	ida-manual-20260827	2026-08-27	IDA:0x005D6660;src/game/logic/g_scr.cpp:20197	Release is an intentional validation-only body; source matches exactly.
0x005D66A0	?AllowLeanRight@BrocSys@@YAXI@Z	V3	PASS	ida-manual-20260827	2026-08-27	right-lean-control wrapper resolves handle and performs the release-prescribed client validation side effect; no omitted behavior.
0x005D66A0	?AllowLeanRight@BrocSys@@YAXI@Z	V4	PASS	ida-manual-20260827	2026-08-27	IDA:0x005D66A0;src/game/logic/g_scr.cpp:20209	Release is an intentional validation-only body; source matches exactly.
0x005D66E0	?SetSpectateTeamKill@BrocSys@@YAXHII@Z	V3	PASS	ida-manual-20260827	2026-08-27	spectator team-kill setter validates killer, resolves viewport menu, and forwards boolean/team entity.
0x005D66E0	?SetSpectateTeamKill@BrocSys@@YAXHII@Z	V4	PASS	ida-manual-20260827	2026-08-27	IDA:0x005D66E0;src/game/logic/g_scr.cpp:20221	Release and source match FEManager viewport lookup, menu slot 12, TeamKill conversion, and SetTeamKill.
0x005D6740	?FreezeControls@BrocSys@@YAXI_N@Z	V3	PASS	ida-manual-20260827	2026-08-27	freeze-controls wrapper validates client and writes bFrozen.
0x005D6740	?FreezeControls@BrocSys@@YAXI_N@Z	V4	PASS	ida-manual-20260827	2026-08-27	IDA:0x005D6740;src/game/logic/g_scr.cpp:20236	Release and source match handle/key/client guard and freeze assignment.
0x005D6790	?IsLookingAt@BrocSys@@YA_NII@Z	V3	PASS	ida-manual-20260827	2026-08-27	look-at query validates both handles and compares client pLookatEnt to target object.
0x005D6790	?IsLookingAt@BrocSys@@YA_NII@Z	V4	PASS	ida-manual-20260827	2026-08-27	IDA:0x005D6790;src/game/logic/g_scr.cpp:20249	Release and source match short-circuit order, second handle resolution, null target guard, and pointer comparison.
0x005D6810	?SetAutoPickup@BrocSys@@YAXI_N@Z	V3	PASS	ida-manual-20260827	2026-08-27	auto-pickup setter validates client and stores inverse disable flag.
0x005D6810	?SetAutoPickup@BrocSys@@YAXI_N@Z	V4	PASS	ida-manual-20260827	2026-08-27	IDA:0x005D6810;src/game/logic/g_scr.cpp:20265	Release and source match handle/key/client guard and bDisableAutoPickup inversion.
0x005D6880	?GetWeaponSlotWeapon@BrocSys@@YAXIABVstring@Broc@@AAV12@@Z	V3	PASS	ida-manual-20260827	2026-08-27	weapon-slot getter validates client/slot, reports unknown slots, and returns internal weapon name or none.
0x005D6880	?GetWeaponSlotWeapon@BrocSys@@YAXIABVstring@Broc@@AAV12@@Z	V4	PASS	ida-manual-20260827	2026-08-27	IDA:0x005D6880;src/game/logic/g_scr.cpp:20278	Release and source match slot fallback/error text, slot lookup, weapon-info lookup, and output assignment.
0x005D6950	?SetWeaponSlotWeapon@BrocSys@@YAXIABVstring@Broc@@0@Z	V3	PASS	ida-manual-20260827	2026-08-27	weapon-slot setter validates client/slot, handles none/weapon compatibility, replaces slot weapon, and preserves primary swap behavior.
0x005D6950	?SetWeaponSlotWeapon@BrocSys@@YAXIABVstring@Broc@@0@Z	V4	PASS	ida-manual-20260827	2026-08-27	IDA:0x005D6950;src/game/logic/g_scr.cpp:20310	Release and source match slot/name fallbacks, errors, slot compatibility exception, take/give, and second-primary swap.
0x005D6B50	?GetWeaponSlotAmmo@BrocSys@@YAHIABVstring@Broc@@@Z	V3	PASS	ida-manual-20260827	2026-08-27	weapon-slot ammo getter validates client/slot, reports unknown slots, and returns reserve or clip-only ammo.
0x005D6B50	?GetWeaponSlotAmmo@BrocSys@@YAHIABVstring@Broc@@@Z	V4	PASS	ida-manual-20260827	2026-08-27	IDA:0x005D6B50;src/game/logic/g_scr.cpp:20407	Release and source match slot lookup/error text, weapon slot read, clip-only branch, and ammo indexing.
0x005D6C40	?SetWeaponSlotAmmo@BrocSys@@YAXIABVstring@Broc@@H@Z	V3	PASS	ida-manual-20260827	2026-08-27	weapon-slot ammo setter validates client/slot, clamps nonnegative reserve/clip ammo to metadata maxima, and clears on negative input.
0x005D6C40	?SetWeaponSlotAmmo@BrocSys@@YAXIABVstring@Broc@@H@Z	V4	PASS	ida-manual-20260827	2026-08-27	IDA:0x005D6C40;src/game/logic/g_scr.cpp:20440	Release and source match slot lookup/error path, clip/reserve branches, zero-index guards, max clamping, and negative clears.
0x005D6DA0	?GetWeaponSlotClipAmmo@BrocSys@@YAHIABVstring@Broc@@@Z	V3	PASS	ida-manual-20260827	2026-08-27	weapon-slot clip getter validates client/slot and returns clip ammo when a weapon and clip index exist.
0x005D6DA0	?GetWeaponSlotClipAmmo@BrocSys@@YAHIABVstring@Broc@@@Z	V4	PASS	ida-manual-20260827	2026-08-27	IDA:0x005D6DA0;src/game/logic/g_scr.cpp:20510	Release and source match slot lookup/error text, weapon/clip guards, and zero fallback.
0x005D6E60	?SetWeaponSlotClipAmmo@BrocSys@@YAXIABVstring@Broc@@H@Z	V3	PASS	ida-manual-20260827	2026-08-27	weapon-slot clip setter validates client/slot, clamps clip ammo to clip capacity, and clears negative input.
0x005D6E60	?SetWeaponSlotClipAmmo@BrocSys@@YAXIABVstring@Broc@@H@Z	V4	PASS	ida-manual-20260827	2026-08-27	IDA:0x005D6E60;src/game/logic/g_scr.cpp:20545	Release and source match slot lookup/error path, weapon/clip guards, negative handling, capacity clamp, and write.
0x005D6F40	?GetFullClipAmmoCount@BrocSys@@YAHIABVstring@Broc@@@Z	V3	PASS	ida-manual-20260827	2026-08-27	full-clip getter validates client/slot and returns weapon metadata clip size or zero.
0x005D6F40	?GetFullClipAmmoCount@BrocSys@@YAHIABVstring@Broc@@@Z	V4	PASS	ida-manual-20260827	2026-08-27	IDA:0x005D6F40;src/game/logic/g_scr.cpp:20589	Release and source match slot lookup/error text, weapon guard, clip-size metadata, and zero fallback.
0x005D6FF0	?GetMaxAmmo@BrocSys@@YAHIABVstring@Broc@@@Z	V3	PASS	ida-manual-20260827	2026-08-27	max-ammo getter validates client/slot and returns weapon metadata max ammo or zero.
0x005D6FF0	?GetMaxAmmo@BrocSys@@YAHIABVstring@Broc@@@Z	V4	PASS	ida-manual-20260827	2026-08-27	IDA:0x005D6FF0;src/game/logic/g_scr.cpp:20621	Release and source match slot lookup/error text, weapon guard, max-ammo metadata, and zero fallback.
0x005D70A0	?InitEntityClient@BrocSys@@YAPAVBrocAPI@@XZ	V3	PASS	ida-manual-20260827	2026-08-27	entity-client initializer installs the complete Broc API client callback table and returns gpBrocAPI.
0x005D70A0	?InitEntityClient@BrocSys@@YAPAVBrocAPI@@XZ	V4	PASS	ida-manual-20260827	2026-08-27	IDA:0x005D70A0;src/game/logic/g_scr.cpp:20657	Release and source now match every callback assignment plus returned gpBrocAPI ABI.
0x005D7790	?ObjectiveAdd5@BrocSys@@YAXHABVstring@Broc@@0ABUvector@3@IMPBDHHH@Z	V3	PASS	ida-manual-20260827	2026-08-27	objective-add wrapper validates objective/client ranges, resolves state/entity, updates objective fields, and preserves release-unused parameters.
0x005D7790	?ObjectiveAdd5@BrocSys@@YAXHABVstring@Broc@@0ABUvector@3@IMPBDHHH@Z	V4	PASS	ida-manual-20260827	2026-08-27	IDA:0x005D7790;src/game/logic/g_scr.cpp:20840	Release and source match objective/client bounds, warning/error text, state conversion, per-client/global storage, vector fields, height, and entity handle.
0x005D7C30	?StartPath@BrocSys@@YAXI@Z	V3	PASS	ida-manual-20260827	2026-08-27	vehicle start-path wrapper validates entity/vehicle, checks attachment node, sets active, and reports bad entities with assertions.
0x005D7C30	?StartPath@BrocSys@@YAXI@Z	V4	PASS	ida-manual-20260827	2026-08-27	IDA:0x005D7C30;src/game/logic/g_scr.cpp:20892	Release and source match vehicle pointer guard, nodeIdx<0 error, active=1, assertion metadata, and diagnostics.
0x005D7D40	?EndPath@BrocSys@@YAXI@Z	V3	PASS	ida-manual-20260827	2026-08-27	vehicle end-path wrapper validates entity/vehicle, clears active, ends physics path, and reports bad entities.
0x005D7D40	?EndPath@BrocSys@@YAXI@Z	V4	PASS	ida-manual-20260827	2026-08-27	IDA:0x005D7D40;src/game/logic/g_scr.cpp:20941	Release and source match vehicle/RB vehicle guards, active=0, end_path call, assertion metadata, and diagnostics.
0x005D7E40	?SetSwitchNode@BrocSys@@YAXIABUvehiclenode@Broc@@0@Z	V3	PASS	ida-manual-20260827	2026-08-27	switch-node setter validates entity/node handles, rejects active vehicles, and calls G_VehSetSwitchNode.
0x005D7E40	?SetSwitchNode@BrocSys@@YAXIABUvehiclenode@Broc@@0@Z	V4	PASS	ida-manual-20260827	2026-08-27	IDA:0x005D7E40;src/game/logic/g_scr.cpp:20988	Release and source match entity/node assertions, active==2 error, short casts, vehicle diagnostics, and G_VehSetSwitchNode.
0x005D8000	?SetWaitNode@BrocSys@@YAXIABUvehiclenode@Broc@@@Z	V3	PASS	ida-manual-20260827	2026-08-27	wait-node setter validates entity/node handles, rejects active vehicles, and stores wait node/reset notify count.
0x005D8000	?SetWaitNode@BrocSys@@YAXIABUvehiclenode@Broc@@@Z	V4	PASS	ida-manual-20260827	2026-08-27	IDA:0x005D8000;src/game/logic/g_scr.cpp:21058	Release and source match entity/node assertions, active==2 error, waitNode cast, numWaitNotify reset, and diagnostics.
0x005D8170	?SetWaitSpeed@BrocSys@@YAXIM@Z	V3	PASS	ida-manual-20260827	2026-08-27	wait-speed setter validates vehicle/entity, converts speed by 17.6, rejects negative speed, and reports invalid inputs.
0x005D8170	?SetWaitSpeed@BrocSys@@YAXIM@Z	V4	PASS	ida-manual-20260827	2026-08-27	IDA:0x005D8170;src/game/logic/g_scr.cpp:21117	Release and source match entity/vehicle assertions, active==2 error, 17.6 scaling, negative check, and diagnostics.
0x005D82A0	?SetSpeed@BrocSys@@YAXIMM@Z	V3	PASS	ida-manual-20260827	2026-08-27	manual vehicle speed setter validates entity/vehicle, rejects active path use, and stores 17.6-scaled speed/acceleration.
0x005D82A0	?SetSpeed@BrocSys@@YAXIMM@Z	V4	PASS	ida-manual-20260827	2026-08-27	IDA:0x005D82A0;src/game/logic/g_scr.cpp:21166	Release and source match entity/vehicle assertions, active==2 handling, manualMode, and scaled speed/accel writes.
0x005D8410	?ResumeSpeed@BrocSys@@YAXIM@Z	V3	PASS	ida-manual-20260827	2026-08-27	resume-speed wrapper validates vehicle/entity, rejects active path use, restores manual mode, scales acceleration, and rejects negatives.
0x005D8410	?ResumeSpeed@BrocSys@@YAXIM@Z	V4	PASS	ida-manual-20260827	2026-08-27	IDA:0x005D8410;src/game/logic/g_scr.cpp:21219	Release and source match vehicle guards, active==2 error, manualMode=2, 17.6 scaling, negative check, and diagnostics.
0x005D8550	?JoltBody@BrocSys@@YAXIABUvector@Broc@@MMM@Z	V3	PASS	ida-manual-20260827	2026-08-27	jolt wrapper validates entity, warns invalid speed fraction, rejects negative deceleration, computes normalized direction, and calls VEH_JoltBody.
0x005D8550	?JoltBody@BrocSys@@YAXIABUvector@Broc@@MMM@Z	V4	PASS	ida-manual-20260827	2026-08-27	IDA:0x005D8550;src/game/logic/g_scr.cpp:21269	Release and source match warning/assert metadata, 17.6 decel scaling, direction vector construction/normalization, and VEH_JoltBody args.
0x005D8700	?FreeVehicle@BrocSys@@YAXI@Z	V3	PASS	ida-manual-20260827	2026-08-27	vehicle-free wrapper validates entity/vehicle, frees it, marks corpse type/name/hash, updates hash, and sends death notify.
0x005D8700	?FreeVehicle@BrocSys@@YAXI@Z	V4	PASS	ida-manual-20260827	2026-08-27	IDA:0x005D8700;src/game/logic/g_scr.cpp:21317	Release and source match null-vehicle assertion/recheck, G_FreeVehicle, corpse fields, UpdateEntityHash, and Scr_Notify.
0x005D8840	?GetWheelSurface@BrocSys@@YAXIIAAVstring@Broc@@@Z	V3	PASS	ida-manual-20260827	2026-08-27	wheel-surface getter validates vehicle/type/wheel name, rejects unsupported wheels, and returns surface name or none.
0x005D8840	?GetWheelSurface@BrocSys@@YAXIIAAVstring@Broc@@@Z	V4	PASS	ida-manual-20260827	2026-08-27	IDA:0x005D8840;src/game/logic/g_scr.cpp:21374	Release and source match vehicle info/type checks, six wheel hashes, middle-wheel restriction, surface lookup, and diagnostics.
0x005D8A20	?GetSpeedMph@BrocSys@@YAMI@Z	V3	PASS	ida-manual-20260827	2026-08-27	speed query validates entity, converts internal speed by 0.05681818, and asserts/returns zero for bad handles.
0x005D8A20	?GetSpeedMph@BrocSys@@YAMI@Z	V4	PASS	ida-manual-20260827	2026-08-27	IDA:0x005D8A20;src/game/logic/g_scr.cpp:21468	Release and source match handle guard, conversion constant, bad-entity assert metadata, and zero fallback.
0x005D8AB0	?GetVehicleOwner@BrocSys@@YAII@Z	V3	PASS	ida-manual-20260827	2026-08-27	vehicle-owner getter validates entity and owner handle, asserts bad entities, and returns owner handle or zero.
0x005D8AB0	?GetVehicleOwner@BrocSys@@YAII@Z	V4	PASS	ida-manual-20260827	2026-08-27	IDA:0x005D8AB0;src/game/logic/g_scr.cpp:21489	Release and source match entity/owner handle key/object guards, assert metadata, and return behavior.
0x005D8B60	?SetMaxSpeed@BrocSys@@YAXIM@Z	V3	PASS	ida-manual-20260827	2026-08-27	max-speed setter handles player RB vehicle and scripted vehicle paths, validates RB parameters, and writes speed max.
0x005D8B60	?SetMaxSpeed@BrocSys@@YAXIM@Z	V4	PASS	ida-manual-20260827	2026-08-27	IDA:0x005D8B60;src/game/logic/g_scr.cpp:21521	Release and source match player detection, RB vehicle fallback/asserts, script-vehicle/RB guards, and parameter writes.
0x005D8D30	?SetBrake@BrocSys@@YAXI_N@Z	V3	PASS	ida-manual-20260827	2026-08-27	brake setter handles player RB vehicle and scripted vehicle paths, validates vehicle/RB pointers, and applies braking state.
0x005D8D30	?SetBrake@BrocSys@@YAXI_N@Z	V4	PASS	ida-manual-20260827	2026-08-27	IDA:0x005D8D30;src/game/logic/g_scr.cpp:21597	Release and source match player/scripted branches, assertion metadata, RB parameter access, and brake flag conversion.
0x005D8F00	?SetStabilityEnabled@BrocSys@@YAXI_N@Z	V3	PASS	ida-manual-20260827	2026-08-27	stability setter handles player RB vehicle and scripted vehicle RB, validates pointers, and toggles actuator enabled state.
0x005D8F00	?SetStabilityEnabled@BrocSys@@YAXI_N@Z	V4	PASS	ida-manual-20260827	2026-08-27	IDA:0x005D8F00;src/game/logic/g_scr.cpp:21672	Release and source match player/scripted detection, RB fallback/asserts, mRBVeh checks, and actuator call.
0x005D90D0	?IsVehicleFlipped@BrocSys@@YA_NI@Z	V3	PASS	ida-manual-20260827	2026-08-27	flipped query resolves entity, substitutes player RB owner when applicable, calls IsVehFlipped, and asserts bad handles.
0x005D90D0	?IsVehicleFlipped@BrocSys@@YA_NI@Z	V4	PASS	ida-manual-20260827	2026-08-27	IDA:0x005D90D0;src/game/logic/g_scr.cpp:21749	Release and source match owner substitution, RB vehicle check, IsVehFlipped dispatch, assert metadata, and false fallback.
0x005D9190	?SetVehicleGoal@BrocSys@@YAXIABUvector@Broc@@MM@Z	V3	PASS	ida-manual-20260827	2026-08-27	vehicle-goal setter validates entity/target/RB vehicle, checks goal speed, converts target position, and calls controller SetScriptTarget.
0x005D9190	?SetVehicleGoal@BrocSys@@YAXIABUvector@Broc@@MM@Z	V4	PASS	ida-manual-20260827	2026-08-27	IDA:0x005D9190;src/game/logic/g_scr.cpp:21780	Release and source match target NaN/assert flow, RB vehicle guards, goalSpeed range assert, position conversion, and controller call.
0x005D9400	?StartEngineSound@BrocSys@@YAXI@Z	V3	PASS	ida-manual-20260827	2026-08-27	engine-sound start validates vehicle and sets playEngineSound, with release diagnostics for bad entities.
0x005D9400	?StartEngineSound@BrocSys@@YAXI@Z	V4	PASS	ida-manual-20260827	2026-08-27	IDA:0x005D9400;src/game/logic/g_scr.cpp:21862	Release and source match entity/vehicle guards, playEngineSound=1, assertion metadata, and class-name diagnostics.
0x005D94F0	?StopEngineSound@BrocSys@@YAXI@Z	V3	PASS	ida-manual-20260827	2026-08-27	engine-sound stop validates vehicle and clears playEngineSound, with release diagnostics for bad entities.
0x005D94F0	?StopEngineSound@BrocSys@@YAXI@Z	V4	PASS	ida-manual-20260827	2026-08-27	IDA:0x005D94F0;src/game/logic/g_scr.cpp:21907	Release and source match entity/vehicle guards, playEngineSound=0, assertion metadata, and class-name diagnostics.
0x005D95E0	?SetVehicleMountPos@BrocSys@@YAXIH@Z	V3	PASS	ida-manual-20260827	2026-08-27	mount-position setter validates entity/range/vehicle and updates vehicle info seat position.
0x005D95E0	?SetVehicleMountPos@BrocSys@@YAXIH@Z	V4	PASS	ida-manual-20260827	2026-08-27	IDA:0x005D95E0;src/game/logic/g_scr.cpp:21952	Release and source match range assertion, vehicle assertion, VEH_GetInfo, and seat assignment.
0x005D9730	?MakeVehicleUsable@BrocSys@@YAXI@Z	V3	PASS	ida-manual-20260827	2026-08-27	vehicle-usable setter validates entity, sets spawnflags usable bit, and sets vehicle contents bit.
0x005D9730	?MakeVehicleUsable@BrocSys@@YAXI@Z	V4	PASS	ida-manual-20260827	2026-08-27	IDA:0x005D9730;src/game/logic/g_scr.cpp:22003	Release and source match spawnflags/contents bit operations and bad-entity assertion.
0x005D97D0	?MakeVehicleUnusable@BrocSys@@YAXI@Z	V3	PASS	ida-manual-20260827	2026-08-27	vehicle-unusable setter validates entity and clears usable spawnflags/contents bits.
0x005D97D0	?MakeVehicleUnusable@BrocSys@@YAXI@Z	V4	PASS	ida-manual-20260827	2026-08-27	IDA:0x005D97D0;src/game/logic/g_scr.cpp:22027	Release and source match bit masks and bad-entity assertion.
0x005D9870	?EjectDriver@BrocSys@@YAXI@Z	V3	PASS	ida-manual-20260827	2026-08-27	driver-eject wrapper resolves vehicle owner, unlinks client driver, errors absent driver, and asserts bad vehicle.
0x005D9870	?EjectDriver@BrocSys@@YAXI@Z	V4	PASS	ida-manual-20260827	2026-08-27	IDA:0x005D9870;src/game/logic/g_scr.cpp:22051	Release and source match owner handle validation, client guard, VEH_UnlinkPlayer, no-driver error, and assertion metadata.
0x005D9970	?AddVehicleToCompass@BrocSys@@YAXI_N@Z	V3	PASS	ida-manual-20260827	2026-08-27	compass-add wrapper validates vehicle and sets drawOnCompass/drawAsEnemy flags.
0x005D9970	?AddVehicleToCompass@BrocSys@@YAXI_N@Z	V4	PASS	ida-manual-20260827	2026-08-27	IDA:0x005D9970;src/game/logic/g_scr.cpp:22091	Release and source match vehicle assertion metadata, compass flags, and class-name diagnostics.
0x005D9A70	?RemoveVehicleFromCompass@BrocSys@@YAXI@Z	V3	PASS	ida-manual-20260827	2026-08-27	compass-remove wrapper validates vehicle and clears drawOnCompass, with release diagnostics.
0x005D9A70	?RemoveVehicleFromCompass@BrocSys@@YAXI@Z	V4	PASS	ida-manual-20260827	2026-08-27	IDA:0x005D9A70;src/game/logic/g_scr.cpp:22137	Release and source match vehicle guard, drawOnCompass=0, assertion metadata, and diagnostics.
0x005D9B60	?RespawnVehicle@BrocSys@@YAXI@Z	V3	PASS	ida-manual-20260827	2026-08-27	vehicle-respawn wrapper validates entity and delegates VEH_RespawnVehicle.
0x005D9B60	?RespawnVehicle@BrocSys@@YAXI@Z	V4	PASS	ida-manual-20260827	2026-08-27	IDA:0x005D9B60;src/game/logic/g_scr.cpp:22183	Release and source match handle/key/object guard and VEH_RespawnVehicle dispatch.
0x005D9BA0	?SetTurretRotRate@BrocSys@@YAXIM@Z	V3	PASS	ida-manual-20260827	2026-08-27	turret rotation-rate setter validates entity/number/vehicle and updates vehicle info turret rate.
0x005D9BA0	?SetTurretRotRate@BrocSys@@YAXIM@Z	V4	PASS	ida-manual-20260827	2026-08-27	IDA:0x005D9BA0;src/game/logic/g_scr.cpp:22194	Release and source match handle/assert paths, IS_NAN check, VEH_GetInfo, and turretRotRate write.
0x005D9CF0	?SetTurretTargetVec@BrocSys@@YAXIABUvector@Broc@@_N@Z	V3	PASS	ida-manual-20260827	2026-08-27	turret target-vector setter validates vehicle/RB state, target vector and speed, and delegates controller target vector.
0x005D9CF0	?SetTurretTargetVec@BrocSys@@YAXIABUvector@Broc@@_N@Z	V4	PASS	ida-manual-20260827	2026-08-27	IDA:0x005D9CF0;src/game/logic/g_scr.cpp:22243	Release and source match entity/vector assertions, vehicle/RB guards, target conversion, and controller call.
0x005D9EA0	?SetTurretTargetEnt@BrocSys@@YAXIIABUvector@Broc@@_N@Z	V3	PASS	ida-manual-20260827	2026-08-27	turret target-entity setter resolves target, validates vehicle/RB state and vector, and applies target entity/position.
0x005D9EA0	?SetTurretTargetEnt@BrocSys@@YAXIIABUvector@Broc@@_N@Z	V4	PASS	ida-manual-20260827	2026-08-27	IDA:0x005D9EA0;src/game/logic/g_scr.cpp:22315	Release and source match target handle path, target-vector validation, RB vehicle guards, and target entity dispatch.
0x005DA0B0	?ClearTurretTarget@BrocSys@@YAXI_N@Z	V3	PASS	ida-manual-20260827	2026-08-27	clear-turret-target wrapper resolves vehicle and clears its turret target state with optional stop flag.
0x005DA0B0	?ClearTurretTarget@BrocSys@@YAXI_N@Z	V4	PASS	ida-manual-20260827	2026-08-27	IDA:0x005DA0B0;src/game/logic/g_scr.cpp:22413	Release and source match entity/vehicle guards and ClearTurretTarget argument flow.
0x005DABF0	?InitVehicle@BrocSys@@YAPAVBrocAPI@@XZ	V3	PASS	ida-manual-20260827	2026-08-27	vehicle initializer installs the complete vehicle callback table and returns gpBrocAPI.
0x005DABF0	?InitVehicle@BrocSys@@YAPAVBrocAPI@@XZ	V4	PASS	ida-manual-20260827	2026-08-27	IDA:0x005DABF0;src/game/logic/g_scr.cpp:22627	Release and source now match every vehicle callback assignment, intentional release no-op, and returned gpBrocAPI ABI.
0x005D4BC0	?MPScript_SendInitialGameState@BrocSys@@YAXI@Z	V3	PASS	ida-manual-20260827	2026-08-27	initial-game-state wrapper resolves a valid client and delegates MultiplayerMgr state send.
0x005D4BC0	?MPScript_SendInitialGameState@BrocSys@@YAXI@Z	V4	PASS	ida-manual-20260827	2026-08-27	IDA:0x005D4BC0;src/game/logic/g_scr.cpp:19186	Release and source match handle/key resolution, IsValidClientType guard, and dispatch.
0x005D4C10	?MPScript_SendVehicleStates@BrocSys@@YAXI@Z	V3	PASS	ida-manual-20260827	2026-08-27	vehicle-state wrapper resolves a valid client and delegates MultiplayerMgr state send.
0x005D4C10	?MPScript_SendVehicleStates@BrocSys@@YAXI@Z	V4	PASS	ida-manual-20260827	2026-08-27	IDA:0x005D4C10;src/game/logic/g_scr.cpp:19198	Release and source match handle/key resolution, IsValidClientType guard, and dispatch.
0x005D4C60	?MPScript_BroadcastVehicleRespawn@BrocSys@@YAXI@Z	V3	PASS	ida-manual-20260827	2026-08-27	vehicle-respawn broadcast wrapper validates handle, object, and scr_vehicle before dispatch.
0x005D4C60	?MPScript_BroadcastVehicleRespawn@BrocSys@@YAXI@Z	V4	PASS	ida-manual-20260827	2026-08-27	IDA:0x005D4C60;src/game/logic/g_scr.cpp:19210	Release and source match handle/key/object/vehicle guards and BroadcastVehicleRespawn call.
0x005C92B0	?HasEndCond@AeThread@@QBE_NH@Z	V3	PASS	ida-manual-20260827	2026-08-27	state-controller end-condition query scans controllers for terminate result and the first notify hash.
0x005C92B0	?HasEndCond@AeThread@@QBE_NH@Z	V4	PASS	ida-manual-20260827	2026-08-27	IDA:0x005C92B0;src/game/logic/g_scr.cpp:22810	Release and source match state-node traversal, termination-result check, and state+0x18 first-notify hash comparison; the owning-thread-handle mismatch is corrected.
0x005DBF20	?InitObjective@BrocSys@@YAPAVBrocAPI@@XZ	V3	PASS	ida-manual-20260827	2026-08-27	objective initializer installs the complete objective callback table and returns gpBrocAPI.
0x005DBF20	?InitObjective@BrocSys@@YAPAVBrocAPI@@XZ	V4	PASS	ida-manual-20260827	2026-08-27	IDA:0x005DBF20;src/game/logic/g_scr.cpp:24106	Release and source match every objective callback assignment and returned gpBrocAPI ABI.
0x005DD690	?InitEntity@BrocSys@@YAPAVBrocAPI@@XZ	V3	PASS	ida-manual-20260827	2026-08-27	entity initializer installs the complete entity, HUD, pathnode, and player-state callback table and returns gpBrocAPI.
0x005DD690	?InitEntity@BrocSys@@YAPAVBrocAPI@@XZ	V4	PASS	ida-manual-20260827	2026-08-27	IDA:0x005DD690;src/game/logic/g_scr.cpp:26175	Release and source match the complete callback table, InitEntityMove/InitEntityClient calls, and returned gpBrocAPI ABI.
0x005DFDB0	?InitAPI@BrocSys@@YAPAVBrocAPI@@XZ	V3	PASS	ida-manual-20260827	2026-08-27	API initializer fills the release table, nested exports, multiplayer hooks, entity/objective/vehicle tables, ocean handlers, and returns gpBrocAPI.
0x005DFDB0	?InitAPI@BrocSys@@YAPAVBrocAPI@@XZ	V4	PASS	ida-manual-20260827	2026-08-27	IDA:0x005DFDB0;src/game/logic/g_scr.cpp:26874	Release and source match sentinel/table-copy sequence, export memcpy, callback initialization, ocean assignments, and returned gpBrocAPI ABI.
0x005BDBA0	?InitMPCallbacks@BrocSys@@YAXXZ	V3	PASS	direct-release-api-layout-20260827	2026-08-27	IDA:0x005BDBA0;src/game/logic/g_scr.cpp:11606-11684	Release clears the complete multiplayer callback export block when gpBrocAPI is non-null; source preserves every field assignment and null guard.
0x005BDBA0	?InitMPCallbacks@BrocSys@@YAXXZ	V4	PASS	direct-release-api-layout-20260827	2026-08-27	IDA:0x005BDBA0	Source ABI is corrected to void to match the authoritative release symbol; release's incidental EAX zero does not form a return contract.
0x005D70A0	?InitEntityClient@BrocSys@@YAXXZ	V3	PASS	direct-release-api-layout-20260827	2026-08-27	IDA:0x005D70A0;src/game/logic/g_scr.cpp:20664-20780	Release entity-client initializer installs the full callback table; source assignments were checked against the direct release sequence.
0x005D70A0	?InitEntityClient@BrocSys@@YAXXZ	V4	PASS	direct-release-api-layout-20260827	2026-08-27	IDA:0x005D70A0	Source ABI is corrected to void to match the authoritative release symbol and no longer advertises a returned BrocAPI pointer.
0x005DABF0	?InitVehicle@BrocSys@@YAXXZ	V3	PASS	direct-release-api-layout-20260827	2026-08-27	IDA:0x005DABF0;src/game/logic/g_scr.cpp:22633-22700	Release vehicle initializer callback assignments and intentional no-op slot were checked directly against source.
0x005DABF0	?InitVehicle@BrocSys@@YAXXZ	V4	PASS	direct-release-api-layout-20260827	2026-08-27	IDA:0x005DABF0	Source ABI is corrected to void to match the authoritative release symbol.
0x005DBF20	?InitObjective@BrocSys@@YAXXZ	V3	PASS	direct-release-api-layout-20260827	2026-08-27	IDA:0x005DBF20;src/game/logic/g_scr.cpp:24111-24190	Release objective initializer callback assignments were checked directly against source.
0x005DBF20	?InitObjective@BrocSys@@YAXXZ	V4	PASS	direct-release-api-layout-20260827	2026-08-27	IDA:0x005DBF20	Source ABI is corrected to void to match the authoritative release symbol.
0x005DD690	?InitEntity@BrocSys@@YAXXZ	V3	PASS	direct-release-api-layout-20260827	2026-08-27	IDA:0x005DD690;src/game/logic/g_scr.cpp:26407-26920	Release entity initializer's callback table and nested initializer calls were checked directly against source.
0x005DD690	?InitEntity@BrocSys@@YAXXZ	V4	PASS	direct-release-api-layout-20260827	2026-08-27	IDA:0x005DD690	Source ABI is corrected to void to match the authoritative release symbol.
0x005DFDB0	?InitAPI@BrocSys@@YAXXZ	V4	PASS	direct-release-api-layout-20260827	2026-08-27	IDA:0x005DFDB0;src/game/logic/g_scr.cpp:27105-27180	Source definition now uses the authoritative void ABI; release/source table population and nested initializer calls remain equivalent.
0x005BC800	?Line@BrocSys@@YAXABUvector@Broc@@00MH@Z	V3	PASS	ida-nullsub-audit-20260827	2026-08-27	IDA:0x005BC800;src/game/logic/g_scr.cpp:8132	IDA release decompiles the entry point as an empty body; source preserves the vector/float/int ABI and no-op behavior.
0x005BC800	?Line@BrocSys@@YAXABUvector@Broc@@00MH@Z	V4	PASS	ida-nullsub-audit-20260827	2026-08-27	IDA:0x005BC800	Release and source both contain no state-changing instructions.
0x005EB090	??$hud_set_field@H$03@BrocSys@@YAXHH@Z	V3	PASS	ida-manual-20260827	2026-08-27	src/game/logic/g_scr.cpp:25658	HUD x setter uses handle lookup, HE_TYPE_FREE guard, offset 4 write, and matching warning path.
0x005EB090	??$hud_set_field@H$03@BrocSys@@YAXHH@Z	V4	PASS	ida-manual-20260827	2026-08-27	IDA:0x005EB090	Release writes elem.x at offset 4 and matches the generic source guard/assert flow.
0x005EB110	??$hud_get_field@H$03@BrocSys@@YAHH@Z	V3	PASS	ida-manual-20260827	2026-08-27	src/game/logic/g_scr.cpp:25676	HUD x getter uses the free-element warning path and returns the typed zero fallback.
0x005EB110	??$hud_get_field@H$03@BrocSys@@YAHH@Z	V4	PASS	ida-manual-20260827	2026-08-27	IDA:0x005EB110	Release reads elem.x and matches the generic source getter flow.
0x005EB190	??$hud_set_field@H$07@BrocSys@@YAXHH@Z	V3	PASS	ida-manual-20260827	2026-08-27	src/game/logic/g_scr.cpp:25658	HUD y setter uses the generic guarded offset write.
0x005EB190	??$hud_set_field@H$07@BrocSys@@YAXHH@Z	V4	PASS	ida-manual-20260827	2026-08-27	IDA:0x005EB190	Release writes elem.y at offset 8 with the same warning/assert flow.
0x005EB210	??$hud_get_field@H$07@BrocSys@@YAHH@Z	V3	PASS	ida-manual-20260827	2026-08-27	src/game/logic/g_scr.cpp:25676	HUD y getter uses the generic guarded read and zero fallback.
0x005EB210	??$hud_get_field@H$07@BrocSys@@YAHH@Z	V4	PASS	ida-manual-20260827	2026-08-27	IDA:0x005EB210	Release reads elem.y and matches source.
0x005EB290	??$hud_set_field@H$0BE@@BrocSys@@YAXHH@Z	V3	PASS	ida-manual-20260827	2026-08-27	src/game/logic/g_scr.cpp:25658	HUD alignX setter uses the generic guarded offset write.
0x005EB290	??$hud_set_field@H$0BE@@BrocSys@@YAXHH@Z	V4	PASS	ida-manual-20260827	2026-08-27	IDA:0x005EB290	Release writes elem.alignX at offset 20 with matching diagnostics.
0x005EB310	??$hud_get_field@H$0BE@@BrocSys@@YAHH@Z	V3	PASS	ida-manual-20260827	2026-08-27	src/game/logic/g_scr.cpp:25676	HUD alignX getter uses the generic guarded read.
0x005EB310	??$hud_get_field@H$0BE@@BrocSys@@YAHH@Z	V4	PASS	ida-manual-20260827	2026-08-27	IDA:0x005EB310	Release reads elem.alignX and matches source.
0x005EB390	??$hud_set_field@H$0BI@@BrocSys@@YAXHH@Z	V3	PASS	ida-manual-20260827	2026-08-27	src/game/logic/g_scr.cpp:25658	HUD alignY setter uses the generic guarded offset write.
0x005EB390	??$hud_set_field@H$0BI@@BrocSys@@YAXHH@Z	V4	PASS	ida-manual-20260827	2026-08-27	IDA:0x005EB390	Release writes elem.alignY at offset 24 with matching diagnostics.
0x005EB410	??$hud_get_field@H$0BI@@BrocSys@@YAHH@Z	V3	PASS	ida-manual-20260827	2026-08-27	src/game/logic/g_scr.cpp:25676	HUD alignY getter uses the generic guarded read.
0x005EB410	??$hud_get_field@H$0BI@@BrocSys@@YAHH@Z	V4	PASS	ida-manual-20260827	2026-08-27	IDA:0x005EB410	Release reads elem.alignY and matches source.
0x005EB490	??$hud_set_field@M$0GM@@BrocSys@@YAXHM@Z	V3	PASS	ida-manual-20260827	2026-08-27	src/game/logic/g_scr.cpp:25658	HUD sort setter uses the generic guarded float write.
0x005EB490	??$hud_set_field@M$0GM@@BrocSys@@YAXHM@Z	V4	PASS	ida-manual-20260827	2026-08-27	IDA:0x005EB490	Release writes elem.sort at offset 108 with matching diagnostics.
0x005EB510	??$hud_get_field@M$0GM@@BrocSys@@YAMH@Z	V3	PASS	ida-manual-20260827	2026-08-27	src/game/logic/g_scr.cpp:25676	HUD sort getter uses the generic guarded float read.
0x005EB510	??$hud_get_field@M$0GM@@BrocSys@@YAMH@Z	V4	PASS	ida-manual-20260827	2026-08-27	IDA:0x005EB510	Release reads elem.sort and returns 0.0f on the warning path, matching source.
0x005EB590	??$hud_set_field@M$0M@@BrocSys@@YAXHM@Z	V3	PASS	ida-manual-20260827	2026-08-27	src/game/logic/g_scr.cpp:25658	HUD fontScale setter uses the generic guarded float write.
0x005EB590	??$hud_set_field@M$0M@@BrocSys@@YAXHM@Z	V4	PASS	ida-manual-20260827	2026-08-27	IDA:0x005EB590	Release writes elem.fontScale at offset 12 with matching diagnostics.
0x005EB610	??$hud_get_field@M$0M@@BrocSys@@YAMH@Z	V3	PASS	ida-manual-20260827	2026-08-27	src/game/logic/g_scr.cpp:25676	HUD fontScale getter uses the generic guarded float read.
0x005EB610	??$hud_get_field@M$0M@@BrocSys@@YAMH@Z	V4	PASS	ida-manual-20260827	2026-08-27	IDA:0x005EB610	Release reads elem.fontScale and matches source.
0x005EB690	??$hud_set_field@E$0BP@@BrocSys@@YAXHE@Z	V3	PASS	ida-manual-20260827	2026-08-27	src/game/logic/g_scr.cpp:25658	HUD alpha setter uses the generic guarded byte write.
0x005EB690	??$hud_set_field@E$0BP@@BrocSys@@YAXHE@Z	V4	PASS	ida-manual-20260827	2026-08-27	IDA:0x005EB690	Release writes elem.color.a at offset 31 with matching diagnostics.
0x005EB710	??$hud_get_field@E$0BP@@BrocSys@@YAEH@Z	V3	PASS	ida-manual-20260827	2026-08-27	src/game/logic/g_scr.cpp:25676	HUD alpha getter uses the generic guarded byte read.
0x005EB710	??$hud_get_field@E$0BP@@BrocSys@@YAEH@Z	V4	PASS	ida-manual-20260827	2026-08-27	IDA:0x005EB710	Release reads elem.color.a and matches source.
0x005EB790	??$hud_set_field@E$0BM@@BrocSys@@YAXHE@Z	V3	PASS	ida-manual-20260827	2026-08-27	src/game/logic/g_scr.cpp:25658	HUD red setter uses the generic guarded byte write.
0x005EB790	??$hud_set_field@E$0BM@@BrocSys@@YAXHE@Z	V4	PASS	ida-manual-20260827	2026-08-27	IDA:0x005EB790	Release writes elem.color.r at offset 28 with matching diagnostics.
0x005EB810	??$hud_get_field@E$0BM@@BrocSys@@YAEH@Z	V3	PASS	ida-manual-20260827	2026-08-27	src/game/logic/g_scr.cpp:25676	HUD red getter uses the generic guarded byte read.
0x005EB810	??$hud_get_field@E$0BM@@BrocSys@@YAEH@Z	V4	PASS	ida-manual-20260827	2026-08-27	IDA:0x005EB810	Release reads elem.color.r and matches source.
0x005EB890	??$hud_set_field@E$0BN@@BrocSys@@YAXHE@Z	V3	PASS	ida-manual-20260827	2026-08-27	src/game/logic/g_scr.cpp:25658	HUD green setter uses the generic guarded byte write.
0x005EB890	??$hud_set_field@E$0BN@@BrocSys@@YAXHE@Z	V4	PASS	ida-manual-20260827	2026-08-27	IDA:0x005EB890	Release writes elem.color.g at offset 29 with matching diagnostics.
0x005EB910	??$hud_get_field@E$0BN@@BrocSys@@YAEH@Z	V3	PASS	ida-manual-20260827	2026-08-27	src/game/logic/g_scr.cpp:25676	HUD green getter uses the generic guarded byte read.
0x005EB910	??$hud_get_field@E$0BN@@BrocSys@@YAEH@Z	V4	PASS	ida-manual-20260827	2026-08-27	IDA:0x005EB910	Release reads elem.color.g and matches source.
0x005EB990	??$hud_set_field@E$0BO@@BrocSys@@YAXHE@Z	V3	PASS	ida-manual-20260827	2026-08-27	src/game/logic/g_scr.cpp:25658	HUD blue setter uses the generic guarded byte write.
0x005EB990	??$hud_set_field@E$0BO@@BrocSys@@YAXHE@Z	V4	PASS	ida-manual-20260827	2026-08-27	IDA:0x005EB990	Release writes elem.color.b at offset 30 with matching diagnostics.
0x005EBA10	??$hud_get_field@E$0BO@@BrocSys@@YAEH@Z	V3	PASS	ida-manual-20260827	2026-08-27	src/game/logic/g_scr.cpp:25676	HUD blue getter uses the generic guarded byte read.
0x005EBA10	??$hud_get_field@E$0BO@@BrocSys@@YAEH@Z	V4	PASS	ida-manual-20260827	2026-08-27	IDA:0x005EBA10	Release reads elem.color.b and matches source.
0x005EBA90	??$pnode_set_field@Vstring@Broc@@$0DA@$0A@@BrocSys@@YAXHVstring@Broc@@@Z	V3	PASS	ida-manual-20260827	2026-08-27	src/game/logic/g_scr.cpp:25818	Path-node targetname setter matches the shared node-handle, warning, callback, and direct-member source template.
0x005EBA90	??$pnode_set_field@Vstring@Broc@@$0DA@$0A@@BrocSys@@YAXHVstring@Broc@@@Z	V4	PASS	ida-manual-20260827	2026-08-27	IDA:0x005EBA90	Release resolves targetname at offset 48 and matches the source callback/direct-write paths.
0x005EBBD0	??$pnode_get_field@Vstring@Broc@@$0DA@$0A@@BrocSys@@YA?AVstring@Broc@@H@Z	V3	PASS	ida-manual-20260827	2026-08-27	src/game/logic/g_scr.cpp:25863	Path-node targetname getter matches the shared invalid-string, callback, and direct-member source template.
0x005EBBD0	??$pnode_get_field@Vstring@Broc@@$0DA@$0A@@BrocSys@@YA?AVstring@Broc@@H@Z	V4	PASS	ida-manual-20260827	2026-08-27	IDA:0x005EBBD0	Release reads targetname at offset 48 and matches source return/cleanup behavior.
0x005EBD30	??$pnode_set_field@Vstring@Broc@@$0DI@$0A@@BrocSys@@YAXHVstring@Broc@@@Z	V3	PASS	ida-manual-20260827	2026-08-27	src/game/logic/g_scr.cpp:25818	Path-node target setter matches the shared pnode setter template.
0x005EBD30	??$pnode_set_field@Vstring@Broc@@$0DI@$0A@@BrocSys@@YAXHVstring@Broc@@@Z	V4	PASS	ida-manual-20260827	2026-08-27	IDA:0x005EBD30	Release writes target at offset 56 and matches the source callback/direct-member paths.
0x005EBE70	??$pnode_get_field@Vstring@Broc@@$0DI@$0A@@BrocSys@@YA?AVstring@Broc@@H@Z	V3	PASS	ida-manual-20260827	2026-08-27	src/game/logic/g_scr.cpp:25863	Path-node target getter matches the shared pnode getter template.
0x005EBE70	??$pnode_get_field@Vstring@Broc@@$0DI@$0A@@BrocSys@@YA?AVstring@Broc@@H@Z	V4	PASS	ida-manual-20260827	2026-08-27	IDA:0x005EBE70	Release reads target at offset 56 and matches source return/cleanup behavior.
0x005EBFD0	??$pnode_set_field@Vstring@Broc@@$0DM@$0A@@BrocSys@@YAXHVstring@Broc@@@Z	V3	PASS	ida-manual-20260827	2026-08-27	src/game/logic/g_scr.cpp:25818	Path-node on-goal callback setter matches the shared pnode setter template.
0x005EBFD0	??$pnode_set_field@Vstring@Broc@@$0DM@$0A@@BrocSys@@YAXHVstring@Broc@@@Z	V4	PASS	ida-manual-20260827	2026-08-27	IDA:0x005EBFD0	Release writes on-goal callback at offset 60 and matches source.
0x005EC110	??$pnode_get_field@Vstring@Broc@@$0DM@$0A@@BrocSys@@YA?AVstring@Broc@@H@Z	V3	PASS	ida-manual-20260827	2026-08-27	src/game/logic/g_scr.cpp:25863	Path-node on-goal callback getter matches the shared pnode getter template.
0x005EC110	??$pnode_get_field@Vstring@Broc@@$0DM@$0A@@BrocSys@@YA?AVstring@Broc@@H@Z	V4	PASS	ida-manual-20260827	2026-08-27	IDA:0x005EC110	Release reads on-goal callback at offset 60 and matches source.
0x005EC270	??$pnode_set_field@Vstring@Broc@@$0EA@$0A@@BrocSys@@YAXHVstring@Broc@@@Z	V3	PASS	ida-manual-20260827	2026-08-27	src/game/logic/g_scr.cpp:25818	Path-node reserve-name setter matches the shared pnode setter template.
0x005EC270	??$pnode_set_field@Vstring@Broc@@$0EA@$0A@@BrocSys@@YAXHVstring@Broc@@@Z	V4	PASS	ida-manual-20260827	2026-08-27	IDA:0x005EC270	Release writes reserve-name at offset 64 and matches source.
0x005EC3B0	??$pnode_get_field@Vstring@Broc@@$0EA@$0A@@BrocSys@@YA?AVstring@Broc@@H@Z	V3	PASS	ida-manual-20260827	2026-08-27	src/game/logic/g_scr.cpp:25863	Path-node reserve-name getter matches the shared pnode getter template.
0x005EC3B0	??$pnode_get_field@Vstring@Broc@@$0EA@$0A@@BrocSys@@YA?AVstring@Broc@@H@Z	V4	PASS	ida-manual-20260827	2026-08-27	IDA:0x005EC3B0	Release reads reserve-name at offset 64 and matches source.
0x005EC510	??$pnode_set_field@Vstring@Broc@@$0EE@$0A@@BrocSys@@YAXHVstring@Broc@@@Z	V3	PASS	ida-manual-20260827	2026-08-27	src/game/logic/g_scr.cpp:25818	Path-node animscript setter matches the shared pnode setter template.
0x005EC510	??$pnode_set_field@Vstring@Broc@@$0EE@$0A@@BrocSys@@YAXHVstring@Broc@@@Z	V4	PASS	ida-manual-20260827	2026-08-27	IDA:0x005EC510	Release writes animscript at offset 68 and matches source.
0x005EC650	??$pnode_get_field@Vstring@Broc@@$0EE@$0A@@BrocSys@@YA?AVstring@Broc@@H@Z	V3	PASS	ida-manual-20260827	2026-08-27	src/game/logic/g_scr.cpp:25863	Path-node animscript getter matches the shared pnode getter template.
0x005EC650	??$pnode_get_field@Vstring@Broc@@$0EE@$0A@@BrocSys@@YA?AVstring@Broc@@H@Z	V4	PASS	ida-manual-20260827	2026-08-27	IDA:0x005EC650	Release reads animscript at offset 68 and matches source.
0x005EC7B0	??$pnode_set_field@Vstring@Broc@@$0DE@$0A@@BrocSys@@YAXHVstring@Broc@@@Z	V3	PASS	ida-manual-20260827	2026-08-27	src/game/logic/g_scr.cpp:25818	Path-node script noteworthy setter matches the shared pnode setter template.
0x005EC7B0	??$pnode_set_field@Vstring@Broc@@$0DE@$0A@@BrocSys@@YAXHVstring@Broc@@@Z	V4	PASS	ida-manual-20260827	2026-08-27	IDA:0x005EC7B0	Release writes script noteworthy at offset 52 and matches source.
0x005EC8F0	??$pnode_get_field@Vstring@Broc@@$0DE@$0A@@BrocSys@@YA?AVstring@Broc@@H@Z	V3	PASS	ida-manual-20260827	2026-08-27	src/game/logic/g_scr.cpp:25863	Path-node script noteworthy getter matches the shared pnode getter template.
0x005EC8F0	??$pnode_get_field@Vstring@Broc@@$0DE@$0A@@BrocSys@@YA?AVstring@Broc@@H@Z	V4	PASS	ida-manual-20260827	2026-08-27	IDA:0x005EC8F0	Release reads script noteworthy at offset 52 and matches source.
0x005ECA50	??$pnode_set_field@Uvector@Broc@@$0EM@$0A@@BrocSys@@YAXHUvector@Broc@@@Z	V3	PASS	ida-manual-20260827	2026-08-27	src/game/logic/g_scr.cpp:25818	Path-node origin setter matches the shared pnode setter template and vector callback initialization.
0x005ECA50	??$pnode_set_field@Uvector@Broc@@$0EM@$0A@@BrocSys@@YAXHUvector@Broc@@@Z	V4	PASS	ida-manual-20260827	2026-08-27	IDA:0x005ECA50	Release writes origin at offset 76 and matches source callback/direct-write behavior.
0x005ECB70	??$pnode_get_field@Uvector@Broc@@$0EM@$0A@@BrocSys@@YA?AUvector@Broc@@H@Z	V3	PASS	ida-manual-20260827	2026-08-27	src/game/logic/g_scr.cpp:25863	Path-node origin getter matches the shared vector invalid-value and callback template.
0x005ECB70	??$pnode_get_field@Uvector@Broc@@$0EM@$0A@@BrocSys@@YA?AUvector@Broc@@H@Z	V4	PASS	ida-manual-20260827	2026-08-27	IDA:0x005ECB70	Release reads origin at offset 76 and returns sNaN fallback on invalid nodes, matching source.
0x005ECCB0	??$pnode_set_field@Uvector@Broc@@$0FI@$0CC@@BrocSys@@YAXHUvector@Broc@@@Z	V3	PASS	ida-manual-20260827	2026-08-27	src/game/logic/g_scr.cpp:25818	Path-node angles setter matches the shared vector callback template.
0x005ECCB0	??$pnode_set_field@Uvector@Broc@@$0FI@$0CC@@BrocSys@@YAXHUvector@Broc@@@Z	V4	PASS	ida-manual-20260827	2026-08-27	IDA:0x005ECCB0	Release writes angles at offset 88 and uses the matching off_DF49A0 callback/direct write.
0x005ECDD0	??$pnode_get_field@Uvector@Broc@@$0FI@$0CD@@BrocSys@@YA?AUvector@Broc@@H@Z	V3	PASS	ida-manual-20260827	2026-08-27	src/game/logic/g_scr.cpp:25863	Path-node angles getter matches the shared vector callback template.
0x005ECDD0	??$pnode_get_field@Uvector@Broc@@$0FI@$0CD@@BrocSys@@YA?AUvector@Broc@@H@Z	V4	PASS	ida-manual-20260827	2026-08-27	IDA:0x005ECDD0	Release reads angles at offset 88 and uses matching off_DF49A4 callback/direct read.
0x005ECF10	??$pnode_set_field@M$0FM@$0A@@BrocSys@@YAXHM@Z	V3	PASS	ida-manual-20260827	2026-08-27	src/game/logic/g_scr.cpp:25818	Path-node radius setter matches the shared scalar pnode setter template.
0x005ECF10	??$pnode_set_field@M$0FM@$0A@@BrocSys@@YAXHM@Z	V4	PASS	ida-manual-20260827	2026-08-27	IDA:0x005ECF10	Release writes radius at offset 92 and matches source.
0x005ED020	??$pnode_get_field@M$0FM@$0A@@BrocSys@@YAMH@Z	V3	PASS	ida-manual-20260827	2026-08-27	src/game/logic/g_scr.cpp:25863	Path-node radius getter matches the shared scalar pnode getter template.
0x005ED020	??$pnode_get_field@M$0FM@$0A@@BrocSys@@YAMH@Z	V4	PASS	ida-manual-20260827	2026-08-27	IDA:0x005ED020	Release reads radius at offset 92 and matches source's zero fallback path.
0x005ED0D0	??$pnode_set_field@F$0CM@$0A@@BrocSys@@YAXHF@Z	V3	PASS	ida-manual-20260827	2026-08-27	src/game/logic/g_scr.cpp:25818	Path-node spawnflags setter matches the shared scalar pnode setter template.
0x005ED0D0	??$pnode_set_field@F$0CM@$0A@@BrocSys@@YAXHF@Z	V4	PASS	ida-manual-20260827	2026-08-27	IDA:0x005ED0D0	Release writes spawnflags at offset 44 and matches source.
0x005ED1E0	??$pnode_get_field@F$0CM@$0A@@BrocSys@@YAFH@Z	V3	PASS	ida-manual-20260827	2026-08-27	src/game/logic/g_scr.cpp:25863	Path-node spawnflags getter matches the shared scalar pnode getter template.
0x005ED1E0	??$pnode_get_field@F$0CM@$0A@@BrocSys@@YAFH@Z	V4	PASS	ida-manual-20260827	2026-08-27	IDA:0x005ED1E0	Release reads spawnflags at offset 44 and matches source.
0x005ED290	??$pnode_set_field@Vstring@Broc@@$0CI@$0CE@@BrocSys@@YAXHVstring@Broc@@@Z	V3	PASS	ida-manual-20260827	2026-08-27	src/game/logic/g_scr.cpp:25818	Path-node type setter matches the shared pnode callback/direct-member template.
0x005ED290	??$pnode_set_field@Vstring@Broc@@$0CI@$0CE@@BrocSys@@YAXHVstring@Broc@@@Z	V4	PASS	ida-manual-20260827	2026-08-27	IDA:0x005ED290	Release writes type through off_DF49A8 at offset 40 and matches source.
0x005ED3D0	??$pnode_get_field@Vstring@Broc@@$0CI@$0CF@@BrocSys@@YA?AVstring@Broc@@H@Z	V3	PASS	ida-manual-20260827	2026-08-27	src/game/logic/g_scr.cpp:25863	Path-node type getter matches the shared pnode callback/direct-member template.
0x005ED3D0	??$pnode_get_field@Vstring@Broc@@$0CI@$0CF@@BrocSys@@YA?AVstring@Broc@@H@Z	V4	PASS	ida-manual-20260827	2026-08-27	IDA:0x005ED3D0	Release reads type through off_DF49AC at offset 40 and matches source type fallback.
0x005ED530	??$vnode_set_field@Vstring@Broc@@$0A@@BrocSys@@YAXHVstring@Broc@@@Z	V3	PASS	ida-manual-20260827	2026-08-27	src/game/logic/g_scr.cpp:25970	Vehicle-node targetname setter matches the shared vnode guard and direct write.
0x005ED530	??$vnode_set_field@Vstring@Broc@@$0A@@BrocSys@@YAXHVstring@Broc@@@Z	V4	PASS	ida-manual-20260827	2026-08-27	IDA:0x005ED530	Release writes mName at offset 0 and matches source.
0x005ED5F0	??$vnode_get_field@Vstring@Broc@@$0A@@BrocSys@@YA?AVstring@Broc@@H@Z	V3	PASS	ida-manual-20260827	2026-08-27	src/game/logic/g_scr.cpp:25990	Vehicle-node targetname getter matches the shared vnode invalid-string path.
0x005ED5F0	??$vnode_get_field@Vstring@Broc@@$0A@@BrocSys@@YA?AVstring@Broc@@H@Z	V4	PASS	ida-manual-20260827	2026-08-27	IDA:0x005ED5F0	Release reads mName at offset 0 and matches source.
0x005ED690	??$vnode_set_field@Vstring@Broc@@$03@BrocSys@@YAXHVstring@Broc@@@Z	V3	PASS	ida-manual-20260827	2026-08-27	src/game/logic/g_scr.cpp:25970	Vehicle-node target setter matches the shared vnode template.
0x005ED690	??$vnode_set_field@Vstring@Broc@@$03@BrocSys@@YAXHVstring@Broc@@@Z	V4	PASS	ida-manual-20260827	2026-08-27	IDA:0x005ED690	Release writes mTarget at offset 4 and matches source.
0x005ED750	??$vnode_get_field@Vstring@Broc@@$03@BrocSys@@YA?AVstring@Broc@@H@Z	V3	PASS	ida-manual-20260827	2026-08-27	src/game/logic/g_scr.cpp:25990	Vehicle-node target getter matches the shared vnode template.
0x005ED750	??$vnode_get_field@Vstring@Broc@@$03@BrocSys@@YA?AVstring@Broc@@H@Z	V4	PASS	ida-manual-20260827	2026-08-27	IDA:0x005ED750	Release reads mTarget at offset 4 and matches source.
0x005ED7F0	??$vnode_set_field@Uvector@Broc@@$0BE@@BrocSys@@YAXHUvector@Broc@@@Z	V3	PASS	ida-manual-20260827	2026-08-27	src/game/logic/g_scr.cpp:25970	Vehicle-node origin setter matches the shared vnode vector write template.
0x005ED7F0	??$vnode_set_field@Uvector@Broc@@$0BE@@BrocSys@@YAXHUvector@Broc@@@Z	V4	PASS	ida-manual-20260827	2026-08-27	IDA:0x005ED7F0	Release writes origin at offset 20 and matches source.
0x005ED880	??$vnode_get_field@Uvector@Broc@@$0BE@@BrocSys@@YA?AUvector@Broc@@H@Z	V3	PASS	ida-manual-20260827	2026-08-27	src/game/logic/g_scr.cpp:25990	Vehicle-node origin getter matches the shared vnode vector invalid-value path.
0x005ED880	??$vnode_get_field@Uvector@Broc@@$0BE@@BrocSys@@YA?AUvector@Broc@@H@Z	V4	PASS	ida-manual-20260827	2026-08-27	IDA:0x005ED880	Release reads origin at offset 20 and returns sNaN invalid values, matching source.
0x005ED940	??$vnode_set_field@Uvector@Broc@@$0CM@@BrocSys@@YAXHUvector@Broc@@@Z	V3	PASS	ida-manual-20260827	2026-08-27	src/game/logic/g_scr.cpp:25970	Vehicle-node angles setter matches the shared vnode vector write template.
0x005ED940	??$vnode_set_field@Uvector@Broc@@$0CM@@BrocSys@@YAXHUvector@Broc@@@Z	V4	PASS	ida-manual-20260827	2026-08-27	IDA:0x005ED940	Release writes angles at offset 44 and matches source.
0x005ED9D0	??$vnode_get_field@Uvector@Broc@@$0CM@@BrocSys@@YA?AUvector@Broc@@H@Z	V3	PASS	ida-manual-20260827	2026-08-27	src/game/logic/g_scr.cpp:25990	Vehicle-node angles getter matches the shared vnode vector invalid-value path.
0x005ED9D0	??$vnode_get_field@Uvector@Broc@@$0CM@@BrocSys@@YA?AUvector@Broc@@H@Z	V4	PASS	ida-manual-20260827	2026-08-27	IDA:0x005ED9D0	Release reads angles at offset 44 and returns sNaN invalid values, matching source.
0x005EDA90	??$vnode_set_field@M$07@BrocSys@@YAXHM@Z	V3	PASS	ida-manual-20260827	2026-08-27	src/game/logic/g_scr.cpp:25970	Vehicle-node speed setter matches the shared vnode scalar write template.
0x005EDA90	??$vnode_set_field@M$07@BrocSys@@YAXHM@Z	V4	PASS	ida-manual-20260827	2026-08-27	IDA:0x005EDA90	Release writes speed at offset 8 and matches source.
0x005EDB10	??$vnode_get_field@M$07@BrocSys@@YAMH@Z	V3	PASS	ida-manual-20260827	2026-08-27	src/game/logic/g_scr.cpp:25990	Vehicle-node speed getter matches the shared vnode scalar getter.
0x005EDB10	??$vnode_get_field@M$07@BrocSys@@YAMH@Z	V4	PASS	ida-manual-20260827	2026-08-27	IDA:0x005EDB10	Release reads speed at offset 8 and returns zero on invalid nodes, matching source.
0x005EDB90	??$vnode_set_field@M$0M@@BrocSys@@YAXHM@Z	V3	PASS	ida-manual-20260827	2026-08-27	src/game/logic/g_scr.cpp:25970	Vehicle-node lookahead setter matches the shared vnode scalar write template.
0x005EDB90	??$vnode_set_field@M$0M@@BrocSys@@YAXHM@Z	V4	PASS	ida-manual-20260827	2026-08-27	IDA:0x005EDB90	Release writes lookAhead at offset 12 and matches source.
0x005EDC10	??$vnode_get_field@M$0M@@BrocSys@@YAMH@Z	V3	PASS	ida-manual-20260827	2026-08-27	src/game/logic/g_scr.cpp:25990	Vehicle-node lookahead getter matches the shared vnode scalar getter.
0x005EDC10	??$vnode_get_field@M$0M@@BrocSys@@YAMH@Z	V4	PASS	ida-manual-20260827	2026-08-27	IDA:0x005EDC10	Release reads lookAhead at offset 12 and returns zero on invalid nodes, matching source.
0x005EDC90	??$vnode_set_field@Vstring@Broc@@$0BA@@BrocSys@@YAXHVstring@Broc@@@Z	V3	PASS	ida-manual-20260827	2026-08-27	src/game/logic/g_scr.cpp:25970	Vehicle-node script-noteworthy setter matches the shared vnode string write template.
0x005EDC90	??$vnode_set_field@Vstring@Broc@@$0BA@@BrocSys@@YAXHVstring@Broc@@@Z	V4	PASS	ida-manual-20260827	2026-08-27	IDA:0x005EDC90	Release writes script_noteworthy at offset 16 and matches source.
0x005EDD50	??$vnode_get_field@Vstring@Broc@@$0BA@@BrocSys@@YA?AVstring@Broc@@H@Z	V3	PASS	ida-manual-20260827	2026-08-27	src/game/logic/g_scr.cpp:25990	Vehicle-node script-noteworthy getter matches the shared vnode string getter.
0x005EDD50	??$vnode_get_field@Vstring@Broc@@$0BA@@BrocSys@@YA?AVstring@Broc@@H@Z	V4	PASS	ida-manual-20260827	2026-08-27	IDA:0x005EDD50	Release reads script_noteworthy at offset 16 and matches source.
0x005F0190	??$entity_set_field@Vstring@Broc@@$0CHM@$00@BrocSys@@YAXIVstring@Broc@@@Z	V3	PASS	ida-manual-20260827	2026-08-27	src/game/logic/g_scr.cpp:25721	Entity classname setter matches the shared handle validation, callback, direct-write, and warning source template.
0x005F0190	??$entity_set_field@Vstring@Broc@@$0CHM@$00@BrocSys@@YAXIVstring@Broc@@@Z	V4	PASS	ida-manual-20260827	2026-08-27	IDA:0x005F0190	Release writes mClassName at offset 636 through off_DF491C or direct assignment, matching source.
0x005F02B0	??$entity_get_field@Vstring@Broc@@$0CHM@$0A@@BrocSys@@YA?AVstring@Broc@@I@Z	V3	PASS	ida-manual-20260827	2026-08-27	src/game/logic/g_scr.cpp:25743	Entity classname getter matches the shared handle validation, callback, direct-read, and invalid-string source template.
0x005F02B0	??$entity_get_field@Vstring@Broc@@$0CHM@$0A@@BrocSys@@YA?AVstring@Broc@@I@Z	V4	PASS	ida-manual-20260827	2026-08-27	IDA:0x005F02B0	Release reads mClassName at offset 636 and matches source callback/invalid return behavior.
0x005F0420	??$entity_set_field@Uvector@Broc@@$0BFA@$01@BrocSys@@YAXIUvector@Broc@@@Z	V3	PASS	ida-manual-20260827	2026-08-27	src/game/logic/g_scr.cpp:25721	Entity origin setter matches the shared vector callback/direct-write source template.
0x005F0420	??$entity_set_field@Uvector@Broc@@$0BFA@$01@BrocSys@@YAXIUvector@Broc@@@Z	V4	PASS	ida-manual-20260827	2026-08-27	IDA:0x005F0420	Release writes currentOrigin at offset 336 through off_DF4920 or direct assignment, matching source.
0x005F0500	??$entity_get_field@Uvector@Broc@@$0BFA@$0A@@BrocSys@@YA?AUvector@Broc@@I@Z	V3	PASS	ida-manual-20260827	2026-08-27	src/game/logic/g_scr.cpp:25743	Entity origin getter matches the shared vector invalid-value and callback source template.
0x005F0500	??$entity_get_field@Uvector@Broc@@$0BFA@$0A@@BrocSys@@YA?AUvector@Broc@@I@Z	V4	PASS	ida-manual-20260827	2026-08-27	IDA:0x005F0500	Release reads currentOrigin at offset 336 and returns sNaN invalid values, matching source.
0x005F0660	??$entity_set_field@Vstring@Broc@@$0CHA@$00@BrocSys@@YAXIVstring@Broc@@@Z	V3	PASS	ida-manual-20260827	2026-08-27	src/game/logic/g_scr.cpp:25721	Entity model setter matches the shared string callback/direct-write source template.
0x005F0660	??$entity_set_field@Vstring@Broc@@$0CHA@$00@BrocSys@@YAXIVstring@Broc@@@Z	V4	PASS	ida-manual-20260827	2026-08-27	IDA:0x005F0660	Release writes mModel at offset 624 through off_DF491C or direct assignment, matching source.
0x005F0780	??$entity_get_field@Vstring@Broc@@$0CHA@$05@BrocSys@@YA?AVstring@Broc@@I@Z	V3	PASS	ida-manual-20260827	2026-08-27	src/game/logic/g_scr.cpp:25743	Entity model getter matches the shared string callback/direct-read source template.
0x005F0780	??$entity_get_field@Vstring@Broc@@$0CHA@$05@BrocSys@@YA?AVstring@Broc@@I@Z	V4	PASS	ida-manual-20260827	2026-08-27	IDA:0x005F0780	Release reads mModel at offset 624 through off_DF4930 or direct copy, matching source.
0x005F08F0	??$entity_set_field@H$0CMA@$00@BrocSys@@YAXIH@Z	V3	PASS	ida-manual-20260827	2026-08-27	src/game/logic/g_scr.cpp:25721	Entity spawnflags setter matches the shared scalar callback/direct-write source template.
0x005F08F0	??$entity_set_field@H$0CMA@$00@BrocSys@@YAXIH@Z	V4	PASS	ida-manual-20260827	2026-08-27	IDA:0x005F08F0	Release writes spawnflags at offset 704 through off_DF491C or direct assignment, matching source.
0x005F09C0	??$entity_get_field@H$0CMA@$0A@@BrocSys@@YAHI@Z	V3	PASS	ida-manual-20260827	2026-08-27	src/game/logic/g_scr.cpp:25743	Entity spawnflags getter matches the shared scalar callback/direct-read source template.
0x005F09C0	??$entity_get_field@H$0CMA@$0A@@BrocSys@@YAHI@Z	V4	PASS	ida-manual-20260827	2026-08-27	IDA:0x005F09C0	Release reads spawnflags at offset 704 and returns zero on invalid handles, matching source.
0x005F0DA0	??$entity_set_field@Vstring@Broc@@$0CIM@$0L@@BrocSys@@YAXIVstring@Broc@@@Z	V3	PASS	ida-manual-20260827	2026-08-27	src/game/logic/g_scr.cpp:25721	Entity target setter matches the shared string callback/direct-write source template.
0x005F0DA0	??$entity_set_field@Vstring@Broc@@$0CIM@$0L@@BrocSys@@YAXIVstring@Broc@@@Z	V4	PASS	ida-manual-20260827	2026-08-27	IDA:0x005F0DA0	Release writes target at offset 652 through off_DF4944 or direct assignment, matching source.
0x005F0EC0	??$entity_get_field@Vstring@Broc@@$0CIM@$0A@@BrocSys@@YA?AVstring@Broc@@I@Z	V3	PASS	ida-manual-20260827	2026-08-27	src/game/logic/g_scr.cpp:25743	Entity target getter matches the shared string callback/direct-read source template.
0x005F0EC0	??$entity_get_field@Vstring@Broc@@$0CIM@$0A@@BrocSys@@YA?AVstring@Broc@@I@Z	V4	PASS	ida-manual-20260827	2026-08-27	IDA:0x005F0EC0	Release reads target at offset 652 and matches source callback/invalid return behavior.
0x005F1030	??$entity_set_field@Vstring@Broc@@$0CIE@$0M@@BrocSys@@YAXIVstring@Broc@@@Z	V3	PASS	ida-manual-20260827	2026-08-27	src/game/logic/g_scr.cpp:25721	Entity targetname setter matches the shared string callback/direct-write source template.
0x005F1030	??$entity_set_field@Vstring@Broc@@$0CIE@$0M@@BrocSys@@YAXIVstring@Broc@@@Z	V4	PASS	ida-manual-20260827	2026-08-27	IDA:0x005F1030	Release writes targetname at offset 644 through off_DF4948 or direct assignment, matching source.
0x005F1150	??$entity_get_field@Vstring@Broc@@$0CIE@$0A@@BrocSys@@YA?AVstring@Broc@@I@Z	V3	PASS	ida-manual-20260827	2026-08-27	src/game/logic/g_scr.cpp:25743	Entity targetname getter matches the shared string callback/direct-read source template.
0x005F1150	??$entity_get_field@Vstring@Broc@@$0CIE@$0A@@BrocSys@@YA?AVstring@Broc@@I@Z	V4	PASS	ida-manual-20260827	2026-08-27	IDA:0x005F1150	Release reads targetname at offset 644 and matches source callback/invalid return behavior.
0x005F36D0	??$entity_set_actor_field@M$0PA@$0A@@BrocSys@@YAXIM@Z	V3	PASS	ida-manual-20260827	2026-08-27	src/game/logic/g_scr.cpp:25780	Actor accuracy seter matches the shared entity actor handle/actor-null guards, callback, direct-member, and warning source template.
0x005F36D0	??$entity_set_actor_field@M$0PA@$0A@@BrocSys@@YAXIM@Z	V4	PASS	ida-manual-20260827	2026-08-27	IDA:0x005F36D0	Release sets actor accuracy at offset 240 and matches the source callback/direct-set path.
0x005F37F0	??$entity_get_actor_field@M$0PA@$0A@@BrocSys@@YAMI@Z	V3	PASS	ida-manual-20260827	2026-08-27	src/game/logic/g_scr.cpp:25814	Actor accuracy geter matches the shared entity actor handle/actor-null guards, callback, direct-member, and warning source template.
0x005F37F0	??$entity_get_actor_field@M$0PA@$0A@@BrocSys@@YAMI@Z	V4	PASS	ida-manual-20260827	2026-08-27	IDA:0x005F37F0	Release gets actor accuracy at offset 240 and matches the source callback/direct-get path.
0x005F3920	??$entity_set_actor_field@M$0PE@$0A@@BrocSys@@YAXIM@Z	V3	PASS	ida-manual-20260827	2026-08-27	src/game/logic/g_scr.cpp:25780	Actor accuracyStationaryMod seter matches the shared entity actor handle/actor-null guards, callback, direct-member, and warning source template.
0x005F3920	??$entity_set_actor_field@M$0PE@$0A@@BrocSys@@YAXIM@Z	V4	PASS	ida-manual-20260827	2026-08-27	IDA:0x005F3920	Release sets actor accuracyStationaryMod at offset 244 and matches the source callback/direct-set path.
0x005F3A40	??$entity_get_actor_field@M$0PE@$0A@@BrocSys@@YAMI@Z	V3	PASS	ida-manual-20260827	2026-08-27	src/game/logic/g_scr.cpp:25814	Actor accuracyStationaryMod geter matches the shared entity actor handle/actor-null guards, callback, direct-member, and warning source template.
0x005F3A40	??$entity_get_actor_field@M$0PE@$0A@@BrocSys@@YAMI@Z	V4	PASS	ida-manual-20260827	2026-08-27	IDA:0x005F3A40	Release gets actor accuracyStationaryMod at offset 244 and matches the source callback/direct-get path.
0x005F3B70	??$entity_set_actor_field@M$0PI@$0A@@BrocSys@@YAXIM@Z	V3	PASS	ida-manual-20260827	2026-08-27	src/game/logic/g_scr.cpp:25780	Actor accuracyVsPlayer seter matches the shared entity actor handle/actor-null guards, callback, direct-member, and warning source template.
0x005F3B70	??$entity_set_actor_field@M$0PI@$0A@@BrocSys@@YAXIM@Z	V4	PASS	ida-manual-20260827	2026-08-27	IDA:0x005F3B70	Release sets actor accuracyVsPlayer at offset 248 and matches the source callback/direct-set path.
0x005F3C90	??$entity_get_actor_field@M$0PI@$0A@@BrocSys@@YAMI@Z	V3	PASS	ida-manual-20260827	2026-08-27	src/game/logic/g_scr.cpp:25814	Actor accuracyVsPlayer geter matches the shared entity actor handle/actor-null guards, callback, direct-member, and warning source template.
0x005F3C90	??$entity_get_actor_field@M$0PI@$0A@@BrocSys@@YAMI@Z	V4	PASS	ida-manual-20260827	2026-08-27	IDA:0x005F3C90	Release gets actor accuracyVsPlayer at offset 248 and matches the source callback/direct-get path.
0x005F3DC0	??$entity_set_actor_field@M$0PM@$0A@@BrocSys@@YAXIM@Z	V3	PASS	ida-manual-20260827	2026-08-27	src/game/logic/g_scr.cpp:25780	Actor accuracyVsAI seter matches the shared entity actor handle/actor-null guards, callback, direct-member, and warning source template.
0x005F3DC0	??$entity_set_actor_field@M$0PM@$0A@@BrocSys@@YAXIM@Z	V4	PASS	ida-manual-20260827	2026-08-27	IDA:0x005F3DC0	Release sets actor accuracyVsAI at offset 252 and matches the source callback/direct-set path.
0x005F3EE0	??$entity_get_actor_field@M$0PM@$0A@@BrocSys@@YAMI@Z	V3	PASS	ida-manual-20260827	2026-08-27	src/game/logic/g_scr.cpp:25814	Actor accuracyVsAI geter matches the shared entity actor handle/actor-null guards, callback, direct-member, and warning source template.
0x005F3EE0	??$entity_get_actor_field@M$0PM@$0A@@BrocSys@@YAMI@Z	V4	PASS	ida-manual-20260827	2026-08-27	IDA:0x005F3EE0	Release gets actor accuracyVsAI at offset 252 and matches the source callback/direct-get path.
0x005F4010	??$entity_set_actor_field@M$0BAA@$0A@@BrocSys@@YAXIM@Z	V3	PASS	ida-manual-20260827	2026-08-27	src/game/logic/g_scr.cpp:25780	Actor accuracyVsHero seter matches the shared entity actor float guard, callback, direct-member, and warning source template.
0x005F4010	??$entity_set_actor_field@M$0BAA@$0A@@BrocSys@@YAXIM@Z	V4	PASS	ida-manual-20260827	2026-08-27	IDA:0x005F4010	Release sets actor accuracyVsHero at offset 256 and matches the source callback/direct-set path.
0x005F4130	??$entity_get_actor_field@M$0BAA@$0A@@BrocSys@@YAMI@Z	V3	PASS	ida-manual-20260827	2026-08-27	src/game/logic/g_scr.cpp:25814	Actor accuracyVsHero geter matches the shared entity actor float guard, callback, direct-member, and warning source template.
0x005F4130	??$entity_get_actor_field@M$0BAA@$0A@@BrocSys@@YAMI@Z	V4	PASS	ida-manual-20260827	2026-08-27	IDA:0x005F4130	Release gets actor accuracyVsHero at offset 256 and matches the source callback/direct-get path.
0x005F4260	??$entity_set_actor_field@Uvector@Broc@@$0BEA@$0BA@@BrocSys@@YAXIUvector@Broc@@@Z	V3	PASS	ida-manual-20260827	2026-08-27	src/game/logic/g_scr.cpp:25780	Actor vLookForward seter matches the shared entity actor vector guard, callback, direct-member, and warning source template.
0x005F4260	??$entity_set_actor_field@Uvector@Broc@@$0BEA@$0BA@@BrocSys@@YAXIUvector@Broc@@@Z	V4	PASS	ida-manual-20260827	2026-08-27	IDA:0x005F4260	Release sets actor vLookForward at offset 320 and matches the source callback/direct-set path.
0x005F4390	??$entity_get_actor_field@Uvector@Broc@@$0BEA@$0A@@BrocSys@@YA?AUvector@Broc@@I@Z	V3	PASS	ida-manual-20260827	2026-08-27	src/game/logic/g_scr.cpp:25814	Actor vLookForward geter matches the shared entity actor vector guard, callback, direct-member, and warning source template.
0x005F4390	??$entity_get_actor_field@Uvector@Broc@@$0BEA@$0A@@BrocSys@@YA?AUvector@Broc@@I@Z	V4	PASS	ida-manual-20260827	2026-08-27	IDA:0x005F4390	Release gets actor vLookForward at offset 320 and matches the source callback/direct-get path.
0x005F4550	??$entity_set_actor_field@Uvector@Broc@@$0BEM@$0BA@@BrocSys@@YAXIUvector@Broc@@@Z	V3	PASS	ida-manual-20260827	2026-08-27	src/game/logic/g_scr.cpp:25780	Actor vLookRight seter matches the shared entity actor vector guard, callback, direct-member, and warning source template.
0x005F4550	??$entity_set_actor_field@Uvector@Broc@@$0BEM@$0BA@@BrocSys@@YAXIUvector@Broc@@@Z	V4	PASS	ida-manual-20260827	2026-08-27	IDA:0x005F4550	Release sets actor vLookRight at offset 332 and matches the source callback/direct-set path.
0x005F4680	??$entity_get_actor_field@Uvector@Broc@@$0BEM@$0A@@BrocSys@@YA?AUvector@Broc@@I@Z	V3	PASS	ida-manual-20260827	2026-08-27	src/game/logic/g_scr.cpp:25814	Actor vLookRight geter matches the shared entity actor vector guard, callback, direct-member, and warning source template.
0x005F4680	??$entity_get_actor_field@Uvector@Broc@@$0BEM@$0A@@BrocSys@@YA?AUvector@Broc@@I@Z	V4	PASS	ida-manual-20260827	2026-08-27	IDA:0x005F4680	Release gets actor vLookRight at offset 332 and matches the source callback/direct-get path.
0x005F4840	??$entity_set_actor_field@Uvector@Broc@@$0BFI@$0BA@@BrocSys@@YAXIUvector@Broc@@@Z	V3	PASS	ida-manual-20260827	2026-08-27	src/game/logic/g_scr.cpp:25780	Actor vLookUp seter matches the shared entity actor vector guard, callback, direct-member, and warning source template.
0x005F4840	??$entity_set_actor_field@Uvector@Broc@@$0BFI@$0BA@@BrocSys@@YAXIUvector@Broc@@@Z	V4	PASS	ida-manual-20260827	2026-08-27	IDA:0x005F4840	Release sets actor vLookUp at offset 344 and matches the source callback/direct-set path.
0x005F4970	??$entity_get_actor_field@Uvector@Broc@@$0BFI@$0A@@BrocSys@@YA?AUvector@Broc@@I@Z	V3	PASS	ida-manual-20260827	2026-08-27	src/game/logic/g_scr.cpp:25814	Actor vLookUp geter matches the shared entity actor vector guard, callback, direct-member, and warning source template.
0x005F4970	??$entity_get_actor_field@Uvector@Broc@@$0BFI@$0A@@BrocSys@@YA?AUvector@Broc@@I@Z	V4	PASS	ida-manual-20260827	2026-08-27	IDA:0x005F4970	Release gets actor vLookUp at offset 344 and matches the source callback/direct-get path.
0x005F4B30	??$entity_set_actor_field@M$0IKM@$0BB@@BrocSys@@YAXIM@Z	V3	PASS	ida-manual-20260827	2026-08-27	src/game/logic/g_scr.cpp:25780	Actor fFovDot seter matches the shared entity actor float guard, callback, direct-member, and warning source template.
0x005F4B30	??$entity_set_actor_field@M$0IKM@$0BB@@BrocSys@@YAXIM@Z	V4	PASS	ida-manual-20260827	2026-08-27	IDA:0x005F4B30	Release sets actor fFovDot at offset 2220 and matches the source callback/direct-set path.
0x005F4C50	??$entity_get_actor_field@M$0IKM@$0A@@BrocSys@@YAMI@Z	V3	PASS	ida-manual-20260827	2026-08-27	src/game/logic/g_scr.cpp:25814	Actor fFovDot geter matches the shared entity actor float guard, callback, direct-member, and warning source template.
0x005F4C50	??$entity_get_actor_field@M$0IKM@$0A@@BrocSys@@YAMI@Z	V4	PASS	ida-manual-20260827	2026-08-27	IDA:0x005F4C50	Release gets actor fFovDot at offset 2220 and matches the source callback/direct-get path.
0x005F4D80	??$entity_set_actor_field@M$0ILA@$0A@@BrocSys@@YAXIM@Z	V3	PASS	ida-manual-20260827	2026-08-27	src/game/logic/g_scr.cpp:25780	Actor fMaxSightDistSqrd seter matches the shared entity actor float guard, callback, direct-member, and warning source template.
0x005F4D80	??$entity_set_actor_field@M$0ILA@$0A@@BrocSys@@YAXIM@Z	V4	PASS	ida-manual-20260827	2026-08-27	IDA:0x005F4D80	Release sets actor fMaxSightDistSqrd at offset 2224 and matches the source callback/direct-set path.
0x005F4EA0	??$entity_get_actor_field@M$0ILA@$0A@@BrocSys@@YAMI@Z	V3	PASS	ida-manual-20260827	2026-08-27	src/game/logic/g_scr.cpp:25814	Actor fMaxSightDistSqrd geter matches the shared entity actor float guard, callback, direct-member, and warning source template.
0x005F4EA0	??$entity_get_actor_field@M$0ILA@$0A@@BrocSys@@YAMI@Z	V4	PASS	ida-manual-20260827	2026-08-27	IDA:0x005F4EA0	Release gets actor fMaxSightDistSqrd at offset 2224 and matches the source callback/direct-get path.
0x005F4FD0	??$entity_set_actor_field@M$0IKI@$0BB@@BrocSys@@YAXIM@Z	V3	PASS	ida-manual-20260827	2026-08-27	src/game/logic/g_scr.cpp:25780	Actor fVisibilityThreshold seter matches the shared entity actor float guard, callback, direct-member, and warning source template.
0x005F4FD0	??$entity_set_actor_field@M$0IKI@$0BB@@BrocSys@@YAXIM@Z	V4	PASS	ida-manual-20260827	2026-08-27	IDA:0x005F4FD0	Release sets actor fVisibilityThreshold at offset 2216 and matches the source callback/direct-set path.
0x005F50F0	??$entity_get_actor_field@M$0IKI@$0A@@BrocSys@@YAMI@Z	V3	PASS	ida-manual-20260827	2026-08-27	src/game/logic/g_scr.cpp:25814	Actor fVisibilityThreshold geter matches the shared entity actor float guard, callback, direct-member, and warning source template.
0x005F50F0	??$entity_get_actor_field@M$0IKI@$0A@@BrocSys@@YAMI@Z	V4	PASS	ida-manual-20260827	2026-08-27	IDA:0x005F50F0	Release gets actor fVisibilityThreshold at offset 2216 and matches the source callback/direct-get path.
0x005F5220	??$entity_set_actor_field@H$0ILE@$0A@@BrocSys@@YAXIH@Z	V3	PASS	ida-manual-20260827	2026-08-27	src/game/logic/g_scr.cpp:25780	Actor iDefaultSightLatency seter matches the shared entity actor int guard, callback, direct-member, and warning source template.
0x005F5220	??$entity_set_actor_field@H$0ILE@$0A@@BrocSys@@YAXIH@Z	V4	PASS	ida-manual-20260827	2026-08-27	IDA:0x005F5220	Release sets actor iDefaultSightLatency at offset 2228 and matches the source callback/direct-set path.
0x005F5340	??$entity_get_actor_field@H$0ILE@$0A@@BrocSys@@YAHI@Z	V3	PASS	ida-manual-20260827	2026-08-27	src/game/logic/g_scr.cpp:25814	Actor iDefaultSightLatency geter matches the shared entity actor int guard, callback, direct-member, and warning source template.
0x005F5340	??$entity_get_actor_field@H$0ILE@$0A@@BrocSys@@YAHI@Z	V4	PASS	ida-manual-20260827	2026-08-27	IDA:0x005F5340	Release gets actor iDefaultSightLatency at offset 2228 and matches the source callback/direct-get path.
0x005F5460	??$entity_set_actor_field@M$0JJE@$0A@@BrocSys@@YAXIM@Z	V3	PASS	ida-manual-20260827	2026-08-27	src/game/logic/g_scr.cpp:25780	Actor fMaxThreatDistSqrd seter matches the shared entity actor float guard, callback, direct-member, and warning source template.
0x005F5460	??$entity_set_actor_field@M$0JJE@$0A@@BrocSys@@YAXIM@Z	V4	PASS	ida-manual-20260827	2026-08-27	IDA:0x005F5460	Release sets actor fMaxThreatDistSqrd at offset 2452 and matches the source callback/direct-set path.
0x005F5580	??$entity_get_actor_field@M$0JJE@$0A@@BrocSys@@YAMI@Z	V3	PASS	ida-manual-20260827	2026-08-27	src/game/logic/g_scr.cpp:25814	Actor fMaxThreatDistSqrd geter matches the shared entity actor float guard, callback, direct-member, and warning source template.
0x005F5580	??$entity_get_actor_field@M$0JJE@$0A@@BrocSys@@YAMI@Z	V4	PASS	ida-manual-20260827	2026-08-27	IDA:0x005F5580	Release gets actor fMaxThreatDistSqrd at offset 2452 and matches the source callback/direct-get path.
0x005F56B0	??$entity_set_actor_field@H$0ICE@$0A@@BrocSys@@YAXIH@Z	V3	PASS	ida-manual-20260827	2026-08-27	src/game/logic/g_scr.cpp:25780	Actor iFollowMin seter matches the shared entity actor int guard, callback, direct-member, and warning source template.
0x005F56B0	??$entity_set_actor_field@H$0ICE@$0A@@BrocSys@@YAXIH@Z	V4	PASS	ida-manual-20260827	2026-08-27	IDA:0x005F56B0	Release sets actor iFollowMin at offset 2084 and matches the source callback/direct-set path.
0x005F57D0	??$entity_get_actor_field@H$0ICE@$0A@@BrocSys@@YAHI@Z	V3	PASS	ida-manual-20260827	2026-08-27	src/game/logic/g_scr.cpp:25814	Actor iFollowMin geter matches the shared entity actor int guard, callback, direct-member, and warning source template.
0x005F57D0	??$entity_get_actor_field@H$0ICE@$0A@@BrocSys@@YAHI@Z	V4	PASS	ida-manual-20260827	2026-08-27	IDA:0x005F57D0	Release gets actor iFollowMin at offset 2084 and matches the source callback/direct-get path.
0x005F58F0	??$entity_set_actor_field@H$0ICI@$0A@@BrocSys@@YAXIH@Z	V3	PASS	ida-manual-20260827	2026-08-27	src/game/logic/g_scr.cpp:25780	Actor iFollowMax seter matches the shared entity actor int guard, callback, direct-member, and warning source template.
0x005F58F0	??$entity_set_actor_field@H$0ICI@$0A@@BrocSys@@YAXIH@Z	V4	PASS	ida-manual-20260827	2026-08-27	IDA:0x005F58F0	Release sets actor iFollowMax at offset 2088 and matches the source callback/direct-set path.
0x005F5A10	??$entity_get_actor_field@H$0ICI@$0A@@BrocSys@@YAHI@Z	V3	PASS	ida-manual-20260827	2026-08-27	src/game/logic/g_scr.cpp:25814	Actor iFollowMax geter matches the shared entity actor int guard, callback, direct-member, and warning source template.
0x005F5A10	??$entity_get_actor_field@H$0ICI@$0A@@BrocSys@@YAHI@Z	V4	PASS	ida-manual-20260827	2026-08-27	IDA:0x005F5A10	Release gets actor iFollowMax at offset 2088 and matches the source callback/direct-get path.
0x005F5B30	??$entity_set_actor_field@F$0IFA@$0A@@BrocSys@@YAXIF@Z	V3	PASS	ida-manual-20260827	2026-08-27	src/game/logic/g_scr.cpp:25780	Actor chainFallback seter matches the shared entity actor short guard, callback, direct-member, and warning source template.
0x005F5B30	??$entity_set_actor_field@F$0IFA@$0A@@BrocSys@@YAXIF@Z	V4	PASS	ida-manual-20260827	2026-08-27	IDA:0x005F5B30	Release sets actor chainFallback at offset 2128 and matches the source callback/direct-set path.
0x005F5C50	??$entity_get_actor_field@F$0IFA@$0A@@BrocSys@@YAFI@Z	V3	PASS	ida-manual-20260827	2026-08-27	src/game/logic/g_scr.cpp:25814	Actor chainFallback geter matches the shared entity actor short guard, callback, direct-member, and warning source template.
0x005F5C50	??$entity_get_actor_field@F$0IFA@$0A@@BrocSys@@YAFI@Z	V4	PASS	ida-manual-20260827	2026-08-27	IDA:0x005F5C50	Release gets actor chainFallback at offset 2128 and matches the source callback/direct-get path.
0x005F5D70	??$entity_set_actor_field@M$0ICM@$0A@@BrocSys@@YAXIM@Z	V3	PASS	ida-manual-20260827	2026-08-27	src/game/logic/g_scr.cpp:25780	Actor fInterval seter matches the shared entity actor float guard, callback, direct-member, and warning source template.
0x005F5D70	??$entity_set_actor_field@M$0ICM@$0A@@BrocSys@@YAXIM@Z	V4	PASS	ida-manual-20260827	2026-08-27	IDA:0x005F5D70	Release sets actor fInterval at offset 2092 and matches the source callback/direct-set path.
0x005F5E90	??$entity_get_actor_field@M$0ICM@$0A@@BrocSys@@YAMI@Z	V3	PASS	ida-manual-20260827	2026-08-27	src/game/logic/g_scr.cpp:25814	Actor fInterval geter matches the shared entity actor float guard, callback, direct-member, and warning source template.
0x005F5E90	??$entity_get_actor_field@M$0ICM@$0A@@BrocSys@@YAMI@Z	V4	PASS	ida-manual-20260827	2026-08-27	IDA:0x005F5E90	Release gets actor fInterval at offset 2092 and matches the source callback/direct-get path.
0x005F5FC0	??$entity_set_actor_field@M$0IDA@$0A@@BrocSys@@YAXIM@Z	V3	PASS	ida-manual-20260827	2026-08-27	src/game/logic/g_scr.cpp:25780	Actor fPersonalSpace seter matches the shared entity actor float guard, callback, direct-member, and warning source template.
0x005F5FC0	??$entity_set_actor_field@M$0IDA@$0A@@BrocSys@@YAXIM@Z	V4	PASS	ida-manual-20260827	2026-08-27	IDA:0x005F5FC0	Release sets actor fPersonalSpace at offset 2096 and matches the source callback/direct-set path.
0x005F60E0	??$entity_get_actor_field@M$0IDA@$0A@@BrocSys@@YAMI@Z	V3	PASS	ida-manual-20260827	2026-08-27	src/game/logic/g_scr.cpp:25814	Actor fPersonalSpace geter matches the shared entity actor float guard, callback, direct-member, and warning source template.
0x005F60E0	??$entity_get_actor_field@M$0IDA@$0A@@BrocSys@@YAMI@Z	V4	PASS	ida-manual-20260827	2026-08-27	IDA:0x005F60E0	Release gets actor fPersonalSpace at offset 2096 and matches the source callback/direct-get path.
0x005F6210	??$entity_set_actor_field@H$0CGI@$0A@@BrocSys@@YAXIH@Z	V3	PASS	ida-manual-20260827	2026-08-27	src/game/logic/g_scr.cpp:25780	Actor iDamageType seter matches the shared entity actor int guard, callback, direct-member, and warning source template.
0x005F6210	??$entity_set_actor_field@H$0CGI@$0A@@BrocSys@@YAXIH@Z	V4	PASS	ida-manual-20260827	2026-08-27	IDA:0x005F6210	Release sets actor iDamageType at offset 616 and matches the source callback/direct-set path.
0x005F6330	??$entity_get_actor_field@H$0CGI@$0A@@BrocSys@@YAHI@Z	V3	PASS	ida-manual-20260827	2026-08-27	src/game/logic/g_scr.cpp:25814	Actor iDamageType geter matches the shared entity actor int guard, callback, direct-member, and warning source template.
0x005F6330	??$entity_get_actor_field@H$0CGI@$0A@@BrocSys@@YAHI@Z	V4	PASS	ida-manual-20260827	2026-08-27	IDA:0x005F6330	Release gets actor iDamageType at offset 616 and matches the source callback/direct-get path.
0x005F6450	??$entity_set_actor_field@H$0CGM@$0BA@@BrocSys@@YAXIH@Z	V3	PASS	ida-manual-20260827	2026-08-27	src/game/logic/g_scr.cpp:25780	Actor iDamageTaken seter matches the shared entity actor int guard, callback, direct-member, and warning source template.
0x005F6450	??$entity_set_actor_field@H$0CGM@$0BA@@BrocSys@@YAXIH@Z	V4	PASS	ida-manual-20260827	2026-08-27	IDA:0x005F6450	Release sets actor iDamageTaken at offset 620 and matches the source callback/direct-set path.
0x005F6570	??$entity_get_actor_field@H$0CGM@$0A@@BrocSys@@YAHI@Z	V3	PASS	ida-manual-20260827	2026-08-27	src/game/logic/g_scr.cpp:25814	Actor iDamageTaken geter matches the shared entity actor int guard, callback, direct-member, and warning source template.
0x005F6570	??$entity_get_actor_field@H$0CGM@$0A@@BrocSys@@YAHI@Z	V4	PASS	ida-manual-20260827	2026-08-27	IDA:0x005F6570	Release gets actor iDamageTaken at offset 620 and matches the source callback/direct-get path.
0x005F6690	??$entity_set_actor_field@Uvector@Broc@@$0CHE@$0BA@@BrocSys@@YAXIUvector@Broc@@@Z	V3	PASS	ida-manual-20260827	2026-08-27	src/game/logic/g_scr.cpp:25780	Actor damageDir seter matches the shared entity actor vector guard, callback, direct-member, and warning source template.
0x005F6690	??$entity_set_actor_field@Uvector@Broc@@$0CHE@$0BA@@BrocSys@@YAXIUvector@Broc@@@Z	V4	PASS	ida-manual-20260827	2026-08-27	IDA:0x005F6690	Release sets actor damageDir at offset 628 and matches the source callback/direct-set path.
0x005F67C0	??$entity_get_actor_field@Uvector@Broc@@$0CHE@$0A@@BrocSys@@YA?AUvector@Broc@@I@Z	V3	PASS	ida-manual-20260827	2026-08-27	src/game/logic/g_scr.cpp:25814	Actor damageDir geter matches the shared entity actor vector guard, callback, direct-member, and warning source template.
0x005F67C0	??$entity_get_actor_field@Uvector@Broc@@$0CHE@$0A@@BrocSys@@YA?AUvector@Broc@@I@Z	V4	PASS	ida-manual-20260827	2026-08-27	IDA:0x005F67C0	Release gets actor damageDir at offset 628 and matches the source callback/direct-get path.
0x005F6980	??$entity_set_actor_field@H$0CHA@$0BA@@BrocSys@@YAXIH@Z	V3	PASS	ida-manual-20260827	2026-08-27	src/game/logic/g_scr.cpp:25780	Actor iDamageYaw seter matches the shared entity actor int guard, callback, direct-member, and warning source template.
0x005F6980	??$entity_set_actor_field@H$0CHA@$0BA@@BrocSys@@YAXIH@Z	V4	PASS	ida-manual-20260827	2026-08-27	IDA:0x005F6980	Release sets actor iDamageYaw at offset 624 and matches the source callback/direct-set path.
0x005F6AA0	??$entity_get_actor_field@H$0CHA@$0A@@BrocSys@@YAHI@Z	V3	PASS	ida-manual-20260827	2026-08-27	src/game/logic/g_scr.cpp:25814	Actor iDamageYaw geter matches the shared entity actor int guard, callback, direct-member, and warning source template.
0x005F6AA0	??$entity_get_actor_field@H$0CHA@$0A@@BrocSys@@YAHI@Z	V4	PASS	ida-manual-20260827	2026-08-27	IDA:0x005F6AA0	Release gets actor iDamageYaw at offset 624 and matches the source callback/direct-get path.
0x005F6BC0	??$entity_set_actor_field@I$0CIA@$0BA@@BrocSys@@YAXII@Z	V3	PASS	ida-manual-20260827	2026-08-27	src/game/logic/g_scr.cpp:25780	Actor mDamageHitLoc seter matches the shared entity actor unsigned int guard, callback, direct-member, and warning source template.
0x005F6BC0	??$entity_set_actor_field@I$0CIA@$0BA@@BrocSys@@YAXII@Z	V4	PASS	ida-manual-20260827	2026-08-27	IDA:0x005F6BC0	Release sets actor mDamageHitLoc at offset 640 and matches the source callback/direct-set path.
0x005F6CE0	??$entity_get_actor_field@I$0CIA@$0A@@BrocSys@@YAII@Z	V3	PASS	ida-manual-20260827	2026-08-27	src/game/logic/g_scr.cpp:25814	Actor mDamageHitLoc geter matches the shared entity actor unsigned int guard, callback, direct-member, and warning source template.
0x005F6CE0	??$entity_get_actor_field@I$0CIA@$0A@@BrocSys@@YAII@Z	V4	PASS	ida-manual-20260827	2026-08-27	IDA:0x005F6CE0	Release gets actor mDamageHitLoc at offset 640 and matches the source callback/direct-get path.
0x005EFBF0	?AssignData@?$WaitTilOutputInst1@H@@UAEXPAVWaitTilOutput@@@Z	V3	PASS	ida-manual-20260827	2026-08-27	src/game/core/ctor_dtor.cpp:373	WaitTilOutputInst1<int>::AssignData implements the size assertion metadata and writes the int payload.
0x005EFBF0	?AssignData@?$WaitTilOutputInst1@H@@UAEXPAVWaitTilOutput@@@Z	V4	PASS	ida-manual-20260827	2026-08-27	IDA:0x005EFBF0	Release size guard, JRS assertion path, null-ignored write, and output offset match source.
0x005EFD20	?AssignData@?$WaitTilOutputInst2@MI@@UAEXPAVWaitTilOutput@@@Z	V3	PASS	ida-manual-20260827	2026-08-27	src/game/core/ctor_dtor.cpp:402	WaitTilOutputInst2<float,unsigned int>::AssignData implements size assertion and one/two-value payload writes.
0x005EFD20	?AssignData@?$WaitTilOutputInst2@MI@@UAEXPAVWaitTilOutput@@@Z	V4	PASS	ida-manual-20260827	2026-08-27	IDA:0x005EFD20	Release size guard, assertion path, size-dependent writes, and float bit-preserving payload match source.
0x005EDF90	??$min_val@I@Broc@@YAIABI0@Z	V3	PASS	ida-manual-20260827	2026-08-27	src/engine/broc_types.h:245	Broc unsigned min_val reads both operands and returns the lesser value.
0x005EDF90	??$min_val@I@Broc@@YAIABI0@Z	V4	PASS	ida-manual-20260827	2026-08-27	IDA:0x005EDF90	Release compares *lhs and *rhs and returns the matching minimum exactly as source.
0x005EE060	?begin@?$dyn_array@Vstring@Broc@@@Broc@@QAEPAVstring@2@XZ	V3	PASS	ida-manual-20260827	2026-08-27	src/engine/broc_types.h:177	Broc string dyn_array begin returns mElements directly.
0x005EE060	?begin@?$dyn_array@Vstring@Broc@@@Broc@@QAEPAVstring@2@XZ	V4	PASS	ida-manual-20260827	2026-08-27	IDA:0x005EE060	Release returns mElements exactly as the generic source implementation.
0x005EA400	??Econst_iterator@?$reserved_dlist@VAeThread@@@@QAEAAV01@XZ	V3	PASS	ida-manual-20260827	2026-08-27	src/game/core/core_systems.h:492	Reserved-list AeThread const iterator has the release null-next assertion and advances node/next pointers.
0x005EA400	??Econst_iterator@?$reserved_dlist@VAeThread@@@@QAEAAV01@XZ	V4	PASS	ida-manual-20260827	2026-08-27	IDA:0x005EA400	Release body matches the shared const_iterator increment implementation and assert metadata.
0x005EAE40	??Eiterator@?$BitSet@$0BAA@@@QAEXXZ	V3	PASS	ida-manual-20260827	2026-08-27	src/game/core/core_systems.h:325	BitSet<256> iterator increment scans words, finds the next set bit, and reaches the -1 sentinel.
0x005EAE40	??Eiterator@?$BitSet@$0BAA@@@QAEXXZ	V4	PASS	ida-manual-20260827	2026-08-27	IDA:0x005EAE40	Release word scan, bit scan, clear, and terminal sentinel behavior match source.
0x005EAF70	??0iterator@?$BitSet@$0BAA@@@QAE@XZ	V3	PASS	ida-manual-20260827	2026-08-27	src/game/core/core_systems.h:302	BitSet<256> default iterator initializes source, word index, and current value to release sentinels.
0x005EAF70	??0iterator@?$BitSet@$0BAA@@@QAE@XZ	V4	PASS	ida-manual-20260827	2026-08-27	IDA:0x005EAF70	Release constructor initializes m_src null, m_word_idx -1, and m_cur_val -1 as source.
0x005EDF00	?begin@?$dyn_array@Ventity@Broc@@@Broc@@QAEPAVentity@2@XZ	V3	PASS	ida-manual-20260827	2026-08-27	src/engine/broc_types.h:176	dyn_array entity begin returns mElements directly.
0x005EDF00	?begin@?$dyn_array@Ventity@Broc@@@Broc@@QAEPAVentity@2@XZ	V4	PASS	ida-manual-20260827	2026-08-27	IDA:0x005EDF00	Release returns mElements exactly as the source specialization.
0x005EDF10	?end@?$dyn_array@Ventity@Broc@@@Broc@@QAEPAVentity@2@XZ	V3	PASS	ida-manual-20260827	2026-08-27	src/engine/broc_types.h:178	dyn_array entity end returns mElements plus mSize.
0x005EDF10	?end@?$dyn_array@Ventity@Broc@@@Broc@@QAEPAVentity@2@XZ	V4	PASS	ida-manual-20260827	2026-08-27	IDA:0x005EDF10	Release returns &mElements[mSize] exactly as the source specialization.
0x005EDF40	?destroy_all@?$dyn_array@Ventity@Broc@@@Broc@@AAEXXZ	V3	PASS	ida-manual-20260827	2026-08-27	src/game/logic/g_scr.cpp:2062	Entity dyn_array destroy_all performs release-pool, heap-check, and fallback free paths.
0x005EDF40	?destroy_all@?$dyn_array@Ventity@Broc@@@Broc@@AAEXXZ	V4	PASS	ida-manual-20260827	2026-08-27	IDA:0x005EDF40	Release pool/heap destruction branch and null guard match the source specialization.
0x005FBA00	??$entity_set_actor_field@Ventity@Broc@@$0KAM@$0A@@BrocSys@@YAXIVentity@Broc@@@Z	V3	PASS	ida-manual-20260827	2026-08-27	src/game/logic/g_scr.cpp:25780	Actor hVehicle entity setter matches shared actor entity guard, callback, direct-handle member, and warning template.
0x005FBA00	??$entity_set_actor_field@Ventity@Broc@@$0KAM@$0A@@BrocSys@@YAXIVentity@Broc@@@Z	V4	PASS	ida-manual-20260827	2026-08-27	IDA:0x005FBA00	Release sets actor hVehicle handle at offset 2572; callback index 0 and direct handle member match source.
0x005FBB20	??$entity_get_actor_field@Ventity@Broc@@$0KAM@$0A@@BrocSys@@YA?AVentity@Broc@@I@Z	V3	PASS	ida-manual-20260827	2026-08-27	src/game/logic/g_scr.cpp:25814	Actor hVehicle entity getter matches shared actor entity guard, callback, direct-handle member, and warning template.
0x005FBB20	??$entity_get_actor_field@Ventity@Broc@@$0KAM@$0A@@BrocSys@@YA?AVentity@Broc@@I@Z	V4	PASS	ida-manual-20260827	2026-08-27	IDA:0x005FBB20	Release gets actor hVehicle handle at offset 2572; callback index 0 and direct handle member match source.
0x005FBC70	??$entity_set_actor_field@I$0KBA@$0A@@BrocSys@@YAXII@Z	V3	PASS	ida-manual-20260827	2026-08-27	src/game/logic/g_scr.cpp:25780	Actor hVehicleSubTypeHash setter matches shared actor unsigned-int guard, callback, direct-member, and warning template.
0x005FBC70	??$entity_set_actor_field@I$0KBA@$0A@@BrocSys@@YAXII@Z	V4	PASS	ida-manual-20260827	2026-08-27	IDA:0x005FBC70	Release sets actor hVehicleSubTypeHash at offset 2576; callback index 0 and direct member match source.
0x005FBD90	??$entity_get_actor_field@I$0KBA@$0A@@BrocSys@@YAII@Z	V3	PASS	ida-manual-20260827	2026-08-27	src/game/logic/g_scr.cpp:25814	Actor hVehicleSubTypeHash getter matches shared actor unsigned-int guard, callback, direct-member, and warning template.
0x005FBD90	??$entity_get_actor_field@I$0KBA@$0A@@BrocSys@@YAII@Z	V4	PASS	ida-manual-20260827	2026-08-27	IDA:0x005FBD90	Release gets actor hVehicleSubTypeHash at offset 2576; callback index 0 and direct member match source.
0x005FBEB0	??$entity_set_actor_field@I$0KBE@$0A@@BrocSys@@YAXII@Z	V3	PASS	ida-manual-20260827	2026-08-27	src/game/logic/g_scr.cpp:25780	Actor hVehicleSeatHash setter matches shared actor unsigned-int guard, callback, direct-member, and warning template.
0x005FBEB0	??$entity_set_actor_field@I$0KBE@$0A@@BrocSys@@YAXII@Z	V4	PASS	ida-manual-20260827	2026-08-27	IDA:0x005FBEB0	Release sets actor hVehicleSeatHash at offset 2580; callback index 0 and direct member match source.
0x005FBFD0	??$entity_get_actor_field@I$0KBE@$0A@@BrocSys@@YAII@Z	V3	PASS	ida-manual-20260827	2026-08-27	src/game/logic/g_scr.cpp:25814	Actor hVehicleSeatHash getter matches shared actor unsigned-int guard, callback, direct-member, and warning template.
0x005FBFD0	??$entity_get_actor_field@I$0KBE@$0A@@BrocSys@@YAII@Z	V4	PASS	ida-manual-20260827	2026-08-27	IDA:0x005FBFD0	Release gets actor hVehicleSeatHash at offset 2580; callback index 0 and direct member match source.
0x005FC0F0	??$entity_set_actor_field@I$0KBI@$0A@@BrocSys@@YAXII@Z	V3	PASS	ida-manual-20260827	2026-08-27	src/game/logic/g_scr.cpp:25780	Actor hVehicleSeatEnterHash setter matches shared actor unsigned-int guard, callback, direct-member, and warning template.
0x005FC0F0	??$entity_set_actor_field@I$0KBI@$0A@@BrocSys@@YAXII@Z	V4	PASS	ida-manual-20260827	2026-08-27	IDA:0x005FC0F0	Release sets actor hVehicleSeatEnterHash at offset 2584; callback index 0 and direct member match source.
0x005FC210	??$entity_get_actor_field@I$0KBI@$0A@@BrocSys@@YAII@Z	V3	PASS	ida-manual-20260827	2026-08-27	src/game/logic/g_scr.cpp:25814	Actor hVehicleSeatEnterHash getter matches shared actor unsigned-int guard, callback, direct-member, and warning template.
0x005FC210	??$entity_get_actor_field@I$0KBI@$0A@@BrocSys@@YAII@Z	V4	PASS	ida-manual-20260827	2026-08-27	IDA:0x005FC210	Release gets actor hVehicleSeatEnterHash at offset 2584; callback index 0 and direct member match source.
0x005F9F00	entity_set_actor_field<unsigned char,2130,0>	V3	PASS	ida-manual-20260827	2026-08-27	src/game/logic/g_scr.cpp:25780	Actor goalRadiusOnly setter matches shared entity actor byte guard, callback, direct-member, and warning template.
0x005F9F00	entity_set_actor_field<unsigned char,2130,0>	V4	PASS	ida-manual-20260827	2026-08-27	IDA:0x005F9F00	Release sets actor goalRadiusOnly at offset 2130; callback index 0 and byte member match source.
0x005FA020	entity_get_actor_field<unsigned char,2130,0>	V3	PASS	ida-manual-20260827	2026-08-27	src/game/logic/g_scr.cpp:25814	Actor goalRadiusOnly getter matches shared entity actor byte guard, callback, direct-member, and warning template.
0x005FA020	entity_get_actor_field<unsigned char,2130,0>	V4	PASS	ida-manual-20260827	2026-08-27	IDA:0x005FA020	Release gets actor goalRadiusOnly at offset 2130; callback index 0 and byte member match source.
0x005FA140	entity_set_actor_field<int,2716,0>	V3	PASS	ida-manual-20260827	2026-08-27	src/game/logic/g_scr.cpp:25780	Actor bDropWeapon setter matches shared entity actor int guard, callback, direct-member, and warning template.
0x005FA140	entity_set_actor_field<int,2716,0>	V4	PASS	ida-manual-20260827	2026-08-27	IDA:0x005FA140	Release sets actor bDropWeapon at offset 2716; callback index 0 and direct member match source.
0x005FA260	entity_get_actor_field<int,2716,0>	V3	PASS	ida-manual-20260827	2026-08-27	src/game/logic/g_scr.cpp:25814	Actor bDropWeapon getter matches shared entity actor int guard, callback, direct-member, and warning template.
0x005FA260	entity_get_actor_field<int,2716,0>	V4	PASS	ida-manual-20260827	2026-08-27	IDA:0x005FA260	Release gets actor bDropWeapon at offset 2716; callback index 0 and direct member match source.
0x005FA380	entity_set_actor_field<int,2720,0>	V3	PASS	ida-manual-20260827	2026-08-27	src/game/logic/g_scr.cpp:25780	Actor bDrawOnCompass setter matches shared entity actor int guard, callback, direct-member, and warning template.
0x005FA380	entity_set_actor_field<int,2720,0>	V4	PASS	ida-manual-20260827	2026-08-27	IDA:0x005FA380	Release sets actor bDrawOnCompass at offset 2720; callback index 0 and direct member match source.
0x005FA4A0	entity_get_actor_field<int,2720,0>	V3	PASS	ida-manual-20260827	2026-08-27	src/game/logic/g_scr.cpp:25814	Actor bDrawOnCompass getter matches shared entity actor int guard, callback, direct-member, and warning template.
0x005FA4A0	entity_get_actor_field<int,2720,0>	V4	PASS	ida-manual-20260827	2026-08-27	IDA:0x005FA4A0	Release gets actor bDrawOnCompass at offset 2720; callback index 0 and direct member match source.
0x005FA5C0	entity_set_actor_field<int,2848,0>	V3	PASS	ida-manual-20260827	2026-08-27	src/game/logic/g_scr.cpp:25780	Actor mInteractStage setter matches shared entity actor int guard, callback, direct-member, and warning template.
0x005FA5C0	entity_set_actor_field<int,2848,0>	V4	PASS	ida-manual-20260827	2026-08-27	IDA:0x005FA5C0	Release sets actor mInteractStage at offset 2848; callback index 0 and direct member match source.
0x005FA6E0	entity_get_actor_field<int,2848,0>	V3	PASS	ida-manual-20260827	2026-08-27	src/game/logic/g_scr.cpp:25814	Actor mInteractStage getter matches shared entity actor int guard, callback, direct-member, and warning template.
0x005FA6E0	entity_get_actor_field<int,2848,0>	V4	PASS	ida-manual-20260827	2026-08-27	IDA:0x005FA6E0	Release gets actor mInteractStage at offset 2848; callback index 0 and direct member match source.
0x005FA800	entity_set_actor_field<Broc::string,2728,16>	V3	PASS	ida-manual-20260827	2026-08-27	src/game/logic/g_scr.cpp:25780	Actor mScriptState setter matches shared entity actor string guard, callback, direct-member, destructor, and warning template.
0x005FA800	entity_set_actor_field<Broc::string,2728,16>	V4	PASS	ida-manual-20260827	2026-08-27	IDA:0x005FA800	Release sets actor mScriptState at offset 2728; callback index 16 and string assignment/destructor path match source.
0x005FA970	entity_get_actor_field<Broc::string,2728,0>	V3	PASS	ida-manual-20260827	2026-08-27	src/game/logic/g_scr.cpp:25814	Actor mScriptState getter matches shared entity actor string guard, callback, direct-member construction, and warning template.
0x005FA970	entity_get_actor_field<Broc::string,2728,0>	V4	PASS	ida-manual-20260827	2026-08-27	IDA:0x005FA970	Release gets actor mScriptState at offset 2728; callback index 0 and string construction path match source.
0x005FAB60	entity_set_actor_field<Broc::string,2732,16>	V3	PASS	ida-manual-20260827	2026-08-27	src/game/logic/g_scr.cpp:25780	Actor mLastScriptState setter matches shared entity actor string guard, callback, direct-member, destructor, and warning template.
0x005FAB60	entity_set_actor_field<Broc::string,2732,16>	V4	PASS	ida-manual-20260827	2026-08-27	IDA:0x005FAB60	Release sets actor mLastScriptState at offset 2732; callback index 16 and string assignment/destructor path match source.
0x005FACD0	entity_get_actor_field<Broc::string,2732,0>	V3	PASS	ida-manual-20260827	2026-08-27	src/game/logic/g_scr.cpp:25814	Actor mLastScriptState getter matches shared entity actor string guard, callback, direct-member construction, and warning template.
0x005FACD0	entity_get_actor_field<Broc::string,2732,0>	V4	PASS	ida-manual-20260827	2026-08-27	IDA:0x005FACD0	Release gets actor mLastScriptState at offset 2732; callback index 0 and string construction path match source.
0x005FAEC0	entity_set_actor_field<Broc::string,2736,16>	V3	PASS	ida-manual-20260827	2026-08-27	src/game/logic/g_scr.cpp:25780	Actor mStateChangeReason setter matches shared entity actor string guard, callback, direct-member, destructor, and warning template.
0x005FAEC0	entity_set_actor_field<Broc::string,2736,16>	V4	PASS	ida-manual-20260827	2026-08-27	IDA:0x005FAEC0	Release sets actor mStateChangeReason at offset 2736; callback index 16 and string assignment/destructor path match source.
0x005FB030	entity_get_actor_field<Broc::string,2736,0>	V3	PASS	ida-manual-20260827	2026-08-27	src/game/logic/g_scr.cpp:25814	Actor mStateChangeReason getter matches shared entity actor string guard, callback, direct-member construction, and warning template.
0x005FB030	entity_get_actor_field<Broc::string,2736,0>	V4	PASS	ida-manual-20260827	2026-08-27	IDA:0x005FB030	Release gets actor mStateChangeReason at offset 2736; callback index 0 and string construction path match source.
0x005FB220	entity_set_actor_field<Broc::string,768,16>	V3	PASS	ida-manual-20260827	2026-08-27	src/game/logic/g_scr.cpp:25780	Actor Physics.iSurfaceType setter matches shared entity actor string guard, callback, direct-member, destructor, and warning template.
0x005FB220	entity_set_actor_field<Broc::string,768,16>	V4	PASS	ida-manual-20260827	2026-08-27	IDA:0x005FB220	Release sets actor Physics.iSurfaceType at offset 768; callback index 16 and string assignment/destructor path match source.
0x005FB390	entity_get_actor_field<Broc::string,768,22>	V3	PASS	ida-manual-20260827	2026-08-27	src/game/logic/g_scr.cpp:25814	Actor Physics.iSurfaceType getter matches shared entity actor string guard, callback, direct-member construction, and warning template.
0x005FB390	entity_get_actor_field<Broc::string,768,22>	V4	PASS	ida-manual-20260827	2026-08-27	IDA:0x005FB390	Release gets actor Physics.iSurfaceType at offset 768; callback index 22 and string construction path match source.
0x005FB580	entity_set_actor_field<unsigned int,452,23>	V3	PASS	ida-manual-20260827	2026-08-27	src/game/logic/g_scr.cpp:25780	Actor mAnimPose setter matches shared entity actor unsigned-int guard, callback, direct-member, and warning template.
0x005FB580	entity_set_actor_field<unsigned int,452,23>	V4	PASS	ida-manual-20260827	2026-08-27	IDA:0x005FB580	Release sets actor mAnimPose at offset 452; callback index 23 and direct member match source.
0x005FB6A0	entity_get_actor_field<unsigned int,452,0>	V3	PASS	ida-manual-20260827	2026-08-27	src/game/logic/g_scr.cpp:25814	Actor mAnimPose getter matches shared entity actor unsigned-int guard, callback, direct-member, and warning template.
0x005FB6A0	entity_get_actor_field<unsigned int,452,0>	V4	PASS	ida-manual-20260827	2026-08-27	IDA:0x005FB6A0	Release gets actor mAnimPose at offset 452; callback index 0 and direct member match source.
0x005FB7C0	entity_set_actor_field<unsigned int,456,0>	V3	PASS	ida-manual-20260827	2026-08-27	src/game/logic/g_scr.cpp:25780	Actor mForcePose setter matches shared entity actor unsigned-int guard, callback, direct-member, and warning template.
0x005FB7C0	entity_set_actor_field<unsigned int,456,0>	V4	PASS	ida-manual-20260827	2026-08-27	IDA:0x005FB7C0	Release sets actor mForcePose at offset 456; callback index 0 and direct member match source.
0x005FB8E0	entity_get_actor_field<unsigned int,456,0>	V3	PASS	ida-manual-20260827	2026-08-27	src/game/logic/g_scr.cpp:25814	Actor mForcePose getter matches shared entity actor unsigned-int guard, callback, direct-member, and warning template.
0x005FB8E0	entity_get_actor_field<unsigned int,456,0>	V4	PASS	ida-manual-20260827	2026-08-27	IDA:0x005FB8E0	Release gets actor mForcePose at offset 456; callback index 0 and direct member match source.
0x005F85D0	entity_set_actor_field<Broc::string,300,0>	V3	PASS	ida-manual-20260827	2026-08-27	src/game/logic/g_scr.cpp:25780	Actor voice setter matches shared entity actor string guard, callback, direct-member, destructor, and warning template.
0x005F85D0	entity_set_actor_field<Broc::string,300,0>	V4	PASS	ida-manual-20260827	2026-08-27	IDA:0x005F85D0	Release sets actor voice at offset 300 (actor string +75); callback index 0 and destructor path match source.
0x005F8740	entity_get_actor_field<Broc::string,300,0>	V3	PASS	ida-manual-20260827	2026-08-27	src/game/logic/g_scr.cpp:25814	Actor voice getter matches shared entity actor string guard, callback, direct-member construction, and warning template.
0x005F8740	entity_get_actor_field<Broc::string,300,0>	V4	PASS	ida-manual-20260827	2026-08-27	IDA:0x005F8740	Release gets actor voice at offset 300 (actor string +75); callback index 0 and string construction path match source.
0x005F8930	entity_set_actor_field<int,2124,0>	V3	PASS	ida-manual-20260827	2026-08-27	src/game/logic/g_scr.cpp:25780	Actor bDontAvoidPlayer setter matches shared entity actor int guard, callback, direct-member, and warning template.
0x005F8930	entity_set_actor_field<int,2124,0>	V4	PASS	ida-manual-20260827	2026-08-27	IDA:0x005F8930	Release sets actor bDontAvoidPlayer at offset 2124; callback index 0 and direct member match source.
0x005F8A50	entity_get_actor_field<int,2124,0>	V3	PASS	ida-manual-20260827	2026-08-27	src/game/logic/g_scr.cpp:25814	Actor bDontAvoidPlayer getter matches shared entity actor int guard, callback, direct-member, and warning template.
0x005F8A50	entity_get_actor_field<int,2124,0>	V4	PASS	ida-manual-20260827	2026-08-27	IDA:0x005F8A50	Release gets actor bDontAvoidPlayer at offset 2124; callback index 0 and direct member match source.
0x005F8B70	entity_set_actor_field<float,2556,17>	V3	PASS	ida-manual-20260827	2026-08-27	src/game/logic/g_scr.cpp:25780	Actor fGrenadeAwareness setter matches shared entity actor float guard, callback, direct-member, and warning template.
0x005F8B70	entity_set_actor_field<float,2556,17>	V4	PASS	ida-manual-20260827	2026-08-27	IDA:0x005F8B70	Release sets actor fGrenadeAwareness at offset 2556; callback index 17 and direct member match source.
0x005F8C90	entity_get_actor_field<float,2556,0>	V3	PASS	ida-manual-20260827	2026-08-27	src/game/logic/g_scr.cpp:25814	Actor fGrenadeAwareness getter matches shared entity actor float guard, callback, direct-member, and warning template.
0x005F8C90	entity_get_actor_field<float,2556,0>	V4	PASS	ida-manual-20260827	2026-08-27	IDA:0x005F8C90	Release gets actor fGrenadeAwareness at offset 2556; callback index 0 and direct member match source.
0x005F8DC0	entity_set_actor_field<Broc::entity,2560,16>	V3	PASS	ida-manual-20260827	2026-08-27	src/game/logic/g_scr.cpp:25780	Actor pGrenade setter matches shared entity actor entity guard, callback, direct-handle member, and warning template.
0x005F8DC0	entity_set_actor_field<Broc::entity,2560,16>	V4	PASS	ida-manual-20260827	2026-08-27	IDA:0x005F8DC0	Release sets actor pGrenade handle at offset 2560; callback index 16 and direct handle member match source.
0x005F8EE0	entity_get_actor_field<Broc::entity,2560,0>	V3	PASS	ida-manual-20260827	2026-08-27	src/game/logic/g_scr.cpp:25814	Actor pGrenade getter matches shared entity actor entity guard, callback, direct-handle member, and warning template.
0x005F8EE0	entity_get_actor_field<Broc::entity,2560,0>	V4	PASS	ida-manual-20260827	2026-08-27	IDA:0x005F8EE0	Release gets actor pGrenade handle at offset 2560; callback index 0 and direct handle member match source.
0x005F9030	entity_set_actor_field<Broc::string,2620,20>	V3	PASS	ida-manual-20260827	2026-08-27	src/game/logic/g_scr.cpp:25780	Actor grenade weapon setter matches shared entity actor string guard, callback, direct-member, destructor, and warning template.
0x005F9030	entity_set_actor_field<Broc::string,2620,20>	V4	PASS	ida-manual-20260827	2026-08-27	IDA:0x005F9030	Release sets actor grenade weapon at offset 2620; callback index 20 and string assignment/destructor path match source.
0x005F91A0	entity_get_actor_field<Broc::string,2620,21>	V3	PASS	ida-manual-20260827	2026-08-27	src/game/logic/g_scr.cpp:25814	Actor grenade weapon getter matches shared entity actor string guard, callback, direct-member construction, and warning template.
0x005F91A0	entity_get_actor_field<Broc::string,2620,21>	V4	PASS	ida-manual-20260827	2026-08-27	IDA:0x005F91A0	Release gets actor grenade weapon at offset 2620; callback index 21 and string construction path match source.
0x005F9390	entity_set_actor_field<int,2632,0>	V3	PASS	ida-manual-20260827	2026-08-27	src/game/logic/g_scr.cpp:25780	Actor iGrenadeAmmo setter matches shared entity actor int guard, callback, direct-member, and warning template.
0x005F9390	entity_set_actor_field<int,2632,0>	V4	PASS	ida-manual-20260827	2026-08-27	IDA:0x005F9390	Release sets actor iGrenadeAmmo at offset 2632; callback index 0 and direct member match source.
0x005F94B0	entity_get_actor_field<int,2632,0>	V3	PASS	ida-manual-20260827	2026-08-27	src/game/logic/g_scr.cpp:25814	Actor iGrenadeAmmo getter matches shared entity actor int guard, callback, direct-member, and warning template.
0x005F94B0	entity_get_actor_field<int,2632,0>	V4	PASS	ida-manual-20260827	2026-08-27	IDA:0x005F94B0	Release gets actor iGrenadeAmmo at offset 2632; callback index 0 and direct member match source.
0x005F95D0	entity_set_actor_field<Broc::entity,2444,24>	V3	PASS	ida-manual-20260827	2026-08-27	src/game/logic/g_scr.cpp:25780	Actor pFavoriteEnemy setter matches shared entity actor entity guard, callback, direct-handle member, and warning template.
0x005F95D0	entity_set_actor_field<Broc::entity,2444,24>	V4	PASS	ida-manual-20260827	2026-08-27	IDA:0x005F95D0	Release sets actor pFavoriteEnemy handle at offset 2444; callback index 24 and direct handle member match source.
0x005F96F0	entity_get_actor_field<Broc::entity,2444,25>	V3	PASS	ida-manual-20260827	2026-08-27	src/game/logic/g_scr.cpp:25814	Actor pFavoriteEnemy getter matches shared entity actor entity guard, callback, direct-handle member, and warning template.
0x005F96F0	entity_get_actor_field<Broc::entity,2444,25>	V4	PASS	ida-manual-20260827	2026-08-27	IDA:0x005F96F0	Release gets actor pFavoriteEnemy handle at offset 2444; callback index 25 and direct handle member match source.
0x005F9840	entity_set_actor_field<int,228,0>	V3	PASS	ida-manual-20260827	2026-08-27	src/game/logic/g_scr.cpp:25780	Actor bAllowDeath setter matches shared entity actor int guard, callback, direct-member, and warning template.
0x005F9840	entity_set_actor_field<int,228,0>	V4	PASS	ida-manual-20260827	2026-08-27	IDA:0x005F9840	Release sets actor bAllowDeath at offset 228; callback index 0 and direct member match source.
0x005F9960	entity_get_actor_field<int,228,0>	V3	PASS	ida-manual-20260827	2026-08-27	src/game/logic/g_scr.cpp:25814	Actor bAllowDeath getter matches shared entity actor int guard, callback, direct-member, and warning template.
0x005F9960	entity_get_actor_field<int,228,0>	V4	PASS	ida-manual-20260827	2026-08-27	IDA:0x005F9960	Release gets actor bAllowDeath at offset 228; callback index 0 and direct member match source.
0x005F9A80	entity_set_actor_field<unsigned char,2712,0>	V3	PASS	ida-manual-20260827	2026-08-27	src/game/logic/g_scr.cpp:25780	Actor mg42stayput setter matches shared entity actor byte guard, callback, direct-member, and warning template.
0x005F9A80	entity_set_actor_field<unsigned char,2712,0>	V4	PASS	ida-manual-20260827	2026-08-27	IDA:0x005F9A80	Release sets actor mg42stayput at offset 2712; callback index 0 and byte member match source.
0x005F9BA0	entity_get_actor_field<unsigned char,2712,0>	V3	PASS	ida-manual-20260827	2026-08-27	src/game/logic/g_scr.cpp:25814	Actor mg42stayput getter matches shared entity actor byte guard, callback, direct-member, and warning template.
0x005F9BA0	entity_get_actor_field<unsigned char,2712,0>	V4	PASS	ida-manual-20260827	2026-08-27	IDA:0x005F9BA0	Release gets actor mg42stayput at offset 2712; callback index 0 and byte member match source.
0x005F9CC0	entity_set_actor_field<unsigned char,2713,0>	V3	PASS	ida-manual-20260827	2026-08-27	src/game/logic/g_scr.cpp:25780	Actor useable setter matches shared entity actor byte guard, callback, direct-member, and warning template.
0x005F9CC0	entity_set_actor_field<unsigned char,2713,0>	V4	PASS	ida-manual-20260827	2026-08-27	IDA:0x005F9CC0	Release sets actor useable at offset 2713; callback index 0 and byte member match source.
0x005F9DE0	entity_get_actor_field<unsigned char,2713,0>	V3	PASS	ida-manual-20260827	2026-08-27	src/game/logic/g_scr.cpp:25814	Actor useable getter matches shared entity actor byte guard, callback, direct-member, and warning template.
0x005F9DE0	entity_get_actor_field<unsigned char,2713,0>	V4	PASS	ida-manual-20260827	2026-08-27	IDA:0x005F9DE0	Release gets actor useable at offset 2713; callback index 0 and byte member match source.
0x005F6E00	??$entity_set_actor_field@H$0BNI@$0BA@@BrocSys@@YAXIH@Z	V3	PASS	ida-manual-20260827	2026-08-27	src/game/logic/g_scr.cpp:25780	Actor bProneOK setter matches shared entity actor int guard, callback, direct-member, and warning template.
0x005F6E00	??$entity_set_actor_field@H$0BNI@$0BA@@BrocSys@@YAXIH@Z	V4	PASS	ida-manual-20260827	2026-08-27	IDA:0x005F6E00	Release sets actor bProneOK at offset 472; callback index 16 and direct member match source.
0x005F6F20	??$entity_get_actor_field@H$0BNI@$0A@@BrocSys@@YAHI@Z	V3	PASS	ida-manual-20260827	2026-08-27	src/game/logic/g_scr.cpp:25814	Actor bProneOK getter matches shared entity actor int guard, callback, direct-member, and warning template.
0x005F6F20	??$entity_get_actor_field@H$0BNI@$0A@@BrocSys@@YAHI@Z	V4	PASS	ida-manual-20260827	2026-08-27	IDA:0x005F6F20	Release gets actor bProneOK at offset 472; callback index 0 and direct member match source.
0x005F7040	??$entity_set_actor_field@M$0IBI@$0A@@BrocSys@@YAXIM@Z	V3	PASS	ida-manual-20260827	2026-08-27	src/game/logic/g_scr.cpp:25780	Actor fWalkDist setter matches shared entity actor float guard, callback, direct-member, and warning template.
0x005F7040	??$entity_set_actor_field@M$0IBI@$0A@@BrocSys@@YAXIM@Z	V4	PASS	ida-manual-20260827	2026-08-27	IDA:0x005F7040	Release sets actor fWalkDist at offset 2072; callback index 0 and direct member match source.
0x005F7160	??$entity_get_actor_field@M$0IBI@$0A@@BrocSys@@YAMI@Z	V3	PASS	ida-manual-20260827	2026-08-27	src/game/logic/g_scr.cpp:25814	Actor fWalkDist getter matches shared entity actor float guard, callback, direct-member, and warning template.
0x005F7160	??$entity_get_actor_field@M$0IBI@$0A@@BrocSys@@YAMI@Z	V4	PASS	ida-manual-20260827	2026-08-27	IDA:0x005F7160	Release gets actor fWalkDist at offset 2072; callback index 0 and direct member match source.
0x005F7290	??$entity_set_actor_field@M$0BIM@$0BA@@BrocSys@@YAXIM@Z	V3	PASS	ida-manual-20260827	2026-08-27	src/game/logic/g_scr.cpp:25780	Actor fDesiredBodyYaw setter matches shared entity actor float guard, callback, direct-member, and warning template.
0x005F7290	??$entity_set_actor_field@M$0BIM@$0BA@@BrocSys@@YAXIM@Z	V4	PASS	ida-manual-20260827	2026-08-27	IDA:0x005F7290	Release sets actor fDesiredBodyYaw at offset 396; callback index 16 and direct member match source.
0x005F73B0	??$entity_get_actor_field@M$0BIM@$0A@@BrocSys@@YAMI@Z	V3	PASS	ida-manual-20260827	2026-08-27	src/game/logic/g_scr.cpp:25814	Actor fDesiredBodyYaw getter matches shared entity actor float guard, callback, direct-member, and warning template.
0x005F73B0	??$entity_get_actor_field@M$0BIM@$0A@@BrocSys@@YAMI@Z	V4	PASS	ida-manual-20260827	2026-08-27	IDA:0x005F73B0	Release gets actor fDesiredBodyYaw at offset 396; callback index 0 and direct member match source.
0x005F74E0	??$entity_set_actor_field@M$0IGA@$0A@@BrocSys@@YAXIM@Z	V3	PASS	ida-manual-20260827	2026-08-27	src/game/logic/g_scr.cpp:25780	Actor fBravery setter matches shared entity actor float guard, callback, direct-member, and warning template.
0x005F74E0	??$entity_set_actor_field@M$0IGA@$0A@@BrocSys@@YAXIM@Z	V4	PASS	ida-manual-20260827	2026-08-27	IDA:0x005F74E0	Release sets actor fBravery at offset 2144; callback index 0 and direct member match source.
0x005F7600	??$entity_get_actor_field@M$0IGA@$0A@@BrocSys@@YAMI@Z	V3	PASS	ida-manual-20260827	2026-08-27	src/game/logic/g_scr.cpp:25814	Actor fBravery getter matches shared entity actor float guard, callback, direct-member, and warning template.
0x005F7600	??$entity_get_actor_field@M$0IGA@$0A@@BrocSys@@YAMI@Z	V4	PASS	ida-manual-20260827	2026-08-27	IDA:0x005F7600	Release gets actor fBravery at offset 2144; callback index 0 and direct member match source.
0x005F7730	??$entity_set_actor_field@H$0IGE@$0A@@BrocSys@@YAXIH@Z	V3	PASS	ida-manual-20260827	2026-08-27	src/game/logic/g_scr.cpp:25780	Actor bPacifist setter matches shared entity actor int guard, callback, direct-member, and warning template.
0x005F7730	??$entity_set_actor_field@H$0IGE@$0A@@BrocSys@@YAXIH@Z	V4	PASS	ida-manual-20260827	2026-08-27	IDA:0x005F7730	Release sets actor bPacifist at offset 2148; callback index 0 and direct member match source.
0x005F7850	??$entity_get_actor_field@H$0IGE@$0A@@BrocSys@@YAHI@Z	V3	PASS	ida-manual-20260827	2026-08-27	src/game/logic/g_scr.cpp:25814	Actor bPacifist getter matches shared entity actor int guard, callback, direct-member, and warning template.
0x005F7850	??$entity_get_actor_field@H$0IGE@$0A@@BrocSys@@YAHI@Z	V4	PASS	ida-manual-20260827	2026-08-27	IDA:0x005F7850	Release gets actor bPacifist at offset 2148; callback index 0 and direct member match source.
0x005F7970	entity_set_actor_field<int,2152,18>	V3	PASS	ida-manual-20260827	2026-08-27	src/game/logic/g_scr.cpp:25780	Actor iPacifistWait setter matches shared entity actor int guard, callback, direct-member, and warning template.
0x005F7970	entity_set_actor_field<int,2152,18>	V4	PASS	ida-manual-20260827	2026-08-27	IDA:0x005F7970	Release sets actor iPacifistWait at offset 2152; callback index 18 and direct member match source.
0x005F7A90	entity_get_actor_field<int,2152,19>	V3	PASS	ida-manual-20260827	2026-08-27	src/game/logic/g_scr.cpp:25814	Actor iPacifistWait getter matches shared entity actor int guard, callback, direct-member, and warning template.
0x005F7A90	entity_get_actor_field<int,2152,19>	V4	PASS	ida-manual-20260827	2026-08-27	IDA:0x005F7A90	Release gets actor iPacifistWait at offset 2152; callback index 19 and direct member match source.
0x005F7BB0	entity_set_actor_field<int,2552,18>	V3	PASS	ida-manual-20260827	2026-08-27	src/game/logic/g_scr.cpp:25780	Actor iSuppressionWait setter matches shared entity actor int guard, callback, direct-member, and warning template.
0x005F7BB0	entity_set_actor_field<int,2552,18>	V4	PASS	ida-manual-20260827	2026-08-27	IDA:0x005F7BB0	Release sets actor iSuppressionWait at offset 2552; callback index 18 and direct member match source.
0x005F7CD0	entity_get_actor_field<int,2552,19>	V3	PASS	ida-manual-20260827	2026-08-27	src/game/logic/g_scr.cpp:25814	Actor iSuppressionWait getter matches shared entity actor int guard, callback, direct-member, and warning template.
0x005F7CD0	entity_get_actor_field<int,2552,19>	V4	PASS	ida-manual-20260827	2026-08-27	IDA:0x005F7CD0	Release gets actor iSuppressionWait at offset 2552; callback index 19 and direct member match source.
0x005F7DF0	entity_set_actor_field<Broc::string,288,0>	V3	PASS	ida-manual-20260827	2026-08-27	src/game/logic/g_scr.cpp:25780	Actor name setter matches shared entity actor string guard, callback, direct-member, destructor, and warning template.
0x005F7DF0	entity_set_actor_field<Broc::string,288,0>	V4	PASS	ida-manual-20260827	2026-08-27	IDA:0x005F7DF0	Release sets actor name at offset 288 (actor string +72); callback index 0 and destructor path match source.
0x005F7F60	entity_get_actor_field<Broc::string,288,0>	V3	PASS	ida-manual-20260827	2026-08-27	src/game/logic/g_scr.cpp:25814	Actor name getter matches shared entity actor string guard, callback, direct-member construction, and warning template.
0x005F7F60	entity_get_actor_field<Broc::string,288,0>	V4	PASS	ida-manual-20260827	2026-08-27	IDA:0x005F7F60	Release gets actor name at offset 288 (actor string +72); callback index 0 and string construction path match source.
0x005F8150	entity_set_actor_field<unsigned int,292,0>	V3	PASS	ida-manual-20260827	2026-08-27	src/game/logic/g_scr.cpp:25780	Actor mWeaponName setter matches shared entity actor unsigned-int guard, callback, direct-member, and warning template.
0x005F8150	entity_set_actor_field<unsigned int,292,0>	V4	PASS	ida-manual-20260827	2026-08-27	IDA:0x005F8150	Release sets actor mWeaponName at offset 292; callback index 0 and direct member match source.
0x005F8270	entity_get_actor_field<unsigned int,292,0>	V3	PASS	ida-manual-20260827	2026-08-27	src/game/logic/g_scr.cpp:25814	Actor mWeaponName getter matches shared entity actor unsigned-int guard, callback, direct-member, and warning template.
0x005F8270	entity_get_actor_field<unsigned int,292,0>	V4	PASS	ida-manual-20260827	2026-08-27	IDA:0x005F8270	Release gets actor mWeaponName at offset 292; callback index 0 and direct member match source.
0x005F8390	entity_set_actor_field<unsigned int,296,0>	V3	PASS	ida-manual-20260827	2026-08-27	src/game/logic/g_scr.cpp:25780	Actor mSecondaryWeaponName setter matches shared entity actor unsigned-int guard, callback, direct-member, and warning template.
0x005F8390	entity_set_actor_field<unsigned int,296,0>	V4	PASS	ida-manual-20260827	2026-08-27	IDA:0x005F8390	Release sets actor mSecondaryWeaponName at offset 296; callback index 0 and direct member match source.
0x005F84B0	entity_get_actor_field<unsigned int,296,0>	V3	PASS	ida-manual-20260827	2026-08-27	src/game/logic/g_scr.cpp:25814	Actor mSecondaryWeaponName getter matches shared entity actor unsigned-int guard, callback, direct-member, and warning template.
0x005F84B0	entity_get_actor_field<unsigned int,296,0>	V4	PASS	ida-manual-20260827	2026-08-27	IDA:0x005F84B0	Release gets actor mSecondaryWeaponName at offset 296; callback index 0 and direct member match source.
0x005FC330	??$entity_set_sentient_field@Vstring@Broc@@$03$0BL@@BrocSys@@YAXIVstring@Broc@@@Z	V3	PASS	ida-manual-20260827	2026-08-27	src/game/logic/g_scr.cpp:26148	Sentient setter Broc::string,4,27 matches shared sentient setter guard, callback dispatch, direct member fallback, and assert template.
0x005FC330	??$entity_set_sentient_field@Vstring@Broc@@$03$0BL@@BrocSys@@YAXIVstring@Broc@@@Z	V4	PASS	ida-manual-20260827	2026-08-27	IDA:0x005FC330	Release setter string eTeam at the recorded offset/callback index matches the source template and exact BrocEntity.cpp asserts.
0x005FC490	??$entity_get_sentient_field@Vstring@Broc@@$03$0BM@@BrocSys@@YA?AVstring@Broc@@I@Z	V3	PASS	ida-manual-20260827	2026-08-27	src/game/logic/g_scr.cpp:26148	Sentient getter Broc::string,4,28 matches shared sentient getter guard, callback dispatch, direct member fallback, and assert template.
0x005FC490	??$entity_get_sentient_field@Vstring@Broc@@$03$0BM@@BrocSys@@YA?AVstring@Broc@@I@Z	V4	PASS	ida-manual-20260827	2026-08-27	IDA:0x005FC490	Release getter string eTeam at the recorded offset/callback index matches the source template and exact BrocEntity.cpp asserts.
0x005FC680	??$entity_set_sentient_field@H$0DA@$0A@@BrocSys@@YAXIH@Z	V3	PASS	ida-manual-20260827	2026-08-27	src/game/logic/g_scr.cpp:26148	Sentient setter int,48,0 matches shared sentient setter guard, callback dispatch, direct member fallback, and assert template.
0x005FC680	??$entity_set_sentient_field@H$0DA@$0A@@BrocSys@@YAXIH@Z	V4	PASS	ida-manual-20260827	2026-08-27	IDA:0x005FC680	Release setter int iThreatBias at the recorded offset/callback index matches the source template and exact BrocEntity.cpp asserts.
0x005FC790	??$entity_get_sentient_field@H$0DA@$0A@@BrocSys@@YAHI@Z	V3	PASS	ida-manual-20260827	2026-08-27	src/game/logic/g_scr.cpp:26148	Sentient getter int,48,0 matches shared sentient getter guard, callback dispatch, direct member fallback, and assert template.
0x005FC790	??$entity_get_sentient_field@H$0DA@$0A@@BrocSys@@YAHI@Z	V4	PASS	ida-manual-20260827	2026-08-27	IDA:0x005FC790	Release getter int iThreatBias at the recorded offset/callback index matches the source template and exact BrocEntity.cpp asserts.
0x005FC8B0	??$entity_set_sentient_field@M$0DE@$0A@@BrocSys@@YAXIM@Z	V3	PASS	ida-manual-20260827	2026-08-27	src/game/logic/g_scr.cpp:26148	Sentient setter float,52,0 matches shared sentient setter guard, callback dispatch, direct member fallback, and assert template.
0x005FC8B0	??$entity_set_sentient_field@M$0DE@$0A@@BrocSys@@YAXIM@Z	V4	PASS	ida-manual-20260827	2026-08-27	IDA:0x005FC8B0	Release setter float fScariness at the recorded offset/callback index matches the source template and exact BrocEntity.cpp asserts.
0x005FC9D0	??$entity_get_sentient_field@M$0DE@$0A@@BrocSys@@YAMI@Z	V3	PASS	ida-manual-20260827	2026-08-27	src/game/logic/g_scr.cpp:26148	Sentient getter float,52,0 matches shared sentient getter guard, callback dispatch, direct member fallback, and assert template.
0x005FC9D0	??$entity_get_sentient_field@M$0DE@$0A@@BrocSys@@YAMI@Z	V4	PASS	ida-manual-20260827	2026-08-27	IDA:0x005FC9D0	Release getter float fScariness at the recorded offset/callback index matches the source template and exact BrocEntity.cpp asserts.
0x005FCAF0	??$entity_set_sentient_field@Vpathnode@Broc@@$0HE@$0BK@@BrocSys@@YAXIVpathnode@Broc@@@Z	V3	PASS	ida-manual-20260827	2026-08-27	src/game/logic/g_scr.cpp:26148	Sentient setter Broc::pathnode,116,26 matches shared sentient setter guard, callback dispatch, direct member fallback, and assert template.
0x005FCAF0	??$entity_set_sentient_field@Vpathnode@Broc@@$0HE@$0BK@@BrocSys@@YAXIVpathnode@Broc@@@Z	V4	PASS	ida-manual-20260827	2026-08-27	IDA:0x005FCAF0	Release setter pathnode mClaimedNode at the recorded offset/callback index matches the source template and exact BrocEntity.cpp asserts.
0x005FCC00	??$entity_get_sentient_field@Vpathnode@Broc@@$0HE@$0BP@@BrocSys@@YA?AVpathnode@Broc@@I@Z	V3	PASS	ida-manual-20260827	2026-08-27	src/game/logic/g_scr.cpp:26148	Sentient getter Broc::pathnode,116,31 matches shared sentient getter guard, callback dispatch, direct member fallback, and assert template.
0x005FCC00	??$entity_get_sentient_field@Vpathnode@Broc@@$0HE@$0BP@@BrocSys@@YA?AVpathnode@Broc@@I@Z	V4	PASS	ida-manual-20260827	2026-08-27	IDA:0x005FCC00	Release getter pathnode mClaimedNode at the recorded offset/callback index matches the source template and exact BrocEntity.cpp asserts.
0x005FCD40	??$entity_set_sentient_field@Vpathnode@Broc@@$0IE@$0BK@@BrocSys@@YAXIVpathnode@Broc@@@Z	V3	PASS	ida-manual-20260827	2026-08-27	src/game/logic/g_scr.cpp:26148	Sentient setter Broc::pathnode,132,26 matches shared sentient setter guard, callback dispatch, direct member fallback, and assert template.
0x005FCD40	??$entity_set_sentient_field@Vpathnode@Broc@@$0IE@$0BK@@BrocSys@@YAXIVpathnode@Broc@@@Z	V4	PASS	ida-manual-20260827	2026-08-27	IDA:0x005FCD40	Release setter pathnode mDesiredChainPos at the recorded offset/callback index matches the source template and exact BrocEntity.cpp asserts.
0x005FCE60	??$entity_get_sentient_field@Vpathnode@Broc@@$0IE@$0A@@BrocSys@@YA?AVpathnode@Broc@@I@Z	V3	PASS	ida-manual-20260827	2026-08-27	src/game/logic/g_scr.cpp:26148	Sentient getter Broc::pathnode,132,0 matches shared sentient getter guard, callback dispatch, direct member fallback, and assert template.
0x005FCE60	??$entity_get_sentient_field@Vpathnode@Broc@@$0IE@$0A@@BrocSys@@YA?AVpathnode@Broc@@I@Z	V4	PASS	ida-manual-20260827	2026-08-27	IDA:0x005FCE60	Release getter pathnode mDesiredChainPos at the recorded offset/callback index matches the source template and exact BrocEntity.cpp asserts.
0x005FCFB0	??$entity_set_sentient_field@M$0BI@$0BN@@BrocSys@@YAXIM@Z	V3	PASS	ida-manual-20260827	2026-08-27	src/game/logic/g_scr.cpp:26148	Sentient setter float,24,29 matches shared sentient setter guard, callback dispatch, direct member fallback, and assert template.
0x005FCFB0	??$entity_set_sentient_field@M$0BI@$0BN@@BrocSys@@YAXIM@Z	V4	PASS	ida-manual-20260827	2026-08-27	IDA:0x005FCFB0	Release setter float fGoalRadius at the recorded offset/callback index matches the source template and exact BrocEntity.cpp asserts.
0x005FD0D0	??$entity_get_sentient_field@M$0BI@$0A@@BrocSys@@YAMI@Z	V3	PASS	ida-manual-20260827	2026-08-27	src/game/logic/g_scr.cpp:26148	Sentient getter float,24,0 matches shared sentient getter guard, callback dispatch, direct member fallback, and assert template.
0x005FD0D0	??$entity_get_sentient_field@M$0BI@$0A@@BrocSys@@YAMI@Z	V4	PASS	ida-manual-20260827	2026-08-27	IDA:0x005FD0D0	Release getter float fGoalRadius at the recorded offset/callback index matches the source template and exact BrocEntity.cpp asserts.
0x005FD1F0	??$entity_set_sentient_field@M$0CE@$0BO@@BrocSys@@YAXIM@Z	V3	PASS	ida-manual-20260827	2026-08-27	src/game/logic/g_scr.cpp:26148	Sentient setter float,36,30 matches shared sentient setter guard, callback dispatch, direct member fallback, and assert template.
0x005FD1F0	??$entity_set_sentient_field@M$0CE@$0BO@@BrocSys@@YAXIM@Z	V4	PASS	ida-manual-20260827	2026-08-27	IDA:0x005FD1F0	Release setter float fGoalAngleTolerance at the recorded offset/callback index matches the source template and exact BrocEntity.cpp asserts.
0x005FD310	??$entity_get_sentient_field@M$0CE@$0A@@BrocSys@@YAMI@Z	V3	PASS	ida-manual-20260827	2026-08-27	src/game/logic/g_scr.cpp:26148	Sentient getter float,36,0 matches shared sentient getter guard, callback dispatch, direct member fallback, and assert template.
0x005FD310	??$entity_get_sentient_field@M$0CE@$0A@@BrocSys@@YAMI@Z	V4	PASS	ida-manual-20260827	2026-08-27	IDA:0x005FD310	Release getter float fGoalAngleTolerance at the recorded offset/callback index matches the source template and exact BrocEntity.cpp asserts.
0x005FD430	??$entity_set_sentient_field@Ventity@Broc@@$0GI@$0BK@@BrocSys@@YAXIVentity@Broc@@@Z	V3	PASS	ida-manual-20260827	2026-08-27	src/game/logic/g_scr.cpp:26148	Sentient setter Broc::entity,104,26 matches shared sentient setter guard, callback dispatch, direct member fallback, and assert template.
0x005FD430	??$entity_set_sentient_field@Ventity@Broc@@$0GI@$0BK@@BrocSys@@YAXIVentity@Broc@@@Z	V4	PASS	ida-manual-20260827	2026-08-27	IDA:0x005FD430	Release setter entity pEnemy at the recorded offset/callback index matches the source template and exact BrocEntity.cpp asserts.
0x005FD540	??$entity_get_sentient_field@Ventity@Broc@@$0GI@$0CB@@BrocSys@@YA?AVentity@Broc@@I@Z	V3	PASS	ida-manual-20260827	2026-08-27	src/game/logic/g_scr.cpp:26148	Sentient getter Broc::entity,104,33 matches shared sentient getter guard, callback dispatch, direct member fallback, and assert template.
0x005FD540	??$entity_get_sentient_field@Ventity@Broc@@$0GI@$0CB@@BrocSys@@YA?AVentity@Broc@@I@Z	V4	PASS	ida-manual-20260827	2026-08-27	IDA:0x005FD540	Release getter entity pEnemy at the recorded offset/callback index matches the source template and exact BrocEntity.cpp asserts.
0x005FE830	??$entity_set_sentient_field@M$0JE@$0A@@BrocSys@@YAXIM@Z	V3	PASS	ida-manual-20260827	2026-08-27	src/game/logic/g_scr.cpp:26164	Sentient setter float,148,0 matches the shared sentient setter guard, callback dispatch, direct member fallback, and assert template.
0x005FE830	??$entity_set_sentient_field@M$0JE@$0A@@BrocSys@@YAXIM@Z	V4	PASS	ida-manual-20260827	2026-08-27	IDA:0x005FE830	Release setter float fKeepOldDesiredChainOdds at offset 148 with callback index 0 matches the source template and exact asserts.
0x005FE950	??$entity_get_sentient_field@M$0JE@$0A@@BrocSys@@YAMI@Z	V3	PASS	ida-manual-20260827	2026-08-27	src/game/logic/g_scr.cpp:26213	Sentient getter float,148,0 matches the shared sentient getter guard, callback dispatch, direct member fallback, and assert template.
0x005FE950	??$entity_get_sentient_field@M$0JE@$0A@@BrocSys@@YAMI@Z	V4	PASS	ida-manual-20260827	2026-08-27	IDA:0x005FE950	Release getter float fKeepOldDesiredChainOdds at offset 148 with callback index 0 matches the source template and exact asserts.
0x005FEA80	??$entity_set_sentient_field@Uvector@Broc@@$0FI@$0A@@BrocSys@@YAXIUvector@Broc@@@Z	V3	PASS	ida-manual-20260827	2026-08-27	src/game/logic/g_scr.cpp:26164	Sentient setter Broc::vector,88,0 matches the shared sentient setter guard, callback dispatch, direct member fallback, and assert template.
0x005FEA80	??$entity_set_sentient_field@Uvector@Broc@@$0FI@$0A@@BrocSys@@YAXIUvector@Broc@@@Z	V4	PASS	ida-manual-20260827	2026-08-27	IDA:0x005FEA80	Release setter vector vMoveAwayAvoidPoint at offset 88 with callback index 0 matches the source template and exact asserts.
0x005FEBB0	??$entity_get_sentient_field@Uvector@Broc@@$0FI@$0A@@BrocSys@@YA?AUvector@Broc@@I@Z	V3	PASS	ida-manual-20260827	2026-08-27	src/game/logic/g_scr.cpp:26213	Sentient getter Broc::vector,88,0 matches the shared sentient getter guard, callback dispatch, direct member fallback, and assert template.
0x005FEBB0	??$entity_get_sentient_field@Uvector@Broc@@$0FI@$0A@@BrocSys@@YA?AUvector@Broc@@I@Z	V4	PASS	ida-manual-20260827	2026-08-27	IDA:0x005FEBB0	Release getter vector vMoveAwayAvoidPoint at offset 88 with NaN callback initialization matches the source template and exact asserts.
0x005FED60	??$entity_set_sentient_field@M$0GE@$0A@@BrocSys@@YAXIM@Z	V3	PASS	ida-manual-20260827	2026-08-27	src/game/logic/g_scr.cpp:26164	Sentient setter float,100,0 matches the shared sentient setter guard, callback dispatch, direct member fallback, and assert template.
0x005FED60	??$entity_set_sentient_field@M$0GE@$0A@@BrocSys@@YAXIM@Z	V4	PASS	ida-manual-20260827	2026-08-27	IDA:0x005FED60	Release setter float fMoveAwayDist at offset 100 with callback index 0 matches the source template and exact asserts.
0x005FEE80	??$entity_get_sentient_field@M$0GE@$0A@@BrocSys@@YAMI@Z	V3	PASS	ida-manual-20260827	2026-08-27	src/game/logic/g_scr.cpp:26213	Sentient getter float,100,0 matches the shared sentient getter guard, callback dispatch, direct member fallback, and assert template.
0x005FEE80	??$entity_get_sentient_field@M$0GE@$0A@@BrocSys@@YAMI@Z	V4	PASS	ida-manual-20260827	2026-08-27	IDA:0x005FEE80	Release getter float fMoveAwayDist at offset 100 with callback index 0 matches the source template and exact asserts.
0x00600050	?construct_array@?$dyn_array@Ventity@Broc@@@Broc@@AAEPAVentity@2@II@Z	V3	PASS	ida-manual-20260827	2026-08-27	src/game/logic/g_scr.cpp:2081	dyn_array<entity> two-argument constructor allocates 4*cap and zero-initializes every entity handle, matching release.
0x00600050	?construct_array@?$dyn_array@Ventity@Broc@@@Broc@@AAEPAVentity@2@II@Z	V4	PASS	ida-manual-20260827	2026-08-27	IDA:0x00600050	Release allocates with MemAlloc(size 4*cap, align 4) and clears each entity handle; source uses equivalent union field.
0x006000A0	?construct_array@?$dyn_array@Ventity@Broc@@@Broc@@AAEPAVentity@2@I@Z	V3	PASS	ida-manual-20260827	2026-08-27	src/game/logic/g_scr.cpp:2097	dyn_array<entity> one-argument constructor allocates 4*iNumber and zero-initializes every entity handle, matching release.
0x006000A0	?construct_array@?$dyn_array@Ventity@Broc@@@Broc@@AAEPAVentity@2@I@Z	V4	PASS	ida-manual-20260827	2026-08-27	IDA:0x006000A0	Release allocates with MemAlloc(size 4*iNumber, align 4) and clears each entity handle; source uses equivalent union field.
0x006000F0	?construct_array@?$dyn_array@Vstring@Broc@@@Broc@@AAEPAVstring@2@II@Z	V3	PASS	ida-manual-20260827	2026-08-27	src/game/logic/g_scr.cpp:2112	dyn_array<string> constructor allocates 4*cap and placement-constructs each string with null block, matching release.
0x006000F0	?construct_array@?$dyn_array@Vstring@Broc@@@Broc@@AAEPAVstring@2@II@Z	V4	PASS	ida-manual-20260827	2026-08-27	IDA:0x006000F0	Release MemAlloc size/alignment, loop bounds, null check, and string constructor match source.
0x00600200	?RmvEndOn@EntityNotifySet@@QAEXPAVEndOnScriptNode@@@Z	V3	PASS	ida-manual-20260827	2026-08-27	src/game/core/entity_notify.cpp:57	EntityNotifySet::RmvEndOn is a real dlist erase call, not a stub.
0x00600200	?RmvEndOn@EntityNotifySet@@QAEXPAVEndOnScriptNode@@@Z	V4	PASS	ida-manual-20260827	2026-08-27	IDA:0x00600200	Release delegates exactly to reserved_dlist<EndOnScriptNode>::erase; source matches.
0x00600210	??0BrocObjCreated@AeThread@@QAE@PAV01@@Z	V3	PASS	ida-manual-20260827	2026-08-27	src/game/logic/g_scr.cpp:5137	BrocObjCreated constructor initializes list size and next link, with real state writes.
0x00600210	??0BrocObjCreated@AeThread@@QAE@PAV01@@Z	V4	PASS	ida-manual-20260827	2026-08-27	IDA:0x00600210	Release writes list.m_size=0 and next=n; source initializer/body matches.
0x00600230	??2BrocObjCreated@AeThread@@SAPAXI@Z	V3	PASS	ida-manual-20260827	2026-08-27	src/game/logic/g_scr.cpp:5144	BrocObjCreated operator new contains pool, heap, and fallback allocation paths.
0x00600230	??2BrocObjCreated@AeThread@@SAPAXI@Z	V4	PASS	ida-manual-20260827	2026-08-27	IDA:0x00600230	Release 0x80-byte pool/heap/fallback allocation and null handling match source.
0x006006A0	?delete_all@?$reserved_dlist@VAeThreadState@@@@QAEXXZ	V3	PASS	ida-manual-20260827	2026-08-27	src/game/logic/g_scr.cpp:814	reserved_dlist<AeThreadState>::delete_all performs safe traversal, deletion, sentinel reset, and size reset.
0x006006A0	?delete_all@?$reserved_dlist@VAeThreadState@@@@QAEXXZ	V4	PASS	ida-manual-20260827	2026-08-27	IDA:0x006006A0	Release safe_for_each deletion and m_head/m_tail/m_size reset match source.
0x006009A0	?reserve@?$dyn_array@Ventity@Broc@@@Broc@@QAEXI@Z	V3	PASS	ida-manual-20260827	2026-08-27	src/game/logic/g_scr.cpp:2128	dyn_array<entity>::reserve reallocates, copies live elements, releases/frees old storage, and updates capacity.
0x006009A0	?reserve@?$dyn_array@Ventity@Broc@@@Broc@@QAEXI@Z	V4	PASS	ida-manual-20260827	2026-08-27	IDA:0x006009A0	Release capacity guard, construct/copy loop, pool-vs-heap release, and final assignments match source.
0x00600A60	?resize@?$dyn_array@Ventity@Broc@@@Broc@@QAEXII@Z	V3	PASS	ida-manual-20260827	2026-08-27	src/game/logic/g_scr.cpp:2151	dyn_array<entity>::resize handles growth reallocation/copy and zeroes newly exposed handles.
0x00600A60	?resize@?$dyn_array@Ventity@Broc@@@Broc@@QAEXII@Z	V4	PASS	ida-manual-20260827	2026-08-27	IDA:0x00600A60	Release growth, copy count clamp, storage release, and zero-initialization behavior match source.
0x00600B60	?push_back@?$dyn_array@Ventity@Broc@@@Broc@@QAEXABVentity@2@@Z	V3	PASS	ida-manual-20260827	2026-08-27	src/game/logic/g_scr.cpp:2193	dyn_array<entity>::push_back grows by four, copies entries, releases old storage, and appends the entity handle.
0x00600B60	?push_back@?$dyn_array@Ventity@Broc@@@Broc@@QAEXABVentity@2@@Z	V4	PASS	ida-manual-20260827	2026-08-27	IDA:0x00600B60	Release growth/copy/free path and post-increment append match source.
0x00600F10	?resize@?$dyn_array@Ventity@Broc@@@Broc@@QAEXI@Z	V3	PASS	ida-manual-20260827	2026-08-27	src/game/logic/g_scr.cpp:2187	dyn_array<entity> one-argument resize delegates to the two-argument resize with newSize as capacity.
0x00600F10	?resize@?$dyn_array@Ventity@Broc@@@Broc@@QAEXI@Z	V4	PASS	ida-manual-20260827	2026-08-27	IDA:0x00600F10	Release wrapper passes (newSize,newSize) to the two-argument resize exactly.
0x005FEFA0	??$entity_set_player_field@H$0FFA@$0A@@BrocSys@@YAXIH@Z	V3	PASS	ida-manual-20260827	2026-08-27	src/game/logic/g_scr.cpp:26254	Player setter int,1360,0 matches the shared player guard, callback dispatch, direct member fallback, and exact player asserts.
0x005FEFA0	??$entity_set_player_field@H$0FFA@$0A@@BrocSys@@YAXIH@Z	V4	PASS	ida-manual-20260827	2026-08-27	IDA:0x005FEFA0	Release setter spectatorClient at client ps offset 1360 matches the source template.
0x005FF0C0	??$entity_get_player_field@H$0FFA@$0A@@BrocSys@@YAHI@Z	V3	PASS	ida-manual-20260827	2026-08-27	src/game/logic/g_scr.cpp:26290	Player getter int,1360,0 matches the shared player guard, callback dispatch, direct member fallback, and exact player asserts.
0x005FF0C0	??$entity_get_player_field@H$0FFA@$0A@@BrocSys@@YAHI@Z	V4	PASS	ida-manual-20260827	2026-08-27	IDA:0x005FF0C0	Release getter spectatorClient at client ps offset 1360 matches the source template.
0x005FF1E0	??$entity_set_player_field@F$0FEM@$0A@@BrocSys@@YAXIF@Z	V3	PASS	ida-manual-20260827	2026-08-27	src/game/logic/g_scr.cpp:26254	Player setter short,1356,0 matches the shared player guard, callback dispatch, direct member fallback, and exact player asserts.
0x005FF1E0	??$entity_set_player_field@F$0FEM@$0A@@BrocSys@@YAXIF@Z	V4	PASS	ida-manual-20260827	2026-08-27	IDA:0x005FF1E0	Release setter ctf_has_flag at client ps offset 1356 matches the source template.
0x005FF300	??$entity_get_player_field@F$0FEM@$0A@@BrocSys@@YAFI@Z	V3	PASS	ida-manual-20260827	2026-08-27	src/game/logic/g_scr.cpp:26290	Player getter short,1356,0 matches the shared player guard, callback dispatch, direct member fallback, and exact player asserts.
0x005FF300	??$entity_get_player_field@F$0FEM@$0A@@BrocSys@@YAFI@Z	V4	PASS	ida-manual-20260827	2026-08-27	IDA:0x005FF300	Release getter ctf_has_flag at client ps offset 1356 matches the source template.
0x005FF420	??$entity_set_player_field@Uvector@Broc@@$0NA@$0A@@BrocSys@@YAXIUvector@Broc@@@Z	V3	PASS	ida-manual-20260827	2026-08-27	src/game/logic/g_scr.cpp:26254	Player setter Broc::vector,208,0 matches the shared player guard, callback dispatch, direct member fallback, and exact player asserts.
0x005FF420	??$entity_set_player_field@Uvector@Broc@@$0NA@$0A@@BrocSys@@YAXIUvector@Broc@@@Z	V4	PASS	ida-manual-20260827	2026-08-27	IDA:0x005FF420	Release setter viewangles at client ps offset 208 matches the source template.
0x005FF550	??$entity_get_player_field@Uvector@Broc@@$0NA@$0A@@BrocSys@@YA?AUvector@Broc@@I@Z	V3	PASS	ida-manual-20260827	2026-08-27	src/game/logic/g_scr.cpp:26290	Player getter Broc::vector,208,0 matches the shared player guard, callback dispatch, direct member fallback, and exact player asserts.
0x005FF550	??$entity_get_player_field@Uvector@Broc@@$0NA@$0A@@BrocSys@@YA?AUvector@Broc@@I@Z	V4	PASS	ida-manual-20260827	2026-08-27	IDA:0x005FF550	Release getter viewangles at client ps offset 208 matches the source template and vector return handling.
0x005FF710	??$entity_set_persistent_player_field@F$0BKI@$0A@@BrocSys@@YAXIF@Z	V3	PASS	ida-manual-20260827	2026-08-27	src/game/logic/g_scr.cpp:26330	Persistent-player setter short,424,0 matches the shared persistent-player guard, callback dispatch, direct member fallback, and exact asserts.
0x005FF710	??$entity_set_persistent_player_field@F$0BKI@$0A@@BrocSys@@YAXIF@Z	V4	PASS	ida-manual-20260827	2026-08-27	IDA:0x005FF710	Release setter pers.rank at offset 424 matches the source template.
0x005FF830	??$entity_get_persistent_player_field@F$0BKI@$0A@@BrocSys@@YAFI@Z	V3	PASS	ida-manual-20260827	2026-08-27	src/game/logic/g_scr.cpp:26367	Persistent-player getter short,424,0 matches the shared persistent-player guard, callback dispatch, direct member fallback, and exact asserts.
0x005FF830	??$entity_get_persistent_player_field@F$0BKI@$0A@@BrocSys@@YAFI@Z	V4	PASS	ida-manual-20260827	2026-08-27	IDA:0x005FF830	Release getter pers.rank at offset 424 matches the source template.
0x005FF960	??$entity_set_persistent_player_field@F$0BKA@$0A@@BrocSys@@YAXIF@Z	V3	PASS	ida-manual-20260827	2026-08-27	src/game/logic/g_scr.cpp:26330	Persistent-player setter short,416,0 matches the shared persistent-player guard, callback dispatch, direct member fallback, and exact asserts.
0x005FF960	??$entity_set_persistent_player_field@F$0BKA@$0A@@BrocSys@@YAXIF@Z	V4	PASS	ida-manual-20260827	2026-08-27	IDA:0x005FF960	Release setter pers.playerClass at offset 416 matches the source template.
0x005FFA80	??$entity_get_persistent_player_field@F$0BKA@$0A@@BrocSys@@YAFI@Z	V3	PASS	ida-manual-20260827	2026-08-27	src/game/logic/g_scr.cpp:26367	Persistent-player getter short,416,0 matches the shared persistent-player guard, callback dispatch, direct member fallback, and exact asserts.
0x005FFA80	??$entity_get_persistent_player_field@F$0BKA@$0A@@BrocSys@@YAFI@Z	V4	PASS	ida-manual-20260827	2026-08-27	IDA:0x005FFA80	Release getter pers.playerClass at offset 416 matches the source template.
0x005FFBB0	??$entity_set_persistent_player_field@F$0BKC@$0A@@BrocSys@@YAXIF@Z	V3	PASS	ida-manual-20260827	2026-08-27	src/game/logic/g_scr.cpp:26330	Persistent-player setter short,418,0 matches the shared persistent-player guard, callback dispatch, direct member fallback, and exact asserts.
0x005FFBB0	??$entity_set_persistent_player_field@F$0BKC@$0A@@BrocSys@@YAXIF@Z	V4	PASS	ida-manual-20260827	2026-08-27	IDA:0x005FFBB0	Release setter pers.nextPlayerClass at offset 418 matches the source template.
0x005FFCD0	??$entity_get_persistent_player_field@F$0BKC@$0A@@BrocSys@@YAFI@Z	V3	PASS	ida-manual-20260827	2026-08-27	src/game/logic/g_scr.cpp:26367	Persistent-player getter short,418,0 matches the shared persistent-player guard, callback dispatch, direct member fallback, and exact asserts.
0x005FFCD0	??$entity_get_persistent_player_field@F$0BKC@$0A@@BrocSys@@YAFI@Z	V4	PASS	ida-manual-20260827	2026-08-27	IDA:0x005FFCD0	Release getter pers.nextPlayerClass at offset 418 matches the source template.
0x005FFE00	??$entity_set_persistent_player_field@H$0BKE@$0A@@BrocSys@@YAXIH@Z	V3	PASS	ida-manual-20260827	2026-08-27	src/game/logic/g_scr.cpp:26330	Persistent-player setter int,420,0 matches the shared persistent-player guard, callback dispatch, direct member fallback, and exact asserts.
0x005FFE00	??$entity_set_persistent_player_field@H$0BKE@$0A@@BrocSys@@YAXIH@Z	V4	PASS	ida-manual-20260827	2026-08-27	IDA:0x005FFE00	Release setter pers.playerState at offset 420 matches the source template.
0x005FFF20	??$entity_get_persistent_player_field@H$0BKE@$0A@@BrocSys@@YAHI@Z	V3	PASS	ida-manual-20260827	2026-08-27	src/game/logic/g_scr.cpp:26367	Persistent-player getter int,420,0 matches the shared persistent-player guard, callback dispatch, direct member fallback, and exact asserts.
0x005FFF20	??$entity_get_persistent_player_field@H$0BKE@$0A@@BrocSys@@YAHI@Z	V4	PASS	ida-manual-20260827	2026-08-27	IDA:0x005FFF20	Release getter pers.playerState at offset 420 matches the source template.
0x005FD680	??$entity_set_sentient_field@H$0DI@$0A@@BrocSys@@YAXIH@Z	V3	PASS	ida-manual-20260827	2026-08-27	src/game/logic/g_scr.cpp:26164	Sentient setter int,56,0 matches the shared sentient setter guard, callback dispatch, direct member fallback, and assert template.
0x005FD680	??$entity_set_sentient_field@H$0DI@$0A@@BrocSys@@YAXIH@Z	V4	PASS	ida-manual-20260827	2026-08-27	IDA:0x005FD680	Release setter int bIgnoreMe at offset 56 with callback index 0 matches the source template and exact asserts.
0x005FD790	??$entity_get_sentient_field@H$0DI@$0A@@BrocSys@@YAHI@Z	V3	PASS	ida-manual-20260827	2026-08-27	src/game/logic/g_scr.cpp:26213	Sentient getter int,56,0 matches the shared sentient getter guard, callback dispatch, direct member fallback, and assert template.
0x005FD790	??$entity_get_sentient_field@H$0DI@$0A@@BrocSys@@YAHI@Z	V4	PASS	ida-manual-20260827	2026-08-27	IDA:0x005FD790	Release getter int bIgnoreMe at offset 56 with callback index 0 matches the source template and exact asserts.
0x005FD8B0	??$entity_set_sentient_field@H$0EA@$0A@@BrocSys@@YAXIH@Z	V3	PASS	ida-manual-20260827	2026-08-27	src/game/logic/g_scr.cpp:26164	Sentient setter int,64,0 matches the shared sentient setter guard, callback dispatch, direct member fallback, and assert template.
0x005FD8B0	??$entity_set_sentient_field@H$0EA@$0A@@BrocSys@@YAXIH@Z	V4	PASS	ida-manual-20260827	2026-08-27	IDA:0x005FD8B0	Release setter int bIgnorePain at offset 64 with callback index 0 matches the source template and exact asserts.
0x005FD9C0	??$entity_get_sentient_field@H$0EA@$0A@@BrocSys@@YAHI@Z	V3	PASS	ida-manual-20260827	2026-08-27	src/game/logic/g_scr.cpp:26213	Sentient getter int,64,0 matches the shared sentient getter guard, callback dispatch, direct member fallback, and assert template.
0x005FD9C0	??$entity_get_sentient_field@H$0EA@$0A@@BrocSys@@YAHI@Z	V4	PASS	ida-manual-20260827	2026-08-27	IDA:0x005FD9C0	Release getter int bIgnorePain at offset 64 with callback index 0 matches the source template and exact asserts.
0x005FDAE0	??$entity_set_sentient_field@M$0EM@$0A@@BrocSys@@YAXIM@Z	V3	PASS	ida-manual-20260827	2026-08-27	src/game/logic/g_scr.cpp:26164	Sentient setter float,76,0 matches the shared sentient setter guard, callback dispatch, direct member fallback, and assert template.
0x005FDAE0	??$entity_set_sentient_field@M$0EM@$0A@@BrocSys@@YAXIM@Z	V4	PASS	ida-manual-20260827	2026-08-27	IDA:0x005FDAE0	Release setter float fGrenadeReturnChance at offset 76 with callback index 0 matches the source template and exact asserts.
0x005FDC00	??$entity_get_sentient_field@M$0EM@$0A@@BrocSys@@YAMI@Z	V3	PASS	ida-manual-20260827	2026-08-27	src/game/logic/g_scr.cpp:26213	Sentient getter float,76,0 matches the shared sentient getter guard, callback dispatch, direct member fallback, and assert template.
0x005FDC00	??$entity_get_sentient_field@M$0EM@$0A@@BrocSys@@YAMI@Z	V4	PASS	ida-manual-20260827	2026-08-27	IDA:0x005FDC00	Release getter float fGrenadeReturnChance at offset 76 with callback index 0 matches the source template and exact asserts.
0x005FDD20	??$entity_set_sentient_field@H$0FA@$0A@@BrocSys@@YAXIH@Z	V3	PASS	ida-manual-20260827	2026-08-27	src/game/logic/g_scr.cpp:26164	Sentient setter int,80,0 matches the shared sentient setter guard, callback dispatch, direct member fallback, and assert template.
0x005FDD20	??$entity_set_sentient_field@H$0FA@$0A@@BrocSys@@YAXIH@Z	V4	PASS	ida-manual-20260827	2026-08-27	IDA:0x005FDD20	Release setter int iBulletsInClip at offset 80 with callback index 0 matches the source template and exact asserts.
0x005FDE30	??$entity_get_sentient_field@H$0FA@$0A@@BrocSys@@YAHI@Z	V3	PASS	ida-manual-20260827	2026-08-27	src/game/logic/g_scr.cpp:26213	Sentient getter int,80,0 matches the shared sentient getter guard, callback dispatch, direct member fallback, and assert template.
0x005FDE30	??$entity_get_sentient_field@H$0FA@$0A@@BrocSys@@YAHI@Z	V4	PASS	ida-manual-20260827	2026-08-27	IDA:0x005FDE30	Release getter int iBulletsInClip at offset 80 with callback index 0 matches the source template and exact asserts.
0x005FDF50	??$entity_set_sentient_field@H$0FE@$0A@@BrocSys@@YAXIH@Z	V3	PASS	ida-manual-20260827	2026-08-27	src/game/logic/g_scr.cpp:26164	Sentient setter int,84,0 matches the shared sentient setter guard, callback dispatch, direct member fallback, and assert template.
0x005FDF50	??$entity_set_sentient_field@H$0FE@$0A@@BrocSys@@YAXIH@Z	V4	PASS	ida-manual-20260827	2026-08-27	IDA:0x005FDF50	Release setter int bAnimscriptedAllowPain at offset 84 with callback index 0 matches the source template and exact asserts.
0x005FE060	??$entity_get_sentient_field@H$0FE@$0A@@BrocSys@@YAHI@Z	V3	PASS	ida-manual-20260827	2026-08-27	src/game/logic/g_scr.cpp:26213	Sentient getter int,84,0 matches the shared sentient getter guard, callback dispatch, direct member fallback, and assert template.
0x005FE060	??$entity_get_sentient_field@H$0FE@$0A@@BrocSys@@YAHI@Z	V4	PASS	ida-manual-20260827	2026-08-27	IDA:0x005FE060	Release getter int bAnimscriptedAllowPain at offset 84 with callback index 0 matches the source template and exact asserts.
0x005FE180	??$entity_set_sentient_field@H$0EE@$0A@@BrocSys@@YAXIH@Z	V3	PASS	ida-manual-20260827	2026-08-27	src/game/logic/g_scr.cpp:26164	Sentient setter int,68,0 matches the shared sentient setter guard, callback dispatch, direct member fallback, and assert template.
0x005FE180	??$entity_set_sentient_field@H$0EE@$0A@@BrocSys@@YAXIH@Z	V4	PASS	ida-manual-20260827	2026-08-27	IDA:0x005FE180	Release setter int bStateChangeBlocked at offset 68 with callback index 0 matches the source template and exact asserts.
0x005FE290	??$entity_get_sentient_field@H$0EE@$0A@@BrocSys@@YAHI@Z	V3	PASS	ida-manual-20260827	2026-08-27	src/game/logic/g_scr.cpp:26213	Sentient getter int,68,0 matches the shared sentient getter guard, callback dispatch, direct member fallback, and assert template.
0x005FE290	??$entity_get_sentient_field@H$0EE@$0A@@BrocSys@@YAHI@Z	V4	PASS	ida-manual-20260827	2026-08-27	IDA:0x005FE290	Release getter int bStateChangeBlocked at offset 68 with callback index 0 matches the source template and exact asserts.
0x005FE3B0	??$entity_set_sentient_field@H$0IM@$0A@@BrocSys@@YAXIH@Z	V3	PASS	ida-manual-20260827	2026-08-27	src/game/logic/g_scr.cpp:26164	Sentient setter int,140,0 matches the shared sentient setter guard, callback dispatch, direct member fallback, and assert template.
0x005FE3B0	??$entity_set_sentient_field@H$0IM@$0A@@BrocSys@@YAXIH@Z	V4	PASS	ida-manual-20260827	2026-08-27	IDA:0x005FE3B0	Release setter int iUpdDesiredChainPosTimeMin at offset 140 with callback index 0 matches the source template and exact asserts.
0x005FE4D0	??$entity_get_sentient_field@H$0IM@$0A@@BrocSys@@YAHI@Z	V3	PASS	ida-manual-20260827	2026-08-27	src/game/logic/g_scr.cpp:26213	Sentient getter int,140,0 matches the shared sentient getter guard, callback dispatch, direct member fallback, and assert template.
0x005FE4D0	??$entity_get_sentient_field@H$0IM@$0A@@BrocSys@@YAHI@Z	V4	PASS	ida-manual-20260827	2026-08-27	IDA:0x005FE4D0	Release getter int iUpdDesiredChainPosTimeMin at offset 140 with callback index 0 matches the source template and exact asserts.
0x005FE5F0	??$entity_set_sentient_field@H$0JA@$0A@@BrocSys@@YAXIH@Z	V3	PASS	ida-manual-20260827	2026-08-27	src/game/logic/g_scr.cpp:26164	Sentient setter int,144,0 matches the shared sentient setter guard, callback dispatch, direct member fallback, and assert template.
0x005FE5F0	??$entity_set_sentient_field@H$0JA@$0A@@BrocSys@@YAXIH@Z	V4	PASS	ida-manual-20260827	2026-08-27	IDA:0x005FE5F0	Release setter int iUpdDesiredChainPosTimeMax at offset 144 with callback index 0 matches the source template and exact asserts.
0x005FE710	??$entity_get_sentient_field@H$0JA@$0A@@BrocSys@@YAHI@Z	V3	PASS	ida-manual-20260827	2026-08-27	src/game/logic/g_scr.cpp:26213	Sentient getter int,144,0 matches the shared sentient getter guard, callback dispatch, direct member fallback, and assert template.
0x005FE710	??$entity_get_sentient_field@H$0JA@$0A@@BrocSys@@YAHI@Z	V4	PASS	ida-manual-20260827	2026-08-27	IDA:0x005FE710	Release getter int iUpdDesiredChainPosTimeMax at offset 144 with callback index 0 matches the source template and exact asserts.
0x005BE390	?BrocDestroyEntity@@YAXPAVEntity@@@Z	V3	PASS	ida-manual-20260828	2026-08-28	src/game/logic/g_entity_misc.cpp:3030	Source performs the release-matched extended-entity delete callback and clears mBrocExtendedEntity.
0x005BE390	?BrocDestroyEntity@@YAXPAVEntity@@@Z	V4	PASS	ida-manual-20260828	2026-08-28	c3_bin/codmp_xboxr.xbe.c:1178806	Release body conditionally dispatches mDeleteExtendedEntity for mBrocExtendedEntity and then clears the field; source matches.
0x005BE560	?BrocAddEntityThread@@YAXPAVEntity@@PBD@Z	V3	PASS	ida-manual-20260828	2026-08-28	src/game/streamer/pakmanager.cpp:2907	Source hashes the callback name, passes NaN vector arguments, dispatches mSpawnScriptThread, and suppresses the AUTO_THREAD assert only for workspace maps.
0x005BE560	?BrocAddEntityThread@@YAXPAVEntity@@PBD@Z	V4	PASS	ida-manual-20260828	2026-08-28	c3_bin/codmp_xboxr.xbe.c:1178884	Release body matches callback-name hashing, entity handle forwarding, NaN arguments, and found || gIsWorkspaceMap guard.
0x005C1AB0	?Scr_IsSystemActive@@YAHE@Z	V3	PASS	ida-manual-20260828	2026-08-28	src/game/logic/g_entity_misc.cpp:1847	Source intentionally ignores the system selector and returns active, matching the release function behavior.
0x005C1AB0	?Scr_IsSystemActive@@YAHE@Z	V4	PASS	ida-manual-20260828	2026-08-28	c3_bin/codmp_xboxr.xbe.c:1181261	Release body returns 1 unconditionally; the release map symbol includes the unsigned-char parameter and matches source ABI.
0x005C78C0	?Scr_PrecacheAnimTrees@@YAXP6APAXH@Z_N@Z	V3	PASS	ida-manual-20260828	2026-08-28	src/game/logic/g_entity_misc.cpp:3895	Source loads every animation tree from index 1, then runs BrocHelper::AnimationValidator with g_xanim_num.
0x005C78C0	?Scr_PrecacheAnimTrees@@YAXP6APAXH@Z_N@Z	V4	PASS	ida-manual-20260828	2026-08-28	c3_bin/codmp_xboxr.xbe.c:1185136	Release loop and validator call match source, including allocator and restart forwarding.
0x005C7910	?Scr_FreePrecachedAnimTrees@@YAXXZ	V3	PASS	ida-manual-20260828	2026-08-28	src/game/logic/g_entity_misc.cpp:3875	Source frees every precached animation tree from index 1 through g_xanim_num-1.
0x005C7910	?Scr_FreePrecachedAnimTrees@@YAXXZ	V4	PASS	ida-manual-20260828	2026-08-28	c3_bin/codmp_xboxr.xbe.c:1185151	Release body performs the same index loop; the authoritative release map ABI is void (YAXXZ), matching source.
0x005BBD30	?SetJmp@@YAXPAI@Z	V3	PASS	ida-manual-20260828	2026-08-28	src/game/logic/g_scr.cpp:3747	Naked source routine saves flags, general registers, the caller stack snapshot, and return address into the ten-word backup record.
0x005BBD30	?SetJmp@@YAXPAI@Z	V4	PASS	ida-manual-20260828	2026-08-28	c3_bin/codmp_xboxr.xbe.c:1177005	Release SetJmp saves EFLAGS, EAX/EDX/ECX, the stack/return address, and remaining register state; source assembly reproduces that layout.
0x005BBD80	?LongJmp@@YAXPAI@Z	V3	PASS	ida-manual-20260828	2026-08-28	src/game/logic/g_scr.cpp:3780	Naked source routine rewrites the saved return slot, restores the saved stack/register frame, restores flags, and returns through the saved address.
0x005BBD80	?LongJmp@@YAXPAI@Z	V4	PASS	ida-manual-20260828	2026-08-28	c3_bin/codmp_xboxr.xbe.c:1177033	Release LongJmp rewrites the saved stack return address and restores EFLAGS; IDA omits the register restore pair, while source implements the required restore sequence.
0x005C13C0	?TakeWeapon@BrocSys@@YAXPAVEntity@@PBD@Z	V3	PASS	ida-manual-20260828	2026-08-28	src/game/logic/g_entity_misc.cpp:4275	Source validates the client, clears ammo and clip counts for the named weapon, then removes it from player state.
0x005C13C0	?TakeWeapon@BrocSys@@YAXPAVEntity@@PBD@Z	V4	PASS	ida-manual-20260828	2026-08-28	c3_bin/codmp_xboxr.xbe.c:1180886	Release body matches client validation, weapon index lookup, ammo/clip clearing, and BG_TakePlayerWeapon dispatch.
0x005DC5B0	?ConvertHashToString@BrocSys@@YAPBDH@Z	V3	PASS	ida-manual-20260828	2026-08-28	src/game/logic/g_scr.cpp:23325	Source looks up the hash in the BrocSys hash registry and returns the registered string or null.
0x005DC5B0	?ConvertHashToString@BrocSys@@YAPBDH@Z	V4	PASS	ida-manual-20260828	2026-08-28	c3_bin/codmp_xboxr.xbe.c:1200515	Release lower-bound lookup returns the stored fixed string or null; source registry lookup is behaviorally identical and the corrected EA matches.
0x005DFC50	?RegisterHashString@BrocSys@@YAXHPBD@Z	V3	PASS	ida-manual-20260828	2026-08-28	src/game/logic/g_scr.cpp:23299	Source detects conflicting existing text, emits the release collision warning, and stores the 32-byte fixed string by hash.
0x005DFC50	?RegisterHashString@BrocSys@@YAXHPBD@Z	V4	PASS	ida-manual-20260828	2026-08-28	c3_bin/codmp_xboxr.xbe.c:1202201	Release performs the same hash lower-bound lookup, 31-byte case-insensitive collision check, warning, and fixed-string insertion.
0x005E9A20	?button_released_clear_all@controller@@QAEXH@Z	V3	PASS	ida-manual-20260828	2026-08-28	src/input/controller.cpp:417	Source iterates the complete LEFTBUTTON through SELECT range and clears each released button.
0x005E9A20	?button_released_clear_all@controller@@QAEXH@Z	V4	PASS	ida-manual-20260828	2026-08-28	c3_bin/codmp_xboxr.xbe.c:1202740	Release uses the same inclusive LEFTBUTTON-to-SELECT loop and button_released_clear dispatch.
0x005E9C80	?GetStat@clientPersistent_t@@QAEHH@Z	V3	PASS	ida-manual-20260828	2026-08-28	src/game/logic/g_accessors.cpp:4151	Source validates the upper stat bound and sums all seven stat rows.
0x005E9C80	?GetStat@clientPersistent_t@@QAEHH@Z	V4	PASS	ida-manual-20260828	2026-08-28	c3_bin/codmp_xboxr.xbe.c:1202829	Release validates stat <= 0x1C, warns on invalid input, and sums mStats rows 0 through 6 exactly.
0x005E9D40	?GetTotalScore@clientPersistent_t@@QAEHXZ	V3	PASS	ida-manual-20260828	2026-08-28	src/game/logic/g_accessors.cpp:4163	Source starts with mBaseScore and accumulates PlayerStats::TotalScoreForStats across seven rows.
0x005E9D40	?GetTotalScore@clientPersistent_t@@QAEHXZ	V4	PASS	ida-manual-20260828	2026-08-28	c3_bin/codmp_xboxr.xbe.c:1202850	Release starts with mBaseScore and accumulates seven PlayerStats rows; source loop is equivalent.
0x005E9DD0	?MathsRandomInt@Broc@@YAHH@Z	V3	PASS	ida-manual-20260828	2026-08-28	src/broc/Broc.cpp:126	Source asserts positive range and returns irand(0, iMax), matching the script math helper.
0x005E9DD0	?MathsRandomInt@Broc@@YAHH@Z	V4	PASS	ida-manual-20260828	2026-08-28	c3_bin/codmp_xboxr.xbe.c:1202907	Release asserts iMax > 0 and calls irand(0, iMax); source matches.
0x005E9E50	?MathsRandomFloat@Broc@@YAMM@Z	V3	PASS	ida-manual-20260828	2026-08-28	src/broc/Broc.cpp:142	Source returns flrand(0.0f, fMax) with the release float ABI.
0x005E9E50	?MathsRandomFloat@Broc@@YAMM@Z	V4	PASS	ida-manual-20260828	2026-08-28	c3_bin/codmp_xboxr.xbe.c:1202922	Release calls flrand(0.0, fMax); the decompiler omitted the x87 return type, while the map and source use float ABI.
0x005E9E70	?MathsRandomIntRange@Broc@@YAHHH@Z	V3	PASS	ida-manual-20260828	2026-08-28	src/broc/Broc.cpp:148	Source orders the bounds and returns irand over the inclusive ordered range.
0x005E9E70	?MathsRandomIntRange@Broc@@YAHHH@Z	V4	PASS	ida-manual-20260828	2026-08-28	c3_bin/codmp_xboxr.xbe.c:1202928	Release selects irand(iMin,iMax) or the reversed ordering exactly as source.
0x005E9EA0	?MathsRandomFloatRange@Broc@@YAMMM@Z	V3	PASS	ida-manual-20260828	2026-08-28	src/broc/Broc.cpp:154	Source orders float bounds and returns flrand over the ordered interval.
0x005E9EA0	?MathsRandomFloatRange@Broc@@YAMMM@Z	V4	PASS	ida-manual-20260828	2026-08-28	c3_bin/codmp_xboxr.xbe.c:1202937	Release chooses flrand(fMin,fMax) or the reversed ordering exactly as source.
0x005E99E0	?fmod@@YAMMM@Z	V3	PASS	ida-manual-20260828	2026-08-28	src/game/logic/g_scr.cpp:3471	Global float overload delegates directly to fmodf, matching the release math glue.
0x005E99E0	?fmod@@YAMMM@Z	V4	PASS	ida-manual-20260828	2026-08-28	c3_bin/codmp_xboxr.xbe.c:1202728	Release float fmod wrapper delegates to the runtime fmod operation; source delegates to fmodf for the same x86 float contract.
0x005E9A00	?log@@YAMM@Z	V3	PASS	ida-manual-20260828	2026-08-28	src/game/logic/g_scr.cpp:3477	Global float overload delegates directly to logf, matching the release math glue.
0x005E9A00	?log@@YAMM@Z	V4	PASS	ida-manual-20260828	2026-08-28	c3_bin/codmp_xboxr.xbe.c:1202734	Release float log wrapper computes natural logarithm through the runtime; source delegates to logf for the same result.
0x005E9EE0	?MathsLog@Broc@@YAMM@Z	V3	PASS	ida-manual-20260828	2026-08-28	src/broc/Broc.cpp:261	Script MathsLog preserves the release positive-domain warning and returns logf of the input.
0x005E9EE0	?MathsLog@Broc@@YAMM@Z	V4	PASS	ida-manual-20260828	2026-08-28	c3_bin/codmp_xboxr.xbe.c:1202946	Release validates non-positive input, warns, and returns the natural log; source body matches.
0x005EA8B0	?node_to_object@?$reserved_dlist@VAeThreadState@@@@SAPBVAeThreadState@@PBUdlist_node@1@@Z	V3	PASS	ida-manual-20260828	2026-08-28	src/game/logic/g_scr.cpp:816	Specialized conversion subtracts the embedded AeDListNode offset and returns the owning AeThreadState.
0x005EA8B0	?node_to_object@?$reserved_dlist@VAeThreadState@@@@SAPBVAeThreadState@@PBUdlist_node@1@@Z	V4	PASS	ida-manual-20260828	2026-08-28	c3_bin/codmp_xboxr.xbe.c:1203465	Release maps the node back one embedded-node offset; source performs the same -4-byte conversion.
0x005EA8C0	?clear@?$reserved_dlist@VAeThreadState@@@@QAEXXZ	V3	PASS	ida-manual-20260828	2026-08-28	src/game/logic/g_scr.cpp:637	Generic reserved list clear resets size, head, end, and tail exactly as the release layout requires.
0x005EA8C0	?clear@?$reserved_dlist@VAeThreadState@@@@QAEXXZ	V4	PASS	ida-manual-20260828	2026-08-28	c3_bin/codmp_xboxr.xbe.c:1203472	Release clears the AeThreadState list with the same four field writes.
0x005EA8E0	?pop@dlist_node@?$reserved_dlist@VAeThreadState@@@@QAEXXZ	V3	PASS	ida-manual-20260828	2026-08-28	src/game/logic/g_scr.cpp:627	Generic dlist node pop relinks next->prev and prev->next.
0x005EA8E0	?pop@dlist_node@?$reserved_dlist@VAeThreadState@@@@QAEXXZ	V4	PASS	ida-manual-20260828	2026-08-28	c3_bin/codmp_xboxr.xbe.c:1203481	Release performs the same two-link relink for the AeThreadState node specialization.
0x005EA900	?pop@dlist_node@?$reserved_dlist@VEndOnScriptNode@@@@QAEXXZ	V3	PASS	ida-manual-20260828	2026-08-28	src/game/logic/g_scr.cpp:627	Generic dlist node pop relinks next->prev and prev->next.
0x005EA900	?pop@dlist_node@?$reserved_dlist@VEndOnScriptNode@@@@QAEXXZ	V4	PASS	ida-manual-20260828	2026-08-28	c3_bin/codmp_xboxr.xbe.c:1203488	Release performs the same two-link relink for the EndOnScriptNode node specialization.
0x005EA920	?node_to_object@?$reserved_dlist@VAeThread@@@@SAPBVAeThread@@PBUdlist_node@1@@Z	V3	PASS	ida-manual-20260828	2026-08-28	src/game/logic/g_scr.cpp:748	Generic conversion returns the AeThread object at the node address.
0x005EA920	?node_to_object@?$reserved_dlist@VAeThread@@@@SAPBVAeThread@@PBUdlist_node@1@@Z	V4	PASS	ida-manual-20260828	2026-08-28	c3_bin/codmp_xboxr.xbe.c:1203495	Release returns the AeThread node address directly; source reinterpret-casts identically.
0x005EA930	?clear@?$reserved_dlist@VAeThread@@@@QAEXXZ	V3	PASS	ida-manual-20260828	2026-08-28	src/game/logic/g_scr.cpp:638	Generic reserved list clear resets size, head, end, and tail exactly as the release layout requires.
0x005EA930	?clear@?$reserved_dlist@VAeThread@@@@QAEXXZ	V4	PASS	ida-manual-20260828	2026-08-28	c3_bin/codmp_xboxr.xbe.c:1203502	Release clears the AeThread list with the same four field writes.
0x005EA950	?pop@dlist_node@?$reserved_dlist@VAeThread@@@@QAEXXZ	V3	PASS	ida-manual-20260828	2026-08-28	src/game/logic/g_scr.cpp:627	Generic dlist node pop relinks next->prev and prev->next.
0x005EA950	?pop@dlist_node@?$reserved_dlist@VAeThread@@@@QAEXXZ	V4	PASS	ida-manual-20260828	2026-08-28	c3_bin/codmp_xboxr.xbe.c:1203511	Release performs the same two-link relink for the AeThread node specialization.
0x005EE340	??_GAeThreadEntityNotifyTimeoutState@@UAEPAXI@Z	V3	PASS	ida-manual-20260828	2026-08-28	src/game/logic/g_scr.cpp:23147	Compiler-generated scalar-deleting alias invokes the exact derived destructor and AeThreadState allocator path.
0x005EE340	??_GAeThreadEntityNotifyTimeoutState@@UAEPAXI@Z	V4	PASS	ida-manual-20260828	2026-08-28	c3_bin/codmp_xboxr.xbe.c:1205906	Release calls the derived destructor then conditionally releases through AeThreadState::sAllocator; emitted alias matches.
0x005EE340	??_EAeThreadEntityNotifyTimeoutState@@UAEPAXI@Z	V3	PASS	ida-manual-20260828	2026-08-28	src/game/logic/g_scr.cpp:23147	Compiler-generated scalar-deleting alias invokes the exact derived destructor and AeThreadState allocator path.
0x005EE340	??_EAeThreadEntityNotifyTimeoutState@@UAEPAXI@Z	V4	PASS	ida-manual-20260828	2026-08-28	c3_bin/codmp_xboxr.xbe.c:1205906	Release calls the derived destructor then conditionally releases through AeThreadState::sAllocator; emitted alias matches.
0x005EE370	??1AeThreadEntityNotifyTimeoutState@@UAE@XZ	V3	PASS	ida-manual-20260828	2026-08-28	src/game/logic/g_scr.cpp:23147	Derived destructor is intentionally empty; the compiler restores the AeThreadState vtable as in release.
0x005EE370	??1AeThreadEntityNotifyTimeoutState@@UAE@XZ	V4	PASS	ida-manual-20260828	2026-08-28	c3_bin/codmp_xboxr.xbe.c:1205917	Release destructor only restores the AeThreadState vtable; source emits the same empty derived body.
0x005EE380	??_EAeThreadPakNotifyState@@UAEPAXI@Z	V3	PASS	ida-manual-20260828	2026-08-28	src/game/logic/g_scr.cpp:1376	Compiler-generated vector-deleting alias invokes the exact derived destructor and AeThreadState allocator path.
0x005EE380	??_EAeThreadPakNotifyState@@UAEPAXI@Z	V4	PASS	ida-manual-20260828	2026-08-28	c3_bin/codmp_xboxr.xbe.c:1205925	Release calls the derived destructor then conditionally releases through AeThreadState::sAllocator; emitted alias matches.
0x005EE380	??_GAeThreadPakNotifyState@@UAEPAXI@Z	V3	PASS	ida-manual-20260828	2026-08-28	src/game/logic/g_scr.cpp:1376	Compiler-generated vector-deleting alias invokes the exact derived destructor and AeThreadState allocator path.
0x005EE380	??_GAeThreadPakNotifyState@@UAEPAXI@Z	V4	PASS	ida-manual-20260828	2026-08-28	c3_bin/codmp_xboxr.xbe.c:1205925	Release calls the derived destructor then conditionally releases through AeThreadState::sAllocator; emitted alias matches.
0x005EE3B0	??1AeThreadPakNotifyState@@UAE@XZ	V3	PASS	ida-manual-20260828	2026-08-28	src/game/logic/g_scr.cpp:1376	Derived destructor is intentionally empty; the compiler restores the AeThreadState vtable as in release.
0x005EE3B0	??1AeThreadPakNotifyState@@UAE@XZ	V4	PASS	ida-manual-20260828	2026-08-28	c3_bin/codmp_xboxr.xbe.c:1205936	Release destructor only restores the AeThreadState vtable; source emits the same empty derived body.
0x005EE3C0	??_GAeThreadWaitState@@UAEPAXI@Z	V3	PASS	ida-manual-20260828	2026-08-28	src/game/logic/g_scr.cpp:1280	Compiler-generated vector-deleting alias invokes the exact derived destructor and AeThreadState allocator path.
0x005EE3C0	??_GAeThreadWaitState@@UAEPAXI@Z	V4	PASS	ida-manual-20260828	2026-08-28	c3_bin/codmp_xboxr.xbe.c:1205943	Release calls the derived destructor then conditionally releases through AeThreadState::sAllocator; emitted alias matches.
0x005EE3C0	??_EAeThreadWaitState@@UAEPAXI@Z	V3	PASS	ida-manual-20260828	2026-08-28	src/game/logic/g_scr.cpp:1280	Compiler-generated vector-deleting alias invokes the exact derived destructor and AeThreadState allocator path.
0x005EE3C0	??_EAeThreadWaitState@@UAEPAXI@Z	V4	PASS	ida-manual-20260828	2026-08-28	c3_bin/codmp_xboxr.xbe.c:1205943	Release calls the derived destructor then conditionally releases through AeThreadState::sAllocator; emitted alias matches.
0x005EE3F0	??1AeThreadWaitState@@UAE@XZ	V3	PASS	ida-manual-20260828	2026-08-28	src/game/logic/g_scr.cpp:1280	Derived destructor is intentionally empty; the compiler restores the AeThreadState vtable as in release.
0x005EE3F0	??1AeThreadWaitState@@UAE@XZ	V4	PASS	ida-manual-20260828	2026-08-28	c3_bin/codmp_xboxr.xbe.c:1205952	Release destructor only restores the AeThreadState vtable; source emits the same empty derived body.
0x005EE400	??_GAeThreadWaitFramesState@@UAEPAXI@Z	V3	PASS	ida-manual-20260828	2026-08-28	src/game/logic/g_scr.cpp:1325	Compiler-generated scalar-deleting alias invokes the exact derived destructor and AeThreadState allocator path.
0x005EE400	??_GAeThreadWaitFramesState@@UAEPAXI@Z	V4	PASS	ida-manual-20260828	2026-08-28	c3_bin/codmp_xboxr.xbe.c:1205959	Release calls the derived destructor then conditionally releases through AeThreadState::sAllocator; emitted alias matches.
0x005EE400	??_EAeThreadWaitFramesState@@UAEPAXI@Z	V3	PASS	ida-manual-20260828	2026-08-28	src/game/logic/g_scr.cpp:1325	Compiler-generated scalar-deleting alias invokes the exact derived destructor and AeThreadState allocator path.
0x005EE400	??_EAeThreadWaitFramesState@@UAEPAXI@Z	V4	PASS	ida-manual-20260828	2026-08-28	c3_bin/codmp_xboxr.xbe.c:1205959	Release calls the derived destructor then conditionally releases through AeThreadState::sAllocator; emitted alias matches.
0x005EE430	??1AeThreadWaitFramesState@@UAE@XZ	V3	PASS	ida-manual-20260828	2026-08-28	src/game/logic/g_scr.cpp:1325	Derived destructor is intentionally empty; the compiler restores the AeThreadState vtable as in release.
0x005EE430	??1AeThreadWaitFramesState@@UAE@XZ	V4	PASS	ida-manual-20260828	2026-08-28	c3_bin/codmp_xboxr.xbe.c:1205970	Release destructor only restores the AeThreadState vtable; source emits the same empty derived body.
0x005EF640	??_EAeThreadEntityNotifyMatchState@@UAEPAXI@Z	V3	PASS	ida-manual-20260828	2026-08-28	src/game/logic/g_scr.cpp:23213	Compiler-generated scalar-deleting alias invokes the exact derived destructor and AeThreadState allocator path.
0x005EF640	??_EAeThreadEntityNotifyMatchState@@UAEPAXI@Z	V4	PASS	ida-manual-20260828	2026-08-28	c3_bin/codmp_xboxr.xbe.c:1207030	Release calls the derived destructor then conditionally releases through AeThreadState::sAllocator; emitted alias matches.
0x005EF640	??_GAeThreadEntityNotifyMatchState@@UAEPAXI@Z	V3	PASS	ida-manual-20260828	2026-08-28	src/game/logic/g_scr.cpp:23213	Compiler-generated scalar-deleting alias invokes the exact derived destructor and AeThreadState allocator path.
0x005EF640	??_GAeThreadEntityNotifyMatchState@@UAEPAXI@Z	V4	PASS	ida-manual-20260828	2026-08-28	c3_bin/codmp_xboxr.xbe.c:1207030	Release calls the derived destructor then conditionally releases through AeThreadState::sAllocator; emitted alias matches.
0x005EF670	??1AeThreadEntityNotifyMatchState@@UAE@XZ	V3	PASS	ida-manual-20260828	2026-08-28	src/game/logic/g_scr.cpp:23213	Derived destructor is intentionally empty; the compiler restores the AeThreadState vtable as in release.
0x005EF670	??1AeThreadEntityNotifyMatchState@@UAE@XZ	V4	PASS	ida-manual-20260828	2026-08-28	c3_bin/codmp_xboxr.xbe.c:1207041	Release destructor only restores the AeThreadState vtable; source emits the same empty derived body.
0x00600D70	??_EAeThreadEntityNotifyState@@UAEPAXI@Z	V3	PASS	ida-manual-20260828	2026-08-28	src/game/logic/g_scr.cpp:5952	Compiler-generated scalar-deleting alias invokes the existing release-equivalent AeThreadEntityNotifyState destructor and allocator path.
0x00600D70	??_EAeThreadEntityNotifyState@@UAEPAXI@Z	V4	PASS	ida-manual-20260828	2026-08-28	c3_bin/codmp_xboxr.xbe.c:1216972	Release calls the derived destructor then conditionally releases through AeThreadState::sAllocator; emitted alias matches.
0x00600D70	??_GAeThreadEntityNotifyState@@UAEPAXI@Z	V3	PASS	ida-manual-20260828	2026-08-28	src/game/logic/g_scr.cpp:5952	Compiler-generated scalar-deleting alias invokes the existing release-equivalent AeThreadEntityNotifyState destructor and allocator path.
0x00600D70	??_GAeThreadEntityNotifyState@@UAEPAXI@Z	V4	PASS	ida-manual-20260828	2026-08-28	c3_bin/codmp_xboxr.xbe.c:1216972	Release calls the derived destructor then conditionally releases through AeThreadState::sAllocator; emitted alias matches.
0x005EA080	??A?$ae_array@VHashString@@$03@@QAEAAVHashString@@H@Z	V3	PASS	ida-manual-20260828	2026-08-28	src/game/logic/g_scr.cpp:223	Fixed four-element ae_array indexer returns the selected HashString slot.
0x005EA080	??A?$ae_array@VHashString@@$03@@QAEAAVHashString@@H@Z	V4	PASS	ida-manual-20260828	2026-08-28	c3_bin/codmp_xboxr.xbe.c:1203046	Release validates idx against four elements then returns the selected HashString slot; source direct access is equivalent for this ABI.
0x005E98B0	??3AeThread@@SAXPAX@Z	V3	PASS	ida-manual-20260828	2026-08-28	src/game/logic/g_scr.cpp:3883	Release alias uses AeThread's pool allocator release body.
0x005E98B0	??3AeThread@@SAXPAX@Z	V4	PASS	ida-manual-20260828	2026-08-28	c3_bin/codmp_xboxr.xbe.c:1202653	Release alias calls PoolAllocator::Release(AeThread::sAllocator, ptr); source matches.
0x005E9940	??3Block@BackupStack@AeThread@@SAXPAX@Z	V3	PASS	ida-manual-20260828	2026-08-28	src/game/logic/g_scr.cpp:1075	Release alias uses BackupStack::Block's pool allocator release body.
0x005E9940	??3Block@BackupStack@AeThread@@SAXPAX@Z	V4	PASS	ida-manual-20260828	2026-08-28	c3_bin/codmp_xboxr.xbe.c:1202684	Release alias calls PoolAllocator::Release(AeThread::BackupStack::Block::sAllocator, ptr); source matches.
0x005EFBC0	??0?$WaitTilOutputInst1@H@@QAE@ABH@Z	V3	PASS	ida-manual-20260828	2026-08-28	src/game/logic/g_scr.cpp:6601	Constructor clears list-node fillers, installs the typed vtable, and copies the single payload.
0x005EFBC0	??0?$WaitTilOutputInst1@H@@QAE@ABH@Z	V4	PASS	ida-manual-20260828	2026-08-28	c3_bin/codmp_xboxr.xbe.c:1207252	Release initializes both fillers, vtable, and data; source template constructor is equivalent.
0x005EFCA0	?GetSize@?$WaitTilOutputInst1@H@@UAEHXZ	V3	PASS	ida-manual-20260828	2026-08-28	src/game/logic/g_scr.cpp:6607	Single-parameter wait output reports size one.
0x005EFCA0	?GetSize@?$WaitTilOutputInst1@H@@UAEHXZ	V4	PASS	ida-manual-20260828	2026-08-28	c3_bin/codmp_xboxr.xbe.c:1207294	Release returns one; source matches.
0x005EFCB0	??_G?$WaitTilOutputInst1@H@@UAEPAXI@Z	V3	PASS	ida-manual-20260828	2026-08-28	src/game/logic/g_scr.cpp:6609	Compiler-generated vector-deleting alias invokes the empty typed destructor and WaitTilOutput allocator path.
0x005EFCB0	??_G?$WaitTilOutputInst1@H@@UAEPAXI@Z	V4	PASS	ida-manual-20260828	2026-08-28	c3_bin/codmp_xboxr.xbe.c:1207300	Release invokes the typed destructor and conditionally releases through WaitTilOutput::sAllocator; emitted alias matches.
0x005EFCB0	??_E?$WaitTilOutputInst1@H@@UAEPAXI@Z	V3	PASS	ida-manual-20260828	2026-08-28	src/game/logic/g_scr.cpp:6609	Compiler-generated vector-deleting alias invokes the empty typed destructor and WaitTilOutput allocator path.
0x005EFCB0	??_E?$WaitTilOutputInst1@H@@UAEPAXI@Z	V4	PASS	ida-manual-20260828	2026-08-28	c3_bin/codmp_xboxr.xbe.c:1207300	Release invokes the typed destructor and conditionally releases through WaitTilOutput::sAllocator; emitted alias matches.
0x005EFCE0	??1?$WaitTilOutputInst1@H@@UAE@XZ	V3	PASS	ida-manual-20260828	2026-08-28	src/game/logic/g_scr.cpp:6609	Typed destructor has no payload teardown and restores the WaitTilOutput base vtable via compiler emission.
0x005EFCE0	??1?$WaitTilOutputInst1@H@@UAE@XZ	V4	PASS	ida-manual-20260828	2026-08-28	c3_bin/codmp_xboxr.xbe.c:1207310	Release typed destructor only restores the WaitTilOutput vtable; source empty destructor is equivalent.
0x005EFCF0	??0?$WaitTilOutputInst2@MI@@QAE@ABMABI@Z	V3	PASS	ida-manual-20260828	2026-08-28	src/game/logic/g_scr.cpp:6618	Two-parameter wait output constructor clears fillers, installs the typed vtable, and copies both payloads.
0x005EFCF0	??0?$WaitTilOutputInst2@MI@@QAE@ABMABI@Z	V4	PASS	ida-manual-20260828	2026-08-28	c3_bin/codmp_xboxr.xbe.c:1207318	Release initializes both fillers, vtable, float payload, and unsigned payload; source template constructor is equivalent.
0x005EFDE0	?GetSize@?$WaitTilOutputInst2@MI@@UAEHXZ	V3	PASS	ida-manual-20260828	2026-08-28	src/game/logic/g_scr.cpp:6624	Two-parameter wait output reports size two.
0x005EFDE0	?GetSize@?$WaitTilOutputInst2@MI@@UAEHXZ	V4	PASS	ida-manual-20260828	2026-08-28	c3_bin/codmp_xboxr.xbe.c:1207361	Release returns two; source matches.
0x005EFDF0	??_G?$WaitTilOutputInst2@MI@@UAEPAXI@Z	V3	PASS	ida-manual-20260828	2026-08-28	src/game/logic/g_scr.cpp:6626	Compiler-generated scalar-deleting alias invokes the empty typed destructor and WaitTilOutput allocator path.
0x005EFDF0	??_G?$WaitTilOutputInst2@MI@@UAEPAXI@Z	V4	PASS	ida-manual-20260828	2026-08-28	c3_bin/codmp_xboxr.xbe.c:1207367	Release invokes the typed destructor and conditionally releases through WaitTilOutput::sAllocator; emitted alias matches.
0x005EFDF0	??_E?$WaitTilOutputInst2@MI@@UAEPAXI@Z	V3	PASS	ida-manual-20260828	2026-08-28	src/game/logic/g_scr.cpp:6626	Compiler-generated scalar-deleting alias invokes the empty typed destructor and WaitTilOutput allocator path.
0x005EFDF0	??_E?$WaitTilOutputInst2@MI@@UAEPAXI@Z	V4	PASS	ida-manual-20260828	2026-08-28	c3_bin/codmp_xboxr.xbe.c:1207367	Release invokes the typed destructor and conditionally releases through WaitTilOutput::sAllocator; emitted alias matches.
0x005EFE20	??1?$WaitTilOutputInst2@MI@@UAE@XZ	V3	PASS	ida-manual-20260828	2026-08-28	src/game/logic/g_scr.cpp:6626	Typed destructor has no payload teardown and restores the WaitTilOutput base vtable via compiler emission.
0x005EFE20	??1?$WaitTilOutputInst2@MI@@UAE@XZ	V4	PASS	ida-manual-20260828	2026-08-28	c3_bin/codmp_xboxr.xbe.c:1207378	Release typed destructor only restores the WaitTilOutput vtable; source empty destructor is equivalent.
0x005E9490	??1AeThreadState@@UAE@XZ	V3	PASS	ida-manual-20260828	2026-08-28	src/game/logic/g_scr.cpp:393	Out-of-line destructor preserves the release virtual-base teardown body.
0x005E9490	??1AeThreadState@@UAE@XZ	V4	PASS	ida-manual-20260828	2026-08-28	c3_bin/codmp_xboxr.xbe.c:1202423	Release destructor resets the AeThreadState vtable; source emits the matching virtual destructor.
0x005E94A0	??_GAeThreadState@@UAEPAXI@Z	V3	PASS	ida-manual-20260828	2026-08-28	src/game/logic/g_scr.cpp:394	Release vector-deleting alias is represented by the same class destructor definition.
0x005E94A0	??_GAeThreadState@@UAEPAXI@Z	V4	PASS	ida-manual-20260828	2026-08-28	c3_bin/codmp_xboxr.xbe.c:1202430	Release vector-deleting destructor resets the vtable and conditionally releases through sAllocator; compiler-generated alias matches.
0x005E94A0	??_EAeThreadState@@UAEPAXI@Z	V3	PASS	ida-manual-20260828	2026-08-28	src/game/logic/g_scr.cpp:394	Release scalar-deleting alias is represented by the same class destructor definition.
0x005E94A0	??_EAeThreadState@@UAEPAXI@Z	V4	PASS	ida-manual-20260828	2026-08-28	c3_bin/codmp_xboxr.xbe.c:1202430	Release scalar-deleting destructor body is the same vtable/reset and allocator path emitted by the compiler.
0x005E9520	??3EndOnScriptNode@@SAXPAX@Z	V3	PASS	ida-manual-20260828	2026-08-28	src/game/logic/g_scr.cpp:5788	Release alias uses the EndOnScriptNode pool release body.
0x005E9520	??3EndOnScriptNode@@SAXPAX@Z	V4	PASS	ida-manual-20260828	2026-08-28	c3_bin/codmp_xboxr.xbe.c:1202458	Release body calls PoolAllocator::Release with EndOnScriptNode::sAllocator; source matches.
0x005E9600	??0vector@Broc@@QAE@QAM@Z	V3	PASS	ida-manual-20260828	2026-08-28	src/broc/Broc.cpp:335	Copy constructor copies all three vector components.
0x005E9600	??0vector@Broc@@QAE@QAM@Z	V4	PASS	ida-manual-20260828	2026-08-28	c3_bin/codmp_xboxr.xbe.c:1202504	Release copies the complete 12-byte vector; source member initialization is equivalent.
0x005E9630	??_0vector@Broc@@QAEAAU01@M@Z	V3	PASS	ida-manual-20260828	2026-08-28	src/broc/Broc.cpp:341	Compound division updates x, y, and z in release order and returns this.
0x005E9630	??_0vector@Broc@@QAEAAU01@M@Z	V4	PASS	ida-manual-20260828	2026-08-28	c3_bin/codmp_xboxr.xbe.c:1202511	Release operator/= performs the same reciprocal multiply and returns the vector reference.
0x005E9680	??Avector@Broc@@QBEMH@Z	V3	PASS	ida-manual-20260828	2026-08-28	src/broc/Broc.cpp:351	Indexed accessor returns the selected component by value.
0x005E9680	??Avector@Broc@@QBEMH@Z	V4	PASS	ida-manual-20260828	2026-08-28	c3_bin/codmp_xboxr.xbe.c:1202523	Release returns the component at (&x + i); source is identical.
0x005E97F0	??0pathnode@Broc@@QAE@XZ	V3	PASS	ida-manual-20260828	2026-08-28	src/broc/Broc.cpp:394	Default pathnode constructor initializes the handle to INVALID_PATHNODE_HANDLE.
0x005E97F0	??0pathnode@Broc@@QAE@XZ	V4	PASS	ida-manual-20260828	2026-08-28	c3_bin/codmp_xboxr.xbe.c:1202598	Release initializes mHandle to INVALID_PATHNODE_HANDLE; source matches.
0x005E9850	??0entity@Broc@@QAE@XZ	V3	PASS	ida-manual-20260828	2026-08-28	src/broc/Broc.cpp:400	Default entity constructor clears the script handle.
0x005E9850	??0entity@Broc@@QAE@XZ	V4	PASS	ida-manual-20260828	2026-08-28	c3_bin/codmp_xboxr.xbe.c:1202629	Release initializes mEntityHandle to zero; source clears ___u0.
0x00539D30	??BtlFixedString@@QBEPBDXZ	V3	PASS	ida-manual-20260828	2026-08-28	src/core/tlFixedString.h:97	Definition returns the stored string pointer with the release const conversion ABI.
0x00539D30	??BtlFixedString@@QBEPBDXZ	V4	PASS	ida-manual-20260828	2026-08-28	c3_bin/codmp_xboxr.xbe.c:1096766	Release body at 0x00539D30 returns this->str; source is identical.
0x005E9A50	??BtlFixedString@@QAEPADXZ	V3	PASS	ida-manual-20260828	2026-08-28	src/core/tlFixedString.h:103	Definition returns the stored string pointer with the release mutable conversion ABI.
0x005E9A50	??BtlFixedString@@QAEPADXZ	V4	PASS	ida-manual-20260828	2026-08-28	c3_bin/codmp_xboxr.xbe.c:1202748	Release body at 0x005E9A50 returns this->str; source is identical.
0x005E9A60	?GetHash@tlFixedString@@QBEIXZ	V3	PASS	ida-manual-20260828	2026-08-28	src/core/tlFixedString.h:109	Definition returns the stored hash value.
0x005E9A60	?GetHash@tlFixedString@@QBEIXZ	V4	PASS	ida-manual-20260828	2026-08-28	c3_bin/codmp_xboxr.xbe.c:1202754	Release body at 0x005E9A60 returns this->hash; source is identical.
0x005EE830	??0?$reserved_dlist@VAeThreadState@@@@QAE@XZ	V3	PASS	ida-manual-20260828	2026-08-28	src/game/logic/g_scr.cpp:554	Generic reserved_dlist constructor initializes size and sentinel links.
0x005EE830	??0?$reserved_dlist@VAeThreadState@@@@QAE@XZ	V4	PASS	ida-manual-20260828	2026-08-28	c3_bin/codmp_xboxr.xbe.c:1206122	Release constructor initializes m_size, m_head, m_end sentinel, and m_tail identically.
0x005EE8D0	??0?$reserved_dlist@VAeThread@@@@QAE@XZ	V3	PASS	ida-manual-20260828	2026-08-28	src/game/logic/g_scr.cpp:554	Generic reserved_dlist constructor initializes size and sentinel links.
0x005EE8D0	??0?$reserved_dlist@VAeThread@@@@QAE@XZ	V4	PASS	ida-manual-20260828	2026-08-28	c3_bin/codmp_xboxr.xbe.c:1206174	Release constructor initializes m_size, m_head, m_end sentinel, and m_tail identically.
0x005EE850	?push_back@?$reserved_dlist@VAeThreadState@@@@QAEXPAVAeThreadState@@@Z	V3	PASS	ida-manual-20260828	2026-08-28	src/game/logic/g_scr.cpp:565	Generic push_back links the node to the tail sentinel and increments size.
0x005EE850	?push_back@?$reserved_dlist@VAeThreadState@@@@QAEXPAVAeThreadState@@@Z	V4	PASS	ida-manual-20260828	2026-08-28	c3_bin/codmp_xboxr.xbe.c:1206138	Release push_back performs the same node links and size increment.
0x005EE8A0	?push_back@?$reserved_dlist@VEndOnScriptNode@@@@QAEXPAVEndOnScriptNode@@@Z	V3	PASS	ida-manual-20260828	2026-08-28	src/game/logic/g_scr.cpp:565	Generic push_back links the node to the tail sentinel and increments size.
0x005EE8A0	?push_back@?$reserved_dlist@VEndOnScriptNode@@@@QAEXPAVEndOnScriptNode@@@Z	V4	PASS	ida-manual-20260828	2026-08-28	c3_bin/codmp_xboxr.xbe.c:1206161	Release push_back performs the same node links and size increment.
0x005EE8F0	?push_back@?$reserved_dlist@VAeThread@@@@QAEXPAVAeThread@@@Z	V3	PASS	ida-manual-20260828	2026-08-28	src/game/logic/g_scr.cpp:565	Generic push_back links the node to the tail sentinel and increments size.
0x005EE8F0	?push_back@?$reserved_dlist@VAeThread@@@@QAEXPAVAeThread@@@Z	V4	PASS	ida-manual-20260828	2026-08-28	c3_bin/codmp_xboxr.xbe.c:1206189	Release push_back performs the same node links and size increment.
0x005EE880	?end@?$reserved_dlist@VAeThreadState@@@@QBE?AVconst_iterator@1@XZ	V3	PASS	ida-manual-20260828	2026-08-28	src/game/logic/g_scr.cpp:580	Generic end returns an iterator over the end sentinel.
0x005EE880	?end@?$reserved_dlist@VAeThreadState@@@@QBE?AVconst_iterator@1@XZ	V4	PASS	ida-manual-20260828	2026-08-28	c3_bin/codmp_xboxr.xbe.c:1206151	Release end constructs the same sentinel iterator.
0x005EE920	?pop_back@?$reserved_dlist@VAeThread@@@@QAEPAVAeThread@@XZ	V3	PASS	ida-manual-20260828	2026-08-28	src/game/logic/g_scr.cpp:589	Generic pop_back handles the empty sentinel, relinks the predecessor, decrements size, and returns the object.
0x005EE920	?pop_back@?$reserved_dlist@VAeThread@@@@QAEPAVAeThread@@XZ	V4	PASS	ida-manual-20260828	2026-08-28	c3_bin/codmp_xboxr.xbe.c:1206202	Release pop_back has the same empty check, relink, decrement, and node conversion.
0x005EEC00	?find@?$reserved_dlist@VAeThreadState@@@@QAE?AViterator@1@PAVAeThreadState@@@Z	V3	PASS	ida-manual-20260828	2026-08-28	src/game/logic/g_scr.cpp:605	Generic find walks the reserved list and returns an iterator for the object.
0x005EEC00	?find@?$reserved_dlist@VAeThreadState@@@@QAE?AViterator@1@PAVAeThreadState@@@Z	V4	PASS	ida-manual-20260828	2026-08-28	c3_bin/codmp_xboxr.xbe.c:1206367	Release find uses the same node traversal and iterator construction.
0x005EEC60	?find@?$reserved_dlist@VEndOnScriptNode@@@@QAE?AViterator@1@PAVEndOnScriptNode@@@Z	V3	PASS	ida-manual-20260828	2026-08-28	src/game/logic/g_scr.cpp:605	Generic find walks the reserved list and returns an iterator for the object.
0x005EEC60	?find@?$reserved_dlist@VEndOnScriptNode@@@@QAE?AViterator@1@PAVEndOnScriptNode@@@Z	V4	PASS	ida-manual-20260828	2026-08-28	c3_bin/codmp_xboxr.xbe.c:1206402	Release find uses the same node traversal and iterator construction.
0x005EECB0	?find@?$reserved_dlist@VAeThread@@@@QAE?AViterator@1@PAVAeThread@@@Z	V3	PASS	ida-manual-20260828	2026-08-28	src/game/logic/g_scr.cpp:605	Generic find walks the reserved list and returns an iterator for the object.
0x005EECB0	?find@?$reserved_dlist@VAeThread@@@@QAE?AViterator@1@PAVAeThread@@@Z	V4	PASS	ida-manual-20260828	2026-08-28	c3_bin/codmp_xboxr.xbe.c:1206435	Release find uses the same node traversal and iterator construction.
0x005EF770	?erase@?$reserved_dlist@VAeThreadState@@@@QAEXPAVAeThreadState@@@Z	V3	PASS	ida-manual-20260828	2026-08-28	src/game/logic/g_scr.cpp:807	Generic erase finds the node, preserves the assert on missing objects, relinks neighbors, and decrements size.
0x005EF770	?erase@?$reserved_dlist@VAeThreadState@@@@QAEXPAVAeThreadState@@@Z	V4	PASS	ida-manual-20260828	2026-08-28	c3_bin/codmp_xboxr.xbe.c:1207072	Release erase has the same find/assert/relink/decrement behavior.
0x005EF860	?erase@?$reserved_dlist@VEndOnScriptNode@@@@QAEXPAVEndOnScriptNode@@@Z	V3	PASS	ida-manual-20260828	2026-08-28	src/game/logic/g_scr.cpp:807	Generic erase finds the node, preserves the assert on missing objects, relinks neighbors, and decrements size.
0x005EF860	?erase@?$reserved_dlist@VEndOnScriptNode@@@@QAEXPAVEndOnScriptNode@@@Z	V4	PASS	ida-manual-20260828	2026-08-28	c3_bin/codmp_xboxr.xbe.c:1207116	Release erase has the same find/assert/relink/decrement behavior.
0x005EF900	?erase@?$reserved_dlist@VAeThread@@@@QAEXPAVAeThread@@@Z	V3	PASS	ida-manual-20260828	2026-08-28	src/game/logic/g_scr.cpp:807	Generic erase finds the node, preserves the assert on missing objects, relinks neighbors, and decrements size.
0x005EF900	?erase@?$reserved_dlist@VAeThread@@@@QAEXPAVAeThread@@@Z	V4	PASS	ida-manual-20260828	2026-08-28	c3_bin/codmp_xboxr.xbe.c:1207135	Release erase has the same find/assert/relink/decrement behavior.
0x005EF810	?begin@?$reserved_dlist@VAeThreadState@@@@QBE?AVconst_iterator@1@XZ	V3	PASS	ida-manual-20260828	2026-08-28	src/game/logic/g_scr.cpp:824	Generic begin handles the empty sentinel and returns the head iterator.
0x005EF810	?begin@?$reserved_dlist@VAeThreadState@@@@QBE?AVconst_iterator@1@XZ	V4	PASS	ida-manual-20260828	2026-08-28	c3_bin/codmp_xboxr.xbe.c:1207091	Release begin has the same head/next and empty-sentinel behavior.
0x005F0A80	??$entity_set_field@M$0DBM@$0A@@BrocSys@@YAXIM@Z	V3	PASS	ida-manual-20260828	2026-08-28	src/game/logic/g_scr.cpp:25843	Entity float setter resolves the handle, dispatches the typed callback when present, otherwise stores at the release offset, and preserves the null assert.
0x005F0A80	??$entity_set_field@M$0DBM@$0A@@BrocSys@@YAXIM@Z	V4	PASS	ida-manual-20260828	2026-08-28	c3_bin/codmp_xboxr.xbe.c:1207863	Release body matches handle resolution, callback/fallback store, and null warning behavior.
0x005F0B50	??$entity_get_field@M$0DBM@$0A@@BrocSys@@YAMI@Z	V3	PASS	ida-manual-20260828	2026-08-28	src/game/logic/g_scr.cpp:25877	Entity float getter resolves the handle, dispatches the typed callback when present, otherwise loads at the release offset, and preserves the null assert.
0x005F0B50	??$entity_get_field@M$0DBM@$0A@@BrocSys@@YAMI@Z	V4	PASS	ida-manual-20260828	2026-08-28	c3_bin/codmp_xboxr.xbe.c:1207892	Release body matches handle resolution, callback/fallback load, and null warning behavior.
0x005F0C10	??$entity_set_field@M$0DCA@$0A@@BrocSys@@YAXIM@Z	V3	PASS	ida-manual-20260828	2026-08-28	src/game/logic/g_scr.cpp:25843	Entity float setter resolves the handle, dispatches the typed callback when present, otherwise stores at the release offset, and preserves the null assert.
0x005F0C10	??$entity_set_field@M$0DCA@$0A@@BrocSys@@YAXIM@Z	V4	PASS	ida-manual-20260828	2026-08-28	c3_bin/codmp_xboxr.xbe.c:1207926	Release body matches handle resolution, callback/fallback store, and null warning behavior.
0x005F0CE0	??$entity_get_field@M$0DCA@$0A@@BrocSys@@YAMI@Z	V3	PASS	ida-manual-20260828	2026-08-28	src/game/logic/g_scr.cpp:25877	Entity float getter resolves the handle, dispatches the typed callback when present, otherwise loads at the release offset, and preserves the null assert.
0x005F0CE0	??$entity_get_field@M$0DCA@$0A@@BrocSys@@YAMI@Z	V4	PASS	ida-manual-20260828	2026-08-28	c3_bin/codmp_xboxr.xbe.c:1207955	Release body matches handle resolution, callback/fallback load, and null warning behavior.
0x005F12C0	??$entity_set_field@Vstring@Broc@@$0DBI@$0A@@BrocSys@@YAXIVstring@Broc@@@Z	V3	PASS	ida-manual-20260828	2026-08-28	src/game/logic/g_scr.cpp:25843	Entity string setter resolves the handle, dispatches the typed callback when present, otherwise stores at the release offset, and preserves the null assert.
0x005F12C0	??$entity_set_field@Vstring@Broc@@$0DBI@$0A@@BrocSys@@YAXIVstring@Broc@@@Z	V4	PASS	ida-manual-20260828	2026-08-28	c3_bin/codmp_xboxr.xbe.c:1208127	Release body matches handle resolution, callback/fallback store, and null warning behavior.
0x005F13E0	??$entity_get_field@Vstring@Broc@@$0DBI@$0A@@BrocSys@@YA?AVstring@Broc@@I@Z	V3	PASS	ida-manual-20260828	2026-08-28	src/game/logic/g_scr.cpp:25877	Entity string getter resolves the handle, dispatches the typed callback when present, otherwise loads at the release offset, and preserves the null assert.
0x005F13E0	??$entity_get_field@Vstring@Broc@@$0DBI@$0A@@BrocSys@@YA?AVstring@Broc@@I@Z	V4	PASS	ida-manual-20260828	2026-08-28	c3_bin/codmp_xboxr.xbe.c:1208157	Release body matches handle resolution, callback/fallback load, and null warning behavior.
0x005F1550	??$entity_set_field@M$0DIA@$0A@@BrocSys@@YAXIM@Z	V3	PASS	ida-manual-20260828	2026-08-28	src/game/logic/g_scr.cpp:25843	Entity float setter resolves the handle, dispatches the typed callback when present, otherwise stores at the release offset, and preserves the null assert.
0x005F1550	??$entity_set_field@M$0DIA@$0A@@BrocSys@@YAXIM@Z	V4	PASS	ida-manual-20260828	2026-08-28	c3_bin/codmp_xboxr.xbe.c:1208196	Release body matches handle resolution, callback/fallback store, and null warning behavior.
0x005F1620	??$entity_get_field@M$0DIA@$0A@@BrocSys@@YAMI@Z	V3	PASS	ida-manual-20260828	2026-08-28	src/game/logic/g_scr.cpp:25877	Entity float getter resolves the handle, dispatches the typed callback when present, otherwise loads at the release offset, and preserves the null assert.
0x005F1620	??$entity_get_field@M$0DIA@$0A@@BrocSys@@YAMI@Z	V4	PASS	ida-manual-20260828	2026-08-28	c3_bin/codmp_xboxr.xbe.c:1208225	Release body matches handle resolution, callback/fallback load, and null warning behavior.
0x005F16E0	??$entity_set_field@M$0DIE@$0A@@BrocSys@@YAXIM@Z	V3	PASS	ida-manual-20260828	2026-08-28	src/game/logic/g_scr.cpp:25843	Entity float setter resolves the handle, dispatches the typed callback when present, otherwise stores at the release offset, and preserves the null assert.
0x005F16E0	??$entity_set_field@M$0DIE@$0A@@BrocSys@@YAXIM@Z	V4	PASS	ida-manual-20260828	2026-08-28	c3_bin/codmp_xboxr.xbe.c:1208259	Release body matches handle resolution, callback/fallback store, and null warning behavior.
0x005F17B0	??$entity_get_field@M$0DIE@$0A@@BrocSys@@YAMI@Z	V3	PASS	ida-manual-20260828	2026-08-28	src/game/logic/g_scr.cpp:25877	Entity float getter resolves the handle, dispatches the typed callback when present, otherwise loads at the release offset, and preserves the null assert.
0x005F17B0	??$entity_get_field@M$0DIE@$0A@@BrocSys@@YAMI@Z	V4	PASS	ida-manual-20260828	2026-08-28	c3_bin/codmp_xboxr.xbe.c:1208288	Release body matches handle resolution, callback/fallback load, and null warning behavior.
0x005F1870	??$entity_set_field@H$0DGM@$0A@@BrocSys@@YAXIH@Z	V3	PASS	ida-manual-20260828	2026-08-28	src/game/logic/g_scr.cpp:25843	Entity integer setter resolves the handle, dispatches the typed callback when present, otherwise stores at the release offset, and preserves the null assert.
0x005F1870	??$entity_set_field@H$0DGM@$0A@@BrocSys@@YAXIH@Z	V4	PASS	ida-manual-20260828	2026-08-28	c3_bin/codmp_xboxr.xbe.c:1208322	Release body matches handle resolution, callback/fallback store, and null warning behavior.
0x005F1940	??$entity_get_field@H$0DGM@$0A@@BrocSys@@YAHI@Z	V3	PASS	ida-manual-20260828	2026-08-28	src/game/logic/g_scr.cpp:25877	Entity integer getter resolves the handle, dispatches the typed callback when present, otherwise loads at the release offset, and preserves the null assert.
0x005F1940	??$entity_get_field@H$0DGM@$0A@@BrocSys@@YAHI@Z	V4	PASS	ida-manual-20260828	2026-08-28	c3_bin/codmp_xboxr.xbe.c:1208351	Release body matches handle resolution, callback/fallback load, and null warning behavior.
0x005ED290	??$pnode_set_field@Vstring@Broc@@$0CI@$0CE@@BrocSys@@YAXHVstring@Broc@@@Z	V3	PASS	ida-manual-20260828	2026-08-28	src/game/logic/g_scr.cpp:26092	Path-node string setter resolves the node, preserves both release warnings, dispatches PathNode_SetType when available, and otherwise assigns the type string.
0x005ED290	??$pnode_set_field@Vstring@Broc@@$0CI@$0CE@@BrocSys@@YAXHVstring@Broc@@@Z	V4	PASS	ida-manual-20260828	2026-08-28	c3_bin/codmp_xboxr.xbe.c:1205207	Release body matches node resolution, warning/assert sequence, callback fallback, and string cleanup.
0x005ED3D0	??$pnode_get_field@Vstring@Broc@@$0CI@$0CF@@BrocSys@@YA?AVstring@Broc@@H@Z	V3	PASS	ida-manual-20260828	2026-08-28	src/game/logic/g_scr.cpp:26148	Path-node string getter resolves the node, preserves the null warning, dispatches PathNode_GetType when available, and otherwise reads the type table.
0x005ED3D0	??$pnode_get_field@Vstring@Broc@@$0CI@$0CF@@BrocSys@@YA?AVstring@Broc@@H@Z	V4	PASS	ida-manual-20260828	2026-08-28	c3_bin/codmp_xboxr.xbe.c:1205243	Release body matches node resolution, null warning, callback value lifetime, and type-table fallback.
0x005EA400	??Econst_iterator@?$reserved_dlist@VAeThread@@@@QAEAAV01@XZ	V3	PASS	ida-manual-20260828	2026-08-28	src/game/logic/g_scr.cpp:700	Const iterator increment preserves the release null-next assert and advances node/next links.
0x005EA400	??Econst_iterator@?$reserved_dlist@VAeThread@@@@QAEAAV01@XZ	V4	PASS	ida-manual-20260828	2026-08-28	c3_bin/codmp_xboxr.xbe.c:1203226	Release operator++ has the same assert and link advancement.
0x005EACD0	?get_head@?$reserved_dlist@VAeThreadState@@@@QBEPBUdlist_node@1@XZ	V3	PASS	ida-manual-20260828	2026-08-28	src/game/logic/g_scr.cpp:720	Const get_head returns the list head pointer directly.
0x005EACD0	?get_head@?$reserved_dlist@VAeThreadState@@@@QBEPBUdlist_node@1@XZ	V4	PASS	ida-manual-20260828	2026-08-28	c3_bin/codmp_xboxr.xbe.c:1203753	Release get_head returns m_head directly.
0x005EE960	??Diterator@?$reserved_dlist@VAeThreadState@@@@QAEPAVAeThreadState@@XZ	V3	PASS	ida-manual-20260828	2026-08-28	repo source reserved_dlist iterator dereference converts the node to the containing AeThreadState object.
0x005EE960	??Diterator@?$reserved_dlist@VAeThreadState@@@@QAEPAVAeThreadState@@XZ	V4	PASS	ida-manual-20260828	2026-08-28	c3_bin/codmp_xboxr.xbe.c:1206225	Release dereference returns the containing AeThreadState node object with the same layout conversion.
0x005EEA50	??Dconst_iterator@?$reserved_dlist@VAeThreadState@@@@QBEPBVAeThreadState@@XZ	V3	PASS	ida-manual-20260828	2026-08-28	repo source const iterator dereference converts the node to the containing AeThreadState object.
0x005EEA50	??Dconst_iterator@?$reserved_dlist@VAeThreadState@@@@QBEPBVAeThreadState@@XZ	V4	PASS	ida-manual-20260828	2026-08-28	c3_bin/codmp_xboxr.xbe.c:1206263	Release const dereference returns the containing AeThreadState node object with the same layout conversion.
0x005EEA60	??9const_iterator@?$reserved_dlist@VAeThreadState@@@@QBE_NABV01@@Z	V3	PASS	ida-manual-20260828	2026-08-28	repo source const iterator inequality compares m_next pointers.
0x005EEA60	??9const_iterator@?$reserved_dlist@VAeThreadState@@@@QBE_NABV01@@Z	V4	PASS	ida-manual-20260828	2026-08-28	c3_bin/codmp_xboxr.xbe.c:1206270	Release inequality compares m_next pointers identically.
0x005EEA90	??Dconst_iterator@?$reserved_dlist@VAeThread@@@@QBEPBVAeThread@@XZ	V3	PASS	ida-manual-20260828	2026-08-28	repo source const iterator dereference converts the node to the containing AeThread object.
0x005EEA90	??Dconst_iterator@?$reserved_dlist@VAeThread@@@@QBEPBVAeThread@@XZ	V4	PASS	ida-manual-20260828	2026-08-28	c3_bin/codmp_xboxr.xbe.c:1206278	Release const dereference returns the containing AeThread node object with the same layout conversion.
0x005EEAA0	??9const_iterator@?$reserved_dlist@VAeThread@@@@QBE_NABV01@@Z	V3	PASS	ida-manual-20260828	2026-08-28	repo source const iterator inequality compares m_next pointers.
0x005EEAA0	??9const_iterator@?$reserved_dlist@VAeThread@@@@QBE_NABV01@@Z	V4	PASS	ida-manual-20260828	2026-08-28	c3_bin/codmp_xboxr.xbe.c:1206285	Release inequality compares m_next pointers identically.
0x005EE7F0	??Y?$ae_fixed_string@$0EA@E@@QAEAAV0@PBD@Z	V3	PASS	ida-manual-20260828	2026-08-28	src/core/ae_fixed_string.h:120	Fixed-string append calls AeStringSupport::Concat with the tracked length and byte capacity, matching the release helper path.
0x005EE7F0	??Y?$ae_fixed_string@$0EA@E@@QAEAAV0@PBD@Z	V4	PASS	ida-manual-20260828	2026-08-28	c3_bin/codmp_xboxr.xbe.c:1206109	Release ae_fixed_string<64,unsigned char>::operator+= calls Concat with capacity 63, stores the returned length, and returns this.
0x005EEB80	??Y?$ae_fixed_string@$0BAA@G@@QAEAAV0@PBD@Z	V3	PASS	ida-manual-20260828	2026-08-28	src/core/ae_fixed_string.h:120	Fixed-string append calls AeStringSupport::Concat with the tracked length and byte capacity, matching the release helper path.
0x005EEB80	??Y?$ae_fixed_string@$0BAA@G@@QAEAAV0@PBD@Z	V4	PASS	ida-manual-20260828	2026-08-28	c3_bin/codmp_xboxr.xbe.c:1206340	Release ae_fixed_string<256,unsigned short>::operator+= calls Concat with capacity 254, stores the returned length, and returns this.
0x005EA9B0	??0?$SizedHandle@$07$0BI@@@QAE@HH@Z	V3	PASS	ida-manual-20260828	2026-08-28	src/game/logic/g_scr.cpp:3552	SizedHandle constructor initializes mVal, preserves the release index/key range asserts, then packs key and index into mVal.
0x005EA9B0	??0?$SizedHandle@$07$0BI@@@QAE@HH@Z	V4	PASS	ida-manual-20260828	2026-08-28	c3_bin/codmp_xboxr.xbe.c:1203544	Release validates index and key with Handle.h lines 49/50, then performs the same packed assignment.
0x005EA070	?capacity@?$ae_array@VHashString@@$03@@QBEHXZ	V3	PASS	ida-manual-20260828	2026-08-28	src/game/logic/g_scr.cpp:223	The HashString array capacity helper returns the compile-time capacity four.
0x005EA070	?capacity@?$ae_array@VHashString@@$03@@QBEHXZ	V4	PASS	ida-manual-20260828	2026-08-28	c3_bin/codmp_xboxr.xbe.c:1203040	Release capacity returns four.
0x005EA080	??A?$ae_array@VHashString@@$03@@QAEAAVHashString@@H@Z	V3	PASS	ida-manual-20260828	2026-08-28	src/game/logic/g_scr.cpp:226	HashString array indexing preserves the release bounds assert metadata and returns the indexed element.
0x005EA080	??A?$ae_array@VHashString@@$03@@QAEAAVHashString@@H@Z	V4	PASS	ida-manual-20260828	2026-08-28	c3_bin/codmp_xboxr.xbe.c:1203046	Release checks idx against four with ae_array.h line 31 and returns the indexed element.
0x005EAB50	??0const_iterator@?$reserved_dlist@VAeThreadState@@@@QAE@PBUdlist_node@1@0@Z	V3	PASS	ida-manual-20260828	2026-08-28	src/game/logic/g_scr.cpp:680	Const-iterator node/next constructor stores both release iterator pointers.
0x005EAB50	??0const_iterator@?$reserved_dlist@VAeThreadState@@@@QAE@PBUdlist_node@1@0@Z	V4	PASS	ida-manual-20260828	2026-08-28	c3_bin/codmp_xboxr.xbe.c:1203631	Release constructor assigns m_node from cur and m_next from next.
0x005EAB70	?compare@const_iterator@?$reserved_dlist@VAeThreadState@@@@QBE_NABV12@@Z	V3	PASS	ida-manual-20260828	2026-08-28	src/game/logic/g_scr.cpp:711	Const-iterator comparison returns equality of the m_next sentinel pointers.
0x005EAB70	?compare@const_iterator@?$reserved_dlist@VAeThreadState@@@@QBE_NABV12@@Z	V4	PASS	ida-manual-20260828	2026-08-28	c3_bin/codmp_xboxr.xbe.c:1203642	Release AeThreadState const-iterator compare checks rhs m_next against this m_next.
0x005EAB90	?compare@const_iterator@?$reserved_dlist@VAeThread@@@@QBE_NABV12@@Z	V3	PASS	ida-manual-20260828	2026-08-28	src/game/logic/g_scr.cpp:711	Const-iterator comparison returns equality of the m_next sentinel pointers.
0x005EAB90	?compare@const_iterator@?$reserved_dlist@VAeThread@@@@QBE_NABV12@@Z	V4	PASS	ida-manual-20260828	2026-08-28	c3_bin/codmp_xboxr.xbe.c:1203650	Release AeThread const-iterator compare checks rhs m_next against this m_next.
0x005EA030	??0dlist_node@?$reserved_dlist@VAeThreadState@@@@QAE@PAU01@0@Z	V3	PASS	ida-manual-20260828	2026-08-28	src/game/logic/g_scr.cpp:521	Intrusive-list node constructor stores next and previous links in the local ABI twin.
0x005EA030	??0dlist_node@?$reserved_dlist@VAeThreadState@@@@QAE@PAU01@0@Z	V4	PASS	ida-manual-20260828	2026-08-28	c3_bin/codmp_xboxr.xbe.c:1203018	Release AeThreadState node constructor assigns m_next and m_prev from its two link arguments.
0x005EA050	??0dlist_node@?$reserved_dlist@VEndOnScriptNode@@@@QAE@PAU01@0@Z	V3	PASS	ida-manual-20260828	2026-08-28	src/game/logic/g_scr.cpp:521	Intrusive-list node constructor stores next and previous links in the local ABI twin.
0x005EA050	??0dlist_node@?$reserved_dlist@VEndOnScriptNode@@@@QAE@PAU01@0@Z	V4	PASS	ida-manual-20260828	2026-08-28	c3_bin/codmp_xboxr.xbe.c:1203029	Release EndOnScriptNode node constructor assigns m_next and m_prev from its two link arguments.
0x005EA100	??0dlist_node@?$reserved_dlist@VAeThread@@@@QAE@PAU01@0@Z	V3	PASS	ida-manual-20260828	2026-08-28	src/game/logic/g_scr.cpp:521	Intrusive-list node constructor stores next and previous links in the local ABI twin.
0x005EA100	??0dlist_node@?$reserved_dlist@VAeThread@@@@QAE@PAU01@0@Z	V4	PASS	ida-manual-20260828	2026-08-28	c3_bin/codmp_xboxr.xbe.c:1203061	Release AeThread node constructor assigns m_next and m_prev from its two link arguments.
0x005EA120	??A?$ae_sized_array@V?$ae_pair@PAXI@@$0P@@@QAEAAV?$ae_pair@PAXI@@H@Z	V3	PASS	ida-manual-20260828	2026-08-28	src/core/ae_array.h:48	Sized-array unsigned indexing preserves the release capacity assert and returns the indexed element.
0x005EA120	??A?$ae_sized_array@V?$ae_pair@PAXI@@$0P@@@QAEAAV?$ae_pair@PAXI@@H@Z	V4	PASS	ida-manual-20260828	2026-08-28	c3_bin/codmp_xboxr.xbe.c:1203072	Release indexing checks the fifteen-element bound and returns the selected pair.
0x005EA1A0	?size@?$ae_sized_array@V?$ae_pair@PAXI@@$0P@@@QBEHXZ	V3	PASS	ida-manual-20260828	2026-08-28	src/core/ae_array.h:42	Sized-array size returns the stored m_size field.
0x005EA1A0	?size@?$ae_sized_array@V?$ae_pair@PAXI@@$0P@@@QBEHXZ	V4	PASS	ida-manual-20260828	2026-08-28	c3_bin/codmp_xboxr.xbe.c:1203089	Release size returns the stored m_size field.
0x005EA1B0	?push_back@?$ae_sized_array@V?$ae_pair@PAXI@@$0P@@@QAEXABV?$ae_pair@PAXI@@@Z	V3	PASS	ida-manual-20260828	2026-08-28	src/core/ae_array.h:85	Sized-array push_back enforces capacity, copies the element, and increments m_size.
0x005EA1B0	?push_back@?$ae_sized_array@V?$ae_pair@PAXI@@$0P@@@QAEXABV?$ae_pair@PAXI@@@Z	V4	PASS	ida-manual-20260828	2026-08-28	c3_bin/codmp_xboxr.xbe.c:1203096	Release push_back checks capacity, stores the pair, and increments m_size.
0x005EA2B0	??A?$InplaceVector@VBspCell@@@@QAEAAVBspCell@@I@Z	V3	PASS	ida-manual-20260828	2026-08-28	src/game/game_types.h:192	InplaceVector indexing checks mSize, records the release assert metadata, clamps invalid indices to zero, and returns the cell.
0x005EA2B0	??A?$InplaceVector@VBspCell@@@@QAEAAVBspCell@@I@Z	V4	PASS	ida-manual-20260828	2026-08-28	c3_bin/codmp_xboxr.xbe.c:1203168	Release BspCell indexing performs the InplaceVector bounds assert and returns element zero after an invalid index.
0x005EA340	??0?$IVPointer@VDestructible@@@@QAE@XZ	V3	PASS	ida-manual-20260828	2026-08-28	src/game/game_types.h:222	IVPointer default construction initializes the pointer to null and the pak id to PAK_ID_INVALID.
0x005EA340	??0?$IVPointer@VDestructible@@@@QAE@XZ	V4	PASS	ida-manual-20260828	2026-08-28	c3_bin/codmp_xboxr.xbe.c:1203188	Release Destructible IVPointer constructor sets mValue to null and mPakId to PAK_ID_INVALID.
0x005EA480	??0?$ae_sized_array@PAVAeThread@@$0EA@@@QAE@XZ	V3	PASS	ida-manual-20260828	2026-08-28	src/core/ae_array.h:40	AeThread sized-array constructor initializes m_size to zero.
0x005EA480	??0?$ae_sized_array@PAVAeThread@@$0EA@@@QAE@XZ	V4	PASS	ida-manual-20260828	2026-08-28	c3_bin/codmp_xboxr.xbe.c:1203247	Release AeThread sized-array constructor initializes m_size to zero and returns this.
0x005EA490	?empty@?$ae_sized_array@PAVAeThread@@$0EA@@@QBE_NXZ	V3	PASS	ida-manual-20260828	2026-08-28	src/core/ae_array.h:45	AeThread sized-array empty test compares m_size with zero.
0x005EA490	?empty@?$ae_sized_array@PAVAeThread@@$0EA@@@QBE_NXZ	V4	PASS	ida-manual-20260828	2026-08-28	c3_bin/codmp_xboxr.xbe.c:1203255	Release AeThread sized-array empty test returns whether m_size is zero.
0x005EA4B0	?push_back@?$ae_sized_array@PAVAeThread@@$0EA@@@QAEXABQAVAeThread@@@Z	V3	PASS	ida-manual-20260828	2026-08-28	src/core/ae_array.h:87	AeThread sized-array push_back asserts capacity, stores the pointer, and increments m_size.
0x005EA4B0	?push_back@?$ae_sized_array@PAVAeThread@@$0EA@@@QAEXABQAVAeThread@@@Z	V4	PASS	ida-manual-20260828	2026-08-28	c3_bin/codmp_xboxr.xbe.c:1203261	Release AeThread sized-array push_back checks capacity, stores the pointer, and increments m_size.
0x005EA540	?pop_back@?$ae_sized_array@PAVAeThread@@$0EA@@@QAEAAPAVAeThread@@XZ	V3	PASS	ida-manual-20260828	2026-08-28	src/core/ae_array.h:105	AeThread sized-array pop_back decrements non-empty m_size and returns the element slot.
0x005EA540	?pop_back@?$ae_sized_array@PAVAeThread@@$0EA@@@QAEAAPAVAeThread@@XZ	V4	PASS	ida-manual-20260828	2026-08-28	c3_bin/codmp_xboxr.xbe.c:1203283	Release AeThread sized-array pop_back decrements non-empty m_size and returns the element slot.
0x005EA240	??0?$ae_pair@PAXI@@QAE@ABQAXABI@Z	V3	PASS	ida-manual-20260828	2026-08-28	src/game/logic/g_local.h:96	The pointer/size pair constructor copies both scalar fields from its references.
0x005EA240	??0?$ae_pair@PAXI@@QAE@ABQAXABI@Z	V4	PASS	ida-manual-20260828	2026-08-28	c3_bin/codmp_xboxr.xbe.c:1203120	Release pointer/size pair construction copies the supplied pair values.
0x005EA570	??0?$DbLinkedHandle@VAeThreadManager@@VAeThread@@@@QAE@H@Z	V3	PASS	ida-manual-20260828	2026-08-28	src/game/game_types.h:121	AeThread manager linked-handle integer construction stores the handle value.
0x005EA570	??0?$DbLinkedHandle@VAeThreadManager@@VAeThread@@@@QAE@H@Z	V4	PASS	ida-manual-20260828	2026-08-28	c3_bin/codmp_xboxr.xbe.c:1203294	Release linked-handle integer construction assigns the incoming value to mVal.
0x005EA590	??0?$DbLinkedHandle@VAeThreadManager@@VAeThread@@@@QAE@VHandle@@@Z	V3	PASS	ida-manual-20260828	2026-08-28	src/game/game_types.h:123	AeThread manager linked-handle Handle construction copies the wrapped mVal.
0x005EA590	??0?$DbLinkedHandle@VAeThreadManager@@VAeThread@@@@QAE@VHandle@@@Z	V4	PASS	ida-manual-20260828	2026-08-28	c3_bin/codmp_xboxr.xbe.c:1203303	Release linked-handle Handle construction copies the source Handle mVal.
0x005EA5B0	??0?$ae_array_dynamic@PAVAnimBroRef@@@@QAE@XZ	V3	PASS	ida-manual-20260828	2026-08-28	src/game/logic/g_scr.cpp:9176	Animation-reference dynamic array construction clears its pointer, capacity, and size.
0x005EA5B0	??0?$ae_array_dynamic@PAVAnimBroRef@@@@QAE@XZ	V4	PASS	ida-manual-20260828	2026-08-28	c3_bin/codmp_xboxr.xbe.c:1203312	Release animation-reference dynamic array construction clears all three storage fields.
0x005EA5D0	??1?$ae_array_dynamic@PAVAnimBroRef@@@@QAE@XZ	V3	PASS	ida-manual-20260828	2026-08-28	src/game/logic/g_scr.cpp:9178	Animation-reference dynamic array destruction frees its element allocation.
0x005EA5D0	??1?$ae_array_dynamic@PAVAnimBroRef@@@@QAE@XZ	V4	PASS	ida-manual-20260828	2026-08-28	c3_bin/codmp_xboxr.xbe.c:1203322	Release animation-reference dynamic array destruction calls mem_heap_free on m_elements.
0x005EA5E0	?push_back@?$ae_array_dynamic@PAVAnimBroRef@@@@QAEXABQAVAnimBroRef@@@Z	V3	PASS	ida-manual-20260828	2026-08-28	src/game/logic/g_scr.cpp:9180	Animation-reference dynamic push_back enforces capacity, stores the pointer, and increments size.
0x005EA5E0	?push_back@?$ae_array_dynamic@PAVAnimBroRef@@@@QAEXABQAVAnimBroRef@@@Z	V4	PASS	ida-manual-20260828	2026-08-28	c3_bin/codmp_xboxr.xbe.c:1203328	Release animation-reference dynamic push_back checks capacity, stores the pointer, and increments size.
0x005EA680	?size@?$ae_sized_array@Ventity@Broc@@$0CAA@@@QBEHXZ	V3	PASS	ida-manual-20260828	2026-08-28	src/core/ae_array.h:43	Broc entity sized-array size returns m_size.
0x005EA680	?size@?$ae_sized_array@Ventity@Broc@@$0CAA@@@QBEHXZ	V4	PASS	ida-manual-20260828	2026-08-28	c3_bin/codmp_xboxr.xbe.c:1203350	Release Broc entity sized-array size returns m_size.
0x005EA690	?push_back@?$ae_sized_array@Ventity@Broc@@$0CAA@@@QAEXABVentity@Broc@@@Z	V3	PASS	ida-manual-20260828	2026-08-28	src/core/ae_array.h:89	Broc entity sized-array push_back enforces capacity, copies the entity, and increments m_size.
0x005EA690	?push_back@?$ae_sized_array@Ventity@Broc@@$0CAA@@@QAEXABVentity@Broc@@@Z	V4	PASS	ida-manual-20260828	2026-08-28	c3_bin/codmp_xboxr.xbe.c:1203356	Release Broc entity sized-array push_back checks capacity, stores the entity handle, and increments m_size.
0x005EA730	??Dconst_iterator@?$ae_sized_array@Ventity@Broc@@$0CAA@@@QBEABVentity@Broc@@XZ	V3	PASS	ida-manual-20260828	2026-08-28	src/core/ae_array.h:147	Broc entity const iterator dereference returns the pointed element.
0x005EA730	??Dconst_iterator@?$ae_sized_array@Ventity@Broc@@$0CAA@@@QBEABVentity@Broc@@XZ	V4	PASS	ida-manual-20260828	2026-08-28	c3_bin/codmp_xboxr.xbe.c:1203380	Release Broc entity const iterator dereference returns m_ptr.
0x005EA740	??Econst_iterator@?$ae_sized_array@Ventity@Broc@@$0CAA@@@QAEAAV01@XZ	V3	PASS	ida-manual-20260828	2026-08-28	src/core/ae_array.h:150	Broc entity const iterator increment advances m_ptr and returns the iterator.
0x005EA740	??Econst_iterator@?$ae_sized_array@Ventity@Broc@@$0CAA@@@QAEAAV01@XZ	V4	PASS	ida-manual-20260828	2026-08-28	c3_bin/codmp_xboxr.xbe.c:1203387	Release Broc entity const iterator increment advances m_ptr and returns this.
0x005EA750	??9const_iterator@?$ae_sized_array@Ventity@Broc@@$0CAA@@@QBE_NV01@@Z	V3	PASS	ida-manual-20260828	2026-08-28	src/core/ae_array.h:152	Broc entity const iterator inequality compares the element pointers.
0x005EA750	??9const_iterator@?$ae_sized_array@Ventity@Broc@@$0CAA@@@QBE_NV01@@Z	V4	PASS	ida-manual-20260828	2026-08-28	c3_bin/codmp_xboxr.xbe.c:1203395	Release Broc entity const iterator inequality compares rhs and lhs m_ptr.
0x005EA770	??0?$ae_pair@HPAX@@QAE@ABHABQAX@Z	V3	PASS	ida-manual-20260828	2026-08-28	src/game/logic/g_local.h:97	Integer/pointer pair construction copies both scalar fields from references.
0x005EA770	??0?$ae_pair@HPAX@@QAE@ABHABQAX@Z	V4	PASS	ida-manual-20260828	2026-08-28	c3_bin/codmp_xboxr.xbe.c:1203403	Release integer/pointer pair construction copies the supplied pair values.
0x005EA790	?size@?$InplaceVector@V?$InplaceTreeElement@VInplaceString@@V1@@@@@QBEIXZ	V3	PASS	ida-manual-20260828	2026-08-28	src/game/game_types.h:227	InplaceString tree-element vector size returns mSize.
0x005EA790	?size@?$InplaceVector@V?$InplaceTreeElement@VInplaceString@@V1@@@@@QBEIXZ	V4	PASS	ida-manual-20260828	2026-08-28	c3_bin/codmp_xboxr.xbe.c:1203413	Release InplaceString tree-element vector size returns mSize.
0x005EA7A0	??A?$InplaceVector@V?$InplaceTreeElement@VInplaceString@@V1@@@@@QBEABV?$InplaceTreeElement@VInplaceString@@V1@@@I@Z	V3	PASS	ida-manual-20260828	2026-08-28	src/game/game_types.h:210	InplaceString tree-element const indexing performs the release bounds assert, clamps invalid indices, and returns mList[index].
0x005EA7A0	??A?$InplaceVector@V?$InplaceTreeElement@VInplaceString@@V1@@@@@QBEABV?$InplaceTreeElement@VInplaceString@@V1@@@I@Z	V4	PASS	ida-manual-20260828	2026-08-28	c3_bin/codmp_xboxr.xbe.c:1203420	Release InplaceString tree-element const indexing asserts index < mSize, clamps invalid indices to zero, and returns mList[index].
0x005EA820	??A?$ae_sized_array@G$0BAA@@@QAEAAGH@Z	V3	PASS	ida-manual-20260828	2026-08-28	src/core/ae_array.h:63	Unsigned-short sized-array indexing uses the generic int-index bounds check and returns the selected element.
0x005EA820	??A?$ae_sized_array@G$0BAA@@@QAEAAGH@Z	V4	PASS	ida-manual-20260828	2026-08-28	c3_bin/codmp_xboxr.xbe.c:1203442	Release unsigned-short sized-array indexing checks the 256-element bound and returns the selected element.
0x005EA970	?capacity@?$ae_sized_array@V?$ae_pair@PAXI@@$0P@@@QBEHXZ	V3	PASS	ida-manual-20260828	2026-08-28	src/core/ae_array.h:107	Pair sized-array capacity returns the compile-time capacity.
0x005EA970	?capacity@?$ae_sized_array@V?$ae_pair@PAXI@@$0P@@@QBEHXZ	V4	PASS	ida-manual-20260828	2026-08-28	c3_bin/codmp_xboxr.xbe.c:1203518	Release pair sized-array capacity returns fifteen.
0x005EA980	?pop_back@?$ae_sized_array@V?$ae_pair@PAXI@@$0P@@@QAEAAV?$ae_pair@PAXI@@XZ	V3	PASS	ida-manual-20260828	2026-08-28	src/core/ae_array.h:112	Pair sized-array pop_back decrements non-empty m_size and returns the indexed element.
0x005EA980	?pop_back@?$ae_sized_array@V?$ae_pair@PAXI@@$0P@@@QAEAAV?$ae_pair@PAXI@@XZ	V4	PASS	ida-manual-20260828	2026-08-28	c3_bin/codmp_xboxr.xbe.c:1203525	Release pair sized-array pop_back decrements non-empty m_size and returns the indexed element.
0x005EA9A0	??0?$ae_pair@PAXI@@QAE@XZ	V3	PASS	ida-manual-20260828	2026-08-28	src/game/logic/g_local.h:95	Pointer/size pair default construction intentionally leaves the trivial fields untouched.
0x005EA9A0	??0?$ae_pair@PAXI@@QAE@XZ	V4	PASS	ida-manual-20260828	2026-08-28	c3_bin/codmp_xboxr.xbe.c:1203537	Release pointer/size pair default constructor is an empty trivial constructor.
0x005EAAB0	??0?$SizedHandle@$07$0BI@@@QAE@VHandle@@@Z	V3	PASS	ida-manual-20260828	2026-08-28	src/game/logic/g_scr.cpp:3638	SizedHandle Handle construction copies mVal.
0x005EAAB0	??0?$SizedHandle@$07$0BI@@@QAE@VHandle@@@Z	V4	PASS	ida-manual-20260828	2026-08-28	c3_bin/codmp_xboxr.xbe.c:1203573	Release SizedHandle Handle construction copies the source value.
0x005EAAD0	?GetIndex@?$SizedHandle@$07$0BI@@@QBEHXZ	V3	PASS	ida-manual-20260828	2026-08-28	src/game/logic/g_scr.cpp:3641	SizedHandle GetIndex masks the configured index bits.
0x005EAAD0	?GetIndex@?$SizedHandle@$07$0BI@@@QBEHXZ	V4	PASS	ida-manual-20260828	2026-08-28	c3_bin/codmp_xboxr.xbe.c:1203580	Release SizedHandle GetIndex returns the low index-bit field.
0x005EAAE0	?GetKey@?$SizedHandle@$07$0BI@@@QBEHXZ	V3	PASS	ida-manual-20260828	2026-08-28	src/game/logic/g_scr.cpp:3643	SizedHandle GetKey shifts out the configured index bits.
0x005EAAE0	?GetKey@?$SizedHandle@$07$0BI@@@QBEHXZ	V4	PASS	ida-manual-20260828	2026-08-28	c3_bin/codmp_xboxr.xbe.c:1203586	Release SizedHandle GetKey returns the shifted key field.
0x005EAAF0	??0DbElement@?$HandleDb@VAeThread@@$0BAA@V?$SizedHandle@$07$0BI@@@@@QAE@XZ	V3	PASS	ida-manual-20260828	2026-08-28	src/game/logic/g_scr.cpp:3654	AeThread handle-db element construction clears its object and initializes key to one.
0x005EAAF0	??0DbElement@?$HandleDb@VAeThread@@$0BAA@V?$SizedHandle@$07$0BI@@@@@QAE@XZ	V4	PASS	ida-manual-20260828	2026-08-28	c3_bin/codmp_xboxr.xbe.c:1203592	Release handle-db element construction clears mObject and sets mKey to one.
0x005EAB10	?GetObject@DbElement@?$HandleDb@VAeThread@@$0BAA@V?$SizedHandle@$07$0BI@@@@@QBEPAVAeThread@@XZ	V3	PASS	ida-manual-20260828	2026-08-28	src/game/logic/g_scr.cpp:3656	AeThread handle-db element GetObject returns mObject.
0x005EAB10	?GetObject@DbElement@?$HandleDb@VAeThread@@$0BAA@V?$SizedHandle@$07$0BI@@@@@QBEPAVAeThread@@XZ	V4	PASS	ida-manual-20260828	2026-08-28	c3_bin/codmp_xboxr.xbe.c:1203601	Release handle-db element GetObject returns mObject.
0x005EAB20	?SetObject@DbElement@?$HandleDb@VAeThread@@$0BAA@V?$SizedHandle@$07$0BI@@@@@QAEXPAVAeThread@@@Z	V3	PASS	ida-manual-20260828	2026-08-28	src/game/logic/g_scr.cpp:3658	AeThread handle-db element SetObject stores the supplied pointer.
0x005EAB20	?SetObject@DbElement@?$HandleDb@VAeThread@@$0BAA@V?$SizedHandle@$07$0BI@@@@@QAEXPAVAeThread@@@Z	V4	PASS	ida-manual-20260828	2026-08-28	c3_bin/codmp_xboxr.xbe.c:1203608	Release handle-db element SetObject assigns mObject.
0x005EAB30	?GetKey@DbElement@?$HandleDb@VAeThread@@$0BAA@V?$SizedHandle@$07$0BI@@@@@QBEHXZ	V3	PASS	ida-manual-20260828	2026-08-28	src/game/logic/g_scr.cpp:3660	AeThread handle-db element GetKey returns mKey.
0x005EAB30	?GetKey@DbElement@?$HandleDb@VAeThread@@$0BAA@V?$SizedHandle@$07$0BI@@@@@QBEHXZ	V4	PASS	ida-manual-20260828	2026-08-28	c3_bin/codmp_xboxr.xbe.c:1203616	Release handle-db element GetKey returns mKey.
0x005EAB40	?Release@DbElement@?$HandleDb@VAeThread@@$0BAA@V?$SizedHandle@$07$0BI@@@@@QAEXXZ	V3	PASS	ida-manual-20260828	2026-08-28	src/game/logic/g_scr.cpp:3662	AeThread handle-db element Release advances the key and clears mObject.
0x005EAB40	?Release@DbElement@?$HandleDb@VAeThread@@$0BAA@V?$SizedHandle@$07$0BI@@@@@QAEXXZ	V4	PASS	ida-manual-20260828	2026-08-28	c3_bin/codmp_xboxr.xbe.c:1203623	Release handle-db element Release increments mKey and clears mObject.
0x005EABB0	?size@?$ae_sized_array@PAVAeThread@@$0EA@@@QBEHXZ	V3	PASS	ida-manual-20260828	2026-08-28	src/core/ae_array.h:46	AeThread sized-array size returns m_size.
0x005EABB0	?size@?$ae_sized_array@PAVAeThread@@$0EA@@@QBEHXZ	V4	PASS	ida-manual-20260828	2026-08-28	c3_bin/codmp_xboxr.xbe.c:1203658	Release AeThread sized-array size returns m_size.
0x005EABC0	?set_size@?$ae_sized_array@PAVAeThread@@$0EA@@@QAEXH@Z	V3	PASS	ida-manual-20260828	2026-08-28	src/core/ae_array.h:132	AeThread sized-array set_size assigns the requested m_size.
0x005EABC0	?set_size@?$ae_sized_array@PAVAeThread@@$0EA@@@QAEXH@Z	V4	PASS	ida-manual-20260828	2026-08-28	c3_bin/codmp_xboxr.xbe.c:1203664	Release AeThread sized-array set_size assigns m_size.
0x005EAC70	??0?$ae_sized_array_base@Ventity@Broc@@$0CAA@@@QAE@XZ	V3	PASS	ida-manual-20260828	2026-08-28	src/core/ae_array.h:31	Broc entity sized-array base construction initializes its inline element storage.
0x005EAC70	??0?$ae_sized_array_base@Ventity@Broc@@$0CAA@@@QAE@XZ	V4	PASS	ida-manual-20260828	2026-08-28	c3_bin/codmp_xboxr.xbe.c:1203723	Release Broc entity sized-array base constructor is the trivial base initialization.
0x005EAC80	??0const_iterator@?$ae_sized_array@Ventity@Broc@@$0CAA@@@AAE@PBVentity@Broc@@@Z	V3	PASS	ida-manual-20260828	2026-08-28	src/core/ae_array.h:150	Broc entity const iterator construction stores the source pointer.
0x005EAC80	??0const_iterator@?$ae_sized_array@Ventity@Broc@@$0CAA@@@AAE@PBVentity@Broc@@@Z	V4	PASS	ida-manual-20260828	2026-08-28	c3_bin/codmp_xboxr.xbe.c:1203731	Release Broc entity const iterator constructor copies the source pointer.
0x005EAE20	??0iterator@?$reserved_dlist@VEndOnScriptNode@@@@QAE@PAVEndOnScriptNode@@@Z	V3	PASS	ida-manual-20260828	2026-08-28	src/game/logic/g_scr.cpp:749	EndOnScriptNode reserved-list iterator construction stores the node and its next link.
0x005EAE20	??0iterator@?$reserved_dlist@VEndOnScriptNode@@@@QAE@PAVEndOnScriptNode@@@Z	V4	PASS	ida-manual-20260828	2026-08-28	c3_bin/codmp_xboxr.xbe.c:1203875	Release EndOnScriptNode iterator construction stores m_node and m_next from the object.
0x005EE030	??_Gstring@Broc@@QAEPAXI@Z	V3	PASS	ida-manual-20260828	2026-08-28	src/broc/Broc.cpp:715	Broc string scalar-deleting destruction follows the destructor lifetime protocol and returns the object storage.
0x005EE030	??_Gstring@Broc@@QAEPAXI@Z	V4	PASS	ida-manual-20260828	2026-08-28	c3_bin/codmp_xboxr.xbe.c:1205771	Release Broc string deleting destruction dispatches the string destructor and deletion path.
0x005EE290	?GetBoneNameHash@XModelParts@@QBEII@Z	V3	PASS	ida-manual-20260828	2026-08-28	src/game/render/tr_tiny.cpp:519	XModelParts bone-name lookup checks the hierarchy bound and returns the selected name hash.
0x005EE290	?GetBoneNameHash@XModelParts@@QBEII@Z	V4	PASS	ida-manual-20260828	2026-08-28	c3_bin/codmp_xboxr.xbe.c:1205879	Release XModelParts bone-name lookup asserts on an invalid index and returns mNameHash.
0x005EE440	??0?$ae_array@VHashString@@$03@@QAE@XZ	V3	PASS	ida-manual-20260828	2026-08-28	src/game/logic/g_scr.cpp:223	HashString four-element array construction is a trivial constructor over inline storage.
0x005EE440	??0?$ae_array@VHashString@@$03@@QAE@XZ	V4	PASS	ida-manual-20260828	2026-08-28	c3_bin/codmp_xboxr.xbe.c:1205977	Release HashString four-element array constructor performs trivial inline-array initialization.
0x005EE7D0	?back@?$ae_sized_array@F$07@@QBEABFXZ	V3	PASS	ida-manual-20260828	2026-08-28	src/core/ae_array.h:143	Short sized-array const back returns element zero for empty/non-positive size and the last element otherwise.
0x005EE7D0	?back@?$ae_sized_array@F$07@@QBEABFXZ	V4	PASS	ida-manual-20260828	2026-08-28	c3_bin/codmp_xboxr.xbe.c:1206103	Release short sized-array back uses the same clamped last-index expression.
0x005EE950	?free_space@?$ae_sized_array@V?$ae_pair@PAXI@@$0P@@@QBEHXZ	V3	PASS	ida-manual-20260828	2026-08-28	src/core/ae_array.h:109	Pair sized-array free_space returns capacity minus m_size.
0x005EE950	?free_space@?$ae_sized_array@V?$ae_pair@PAXI@@$0P@@@QBEHXZ	V4	PASS	ida-manual-20260828	2026-08-28	c3_bin/codmp_xboxr.xbe.c:1206218	Release pair sized-array free_space returns fifteen minus m_size.
0x005EE970	?BindObjectToHandle@?$HandleDb@VAeThread@@$0BAA@V?$SizedHandle@$07$0BI@@@@@QAEXVHandle@@PAVAeThread@@@Z	V3	PASS	ida-manual-20260828	2026-08-28	src/game/logic/g_scr.cpp:3748	AeThread handle-db binding validates the handle key and stores the object pointer.
0x005EE970	?BindObjectToHandle@?$HandleDb@VAeThread@@$0BAA@V?$SizedHandle@$07$0BI@@@@@QAEXVHandle@@PAVAeThread@@@Z	V4	PASS	ida-manual-20260828	2026-08-28	c3_bin/codmp_xboxr.xbe.c:1206232	Release handle-db binding checks the key and assigns mObject.
0x005EEA10	?DereferenceHandle@?$HandleDb@VAeThread@@$0BAA@V?$SizedHandle@$07$0BI@@@@@QBEPAVAeThread@@VHandle@@@Z	V3	PASS	ida-manual-20260828	2026-08-28	src/game/logic/g_scr.cpp:3737	AeThread handle-db dereference validates index/key and returns the matching object or null.
0x005EEA10	?DereferenceHandle@?$HandleDb@VAeThread@@$0BAA@V?$SizedHandle@$07$0BI@@@@@QBEPAVAeThread@@VHandle@@@Z	V4	PASS	ida-manual-20260828	2026-08-28	c3_bin/codmp_xboxr.xbe.c:1206250	Release handle-db dereference validates index/key and returns mObject or null.
0x005EEAD0	?clear@?$ae_sized_array@PAVAeThread@@$0EA@@@QAEXXZ	V3	PASS	ida-manual-20260828	2026-08-28	src/core/ae_array.h:50	AeThread sized-array clear resets m_size to zero.
0x005EEAD0	?clear@?$ae_sized_array@PAVAeThread@@$0EA@@@QAEXXZ	V4	PASS	ida-manual-20260828	2026-08-28	c3_bin/codmp_xboxr.xbe.c:1206293	Release AeThread sized-array clear resets m_size to zero.
0x005EEAE0	?back@?$ae_sized_array@PAVAeThread@@$0EA@@@QAEAAPAVAeThread@@XZ	V3	PASS	ida-manual-20260828	2026-08-28	src/core/ae_array.h:143	AeThread sized-array back returns element zero when empty and the last element otherwise.
0x005EEAE0	?back@?$ae_sized_array@PAVAeThread@@$0EA@@@QAEAAPAVAeThread@@XZ	V4	PASS	ida-manual-20260828	2026-08-28	c3_bin/codmp_xboxr.xbe.c:1206299	Release AeThread sized-array back uses the clamped last-index expression.
0x005EEBD0	??C?$IVPointer@VAIType@@@@QAEPAVAIType@@XZ	V3	PASS	ida-manual-20260828	2026-08-28	src/game/game_types.h:245	AIType IVPointer arrow access validates its pak id and returns mValue.
0x005EEBD0	??C?$IVPointer@VAIType@@@@QAEPAVAIType@@XZ	V4	PASS	ida-manual-20260828	2026-08-28	c3_bin/codmp_xboxr.xbe.c:1206353	Release AIType IVPointer arrow access validates its pak id and returns mValue.
0x005EACA0	?Deref@?$IVPointer@VAIType@@@@ABEPAVAIType@@XZ	V3	PASS	ida-manual-20260828	2026-08-28	src/game/game_types.h:258	AIType IVPointer dereference validates the pak id and returns the stored pointer.
0x005EACA0	?Deref@?$IVPointer@VAIType@@@@ABEPAVAIType@@XZ	V4	PASS	ida-manual-20260828	2026-08-28	c3_bin/codmp_xboxr.xbe.c:1203741	Release AIType IVPointer dereference performs the same pak validation and pointer return.
0x005EACC0	??Diterator@?$BitSet@$0BAA@@@QBEHXZ	V3	PASS	ida-manual-20260828	2026-08-28	src/game/core/core_systems.h:325	BitSet<256> iterator dereference returns the current bit index sentinel/value.
0x005EACC0	??Diterator@?$BitSet@$0BAA@@@QBEHXZ	V4	PASS	ida-manual-20260828	2026-08-28	c3_bin/codmp_xboxr.xbe.c:1203748	Release BitSet<256> iterator dereference returns m_cur_val unchanged.
0x005EACE0	??0iterator@?$reserved_dlist@VAeThreadState@@@@QAE@PAVAeThreadState@@@Z	V3	PASS	ida-manual-20260828	2026-08-28	src/game/logic/g_scr.cpp:757	AeThreadState reserved-list iterator constructor stores the object node and next link.
0x005EACE0	??0iterator@?$reserved_dlist@VAeThreadState@@@@QAE@PAVAeThreadState@@@Z	V4	PASS	ida-manual-20260828	2026-08-28	c3_bin/codmp_xboxr.xbe.c:1203761	Release AeThreadState iterator constructor stores the embedded node and forward link.
0x005EAD00	?GetWord@?$BitSet@$0BAA@@@QBEIH@Z	V3	PASS	ida-manual-20260828	2026-08-28	src/game/core/core_systems.h:287	BitSet<256> GetWord indexes the packed 32-bit word array.
0x005EAD00	?GetWord@?$BitSet@$0BAA@@@QBEIH@Z	V4	PASS	ida-manual-20260828	2026-08-28	c3_bin/codmp_xboxr.xbe.c:1203771	Release BitSet<256> GetWord returns the indexed packed word.
0x005EAD10	?GetNumWords@?$BitSet@$0BAA@@@SAHXZ	V3	PASS	ida-manual-20260828	2026-08-28	src/game/core/core_systems.h:290	BitSet<256> GetNumWords computes the packed 32-bit word count.
0x005EAD10	?GetNumWords@?$BitSet@$0BAA@@@SAHXZ	V4	PASS	ida-manual-20260828	2026-08-28	c3_bin/codmp_xboxr.xbe.c:1203777	Release BitSet<256> GetNumWords returns (N+31)/32.
0x005EAD20	??0iterator@?$reserved_dlist@VAeThread@@@@QAE@PAVAeThread@@@Z	V3	PASS	ida-manual-20260828	2026-08-28	src/game/logic/g_scr.cpp:758	AeThread reserved-list iterator constructor stores the object node and next link.
0x005EAD20	??0iterator@?$reserved_dlist@VAeThread@@@@QAE@PAVAeThread@@@Z	V4	PASS	ida-manual-20260828	2026-08-28	c3_bin/codmp_xboxr.xbe.c:1203783	Release AeThread iterator constructor stores the embedded node and forward link.
0x005EAEE0	??0?$BitSet@$0BAA@@@QAE@W4EInitializer@0@@Z	V3	PASS	ida-manual-20260828	2026-08-28	src/game/core/core_systems.h:284	BitSet<256> uninitialized-tag constructor intentionally leaves packed bits untouched.
0x005EAEE0	??0?$BitSet@$0BAA@@@QAE@W4EInitializer@0@@Z	V4	PASS	ida-manual-20260828	2026-08-28	c3_bin/codmp_xboxr.xbe.c:1203930	Release BitSet<256> initializer constructor is intentionally empty.
0x005EED20	?Add@?$BitSet@$0BAA@@@QAEXH@Z	V3	PASS	ida-manual-20260828	2026-08-28	src/game/core/core_systems.h:711	BitSet<256> Add checks the word bound and sets the requested packed bit.
0x005EED20	?Add@?$BitSet@$0BAA@@@QAEXH@Z	V4	PASS	ida-manual-20260828	2026-08-28	c3_bin/codmp_xboxr.xbe.c:1206476	Release BitSet<256> Add performs the same bounds assertion and bit set.
0x005EEDB0	?Rmv@?$BitSet@$0BAA@@@QAEXH@Z	V3	PASS	ida-manual-20260828	2026-08-28	src/game/core/core_systems.h:728	BitSet<256> Rmv checks the word bound and clears the requested packed bit.
0x005EEDB0	?Rmv@?$BitSet@$0BAA@@@QAEXH@Z	V4	PASS	ida-manual-20260828	2026-08-28	c3_bin/codmp_xboxr.xbe.c:1206491	Release BitSet<256> Rmv performs the same bounds assertion and bit clear.
0x005EAF90	?compare@iterator@?$BitSet@$0BAA@@@QAE_NABV12@@Z	V3	PASS	ida-manual-20260828	2026-08-28	src/game/core/core_systems.h:320	BitSet<256> iterator compare checks both current value and word index.
0x005EAF90	?compare@iterator@?$BitSet@$0BAA@@@QAE_NABV12@@Z	V4	PASS	ida-manual-20260828	2026-08-28	c3_bin/codmp_xboxr.xbe.c:1203992	Release BitSet<256> iterator compare uses the same two-field equality.
0x005EEFD0	?Clear@?$BitSet@$0BAA@@@QAEXXZ	V3	PASS	ida-manual-20260828	2026-08-28	src/game/core/core_systems.h:713	BitSet<256> Clear zeros every packed word from the last word through the first.
0x005EEFD0	?Clear@?$BitSet@$0BAA@@@QAEXXZ	V4	PASS	ida-manual-20260828	2026-08-28	c3_bin/codmp_xboxr.xbe.c:1206621	Release BitSet<256> Clear zeros the complete packed bit storage.
0x005EEFF0	??S?$BitSet@$0BAA@@@QBE?AV0@XZ	V3	PASS	ida-manual-20260828	2026-08-28	src/game/core/core_systems.h:756	BitSet<256> complement constructs a result and bitwise-inverts each packed word.
0x005EEFF0	??S?$BitSet@$0BAA@@@QBE?AV0@XZ	V4	PASS	ida-manual-20260828	2026-08-28	c3_bin/codmp_xboxr.xbe.c:1206634	Release BitSet<256> complement performs the same word-wise inversion.
0x005EF070	?begin@?$BitSet@$0BAA@@@QBE?AViterator@1@XZ	V3	PASS	ida-manual-20260828	2026-08-28	src/game/core/core_systems.h:368	BitSet<256> begin constructs an iterator rooted at the set.
0x005EF070	?begin@?$BitSet@$0BAA@@@QBE?AViterator@1@XZ	V4	PASS	ida-manual-20260828	2026-08-28	c3_bin/codmp_xboxr.xbe.c:1206647	Release BitSet<256> begin constructs and returns the set iterator.
0x005EF0B0	?end@?$BitSet@$0BAA@@@QBE?AViterator@1@XZ	V3	PASS	ida-manual-20260828	2026-08-28	src/game/core/core_systems.h:374	BitSet<256> end returns the terminal iterator sentinel.
0x005EF0B0	?end@?$BitSet@$0BAA@@@QBE?AViterator@1@XZ	V4	PASS	ida-manual-20260828	2026-08-28	c3_bin/codmp_xboxr.xbe.c:1206658	Release BitSet<256> end returns the same -1/null iterator sentinel.
0x005EF120	??9iterator@?$BitSet@$0BAA@@@QAE_NABV01@@Z	V3	PASS	ida-manual-20260828	2026-08-28	src/game/core/core_systems.h:325	BitSet<256> iterator inequality compares current value or word index.
0x005EF120	??9iterator@?$BitSet@$0BAA@@@QAE_NABV01@@Z	V4	PASS	ida-manual-20260828	2026-08-28	c3_bin/codmp_xboxr.xbe.c:1206690	Release BitSet<256> iterator inequality uses the same sentinel/value comparison.
0x005EFF30	??0?$BitSet@$0BAA@@@QAE@XZ	V3	PASS	ida-manual-20260828	2026-08-28	src/game/core/core_systems.h:283	BitSet<256> default constructor clears the packed storage.
0x005EFF30	??0?$BitSet@$0BAA@@@QAE@XZ	V4	PASS	ida-manual-20260828	2026-08-28	c3_bin/codmp_xboxr.xbe.c:1207422	Release BitSet<256> default constructor zeroes its packed words.
0x005EED00	?back@?$ae_sized_array@V?$ae_pair@PAXI@@$0P@@@QAEAAV?$ae_pair@PAXI@@XZ	V3	PASS	ida-manual-20260828	2026-08-28	src/core/ae_array.h:146	Pair pointer/unsigned-int sized-array back returns the clamped last element.
0x005EED00	?back@?$ae_sized_array@V?$ae_pair@PAXI@@$0P@@@QAEAAV?$ae_pair@PAXI@@XZ	V4	PASS	ida-manual-20260828	2026-08-28	c3_bin/codmp_xboxr.xbe.c:1206469	Release pair sized-array back uses the same empty-array clamp and last-element selection.
0x005EEB20	??0?$ae_sized_array@Ventity@Broc@@$0CAA@@@QAE@XZ	V3	PASS	ida-manual-20260828	2026-08-28	src/core/ae_array.h:42	Broc entity sized-array constructor initializes m_size to zero while retaining the inline element storage.
0x005EEB20	??0?$ae_sized_array@Ventity@Broc@@$0CAA@@@QAE@XZ	V4	PASS	ida-manual-20260828	2026-08-28	c3_bin/codmp_xboxr.xbe.c:1206313	Release Broc entity sized-array constructor initializes the size field to zero.
0x005EEB40	?begin@?$ae_sized_array@Ventity@Broc@@$0CAA@@@QBE?AVconst_iterator@1@XZ	V3	PASS	ida-manual-20260828	2026-08-28	src/core/ae_array.h:185	Broc entity const begin returns a const iterator over the first inline element.
0x005EEB40	?begin@?$ae_sized_array@Ventity@Broc@@$0CAA@@@QBE?AVconst_iterator@1@XZ	V4	PASS	ida-manual-20260828	2026-08-28	c3_bin/codmp_xboxr.xbe.c:1206322	Release Broc entity const begin constructs the iterator from m_elements.
0x005EEB60	?end@?$ae_sized_array@Ventity@Broc@@$0CAA@@@QBE?AVconst_iterator@1@XZ	V3	PASS	ida-manual-20260828	2026-08-28	src/core/ae_array.h:187	Broc entity const end returns a const iterator at m_elements plus m_size.
0x005EEB60	?end@?$ae_sized_array@Ventity@Broc@@$0CAA@@@QBE?AVconst_iterator@1@XZ	V4	PASS	ida-manual-20260828	2026-08-28	c3_bin/codmp_xboxr.xbe.c:1206331	Release Broc entity const end constructs the iterator from the sized endpoint.
0x005EEBF0	??0?$ae_sized_array_base@V?$ae_pair@PAXI@@$0P@@@QAE@XZ	V3	PASS	ida-manual-20260828	2026-08-28	src/core/ae_array.h:32	Pair pointer/unsigned-int sized-array base constructor is the release-equivalent trivial backing-storage constructor.
0x005EEBF0	??0?$ae_sized_array_base@V?$ae_pair@PAXI@@$0P@@@QAE@XZ	V4	PASS	ida-manual-20260828	2026-08-28	c3_bin/codmp_xboxr.xbe.c:1206360	Release pair sized-array base constructor is an empty inline-storage initialization.
0x005EEE40	??0?$ae_fixed_string@$0CA@E@@QAE@ABV0@@Z	V3	PASS	ida-manual-20260828	2026-08-28	src/core/ae_fixed_string.h:34	32-byte unsigned-char fixed-string copy constructor copies the complete inline object representation.
0x005EEE40	??0?$ae_fixed_string@$0CA@E@@QAE@ABV0@@Z	V4	PASS	ida-manual-20260828	2026-08-28	c3_bin/codmp_xboxr.xbe.c:1206505	Release fixed-string copy constructor preserves the complete 32-byte buffer and length representation.
0x005EEE80	??0const_iterator@?$reserved_dlist@VAeThreadState@@@@QAE@ABV1@@Z	V3	PASS	ida-manual-20260828	2026-08-28	src/game/logic/g_scr.cpp:696	AeThreadState reserved-list iterator copy constructor derives node and next pointers from the list head and canonical end sentinel.
0x005EEE80	??0const_iterator@?$reserved_dlist@VAeThreadState@@@@QAE@ABV1@@Z	V4	PASS	ida-manual-20260828	2026-08-28	c3_bin/codmp_xboxr.xbe.c:1206515	Release AeThreadState reserved-list iterator copy constructor applies the same end-sentinel normalization.
0x004AC4A0	??A?$ae_sized_array@PAVae_heap_base@@$0CA@@@QAEAAPAVae_heap_base@@H@Z	V3	PASS	ida-manual-20260828	2026-08-28	src/core/ae_array.h:59	ae_sized_array operator[] performs the release bounds assertion and indexed element return.
0x004AC4A0	??A?$ae_sized_array@PAVae_heap_base@@$0CA@@@QAEAAPAVae_heap_base@@H@Z	V4	PASS	ida-manual-20260828	2026-08-28	c3_bin/codmp_xboxr.xbe.c:1016240	Release ae_heap_base pointer array operator[] performs the same bounds check and element selection.
0x004AC560	??A?$ae_sized_array@PAVEntity@@$0BAAA@@@QAEAAPAVEntity@@H@Z	V3	PASS	ida-manual-20260828	2026-08-28	src/core/ae_array.h:60	Entity pointer sized-array operator[] uses the verified generic bounds and indexed return.
0x004AC560	??A?$ae_sized_array@PAVEntity@@$0BAAA@@@QAEAAPAVEntity@@H@Z	V4	PASS	ida-manual-20260828	2026-08-28	c3_bin/codmp_xboxr.xbe.c:1016279	Release Entity pointer array operator[] performs the same bounds check and element selection.
0x004AC6E0	??0?$DbLinkedHandle@VEntityHandleDb@@VEntity@@@@QAE@VHandle@@@Z	V3	PASS	ida-manual-20260828	2026-08-28	src/game/game_types.h:125	Handle constructor copies the wrapped handle value into the linked handle storage.
0x004AC6E0	??0?$DbLinkedHandle@VEntityHandleDb@@VEntity@@@@QAE@VHandle@@@Z	V4	PASS	ida-manual-20260828	2026-08-28	c3_bin/codmp_xboxr.xbe.c:1016343	Release Handle constructor copies h.mVal into the linked handle storage.
0x004AC700	??4?$DbLinkedHandle@VEntityHandleDb@@VEntity@@@@QAEAAV0@VHandle@@@Z	V3	PASS	ida-manual-20260828	2026-08-28	src/game/game_types.h:127	Handle assignment copies the wrapped value and returns the destination object.
0x004AC700	??4?$DbLinkedHandle@VEntityHandleDb@@VEntity@@@@QAEAAV0@VHandle@@@Z	V4	PASS	ida-manual-20260828	2026-08-28	c3_bin/codmp_xboxr.xbe.c:1016352	Release Handle assignment copies rhs.mVal and returns this.
0x004AC720	?c_str@?$ae_fixed_string@$0EA@E@@QAEPADXZ	V3	PASS	ida-manual-20260828	2026-08-28	src/core/ae_fixed_string.h:57	Non-const c_str returns the inline buffer at object offset zero.
0x004AC720	?c_str@?$ae_fixed_string@$0EA@E@@QAEPADXZ	V4	PASS	ida-manual-20260828	2026-08-28	c3_bin/codmp_xboxr.xbe.c:1016361	Release c_str returns this, equivalent to the inline buffer pointer layout.
0x004AC730	?length@?$ae_fixed_string@$0EA@E@@QBEHXZ	V3	PASS	ida-manual-20260828	2026-08-28	src/core/ae_fixed_string.h:59	length returns the stored inline string length byte.
0x004AC730	?length@?$ae_fixed_string@$0EA@E@@QBEHXZ	V4	PASS	ida-manual-20260828	2026-08-28	c3_bin/codmp_xboxr.xbe.c:1016369	Release length returns mLength.
0x004AC740	?rfind@?$ae_fixed_string@$0EA@E@@QBEHD@Z	V3	PASS	ida-manual-20260828	2026-08-28	src/core/ae_fixed_string.h:77	rfind scans backward from the stored length and returns the matching index or -1.
0x004AC740	?rfind@?$ae_fixed_string@$0EA@E@@QBEHD@Z	V4	PASS	ida-manual-20260828	2026-08-28	c3_bin/codmp_xboxr.xbe.c:1016375	Release rfind uses the same empty check, backward scan, and -1 result.
0x004AC790	??A?$cdl_array@Ucdl_object_t@@@@QBEABUcdl_object_t@@I@Z	V3	PASS	ida-manual-20260828	2026-08-28	src/game/logic/g_accessors.cpp:3028	cdl const operator[] performs the release index assertion and returns the selected element.
0x004AC790	??A?$cdl_array@Ucdl_object_t@@@@QBEABUcdl_object_t@@I@Z	V4	PASS	ida-manual-20260828	2026-08-28	c3_bin/codmp_xboxr.xbe.c:1016404	Release cdl_object_t const operator[] has the same bounds assertion and indexed return.
0x004AC7E0	??A?$ae_array@PAVCGBank@@$0GD@@@QAEAAPAVCGBank@@H@Z	V3	PASS	ida-manual-20260828	2026-08-28	src/game/logic/g_accessors.cpp:3119	ae_array operator[] now includes the release bounds assertion before indexed return.
0x004AC7E0	??A?$ae_array@PAVCGBank@@$0GD@@@QAEAAPAVCGBank@@H@Z	V4	PASS	ida-manual-20260828	2026-08-28	c3_bin/codmp_xboxr.xbe.c:1016414	Release CGBank pointer array operator[] checks idx against SIZE and returns the indexed element.
0x004AC880	??A?$phys_static_array@Uproxy_obj_t@@$0BAA@@@QBEABUproxy_obj_t@@H@Z	V3	PASS	ida-manual-20260828	2026-08-28	src/game/logic/g_accessors.cpp:3136	phys_static_array const operator[] checks the allocated count and returns the selected slot.
0x004AC880	??A?$phys_static_array@Uproxy_obj_t@@$0BAA@@@QBEABUproxy_obj_t@@H@Z	V4	PASS	ida-manual-20260828	2026-08-28	c3_bin/codmp_xboxr.xbe.c:1016439	Release proxy_obj_t const operator[] uses the same count assertion and slot selection.
0x004AC520	?size@?$ae_sized_array@PAVae_heap_base@@$0CA@@@QBEHXZ	V3	PASS	ida-manual-20260828	2026-08-28	src/core/ae_array.h:50	ae_sized_array size returns m_size.
0x004AC520	?size@?$ae_sized_array@PAVae_heap_base@@$0CA@@@QBEHXZ	V4	PASS	ida-manual-20260828	2026-08-28	c3_bin/codmp_xboxr.xbe.c:1016257	Release ae_heap_base array size returns m_size.
0x004AC550	??0?$ae_sized_array@PAVEntity@@$0BAAA@@@QAE@XZ	V3	PASS	ida-manual-20260828	2026-08-28	src/core/ae_array.h:43	Entity pointer sized-array constructor initializes m_size to zero.
0x004AC550	??0?$ae_sized_array@PAVEntity@@$0BAAA@@@QAE@XZ	V4	PASS	ida-manual-20260828	2026-08-28	c3_bin/codmp_xboxr.xbe.c:1016271	Release Entity pointer array constructor initializes m_size to zero.
0x004AC5E0	?size@?$ae_sized_array@PAVEntity@@$0BAAA@@@QBEHXZ	V3	PASS	ida-manual-20260828	2026-08-28	src/core/ae_array.h:51	Entity pointer sized-array size returns m_size.
0x004AC5E0	?size@?$ae_sized_array@PAVEntity@@$0BAAA@@@QBEHXZ	V4	PASS	ida-manual-20260828	2026-08-28	c3_bin/codmp_xboxr.xbe.c:1016296	Release Entity pointer array size returns m_size.
0x004AC5F0	?push_back@?$ae_sized_array@PAVEntity@@$0BAAA@@@QAEXABQAVEntity@@@Z	V3	PASS	ida-manual-20260828	2026-08-28	src/core/ae_array.h:101	Entity pointer push_back performs capacity assertion, stores the element, and increments m_size.
0x004AC5F0	?push_back@?$ae_sized_array@PAVEntity@@$0BAAA@@@QAEXABQAVEntity@@@Z	V4	PASS	ida-manual-20260828	2026-08-28	c3_bin/codmp_xboxr.xbe.c:1016302	Release Entity pointer push_back follows the same guarded store and size increment.
0x004AC690	?pop_back@?$ae_sized_array@PAVEntity@@$0BAAA@@@QAEAAPAVEntity@@XZ	V3	PASS	ida-manual-20260828	2026-08-28	src/core/ae_array.h:123	Entity pointer pop_back decrements a non-empty array and returns the final slot.
0x004AC690	?pop_back@?$ae_sized_array@PAVEntity@@$0BAAA@@@QAEAAPAVEntity@@XZ	V4	PASS	ida-manual-20260828	2026-08-28	c3_bin/codmp_xboxr.xbe.c:1016323	Release Entity pointer pop_back uses the same non-empty decrement and final-slot return.
0x004AC6C0	??0?$DbLinkedHandle@VEntityHandleDb@@VEntity@@@@QAE@H@Z	V3	PASS	ida-manual-20260828	2026-08-28	src/game/game_types.h:122	Integer linked-handle constructor stores the value in the wrapped handle.
0x004AC6C0	??0?$DbLinkedHandle@VEntityHandleDb@@VEntity@@@@QAE@H@Z	V4	PASS	ida-manual-20260828	2026-08-28	c3_bin/codmp_xboxr.xbe.c:1016334	Release integer linked-handle constructor stores the incoming value.
0x004AC860	??0?$phys_static_array@Uproxy_obj_t@@$0BAA@@@QAE@XZ	V3	PASS	ida-manual-20260828	2026-08-28	src/game/logic/g_local.h:4207	phys_static_array constructor points the slot array at inline storage and zeros the allocation count.
0x004AC860	??0?$phys_static_array@Uproxy_obj_t@@$0BAA@@@QAE@XZ	V4	PASS	ida-manual-20260828	2026-08-28	c3_bin/codmp_xboxr.xbe.c:1016430	Release proxy_obj_t array constructor sets the same inline slot pointer and zero count.
0x004AC8E0	?get_count@?$phys_static_array@Uproxy_obj_t@@$0BAA@@@QBE?BHXZ	V3	PASS	ida-manual-20260828	2026-08-28	src/game/logic/g_local.h:4218	phys_static_array get_count returns m_alloc_count.
0x004AC8E0	?get_count@?$phys_static_array@Uproxy_obj_t@@$0BAA@@@QBE?BHXZ	V4	PASS	ida-manual-20260828	2026-08-28	c3_bin/codmp_xboxr.xbe.c:1016456	Release proxy_obj_t array get_count returns m_alloc_count.
0x004A5070	_ceilf	V3	PASS	ida-manual-20260828	2026-08-28	src/game/logic/g_math_shims.asm:103	MASM ceilf wrapper promotes the float argument and forwards to the CRT ceil routine.
0x004A5070	_ceilf	V4	PASS	ida-manual-20260828	2026-08-28	c3_bin/codmp_xboxr.xbe.c:1012639	Release ceilf performs the corresponding CRT ceil wrapper operation.
0x004A5090	_cosf	V3	PASS	ida-manual-20260828	2026-08-28	src/game/logic/g_math_shims.asm:20	MASM cosf wrapper promotes the float argument and forwards to the CRT cosine routine.
0x004A5090	_cosf	V4	PASS	ida-manual-20260828	2026-08-28	c3_bin/codmp_xboxr.xbe.c:1012646	Release cosf performs the corresponding cosine wrapper operation.
0x004A50A0	_fabsf	V3	PASS	ida-manual-20260828	2026-08-28	src/game/logic/g_math_shims.asm:76	MASM fabsf wrapper applies the x87 absolute-value operation to its float argument.
0x004A50A0	_fabsf	V4	PASS	ida-manual-20260828	2026-08-28	c3_bin/codmp_xboxr.xbe.c:1012652	Release fabsf performs the corresponding absolute-value operation.
0x004A50B0	_powf	V3	PASS	ida-manual-20260828	2026-08-28	src/game/logic/g_math_shims.asm:87	MASM powf wrapper promotes both float arguments and forwards to CRT pow.
0x004A50B0	_powf	V4	PASS	ida-manual-20260828	2026-08-28	c3_bin/codmp_xboxr.xbe.c:1012658	Release powf performs the corresponding two-argument power wrapper operation.
0x004A50D0	_sinf	V3	PASS	ida-manual-20260828	2026-08-28	src/game/logic/g_math_shims.asm:34	MASM sinf wrapper promotes the float argument and forwards to the CRT sine routine.
0x004A50D0	_sinf	V4	PASS	ida-manual-20260828	2026-08-28	c3_bin/codmp_xboxr.xbe.c:1012664	Release sinf performs the corresponding sine wrapper operation.
0x004A50E0	_sqrtf	V3	PASS	ida-manual-20260828	2026-08-28	src/game/logic/g_math_shims.asm:62	MASM sqrtf wrapper promotes the float argument and forwards to the CRT square-root routine.
0x004A50E0	_sqrtf	V4	PASS	ida-manual-20260828	2026-08-28	c3_bin/codmp_xboxr.xbe.c:1012670	Release sqrtf performs the corresponding square-root wrapper operation.
0x004A50F0	_tanf	V3	PASS	ida-manual-20260828	2026-08-28	src/game/logic/g_math_shims.asm:48	MASM tanf wrapper promotes the float argument and forwards to the CRT tangent routine.
0x004A50F0	_tanf	V4	PASS	ida-manual-20260828	2026-08-28	c3_bin/codmp_xboxr.xbe.c:1012676	Release tanf performs the corresponding tangent wrapper operation.
0x004A5100	?ceil@@YAMM@Z	V3	PASS	ida-manual-20260828	2026-08-28	src/game/logic/g_accessors.cpp:701	The single-precision ceil wrapper forwards to the double-precision CRT ceil and narrows the result.
0x004A5100	?ceil@@YAMM@Z	V4	PASS	ida-manual-20260828	2026-08-28	c3_bin/codmp_xboxr.xbe.c:1012682	Release ceil wrapper performs the corresponding CRT rounding operation.
0x004A5120	?cos@@YAMM@Z	V3	PASS	ida-manual-20260828	2026-08-28	src/game/logic/g_accessors.cpp:695	The single-precision cosine wrapper forwards to the double-precision CRT cosine and narrows the result.
0x004A5120	?cos@@YAMM@Z	V4	PASS	ida-manual-20260828	2026-08-28	c3_bin/codmp_xboxr.xbe.c:1012689	Release cos wrapper performs the corresponding CRT cosine operation.
0x004A5140	?fabs@@YAMM@Z	V3	PASS	ida-manual-20260828	2026-08-28	src/game/logic/g_accessors.cpp:697	The single-precision absolute-value wrapper forwards to CRT fabs and narrows the result.
0x004A5140	?fabs@@YAMM@Z	V4	PASS	ida-manual-20260828	2026-08-28	c3_bin/codmp_xboxr.xbe.c:1012701	Release fabs wrapper performs the corresponding absolute-value operation.
0x004A5150	?pow@@YAMMM@Z	V3	PASS	ida-manual-20260828	2026-08-28	src/game/logic/g_accessors.cpp:699	The single-precision power wrapper forwards both arguments to CRT pow and narrows the result.
0x004A5150	?pow@@YAMMM@Z	V4	PASS	ida-manual-20260828	2026-08-28	c3_bin/codmp_xboxr.xbe.c:1012707	Release pow wrapper performs the corresponding two-argument power operation.
0x00455DF0	?G_RmvInvalidatedNode@@YAXPAVEntity@@PBUPathNode@PathNodes@@@Z	V3	PASS	ida-manual-20260828	2026-08-28	src/game/logic/g_dobj.cpp:531	Invalidated-node removal preserves the release null assertion, lookup, and conditional removal flow.
0x00455DF0	?G_RmvInvalidatedNode@@YAXPAVEntity@@PBUPathNode@PathNodes@@@Z	V4	PASS	ida-manual-20260828	2026-08-28	c3_bin/codmp_xboxr.xbe.c:974408	Release G_RmvInvalidatedNode has the same guarded lookup and removal flow.
0x0046F4F0	?GetAverageWheelSpeed@scr_vehicle_t@@QAEMXZ	V3	PASS	ida-manual-20260828	2026-08-28	src/game/logic/g_accessors.cpp:678	Wheel speed averages flagged rigid-body wheels and falls back to the resolved entity speed when no rigid body exists.
0x0046F4F0	?GetAverageWheelSpeed@scr_vehicle_t@@QAEMXZ	V4	PASS	ida-manual-20260828	2026-08-28	c3_bin/codmp_xboxr.xbe.c:990494	Release GetAverageWheelSpeed uses the same six-wheel accumulation and entity-speed fallback.
0x004890C0	?CollisionDamage@scr_vehicle_t@@QAEXPAVEntity@@ABVPosition3@math@@1M@Z	V3	PASS	ida-manual-20260828	2026-08-28	src/game/logic/g_accessors.cpp:668	CollisionDamage forwards direction, position, scaled collision damage, and release damage flags to G_Damage.
0x004890C0	?CollisionDamage@scr_vehicle_t@@QAEXPAVEntity@@ABVPosition3@math@@1M@Z	V4	PASS	ida-manual-20260828	2026-08-28	c3_bin/codmp_xboxr.xbe.c:1006746	Release CollisionDamage performs the same G_Damage call and collision scaling.
0x004A5010	?get_dlist_node_offset@PakFile@@SAHXZ	V3	PASS	ida-manual-20260828	2026-08-28	src/game/streamer/pakmanager.cpp:3558	PakFile dlist-node offset returns the release zero sentinel.
0x004A5010	?get_dlist_node_offset@PakFile@@SAHXZ	V4	PASS	ida-manual-20260828	2026-08-28	c3_bin/codmp_xboxr.xbe.c:1012609	Release PakFile dlist-node offset returns zero.
0x004A5030	?ToggleEnabled@PakManager@@QAEXXZ	V3	PASS	ida-manual-20260828	2026-08-28	src/game/streamer/pakmanager.cpp:3548	PakManager ToggleEnabled flips the enabled bit.
0x004A5030	?ToggleEnabled@PakManager@@QAEXXZ	V4	PASS	ida-manual-20260828	2026-08-28	c3_bin/codmp_xboxr.xbe.c:1012621	Release ToggleEnabled XORs mEnabled with one.
0x004A5040	?GetActivePaks@PakManager@@QBEABV?$reserved_dlist@VPakFile@@@@XZ	V3	PASS	ida-manual-20260828	2026-08-28	src/game/streamer/pakmanager.cpp:3553	GetActivePaks returns the manager active-pak list by const reference.
0x004A5040	?GetActivePaks@PakManager@@QBEABV?$reserved_dlist@VPakFile@@@@XZ	V4	PASS	ida-manual-20260828	2026-08-28	c3_bin/codmp_xboxr.xbe.c:1012627	Release GetActivePaks returns the same list address.
0x004A5130	?GetClient@apsCommon@@SAPAVapsClient@@XZ	V3	PASS	ida-manual-20260828	2026-08-28	src/aeps/apsCommon.h:177	apsCommon GetClient returns the static aps client pointer.
0x004A5130	?GetClient@apsCommon@@SAPAVapsClient@@XZ	V4	PASS	ida-manual-20260828	2026-08-28	c3_bin/codmp_xboxr.xbe.c:1012695	Release GetClient returns apsCommon::mApsClient.
0x004A5170	?GetXModelParts@XModel@@QAEPAVXModelParts@@H@Z	V3	PASS	ida-manual-20260828	2026-08-28	src/game/logic/g_accessors.cpp:636	XModel non-const parts accessor handles explicit and first-available LOD selection.
0x004A5170	?GetXModelParts@XModel@@QAEPAVXModelParts@@H@Z	V4	PASS	ida-manual-20260828	2026-08-28	c3_bin/codmp_xboxr.xbe.c:1012713	Release non-const GetXModelParts uses the same LOD selection loop.
0x004A51D0	?GetXModelParts@XModel@@QBEPBVXModelParts@@H@Z	V3	PASS	ida-manual-20260828	2026-08-28	src/game/logic/g_accessors.cpp:650	XModel const parts accessor mirrors the explicit and first-available LOD selection.
0x004A51D0	?GetXModelParts@XModel@@QBEPBVXModelParts@@H@Z	V4	PASS	ida-manual-20260828	2026-08-28	c3_bin/codmp_xboxr.xbe.c:1012736	Release const GetXModelParts uses the same LOD selection loop.
0x004A5230	?GetName@XModel@@QBEPBDXZ	V3	PASS	ida-manual-20260828	2026-08-28	src/game/logic/g_accessors.cpp:503	XModel GetName returns the model name string pointer.
0x004A5230	?GetName@XModel@@QBEPBDXZ	V4	PASS	ida-manual-20260828	2026-08-28	c3_bin/codmp_xboxr.xbe.c:1012759	Release GetName returns name.mStr.
0x004A5240	?Inst@XModelManager@@SAPAV1@XZ	V3	PASS	ida-manual-20260828	2026-08-28	src/game/logic/g_accessors.cpp:403	XModelManager Inst returns the static singleton pointer.
0x004A5240	?Inst@XModelManager@@SAPAV1@XZ	V4	PASS	ida-manual-20260828	2026-08-28	c3_bin/codmp_xboxr.xbe.c:1012765	Release XModelManager Inst returns XModelManager::sInst.
0x004A5250	??2Task@@SAPAXI_NPBDH@Z	V3	PASS	ida-manual-20260828	2026-08-28	src/game/logic/g_accessors.cpp:604	Task placement operator new routes allocation through Task::sAllocator with the force flag.
0x004A5250	??2Task@@SAPAXI_NPBDH@Z	V4	PASS	ida-manual-20260828	2026-08-28	c3_bin/codmp_xboxr.xbe.c:1012771	Release Task placement operator new calls PoolAllocator::Allocate with forceHeapAlloc.
0x004A5270	??3Task@@SAXPAX_NPBDH@Z	V3	PASS	ida-manual-20260828	2026-08-28	src/game/logic/g_accessors.cpp:610	Task placement operator delete routes release through Task::sAllocator.
0x004A5270	??3Task@@SAXPAX_NPBDH@Z	V4	PASS	ida-manual-20260828	2026-08-28	c3_bin/codmp_xboxr.xbe.c:1012777	Release Task operator delete calls PoolAllocator::Release.
0x004A5290	??2Task@@SAPAXI@Z	V3	PASS	ida-manual-20260828	2026-08-28	src/game/logic/g_accessors.cpp:616	Task ordinary operator new allocates from Task::sAllocator without the force flag.
0x004A5290	??2Task@@SAPAXI@Z	V4	PASS	ida-manual-20260828	2026-08-28	c3_bin/codmp_xboxr.xbe.c:1012783	Release ordinary Task operator new calls PoolAllocator::Allocate with false.
0x004A52B0	??3Task@@SAXPAX@Z	V3	PASS	ida-manual-20260828	2026-08-28	src/game/logic/g_accessors.cpp:621	Task ordinary operator delete releases through Task::sAllocator.
0x004A52B0	??3Task@@SAXPAX@Z	V4	PASS	ida-manual-20260828	2026-08-28	c3_bin/codmp_xboxr.xbe.c:1012789	Release ordinary Task operator delete calls PoolAllocator::Release.
0x004A52D0	??1Task@@UAE@XZ	V3	PASS	ida-manual-20260828	2026-08-28	src/game/logic/g_entity_misc.cpp:2073	Task destructor is a compiler-generated base-vtable restoration body.
0x004A52D0	??1Task@@UAE@XZ	V4	PASS	ida-manual-20260828	2026-08-28	c3_bin/codmp_xboxr.xbe.c:1012795	Release Task destructor restores the Task vtable.
0x004A52F0	??_GTask@@UAEPAXI@Z	V3	PASS	ida-manual-20260828	2026-08-28	src/game/logic/g_old_mangle_thunks.asm:63	Task deleting-destructor thunk forwards to the scalar destructor implementation.
0x004A52F0	??_GTask@@UAEPAXI@Z	V4	PASS	ida-manual-20260828	2026-08-28	c3_bin/codmp_xboxr.xbe.c:1012802	Release Task vector deleting destructor restores the vtable and conditionally releases the object.
0x004A52F0	??_ETask@@UAEPAXI@Z	V3	PASS	ida-manual-20260828	2026-08-28	src/game/logic/g_old_mangle_thunks.asm:63	Task vector-deleting alias forwards to the scalar deleting destructor path.
0x004A52F0	??_ETask@@UAEPAXI@Z	V4	PASS	ida-manual-20260828	2026-08-28	c3_bin/codmp_xboxr.xbe.c:1012802	Release Task vector deleting destructor has the same vtable restore and conditional release contract.
0x004A5320	??1TaskFunctor@@UAE@XZ	V3	PASS	ida-manual-20260828	2026-08-28	src/game/logic/g_accessors.cpp:632	TaskFunctor destructor preserves the base virtual-object lifetime contract.
0x004A5320	??1TaskFunctor@@UAE@XZ	V4	PASS	ida-manual-20260828	2026-08-28	c3_bin/codmp_xboxr.xbe.c:1012812	Release TaskFunctor destructor restores its vtable.
0x004A5330	?GetHandler@XAnimUpdateTask@@SAPAVTaskHandler@@XZ	V3	PASS	ida-manual-20260828	2026-08-28	src/game/logic/g_accessors.cpp:524	XAnimUpdateTask GetHandler returns its static TaskHandler.
0x004A5330	?GetHandler@XAnimUpdateTask@@SAPAVTaskHandler@@XZ	V4	PASS	ida-manual-20260828	2026-08-28	c3_bin/codmp_xboxr.xbe.c:1012819	Release XAnimUpdateTask GetHandler returns sHandler.
0x004A5340	?GetHandler@AnimationUpdateTask@@SAPAVTaskHandler@@XZ	V3	PASS	ida-manual-20260828	2026-08-28	src/game/logic/g_accessors.cpp:529	AnimationUpdateTask GetHandler returns its static TaskHandler.
0x004A5340	?GetHandler@AnimationUpdateTask@@SAPAVTaskHandler@@XZ	V4	PASS	ida-manual-20260828	2026-08-28	c3_bin/codmp_xboxr.xbe.c:1012825	Release AnimationUpdateTask GetHandler returns sHandler.
0x004A5350	?Inst@AnimBankManager@@SAPAV1@XZ	V3	PASS	ida-manual-20260828	2026-08-28	src/game/logic/g_accessors.cpp:499	AnimBankManager Inst returns its static singleton.
0x004A5350	?Inst@AnimBankManager@@SAPAV1@XZ	V4	PASS	ida-manual-20260828	2026-08-28	c3_bin/codmp_xboxr.xbe.c:1012831	Release AnimBankManager Inst returns sInst.
0x004A5360	?Inst@PhysDataBankManager@@SAPAV1@XZ	V3	PASS	ida-manual-20260828	2026-08-28	src/game/logic/g_accessors.cpp:488	PhysDataBankManager Inst returns its static singleton.
0x004A5360	?Inst@PhysDataBankManager@@SAPAV1@XZ	V4	PASS	ida-manual-20260828	2026-08-28	c3_bin/codmp_xboxr.xbe.c:1012837	Release PhysDataBankManager Inst returns sInst.
0x004A5370	?get_is_locked@controller@@QAE_NXZ	V3	PASS	ida-manual-20260828	2026-08-28	src/input/controller.cpp:701	Controller lock query returns the stored lock state.
0x004A5370	?get_is_locked@controller@@QAE_NXZ	V4	PASS	ida-manual-20260828	2026-08-28	c3_bin/codmp_xboxr.xbe.c:1012843	Release get_is_locked returns is_locked.
0x004A5380	?get_locked_port@controller@@QAEHXZ	V3	PASS	ida-manual-20260828	2026-08-28	src/input/controller.cpp:703	Controller port query returns the stored locked port.
0x004A5380	?get_locked_port@controller@@QAEHXZ	V4	PASS	ida-manual-20260828	2026-08-28	c3_bin/codmp_xboxr.xbe.c:1012849	Release get_locked_port returns locked_port.
0x004A53B0	?tlGetTick@@YA_KXZ	V3	PASS	ida-manual-20260828	2026-08-28	src/game/logic/g_accessors.cpp:2157	tlGetTick returns the x86 timestamp counter.
0x004A53B0	?tlGetTick@@YA_KXZ	V4	PASS	ida-manual-20260828	2026-08-28	c3_bin/codmp_xboxr.xbe.c:1012867	Release tlGetTick returns __rdtsc().
0x004A54B0	??0SimpleCollisionDesc@@QAE@ABVPosition3@math@@0@Z	V3	PASS	ida-manual-20260828	2026-08-28	src/game/logic/g_accessors.cpp:2195	Constructor copies coord and normal from the two Position3 arguments.
0x004A54B0	??0SimpleCollisionDesc@@QAE@ABVPosition3@math@@0@Z	V4	PASS	ida-manual-20260828	2026-08-28	c3_bin/codmp_xboxr.xbe.c:1012925	Release constructor copies c->v to coord and n->v to normal.
0x004A5510	??0CollisionDesc@@QAE@ABVPosition3@math@@0W4ECollisionMaterial@@@Z	V3	PASS	ida-manual-20260828	2026-08-28	src/game/logic/g_accessors.cpp:2202	Constructor copies coord, normal, and material into the collision descriptor.
0x004A5510	??0CollisionDesc@@QAE@ABVPosition3@math@@0W4ECollisionMaterial@@@Z	V4	PASS	ida-manual-20260828	2026-08-28	c3_bin/codmp_xboxr.xbe.c:1012936	Release constructor copies c->v, n->v, and material.
0x004A5ED0	??0Position3@math@@QAE@ABUPacked@01@@Z	V3	PASS	ida-manual-20260828	2026-08-28	src/game/logic/g_accessors.cpp:948	Packed Position3 constructor expands packed x/y/z and clears w.
0x004A5ED0	??0Position3@math@@QAE@ABUPacked@01@@Z	V4	PASS	ida-manual-20260828	2026-08-28	c3_bin/codmp_xboxr.xbe.c:1013293	Release constructor expands packed x/y/z and sets w to zero.
0x004A5F40	??0Vector4@math@@QAE@ABVDir3@1@@Z	V3	PASS	ida-manual-20260828	2026-08-28	src/game/logic/g_accessors.cpp:991	Dir3 Vector4 constructor performs the release-equivalent lane shuffle.
0x004A5F40	??0Vector4@math@@QAE@ABVDir3@1@@Z	V4	PASS	ida-manual-20260828	2026-08-28	c3_bin/codmp_xboxr.xbe.c:1013305	Release constructor shuffles the Dir3 lanes into Vector4.
0x004A7400	??0Mat43@math@@QAE@ABV01@@Z	V3	PASS	ida-manual-20260828	2026-08-28	src/core/math_types.h:360	Inline copy constructor copies all four Mat43 members.
0x004A7400	??0Mat43@math@@QAE@ABV01@@Z	V4	PASS	ida-manual-20260828	2026-08-28	c3_bin/codmp_xboxr.xbe.c:1013956	Release copy constructor copies the complete Mat43 object.
0x004A5810	??2WaitTilOutput@@SAPAXI_NPBDH@Z	V3	PASS	ida-manual-20260828	2026-08-28	src/game/core/ctor_dtor.cpp:275	WaitTilOutput placement allocation forwards size and force flag to its pool allocator.
0x004A5810	??2WaitTilOutput@@SAPAXI_NPBDH@Z	V4	PASS	ida-manual-20260828	2026-08-28	c3_bin/codmp_xboxr.xbe.c:1013050	Release placement allocation calls PoolAllocator::Allocate with size and forceHeapAlloc.
0x004A5890	??3WaitTilOutput@@SAXPAX_NPBDH@Z	V3	PASS	ida-manual-20260828	2026-08-28	src/game/core/ctor_dtor.cpp:291	WaitTilOutput deletion releases the object through its pool allocator.
0x004A5890	??3WaitTilOutput@@SAXPAX_NPBDH@Z	V4	PASS	ida-manual-20260828	2026-08-28	c3_bin/codmp_xboxr.xbe.c:1013068	Release deletion calls PoolAllocator::Release on sAllocator.
0x004A5920	??1WaitTilOutput@@UAE@XZ	V3	PASS	ida-manual-20260828	2026-08-28	src/game/core/ctor_dtor.cpp:296	WaitTilOutput destructor is an intentionally empty lifetime body.
0x004A5920	??1WaitTilOutput@@UAE@XZ	V4	PASS	ida-manual-20260828	2026-08-28	c3_bin/codmp_xboxr.xbe.c:1013086	Release destructor only restores the WaitTilOutput vtable.
0x004A5BF0	??2EntityNotify@@SAPAXI_NPBDH@Z	V3	PASS	ida-manual-20260828	2026-08-28	src/game/core/ctor_dtor.cpp:207	EntityNotify allocation forwards size and force flag to its pool allocator.
0x004A5BF0	??2EntityNotify@@SAPAXI_NPBDH@Z	V4	PASS	ida-manual-20260828	2026-08-28	c3_bin/codmp_xboxr.xbe.c:1013191	Release EntityNotify allocation calls PoolAllocator::Allocate.
0x004A5C60	??3EntityNotify@@SAXPAX_NPBDH@Z	V3	PASS	ida-manual-20260828	2026-08-28	src/game/core/ctor_dtor.cpp:218	EntityNotify deletion releases through sAllocator.
0x004A5C60	??3EntityNotify@@SAXPAX_NPBDH@Z	V4	PASS	ida-manual-20260828	2026-08-28	c3_bin/codmp_xboxr.xbe.c:1013203	Release EntityNotify deletion calls PoolAllocator::Release.
0x004A7760	??2tagInfo_t@@SAPAXI_NPBDH@Z	V3	PASS	ida-manual-20260828	2026-08-28	src/game/logic/g_dobj.cpp:1661	Tag info allocation forwards size and force flag to its pool allocator.
0x004A7760	??2tagInfo_t@@SAPAXI_NPBDH@Z	V4	PASS	ida-manual-20260828	2026-08-28	c3_bin/codmp_xboxr.xbe.c:1014071	Release tagInfo_t allocation calls PoolAllocator::Allocate.
0x004A7780	??3tagInfo_t@@SAXPAX_NPBDH@Z	V3	PASS	ida-manual-20260828	2026-08-28	src/game/logic/g_dobj.cpp:1667	Tag info placement deletion releases through sAllocator.
0x004A7780	??3tagInfo_t@@SAXPAX_NPBDH@Z	V4	PASS	ida-manual-20260828	2026-08-28	c3_bin/codmp_xboxr.xbe.c:1014077	Release tagInfo_t placement deletion calls PoolAllocator::Release.
0x004A77A0	??3tagInfo_t@@SAXPAX@Z	V3	PASS	ida-manual-20260828	2026-08-28	src/game/logic/g_dobj.cpp:1673	Tag info ordinary deletion releases through sAllocator.
0x004A77A0	??3tagInfo_t@@SAXPAX@Z	V4	PASS	ida-manual-20260828	2026-08-28	c3_bin/codmp_xboxr.xbe.c:1014083	Release ordinary tagInfo_t deletion calls PoolAllocator::Release.
0x005D63E0	?IsAds@BrocSys@@YAHI@Z	V3	PASS	ida-manual-scr-20260828	2026-08-28	src/game/logic/g_scr.cpp:20333-20342	Source resolves a client handle and reports the ADS pm flag.
0x005D63E0	?IsAds@BrocSys@@YAHI@Z	V4	PASS	ida-manual-scr-20260828	2026-08-28	c3_bin/codmp_xboxr.xbe.c:1196258	Release client validation and ADS flag test match source.
0x005D6440	?IsOnGround@BrocSys@@YAHI@Z	V3	PASS	ida-manual-scr-20260828	2026-08-28	src/game/logic/g_scr.cpp:20345-20357	Source resolves a client handle and reports whether its ground entity is defined.
0x005D6440	?IsOnGround@BrocSys@@YAHI@Z	V4	PASS	ida-manual-scr-20260828	2026-08-28	c3_bin/codmp_xboxr.xbe.c:1196271	Release client validation and ground-entity test match source.
0x005D65A0	?AllowStand@BrocSys@@YAXI_N@Z	V3	PASS	ida-manual-scr-20260828	2026-08-28	src/game/logic/g_scr.cpp:20402-20412	Source preserves the release no-op control hook while validating the client handle.
0x005D65A0	?AllowStand@BrocSys@@YAXI_N@Z	V4	PASS	ida-manual-scr-20260828	2026-08-28	c3_bin/codmp_xboxr.xbe.c:1196331	Release AllowStand body validates the client and performs no state mutation, matching source.
0x005D65E0	?AllowCrouch@BrocSys@@YAXI_N@Z	V3	PASS	ida-manual-scr-20260828	2026-08-28	src/game/logic/g_scr.cpp:20414-20424	Source preserves the release no-op crouch-control hook while validating the client handle.
0x005D65E0	?AllowCrouch@BrocSys@@YAXI_N@Z	V4	PASS	ida-manual-scr-20260828	2026-08-28	c3_bin/codmp_xboxr.xbe.c:1196344	Release AllowCrouch body validates the client and performs no state mutation, matching source.
0x005D6620	?AllowProne@BrocSys@@YAXI_N@Z	V3	PASS	ida-manual-scr-20260828	2026-08-28	src/game/logic/g_scr.cpp:20426-20436	Source preserves the release no-op prone-control hook while validating the client handle.
0x005D6620	?AllowProne@BrocSys@@YAXI_N@Z	V4	PASS	ida-manual-scr-20260828	2026-08-28	c3_bin/codmp_xboxr.xbe.c:1196357	Release AllowProne body validates the client and performs no state mutation, matching source.
0x005D6660	?AllowLeanLeft@BrocSys@@YAXI_N@Z	V3	PASS	ida-manual-scr-20260828	2026-08-28	src/game/logic/g_scr.cpp:20438-20448	Source preserves the release no-op lean-left hook while validating the client handle.
0x005D6660	?AllowLeanLeft@BrocSys@@YAXI_N@Z	V4	PASS	ida-manual-scr-20260828	2026-08-28	c3_bin/codmp_xboxr.xbe.c:1196371	Release AllowLeanLeft body validates the client and performs no state mutation, matching source.
0x005D66A0	?AllowLeanRight@BrocSys@@YAXI_N@Z	V3	PASS	ida-manual-scr-20260828	2026-08-28	src/game/logic/g_scr.cpp:20450-20460	Source preserves the release no-op lean-right hook while validating the client handle.
0x005D66A0	?AllowLeanRight@BrocSys@@YAXI_N@Z	V4	PASS	ida-manual-scr-20260828	2026-08-28	c3_bin/codmp_xboxr.xbe.c:1196383	Release AllowLeanRight body validates the client and performs no state mutation, matching source.
0x005D66E0	?SetSpectateTeamKill@BrocSys@@YAXHIH@Z	V3	PASS	ida-manual-scr-20260828	2026-08-28	src/game/logic/g_scr.cpp:20462-20475	Source resolves the killer client, obtains the spectator menu, and forwards team-kill state.
0x005D66E0	?SetSpectateTeamKill@BrocSys@@YAXHIH@Z	V4	PASS	ida-manual-scr-20260828	2026-08-28	c3_bin/codmp_xboxr.xbe.c:1196396	Release killer lookup, menu selection, and SetTeamKill call match source.
0x005D6880	?GetWeaponSlotWeapon@BrocSys@@YAXIABVstring@Broc@@AAV23@@Z	V3	PASS	ida-manual-scr-20260828	2026-08-28	src/game/logic/g_scr.cpp:20522-20542	Source resolves a client and slot name, validates the slot, and returns the equipped weapon string.
0x005D6880	?GetWeaponSlotWeapon@BrocSys@@YAXIABVstring@Broc@@AAV23@@Z	V4	PASS	ida-manual-scr-20260828	2026-08-28	c3_bin/codmp_xboxr.xbe.c:1196461	Release client/slot validation and equipped-weapon retrieval match source.
0x005DA8C0	?IsTurretReady@BrocSys@@YA_NI@Z	V3	PASS	ida-manual-scr-20260828	2026-08-28	src/game/logic/g_scr.cpp:22720-22769	Source validates the entity/vehicle and reports turret fire readiness from the vehicle fire timer.
0x005DA8C0	?IsTurretReady@BrocSys@@YA_NI@Z	V4	PASS	ida-manual-scr-20260828	2026-08-28	c3_bin/codmp_xboxr.xbe.c:1199201	Release vehicle validation/assert paths and fire-time readiness result match source.
0x005DA9D0	?SetVehicleName@BrocSys@@YAXIABVstring@Broc@@@Z	V3	PASS	ida-manual-scr-20260828	2026-08-28	src/game/logic/g_scr.cpp:22771-22814	Source validates the vehicle and updates its script proper name, retaining release assert behavior for invalid entities.
0x005DA9D0	?SetVehicleName@BrocSys@@YAXIABVstring@Broc@@@Z	V4	PASS	ida-manual-scr-20260828	2026-08-28	c3_bin/codmp_xboxr.xbe.c:1199256	Release vehicle-name assignment and invalid-entity assert paths match source.
0x005DAAC0	?GetTurretRelAngles@BrocSys@@YAXIAAUvector@Broc@@_N@Z	V3	PASS	ida-manual-scr-20260828	2026-08-28	src/game/logic/g_scr.cpp:22816-22868	Source validates the vehicle and returns either gunner or turret relative angles, retaining release assert behavior.
0x005DAAC0	?GetTurretRelAngles@BrocSys@@YAXIAAUvector@Broc@@_N@Z	V4	PASS	ida-manual-scr-20260828	2026-08-28	c3_bin/codmp_xboxr.xbe.c:1199304	Release angle-source selection, output components, and invalid-entity assert paths match source.
0x005C8180	?NotifyPakLoaded@BrocSys@@YAXPBD@Z	V3	PASS	ida-manual-scr-20260828	2026-08-28	src/game/streamer/pakmanager.cpp:8014-8017	Source forwards loaded pak notifications through the shared pak-load operation helper.
0x005C8180	?NotifyPakLoaded@BrocSys@@YAXPBD@Z	V4	PASS	ida-manual-scr-20260828	2026-08-28	c3_bin/codmp_xboxr.xbe.c:1185653	Release loaded-pak operation forwarding matches source.
0x005C81A0	?NotifyPakUnloaded@BrocSys@@YAXPBD@Z	V3	PASS	ida-manual-scr-20260828	2026-08-28	src/game/streamer/pakmanager.cpp:8009-8012	Source forwards unloaded pak notifications through the shared pak-load operation helper.
0x005C81A0	?NotifyPakUnloaded@BrocSys@@YAXPBD@Z	V4	PASS	ida-manual-scr-20260828	2026-08-28	c3_bin/codmp_xboxr.xbe.c:1185659	Release unloaded-pak operation forwarding matches source.
0x005C84E0	?Rumble@BrocSys@@YAXMMMMMMMH@Z	V3	PASS	ida-manual-scr-20260828	2026-08-28	src/game/logic/g_scr.cpp:24902-25035	Source builds the two-channel rumble effect, applies release range/assert behavior, and submits it for the selected player.
0x005C84E0	?Rumble@BrocSys@@YAXMMMMMMMH@Z	V4	PASS	ida-manual-scr-20260828	2026-08-28	c3_bin/codmp_xboxr.xbe.c:1185792	Release rumble channel setup, assertions, and dispatch match source.
0x005CB840	?Trace@BrocSys@@YAXAAUcollResult@Broc@@ABUvector@3@1@Z	V3	PASS	ida-manual-scr-20260828	2026-08-28	src/game/logic/g_scr.cpp:24826-24900	Source builds the release collision context, performs a trace, converts hit entity/normal/surface data, and fills collResult.
0x005CB840	?Trace@BrocSys@@YAXAAUcollResult@Broc@@ABUvector@3@1@Z	V4	PASS	ida-manual-scr-20260828	2026-08-28	c3_bin/codmp_xboxr.xbe.c:1188247	Release trace context, entity/world filtering, normal fallback, and surface conversion match source.
0x005CBA30	?BulletTrace@BrocSys@@YAXAAUcollResult@Broc@@ABUvector@3@1_NI@Z	V3	PASS	ida-manual-scr-20260828	2026-08-28	src/game/logic/g_scr.cpp:27474-27610	Source builds the bullet collision context, applies pass-entity rules, performs the trace, and fills the script collision result.
0x005CBA30	?BulletTrace@BrocSys@@YAXAAUcollResult@Broc@@ABUvector@3@1_NI@Z	V4	PASS	ida-manual-scr-20260828	2026-08-28	c3_bin/codmp_xboxr.xbe.c:1188330	Release bullet trace masks, pass-entity handling, hit conversion, and result fields match source.
0x005CC890	?SetFlaggedAnimAligned@BrocSys@@YAXIIABUvector@Broc@@0I@Z	V3	PASS	ida-manual-scr-20260828	2026-08-28	src/game/logic/g_scr.cpp:25145-25230	Source validates actor/animation state, constructs aligned transform data, updates scripted animation state, and applies the animation goal.
0x005CC890	?SetFlaggedAnimAligned@BrocSys@@YAXIIABUvector@Broc@@0I@Z	V4	PASS	ida-manual-scr-20260828	2026-08-28	c3_bin/codmp_xboxr.xbe.c:1188979	Release actor validation, scripted allocation/asserts, transform construction, and XAnim goal updates match source.
0x005DF580	?GetCondText@AeThreadEntityNotifyState@@UAEXAAV?$ae_fixed_string@$0EA@E@@@Z	V3	PASS	ida-manual-threadstate-20260828	2026-08-28	src/game/logic/g_scr.cpp:23567-23594	Source appends wake/sleep prefixes and the resolved notify name under the same action-state conditions.
0x005DF580	?GetCondText@AeThreadEntityNotifyState@@UAEXAAV?$ae_fixed_string@$0EA@E@@@Z	V4	PASS	ida-manual-threadstate-20260828	2026-08-28	c3_bin/codmp_xboxr.xbe.c:1201848-1201902	Release notify condition text branches and bounded string appends match source.
0x005DF680	?GetDebugTxt@AeThreadEntityNotifyState@@UAEXAAV?$ae_fixed_string@$0EA@E@@@Z	V3	PASS	ida-manual-threadstate-20260828	2026-08-28	src/game/logic/g_scr.cpp:23595-23615	Source appends wake/terminate debug prefixes and the notify name for the matching states.
0x005DF680	?GetDebugTxt@AeThreadEntityNotifyState@@UAEXAAV?$ae_fixed_string@$0EA@E@@@Z	V4	PASS	ida-manual-threadstate-20260828	2026-08-28	c3_bin/codmp_xboxr.xbe.c:1201903-1201957	Release entity-notify debug text behavior matches source.
0x005DF780	?GetCondText@AeThreadEntityNotifyTimeoutState@@UAEXAAV?$ae_fixed_string@$0EA@E@@@Z	V3	PASS	ida-manual-threadstate-20260828	2026-08-28	src/game/logic/g_scr.cpp:23616-23647	Source formats remaining time, then appends the same wake/sleep notify text branches.
0x005DF780	?GetCondText@AeThreadEntityNotifyTimeoutState@@UAEXAAV?$ae_fixed_string@$0EA@E@@@Z	V4	PASS	ida-manual-threadstate-20260828	2026-08-28	c3_bin/codmp_xboxr.xbe.c:1201958-1202020	Release timeout condition formatting and notify text match source.
0x005DF8B0	?GetDebugTxt@AeThreadEntityNotifyTimeoutState@@UAEXAAV?$ae_fixed_string@$0EA@E@@@Z	V3	PASS	ida-manual-threadstate-20260828	2026-08-28	src/game/logic/g_scr.cpp:23648-23682	Source emits time-wait or notify-specific wake/terminate text with the same remaining-time branch.
0x005DF8B0	?GetDebugTxt@AeThreadEntityNotifyTimeoutState@@UAEXAAV?$ae_fixed_string@$0EA@E@@@Z	V4	PASS	ida-manual-threadstate-20260828	2026-08-28	c3_bin/codmp_xboxr.xbe.c:1202021-1202081	Release timeout debug text branches match source.
0x005DF9E0	?GetCondText@AeThreadEntityNotifyMatchState@@UAEXAAV?$ae_fixed_string@$0EA@E@@@Z	V3	PASS	ida-manual-threadstate-20260828	2026-08-28	src/game/logic/g_scr.cpp:23683-23721	Source appends each active debug notify with separators and event-mask markers when waking.
0x005DF9E0	?GetCondText@AeThreadEntityNotifyMatchState@@UAEXAAV?$ae_fixed_string@$0EA@E@@@Z	V4	PASS	ida-manual-threadstate-20260828	2026-08-28	c3_bin/codmp_xboxr.xbe.c:1202082-1202145	Release match-state condition text loop and markers match source.
0x005DFB40	?GetDebugTxt@AeThreadEntityNotifyMatchState@@UAEXAAV?$ae_fixed_string@$0EA@E@@@Z	V3	PASS	ida-manual-threadstate-20260828	2026-08-28	src/game/logic/g_scr.cpp:23722-23760	Source emits the waking prefix and joins all debug notify names with the same separators.
0x005DFB40	?GetDebugTxt@AeThreadEntityNotifyMatchState@@UAEXAAV?$ae_fixed_string@$0EA@E@@@Z	V4	PASS	ida-manual-threadstate-20260828	2026-08-28	c3_bin/codmp_xboxr.xbe.c:1202146-1202207	Release match-state debug text loop matches source.
0x005DCF80	?GetEntTarget@BrocSys@@YAIIPAIH@Z	V3	PASS	ida-manual-script-fields-20260828	2026-08-28	src/game/logic/g_scr.cpp:23423-23427	Source resolves target entities through GetEntByFieldAndHash using field offset 656.
0x005DCF80	?GetEntTarget@BrocSys@@YAIIPAIH@Z	V4	PASS	ida-manual-script-fields-20260828	2026-08-28	c3_bin/codmp_xboxr.xbe.c:1201070-1201074	Release target lookup uses the same field offset and helper.
0x005DCFA0	?GetEntTargetName@BrocSys@@YAIIPAIH@Z	V3	PASS	ida-manual-script-fields-20260828	2026-08-28	src/game/logic/g_scr.cpp:23428-23433	Source resolves targetname entities through GetEntByFieldAndHash using field offset 648.
0x005DCFA0	?GetEntTargetName@BrocSys@@YAIIPAIH@Z	V4	PASS	ida-manual-script-fields-20260828	2026-08-28	c3_bin/codmp_xboxr.xbe.c:1201076-1201080	Release targetname lookup matches source.
0x005DCFC0	?GetEntClassname@BrocSys@@YAIIPAIH@Z	V3	PASS	ida-manual-script-fields-20260828	2026-08-28	src/game/logic/g_scr.cpp:23434-23439	Source resolves classname entities through GetEntByFieldAndHash using field offset 640.
0x005DCFC0	?GetEntClassname@BrocSys@@YAIIPAIH@Z	V4	PASS	ida-manual-script-fields-20260828	2026-08-28	c3_bin/codmp_xboxr.xbe.c:1201082-1201086	Release classname lookup matches source.
0x005DCFE0	?GetEntNoteWorthy@BrocSys@@YAIIPAIH@Z	V3	PASS	ida-manual-script-fields-20260828	2026-08-28	src/game/logic/g_scr.cpp:23440-23445	Source resolves noteworthy entities through GetEntByFieldAndHash using field offset 672.
0x005DCFE0	?GetEntNoteWorthy@BrocSys@@YAIIPAIH@Z	V4	PASS	ida-manual-script-fields-20260828	2026-08-28	c3_bin/codmp_xboxr.xbe.c:1201088-1201092	Release noteworthy lookup matches source.
0x005DD000	?GetEntGroup@BrocSys@@YAIIPAIH@Z	V3	PASS	ida-manual-script-fields-20260828	2026-08-28	src/game/logic/g_scr.cpp:23446-23450	Source resolves grouped entities through GetEntByFieldAndHash using field offset 664.
0x005DD000	?GetEntGroup@BrocSys@@YAIIPAIH@Z	V4	PASS	ida-manual-script-fields-20260828	2026-08-28	c3_bin/codmp_xboxr.xbe.c:1201094-1201098	Release group lookup matches source.
