0x41, 0x50, 0x4B, 0x46, 0x04, 0x01, 0x00, 0x00, 0x00, 0x00, 0x00, 0x00, 0xFF, 0xFF, 0xFF, 0xFF,
0x02, 0x00, 0x00, 0x00, 0x18, 0x01, 0x00, 0x00, 0x00, 0x00, 0x00, 0x00, 0x54, 0x45, 0x58, 0x00,
0x03, 0x00, 0x00, 0x00, 0x02, 0x00, 0x00, 0x00, 0x14, 0x00, 0x00, 0x00, 0x04, 0x00, 0x00, 0x00,
0x04, 0x00, 0x00, 0x00, 0x80, 0x00, 0x00, 0x01, 0x00, 0x00, 0x00, 0x00, 0x30, 0x00, 0x00, 0x00,
0x40, 0x00, 0x00, 0x00, 0x00, 0x40, 0x00, 0x00, 0x44, 0x00, 0x00, 0x00, 0x40, 0x00, 0x00, 0x00,
0x00, 0x40, 0x00, 0x00, 0x58, 0x00, 0x00, 0x00, 0x40, 0x00, 0x00, 0x00, 0x00, 0x40, 0x00, 0x00,
0x6C, 0x00, 0x00, 0x00, 0x40, 0x00, 0x00, 0x00, 0x00, 0x40, 0x00, 0x00, 0x7F, 0x21, 0xEE, 0x4B,
0x73, 0x70, 0x69, 0x6E, 0x6E, 0x65, 0x72, 0x5F, 0x61, 0x00, 0x00, 0x00, 0x00, 0x00, 0x00, 0x00,
0x00, 0x00, 0x00, 0x00, 0x00, 0x00, 0x00, 0x00, 0x00, 0x00, 0x00, 0x00, 0x80, 0x21, 0xEE, 0x4B,
0x73, 0x70, 0x69, 0x6E, 0x6E, 0x65, 0x72, 0x5F, 0x62, 0x00, 0x00, 0x00, 0x00, 0x00, 0x00, 0x00,
0x00, 0x00, 0x00, 0x00, 0x00, 0x00, 0x00, 0x00, 0x00, 0x00, 0x00, 0x00, 0x81, 0x21, 0xEE, 0x4B,
0x73, 0x70, 0x69, 0x6E, 0x6E, 0x65, 0x72, 0x5F, 0x63, 0x00, 0x00, 0x00, 0x00, 0x00, 0x00, 0x00,
0x00, 0x00, 0x00, 0x00, 0x00, 0x00, 0x00, 0x00, 0x00, 0x00, 0x00, 0x00, 0x82, 0x21, 0xEE, 0x4B,
0x73, 0x70, 0x69, 0x6E, 0x6E, 0x65, 0x72, 0x5F, 0x64, 0x00, 0x00, 0x00, 0x00, 0x00, 0x00, 0x00,
0x00, 0x00, 0x00, 0x00, 0x00, 0x00, 0x00, 0x00, 0x00, 0x00, 0x00, 0x00, 0x83, 0x7C, 0xA9, 0x07,
0x69, 0x6D, 0x61, 0x67, 0x65, 0x00, 0x00, 0x00, 0x00, 0x00, 0x00, 0x00, 0x00, 0x00, 0x00, 0x00,
0x00, 0x00, 0x00, 0x00, 0x00, 0x00, 0x00, 0x00, 0x00, 0x00, 0x00, 0x00, 0xBD, 0x4C, 0x12, 0xC5,
0x70, 0x68, 0x79, 0x73, 0x69, 0x63, 0x61, 0x6C, 0x00, 0x00, 0x00, 0x00, 0x00, 0x00, 0x00, 0x00,
0x00, 0x00, 0x00, 0x00, 0x00, 0x00, 0x00, 0x00, 0x00, 0x00, 0x00, 0x00, 0xC0, 0xFF, 0xFF, 0xFF,
0x00, 0x00, 0x00, 0x00, 0x10, 0x00, 0x00, 0x00, 0x00, 0x00, 0x00, 0x00, 0x00, 0x01, 0x00, 0x00,
0x20, 0x00, 0x00, 0x00, 0xC8, 0xFF, 0xFF, 0xFF, 0x00, 0x00, 0x00, 0x00, 0x00, 0x10, 0x00, 0x00,
0x00, 0x00, 0x01, 0x00, 0x00, 0x00, 0x01, 0x00, 0xA8, 0x0E, 0x00, 0x00, 0x00, 0x00, 0x00, 0x00,
0x40, 0x00, 0x00, 0x00, 0x40, 0x00, 0x00, 0x00, 0x00, 0x00, 0x00, 0x00, 0x00, 0x00, 0x00, 0x00,
0x00, 0x00, 0x00, 0xFC, 0x0B, 0x00, 0x00, 0x00, 0x00, 0x40, 0x00, 0x00, 0x00, 0x00, 0x00, 0x00,
0x00, 0x00, 0x00, 0x00, 0x00, 0x00, 0x00, 0x00, 0x00, 0x00, 0x00, 0x00, 0x01, 0x00, 0x04, 0x00,
0x00, 0x00, 0x00, 0x00, 0x00, 0x00, 0x00, 0x00, 0x29, 0x06, 0x61, 0x06, 0x00, 0x00, 0x00, 0x00,
0x40, 0x00, 0x00, 0x00, 0x40, 0x00, 0x00, 0x00, 0x00, 0x00, 0x00, 0x00, 0x00, 0x00, 0x00, 0x00,
0x08, 0x00, 0x00, 0xFC, 0x1B, 0x00, 0x00, 0x00, 0x00, 0x40, 0x00, 0x00, 0x00, 0x00, 0x00, 0x00,
0x00, 0x00, 0x00, 0x00, 0x00, 0x00, 0x00, 0x00, 0x00, 0x00, 0x00, 0x00, 0x01, 0x00, 0x04, 0x00,
0x00, 0x00, 0x00, 0x00, 0x00, 0x00, 0x00, 0x00, 0x29, 0x06, 0x61, 0x06, 0x00, 0x00, 0x00, 0x00,
0x40, 0x00, 0x00, 0x00, 0x40, 0x00, 0x00, 0x00, 0x00, 0x00, 0x00, 0x00, 0x00, 0x00, 0x00, 0x00,
0x10, 0x00, 0x00, 0xFC, 0x2B, 0x00, 0x00, 0x00, 0x00, 0x40, 0x00, 0x00, 0x00, 0x00, 0x00, 0x00,
0x00, 0x00, 0x00, 0x00, 0x00, 0x00, 0x00, 0x00, 0x00, 0x00, 0x00, 0x00, 0x01, 0x00, 0x04, 0x00,
0x00, 0x00, 0x00, 0x00, 0x00, 0x00, 0x00, 0x00, 0x29, 0x06, 0x61, 0x06, 0x00, 0x00, 0x00, 0x00,
0x40, 0x00, 0x00, 0x00, 0x40, 0x00, 0x00, 0x00, 0x00, 0x00, 0x00, 0x00, 0x00, 0x00, 0x00, 0x00,
0x18, 0x00, 0x00, 0xFC, 0x3B, 0x00, 0x00, 0x00, 0x00, 0x40, 0x00, 0x00, 0x00, 0x00, 0x00, 0x00,
0x00, 0x00, 0x00, 0x00, 0x00, 0x00, 0x00, 0x00, 0x00, 0x00, 0x00, 0x00, 0x01, 0x00, 0x04, 0x00,
0x00, 0x00, 0x00, 0x00, 0x00, 0x00, 0x00, 0x00, 0x29, 0x06, 0x61, 0x06, 0x00, 0x00, 0x00, 0x00,
0x00, 0x00, 0x00, 0x00, 0x00, 0x00, 0x00, 0x00, 0x00, 0x00, 0x00, 0x00, 0x00, 0x00, 0x00, 0x00,
0x00, 0x00, 0x00, 0x00, 0x00, 0x00, 0x00, 0x00, 0x00, 0x00, 0x00, 0x00, 0x00, 0x00, 0x00, 0x00,
0x00, 0x00, 0x00, 0x00, 0x00, 0x00, 0x00, 0x00, 0x00, 0x00, 0x00, 0x00, 0x00, 0x00, 0x00, 0x00,
0x00, 0x00, 0x00, 0x00, 0x00, 0x00, 0x00, 0x00, 0x00, 0x00, 0x00, 0x00, 0x00, 0x00, 0x00, 0x00,
0x00, 0x00, 0x00, 0x00, 0x00, 0x00, 0x00, 0x00, 0x00, 0x00, 0x00, 0x00, 0x00, 0x00, 0x00, 0x00,
0x00, 0x00, 0x00, 0x00, 0x00, 0x00, 0x00, 0x00, 0x00, 0x00, 0x00, 0x00, 0x00, 0x00, 0x00, 0x00,
0x00, 0x00, 0x00, 0x00, 0x00, 0x00, 0x00, 0x00, 0x00, 0x00, 0x00, 0x00, 0x00, 0x00, 0x00, 0x00,
0x00, 0x00, 0x00, 0x00, 0x00, 0x00, 0x00, 0x00, 0x00, 0x00, 0x00, 0x00, 0x00, 0x00, 0x00, 0x00,
0x00, 0x00, 0x00, 0x00, 0x00, 0x00, 0x00, 0x00, 0x00, 0x00, 0x00, 0x00, 0x00, 0x00, 0x00, 0x00,
0x00, 0x00, 0x00, 0x00, 0x00, 0x00, 0x00, 0x00, 0x00, 0x00, 0x00, 0x00, 0x00, 0x00, 0x00, 0x00,
0x00, 0x00, 0x00, 0x00, 0x00, 0x00, 0x00, 0x00, 0x00, 0x00, 0x00, 0x00, 0x00, 0x00, 0x00, 0x00,
0x00, 0x00, 0x00, 0x00, 0x00, 0x00, 0x00, 0x00, 0x00, 0x00, 0x00, 0x00, 0x00, 0x00, 0x00, 0x00,
0x00, 0x00, 0x00, 0x00, 0x00, 0x00, 0x00, 0x00, 0x00, 0x00, 0x00, 0x00, 0x00, 0x00, 0x00, 0x00,
0x00, 0x00, 0x00, 0x00, 0x00, 0x00, 0x00, 0x00, 0x00, 0x00, 0x00, 0x00, 0x00, 0x00, 0x00, 0x00,
0x00, 0x00, 0x00, 0x00, 0x00, 0x00, 0x00, 0x00, 0x00, 0x00, 0x00, 0x00, 0x00, 0x00, 0x00, 0x00,
0x00, 0x00, 0x00, 0x00, 0x00, 0x00, 0x00, 0x00, 0x00, 0x00, 0x00, 0x00, 0x00, 0x00, 0x00, 0x00,
0x00, 0x00, 0x00, 0x00, 0x00, 0x00, 0x00, 0x00, 0x00, 0x00, 0x00, 0x00, 0x00, 0x00, 0x00, 0x00,
0x00, 0x00, 0x00, 0x00, 0x00, 0x00, 0x00, 0x00, 0x00, 0x00, 0x00, 0x00, 0x00, 0x00, 0x00, 0x00,
0x00, 0x00, 0x00, 0x00, 0x00, 0x00, 0x00, 0x00, 0x00, 0x00, 0x00, 0x00, 0x00, 0x00, 0x00, 0x00,
0x00, 0x00, 0x00, 0x00, 0x00, 0x00, 0x00, 0x00, 0x00, 0x00, 0x00, 0x00, 0x00, 0x00, 0x00, 0x00,
0x00, 0x00, 0x00, 0x00, 0x00, 0x00, 0x00, 0x00, 0x00, 0x00, 0x00, 0x00, 0x00, 0x00, 0x00, 0x00,
0x00, 0x00, 0x00, 0x00, 0x00, 0x00, 0x00, 0x00, 0x00, 0x00, 0x00, 0x00, 0x00, 0x00, 0x00, 0x00,
0x00, 0x00, 0x00, 0x00, 0x00, 0x00, 0x00, 0x00, 0x00, 0x00, 0x00, 0x00, 0x00, 0x00, 0x00, 0x00,
0x00, 0x00, 0x00, 0x00, 0x00, 0x00, 0x00, 0x00, 0x00, 0x00, 0x00, 0x00, 0x00, 0x00, 0x00, 0x00,
0x00, 0x00, 0x00, 0x00, 0x00, 0x00, 0x00, 0x00, 0x00, 0x00, 0x00, 0x00, 0x00, 0x00, 0x00, 0x00,
0x00, 0x00, 0x00, 0x00, 0x00, 0x00, 0x00, 0x00, 0x00, 0x00, 0x00, 0x00, 0x00, 0x00, 0x00, 0x00,
0x00, 0x00, 0x00, 0x00, 0x00, 0x00, 0x00, 0x00, 0x00, 0x00, 0x00, 0x00, 0x00, 0x00, 0x00, 0x00,
0x00, 0x00, 0x00, 0x00, 0x00, 0x00, 0x00, 0x00, 0x00, 0x00, 0x00, 0x00, 0x00, 0x00, 0x00, 0x00,
0x00, 0x00, 0x00, 0x00, 0x00, 0x00, 0x00, 0x00, 0x00, 0x00, 0x00, 0x00, 0x00, 0x00, 0x00, 0x00,
0x00, 0x00, 0x00, 0x00, 0x00, 0x00, 0x00, 0x00, 0x00, 0x00, 0x00, 0x00, 0x00, 0x00, 0x00, 0x00,
0x00, 0x00, 0x00, 0x00, 0x00, 0x00, 0x00, 0x00, 0x00, 0x00, 0x00, 0x00, 0x00, 0x00, 0x00, 0x00,
0x00, 0x00, 0x00, 0x00, 0x00, 0x00, 0x00, 0x00, 0x00, 0x00, 0x00, 0x00, 0x00, 0x00, 0x00, 0x00,
0x00, 0x00, 0x00, 0x00, 0x00, 0x00, 0x00, 0x00, 0x00, 0x00, 0x00, 0x00, 0x00, 0x00, 0x00, 0x00,
0x00, 0x00, 0x00, 0x00, 0x00, 0x00, 0x00, 0x00, 0x00, 0x00, 0x00, 0x00, 0x00, 0x00, 0x00, 0x00,
0x00, 0x00, 0x00, 0x00, 0x00, 0x00, 0x00, 0x00, 0x00, 0x00, 0x00, 0x00, 0x00, 0x00, 0x00, 0x00,
0x00, 0x00, 0x00, 0x00, 0x00, 0x00, 0x00, 0x00, 0x00, 0x00, 0x00, 0x00, 0x00, 0x00, 0x00, 0x00,
0x00, 0x00, 0x00, 0x00, 0x00, 0x00, 0x00, 0x00, 0x00, 0x00, 0x00, 0x00, 0x00, 0x00, 0x00, 0x00,
0x00, 0x00, 0x00, 0x00, 0x00, 0x00, 0x00, 0x00, 0x00, 0x00, 0x00, 0x00, 0x00, 0x00, 0x00, 0x00,
0x00, 0x00, 0x00, 0x00, 0x00, 0x00, 0x00, 0x00, 0x00, 0x00, 0x00, 0x00, 0x00, 0x00, 0x00, 0x00,
0x00, 0x00, 0x00, 0x00, 0x00, 0x00, 0x00, 0x00, 0x00, 0x00, 0x00, 0x00, 0x00, 0x00, 0x00, 0x00,
0x00, 0x00, 0x00, 0x00, 0x00, 0x00, 0x00, 0x00, 0x00, 0x00, 0x00, 0x00, 0x00, 0x00, 0x00, 0x00,
0x00, 0x00, 0x00, 0x00, 0x00, 0x00, 0x00, 0x00, 0x00, 0x00, 0x00, 0x00, 0x00, 0x00, 0x00, 0x00,
0x00, 0x00, 0x00, 0x00, 0x00, 0x00, 0x00, 0x00, 0x00, 0x00, 0x00, 0x00, 0x00, 0x00, 0x00, 0x00,
0x00, 0x00, 0x00, 0x00, 0x00, 0x00, 0x00, 0x00, 0x00, 0x00, 0x00, 0x00, 0x00, 0x00, 0x00, 0x00,
0x00, 0x00, 0x00, 0x00, 0x00, 0x00, 0x00, 0x00, 0x00, 0x00, 0x00, 0x00, 0x00, 0x00, 0x00, 0x00,
0x00, 0x00, 0x00, 0x00, 0x00, 0x00, 0x00, 0x00, 0x00, 0x00, 0x00, 0x00, 0x00, 0x00, 0x00, 0x00,
0x00, 0x00, 0x00, 0x00, 0x00, 0x00, 0x00, 0x00, 0x00, 0x00, 0x00, 0x00, 0x00, 0x00, 0x00, 0x00,
0x00, 0x00, 0x00, 0x00, 0x00, 0x00, 0x00, 0x00, 0x00, 0x00, 0x00, 0x00, 0x00, 0x00, 0x00, 0x00,
0x00, 0x00, 0x00, 0x00, 0x00, 0x00, 0x00, 0x00, 0x00, 0x00, 0x00, 0x00, 0x00, 0x00, 0x00, 0x00,
0x00, 0x00, 0x00, 0x00, 0x00, 0x00, 0x00, 0x00, 0x00, 0x00, 0x00, 0x00, 0x00, 0x00, 0x00, 0x00,
0x00, 0x00, 0x00, 0x00, 0x00, 0x00, 0x00, 0x00, 0x00, 0x00, 0x00, 0x00, 0x00, 0x00, 0x00, 0x00,
0x00, 0x00, 0x00, 0x00, 0x00, 0x00, 0x00, 0x00, 0x00, 0x00, 0x00, 0x00, 0x00, 0x00, 0x00, 0x00,
0x00, 0x00, 0x00, 0x00, 0x00, 0x00, 0x00, 0x00, 0x00, 0x00, 0x00, 0x00, 0x00, 0x00, 0x00, 0x00,
0x00, 0x00, 0x00, 0x00, 0x00, 0x00, 0x00, 0x00, 0x00, 0x00, 0x00, 0x00, 0x00, 0x00, 0x00, 0x00,
0x00, 0x00, 0x00, 0x00, 0x00, 0x00, 0x00, 0x00, 0x00, 0x00, 0x00, 0x00, 0x00, 0x00, 0x00, 0x00,
0x00, 0x00, 0x00, 0x00, 0x00, 0x00, 0x00, 0x00, 0x00, 0x00, 0x00, 0x00, 0x00, 0x00, 0x00, 0x00,
0x00, 0x00, 0x00, 0x00, 0x00, 0x00, 0x00, 0x00, 0x00, 0x00, 0x00, 0x00, 0x00, 0x00, 0x00, 0x00,
0x00, 0x00, 0x00, 0x00, 0x00, 0x00, 0x00, 0x00, 0x00, 0x00, 0x00, 0x00, 0x00, 0x00, 0x00, 0x00,
0x00, 0x00, 0x00, 0x00, 0x00, 0x00, 0x00, 0x00, 0x00, 0x00, 0x00, 0x00, 0x00, 0x00, 0x00, 0x00,
0x00, 0x00, 0x00, 0x00, 0x00, 0x00, 0x00, 0x00, 0x00, 0x00, 0x00, 0x00, 0x00, 0x00, 0x00, 0x00,
0x00, 0x00, 0x00, 0x00, 0x00, 0x00, 0x00, 0x00, 0x00, 0x00, 0x00, 0x00, 0x00, 0x00, 0x00, 0x00,
0x00, 0x00, 0x00, 0x00, 0x00, 0x00, 0x00, 0x00, 0x00, 0x00, 0x00, 0x00, 0x00, 0x00, 0x00, 0x00,
0x00, 0x00, 0x00, 0x00, 0x00, 0x00, 0x00, 0x00, 0x00, 0x00, 0x00, 0x00, 0x00, 0x00, 0x00, 0x00,
0x00, 0x00, 0x00, 0x00, 0x00, 0x00, 0x00, 0x00, 0x00, 0x00, 0x00, 0x00, 0x00, 0x00, 0x00, 0x00,
0x00, 0x00, 0x00, 0x00, 0x00, 0x00, 0x00, 0x00, 0x00, 0x00, 0x00, 0x00, 0x00, 0x00, 0x00, 0x00,
0x00, 0x00, 0x00, 0x00, 0x00, 0x00, 0x00, 0x00, 0x00, 0x00, 0x00, 0x00, 0x00, 0x00, 0x00, 0x00,
0x00, 0x00, 0x00, 0x00, 0x00, 0x00, 0x00, 0x00, 0x00, 0x00, 0x00, 0x00, 0x00, 0x00, 0x00, 0x00,
0x00, 0x00, 0x00, 0x00, 0x00, 0x00, 0x00, 0x00, 0x00, 0x00, 0x00, 0x00, 0x00, 0x00, 0x00, 0x00,
0x00, 0x00, 0x00, 0x00, 0x00, 0x00, 0x00, 0x00, 0x00, 0x00, 0x00, 0x00, 0x00, 0x00, 0x00, 0x00,
0x00, 0x00, 0x00, 0x00, 0x00, 0x00, 0x00, 0x00, 0x00, 0x00, 0x00, 0x00, 0x00, 0x00, 0x00, 0x00,
0x00, 0x00, 0x00, 0x00, 0x00, 0x00, 0x00, 0x00, 0x00, 0x00, 0x00, 0x00, 0x00, 0x00, 0x00, 0x00,
0x00, 0x00, 0x00, 0x00, 0x00, 0x00, 0x00, 0x00, 0x00, 0x00, 0x00, 0x00, 0x00, 0x00, 0x00, 0x00,
0x00, 0x00, 0x00, 0x00, 0x00, 0x00, 0x00, 0x00, 0x00, 0x00, 0x00, 0x00, 0x00, 0x00, 0x00, 0x00,
0x00, 0x00, 0x00, 0x00, 0x00, 0x00, 0x00, 0x00, 0x00, 0x00, 0x00, 0x00, 0x00, 0x00, 0x00, 0x00,
0x00, 0x00, 0x00, 0x00, 0x00, 0x00, 0x00, 0x00, 0x00, 0x00, 0x00, 0x00, 0x00, 0x00, 0x00, 0x00,
0x00, 0x00, 0x00, 0x00, 0x00, 0x00, 0x00, 0x00, 0x00, 0x00, 0x00, 0x00, 0x00, 0x00, 0x00, 0x00,
0x00, 0x00, 0x00, 0x00, 0x00, 0x00, 0x00, 0x00, 0x00, 0x00, 0x00, 0x00, 0x00, 0x00, 0x00, 0x00,
0x00, 0x00, 0x00, 0x00, 0x00, 0x00, 0x00, 0x00, 0x00, 0x00, 0x00, 0x00, 0x00, 0x00, 0x00, 0x00,
0x00, 0x00, 0x00, 0x00, 0x00, 0x00, 0x00, 0x00, 0x00, 0x00, 0x00, 0x00, 0x00, 0x00, 0x00, 0x00,
0x00, 0x00, 0x00, 0x00, 0x00, 0x00, 0x00, 0x00, 0x00, 0x00, 0x00, 0x00, 0x00, 0x00, 0x00, 0x00,
0x00, 0x00, 0x00, 0x00, 0x00, 0x00, 0x00, 0x00, 0x00, 0x00, 0x00, 0x00, 0x00, 0x00, 0x00, 0x00,
0x00, 0x00, 0x00, 0x00, 0x00, 0x00, 0x00, 0x00, 0x00, 0x00, 0x00, 0x00, 0x00, 0x00, 0x00, 0x00,
0x00, 0x00, 0x00, 0x00, 0x00, 0x00, 0x00, 0x00, 0x00, 0x00, 0x00, 0x00, 0x00, 0x00, 0x00, 0x00,
0x00, 0x00, 0x00, 0x00, 0x00, 0x00, 0x00, 0x00, 0x00, 0x00, 0x00, 0x00, 0x00, 0x00, 0x00, 0x00,
0x00, 0x00, 0x00, 0x00, 0x00, 0x00, 0x00, 0x00, 0x00, 0x00, 0x00, 0x00, 0x00, 0x00, 0x00, 0x00,
0x00, 0x00, 0x00, 0x00, 0x00, 0x00, 0x00, 0x00, 0x00, 0x00, 0x00, 0x00, 0x00, 0x00, 0x00, 0x00,
0x00, 0x00, 0x00, 0x00, 0x00, 0x00, 0x00, 0x00, 0x00, 0x00, 0x00, 0x00, 0x00, 0x00, 0x00, 0x00,
0x00, 0x00, 0x00, 0x00, 0x00, 0x00, 0x00, 0x00, 0x00, 0x00, 0x00, 0x00, 0x00, 0x00, 0x00, 0x00,
0x00, 0x00, 0x00, 0x00, 0x00, 0x00, 0x00, 0x00, 0x00, 0x00, 0x00, 0x00, 0x00, 0x00, 0x00, 0x00,
0x00, 0x00, 0x00, 0x00, 0x00, 0x00, 0x00, 0x00, 0x00, 0x00, 0x00, 0x00, 0x00, 0x00, 0x00, 0x00,
0x00, 0x00, 0x00, 0x00, 0x00, 0x00, 0x00, 0x00, 0x00, 0x00, 0x00, 0x00, 0x00, 0x00, 0x00, 0x00,
0x00, 0x00, 0x00, 0x00, 0x00, 0x00, 0x00, 0x00, 0x00, 0x00, 0x00, 0x00, 0x00, 0x00, 0x00, 0x00,
0x00, 0x00, 0x00, 0x00, 0x00, 0x00, 0x00, 0x00, 0x00, 0x00, 0x00, 0x00, 0x00, 0x00, 0x00, 0x00,
0x00, 0x00, 0x00, 0x00, 0x00, 0x00, 0x00, 0x00, 0x00, 0x00, 0x00, 0x00, 0x00, 0x00, 0x00, 0x00,
0x00, 0x00, 0x00, 0x00, 0x00, 0x00, 0x00, 0x00, 0x00, 0x00, 0x00, 0x00, 0x00, 0x00, 0x00, 0x00,
0x00, 0x00, 0x00, 0x00, 0x00, 0x00, 0x00, 0x00, 0x00, 0x00, 0x00, 0x00, 0x00, 0x00, 0x00, 0x00,
0x00, 0x00, 0x00, 0x00, 0x00, 0x00, 0x00, 0x00, 0x00, 0x00, 0x00, 0x00, 0x00, 0x00, 0x00, 0x00,
0x00, 0x00, 0x00, 0x00, 0x00, 0x00, 0x00, 0x00, 0x00, 0x00, 0x00, 0x00, 0x00, 0x00, 0x00, 0x00,
0x00, 0x00, 0x00, 0x00, 0x00, 0x00, 0x00, 0x00, 0x00, 0x00, 0x00, 0x00, 0x00, 0x00, 0x00, 0x00,
0x00, 0x00, 0x00, 0x00, 0x00, 0x00, 0x00, 0x00, 0x00, 0x00, 0x00, 0x00, 0x00, 0x00, 0x00, 0x00,
0x00, 0x00, 0x00, 0x00, 0x00, 0x00, 0x00, 0x00, 0x00, 0x00, 0x00, 0x00, 0x00, 0x00, 0x00, 0x00,
0x00, 0x00, 0x00, 0x00, 0x00, 0x00, 0x00, 0x00, 0x00, 0x00, 0x00, 0x00, 0x00, 0x00, 0x00, 0x00,
0x00, 0x00, 0x00, 0x00, 0x00, 0x00, 0x00, 0x00, 0x00, 0x00, 0x00, 0x00, 0x00, 0x00, 0x00, 0x00,
0x00, 0x00, 0x00, 0x00, 0x00, 0x00, 0x00, 0x00, 0x00, 0x00, 0x00, 0x00, 0x00, 0x00, 0x00, 0x00,
0x00, 0x00, 0x00, 0x00, 0x00, 0x00, 0x00, 0x00, 0x00, 0x00, 0x00, 0x00, 0x00, 0x00, 0x00, 0x00,
0x00, 0x00, 0x00, 0x00, 0x00, 0x00, 0x00, 0x00, 0x00, 0x00, 0x00, 0x00, 0x00, 0x00, 0x00, 0x00,
0x00, 0x00, 0x00, 0x00, 0x00, 0x00, 0x00, 0x00, 0x00, 0x00, 0x00, 0x00, 0x00, 0x00, 0x00, 0x00,
0x00, 0x00, 0x00, 0x00, 0x00, 0x00, 0x00, 0x00, 0x00, 0x00, 0x00, 0x00, 0x00, 0x00, 0x00, 0x00,
0x00, 0x00, 0x00, 0x00, 0x00, 0x00, 0x00, 0x00, 0x00, 0x00, 0x00, 0x00, 0x00, 0x00, 0x00, 0x00,
0x00, 0x00, 0x00, 0x00, 0x00, 0x00, 0x00, 0x00, 0x00, 0x00, 0x00, 0x00, 0x00, 0x00, 0x00, 0x00,
0x00, 0x00, 0x00, 0x00, 0x00, 0x00, 0x00, 0x00, 0x00, 0x00, 0x00, 0x00, 0x00, 0x00, 0x00, 0x00,
0x00, 0x00, 0x00, 0x00, 0x00, 0x00, 0x00, 0x00, 0x00, 0x00, 0x00, 0x00, 0x00, 0x00, 0x00, 0x00,
0x00, 0x00, 0x00, 0x00, 0x00, 0x00, 0x00, 0x00, 0x00, 0x00, 0x00, 0x00, 0x00, 0x00, 0x00, 0x00,
0x00, 0x00, 0x00, 0x00, 0x00, 0x00, 0x00, 0x00, 0x00, 0x00, 0x00, 0x00, 0x00, 0x00, 0x00, 0x00,
0x00, 0x00, 0x00, 0x00, 0x00, 0x00, 0x00, 0x00, 0x00, 0x00, 0x00, 0x00, 0x00, 0x00, 0x00, 0x00,
0x00, 0x00, 0x00, 0x00, 0x00, 0x00, 0x00, 0x00, 0x00, 0x00, 0x00, 0x00, 0x00, 0x00, 0x00, 0x00,
0x00, 0x00, 0x00, 0x00, 0x00, 0x00, 0x00, 0x00, 0x00, 0x00, 0x00, 0x00, 0x00, 0x00, 0x00, 0x00,
0x00, 0x00, 0x00, 0x00, 0x00, 0x00, 0x00, 0x00, 0x00, 0x00, 0x00, 0x00, 0x00, 0x00, 0x00, 0x00,
0x00, 0x00, 0x00, 0x00, 0x00, 0x00, 0x00, 0x00, 0x00, 0x00, 0x00, 0x00, 0x00, 0x00, 0x00, 0x00,
0x00, 0x00, 0x00, 0x00, 0x00, 0x00, 0x00, 0x00, 0x00, 0x00, 0x00, 0x00, 0x00, 0x00, 0x00, 0x00,
0x00, 0x00, 0x00, 0x00, 0x00, 0x00, 0x00, 0x00, 0x00, 0x00, 0x00, 0x00, 0x00, 0x00, 0x00, 0x00,
0x00, 0x00, 0x00, 0x00, 0x00, 0x00, 0x00, 0x00, 0x00, 0x00, 0x00, 0x00, 0x00, 0x00, 0x00, 0x00,
0x00, 0x00, 0x00, 0x00, 0x00, 0x00, 0x00, 0x00, 0x00, 0x00, 0x00, 0x00, 0x00, 0x00, 0x00, 0x00,
0x00, 0x00, 0x00, 0x00, 0x00, 0x00, 0x00, 0x00, 0x00, 0x00, 0x00, 0x00, 0x00, 0x00, 0x00, 0x00,
0x00, 0x00, 0x00, 0x00, 0x00, 0x00, 0x00, 0x00, 0x00, 0x00, 0x00, 0x00, 0x00, 0x00, 0x00, 0x00,
0x00, 0x00, 0x00, 0x00, 0x00, 0x00, 0x00, 0x00, 0x00, 0x00, 0x00, 0x00, 0x00, 0x00, 0x00, 0x00,
0x00, 0x00, 0x00, 0x00, 0x00, 0x00, 0x00, 0x00, 0x00, 0x00, 0x00, 0x00, 0x00, 0x00, 0x00, 0x00,
0x00, 0x00, 0x00, 0x00, 0x00, 0x00, 0x00, 0x00, 0x00, 0x00, 0x00, 0x00, 0x00, 0x00, 0x00, 0x00,
0x00, 0x00, 0x00, 0x00, 0x00, 0x00, 0x00, 0x00, 0x00, 0x00, 0x00, 0x00, 0x00, 0x00, 0x00, 0x00,
0x00, 0x00, 0x00, 0x00, 0x00, 0x00, 0x00, 0x00, 0x00, 0x00, 0x00, 0x00, 0x00, 0x00, 0x00, 0x00,
0x00, 0x00, 0x00, 0x00, 0x00, 0x00, 0x00, 0x00, 0x00, 0x00, 0x00, 0x00, 0x00, 0x00, 0x00, 0x00,
0x00, 0x00, 0x00, 0x00, 0x00, 0x00, 0x00, 0x00, 0x00, 0x00, 0x00, 0x00, 0x00, 0x00, 0x00, 0x00,
0x00, 0x00, 0x00, 0x00, 0x00, 0x00, 0x00, 0x00, 0x00, 0x00, 0x00, 0x00, 0x00, 0x00, 0x00, 0x00,
0x00, 0x00, 0x00, 0x00, 0x00, 0x00, 0x00, 0x00, 0x00, 0x00, 0x00, 0x00, 0x00, 0x00, 0x00, 0x00,
0x00, 0x00, 0x00, 0x00, 0x00, 0x00, 0x00, 0x00, 0x00, 0x00, 0x00, 0x00, 0x00, 0x00, 0x00, 0x00,
0x00, 0x00, 0x00, 0x00, 0x00, 0x00, 0x00, 0x00, 0x00, 0x00, 0x00, 0x00, 0x00, 0x00, 0x00, 0x00,
0x00, 0x00, 0x00, 0x00, 0x00, 0x00, 0x00, 0x00, 0x00, 0x00, 0x00, 0x00, 0x00, 0x00, 0x00, 0x00,
0x00, 0x00, 0x00, 0x00, 0x00, 0x00, 0x00, 0x00, 0x00, 0x00, 0x00, 0x00, 0x00, 0x00, 0x00, 0x00,
0x00, 0x00, 0x00, 0x00, 0x00, 0x00, 0x00, 0x00, 0x00, 0x00, 0x00, 0x00, 0x00, 0x00, 0x00, 0x00,
0x00, 0x00, 0x00, 0x00, 0x00, 0x00, 0x00, 0x00, 0x00, 0x00, 0x00, 0x00, 0x00, 0x00, 0x00, 0x00,
0x00, 0x00, 0x00, 0x00, 0x00, 0x00, 0x00, 0x00, 0x00, 0x00, 0x00, 0x00, 0x00, 0x00, 0x00, 0x00,
0x00, 0x00, 0x00, 0x00, 0x00, 0x00, 0x00, 0x00, 0x00, 0x00, 0x00, 0x00, 0x00, 0x00, 0x00, 0x00,
0x00, 0x00, 0x00, 0x00, 0x00, 0x00, 0x00, 0x00, 0x00, 0x00, 0x00, 0x00, 0x00, 0x00, 0x00, 0x00,
0x00, 0x00, 0x00, 0x00, 0x00, 0x00, 0x00, 0x00, 0x00, 0x00, 0x00, 0x00, 0x00, 0x00, 0x00, 0x00,
0x00, 0x00, 0x00, 0x00, 0x00, 0x00, 0x00, 0x00, 0x00, 0x00, 0x00, 0x00, 0x00, 0x00, 0x00, 0x00,
0x00, 0x00, 0x00, 0x00, 0x00, 0x00, 0x00, 0x00, 0x00, 0x00, 0x00, 0x00, 0x00, 0x00, 0x00, 0x00,
0x00, 0x00, 0x00, 0x00, 0x00, 0x00, 0x00, 0x00, 0x00, 0x00, 0x00, 0x00, 0x00, 0x00, 0x00, 0x00,
0x00, 0x00, 0x00, 0x00, 0x00, 0x00, 0x00, 0x00, 0x00, 0x00, 0x00, 0x00, 0x00, 0x00, 0x00, 0x00,
0x00, 0x00, 0x00, 0x00, 0x00, 0x00, 0x00, 0x00, 0x00, 0x00, 0x00, 0x00, 0x00, 0x00, 0x00, 0x00,
0x00, 0x00, 0x00, 0x00, 0x00, 0x00, 0x00, 0x00, 0x00, 0x00, 0x00, 0x00, 0x00, 0x00, 0x00, 0x00,
0x00, 0x00, 0x00, 0x00, 0x00, 0x00, 0x00, 0x00, 0x00, 0x00, 0x00, 0x00, 0x00, 0x00, 0x00, 0x00,
0x00, 0x00, 0x00, 0x00, 0x00, 0x00, 0x00, 0x00, 0x00, 0x00, 0x00, 0x00, 0x00, 0x00, 0x00, 0x00,
0x00, 0x00, 0x00, 0x00, 0x00, 0x00, 0x00, 0x00, 0x00, 0x00, 0x00, 0x00, 0x00, 0x00, 0x00, 0x00,
0x00, 0x00, 0x00, 0x00, 0x00, 0x00, 0x00, 0x00, 0x00, 0x00, 0x00, 0x00, 0x00, 0x00, 0x00, 0x00,
0x00, 0x00, 0x00, 0x00, 0x00, 0x00, 0x00, 0x00, 0x00, 0x00, 0x00, 0x00, 0x00, 0x00, 0x00, 0x00,
0x00, 0x00, 0x00, 0x00, 0x00, 0x00, 0x00, 0x00, 0x00, 0x00, 0x00, 0x00, 0x00, 0x00, 0x00, 0x00,
0x00, 0x00, 0x00, 0x00, 0x00, 0x00, 0x00, 0x00, 0x00, 0x00, 0x00, 0x00, 0x00, 0x00, 0x00, 0x00,
0x00, 0x00, 0x00, 0x00, 0x00, 0x00, 0x00, 0x00, 0x00, 0x00, 0x00, 0x00, 0x00, 0x00, 0x00, 0x00,
0x00, 0x00, 0x00, 0x00, 0x00, 0x00, 0x00, 0x00, 0x00, 0x00, 0x00, 0x00, 0x00, 0x00, 0x00, 0x00,
0x00, 0x00, 0x00, 0x00, 0x00, 0x00, 0x00, 0x00, 0x00, 0x00, 0x00, 0x00, 0x00, 0x00, 0x00, 0x00,
0x00, 0x00, 0x00, 0x00, 0x00, 0x00, 0x00, 0x00, 0x00, 0x00, 0x00, 0x00, 0x00, 0x00, 0x00, 0x00,
0x00, 0x00, 0x00, 0x00, 0x00, 0x00, 0x00, 0x00, 0x00, 0x00, 0x00, 0x00, 0x00, 0x00, 0x00, 0x00,
0x00, 0x00, 0x00, 0x00, 0x00, 0x00, 0x00, 0x00, 0x00, 0x00, 0x00, 0x00, 0x00, 0x00, 0x00, 0x00,
0x00, 0x00, 0x00, 0x00, 0x00, 0x00, 0x00, 0x00, 0x00, 0x00, 0x00, 0x00, 0x00, 0x00, 0x00, 0x00,
0x00, 0x00, 0x00, 0x00, 0x00, 0x00, 0x00, 0x00, 0x00, 0x00, 0x00, 0x00, 0x00, 0x00, 0x00, 0x00,
0x00, 0x00, 0x00, 0x00, 0x00, 0x00, 0x00, 0x00, 0x00, 0x00, 0x00, 0x00, 0x00, 0x00, 0x00, 0x00,
0x00, 0x00, 0x00, 0x00, 0x00, 0x00, 0x00, 0x00, 0x00, 0x00, 0x00, 0x00, 0x00, 0x00, 0x00, 0x00,
0x00, 0x00, 0x00, 0x00, 0x00, 0x00, 0x00, 0x00, 0x00, 0x00, 0x00, 0x00, 0x00, 0x00, 0x00, 0x00,
0x00, 0x00, 0x00, 0x00, 0x00, 0x00, 0x00, 0x00, 0x00, 0x00, 0x00, 0x00, 0x00, 0x00, 0x00, 0x00,
0x00, 0x00, 0x00, 0x00, 0x00, 0x00, 0x00, 0x00, 0x00, 0x00, 0x00, 0x00, 0x00, 0x00, 0x00, 0x00,
0x00, 0x00, 0x00, 0x00, 0x00, 0x00, 0x00, 0x00, 0x00, 0x00, 0x00, 0x00, 0x00, 0x00, 0x00, 0x00,
0x00, 0x00, 0x00, 0x00, 0x00, 0x00, 0x00, 0x00, 0x00, 0x00, 0x00, 0x00, 0x00, 0x00, 0x00, 0x00,
0x00, 0x00, 0x00, 0x00, 0x00, 0x00, 0x00, 0x00, 0x00, 0x00, 0x00, 0x00, 0x00, 0x00, 0x00, 0x00,
0x00, 0x00, 0x00, 0x00, 0x00, 0x00, 0x00, 0x00, 0x00, 0x00, 0x00, 0x00, 0x00, 0x00, 0x00, 0x00,
0x00, 0x00, 0x00, 0x00, 0x00, 0x00, 0x00, 0x00, 0x00, 0x00, 0x00, 0x00, 0x00, 0x00, 0x00, 0x00,
0x00, 0x00, 0x00, 0x00, 0x00, 0x00, 0x00, 0x00, 0x00, 0x00, 0x00, 0x00, 0x00, 0x00, 0x00, 0x00,
0x00, 0x00, 0x00, 0x00, 0x00, 0x00, 0x00, 0x00, 0x00, 0x00, 0x00, 0x00, 0x00, 0x00, 0x00, 0x00,
0x00, 0x00, 0x00, 0x00, 0x00, 0x00, 0x00, 0x00, 0x00, 0x00, 0x00, 0x00, 0x00, 0x00, 0x00, 0x00,
0x00, 0x00, 0x00, 0x00, 0x00, 0x00, 0x00, 0x00, 0x00, 0x00, 0x00, 0x00, 0x00, 0x00, 0x00, 0x00,
0x00, 0x00, 0x00, 0x00, 0x00, 0x00, 0x00, 0x00, 0x00, 0x00, 0x00, 0x00, 0x00, 0x00, 0x00, 0x00,
0x00, 0x00, 0x00, 0x00, 0x00, 0x00, 0x00, 0x00, 0x00, 0x00, 0x00, 0x00, 0x00, 0x00, 0x00, 0x00,
0x00, 0x00, 0x00, 0x00, 0x00, 0x00, 0x00, 0x00, 0x00, 0x00, 0x00, 0x00, 0x00, 0x00, 0x00, 0x00,
0x00, 0x00, 0x00, 0x00, 0x00, 0x00, 0x00, 0x00, 0x00, 0x00, 0x00, 0x00, 0x00, 0x00, 0x00, 0x00,
0x00, 0x00, 0x00, 0x00, 0x00, 0x00, 0x00, 0x00, 0x00, 0x00, 0x00, 0x00, 0x00, 0x00, 0x00, 0x00,
0x00, 0x00, 0x00, 0x00, 0x00, 0x00, 0x00, 0x00, 0x00, 0x00, 0x00, 0x00, 0x00, 0x00, 0x00, 0x00,
0x00, 0x00, 0x00, 0x00, 0x00, 0x00, 0x00, 0x00, 0x00, 0x00, 0x00, 0x00, 0x00, 0x00, 0x00, 0x00,
0x00, 0x00, 0x00, 0x00, 0x00, 0x00, 0x00, 0x00, 0x00, 0x00, 0x00, 0x00, 0x00, 0x00, 0x00, 0x00,
0x00, 0x00, 0x00, 0x00, 0x00, 0x00, 0x00, 0x00, 0x00, 0x00, 0x00, 0x00, 0x00, 0x00, 0x00, 0x00,
0x00, 0x00, 0x00, 0x00, 0x00, 0x00, 0x00, 0x00, 0x00, 0x00, 0x00, 0x00, 0x00, 0x00, 0x00, 0x00,
0x00, 0x00, 0x00, 0x00, 0x00, 0x00, 0x00, 0x00, 0x00, 0x00, 0x00, 0x00, 0x00, 0x00, 0x00, 0x00,
0x00, 0x00, 0x00, 0x00, 0x00, 0x00, 0x00, 0x00, 0x00, 0x00, 0x00, 0x00, 0x00, 0x00, 0x00, 0x00,
0x00, 0x00, 0x00, 0x00, 0x00, 0x00, 0x00, 0x00, 0x00, 0x00, 0x00, 0x00, 0x00, 0x00, 0x00, 0x00,
0x00, 0x00, 0x00, 0x00, 0x00, 0x00, 0x00, 0x00, 0x00, 0x00, 0x00, 0x00, 0x00, 0x00, 0x00, 0x00,
0x00, 0x00, 0x00, 0x00, 0x00, 0x00, 0x00, 0x00, 0x00, 0x00, 0x00, 0x00, 0x00, 0x00, 0x00, 0x00,
0x00, 0x00, 0x00, 0x00, 0x00, 0x00, 0x00, 0x00, 0x00, 0x00, 0x00, 0x00, 0x00, 0x00, 0x00, 0x00,
0x00, 0x00, 0x00, 0x00, 0x00, 0x00, 0x00, 0x00, 0x00, 0x00, 0x00, 0x00, 0x00, 0x00, 0x00, 0x00,
0x00, 0x00, 0x00, 0x00, 0x00, 0x00, 0x00, 0x00, 0x00, 0x00, 0x00, 0x00, 0x00, 0x00, 0x00, 0x00,
0x00, 0x00, 0x00, 0x00, 0x00, 0x00, 0x00, 0x00, 0x00, 0x00, 0x00, 0x00, 0x00, 0x00, 0x00, 0x00,
0x00, 0x00, 0x00, 0x00, 0x00, 0x00, 0x00, 0x00, 0x00, 0x00, 0x00, 0x00, 0x00, 0x00, 0x00, 0x00,
0x00, 0x00, 0x00, 0x00, 0x00, 0x00, 0x00, 0x00, 0x00, 0x00, 0x00, 0x00, 0x00, 0x00, 0x00, 0x00,
0x00, 0x00, 0x00, 0x00, 0x00, 0x00, 0x00, 0x00, 0x00, 0x00, 0x00, 0x00, 0x00, 0x00, 0x00, 0x00,
0x00, 0x00, 0x00, 0x00, 0x00, 0x00, 0x00, 0x00, 0x00, 0x00, 0x00, 0x00, 0x00, 0x00, 0x00, 0x00,
0x00, 0x00, 0x00, 0x00, 0x00, 0x00, 0x00, 0x00, 0x00, 0x00, 0x00, 0x00, 0x00, 0x00, 0x00, 0x00,
0x00, 0x00, 0x00, 0x00, 0x00, 0x00, 0x00, 0x00, 0x00, 0x00, 0x00, 0x00, 0x00, 0x00, 0x00, 0x00,
0x00, 0x00, 0x00, 0x00, 0x00, 0x00, 0x00, 0x00, 0x00, 0x00, 0x00, 0x00, 0x00, 0x00, 0x00, 0x00,
0x00, 0x00, 0x00, 0x00, 0x00, 0x00, 0x00, 0x00, 0x00, 0x00, 0x00, 0x00, 0x00, 0x00, 0x00, 0x00,
0x00, 0x00, 0x00, 0x00, 0x00, 0x00, 0x00, 0x00, 0x00, 0x00, 0x00, 0x00, 0x00, 0x00, 0x00, 0x00,
0x00, 0x00, 0x00, 0x00, 0x00, 0x00, 0x00, 0x00, 0x00, 0x00, 0x00, 0x00, 0x00, 0x00, 0x00, 0x00,
0x00, 0x00, 0x00, 0x00, 0x00, 0x00, 0x00, 0x00, 0x00, 0x00, 0x00, 0x00, 0x00, 0x00, 0x00, 0x00,
0x00, 0x00, 0x00, 0x00, 0x00, 0x00, 0x00, 0x00, 0x00, 0x00, 0x00, 0x00, 0x00, 0x00, 0x00, 0x00,
0x00, 0x00, 0x00, 0x00, 0x00, 0x00, 0x00, 0x00, 0x00, 0x00, 0x00, 0x00, 0x00, 0x00, 0x00, 0x00,
0x00, 0x00, 0x00, 0x00, 0x00, 0x00, 0x00, 0x00, 0x00, 0x00, 0x00, 0x00, 0x00, 0x00, 0x00, 0x00,
0x00, 0x00, 0x00, 0x00, 0x00, 0x00, 0x00, 0x00, 0x00, 0x00, 0x00, 0x00, 0x00, 0x00, 0x00, 0x00,
0x00, 0x00, 0x00, 0x00, 0x00, 0x00, 0x00, 0x00, 0x00, 0x00, 0x00, 0x00, 0x00, 0x00, 0x00, 0x00,
0x00, 0x00, 0x00, 0x00, 0x00, 0x00, 0x00, 0x00, 0x00, 0x00, 0x00, 0x00, 0x00, 0x00, 0x00, 0x00,
0x00, 0x00, 0x00, 0x00, 0x00, 0x00, 0x00, 0x00, 0x00, 0x00, 0x00, 0x00, 0x00, 0x00, 0x00, 0x00,
0x00, 0x00, 0x00, 0x00, 0x00, 0x00, 0x00, 0x00, 0x00, 0x00, 0x00, 0x00, 0x00, 0x00, 0x00, 0x00,
0x00, 0x00, 0x00, 0x00, 0x00, 0x00, 0x00, 0x00, 0x00, 0x00, 0x00, 0x00, 0x00, 0x00, 0x00, 0x00,
0x00, 0x00, 0x00, 0x00, 0x00, 0x00, 0x00, 0x00, 0x00, 0x00, 0x00, 0x00, 0x00, 0x00, 0x00, 0x00,
0x00, 0x00, 0x00, 0x00, 0x00, 0x00, 0x00, 0x00, 0x00, 0x00, 0x00, 0x00, 0x00, 0x00, 0x00, 0x00,
0x00, 0x00, 0x00, 0x00, 0x00, 0x00, 0x00, 0x00, 0x00, 0x00, 0x00, 0x00, 0x00, 0x00, 0x00, 0x00,
0x00, 0x00, 0x00, 0x00, 0x00, 0x00, 0x00, 0x00, 0x00, 0x00, 0x00, 0x00, 0x00, 0x00, 0x00, 0x00,
0x00, 0x00, 0x00, 0x00, 0x00, 0x00, 0x00, 0x00, 0x00, 0x00, 0x00, 0x00, 0x00, 0x00, 0x00, 0x00,
0x00, 0x00, 0x00, 0x00, 0x00, 0x00, 0x00, 0x00, 0x00, 0x00, 0x00, 0x00, 0x00, 0x00, 0x00, 0x00,
0x00, 0x00, 0x00, 0x00, 0x00, 0x00, 0x00, 0x00, 0x00, 0x00, 0x00, 0x00, 0x00, 0x00, 0x00, 0x00,
0x00, 0x00, 0x00, 0x00, 0x00, 0x00, 0x00, 0x00, 0x00, 0x00, 0x00, 0x00, 0x00, 0x00, 0x00, 0x00,
0x00, 0x00, 0x00, 0x00, 0x00, 0x00, 0x00, 0x00, 0x00, 0x00, 0x00, 0x00, 0x00, 0x00, 0x00, 0x00,
0x00, 0x00, 0x00, 0x00, 0x00, 0x00, 0x00, 0x00, 0x00, 0x00, 0x00, 0x00, 0x00, 0x00, 0x00, 0x00,
0x00, 0x00, 0x00, 0x00, 0x00, 0x00, 0x00, 0x00, 0x00, 0x00, 0x00, 0x00, 0x00, 0x00, 0x00, 0x00,
0x00, 0x00, 0x00, 0x00, 0x00, 0x00, 0x00, 0x00, 0x00, 0x00, 0x00, 0x00, 0x00, 0x00, 0x00, 0x00,
0x00, 0x00, 0x00, 0x00, 0x00, 0x00, 0x00, 0x00, 0x00, 0x00, 0x00, 0x00, 0x00, 0x00, 0x00, 0x00,
0x00, 0x00, 0x00, 0x00, 0x00, 0x00, 0x00, 0x00, 0x00, 0x00, 0x00, 0x00, 0x00, 0x00, 0x00, 0x00,
0x00, 0x00, 0x00, 0x00, 0x00, 0x00, 0x00, 0x00, 0x00, 0x00, 0x00, 0x00, 0x00, 0x00, 0x00, 0x00,
0x00, 0x00, 0x00, 0x00, 0x00, 0x00, 0x00, 0x00, 0x00, 0x00, 0x00, 0x00, 0x00, 0x00, 0x00, 0x00,
0x00, 0x00, 0x00, 0x00, 0x00, 0x00, 0x00, 0x00, 0x00, 0x00, 0x00, 0x00, 0x00, 0x00, 0x00, 0x00,
0x00, 0x00, 0x00, 0x00, 0x00, 0x00, 0x00, 0x00, 0x00, 0x00, 0x00, 0x00, 0x00, 0x00, 0x00, 0x00,
0x00, 0x00, 0x00, 0x00, 0x00, 0x00, 0x00, 0x00, 0x00, 0x00, 0x00, 0x00, 0x00, 0x00, 0x00, 0x00,
0x00, 0x00, 0x00, 0x00, 0x00, 0x00, 0x00, 0x00, 0x00, 0x00, 0x00, 0x00, 0x00, 0x00, 0x00, 0x00,
0x00, 0x00, 0x00, 0x00, 0x00, 0x00, 0x00, 0x00, 0x00, 0x00, 0x00, 0x00, 0x00, 0x00, 0x00, 0x00,
0x00, 0x00, 0x00, 0x00, 0x00, 0x00, 0x00, 0x00, 0x00, 0x00, 0x00, 0x00, 0x00, 0x00, 0x00, 0x00,
0x00, 0x00, 0x00, 0x00, 0x00, 0x00, 0x00, 0x00, 0x00, 0x00, 0x00, 0x00, 0x00, 0x00, 0x00, 0x00,
0x00, 0x00, 0x00, 0x00, 0x00, 0x00, 0x00, 0x00, 0x00, 0x00, 0x00, 0x00, 0x00, 0x00, 0x00, 0x00,
0x00, 0x00, 0x00, 0x00, 0x00, 0x00, 0x00, 0x00, 0x00, 0x00, 0x00, 0x00, 0x00, 0x00, 0x00, 0x00,
0x00, 0x00, 0x00, 0x00, 0x00, 0x00, 0x00, 0x00, 0x00, 0x00, 0x00, 0x00, 0x00, 0x00, 0x00, 0x00,
0x00, 0x00, 0x00, 0x00, 0x00, 0x00, 0x00, 0x00, 0x00, 0x00, 0x00, 0x00, 0x00, 0x00, 0x00, 0x00,
0x00, 0x00, 0x00, 0x00, 0x00, 0x00, 0x00, 0x00, 0x00, 0x00, 0x00, 0x00, 0x00, 0x00, 0x00, 0x00,
0x00, 0x00, 0x00, 0x00, 0x00, 0x00, 0x00, 0x00, 0x00, 0x00, 0x00, 0x00, 0x00, 0x00, 0x00, 0x00,
0x00, 0x00, 0x00, 0x00, 0x00, 0x00, 0x00, 0x00, 0x00, 0x00, 0x00, 0x00, 0x00, 0x00, 0x00, 0x00,
0x00, 0x00, 0x00, 0x00, 0x00, 0x00, 0x00, 0x00, 0x00, 0x00, 0x00, 0x00, 0x00, 0x00, 0x00, 0x00,
0x00, 0x00, 0x00, 0x00, 0x00, 0x00, 0x00, 0x05, 0x00, 0x00, 0x00, 0x00, 0x00, 0x00, 0x00, 0x0A,
0x00, 0x00, 0x00, 0x00, 0x00, 0x00, 0x00, 0x00, 0x00, 0x00, 0x00, 0x00, 0x00, 0x00, 0x00, 0x00,
0x00, 0x00, 0x00, 0x00, 0x00, 0x00, 0x00, 0x00, 0x00, 0x00, 0x00, 0x00, 0x00, 0x00, 0x00, 0x00,
0x00, 0x00, 0x00, 0x00, 0x00, 0x00, 0x00, 0x00, 0x00, 0x00, 0x00, 0x00, 0x00, 0x00, 0x00, 0x00,
0x00, 0x00, 0x00, 0x00, 0x00, 0x00, 0x00, 0x00, 0x00, 0x00, 0x00, 0x00, 0x00, 0x00, 0x00, 0x00,
0x00, 0x00, 0x00, 0x00, 0x00, 0x00, 0x00, 0x00, 0x00, 0x00, 0x00, 0x00, 0x00, 0x00, 0x00, 0x00,
0x00, 0x00, 0x00, 0x00, 0x00, 0x00, 0x00, 0x00, 0x00, 0x00, 0x00, 0x00, 0x00, 0x00, 0x00, 0x00,
0x00, 0x00, 0x00, 0x00, 0x00, 0x00, 0x00, 0x00, 0x00, 0x00, 0x00, 0x00, 0x00, 0x00, 0x00, 0x00,
0x00, 0x00, 0x00, 0x00, 0x00, 0x00, 0x00, 0x00, 0x00, 0x00, 0x00, 0x00, 0x00, 0x00, 0x00, 0x00,
0x00, 0x00, 0x00, 0x00, 0x00, 0x00, 0x00, 0x00, 0x00, 0x00, 0x00, 0x00, 0x00, 0x00, 0x00, 0x00,
0x00, 0x00, 0x00, 0x00, 0x00, 0x00, 0x00, 0x00, 0x00, 0x00, 0x00, 0x00, 0x00, 0x00, 0x00, 0x00,
0x00, 0x00, 0x00, 0x00, 0x00, 0x00, 0x00, 0x00, 0x00, 0x00, 0x00, 0x00, 0x00, 0x00, 0x00, 0x00,
0x00, 0x00, 0x00, 0x00, 0x00, 0x00, 0x00, 0x00, 0x00, 0x00, 0x00, 0x00, 0x00, 0x00, 0x00, 0x00,
0x00, 0x00, 0x00, 0x00, 0x00, 0x00, 0x00, 0x00, 0x00, 0x00, 0x00, 0x00, 0x00, 0x00, 0x00, 0x00,
0x00, 0x00, 0x00, 0x00, 0x00, 0x00, 0x00, 0x00, 0x00, 0x00, 0x00, 0x00, 0x00, 0x00, 0x00, 0x00,
0x00, 0x00, 0x00, 0x00, 0x00, 0x00, 0x00, 0x00, 0x00, 0x00, 0x00, 0x00, 0x00, 0x00, 0x00, 0x00,
0x00, 0x00, 0x00, 0x00, 0x00, 0x00, 0x00, 0x00, 0x00, 0x00, 0x00, 0x00, 0x00, 0x00, 0x00, 0x00,
0x00, 0x00, 0x00, 0x00, 0x00, 0x00, 0x00, 0x00, 0x00, 0x00, 0x00, 0x00, 0x00, 0x00, 0x00, 0x00,
0x00, 0x00, 0x00, 0x00, 0x00, 0x00, 0x00, 0x00, 0x00, 0x00, 0x00, 0x00, 0x00, 0x00, 0x00, 0x00,
0x00, 0x00, 0x00, 0x00, 0x00, 0x00, 0x00, 0x00, 0x00, 0x00, 0x00, 0x00, 0x00, 0x00, 0x00, 0x00,
0x00, 0x00, 0x00, 0x00, 0x00, 0x00, 0x00, 0x00, 0x00, 0x00, 0x00, 0x00, 0x00, 0x00, 0x00, 0x00,
0x00, 0x00, 0x00, 0x00, 0x00, 0x00, 0x00, 0x00, 0x00, 0x00, 0x00, 0x00, 0x00, 0x00, 0x00, 0x00,
0x00, 0x00, 0x00, 0x00, 0x00, 0x00, 0x00, 0x11, 0x00, 0x00, 0x00, 0x00, 0x00, 0x00, 0x00, 0x1C,
0x00, 0x00, 0x00, 0x00, 0x00, 0x00, 0x00, 0x00, 0x00, 0x00, 0x00, 0x00, 0x00, 0x00, 0x00, 0x00,
0x00, 0x00, 0x00, 0x02, 0x00, 0x00, 0x00, 0x2E, 0x00, 0x00, 0x00, 0x09, 0x00, 0x00, 0x00, 0x41,
0x00, 0x00, 0x00, 0x00, 0x00, 0x00, 0x00, 0x00, 0x00, 0x00, 0x00, 0x00, 0x00, 0x00, 0x00, 0x00,
0x00, 0x00, 0x00, 0x00, 0x00, 0x00, 0x00, 0x00, 0x00, 0x00, 0x00, 0x00, 0x00, 0x00, 0x00, 0x00,
0x00, 0x00, 0x00, 0x00, 0x00, 0x00, 0x00, 0x00, 0x00, 0x00, 0x00, 0x00, 0x00, 0x00, 0x00, 0x00,
0x00, 0x00, 0x00, 0x00, 0x00, 0x00, 0x00, 0x00, 0x00, 0x00, 0x00, 0x00, 0x00, 0x00, 0x00, 0x00,
0x00, 0x00, 0x00, 0x00, 0x00, 0x00, 0x00, 0x00, 0x00, 0x00, 0x00, 0x00, 0x00, 0x00, 0x00, 0x00,
0x00, 0x00, 0x00, 0x0C, 0x00, 0x00, 0x00, 0x48, 0x00, 0x00, 0x00, 0x0B, 0x00, 0x00, 0x00, 0x48,
0x00, 0x00, 0x00, 0x00, 0x00, 0x00, 0x00, 0x00, 0x00, 0x00, 0x00, 0x00, 0x00, 0x00, 0x00, 0x00,
0x00, 0x00, 0x00, 0x0C, 0x00, 0x00, 0x00, 0x48, 0x00, 0x00, 0x00, 0x0B, 0x00, 0x00, 0x00, 0x42,
0x00, 0x00, 0x00, 0x00, 0x00, 0x00, 0x00, 0x00, 0x00, 0x00, 0x00, 0x00, 0x00, 0x00, 0x00, 0x00,
0x00, 0x00, 0x00, 0x00, 0x00, 0x00, 0x00, 0x00, 0x00, 0x00, 0x00, 0x00, 0x00, 0x00, 0x00, 0x00,
0x00, 0x00, 0x00, 0x00, 0x00, 0x00, 0x00, 0x00, 0x00, 0x00, 0x00, 0x00, 0x00, 0x00, 0x00, 0x0C,
0x00, 0x00, 0x00, 0x02, 0x00, 0x00, 0x00, 0x0A, 0x00, 0x00, 0x00, 0x20, 0x00, 0x00, 0x00, 0x3A,
0x00, 0x00, 0x00, 0x00, 0x00, 0x00, 0x00, 0x00, 0x00, 0x00, 0x00, 0x00, 0x00, 0x00, 0x00, 0x0A,
0x00, 0x00, 0x00, 0x00, 0x00, 0x00, 0x00, 0x05, 0x00, 0x00, 0x00, 0x1B, 0x00, 0x00, 0x00, 0x32,
0x00, 0x00, 0x00, 0x18, 0x00, 0x00, 0x00, 0x35, 0x00, 0x00, 0x00, 0x5D, 0x00, 0x00, 0x00, 0x8F,
0x00, 0x00, 0x00, 0x5F, 0x00, 0x00, 0x00, 0x90, 0x00, 0x00, 0x00, 0xCA, 0x06, 0x08, 0x08, 0xF1,
0x00, 0x00, 0x00, 0x00, 0x00, 0x00, 0x00, 0x19, 0x00, 0x00, 0x00, 0x14, 0x00, 0x00, 0x00, 0x3E,
0x00, 0x00, 0x00, 0x50, 0x00, 0x00, 0x00, 0x92, 0x00, 0x00, 0x00, 0x8E, 0x00, 0x00, 0x00, 0xDB,
0x00, 0x00, 0x00, 0x2D, 0x00, 0x00, 0x00, 0x79, 0x00, 0x00, 0x00, 0x3E, 0x00, 0x00, 0x00, 0xA5,
0x00, 0x00, 0x00, 0xCB, 0x0E, 0x12, 0x11, 0xFC, 0x05, 0x07, 0x07, 0xF4, 0x26, 0x37, 0x37, 0xFF,
0x00, 0x00, 0x00, 0xC2, 0x04, 0x06, 0x06, 0xEB, 0x0A, 0x0F, 0x0E, 0xFE, 0x24, 0x37, 0x34, 0xFF,
0x18, 0x23, 0x23, 0xFF, 0x24, 0x38, 0x39, 0xFF, 0x27, 0x3D, 0x3E, 0xFF, 0x1B, 0x30, 0x31, 0xFF,
0x24, 0x36, 0x34, 0xFF, 0x24, 0x37, 0x34, 0xFF, 0x22, 0x33, 0x31, 0xFF, 0x22, 0x32, 0x2B, 0xFF,
0x21, 0x31, 0x2B, 0xFF, 0x40, 0x55, 0x59, 0xFF, 0x57, 0x77, 0x8D, 0xFF, 0x5E, 0x9A, 0xCE, 0xFF,
0x00, 0x00, 0x00, 0x12, 0x00, 0x00, 0x00, 0x1B, 0x00, 0x00, 0x00, 0x50, 0x00, 0x00, 0x00, 0x6C,
0x00, 0x00, 0x00, 0x26, 0x00, 0x00, 0x00, 0x33, 0x00, 0x00, 0x00, 0x83, 0x00, 0x00, 0x00, 0x99,
0x00, 0x00, 0x00, 0xBB, 0x00, 0x00, 0x00, 0xD9, 0x13, 0x1C, 0x1D, 0xFF, 0x17, 0x26, 0x28, 0xFF,
0x01, 0x03, 0x02, 0xE9, 0x06, 0x0A, 0x0A, 0xF5, 0x1A, 0x30, 0x32, 0xFF, 0x21, 0x38, 0x3F, 0xFF,
0x00, 0x00, 0x00, 0x40, 0x00, 0x00, 0x00, 0x3B, 0x00, 0x00, 0x00, 0xAF, 0x00, 0x00, 0x00, 0xBB,
0x00, 0x00, 0x00, 0x3C, 0x00, 0x00, 0x00, 0x3F, 0x00, 0x00, 0x00, 0xBE, 0x00, 0x00, 0x00, 0xC0,
0x0C, 0x12, 0x12, 0xFC, 0x11, 0x1A, 0x1C, 0xFF, 0x24, 0x3D, 0x43, 0xFF, 0x26, 0x3E, 0x44, 0xFF,
0x15, 0x23, 0x28, 0xFF, 0x16, 0x24, 0x28, 0xFF, 0x28, 0x43, 0x49, 0xFF, 0x25, 0x42, 0x48, 0xFF,
0x21, 0x3B, 0x3E, 0xFF, 0x1B, 0x37, 0x37, 0xFF, 0x1C, 0x31, 0x2E, 0xFF, 0x31, 0x46, 0x47, 0xFF,
0x1D, 0x35, 0x36, 0xFF, 0x1F, 0x36, 0x36, 0xFF, 0x49, 0x65, 0x71, 0xFF, 0x54, 0x77, 0x8C, 0xFF,
0x54, 0x7C, 0x98, 0xFF, 0x59, 0x90, 0xBE, 0xFF, 0x46, 0x8A, 0xCA, 0xFF, 0x43, 0x88, 0xC6, 0xFF,
0x48, 0x8A, 0xC2, 0xFF, 0x3C, 0x7E, 0xB9, 0xFF, 0x3C, 0x7B, 0xB6, 0xFF, 0x43, 0x8F, 0xC4, 0xFF,
0x26, 0x3C, 0x3B, 0xFF, 0x2C, 0x42, 0x43, 0xFF, 0x52, 0x7E, 0x9C, 0xFF, 0x4F, 0x7E, 0xA3, 0xFF,
0x32, 0x47, 0x46, 0xFF, 0x32, 0x49, 0x49, 0xFF, 0x54, 0x81, 0xAA, 0xFF, 0x5A, 0x88, 0xB0, 0xFF,
0x3F, 0x82, 0xBE, 0xFF, 0x47, 0x99, 0xCC, 0xFF, 0x44, 0xB8, 0xE7, 0xFF, 0x54, 0xCF, 0xF6, 0xFF,
0x58, 0xB0, 0xDE, 0xFF, 0x5D, 0xB8, 0xE4, 0xFF, 0x65, 0xD9, 0xFB, 0xFF, 0x6C, 0xDC, 0xFE, 0xFF,
0x00, 0x00, 0x00, 0x4E, 0x00, 0x00, 0x00, 0xBD, 0x00, 0x00, 0x00, 0x69, 0x05, 0x07, 0x07, 0xD8,
0x19, 0x25, 0x26, 0xFF, 0x24, 0x3C, 0x3D, 0xFF, 0x26, 0x3E, 0x3E, 0xFF, 0x20, 0x35, 0x34, 0xFF,
0x00, 0x00, 0x00, 0x8E, 0x0E, 0x17, 0x17, 0xED, 0x00, 0x00, 0x00, 0xAD, 0x1A, 0x26, 0x26, 0xF8,
0x25, 0x44, 0x45, 0xFF, 0x24, 0x3A, 0x38, 0xFF, 0x29, 0x47, 0x4B, 0xFF, 0x27, 0x3F, 0x41, 0xFF,
0x24, 0x32, 0x31, 0xFF, 0x52, 0x77, 0x8E, 0xFF, 0x3F, 0x58, 0x61, 0xFF, 0x58, 0x98, 0xD3, 0xFF,
0x51, 0x96, 0xD5, 0xFF, 0x47, 0x8A, 0xC6, 0xFF, 0x4C, 0x8F, 0xCB, 0xFF, 0x4E, 0x8F, 0xCA, 0xFF,
0x51, 0x79, 0x95, 0xFF, 0x54, 0x97, 0xD6, 0xFF, 0x57, 0x87, 0xB4, 0xFF, 0x54, 0x96, 0xD5, 0xFF,
0x4E, 0x90, 0xCC, 0xFF, 0x4C, 0x8E, 0xC9, 0xFF, 0x50, 0x92, 0xCD, 0xFF, 0x50, 0x90, 0xCC, 0xFF,
0x00, 0x00, 0x00, 0xB8, 0x1C, 0x28, 0x2B, 0xFC, 0x00, 0x00, 0x00, 0xB8, 0x1C, 0x27, 0x2E, 0xFC,
0x30, 0x4D, 0x50, 0xFF, 0x2A, 0x41, 0x45, 0xFF, 0x31, 0x4C, 0x50, 0xFF, 0x32, 0x47, 0x48, 0xFF,
0x00, 0x00, 0x00, 0xB8, 0x1D, 0x29, 0x2A, 0xFC, 0x00, 0x00, 0x00, 0xAD, 0x21, 0x30, 0x31, 0xF9,
0x38, 0x4E, 0x4F, 0xFF, 0x44, 0x8B, 0xAE, 0xFF, 0x50, 0x9A, 0xC0, 0xFF, 0x56, 0xD0, 0xFF, 0xFF,
0x55, 0x87, 0xB8, 0xFF, 0x5E, 0x9D, 0xDB, 0xFF, 0x57, 0x98, 0xC7, 0xFF, 0x59, 0xA7, 0xE4, 0xFF,
0x56, 0x94, 0xD0, 0xFF, 0x51, 0x8F, 0xCA, 0xFF, 0x52, 0x9D, 0xD7, 0xFF, 0x57, 0xA3, 0xDA, 0xFF,
0x4E, 0xC0, 0xF7, 0xFF, 0x4A, 0xB9, 0xF0, 0xFF, 0x57, 0xCA, 0xFF, 0xFF, 0x52, 0xC5, 0xFC, 0xFF,
0x4C, 0xBC, 0xEE, 0xFF, 0x53, 0xC7, 0xF0, 0xFF, 0x58, 0xCD, 0xFF, 0xFF, 0x5D, 0xD4, 0xFF, 0xFF,
0x46, 0x89, 0xC5, 0xFF, 0x4A, 0x89, 0xC4, 0xFF, 0x46, 0x88, 0xC3, 0xFF, 0x45, 0x82, 0xBF, 0xFF,
0x47, 0x90, 0xC8, 0xFF, 0x3E, 0xC0, 0xEC, 0xFF, 0x3A, 0xAD, 0xE0, 0xFF, 0x3E, 0xC7, 0xF2, 0xFF,
0x4A, 0x88, 0xC4, 0xFF, 0x3F, 0x89, 0xC3, 0xFF, 0x4E, 0x88, 0xC6, 0xFF, 0x45, 0x99, 0xD3, 0xFF,
0x37, 0xB6, 0xE6, 0xFF, 0x47, 0xCA, 0xF5, 0xFF, 0x3A, 0xB9, 0xE6, 0xFF, 0x50, 0xC8, 0xF1, 0xFF,
0x46, 0xCF, 0xF7, 0xFF, 0x6A, 0xDF, 0xFF, 0xFF, 0x57, 0xD4, 0xF9, 0xFF, 0x54, 0xA0, 0xB2, 0xED,
0x7E, 0xDE, 0xF8, 0xFE, 0x6D, 0xC1, 0xD8, 0xF6, 0x25, 0x3A, 0x41, 0xBF, 0x0D, 0x14, 0x15, 0x9D,
0x45, 0x9B, 0xB5, 0xF8, 0x03, 0x04, 0x04, 0xB4, 0x28, 0x52, 0x5E, 0xEC, 0x00, 0x00, 0x00, 0x8A,
0x00, 0x00, 0x00, 0x62, 0x00, 0x00, 0x00, 0x38, 0x00, 0x00, 0x00, 0x2C, 0x00, 0x00, 0x00, 0x05,
0x4E, 0x87, 0xC4, 0xFF, 0x45, 0x98, 0xD2, 0xFF, 0x5A, 0xA3, 0xD7, 0xFF, 0x50, 0xAE, 0xDD, 0xFF,
0x43, 0xB6, 0xE3, 0xFF, 0x4D, 0xBC, 0xE4, 0xFF, 0x3D, 0xB3, 0xDD, 0xFF, 0x46, 0xB4, 0xDD, 0xFF,
0x6C, 0xD8, 0xFA, 0xFF, 0x81, 0xE0, 0xFC, 0xFF, 0x6D, 0xDF, 0xFF, 0xFF, 0x8F, 0xEC, 0xFF, 0xFF,
0x58, 0xC5, 0xE5, 0xFF, 0x35, 0xA7, 0xD4, 0xFF, 0xAB, 0xF7, 0xFF, 0xFF, 0x61, 0xC9, 0xEE, 0xFF,
0x1B, 0x3B, 0x46, 0xE8, 0x00, 0x00, 0x00, 0x80, 0x19, 0x3D, 0x4A, 0xE8, 0x00, 0x00, 0x00, 0x80,
0x00, 0x00, 0x00, 0x22, 0x00, 0x00, 0x00, 0x00, 0x00, 0x00, 0x00, 0x23, 0x00, 0x00, 0x00, 0x00,
0x14, 0x38, 0x47, 0xE8, 0x00, 0x00, 0x00, 0x81, 0x0C, 0x36, 0x47, 0xE6, 0x00, 0x00, 0x00, 0x7C,
0x00, 0x00, 0x00, 0x24, 0x00, 0x00, 0x00, 0x00, 0x00, 0x00, 0x00, 0x22, 0x00, 0x00, 0x00, 0x00,
0x00, 0x00, 0x00, 0x00, 0x00, 0x00, 0x00, 0x00, 0x00, 0x00, 0x00, 0x00, 0x00, 0x00, 0x00, 0x00,
0x00, 0x00, 0x00, 0x00, 0x00, 0x00, 0x00, 0x00, 0x00, 0x00, 0x00, 0x00, 0x00, 0x00, 0x00, 0x00,
0x00, 0x00, 0x00, 0x00, 0x00, 0x00, 0x00, 0x00, 0x00, 0x00, 0x00, 0x00, 0x00, 0x00, 0x00, 0x00,
0x00, 0x00, 0x00, 0x00, 0x00, 0x00, 0x00, 0x00, 0x00, 0x00, 0x00, 0x00, 0x00, 0x00, 0x00, 0x00,
0x00, 0x00, 0x00, 0x00, 0x00, 0x00, 0x00, 0x00, 0x00, 0x00, 0x00, 0x00, 0x00, 0x00, 0x00, 0x00,
0x00, 0x00, 0x00, 0x00, 0x00, 0x00, 0x00, 0x00, 0x00, 0x00, 0x00, 0x00, 0x00, 0x00, 0x00, 0x00,
0x00, 0x00, 0x00, 0x00, 0x00, 0x00, 0x00, 0x00, 0x00, 0x00, 0x00, 0x00, 0x00, 0x00, 0x00, 0x00,
0x00, 0x00, 0x00, 0x00, 0x00, 0x00, 0x00, 0x00, 0x00, 0x00, 0x00, 0x00, 0x00, 0x00, 0x00, 0x00,
0x00, 0x00, 0x00, 0x00, 0x00, 0x00, 0x00, 0x00, 0x00, 0x00, 0x00, 0x00, 0x00, 0x00, 0x00, 0x00,
0x00, 0x00, 0x00, 0x00, 0x00, 0x00, 0x00, 0x00, 0x00, 0x00, 0x00, 0x00, 0x00, 0x00, 0x00, 0x00,
0x00, 0x00, 0x00, 0x00, 0x00, 0x00, 0x00, 0x00, 0x00, 0x00, 0x00, 0x00, 0x00, 0x00, 0x00, 0x00,
0x00, 0x00, 0x00, 0x00, 0x00, 0x00, 0x00, 0x00, 0x00, 0x00, 0x00, 0x00, 0x00, 0x00, 0x00, 0x00,
0x00, 0x00, 0x00, 0x00, 0x00, 0x00, 0x00, 0x00, 0x00, 0x00, 0x00, 0x00, 0x00, 0x00, 0x00, 0x00,
0x00, 0x00, 0x00, 0x00, 0x00, 0x00, 0x00, 0x00, 0x00, 0x00, 0x00, 0x00, 0x00, 0x00, 0x00, 0x00,
0x00, 0x00, 0x00, 0x00, 0x00, 0x00, 0x00, 0x00, 0x00, 0x00, 0x00, 0x00, 0x00, 0x00, 0x00, 0x00,
0x00, 0x00, 0x00, 0x00, 0x00, 0x00, 0x00, 0x00, 0x00, 0x00, 0x00, 0x00, 0x00, 0x00, 0x00, 0x00,
0x00, 0x00, 0x00, 0x00, 0x00, 0x00, 0x00, 0x00, 0x00, 0x00, 0x00, 0x00, 0x00, 0x00, 0x00, 0x00,
0x00, 0x00, 0x00, 0x00, 0x00, 0x00, 0x00, 0x00, 0x00, 0x00, 0x00, 0x00, 0x00, 0x00, 0x00, 0x00,
0x00, 0x00, 0x00, 0x00, 0x00, 0x00, 0x00, 0x00, 0x00, 0x00, 0x00, 0x00, 0x00, 0x00, 0x00, 0x00,
0x00, 0x00, 0x00, 0x00, 0x00, 0x00, 0x00, 0x00, 0x00, 0x00, 0x00, 0x00, 0x00, 0x00, 0x00, 0x00,
0x00, 0x00, 0x00, 0x00, 0x00, 0x00, 0x00, 0x00, 0x00, 0x00, 0x00, 0x00, 0x00, 0x00, 0x00, 0x00,
0x00, 0x00, 0x00, 0x05, 0x00, 0x00, 0x00, 0x2C, 0x00, 0x00, 0x00, 0x00, 0x00, 0x00, 0x00, 0x14,
0x00, 0x00, 0x00, 0x00, 0x00, 0x00, 0x00, 0x00, 0x00, 0x00, 0x00, 0x00, 0x00, 0x00, 0x00, 0x00,
0x00, 0x00, 0x00, 0x00, 0x00, 0x00, 0x00, 0x00, 0x00, 0x00, 0x00, 0x00, 0x00, 0x00, 0x00, 0x00,
0x00, 0x00, 0x00, 0x00, 0x00, 0x00, 0x00, 0x00, 0x00, 0x00, 0x00, 0x00, 0x00, 0x00, 0x00, 0x00,
0x00, 0x00, 0x00, 0x00, 0x00, 0x00, 0x00, 0x00, 0x00, 0x00, 0x00, 0x00, 0x00, 0x00, 0x00, 0x00,
0x00, 0x00, 0x00, 0x00, 0x00, 0x00, 0x00, 0x00, 0x00, 0x00, 0x00, 0x00, 0x00, 0x00, 0x00, 0x00,
0x00, 0x00, 0x00, 0x00, 0x00, 0x00, 0x00, 0x00, 0x00, 0x00, 0x00, 0x00, 0x00, 0x00, 0x00, 0x00,
0x00, 0x00, 0x00, 0x00, 0x00, 0x00, 0x00, 0x00, 0x00, 0x00, 0x00, 0x00, 0x00, 0x00, 0x00, 0x00,
0x00, 0x00, 0x00, 0x00, 0x00, 0x00, 0x00, 0x00, 0x00, 0x00, 0x00, 0x00, 0x00, 0x00, 0x00, 0x00,
0x00, 0x00, 0x00, 0x00, 0x00, 0x00, 0x00, 0x00, 0x00, 0x00, 0x00, 0x00, 0x00, 0x00, 0x00, 0x00,
0x00, 0x00, 0x00, 0x00, 0x00, 0x00, 0x00, 0x00, 0x00, 0x00, 0x00, 0x00, 0x00, 0x00, 0x00, 0x00,
0x00, 0x00, 0x00, 0x00, 0x00, 0x00, 0x00, 0x00, 0x00, 0x00, 0x00, 0x00, 0x00, 0x00, 0x00, 0x00,
0x00, 0x00, 0x00, 0x00, 0x00, 0x00, 0x00, 0x00, 0x00, 0x00, 0x00, 0x00, 0x00, 0x00, 0x00, 0x00,
0x00, 0x00, 0x00, 0x00, 0x00, 0x00, 0x00, 0x00, 0x00, 0x00, 0x00, 0x00, 0x00, 0x00, 0x00, 0x00,
0x00, 0x00, 0x00, 0x00, 0x00, 0x00, 0x00, 0x00, 0x00, 0x00, 0x00, 0x00, 0x00, 0x00, 0x00, 0x00,
0x00, 0x00, 0x00, 0x00, 0x00, 0x00, 0x00, 0x00, 0x00, 0x00, 0x00, 0x00, 0x00, 0x00, 0x00, 0x00,
0x00, 0x00, 0x00, 0x00, 0x00, 0x00, 0x00, 0x00, 0x00, 0x00, 0x00, 0x00, 0x00, 0x00, 0x00, 0x00,
0x00, 0x00, 0x00, 0x00, 0x00, 0x00, 0x00, 0x00, 0x00, 0x00, 0x00, 0x00, 0x00, 0x00, 0x00, 0x00,
0x00, 0x00, 0x00, 0x00, 0x00, 0x00, 0x00, 0x00, 0x00, 0x00, 0x00, 0x00, 0x00, 0x00, 0x00, 0x00,
0x00, 0x00, 0x00, 0x00, 0x00, 0x00, 0x00, 0x00, 0x00, 0x00, 0x00, 0x00, 0x00, 0x00, 0x00, 0x00,
0x00, 0x00, 0x00, 0x00, 0x00, 0x00, 0x00, 0x00, 0x00, 0x00, 0x00, 0x00, 0x00, 0x00, 0x00, 0x00,
0x00, 0x00, 0x00, 0x00, 0x00, 0x00, 0x00, 0x00, 0x00, 0x00, 0x00, 0x00, 0x00, 0x00, 0x00, 0x00,
0x00, 0x00, 0x00, 0x00, 0x00, 0x00, 0x00, 0x00, 0x00, 0x00, 0x00, 0x00, 0x00, 0x00, 0x00, 0x00,
0x00, 0x00, 0x00, 0x00, 0x00, 0x00, 0x00, 0x00, 0x00, 0x00, 0x00, 0x00, 0x00, 0x00, 0x00, 0x00,
0x00, 0x00, 0x00, 0x00, 0x00, 0x00, 0x00, 0x00, 0x00, 0x00, 0x00, 0x00, 0x00, 0x00, 0x00, 0x00,
0x00, 0x00, 0x00, 0x00, 0x00, 0x00, 0x00, 0x00, 0x00, 0x00, 0x00, 0x00, 0x00, 0x00, 0x00, 0x00,
0x00, 0x00, 0x00, 0x00, 0x00, 0x00, 0x00, 0x00, 0x00, 0x00, 0x00, 0x00, 0x00, 0x00, 0x00, 0x00,
0x00, 0x00, 0x00, 0x00, 0x00, 0x00, 0x00, 0x00, 0x00, 0x00, 0x00, 0x00, 0x00, 0x00, 0x00, 0x00,
0x00, 0x00, 0x00, 0x00, 0x00, 0x00, 0x00, 0x00, 0x00, 0x00, 0x00, 0x00, 0x00, 0x00, 0x00, 0x00,
0x00, 0x00, 0x00, 0x00, 0x00, 0x00, 0x00, 0x00, 0x00, 0x00, 0x00, 0x00, 0x00, 0x00, 0x00, 0x00,
0x00, 0x00, 0x00, 0x00, 0x00, 0x00, 0x00, 0x00, 0x00, 0x00, 0x00, 0x00, 0x00, 0x00, 0x00, 0x00,
0x00, 0x00, 0x00, 0x00, 0x00, 0x00, 0x00, 0x00, 0x00, 0x00, 0x00, 0x00, 0x00, 0x00, 0x00, 0x00,
0x00, 0x00, 0x00, 0x00, 0x00, 0x00, 0x00, 0x00, 0x00, 0x00, 0x00, 0x00, 0x00, 0x00, 0x00, 0x00,
0x00, 0x00, 0x00, 0x00, 0x00, 0x00, 0x00, 0x00, 0x00, 0x00, 0x00, 0x00, 0x00, 0x00, 0x00, 0x00,
0x00, 0x00, 0x00, 0x00, 0x00, 0x00, 0x00, 0x00, 0x00, 0x00, 0x00, 0x00, 0x00, 0x00, 0x00, 0x00,
0x00, 0x00, 0x00, 0x00, 0x00, 0x00, 0x00, 0x00, 0x00, 0x00, 0x00, 0x00, 0x00, 0x00, 0x00, 0x00,
0x00, 0x00, 0x00, 0x00, 0x00, 0x00, 0x00, 0x00, 0x00, 0x00, 0x00, 0x00, 0x00, 0x00, 0x00, 0x00,
0x00, 0x00, 0x00, 0x00, 0x00, 0x00, 0x00, 0x00, 0x00, 0x00, 0x00, 0x00, 0x00, 0x00, 0x00, 0x00,
0x00, 0x00, 0x00, 0x00, 0x00, 0x00, 0x00, 0x00, 0x00, 0x00, 0x00, 0x00, 0x00, 0x00, 0x00, 0x00,
0x00, 0x00, 0x00, 0x00, 0x00, 0x00, 0x00, 0x00, 0x00, 0x00, 0x00, 0x00, 0x00, 0x00, 0x00, 0x00,
0x00, 0x00, 0x00, 0x00, 0x00, 0x00, 0x00, 0x00, 0x00, 0x00, 0x00, 0x00, 0x00, 0x00, 0x00, 0x00,
0x00, 0x00, 0x00, 0x00, 0x00, 0x00, 0x00, 0x00, 0x00, 0x00, 0x00, 0x00, 0x00, 0x00, 0x00, 0x00,
0x00, 0x00, 0x00, 0x00, 0x00, 0x00, 0x00, 0x07, 0x00, 0x00, 0x00, 0x03, 0x00, 0x00, 0x00, 0x1E,
0x00, 0x00, 0x00, 0x78, 0x17, 0x25, 0x2C, 0xBA, 0x00, 0x00, 0x00, 0x30, 0x00, 0x00, 0x00, 0x4D,
0x2D, 0x5D, 0x77, 0xCB, 0x2B, 0x59, 0x71, 0xCA, 0x00, 0x00, 0x00, 0x57, 0x00, 0x00, 0x00, 0x57,
0x00, 0x00, 0x00, 0x0A, 0x00, 0x00, 0x00, 0x10, 0x00, 0x00, 0x00, 0x00, 0x00, 0x00, 0x00, 0x00,
0x00, 0x00, 0x00, 0x13, 0x00, 0x00, 0x00, 0x13, 0x00, 0x00, 0x00, 0x00, 0x00, 0x00, 0x00, 0x00,
0x2C, 0x59, 0x6F, 0xC9, 0x2B, 0x59, 0x6D, 0xCA, 0x00, 0x00, 0x00, 0x58, 0x00, 0x00, 0x00, 0x57,
0x2D, 0x5A, 0x6D, 0xC9, 0x2E, 0x5C, 0x6F, 0xCA, 0x00, 0x00, 0x00, 0x57, 0x00, 0x00, 0x00, 0x58,
0x00, 0x00, 0x00, 0x13, 0x00, 0x00, 0x00, 0x13, 0x00, 0x00, 0x00, 0x00, 0x00, 0x00, 0x00, 0x00,
0x00, 0x00, 0x00, 0x13, 0x00, 0x00, 0x00, 0x13, 0x00, 0x00, 0x00, 0x00, 0x00, 0x00, 0x00, 0x00,
0x00, 0x00, 0x00, 0x00, 0x00, 0x00, 0x00, 0x00, 0x00, 0x00, 0x00, 0x00, 0x00, 0x00, 0x00, 0x00,
0x00, 0x00, 0x00, 0x00, 0x00, 0x00, 0x00, 0x00, 0x00, 0x00, 0x00, 0x00, 0x00, 0x00, 0x00, 0x00,
0x00, 0x00, 0x00, 0x00, 0x00, 0x00, 0x00, 0x00, 0x00, 0x00, 0x00, 0x00, 0x00, 0x00, 0x00, 0x00,
0x00, 0x00, 0x00, 0x00, 0x00, 0x00, 0x00, 0x00, 0x00, 0x00, 0x00, 0x00, 0x00, 0x00, 0x00, 0x00,
0x00, 0x00, 0x00, 0x00, 0x00, 0x00, 0x00, 0x00, 0x00, 0x00, 0x00, 0x00, 0x00, 0x00, 0x00, 0x00,
0x00, 0x00, 0x00, 0x00, 0x00, 0x00, 0x00, 0x00, 0x00, 0x00, 0x00, 0x00, 0x00, 0x00, 0x00, 0x00,
0x00, 0x00, 0x00, 0x00, 0x00, 0x00, 0x00, 0x00, 0x00, 0x00, 0x00, 0x00, 0x00, 0x00, 0x00, 0x00,
0x00, 0x00, 0x00, 0x00, 0x00, 0x00, 0x00, 0x00, 0x00, 0x00, 0x00, 0x00, 0x00, 0x00, 0x00, 0x00,
0x32, 0x60, 0x71, 0xCA, 0x3C, 0x64, 0x72, 0xCA, 0x00, 0x00, 0x00, 0x58, 0x00, 0x00, 0x00, 0x58,
0x4D, 0x6B, 0x73, 0xCA, 0x4A, 0x6B, 0x74, 0xCA, 0x00, 0x00, 0x00, 0x58, 0x00, 0x00, 0x00, 0x58,
0x00, 0x00, 0x00, 0x13, 0x00, 0x00, 0x00, 0x13, 0x00, 0x00, 0x00, 0x00, 0x00, 0x00, 0x00, 0x00,
0x00, 0x00, 0x00, 0x13, 0x00, 0x00, 0x00, 0x1E, 0x00, 0x00, 0x00, 0x00, 0x00, 0x00, 0x00, 0x24,
0x0E, 0x1D, 0x22, 0xAC, 0x00, 0x00, 0x00, 0x5D, 0x00, 0x00, 0x00, 0x54, 0x00, 0x00, 0x00, 0x3C,
0x00, 0x00, 0x00, 0x1A, 0x00, 0x00, 0x00, 0x00, 0x00, 0x00, 0x00, 0x25, 0x00, 0x00, 0x00, 0x1E,
0x00, 0x00, 0x00, 0x41, 0x00, 0x00, 0x00, 0x66, 0x00, 0x00, 0x00, 0x74, 0x00, 0x02, 0x01, 0xCB,
0x00, 0x00, 0x00, 0x72, 0x00, 0x00, 0x00, 0x75, 0x04, 0x05, 0x05, 0xE0, 0x03, 0x05, 0x04, 0xE1,
0x00, 0x00, 0x00, 0x00, 0x00, 0x00, 0x00, 0x00, 0x00, 0x00, 0x00, 0x00, 0x00, 0x00, 0x00, 0x00,
0x00, 0x00, 0x00, 0x03, 0x00, 0x00, 0x00, 0x33, 0x00, 0x00, 0x00, 0x05, 0x00, 0x00, 0x00, 0x35,
0x00, 0x00, 0x00, 0x00, 0x00, 0x00, 0x00, 0x00, 0x00, 0x00, 0x00, 0x00, 0x00, 0x00, 0x00, 0x00,
0x00, 0x00, 0x00, 0x05, 0x00, 0x00, 0x00, 0x35, 0x00, 0x00, 0x00, 0x05, 0x00, 0x00, 0x00, 0x36,
0x02, 0x01, 0x01, 0x99, 0x38, 0x45, 0x47, 0xFC, 0x00, 0x00, 0x00, 0x9E, 0x54, 0x62, 0x64, 0xF9,
0x33, 0x48, 0x4B, 0xFF, 0x34, 0x45, 0x44, 0xFF, 0x68, 0x7E, 0x7E, 0xFF, 0x44, 0x56, 0x52, 0xFF,
0x00, 0x00, 0x00, 0x9E, 0x45, 0x52, 0x51, 0xF9, 0x00, 0x00, 0x00, 0x9E, 0x3F, 0x4A, 0x4A, 0xF9,
0x70, 0x7F, 0x7F, 0xFF, 0x56, 0x66, 0x67, 0xFF, 0x57, 0x6B, 0x62, 0xFF, 0x55, 0x67, 0x65, 0xFF,
0x00, 0x00, 0x00, 0x00, 0x00, 0x00, 0x00, 0x00, 0x00, 0x00, 0x00, 0x00, 0x00, 0x00, 0x00, 0x00,
0x00, 0x00, 0x00, 0x00, 0x00, 0x00, 0x00, 0x00, 0x00, 0x00, 0x00, 0x00, 0x00, 0x00, 0x00, 0x00,
0x00, 0x00, 0x00, 0x00, 0x00, 0x00, 0x00, 0x00, 0x00, 0x00, 0x00, 0x00, 0x00, 0x00, 0x00, 0x00,
0x00, 0x00, 0x00, 0x00, 0x00, 0x00, 0x00, 0x00, 0x00, 0x00, 0x00, 0x00, 0x00, 0x00, 0x00, 0x00,
0x00, 0x00, 0x00, 0x00, 0x00, 0x00, 0x00, 0x00, 0x00, 0x00, 0x00, 0x00, 0x00, 0x00, 0x00, 0x00,
0x00, 0x00, 0x00, 0x00, 0x00, 0x00, 0x00, 0x00, 0x00, 0x00, 0x00, 0x00, 0x00, 0x00, 0x00, 0x00,
0x00, 0x00, 0x00, 0x00, 0x00, 0x00, 0x00, 0x00, 0x00, 0x00, 0x00, 0x00, 0x00, 0x00, 0x00, 0x00,
0x00, 0x00, 0x00, 0x00, 0x00, 0x00, 0x00, 0x00, 0x00, 0x00, 0x00, 0x00, 0x00, 0x00, 0x00, 0x00,
0x00, 0x00, 0x00, 0x00, 0x00, 0x00, 0x00, 0x00, 0x00, 0x00, 0x00, 0x00, 0x00, 0x00, 0x00, 0x00,
0x00, 0x00, 0x00, 0x00, 0x00, 0x00, 0x00, 0x00, 0x00, 0x00, 0x00, 0x00, 0x00, 0x00, 0x00, 0x02,
0x00, 0x00, 0x00, 0x17, 0x00, 0x00, 0x00, 0x28, 0x00, 0x00, 0x00, 0x50, 0x00, 0x00, 0x00, 0x83,
0x00, 0x00, 0x00, 0x31, 0x00, 0x00, 0x00, 0x33, 0x00, 0x00, 0x00, 0x99, 0x00, 0x00, 0x00, 0x9D,
0x00, 0x00, 0x00, 0x00, 0x00, 0x00, 0x00, 0x00, 0x00, 0x00, 0x00, 0x03, 0x00, 0x00, 0x00, 0x02,
0x00, 0x00, 0x00, 0x00, 0x00, 0x00, 0x00, 0x00, 0x00, 0x00, 0x00, 0x03, 0x00, 0x00, 0x00, 0x03,
0x00, 0x00, 0x00, 0x33, 0x00, 0x00, 0x00, 0x34, 0x00, 0x00, 0x00, 0x9D, 0x00, 0x00, 0x00, 0x9C,
0x00, 0x00, 0x00, 0x33, 0x00, 0x00, 0x00, 0x34, 0x00, 0x00, 0x00, 0x9C, 0x00, 0x00, 0x00, 0x9C,
0x00, 0x00, 0x00, 0x00, 0x00, 0x00, 0x00, 0x00, 0x00, 0x00, 0x00, 0x00, 0x00, 0x00, 0x00, 0x00,
0x00, 0x00, 0x00, 0x05, 0x00, 0x00, 0x00, 0x35, 0x00, 0x00, 0x00, 0x02, 0x00, 0x00, 0x00, 0x32,
0x00, 0x00, 0x00, 0x00, 0x00, 0x00, 0x00, 0x00, 0x00, 0x00, 0x00, 0x00, 0x00, 0x00, 0x00, 0x00,
0x00, 0x00, 0x00, 0x00, 0x00, 0x00, 0x00, 0x26, 0x00, 0x00, 0x00, 0x00, 0x00, 0x00, 0x00, 0x13,
0x00, 0x00, 0x00, 0x9F, 0x3B, 0x42, 0x3F, 0xF9, 0x00, 0x00, 0x00, 0x97, 0x41, 0x4B, 0x47, 0xFB,
0x4B, 0x5D, 0x5B, 0xFF, 0x61, 0x9B, 0xB5, 0xFF, 0x71, 0xB7, 0xD1, 0xFF, 0x8F, 0xEE, 0xFF, 0xFF,
0x00, 0x00, 0x00, 0x72, 0x2C, 0x3C, 0x42, 0xC6, 0x00, 0x00, 0x00, 0x34, 0x00, 0x00, 0x00, 0x5A,
0x46, 0x73, 0x86, 0xDB, 0x47, 0x73, 0x84, 0xDB, 0x00, 0x00, 0x00, 0x68, 0x00, 0x00, 0x00, 0x6C,
0x00, 0x00, 0x00, 0x00, 0x00, 0x00, 0x00, 0x00, 0x00, 0x00, 0x00, 0x03, 0x00, 0x00, 0x00, 0x02,
0x00, 0x00, 0x00, 0x00, 0x00, 0x00, 0x00, 0x00, 0x00, 0x00, 0x00, 0x03, 0x00, 0x00, 0x00, 0x00,
0x00, 0x00, 0x00, 0x34, 0x00, 0x00, 0x00, 0x33, 0x00, 0x00, 0x00, 0x9C, 0x00, 0x00, 0x00, 0x9B,
0x00, 0x00, 0x00, 0x33, 0x00, 0x00, 0x00, 0x32, 0x00, 0x00, 0x00, 0x9C, 0x00, 0x00, 0x00, 0x98,
0x00, 0x00, 0x00, 0x0E, 0x00, 0x00, 0x00, 0x17, 0x00, 0x00, 0x00, 0x00, 0x00, 0x00, 0x00, 0x00,
0x00, 0x00, 0x00, 0x1B, 0x00, 0x00, 0x00, 0x1C, 0x00, 0x00, 0x00, 0x00, 0x00, 0x00, 0x00, 0x00,
0x00, 0x00, 0x00, 0x26, 0x00, 0x00, 0x00, 0x14, 0x00, 0x00, 0x00, 0x78, 0x00, 0x00, 0x00, 0x3B,
0x00, 0x00, 0x00, 0x03, 0x00, 0x00, 0x00, 0x00, 0x00, 0x00, 0x00, 0x12, 0x00, 0x00, 0x00, 0x00,
0x00, 0x00, 0x00, 0x3E, 0x00, 0x00, 0x00, 0x3D, 0x00, 0x00, 0x00, 0xC1, 0x00, 0x00, 0x00, 0xBF,
0x00, 0x00, 0x00, 0x3C, 0x00, 0x00, 0x00, 0x45, 0x00, 0x00, 0x00, 0xBC, 0x00, 0x00, 0x00, 0xB5,
0x17, 0x25, 0x28, 0xFF, 0x19, 0x26, 0x2B, 0xFF, 0x27, 0x46, 0x4B, 0xFF, 0x28, 0x46, 0x4E, 0xFF,
0x13, 0x1F, 0x23, 0xFF, 0x0F, 0x18, 0x1B, 0xFE, 0x28, 0x47, 0x50, 0xFF, 0x2A, 0x4B, 0x56, 0xFF,
0x00, 0x00, 0x00, 0x3B, 0x00, 0x00, 0x00, 0x2B, 0x00, 0x00, 0x00, 0xA5, 0x00, 0x00, 0x00, 0x8D,
0x00, 0x00, 0x00, 0x20, 0x00, 0x00, 0x00, 0x16, 0x00, 0x00, 0x00, 0x77, 0x00, 0x00, 0x00, 0x5E,
0x0B, 0x11, 0x13, 0xF9, 0x05, 0x07, 0x08, 0xEE, 0x30, 0x51, 0x5D, 0xFF, 0x2A, 0x4A, 0x56, 0xFF,
0x00, 0x00, 0x00, 0xE2, 0x00, 0x00, 0x00, 0xCC, 0x23, 0x3D, 0x49, 0xFF, 0x1E, 0x31, 0x3D, 0xFF,
0x30, 0x48, 0x4C, 0xFF, 0x2E, 0x47, 0x4C, 0xFF, 0x58, 0x87, 0xB0, 0xFF, 0x50, 0x83, 0xAC, 0xFF,
0x30, 0x4C, 0x50, 0xFF, 0x24, 0x43, 0x48, 0xFF, 0x4C, 0x7E, 0xA4, 0xFF, 0x5B, 0x88, 0xAA, 0xFF,
0x5E, 0xB5, 0xDE, 0xFF, 0x5D, 0xAA, 0xD8, 0xFF, 0x72, 0xD9, 0xFB, 0xFF, 0x71, 0xCE, 0xEE, 0xFF,
0x45, 0x8E, 0xC3, 0xFF, 0x3A, 0x7E, 0xB9, 0xFF, 0x63, 0xB6, 0xDF, 0xFF, 0x4F, 0x92, 0xC2, 0xFF,
0x24, 0x44, 0x4C, 0xFF, 0x28, 0x4A, 0x55, 0xFF, 0x55, 0x7F, 0x9D, 0xFF, 0x4B, 0x6E, 0x82, 0xFF,
0x2D, 0x52, 0x62, 0xFF, 0x33, 0x5B, 0x73, 0xFF, 0x42, 0x65, 0x77, 0xFF, 0x35, 0x5B, 0x6B, 0xFF,
0x35, 0x78, 0xB5, 0xFF, 0x41, 0x83, 0xBC, 0xFF, 0x3A, 0x77, 0xAE, 0xFF, 0x47, 0x88, 0xC2, 0xFF,
0x50, 0x8E, 0xC2, 0xFF, 0x55, 0x8B, 0xB3, 0xFF, 0x46, 0x89, 0xC5, 0xFF, 0x40, 0x87, 0xC4, 0xFF,
0x00, 0x00, 0x00, 0x0B, 0x00, 0x00, 0x00, 0x00, 0x00, 0x00, 0x00, 0x40, 0x00, 0x00, 0x00, 0x25,
0x00, 0x00, 0x00, 0x00, 0x00, 0x00, 0x00, 0x00, 0x00, 0x00, 0x00, 0x12, 0x00, 0x00, 0x00, 0x00,
0x00, 0x00, 0x00, 0xA7, 0x00, 0x00, 0x00, 0x78, 0x10, 0x18, 0x1D, 0xF9, 0x01, 0x02, 0x02, 0xE1,
0x00, 0x00, 0x00, 0x49, 0x00, 0x00, 0x00, 0x23, 0x00, 0x00, 0x00, 0xAF, 0x00, 0x00, 0x00, 0x72,
0x00, 0x00, 0x00, 0x00, 0x00, 0x00, 0x00, 0x00, 0x00, 0x00, 0x00, 0x00, 0x00, 0x00, 0x00, 0x00,
0x00, 0x00, 0x00, 0x00, 0x00, 0x00, 0x00, 0x00, 0x00, 0x00, 0x00, 0x00, 0x00, 0x00, 0x00, 0x00,
0x00, 0x00, 0x00, 0x0F, 0x00, 0x00, 0x00, 0x00, 0x00, 0x00, 0x00, 0x38, 0x00, 0x00, 0x00, 0x15,
0x00, 0x00, 0x00, 0x00, 0x00, 0x00, 0x00, 0x00, 0x00, 0x00, 0x00, 0x00, 0x00, 0x00, 0x00, 0x00,
0x32, 0x5B, 0x74, 0xFF, 0x2D, 0x4B, 0x5F, 0xFF, 0x31, 0x5A, 0x71, 0xFF, 0x34, 0x63, 0x83, 0xFF,
0x11, 0x1D, 0x25, 0xFB, 0x00, 0x00, 0x00, 0xD5, 0x3B, 0x6B, 0x8B, 0xFF, 0x29, 0x49, 0x5F, 0xFF,
0x4E, 0x7E, 0x9E, 0xFF, 0x3F, 0x6D, 0x87, 0xFF, 0x41, 0x88, 0xC5, 0xFF, 0x52, 0x8D, 0xBD, 0xFF,
0x34, 0x69, 0x8A, 0xFF, 0x3C, 0x78, 0xA4, 0xFF, 0x53, 0x88, 0xAD, 0xFF, 0x38, 0x77, 0xA2, 0xFF,
0x00, 0x00, 0x00, 0x8B, 0x00, 0x00, 0x00, 0x40, 0x03, 0x05, 0x06, 0xE2, 0x00, 0x00, 0x00, 0x8D,
0x00, 0x00, 0x00, 0x15, 0x00, 0x00, 0x00, 0x00, 0x00, 0x00, 0x00, 0x3B, 0x00, 0x00, 0x00, 0x11,
0x2B, 0x53, 0x73, 0xFF, 0x03, 0x05, 0x06, 0xDB, 0x41, 0x85, 0xBE, 0xFF, 0x25, 0x45, 0x61, 0xFF,
0x00, 0x00, 0x00, 0x7E, 0x00, 0x00, 0x00, 0x30, 0x00, 0x00, 0x00, 0xC4, 0x00, 0x00, 0x00, 0x61,
0x69, 0xB4, 0xCC, 0xF4, 0x78, 0xC4, 0xE0, 0xF8, 0x07, 0x0B, 0x0C, 0x96, 0x17, 0x20, 0x23, 0xAD,
0x82, 0xCD, 0xF0, 0xFF, 0x62, 0x9F, 0xC6, 0xFF, 0x46, 0x62, 0x6E, 0xDA, 0x68, 0x97, 0xAF, 0xFD,
0x00, 0x00, 0x00, 0x31, 0x00, 0x00, 0x00, 0x4A, 0x00, 0x00, 0x00, 0x00, 0x00, 0x00, 0x00, 0x17,
0x00, 0x00, 0x00, 0x90, 0x25, 0x35, 0x3C, 0xE4, 0x00, 0x00, 0x00, 0x5B, 0x03, 0x04, 0x05, 0xC8,
0x3F, 0x76, 0x9D, 0xFF, 0x40, 0x7C, 0xAC, 0xFF, 0x44, 0x74, 0x90, 0xFF, 0x33, 0x62, 0x80, 0xFF,
0x4D, 0x8E, 0xCC, 0xFF, 0x43, 0x87, 0xC2, 0xFF, 0x40, 0x7F, 0xB4, 0xFF, 0x44, 0x8A, 0xC2, 0xFF,
0x45, 0x6B, 0x7E, 0xFF, 0x30, 0x51, 0x5E, 0xFF, 0x31, 0x4D, 0x58, 0xFF, 0x2B, 0x4A, 0x54, 0xFF,
0x39, 0x6C, 0x8E, 0xFF, 0x44, 0x88, 0xC2, 0xFF, 0x30, 0x5A, 0x73, 0xFF, 0x3F, 0x7E, 0xB6, 0xFF,
0x00, 0x00, 0x00, 0x00, 0x00, 0x00, 0x00, 0x0C, 0x00, 0x00, 0x00, 0x00, 0x00, 0x00, 0x00, 0x0F,
0x00, 0x00, 0x00, 0x4B, 0x02, 0x01, 0x01, 0xBC, 0x00, 0x00, 0x00, 0x4A, 0x03, 0x03, 0x03, 0xBA,
0x00, 0x00, 0x00, 0x00, 0x00, 0x00, 0x00, 0x0E, 0x00, 0x00, 0x00, 0x00, 0x00, 0x00, 0x00, 0x0E,
0x00, 0x00, 0x00, 0x4A, 0x02, 0x03, 0x03, 0xBA, 0x00, 0x00, 0x00, 0x4C, 0x03, 0x03, 0x03, 0xBB,
0x24, 0x37, 0x3F, 0xFF, 0x2B, 0x47, 0x50, 0xFF, 0x26, 0x38, 0x40, 0xFF, 0x28, 0x42, 0x4D, 0xFF,
0x2B, 0x50, 0x61, 0xFF, 0x48, 0x85, 0xBD, 0xFF, 0x2D, 0x51, 0x61, 0xFF, 0x54, 0x90, 0xC9, 0xFF,
0x25, 0x3B, 0x40, 0xFF, 0x2D, 0x48, 0x4E, 0xFF, 0x26, 0x3C, 0x41, 0xFF, 0x2D, 0x48, 0x4E, 0xFF,
0x30, 0x52, 0x61, 0xFF, 0x55, 0x90, 0xC9, 0xFF, 0x3A, 0x5B, 0x6B, 0xFF, 0x5D, 0x96, 0xCF, 0xFF,
0x42, 0x89, 0xC5, 0xFF, 0x45, 0x91, 0xCB, 0xFF, 0x44, 0x87, 0xBF, 0xFF, 0x4D, 0x94, 0xCE, 0xFF,
0x4F, 0x93, 0xC5, 0xFF, 0x4A, 0x91, 0xBD, 0xFF, 0x45, 0x8B, 0xC7, 0xFF, 0x4D, 0x97, 0xCC, 0xFF,
0x4C, 0x8F, 0xC6, 0xFF, 0x49, 0x8E, 0xC8, 0xFF, 0x4C, 0x8F, 0xC6, 0xFF, 0x4A, 0x92, 0xC8, 0xFF,
0x44, 0x89, 0xC3, 0xFF, 0x47, 0x90, 0xC6, 0xFF, 0x3E, 0x84, 0xBA, 0xFF, 0x49, 0x92, 0xC9, 0xFF,
0x42, 0x91, 0xC7, 0xFF, 0x43, 0x8E, 0xC0, 0xFF, 0x3D, 0x9A, 0xCC, 0xFF, 0x3F, 0x9F, 0xD9, 0xFF,
0x0E, 0x1C, 0x24, 0xEF, 0x00, 0x00, 0x00, 0x8B, 0x29, 0x5C, 0x7C, 0xFC, 0x00, 0x00, 0x00, 0xA3,
0x3D, 0xA5, 0xD7, 0xFF, 0x3B, 0xA9, 0xE1, 0xFF, 0x43, 0xAE, 0xDD, 0xFF, 0x3C, 0xB2, 0xE6, 0xFF,
0x2C, 0x82, 0xAE, 0xFF, 0x01, 0x04, 0x04, 0xAE, 0x32, 0x94, 0xC5, 0xFF, 0x02, 0x07, 0x0A, 0xB0,
0x49, 0x89, 0xC1, 0xFF, 0x4F, 0x93, 0xCA, 0xFF, 0x51, 0x8F, 0xC8, 0xFF, 0x53, 0x93, 0xCB, 0xFF,
0x41, 0x86, 0xBC, 0xFF, 0x45, 0x8D, 0xC3, 0xFF, 0x49, 0x8A, 0xC1, 0xFF, 0x47, 0x88, 0xBC, 0xFF,
0x54, 0x90, 0xC9, 0xFF, 0x5B, 0x98, 0xD0, 0xFF, 0x63, 0x9D, 0xD5, 0xFF, 0x64, 0x9B, 0xD4, 0xFF,
0x53, 0x91, 0xC9, 0xFF, 0x4E, 0x8D, 0xC3, 0xFF, 0x52, 0x8A, 0xC4, 0xFF, 0x58, 0x96, 0xCB, 0xFF,
0x4F, 0xBB, 0xE4, 0xFF, 0x44, 0xBE, 0xEE, 0xFF, 0x5A, 0xC0, 0xE5, 0xFF, 0x4E, 0xC5, 0xF1, 0xFF,
0x37, 0x9E, 0xCD, 0xFF, 0x03, 0x08, 0x0A, 0xB1, 0x3C, 0xA4, 0xCF, 0xFF, 0x02, 0x08, 0x0A, 0xB2,
0x5F, 0xC1, 0xE5, 0xFF, 0x4F, 0xC3, 0xF1, 0xFF, 0x6F, 0xCC, 0xED, 0xFF, 0x58, 0xC7, 0xF4, 0xFF,
0x3D, 0xA2, 0xCF, 0xFF, 0x03, 0x08, 0x0A, 0xB0, 0x37, 0x9A, 0xC8, 0xFF, 0x02, 0x07, 0x09, 0xAE,
0x00, 0x00, 0x00, 0x00, 0x00, 0x00, 0x00, 0x00, 0x00, 0x00, 0x00, 0x00, 0x00, 0x00, 0x00, 0x00,
0x00, 0x00, 0x00, 0x00, 0x00, 0x00, 0x00, 0x00, 0x00, 0x00, 0x00, 0x00, 0x00, 0x00, 0x00, 0x00,
0x00, 0x00, 0x00, 0x00, 0x00, 0x00, 0x00, 0x00, 0x00, 0x00, 0x00, 0x00, 0x00, 0x00, 0x00, 0x00,
0x00, 0x00, 0x00, 0x00, 0x00, 0x00, 0x00, 0x00, 0x00, 0x00, 0x00, 0x00, 0x00, 0x00, 0x00, 0x00,
0x00, 0x00, 0x00, 0x00, 0x00, 0x00, 0x00, 0x00, 0x00, 0x00, 0x00, 0x00, 0x00, 0x00, 0x00, 0x00,
0x00, 0x00, 0x00, 0x00, 0x00, 0x00, 0x00, 0x00, 0x00, 0x00, 0x00, 0x00, 0x00, 0x00, 0x00, 0x00,
0x00, 0x00, 0x00, 0x00, 0x00, 0x00, 0x00, 0x00, 0x00, 0x00, 0x00, 0x00, 0x00, 0x00, 0x00, 0x00,
0x00, 0x00, 0x00, 0x00, 0x00, 0x00, 0x00, 0x00, 0x00, 0x00, 0x00, 0x00, 0x00, 0x00, 0x00, 0x00,
0x00, 0x00, 0x00, 0x00, 0x00, 0x00, 0x00, 0x00, 0x00, 0x00, 0x00, 0x00, 0x00, 0x00, 0x00, 0x00,
0x00, 0x00, 0x00, 0x00, 0x00, 0x00, 0x00, 0x00, 0x00, 0x00, 0x00, 0x00, 0x00, 0x00, 0x00, 0x00,
0x00, 0x00, 0x00, 0x0C, 0x00, 0x00, 0x00, 0x00, 0x00, 0x00, 0x00, 0x1B, 0x00, 0x00, 0x00, 0x00,
0x00, 0x00, 0x00, 0x00, 0x00, 0x00, 0x00, 0x00, 0x00, 0x00, 0x00, 0x00, 0x00, 0x00, 0x00, 0x00,
0x00, 0x00, 0x00, 0x00, 0x00, 0x00, 0x00, 0x00, 0x00, 0x00, 0x00, 0x00, 0x00, 0x00, 0x00, 0x00,
0x00, 0x00, 0x00, 0x00, 0x00, 0x00, 0x00, 0x00, 0x00, 0x00, 0x00, 0x00, 0x00, 0x00, 0x00, 0x00,
0x00, 0x00, 0x00, 0x00, 0x00, 0x00, 0x00, 0x00, 0x00, 0x00, 0x00, 0x00, 0x00, 0x00, 0x00, 0x00,
0x00, 0x00, 0x00, 0x00, 0x00, 0x00, 0x00, 0x00, 0x00, 0x00, 0x00, 0x00, 0x00, 0x00, 0x00, 0x00,
0x00, 0x00, 0x00, 0x00, 0x00, 0x00, 0x00, 0x00, 0x00, 0x00, 0x00, 0x00, 0x00, 0x00, 0x00, 0x00,
0x00, 0x00, 0x00, 0x00, 0x00, 0x00, 0x00, 0x00, 0x00, 0x00, 0x00, 0x00, 0x00, 0x00, 0x00, 0x00,
0x00, 0x00, 0x00, 0x00, 0x00, 0x00, 0x00, 0x00, 0x00, 0x00, 0x00, 0x00, 0x00, 0x00, 0x00, 0x00,
0x00, 0x00, 0x00, 0x00, 0x00, 0x00, 0x00, 0x00, 0x00, 0x00, 0x00, 0x00, 0x00, 0x00, 0x00, 0x00,
0x00, 0x00, 0x00, 0x00, 0x00, 0x00, 0x00, 0x00, 0x00, 0x00, 0x00, 0x00, 0x00, 0x00, 0x00, 0x00,
0x00, 0x00, 0x00, 0x00, 0x00, 0x00, 0x00, 0x00, 0x00, 0x00, 0x00, 0x00, 0x00, 0x00, 0x00, 0x00,
0x00, 0x00, 0x00, 0x00, 0x00, 0x00, 0x00, 0x00, 0x00, 0x00, 0x00, 0x00, 0x00, 0x00, 0x00, 0x00,
0x00, 0x00, 0x00, 0x00, 0x00, 0x00, 0x00, 0x00, 0x00, 0x00, 0x00, 0x00, 0x00, 0x00, 0x00, 0x00,
0x00, 0x00, 0x00, 0x00, 0x00, 0x00, 0x00, 0x00, 0x00, 0x00, 0x00, 0x00, 0x00, 0x00, 0x00, 0x00,
0x00, 0x00, 0x00, 0x00, 0x00, 0x00, 0x00, 0x00, 0x00, 0x00, 0x00, 0x00, 0x00, 0x00, 0x00, 0x00,
0x00, 0x00, 0x00, 0x00, 0x00, 0x00, 0x00, 0x00, 0x00, 0x00, 0x00, 0x00, 0x00, 0x00, 0x00, 0x00,
0x00, 0x00, 0x00, 0x00, 0x00, 0x00, 0x00, 0x00, 0x00, 0x00, 0x00, 0x00, 0x00, 0x00, 0x00, 0x00,
0x00, 0x00, 0x00, 0x00, 0x00, 0x00, 0x00, 0x00, 0x00, 0x00, 0x00, 0x00, 0x00, 0x00, 0x00, 0x00,
0x00, 0x00, 0x00, 0x00, 0x00, 0x00, 0x00, 0x00, 0x00, 0x00, 0x00, 0x00, 0x00, 0x00, 0x00, 0x00,
0x00, 0x00, 0x00, 0x00, 0x00, 0x00, 0x00, 0x00, 0x00, 0x00, 0x00, 0x00, 0x00, 0x00, 0x00, 0x00,
0x00, 0x00, 0x00, 0x00, 0x00, 0x00, 0x00, 0x00, 0x00, 0x00, 0x00, 0x00, 0x00, 0x00, 0x00, 0x00,
0x00, 0x00, 0x00, 0x2C, 0x00, 0x00, 0x00, 0x00, 0x00, 0x00, 0x00, 0x38, 0x00, 0x00, 0x00, 0x05,
0x00, 0x00, 0x00, 0x00, 0x00, 0x00, 0x00, 0x00, 0x00, 0x00, 0x00, 0x00, 0x00, 0x00, 0x00, 0x00,
0x00, 0x00, 0x00, 0x3F, 0x00, 0x00, 0x00, 0x0A, 0x00, 0x00, 0x00, 0x42, 0x00, 0x00, 0x00, 0x0A,
0x00, 0x00, 0x00, 0x00, 0x00, 0x00, 0x00, 0x00, 0x00, 0x00, 0x00, 0x00, 0x00, 0x00, 0x00, 0x00,
0x00, 0x00, 0x00, 0x00, 0x00, 0x00, 0x00, 0x00, 0x00, 0x00, 0x00, 0x00, 0x00, 0x00, 0x00, 0x00,
0x00, 0x00, 0x00, 0x00, 0x00, 0x00, 0x00, 0x00, 0x00, 0x00, 0x00, 0x00, 0x00, 0x00, 0x00, 0x00,
0x00, 0x00, 0x00, 0x00, 0x00, 0x00, 0x00, 0x00, 0x00, 0x00, 0x00, 0x00, 0x00, 0x00, 0x00, 0x00,
0x00, 0x00, 0x00, 0x00, 0x00, 0x00, 0x00, 0x00, 0x00, 0x00, 0x00, 0x00, 0x00, 0x00, 0x00, 0x00,
0x00, 0x00, 0x00, 0x42, 0x00, 0x00, 0x00, 0x0A, 0x00, 0x00, 0x00, 0x42, 0x00, 0x00, 0x00, 0x09,
0x00, 0x00, 0x00, 0x00, 0x00, 0x00, 0x00, 0x00, 0x00, 0x00, 0x00, 0x00, 0x00, 0x00, 0x00, 0x00,
0x00, 0x00, 0x00, 0x42, 0x00, 0x00, 0x00, 0x09, 0x00, 0x00, 0x00, 0x41, 0x00, 0x00, 0x00, 0x0A,
0x00, 0x00, 0x00, 0x00, 0x00, 0x00, 0x00, 0x00, 0x00, 0x00, 0x00, 0x00, 0x00, 0x00, 0x00, 0x00,
0x00, 0x00, 0x00, 0x00, 0x00, 0x00, 0x00, 0x00, 0x00, 0x00, 0x00, 0x00, 0x00, 0x00, 0x00, 0x00,
0x00, 0x00, 0x00, 0x00, 0x00, 0x00, 0x00, 0x00, 0x00, 0x00, 0x00, 0x00, 0x00, 0x00, 0x00, 0x00,
0x00, 0x00, 0x00, 0x00, 0x00, 0x00, 0x00, 0x00, 0x00, 0x00, 0x00, 0x00, 0x00, 0x00, 0x00, 0x00,
0x00, 0x00, 0x00, 0x00, 0x00, 0x00, 0x00, 0x00, 0x00, 0x00, 0x00, 0x00, 0x00, 0x00, 0x00, 0x00,
0x00, 0x00, 0x00, 0x00, 0x00, 0x00, 0x00, 0x00, 0x00, 0x00, 0x00, 0x00, 0x00, 0x00, 0x00, 0x00,
0x00, 0x00, 0x00, 0x00, 0x00, 0x00, 0x00, 0x00, 0x00, 0x00, 0x00, 0x00, 0x00, 0x00, 0x00, 0x00,
0x00, 0x00, 0x00, 0x00, 0x00, 0x00, 0x00, 0x00, 0x00, 0x00, 0x00, 0x00, 0x00, 0x00, 0x00, 0x00,
0x00, 0x00, 0x00, 0x00, 0x00, 0x00, 0x00, 0x00, 0x00, 0x00, 0x00, 0x00, 0x00, 0x00, 0x00, 0x00,
0x00, 0x00, 0x00, 0x00, 0x00, 0x00, 0x00, 0x00, 0x00, 0x00, 0x00, 0x00, 0x00, 0x00, 0x00, 0x00,
0x00, 0x00, 0x00, 0x00, 0x00, 0x00, 0x00, 0x00, 0x00, 0x00, 0x00, 0x00, 0x00, 0x00, 0x00, 0x00,
0x00, 0x00, 0x00, 0x00, 0x00, 0x00, 0x00, 0x00, 0x00, 0x00, 0x00, 0x00, 0x00, 0x00, 0x00, 0x00,
0x00, 0x00, 0x00, 0x00, 0x00, 0x00, 0x00, 0x00, 0x00, 0x00, 0x00, 0x00, 0x00, 0x00, 0x00, 0x00,
0x00, 0x00, 0x00, 0x00, 0x00, 0x00, 0x00, 0x00, 0x00, 0x00, 0x00, 0x00, 0x00, 0x00, 0x00, 0x00,
0x00, 0x00, 0x00, 0x00, 0x00, 0x00, 0x00, 0x00, 0x00, 0x00, 0x00, 0x00, 0x00, 0x00, 0x00, 0x00,
0x00, 0x00, 0x00, 0x00, 0x00, 0x00, 0x00, 0x00, 0x00, 0x00, 0x00, 0x00, 0x00, 0x00, 0x00, 0x00,
0x00, 0x00, 0x00, 0x00, 0x00, 0x00, 0x00, 0x00, 0x00, 0x00, 0x00, 0x00, 0x00, 0x00, 0x00, 0x00,
0x00, 0x00, 0x00, 0x00, 0x00, 0x00, 0x00, 0x00, 0x00, 0x00, 0x00, 0x00, 0x00, 0x00, 0x00, 0x00,
0x00, 0x00, 0x00, 0x00, 0x00, 0x00, 0x00, 0x00, 0x00, 0x00, 0x00, 0x00, 0x00, 0x00, 0x00, 0x00,
0x00, 0x00, 0x00, 0x00, 0x00, 0x00, 0x00, 0x00, 0x00, 0x00, 0x00, 0x00, 0x00, 0x00, 0x00, 0x00,
0x00, 0x00, 0x00, 0x00, 0x00, 0x00, 0x00, 0x00, 0x00, 0x00, 0x00, 0x00, 0x00, 0x00, 0x00, 0x00,
0x00, 0x00, 0x00, 0x00, 0x00, 0x00, 0x00, 0x15, 0x00, 0x00, 0x00, 0x25, 0x00, 0x00, 0x00, 0x44,
0x00, 0x00, 0x00, 0x59, 0x01, 0x02, 0x02, 0xC8, 0x00, 0x00, 0x00, 0x8D, 0x06, 0x08, 0x08, 0xE3,
0x00, 0x00, 0x00, 0x7F, 0x00, 0x00, 0x00, 0xA1, 0x06, 0x08, 0x07, 0xE7, 0x0D, 0x10, 0x0F, 0xF5,
0x00, 0x00, 0x00, 0xD6, 0x22, 0x29, 0x27, 0xFD, 0x29, 0x2F, 0x29, 0xFF, 0x44, 0x50, 0x45, 0xFF,
0x28, 0x3B, 0x3E, 0xFF, 0x30, 0x49, 0x4B, 0xFF, 0x2F, 0x40, 0x42, 0xFF, 0x31, 0x45, 0x42, 0xFF,
0x3E, 0x5D, 0x6E, 0xFF, 0x66, 0x9D, 0xD5, 0xFF, 0x4E, 0x6D, 0x7D, 0xFF, 0x76, 0xA8, 0xE5, 0xFF,
0x3B, 0x4A, 0x48, 0xFF, 0x31, 0x41, 0x39, 0xFF, 0x3A, 0x46, 0x3C, 0xFF, 0x36, 0x48, 0x49, 0xFF,
0x5C, 0x80, 0x9C, 0xFF, 0x7B, 0xAF, 0xE9, 0xFF, 0x7E, 0xA8, 0xD4, 0xFF, 0x92, 0xBE, 0xF0, 0xFF,
0x41, 0x4F, 0x4E, 0xFF, 0x44, 0x55, 0x4F, 0xFF, 0x43, 0x50, 0x4C, 0xFF, 0x41, 0x50, 0x47, 0xFF,
0x4B, 0x5A, 0x4E, 0xFF, 0x3D, 0x48, 0x38, 0xFF, 0x4B, 0x56, 0x46, 0xFF, 0x51, 0x65, 0x65, 0xFF,
0x63, 0x77, 0x77, 0xFF, 0x85, 0x98, 0x9A, 0xFF, 0xAE, 0xD2, 0xEC, 0xFF, 0xCF, 0xEA, 0xFF, 0xFF,
0x98, 0xB4, 0xC5, 0xFF, 0xBB, 0xD7, 0xF4, 0xFF, 0xD8, 0xED, 0xFF, 0xFF, 0xDA, 0xEA, 0xFE, 0xFF,
0x3D, 0x4C, 0x3F, 0xFF, 0x69, 0x91, 0xB4, 0xFF, 0x7F, 0xA6, 0xC6, 0xFF, 0x9C, 0xC4, 0xF4, 0xFF,
0x9A, 0xC4, 0xF4, 0xFF, 0x94, 0xC1, 0xEB, 0xFF, 0xA0, 0xCD, 0xEF, 0xFF, 0x66, 0xCB, 0xF0, 0xFF,
0xAB, 0xD3, 0xFF, 0xFF, 0xAF, 0xCC, 0xF3, 0xFF, 0xBB, 0xD7, 0xF8, 0xFF, 0xB7, 0xD5, 0xF5, 0xFF,
0x92, 0xCF, 0xF1, 0xFF, 0x5E, 0xC9, 0xF1, 0xFF, 0xB7, 0xE1, 0xF8, 0xFF, 0xC3, 0xEA, 0xF9, 0xFF,
0x6E, 0xA7, 0xDE, 0xFF, 0x68, 0x9F, 0xD8, 0xFF, 0x75, 0xA8, 0xE0, 0xFF, 0x6F, 0xA5, 0xDC, 0xFF,
0x5C, 0x90, 0xCC, 0xFF, 0x68, 0xA2, 0xD5, 0xFF, 0x67, 0x9A, 0xD4, 0xFF, 0x70, 0xAC, 0xDD, 0xFF,
0x75, 0xA7, 0xDE, 0xFF, 0x77, 0xAB, 0xE2, 0xFF, 0x8A, 0xB5, 0xE9, 0xFF, 0x7A, 0xA5, 0xDB, 0xFF,
0x69, 0x9C, 0xD5, 0xFF, 0x75, 0xBA, 0xDF, 0xFF, 0x6A, 0xA2, 0xD4, 0xFF, 0x8E, 0xDF, 0xF2, 0xFF,
0x77, 0xD5, 0xF2, 0xFF, 0x5B, 0xCC, 0xF5, 0xFF, 0x7D, 0xDB, 0xF7, 0xFF, 0x61, 0xD5, 0xFF, 0xFF,
0x3B, 0x95, 0xBE, 0xFC, 0x01, 0x04, 0x05, 0xA9, 0x37, 0x86, 0xA8, 0xFA, 0x00, 0x00, 0x00, 0x9D,
0x86, 0xE7, 0xFE, 0xFF, 0x63, 0xD8, 0xFF, 0xFF, 0x8F, 0xEF, 0xFF, 0xFF, 0x62, 0xC9, 0xEB, 0xFF,
0x22, 0x56, 0x6C, 0xEE, 0x00, 0x00, 0x00, 0x8A, 0x09, 0x17, 0x1D, 0xCE, 0x00, 0x00, 0x00, 0x69,
0x7F, 0xBF, 0xE8, 0xFF, 0x78, 0xC6, 0xE9, 0xFF, 0x5E, 0xD1, 0xF4, 0xFF, 0x70, 0xDC, 0xFA, 0xFF,
0x8C, 0xE2, 0xF6, 0xFF, 0x9A, 0xF2, 0xFE, 0xFF, 0x8B, 0xEC, 0xFF, 0xFF, 0x9A, 0xFC, 0xFF, 0xFF,
0x74, 0xCF, 0xF4, 0xFF, 0x77, 0xC9, 0xE7, 0xFF, 0xBF, 0xD3, 0xD9, 0xFF, 0x7B, 0x94, 0x94, 0xFF,
0x5F, 0xAF, 0xC5, 0xFF, 0x47, 0x81, 0x8B, 0xFB, 0x3F, 0x54, 0x56, 0xFF, 0x14, 0x19, 0x1A, 0xFC,
0x99, 0xFC, 0xFF, 0xFF, 0x42, 0x79, 0x87, 0xEA, 0x71, 0xB8, 0xC1, 0xF4, 0x09, 0x0F, 0x0F, 0xAD,
0x00, 0x00, 0x00, 0x92, 0x00, 0x00, 0x00, 0x3A, 0x00, 0x00, 0x00, 0x50, 0x00, 0x00, 0x00, 0x17,
0x0B, 0x11, 0x12, 0xD1, 0x00, 0x00, 0x00, 0x78, 0x00, 0x00, 0x00, 0xD8, 0x00, 0x00, 0x00, 0x81,
0x00, 0x00, 0x00, 0x28, 0x00, 0x00, 0x00, 0x02, 0x00, 0x00, 0x00, 0x30, 0x00, 0x00, 0x00, 0x09,
0x6E, 0xC8, 0xF8, 0xFF, 0x7A, 0xC4, 0xF5, 0xFF, 0x88, 0xE1, 0xFF, 0xFF, 0x8B, 0xDC, 0xFF, 0xFF,
0x88, 0xC5, 0xF2, 0xFF, 0xB1, 0xD8, 0xF3, 0xFF, 0x86, 0xCD, 0xF8, 0xFF, 0x8B, 0xC2, 0xE6, 0xFF,
0x4B, 0x79, 0x91, 0xE1, 0x65, 0x96, 0xAC, 0xEF, 0x00, 0x00, 0x00, 0x75, 0x00, 0x00, 0x00, 0x95,
0x93, 0xC4, 0xE1, 0xFE, 0x9E, 0xCA, 0xDD, 0xFF, 0x1C, 0x23, 0x27, 0xCC, 0x76, 0x8E, 0x97, 0xF9,
0xD5, 0xE8, 0xFA, 0xFF, 0xD1, 0xE4, 0xFB, 0xFF, 0x9A, 0xC3, 0xDD, 0xFF, 0xCF, 0xE5, 0xF7, 0xFF,
0xCD, 0xE3, 0xF8, 0xFF, 0xB6, 0xC6, 0xCA, 0xFF, 0xD0, 0xE6, 0xFD, 0xFF, 0xB0, 0xC7, 0xD6, 0xFF,
0x85, 0xAB, 0xBB, 0xFF, 0x9C, 0xB7, 0xC3, 0xFF, 0x91, 0xAD, 0xB3, 0xFF, 0x7D, 0x94, 0x92, 0xFF,
0xD2, 0xE7, 0xFA, 0xFF, 0xCC, 0xE4, 0xFF, 0xFF, 0xB6, 0xCC, 0xD6, 0xFF, 0xD0, 0xE8, 0xFF, 0xFF,
0x00, 0x00, 0x00, 0x20, 0x00, 0x00, 0x00, 0x3B, 0x00, 0x00, 0x00, 0x00, 0x00, 0x00, 0x00, 0x13,
0x00, 0x00, 0x00, 0x82, 0x1C, 0x1F, 0x1E, 0xDD, 0x00, 0x00, 0x00, 0x55, 0x04, 0x04, 0x04, 0xC3,
0x00, 0x00, 0x00, 0x00, 0x00, 0x00, 0x00, 0x0E, 0x00, 0x00, 0x00, 0x00, 0x00, 0x00, 0x00, 0x0F,
0x00, 0x00, 0x00, 0x4A, 0x02, 0x02, 0x02, 0xBB, 0x00, 0x00, 0x00, 0x4A, 0x04, 0x05, 0x05, 0xBA,
0x8A, 0x97, 0x92, 0xFF, 0x7B, 0x87, 0x7C, 0xFF, 0x68, 0x6E, 0x68, 0xFF, 0x72, 0x7D, 0x73, 0xFF,
0x96, 0xAA, 0xB1, 0xFF, 0xD8, 0xED, 0xFF, 0xFF, 0x88, 0x98, 0x99, 0xFF, 0xD6, 0xEB, 0xFF, 0xFF,
0x59, 0x5F, 0x57, 0xFF, 0x69, 0x74, 0x68, 0xFF, 0x55, 0x5F, 0x5A, 0xFF, 0x67, 0x72, 0x65, 0xFF,
0x7F, 0x8D, 0x88, 0xFF, 0xDE, 0xF0, 0xFF, 0xFF, 0x7F, 0x8C, 0x84, 0xFF, 0xDF, 0xEF, 0xFC, 0xFF,
0x7F, 0x91, 0x91, 0xFF, 0x5D, 0x7A, 0x7D, 0xFF, 0x81, 0x9C, 0xA4, 0xFF, 0x69, 0x8B, 0x93, 0xFF,
0x6B, 0x8D, 0x97, 0xFF, 0x68, 0x95, 0xA8, 0xFF, 0x64, 0x91, 0xA0, 0xFF, 0x68, 0xA5, 0xC1, 0xFF,
0xD0, 0xE5, 0xFB, 0xFF, 0xBD, 0xD8, 0xF2, 0xFF, 0xCD, 0xE3, 0xFC, 0xFF, 0xC6, 0xE0, 0xFF, 0xFF,
0x99, 0xC1, 0xDF, 0xFF, 0x67, 0xAE, 0xD4, 0xFF, 0xC8, 0xE2, 0xFF, 0xFF, 0x95, 0xCD, 0xF3, 0xFF,
0x2F, 0x51, 0x60, 0xFC, 0x00, 0x00, 0x00, 0xC2, 0x69, 0xBC, 0xE7, 0xFF, 0x27, 0x46, 0x59, 0xF8,
0x00, 0x00, 0x00, 0x64, 0x00, 0x00, 0x00, 0x1F, 0x00, 0x00, 0x00, 0xA9, 0x00, 0x00, 0x00, 0x48,
0x66, 0xBF, 0xEE, 0xFF, 0x65, 0xB2, 0xDD, 0xFF, 0x64, 0xB9, 0xE9, 0xFF, 0x79, 0xCF, 0xFF, 0xFF,
0x0C, 0x13, 0x18, 0xDD, 0x00, 0x00, 0x00, 0x75, 0x30, 0x55, 0x69, 0xF7, 0x00, 0x00, 0x00, 0x96,
0xD2, 0xE6, 0xFB, 0xFF, 0xC5, 0xE1, 0xFB, 0xFF, 0xD0, 0xE6, 0xFC, 0xFF, 0xC1, 0xE0, 0xFA, 0xFF,
0xCA, 0xE2, 0xFB, 0xFF, 0xB8, 0xDD, 0xFB, 0xFF, 0xD9, 0xEA, 0xFD, 0xFF, 0xC3, 0xE1, 0xFD, 0xFF,
0xDE, 0xEE, 0xFF, 0xFF, 0xD5, 0xEB, 0xFC, 0xFF, 0xDA, 0xED, 0xFD, 0xFF, 0xD4, 0xE9, 0xFA, 0xFF,
0xD9, 0xEA, 0xFA, 0xFF, 0xC9, 0xE4, 0xFB, 0xFF, 0xD1, 0xE6, 0xFA, 0xFF, 0xC7, 0xE3, 0xF9, 0xFF,
0x6D, 0xC6, 0xF3, 0xFF, 0x70, 0xD0, 0xFF, 0xFF, 0x74, 0xCF, 0xF9, 0xFF, 0x6C, 0xD2, 0xFF, 0xFF,
0x4D, 0x90, 0xB0, 0xFC, 0x01, 0x01, 0x01, 0xA7, 0x57, 0xA5, 0xCD, 0xFE, 0x04, 0x06, 0x07, 0xAD,
0x73, 0xD2, 0xFA, 0xFF, 0x68, 0xD4, 0xFE, 0xFF, 0x77, 0xD6, 0xFA, 0xFF, 0x6C, 0xD6, 0xFF, 0xFF,
0x5A, 0xB1, 0xDB, 0xFF, 0x04, 0x08, 0x0A, 0xB1, 0x5D, 0xB3, 0xD9, 0xFF, 0x05, 0x09, 0x0A, 0xB0,
0x00, 0x00, 0x00, 0x3C, 0x00, 0x00, 0x00, 0x08, 0x00, 0x00, 0x00, 0x35, 0x00, 0x00, 0x00, 0x05,
0x00, 0x00, 0x00, 0x00, 0x00, 0x00, 0x00, 0x00, 0x00, 0x00, 0x00, 0x00, 0x00, 0x00, 0x00, 0x00,
0x00, 0x00, 0x00, 0x2A, 0x00, 0x00, 0x00, 0x00, 0x00, 0x00, 0x00, 0x1C, 0x00, 0x00, 0x00, 0x00,
0x00, 0x00, 0x00, 0x00, 0x00, 0x00, 0x00, 0x00, 0x00, 0x00, 0x00, 0x00, 0x00, 0x00, 0x00, 0x00,
0x00, 0x00, 0x00, 0x00, 0x00, 0x00, 0x00, 0x00, 0x00, 0x00, 0x00, 0x00, 0x00, 0x00, 0x00, 0x00,
0x00, 0x00, 0x00, 0x00, 0x00, 0x00, 0x00, 0x00, 0x00, 0x00, 0x00, 0x00, 0x00, 0x00, 0x00, 0x00,
0x00, 0x00, 0x00, 0x00, 0x00, 0x00, 0x00, 0x00, 0x00, 0x00, 0x00, 0x00, 0x00, 0x00, 0x00, 0x00,
0x00, 0x00, 0x00, 0x00, 0x00, 0x00, 0x00, 0x00, 0x00, 0x00, 0x00, 0x00, 0x00, 0x00, 0x00, 0x00,
0x00, 0x00, 0x00, 0x0F, 0x00, 0x00, 0x00, 0x00, 0x00, 0x00, 0x00, 0x00, 0x00, 0x00, 0x00, 0x00,
0x00, 0x00, 0x00, 0x00, 0x00, 0x00, 0x00, 0x00, 0x00, 0x00, 0x00, 0x00, 0x00, 0x00, 0x00, 0x00,
0x00, 0x00, 0x00, 0x00, 0x00, 0x00, 0x00, 0x00, 0x00, 0x00, 0x00, 0x00, 0x00, 0x00, 0x00, 0x00,
0x00, 0x00, 0x00, 0x00, 0x00, 0x00, 0x00, 0x00, 0x00, 0x00, 0x00, 0x00, 0x00, 0x00, 0x00, 0x00,
0x00, 0x00, 0x00, 0x00, 0x00, 0x00, 0x00, 0x00, 0x00, 0x00, 0x00, 0x00, 0x00, 0x00, 0x00, 0x00,
0x00, 0x00, 0x00, 0x00, 0x00, 0x00, 0x00, 0x00, 0x00, 0x00, 0x00, 0x00, 0x00, 0x00, 0x00, 0x00,
0x00, 0x00, 0x00, 0x00, 0x00, 0x00, 0x00, 0x00, 0x00, 0x00, 0x00, 0x00, 0x00, 0x00, 0x00, 0x00,
0x00, 0x00, 0x00, 0x00, 0x00, 0x00, 0x00, 0x00, 0x00, 0x00, 0x00, 0x00, 0x00, 0x00, 0x00, 0x00,
0x00, 0x00, 0x00, 0x00, 0x00, 0x00, 0x00, 0x00, 0x00, 0x00, 0x00, 0x00, 0x00, 0x00, 0x00, 0x00,
0x00, 0x00, 0x00, 0x00, 0x00, 0x00, 0x00, 0x00, 0x00, 0x00, 0x00, 0x00, 0x00, 0x00, 0x00, 0x00,
0x00, 0x00, 0x00, 0x00, 0x00, 0x00, 0x00, 0x00, 0x00, 0x00, 0x00, 0x00, 0x00, 0x00, 0x00, 0x00,
0x00, 0x00, 0x00, 0x00, 0x00, 0x00, 0x00, 0x00, 0x00, 0x00, 0x00, 0x00, 0x00, 0x00, 0x00, 0x00,
0x00, 0x00, 0x00, 0x00, 0x00, 0x00, 0x00, 0x00, 0x00, 0x00, 0x00, 0x00, 0x00, 0x00, 0x00, 0x00,
0x00, 0x00, 0x00, 0x00, 0x00, 0x00, 0x00, 0x00, 0x00, 0x00, 0x00, 0x00, 0x00, 0x00, 0x00, 0x00,
0x00, 0x00, 0x00, 0x00, 0x00, 0x00, 0x00, 0x00, 0x00, 0x00, 0x00, 0x00, 0x00, 0x00, 0x00, 0x00,
0x00, 0x00, 0x00, 0x00, 0x00, 0x00, 0x00, 0x00, 0x00, 0x00, 0x00, 0x00, 0x00, 0x00, 0x00, 0x00,
0x00, 0x00, 0x00, 0x00, 0x00, 0x00, 0x00, 0x00, 0x00, 0x00, 0x00, 0x00, 0x00, 0x00, 0x00, 0x00,
0x00, 0x00, 0x00, 0x00, 0x00, 0x00, 0x00, 0x00, 0x00, 0x00, 0x00, 0x00, 0x00, 0x00, 0x00, 0x00,
0x00, 0x00, 0x00, 0x00, 0x00, 0x00, 0x00, 0x00, 0x00, 0x00, 0x00, 0x00, 0x00, 0x00, 0x00, 0x00,
0x00, 0x00, 0x00, 0x00, 0x00, 0x00, 0x00, 0x00, 0x00, 0x00, 0x00, 0x00, 0x00, 0x00, 0x00, 0x00,
0x00, 0x00, 0x00, 0x00, 0x00, 0x00, 0x00, 0x00, 0x00, 0x00, 0x00, 0x00, 0x00, 0x00, 0x00, 0x00,
0x00, 0x00, 0x00, 0x00, 0x00, 0x00, 0x00, 0x00, 0x00, 0x00, 0x00, 0x00, 0x00, 0x00, 0x00, 0x00,
0x00, 0x00, 0x00, 0x00, 0x00, 0x00, 0x00, 0x00, 0x00, 0x00, 0x00, 0x00, 0x00, 0x00, 0x00, 0x00,
0x00, 0x00, 0x00, 0x00, 0x00, 0x00, 0x00, 0x00, 0x00, 0x00, 0x00, 0x00, 0x00, 0x00, 0x00, 0x00,
0x00, 0x00, 0x00, 0x03, 0x00, 0x00, 0x00, 0x00, 0x00, 0x00, 0x00, 0x12, 0x00, 0x00, 0x00, 0x00,
0x00, 0x00, 0x00, 0x00, 0x00, 0x00, 0x00, 0x00, 0x00, 0x00, 0x00, 0x00, 0x00, 0x00, 0x00, 0x00,
0x00, 0x00, 0x00, 0x21, 0x00, 0x00, 0x00, 0x00, 0x00, 0x00, 0x00, 0x30, 0x00, 0x00, 0x00, 0x03,
0x00, 0x00, 0x00, 0x00, 0x00, 0x00, 0x00, 0x00, 0x00, 0x00, 0x00, 0x00, 0x00, 0x00, 0x00, 0x00,
0x00, 0x00, 0x00, 0x00, 0x00, 0x00, 0x00, 0x00, 0x00, 0x00, 0x00, 0x00, 0x00, 0x00, 0x00, 0x00,
0x00, 0x00, 0x00, 0x00, 0x00, 0x00, 0x00, 0x00, 0x00, 0x00, 0x00, 0x00, 0x00, 0x00, 0x00, 0x00,
0x00, 0x00, 0x00, 0x00, 0x00, 0x00, 0x00, 0x00, 0x00, 0x00, 0x00, 0x00, 0x00, 0x00, 0x00, 0x00,
0x00, 0x00, 0x00, 0x00, 0x00, 0x00, 0x00, 0x00, 0x00, 0x00, 0x00, 0x00, 0x00, 0x00, 0x00, 0x00,
0x00, 0x00, 0x00, 0x3B, 0x00, 0x00, 0x00, 0x07, 0x00, 0x00, 0x00, 0x41, 0x00, 0x00, 0x00, 0x0A,
0x00, 0x00, 0x00, 0x00, 0x00, 0x00, 0x00, 0x00, 0x00, 0x00, 0x00, 0x00, 0x00, 0x00, 0x00, 0x00,
0x00, 0x00, 0x00, 0x42, 0x00, 0x00, 0x00, 0x0A, 0x00, 0x00, 0x00, 0x42, 0x00, 0x00, 0x00, 0x0A,
0x00, 0x00, 0x00, 0x00, 0x00, 0x00, 0x00, 0x00, 0x00, 0x00, 0x00, 0x00, 0x00, 0x00, 0x00, 0x00,
0x00, 0x00, 0x00, 0x00, 0x00, 0x00, 0x00, 0x00, 0x00, 0x00, 0x00, 0x00, 0x00, 0x00, 0x00, 0x00,
0x00, 0x00, 0x00, 0x00, 0x00, 0x00, 0x00, 0x00, 0x00, 0x00, 0x00, 0x00, 0x00, 0x00, 0x00, 0x00,
0x00, 0x00, 0x00, 0x00, 0x00, 0x00, 0x00, 0x00, 0x00, 0x00, 0x00, 0x00, 0x00, 0x00, 0x00, 0x00,
0x00, 0x00, 0x00, 0x00, 0x00, 0x00, 0x00, 0x00, 0x00, 0x00, 0x00, 0x00, 0x00, 0x00, 0x00, 0x00,
0x00, 0x00, 0x00, 0x00, 0x00, 0x00, 0x00, 0x00, 0x00, 0x00, 0x00, 0x00, 0x00, 0x00, 0x00, 0x00,
0x00, 0x00, 0x00, 0x00, 0x00, 0x00, 0x00, 0x00, 0x00, 0x00, 0x00, 0x00, 0x00, 0x00, 0x00, 0x00,
0x00, 0x00, 0x00, 0x00, 0x00, 0x00, 0x00, 0x00, 0x00, 0x00, 0x00, 0x00, 0x00, 0x00, 0x00, 0x00,
0x00, 0x00, 0x00, 0x00, 0x00, 0x00, 0x00, 0x00, 0x00, 0x00, 0x00, 0x00, 0x00, 0x00, 0x00, 0x00,
0x00, 0x00, 0x00, 0x00, 0x00, 0x00, 0x00, 0x00, 0x00, 0x00, 0x00, 0x00, 0x00, 0x00, 0x00, 0x00,
0x00, 0x00, 0x00, 0x00, 0x00, 0x00, 0x00, 0x00, 0x00, 0x00, 0x00, 0x00, 0x00, 0x00, 0x00, 0x00,
0x00, 0x00, 0x00, 0x00, 0x00, 0x00, 0x00, 0x00, 0x00, 0x00, 0x00, 0x00, 0x00, 0x00, 0x00, 0x00,
0x00, 0x00, 0x00, 0x00, 0x00, 0x00, 0x00, 0x00, 0x00, 0x00, 0x00, 0x00, 0x00, 0x00, 0x00, 0x00,
0x00, 0x00, 0x00, 0x00, 0x00, 0x00, 0x00, 0x00, 0x00, 0x00, 0x00, 0x00, 0x00, 0x00, 0x00, 0x00,
0x00, 0x00, 0x00, 0x00, 0x00, 0x00, 0x00, 0x00, 0x00, 0x00, 0x00, 0x00, 0x00, 0x00, 0x00, 0x00,
0x00, 0x00, 0x00, 0x00, 0x00, 0x00, 0x00, 0x00, 0x00, 0x00, 0x00, 0x00, 0x00, 0x00, 0x00, 0x00,
0x00, 0x00, 0x00, 0x00, 0x00, 0x00, 0x00, 0x00, 0x00, 0x00, 0x00, 0x00, 0x00, 0x00, 0x00, 0x00,
0x00, 0x00, 0x00, 0x00, 0x00, 0x00, 0x00, 0x00, 0x00, 0x00, 0x00, 0x00, 0x00, 0x00, 0x00, 0x00,
0x00, 0x00, 0x00, 0x00, 0x00, 0x00, 0x00, 0x00, 0x00, 0x00, 0x00, 0x00, 0x00, 0x00, 0x00, 0x00,
0x00, 0x00, 0x00, 0x00, 0x00, 0x00, 0x00, 0x00, 0x00, 0x00, 0x00, 0x00, 0x00, 0x00, 0x00, 0x00,
0x00, 0x00, 0x00, 0x00, 0x00, 0x00, 0x00, 0x00, 0x00, 0x00, 0x00, 0x00, 0x00, 0x00, 0x00, 0x00,
0x00, 0x00, 0x00, 0x00, 0x00, 0x00, 0x00, 0x00, 0x00, 0x00, 0x00, 0x00, 0x00, 0x00, 0x00, 0x00,
0x00, 0x00, 0x00, 0x00, 0x00, 0x00, 0x00, 0x00, 0x00, 0x00, 0x00, 0x00, 0x00, 0x00, 0x00, 0x00,
0x00, 0x00, 0x00, 0x00, 0x00, 0x00, 0x00, 0x00, 0x00, 0x00, 0x00, 0x00, 0x00, 0x00, 0x00, 0x00,
0x00, 0x00, 0x00, 0x00, 0x00, 0x00, 0x00, 0x00, 0x00, 0x00, 0x00, 0x00, 0x00, 0x00, 0x00, 0x00,
0x00, 0x00, 0x00, 0x00, 0x00, 0x00, 0x00, 0x00, 0x00, 0x00, 0x00, 0x00, 0x00, 0x00, 0x00, 0x00,
0x00, 0x00, 0x00, 0x00, 0x00, 0x00, 0x00, 0x00, 0x00, 0x00, 0x00, 0x00, 0x00, 0x00, 0x00, 0x00,
0x00, 0x00, 0x00, 0x00, 0x00, 0x00, 0x00, 0x00, 0x00, 0x00, 0x00, 0x00, 0x00, 0x00, 0x00, 0x00,
0x00, 0x00, 0x00, 0x00, 0x00, 0x00, 0x00, 0x00, 0x00, 0x00, 0x00, 0x00, 0x00, 0x00, 0x00, 0x00,
0x00, 0x00, 0x00, 0x00, 0x00, 0x00, 0x00, 0x00, 0x00, 0x00, 0x00, 0x00, 0x00, 0x00, 0x00, 0x00,
0x00, 0x00, 0x00, 0x00, 0x00, 0x00, 0x00, 0x00, 0x00, 0x00, 0x00, 0x00, 0x00, 0x00, 0x00, 0x00,
0x00, 0x00, 0x00, 0x00, 0x00, 0x00, 0x00, 0x00, 0x00, 0x00, 0x00, 0x00, 0x00, 0x00, 0x00, 0x00,
0x00, 0x00, 0x00, 0x00, 0x00, 0x00, 0x00, 0x00, 0x00, 0x00, 0x00, 0x00, 0x00, 0x00, 0x00, 0x00,
0x00, 0x00, 0x00, 0x00, 0x00, 0x00, 0x00, 0x00, 0x00, 0x00, 0x00, 0x00, 0x00, 0x00, 0x00, 0x00,
0x00, 0x00, 0x00, 0x00, 0x00, 0x00, 0x00, 0x00, 0x00, 0x00, 0x00, 0x00, 0x00, 0x00, 0x00, 0x00,
0x00, 0x00, 0x00, 0x00, 0x00, 0x00, 0x00, 0x00, 0x00, 0x00, 0x00, 0x00, 0x00, 0x00, 0x00, 0x00,
0x00, 0x00, 0x00, 0x00, 0x00, 0x00, 0x00, 0x00, 0x00, 0x00, 0x00, 0x00, 0x00, 0x00, 0x00, 0x00,
0x00, 0x00, 0x00, 0x00, 0x00, 0x00, 0x00, 0x00, 0x00, 0x00, 0x00, 0x00, 0x00, 0x00, 0x00, 0x00,
0x00, 0x00, 0x00, 0x00, 0x00, 0x00, 0x00, 0x00, 0x00, 0x00, 0x00, 0x00, 0x00, 0x00, 0x00, 0x00,
0x00, 0x00, 0x00, 0x00, 0x00, 0x00, 0x00, 0x00, 0x00, 0x00, 0x00, 0x00, 0x00, 0x00, 0x00, 0x00,
0x00, 0x00, 0x00, 0x00, 0x00, 0x00, 0x00, 0x00, 0x00, 0x00, 0x00, 0x00, 0x00, 0x00, 0x00, 0x00,
0x00, 0x00, 0x00, 0x00, 0x00, 0x00, 0x00, 0x00, 0x00, 0x00, 0x00, 0x00, 0x00, 0x00, 0x00, 0x00,
0x00, 0x00, 0x00, 0x0A, 0x00, 0x00, 0x00, 0x3A, 0x00, 0x00, 0x00, 0x0C, 0x00, 0x00, 0x00, 0x48,
0x00, 0x00, 0x00, 0x00, 0x00, 0x00, 0x00, 0x00, 0x00, 0x00, 0x00, 0x00, 0x00, 0x00, 0x00, 0x00,
0x00, 0x00, 0x00, 0x0C, 0x00, 0x00, 0x00, 0x49, 0x00, 0x00, 0x00, 0x0B, 0x00, 0x00, 0x00, 0x49,
0x00, 0x00, 0x00, 0x00, 0x00, 0x00, 0x00, 0x00, 0x00, 0x00, 0x00, 0x00, 0x00, 0x00, 0x00, 0x00,
0x00, 0x00, 0x00, 0x00, 0x00, 0x00, 0x00, 0x00, 0x00, 0x00, 0x00, 0x00, 0x00, 0x00, 0x00, 0x00,
0x00, 0x00, 0x00, 0x00, 0x00, 0x00, 0x00, 0x00, 0x00, 0x00, 0x00, 0x00, 0x00, 0x00, 0x00, 0x00,
0x00, 0x00, 0x00, 0x00, 0x00, 0x00, 0x00, 0x00, 0x00, 0x00, 0x00, 0x00, 0x00, 0x00, 0x00, 0x00,
0x00, 0x00, 0x00, 0x00, 0x00, 0x00, 0x00, 0x00, 0x00, 0x00, 0x00, 0x00, 0x00, 0x00, 0x00, 0x00,
0x00, 0x00, 0x00, 0x09, 0x00, 0x00, 0x00, 0x45, 0x00, 0x00, 0x00, 0x05, 0x00, 0x00, 0x00, 0x35,
0x00, 0x00, 0x00, 0x00, 0x00, 0x00, 0x00, 0x00, 0x00, 0x00, 0x00, 0x00, 0x00, 0x00, 0x00, 0x00,
0x00, 0x00, 0x00, 0x00, 0x00, 0x00, 0x00, 0x20, 0x00, 0x00, 0x00, 0x00, 0x00, 0x00, 0x00, 0x12,
0x00, 0x00, 0x00, 0x00, 0x00, 0x00, 0x00, 0x00, 0x00, 0x00, 0x00, 0x00, 0x00, 0x00, 0x00, 0x00,
0x00, 0x00, 0x00, 0x00, 0x00, 0x00, 0x00, 0x00, 0x00, 0x00, 0x00, 0x00, 0x00, 0x00, 0x00, 0x00,
0x00, 0x00, 0x00, 0x00, 0x00, 0x00, 0x00, 0x00, 0x00, 0x00, 0x00, 0x00, 0x00, 0x00, 0x00, 0x00,
0x00, 0x00, 0x00, 0x00, 0x00, 0x00, 0x00, 0x00, 0x00, 0x00, 0x00, 0x00, 0x00, 0x00, 0x00, 0x00,
0x00, 0x00, 0x00, 0x00, 0x00, 0x00, 0x00, 0x00, 0x00, 0x00, 0x00, 0x00, 0x00, 0x00, 0x00, 0x00,
0x00, 0x00, 0x00, 0x00, 0x00, 0x00, 0x00, 0x00, 0x00, 0x00, 0x00, 0x00, 0x00, 0x00, 0x00, 0x00,
0x00, 0x00, 0x00, 0x00, 0x00, 0x00, 0x00, 0x00, 0x00, 0x00, 0x00, 0x00, 0x00, 0x00, 0x00, 0x00,
0x00, 0x00, 0x00, 0x00, 0x00, 0x00, 0x00, 0x00, 0x00, 0x00, 0x00, 0x00, 0x00, 0x00, 0x00, 0x00,
0x00, 0x00, 0x00, 0x00, 0x00, 0x00, 0x00, 0x00, 0x00, 0x00, 0x00, 0x00, 0x00, 0x00, 0x00, 0x00,
0x00, 0x00, 0x00, 0x00, 0x00, 0x00, 0x00, 0x00, 0x00, 0x00, 0x00, 0x00, 0x00, 0x00, 0x00, 0x00,
0x00, 0x00, 0x00, 0x00, 0x00, 0x00, 0x00, 0x00, 0x00, 0x00, 0x00, 0x00, 0x00, 0x00, 0x00, 0x00,
0x00, 0x00, 0x00, 0x00, 0x00, 0x00, 0x00, 0x00, 0x00, 0x00, 0x00, 0x00, 0x00, 0x00, 0x00, 0x00,
0x00, 0x00, 0x00, 0x00, 0x00, 0x00, 0x00, 0x00, 0x00, 0x00, 0x00, 0x00, 0x00, 0x00, 0x00, 0x00,
0x00, 0x00, 0x00, 0x00, 0x00, 0x00, 0x00, 0x00, 0x00, 0x00, 0x00, 0x00, 0x00, 0x00, 0x00, 0x00,
0x00, 0x00, 0x00, 0x00, 0x00, 0x00, 0x00, 0x00, 0x00, 0x00, 0x00, 0x00, 0x00, 0x00, 0x00, 0x00,
0x00, 0x00, 0x00, 0x00, 0x00, 0x00, 0x00, 0x00, 0x00, 0x00, 0x00, 0x00, 0x00, 0x00, 0x00, 0x00,
0x00, 0x00, 0x00, 0x00, 0x00, 0x00, 0x00, 0x00, 0x00, 0x00, 0x00, 0x00, 0x00, 0x00, 0x00, 0x00,
0x00, 0x00, 0x00, 0x00, 0x00, 0x00, 0x00, 0x00, 0x00, 0x00, 0x00, 0x00, 0x00, 0x00, 0x00, 0x00,
0x00, 0x00, 0x00, 0x00, 0x00, 0x00, 0x00, 0x00, 0x00, 0x00, 0x00, 0x00, 0x00, 0x00, 0x00, 0x00,
0x00, 0x00, 0x00, 0x00, 0x00, 0x00, 0x00, 0x00, 0x00, 0x00, 0x00, 0x00, 0x00, 0x00, 0x00, 0x00,
0x00, 0x00, 0x00, 0x00, 0x00, 0x00, 0x00, 0x00, 0x00, 0x00, 0x00, 0x00, 0x00, 0x00, 0x00, 0x00,
0x00, 0x00, 0x00, 0x00, 0x00, 0x00, 0x00, 0x02, 0x00, 0x00, 0x00, 0x00, 0x00, 0x00, 0x00, 0x00,
0x00, 0x00, 0x00, 0x00, 0x00, 0x00, 0x00, 0x00, 0x00, 0x00, 0x00, 0x00, 0x00, 0x00, 0x00, 0x00,
0x00, 0x00, 0x00, 0x00, 0x00, 0x00, 0x00, 0x00, 0x00, 0x00, 0x00, 0x00, 0x00, 0x00, 0x00, 0x00,
0x00, 0x00, 0x00, 0x00, 0x00, 0x00, 0x00, 0x00, 0x00, 0x00, 0x00, 0x00, 0x00, 0x00, 0x00, 0x00,
0x00, 0x00, 0x00, 0x00, 0x00, 0x00, 0x00, 0x00, 0x00, 0x00, 0x00, 0x00, 0x00, 0x00, 0x00, 0x00,
0x00, 0x00, 0x00, 0x00, 0x00, 0x00, 0x00, 0x00, 0x00, 0x00, 0x00, 0x00, 0x00, 0x00, 0x00, 0x00,
0x00, 0x00, 0x00, 0x00, 0x00, 0x00, 0x00, 0x00, 0x00, 0x00, 0x00, 0x00, 0x00, 0x00, 0x00, 0x00,
0x00, 0x00, 0x00, 0x00, 0x00, 0x00, 0x00, 0x00, 0x00, 0x00, 0x00, 0x00, 0x00, 0x00, 0x00, 0x00,
0x00, 0x00, 0x00, 0x00, 0x00, 0x00, 0x00, 0x00, 0x00, 0x00, 0x00, 0x00, 0x00, 0x00, 0x00, 0x00,
0x00, 0x00, 0x00, 0x00, 0x00, 0x00, 0x00, 0x00, 0x00, 0x00, 0x00, 0x00, 0x00, 0x00, 0x00, 0x00,
0x00, 0x00, 0x00, 0x00, 0x00, 0x00, 0x00, 0x00, 0x00, 0x00, 0x00, 0x00, 0x00, 0x00, 0x00, 0x00,
0x00, 0x00, 0x00, 0x98, 0x1B, 0x1E, 0x1E, 0xE7, 0x00, 0x00, 0x00, 0xB6, 0x2A, 0x34, 0x31, 0xFE,
0x39, 0x41, 0x40, 0xF8, 0x33, 0x39, 0x38, 0xF7, 0x79, 0x8E, 0x8A, 0xFF, 0x9B, 0xAD, 0xA8, 0xFF,
0x00, 0x00, 0x00, 0xB8, 0x28, 0x32, 0x2F, 0xFC, 0x00, 0x00, 0x00, 0xB9, 0x30, 0x3C, 0x39, 0xFC,
0x39, 0x4F, 0x4B, 0xFF, 0x6A, 0x7C, 0x77, 0xFF, 0x46, 0x5E, 0x59, 0xFF, 0x33, 0x4E, 0x46, 0xFF,
0x2C, 0x33, 0x2F, 0xF7, 0x27, 0x2F, 0x29, 0xF7, 0x88, 0x99, 0x8D, 0xFF, 0x72, 0x86, 0x75, 0xFF,
0x22, 0x29, 0x25, 0xF6, 0x20, 0x28, 0x23, 0xF6, 0x64, 0x78, 0x67, 0xFF, 0x60, 0x75, 0x65, 0xFF,
0x88, 0x96, 0x8A, 0xFF, 0x76, 0x86, 0x73, 0xFF, 0x9D, 0xB2, 0xB6, 0xFF, 0xC5, 0xD4, 0xD6, 0xFF,
0x65, 0x75, 0x61, 0xFF, 0x5B, 0x6C, 0x5A, 0xFF, 0xB8, 0xC8, 0xCE, 0xFF, 0xAD, 0xC1, 0xCA, 0xFF,
0x00, 0x00, 0x00, 0xB2, 0x2E, 0x3C, 0x38, 0xF9, 0x00, 0x00, 0x00, 0x98, 0x24, 0x35, 0x33, 0xF1,
0x4D, 0x6C, 0x63, 0xFF, 0x3D, 0x61, 0x5B, 0xFF, 0x49, 0x71, 0x6F, 0xFF, 0x3E, 0x67, 0x69, 0xFF,
0x00, 0x00, 0x00, 0x70, 0x17, 0x23, 0x24, 0xDC, 0x00, 0x00, 0x00, 0x4C, 0x06, 0x0A, 0x0A, 0xB9,
0x46, 0x76, 0x7E, 0xFF, 0x3D, 0x6F, 0x75, 0xFF, 0x42, 0x73, 0x7C, 0xFF, 0x44, 0x7E, 0x87, 0xFF,
0xB0, 0xC8, 0xDB, 0xFF, 0xE8, 0xF7, 0xFF, 0xFF, 0xAE, 0xC7, 0xD3, 0xFF, 0xDD, 0xF1, 0xFF, 0xFF,
0xE2, 0xF3, 0xFF, 0xFF, 0xDF, 0xF2, 0xFF, 0xFF, 0xE4, 0xF2, 0xFF, 0xFF, 0xE0, 0xF0, 0xFF, 0xFF,
0x98, 0xB7, 0xBD, 0xFF, 0xE6, 0xF4, 0xFF, 0xFF, 0x66, 0x96, 0x9E, 0xFF, 0xE6, 0xF1, 0xF9, 0xFF,
0xDF, 0xEF, 0xFE, 0xFF, 0xE1, 0xF1, 0xFE, 0xFF, 0xE2, 0xF1, 0xFF, 0xFF, 0xE9, 0xF4, 0xFF, 0xFF,
0x1D, 0x25, 0x21, 0xF7, 0x1E, 0x25, 0x23, 0xF7, 0x57, 0x6D, 0x62, 0xFF, 0x57, 0x66, 0x5F, 0xFF,
0x1E, 0x22, 0x20, 0xF7, 0x1F, 0x26, 0x23, 0xF8, 0x56, 0x63, 0x57, 0xFF, 0x75, 0xB0, 0xC0, 0xFF,
0x56, 0x65, 0x58, 0xFF, 0x57, 0x64, 0x59, 0xFF, 0xA9, 0xBA, 0xC5, 0xFF, 0x94, 0xC3, 0xD6, 0xFF,
0x76, 0xAD, 0xBD, 0xFF, 0x80, 0xE0, 0xFF, 0xFF, 0x7A, 0xDA, 0xFF, 0xFF, 0x80, 0xDA, 0xFF, 0xFF,
0x0D, 0x15, 0x1A, 0xD1, 0x00, 0x00, 0x00, 0x6B, 0x2A, 0x4C, 0x5C, 0xE9, 0x00, 0x00, 0x00, 0x7F,
0x00, 0x00, 0x00, 0x1C, 0x00, 0x00, 0x00, 0x00, 0x00, 0x00, 0x00, 0x23, 0x00, 0x00, 0x00, 0x00,
0x24, 0x46, 0x55, 0xE7, 0x00, 0x00, 0x00, 0x80, 0x27, 0x47, 0x55, 0xE8, 0x00, 0x00, 0x00, 0x80,
0x00, 0x00, 0x00, 0x23, 0x00, 0x00, 0x00, 0x00, 0x00, 0x00, 0x00, 0x23, 0x00, 0x00, 0x00, 0x00,
0xE0, 0xF0, 0xFF, 0xFF, 0xBB, 0xE5, 0xFF, 0xFF, 0xE0, 0xEE, 0xFD, 0xFF, 0xC6, 0xE5, 0xFB, 0xFF,
0x8C, 0xDC, 0xFD, 0xFF, 0x97, 0xE2, 0xFE, 0xFF, 0xA7, 0xE1, 0xFB, 0xFF, 0xC2, 0xF3, 0xFF, 0xFF,
0xE3, 0xF1, 0xFD, 0xFF, 0xD9, 0xEE, 0xFA, 0xFF, 0xEA, 0xF5, 0xFD, 0xFF, 0xE1, 0xF0, 0xFD, 0xFF,
0xBF, 0xE7, 0xFA, 0xFF, 0xD7, 0xF1, 0xFD, 0xFF, 0xD6, 0xEB, 0xF9, 0xFF, 0xD6, 0xE7, 0xEE, 0xFF,
0x2F, 0x44, 0x4D, 0xEC, 0x00, 0x00, 0x00, 0x89, 0x62, 0x73, 0x7C, 0xF8, 0x00, 0x00, 0x00, 0xB0,
0x00, 0x00, 0x00, 0x2B, 0x00, 0x00, 0x00, 0x03, 0x00, 0x00, 0x00, 0x5D, 0x00, 0x00, 0x00, 0x35,
0xC7, 0xD7, 0xDE, 0xFF, 0x26, 0x28, 0x2A, 0xE9, 0xDC, 0xE9, 0xEA, 0xFF, 0xAA, 0xB5, 0xB3, 0xFF,
0x00, 0x00, 0x00, 0xBC, 0x00, 0x00, 0x00, 0x9E, 0x4D, 0x53, 0x51, 0xFD, 0x28, 0x2A, 0x29, 0xF4,
0x00, 0x00, 0x00, 0x2F, 0x00, 0x00, 0x00, 0x8C, 0x00, 0x00, 0x00, 0x18, 0x00, 0x00, 0x00, 0x59,
0x2B, 0x4A, 0x52, 0xEF, 0x4E, 0x8D, 0x9B, 0xFF, 0x0A, 0x0E, 0x0F, 0xC2, 0x47, 0x83, 0x90, 0xFF,
0x00, 0x00, 0x00, 0x05, 0x00, 0x00, 0x00, 0x2C, 0x00, 0x00, 0x00, 0x00, 0x00, 0x00, 0x00, 0x12,
0x00, 0x00, 0x00, 0x7D, 0x1C, 0x30, 0x35, 0xDA, 0x00, 0x00, 0x00, 0x3B, 0x00, 0x00, 0x00, 0x87,
0x40, 0x87, 0x97, 0xFF, 0x94, 0xC1, 0xD2, 0xFF, 0x4A, 0x95, 0xAE, 0xFF, 0x48, 0x9B, 0xB6, 0xFF,
0xE8, 0xF4, 0xFF, 0xFF, 0xEB, 0xF5, 0xFE, 0xFF, 0x9A, 0xCC, 0xE0, 0xFF, 0xE1, 0xF0, 0xFD, 0xFF,
0x51, 0x95, 0xAA, 0xFF, 0x4D, 0xA4, 0xC2, 0xFF, 0x1E, 0x35, 0x3A, 0xDA, 0x54, 0xA1, 0xBB, 0xFF,
0x4D, 0xAA, 0xC9, 0xFF, 0x84, 0xCB, 0xE5, 0xFF, 0x64, 0xC3, 0xE0, 0xFF, 0x62, 0xC6, 0xE2, 0xFF,
0x00, 0x00, 0x00, 0x00, 0x00, 0x00, 0x00, 0x00, 0x00, 0x00, 0x00, 0x00, 0x00, 0x00, 0x00, 0x00,
0x00, 0x00, 0x00, 0x14, 0x00, 0x00, 0x00, 0x3A, 0x00, 0x00, 0x00, 0x00, 0x00, 0x00, 0x00, 0x11,
0x00, 0x00, 0x00, 0x00, 0x00, 0x00, 0x00, 0x00, 0x00, 0x00, 0x00, 0x00, 0x00, 0x00, 0x00, 0x00,
0x00, 0x00, 0x00, 0x00, 0x00, 0x00, 0x00, 0x00, 0x00, 0x00, 0x00, 0x00, 0x00, 0x00, 0x00, 0x00,
0x00, 0x00, 0x00, 0x7D, 0x13, 0x1E, 0x20, 0xC4, 0x00, 0x00, 0x00, 0x2E, 0x00, 0x00, 0x00, 0x61,
0x4C, 0x83, 0x92, 0xF3, 0x73, 0xD1, 0xED, 0xFF, 0x00, 0x00, 0x00, 0x9C, 0x20, 0x34, 0x3A, 0xCF,
0x00, 0x00, 0x00, 0x08, 0x00, 0x00, 0x00, 0x1C, 0x00, 0x00, 0x00, 0x00, 0x00, 0x00, 0x00, 0x00,
0x00, 0x00, 0x00, 0x3B, 0x00, 0x00, 0x00, 0x62, 0x00, 0x00, 0x00, 0x0E, 0x00, 0x00, 0x00, 0x1A,
0xE8, 0xF4, 0xFC, 0xFF, 0xE3, 0xF0, 0xFD, 0xFF, 0xEA, 0xF3, 0xFE, 0xFF, 0xE6, 0xF2, 0xFC, 0xFF,
0xDF, 0xEF, 0xFF, 0xFF, 0xD1, 0xE1, 0xE8, 0xFF, 0xE4, 0xF1, 0xFD, 0xFF, 0xE6, 0xF3, 0xFD, 0xFF,
0xC7, 0xE8, 0xF7, 0xFF, 0xEA, 0xF5, 0xFD, 0xFF, 0x6D, 0xCC, 0xED, 0xFF, 0x8E, 0xDF, 0xF6, 0xFF,
0xE3, 0xEE, 0xFE, 0xFF, 0xE9, 0xF1, 0xFE, 0xFF, 0xA6, 0xE5, 0xFA, 0xFF, 0xBA, 0xE6, 0xFC, 0xFF,
0xBB, 0xC7, 0xC2, 0xFF, 0xA7, 0xB3, 0xA5, 0xFF, 0xC5, 0xD6, 0xDC, 0xFF, 0x97, 0xA5, 0x9F, 0xFF,
0x8A, 0x97, 0x8C, 0xFF, 0x78, 0x85, 0x7A, 0xFF, 0x7E, 0x89, 0x7F, 0xFF, 0x72, 0x7B, 0x70, 0xFF,
0xEA, 0xF5, 0xFF, 0xFF, 0xE0, 0xEC, 0xF5, 0xFF, 0xCA, 0xEA, 0xFD, 0xFF, 0xD5, 0xED, 0xFD, 0xFF,
0xCA, 0xD7, 0xDE, 0xFF, 0xB4, 0xC1, 0xC4, 0xFF, 0xDD, 0xF3, 0xFF, 0xFF, 0xE0, 0xF5, 0xFF, 0xFF,
0x7D, 0xE7, 0xFF, 0xFF, 0x80, 0xE9, 0xFF, 0xFF, 0x4E, 0x87, 0x92, 0xEE, 0x65, 0xB3, 0xC4, 0xFB,
0x7A, 0xE1, 0xFC, 0xFF, 0x75, 0xDB, 0xFD, 0xFF, 0x78, 0xDA, 0xF5, 0xFF, 0x7F, 0xE4, 0xFF, 0xFF,
0x00, 0x00, 0x00, 0x88, 0x03, 0x04, 0x05, 0xA9, 0x00, 0x00, 0x00, 0x2B, 0x00, 0x00, 0x00, 0x3F,
0x10, 0x1F, 0x23, 0xC3, 0x26, 0x45, 0x4C, 0xD8, 0x00, 0x00, 0x00, 0x54, 0x00, 0x00, 0x00, 0x6A,
0x7E, 0xDB, 0xFB, 0xFF, 0x81, 0xD7, 0xF7, 0xFF, 0x86, 0xE8, 0xFF, 0xFF, 0x85, 0xE6, 0xFF, 0xFF,
0x7F, 0xD5, 0xF6, 0xFF, 0x7E, 0xD1, 0xF5, 0xFF, 0x88, 0xE2, 0xFF, 0xFF, 0x89, 0xE2, 0xFF, 0xFF,
0x3E, 0x6A, 0x79, 0xE3, 0x4E, 0x7F, 0x92, 0xEB, 0x00, 0x00, 0x00, 0x78, 0x00, 0x00, 0x00, 0x81,
0x61, 0x92, 0xA6, 0xEF, 0x62, 0x94, 0xA4, 0xF2, 0x00, 0x00, 0x00, 0x89, 0x00, 0x00, 0x00, 0x8D,
0x00, 0x00, 0x00, 0x00, 0x00, 0x00, 0x00, 0x00, 0x00, 0x00, 0x00, 0x00, 0x00, 0x00, 0x00, 0x00,
0x00, 0x00, 0x00, 0x00, 0x00, 0x00, 0x00, 0x00, 0x00, 0x00, 0x00, 0x00, 0x00, 0x00, 0x00, 0x00,
0x00, 0x00, 0x00, 0x00, 0x00, 0x00, 0x00, 0x00, 0x00, 0x00, 0x00, 0x00, 0x00, 0x00, 0x00, 0x00,
0x00, 0x00, 0x00, 0x00, 0x00, 0x00, 0x00, 0x00, 0x00, 0x00, 0x00, 0x00, 0x00, 0x00, 0x00, 0x00,
0x00, 0x00, 0x00, 0x00, 0x00, 0x00, 0x00, 0x00, 0x00, 0x00, 0x00, 0x00, 0x00, 0x00, 0x00, 0x00,
0x00, 0x00, 0x00, 0x00, 0x00, 0x00, 0x00, 0x00, 0x00, 0x00, 0x00, 0x00, 0x00, 0x00, 0x00, 0x00,
0x00, 0x00, 0x00, 0x00, 0x00, 0x00, 0x00, 0x00, 0x00, 0x00, 0x00, 0x00, 0x00, 0x00, 0x00, 0x00,
0x00, 0x00, 0x00, 0x00, 0x00, 0x00, 0x00, 0x00, 0x00, 0x00, 0x00, 0x00, 0x00, 0x00, 0x00, 0x00,
0x00, 0x00, 0x00, 0x00, 0x00, 0x00, 0x00, 0x00, 0x00, 0x00, 0x00, 0x00, 0x00, 0x00, 0x00, 0x00,
0x00, 0x00, 0x00, 0x00, 0x00, 0x00, 0x00, 0x00, 0x00, 0x00, 0x00, 0x00, 0x00, 0x00, 0x00, 0x00,
0x00, 0x00, 0x00, 0x00, 0x00, 0x00, 0x00, 0x00, 0x00, 0x00, 0x00, 0x00, 0x00, 0x00, 0x00, 0x00,
0x00, 0x00, 0x00, 0x00, 0x00, 0x00, 0x00, 0x00, 0x00, 0x00, 0x00, 0x00, 0x00, 0x00, 0x00, 0x00,
0x00, 0x00, 0x00, 0x00, 0x00, 0x00, 0x00, 0x00, 0x00, 0x00, 0x00, 0x00, 0x00, 0x00, 0x00, 0x00,
0x00, 0x00, 0x00, 0x00, 0x00, 0x00, 0x00, 0x00, 0x00, 0x00, 0x00, 0x00, 0x00, 0x00, 0x00, 0x00,
0x00, 0x00, 0x00, 0x00, 0x00, 0x00, 0x00, 0x00, 0x00, 0x00, 0x00, 0x00, 0x00, 0x00, 0x00, 0x00,
0x00, 0x00, 0x00, 0x00, 0x00, 0x00, 0x00, 0x00, 0x00, 0x00, 0x00, 0x00, 0x00, 0x00, 0x00, 0x00,
0x00, 0x00, 0x00, 0x00, 0x00, 0x00, 0x00, 0x00, 0x00, 0x00, 0x00, 0x00, 0x00, 0x00, 0x00, 0x00,
0x00, 0x00, 0x00, 0x00, 0x00, 0x00, 0x00, 0x00, 0x00, 0x00, 0x00, 0x00, 0x00, 0x00, 0x00, 0x00,
0x00, 0x00, 0x00, 0x00, 0x00, 0x00, 0x00, 0x00, 0x00, 0x00, 0x00, 0x00, 0x00, 0x00, 0x00, 0x00,
0x00, 0x00, 0x00, 0x00, 0x00, 0x00, 0x00, 0x00, 0x00, 0x00, 0x00, 0x00, 0x00, 0x00, 0x00, 0x00,
0x00, 0x00, 0x00, 0x00, 0x00, 0x00, 0x00, 0x00, 0x00, 0x00, 0x00, 0x00, 0x00, 0x00, 0x00, 0x00,
0x00, 0x00, 0x00, 0x00, 0x00, 0x00, 0x00, 0x00, 0x00, 0x00, 0x00, 0x00, 0x00, 0x00, 0x00, 0x00,
0x00, 0x00, 0x00, 0x00, 0x00, 0x00, 0x00, 0x00, 0x00, 0x00, 0x00, 0x00, 0x00, 0x00, 0x00, 0x00,
0x00, 0x00, 0x00, 0x00, 0x00, 0x00, 0x00, 0x00, 0x00, 0x00, 0x00, 0x00, 0x00, 0x00, 0x00, 0x00,
0x00, 0x00, 0x00, 0x00, 0x00, 0x00, 0x00, 0x00, 0x00, 0x00, 0x00, 0x00, 0x00, 0x00, 0x00, 0x00,
0x00, 0x00, 0x00, 0x00, 0x00, 0x00, 0x00, 0x00, 0x00, 0x00, 0x00, 0x00, 0x00, 0x00, 0x00, 0x00,
0x00, 0x00, 0x00, 0x00, 0x00, 0x00, 0x00, 0x00, 0x00, 0x00, 0x00, 0x00, 0x00, 0x00, 0x00, 0x00,
0x00, 0x00, 0x00, 0x00, 0x00, 0x00, 0x00, 0x00, 0x00, 0x00, 0x00, 0x00, 0x00, 0x00, 0x00, 0x00,
0x00, 0x00, 0x00, 0x00, 0x00, 0x00, 0x00, 0x00, 0x00, 0x00, 0x00, 0x00, 0x00, 0x00, 0x00, 0x00,
0x00, 0x00, 0x00, 0x00, 0x00, 0x00, 0x00, 0x00, 0x00, 0x00, 0x00, 0x00, 0x00, 0x00, 0x00, 0x00,
0x00, 0x00, 0x00, 0x00, 0x00, 0x00, 0x00, 0x00, 0x00, 0x00, 0x00, 0x00, 0x00, 0x00, 0x00, 0x00,
0x00, 0x00, 0x00, 0x00, 0x00, 0x00, 0x00, 0x00, 0x00, 0x00, 0x00, 0x00, 0x00, 0x00, 0x00, 0x00,
0x00, 0x00, 0x00, 0x00, 0x00, 0x00, 0x00, 0x00, 0x00, 0x00, 0x00, 0x00, 0x00, 0x00, 0x00, 0x00,
0x00, 0x00, 0x00, 0x00, 0x00, 0x00, 0x00, 0x00, 0x00, 0x00, 0x00, 0x00, 0x00, 0x00, 0x00, 0x00,
0x00, 0x00, 0x00, 0x00, 0x00, 0x00, 0x00, 0x00, 0x00, 0x00, 0x00, 0x00, 0x00, 0x00, 0x00, 0x00,
0x00, 0x00, 0x00, 0x00, 0x00, 0x00, 0x00, 0x00, 0x00, 0x00, 0x00, 0x00, 0x00, 0x00, 0x00, 0x00,
0x00, 0x00, 0x00, 0x00, 0x00, 0x00, 0x00, 0x00, 0x00, 0x00, 0x00, 0x00, 0x00, 0x00, 0x00, 0x00,
0x00, 0x00, 0x00, 0x00, 0x00, 0x00, 0x00, 0x00, 0x00, 0x00, 0x00, 0x00, 0x00, 0x00, 0x00, 0x00,
0x00, 0x00, 0x00, 0x00, 0x00, 0x00, 0x00, 0x00, 0x00, 0x00, 0x00, 0x00, 0x00, 0x00, 0x00, 0x00,
0x00, 0x00, 0x00, 0x00, 0x00, 0x00, 0x00, 0x00, 0x00, 0x00, 0x00, 0x00, 0x00, 0x00, 0x00, 0x00,
0x00, 0x00, 0x00, 0x00, 0x00, 0x00, 0x00, 0x00, 0x00, 0x00, 0x00, 0x00, 0x00, 0x00, 0x00, 0x00,
0x00, 0x00, 0x00, 0x00, 0x00, 0x00, 0x00, 0x00, 0x00, 0x00, 0x00, 0x00, 0x00, 0x00, 0x00, 0x00,
0x00, 0x00, 0x00, 0x00, 0x00, 0x00, 0x00, 0x00, 0x00, 0x00, 0x00, 0x00, 0x00, 0x00, 0x00, 0x00,
0x00, 0x00, 0x00, 0x00, 0x00, 0x00, 0x00, 0x00, 0x00, 0x00, 0x00, 0x00, 0x00, 0x00, 0x00, 0x00,
0x00, 0x00, 0x00, 0x00, 0x00, 0x00, 0x00, 0x00, 0x00, 0x00, 0x00, 0x00, 0x00, 0x00, 0x00, 0x00,
0x00, 0x00, 0x00, 0x00, 0x00, 0x00, 0x00, 0x00, 0x00, 0x00, 0x00, 0x00, 0x00, 0x00, 0x00, 0x00,
0x00, 0x00, 0x00, 0x00, 0x00, 0x00, 0x00, 0x00, 0x00, 0x00, 0x00, 0x00, 0x00, 0x00, 0x00, 0x00,
0x00, 0x00, 0x00, 0x00, 0x00, 0x00, 0x00, 0x00, 0x00, 0x00, 0x00, 0x00, 0x00, 0x00, 0x00, 0x00,
0x00, 0x00, 0x00, 0x00, 0x00, 0x00, 0x00, 0x00, 0x00, 0x00, 0x00, 0x00, 0x00, 0x00, 0x00, 0x00,
0x00, 0x00, 0x00, 0x00, 0x00, 0x00, 0x00, 0x00, 0x00, 0x00, 0x00, 0x00, 0x00, 0x00, 0x00, 0x00,
0x00, 0x00, 0x00, 0x00, 0x00, 0x00, 0x00, 0x00, 0x00, 0x00, 0x00, 0x00, 0x00, 0x00, 0x00, 0x00,
0x00, 0x00, 0x00, 0x00, 0x00, 0x00, 0x00, 0x00, 0x00, 0x00, 0x00, 0x00, 0x00, 0x00, 0x00, 0x00,
0x00, 0x00, 0x00, 0x00, 0x00, 0x00, 0x00, 0x00, 0x00, 0x00, 0x00, 0x00, 0x00, 0x00, 0x00, 0x00,
0x00, 0x00, 0x00, 0x00, 0x00, 0x00, 0x00, 0x00, 0x00, 0x00, 0x00, 0x00, 0x00, 0x00, 0x00, 0x00,
0x00, 0x00, 0x00, 0x00, 0x00, 0x00, 0x00, 0x00, 0x00, 0x00, 0x00, 0x00, 0x00, 0x00, 0x00, 0x00,
0x00, 0x00, 0x00, 0x00, 0x00, 0x00, 0x00, 0x00, 0x00, 0x00, 0x00, 0x00, 0x00, 0x00, 0x00, 0x00,
0x00, 0x00, 0x00, 0x00, 0x00, 0x00, 0x00, 0x00, 0x00, 0x00, 0x00, 0x00, 0x00, 0x00, 0x00, 0x00,
0x00, 0x00, 0x00, 0x00, 0x00, 0x00, 0x00, 0x00, 0x00, 0x00, 0x00, 0x00, 0x00, 0x00, 0x00, 0x00,
0x00, 0x00, 0x00, 0x00, 0x00, 0x00, 0x00, 0x00, 0x00, 0x00, 0x00, 0x00, 0x00, 0x00, 0x00, 0x00,
0x00, 0x00, 0x00, 0x00, 0x00, 0x00, 0x00, 0x00, 0x00, 0x00, 0x00, 0x00, 0x00, 0x00, 0x00, 0x00,
0x00, 0x00, 0x00, 0x00, 0x00, 0x00, 0x00, 0x00, 0x00, 0x00, 0x00, 0x00, 0x00, 0x00, 0x00, 0x00,
0x00, 0x00, 0x00, 0x00, 0x00, 0x00, 0x00, 0x00, 0x00, 0x00, 0x00, 0x00, 0x00, 0x00, 0x00, 0x00,
0x00, 0x00, 0x00, 0x00, 0x00, 0x00, 0x00, 0x00, 0x00, 0x00, 0x00, 0x00, 0x00, 0x00, 0x00, 0x00,
0x00, 0x00, 0x00, 0x00, 0x00, 0x00, 0x00, 0x00, 0x00, 0x00, 0x00, 0x00, 0x00, 0x00, 0x00, 0x00,
0x00, 0x00, 0x00, 0x00, 0x00, 0x00, 0x00, 0x00, 0x00, 0x00, 0x00, 0x00, 0x00, 0x00, 0x00, 0x00,
0x00, 0x00, 0x00, 0x00, 0x00, 0x00, 0x00, 0x00, 0x00, 0x00, 0x00, 0x00, 0x00, 0x00, 0x00, 0x00,
0x00, 0x00, 0x00, 0x00, 0x00, 0x00, 0x00, 0x00, 0x00, 0x00, 0x00, 0x00, 0x00, 0x00, 0x00, 0x00,
0x00, 0x00, 0x00, 0x00, 0x00, 0x00, 0x00, 0x00, 0x00, 0x00, 0x00, 0x00, 0x00, 0x00, 0x00, 0x00,
0x00, 0x00, 0x00, 0x00, 0x00, 0x00, 0x00, 0x00, 0x00, 0x00, 0x00, 0x00, 0x00, 0x00, 0x00, 0x00,
0x00, 0x00, 0x00, 0x00, 0x00, 0x00, 0x00, 0x00, 0x00, 0x00, 0x00, 0x00, 0x00, 0x00, 0x00, 0x00,
0x00, 0x00, 0x00, 0x00, 0x00, 0x00, 0x00, 0x00, 0x00, 0x00, 0x00, 0x00, 0x00, 0x00, 0x00, 0x00,
0x00, 0x00, 0x00, 0x00, 0x00, 0x00, 0x00, 0x00, 0x00, 0x00, 0x00, 0x00, 0x00, 0x00, 0x00, 0x00,
0x00, 0x00, 0x00, 0x00, 0x00, 0x00, 0x00, 0x00, 0x00, 0x00, 0x00, 0x00, 0x00, 0x00, 0x00, 0x00,
0x00, 0x00, 0x00, 0x00, 0x00, 0x00, 0x00, 0x00, 0x00, 0x00, 0x00, 0x00, 0x00, 0x00, 0x00, 0x00,
0x00, 0x00, 0x00, 0x00, 0x00, 0x00, 0x00, 0x00, 0x00, 0x00, 0x00, 0x00, 0x00, 0x00, 0x00, 0x00,
0x00, 0x00, 0x00, 0x00, 0x00, 0x00, 0x00, 0x00, 0x00, 0x00, 0x00, 0x00, 0x00, 0x00, 0x00, 0x00,
0x00, 0x00, 0x00, 0x00, 0x00, 0x00, 0x00, 0x00, 0x00, 0x00, 0x00, 0x00, 0x00, 0x00, 0x00, 0x00,
0x00, 0x00, 0x00, 0x00, 0x00, 0x00, 0x00, 0x00, 0x00, 0x00, 0x00, 0x00, 0x00, 0x00, 0x00, 0x00,
0x00, 0x00, 0x00, 0x00, 0x00, 0x00, 0x00, 0x00, 0x00, 0x00, 0x00, 0x00, 0x00, 0x00, 0x00, 0x00,
0x00, 0x00, 0x00, 0x00, 0x00, 0x00, 0x00, 0x00, 0x00, 0x00, 0x00, 0x00, 0x00, 0x00, 0x00, 0x00,
0x00, 0x00, 0x00, 0x00, 0x00, 0x00, 0x00, 0x0A, 0x00, 0x00, 0x00, 0x00, 0x00, 0x00, 0x00, 0x00,
0x00, 0x00, 0x00, 0x14, 0x00, 0x00, 0x00, 0x1B, 0x00, 0x00, 0x00, 0x00, 0x00, 0x00, 0x00, 0x00,
0x00, 0x00, 0x00, 0x00, 0x00, 0x00, 0x00, 0x00, 0x00, 0x00, 0x00, 0x00, 0x00, 0x00, 0x00, 0x00,
0x00, 0x00, 0x00, 0x00, 0x00, 0x00, 0x00, 0x00, 0x00, 0x00, 0x00, 0x00, 0x00, 0x00, 0x00, 0x00,
0x00, 0x00, 0x00, 0x20, 0x00, 0x00, 0x00, 0x25, 0x00, 0x00, 0x00, 0x00, 0x00, 0x00, 0x00, 0x00,
0x00, 0x00, 0x00, 0x29, 0x00, 0x00, 0x00, 0x2B, 0x00, 0x00, 0x00, 0x00, 0x00, 0x00, 0x00, 0x00,
0x00, 0x00, 0x00, 0x00, 0x00, 0x00, 0x00, 0x00, 0x00, 0x00, 0x00, 0x00, 0x00, 0x00, 0x00, 0x00,
0x00, 0x00, 0x00, 0x00, 0x00, 0x00, 0x00, 0x00, 0x00, 0x00, 0x00, 0x00, 0x00, 0x00, 0x00, 0x00,
0x00, 0x00, 0x00, 0x00, 0x00, 0x00, 0x00, 0x00, 0x00, 0x00, 0x00, 0x00, 0x00, 0x00, 0x00, 0x00,
0x00, 0x00, 0x00, 0x00, 0x00, 0x00, 0x00, 0x00, 0x00, 0x00, 0x00, 0x00, 0x00, 0x00, 0x00, 0x00,
0x00, 0x00, 0x00, 0x00, 0x00, 0x00, 0x00, 0x00, 0x00, 0x00, 0x00, 0x00, 0x00, 0x00, 0x00, 0x00,
0x00, 0x00, 0x00, 0x00, 0x00, 0x00, 0x00, 0x00, 0x00, 0x00, 0x00, 0x00, 0x00, 0x00, 0x00, 0x00,
0x00, 0x00, 0x00, 0x00, 0x00, 0x00, 0x00, 0x00, 0x00, 0x00, 0x00, 0x00, 0x00, 0x00, 0x00, 0x00,
0x00, 0x00, 0x00, 0x00, 0x00, 0x00, 0x00, 0x00, 0x00, 0x00, 0x00, 0x00, 0x00, 0x00, 0x00, 0x00,
0x00, 0x00, 0x00, 0x00, 0x00, 0x00, 0x00, 0x00, 0x00, 0x00, 0x00, 0x00, 0x00, 0x00, 0x00, 0x00,
0x00, 0x00, 0x00, 0x00, 0x00, 0x00, 0x00, 0x00, 0x00, 0x00, 0x00, 0x00, 0x00, 0x00, 0x00, 0x00,
0x00, 0x00, 0x00, 0x00, 0x00, 0x00, 0x00, 0x00, 0x00, 0x00, 0x00, 0x00, 0x00, 0x00, 0x00, 0x00,
0x00, 0x00, 0x00, 0x00, 0x00, 0x00, 0x00, 0x00, 0x00, 0x00, 0x00, 0x00, 0x00, 0x00, 0x00, 0x00,
0x00, 0x00, 0x00, 0x00, 0x00, 0x00, 0x00, 0x00, 0x00, 0x00, 0x00, 0x00, 0x00, 0x00, 0x00, 0x00,
0x00, 0x00, 0x00, 0x00, 0x00, 0x00, 0x00, 0x00, 0x00, 0x00, 0x00, 0x00, 0x00, 0x00, 0x00, 0x00,
0x00, 0x00, 0x00, 0x00, 0x00, 0x00, 0x00, 0x00, 0x00, 0x00, 0x00, 0x00, 0x00, 0x00, 0x00, 0x00,
0x00, 0x00, 0x00, 0x00, 0x00, 0x00, 0x00, 0x00, 0x00, 0x00, 0x00, 0x00, 0x00, 0x00, 0x00, 0x00,
0x00, 0x00, 0x00, 0x00, 0x00, 0x00, 0x00, 0x00, 0x00, 0x00, 0x00, 0x00, 0x00, 0x00, 0x00, 0x00,
0x00, 0x00, 0x00, 0x00, 0x00, 0x00, 0x00, 0x00, 0x00, 0x00, 0x00, 0x00, 0x00, 0x00, 0x00, 0x00,
0x00, 0x00, 0x00, 0x00, 0x00, 0x00, 0x00, 0x00, 0x00, 0x00, 0x00, 0x00, 0x00, 0x00, 0x00, 0x00,
0x00, 0x00, 0x00, 0x00, 0x00, 0x00, 0x00, 0x00, 0x00, 0x00, 0x00, 0x00, 0x00, 0x00, 0x00, 0x00,
0x00, 0x00, 0x00, 0x00, 0x00, 0x00, 0x00, 0x00, 0x00, 0x00, 0x00, 0x00, 0x00, 0x00, 0x00, 0x00,
0x00, 0x00, 0x00, 0x00, 0x00, 0x00, 0x00, 0x00, 0x00, 0x00, 0x00, 0x00, 0x00, 0x00, 0x00, 0x00,
0x00, 0x00, 0x00, 0x00, 0x00, 0x00, 0x00, 0x00, 0x00, 0x00, 0x00, 0x00, 0x00, 0x00, 0x00, 0x00,
0x00, 0x00, 0x00, 0x00, 0x00, 0x00, 0x00, 0x00, 0x00, 0x00, 0x00, 0x00, 0x00, 0x00, 0x00, 0x00,
0x00, 0x00, 0x00, 0x00, 0x00, 0x00, 0x00, 0x00, 0x00, 0x00, 0x00, 0x00, 0x00, 0x00, 0x00, 0x00,
0x00, 0x00, 0x00, 0x00, 0x00, 0x00, 0x00, 0x00, 0x00, 0x00, 0x00, 0x00, 0x00, 0x00, 0x00, 0x00,
0x00, 0x00, 0x00, 0x00, 0x00, 0x00, 0x00, 0x00, 0x00, 0x00, 0x00, 0x00, 0x00, 0x00, 0x00, 0x00,
0x00, 0x00, 0x00, 0x00, 0x00, 0x00, 0x00, 0x00, 0x00, 0x00, 0x00, 0x00, 0x00, 0x00, 0x00, 0x00,
0x00, 0x00, 0x00, 0x00, 0x00, 0x00, 0x00, 0x00, 0x00, 0x00, 0x00, 0x00, 0x00, 0x00, 0x00, 0x00,
0x00, 0x00, 0x00, 0x00, 0x00, 0x00, 0x00, 0x00, 0x00, 0x00, 0x00, 0x00, 0x00, 0x00, 0x00, 0x00,
0x00, 0x00, 0x00, 0x00, 0x00, 0x00, 0x00, 0x00, 0x00, 0x00, 0x00, 0x00, 0x00, 0x00, 0x00, 0x00,
0x00, 0x00, 0x00, 0x00, 0x00, 0x00, 0x00, 0x00, 0x00, 0x00, 0x00, 0x00, 0x00, 0x00, 0x00, 0x00,
0x00, 0x00, 0x00, 0x00, 0x00, 0x00, 0x00, 0x00, 0x00, 0x00, 0x00, 0x00, 0x00, 0x00, 0x00, 0x00,
0x00, 0x00, 0x00, 0x00, 0x00, 0x00, 0x00, 0x00, 0x00, 0x00, 0x00, 0x00, 0x00, 0x00, 0x00, 0x00,
0x00, 0x00, 0x00, 0x00, 0x00, 0x00, 0x00, 0x00, 0x00, 0x00, 0x00, 0x00, 0x00, 0x00, 0x00, 0x00,
0x00, 0x00, 0x00, 0x00, 0x00, 0x00, 0x00, 0x00, 0x00, 0x00, 0x00, 0x00, 0x00, 0x00, 0x00, 0x00,
0x00, 0x00, 0x00, 0x00, 0x00, 0x00, 0x00, 0x00, 0x00, 0x00, 0x00, 0x00, 0x00, 0x00, 0x00, 0x00,
0x00, 0x00, 0x00, 0x00, 0x00, 0x00, 0x00, 0x00, 0x00, 0x00, 0x00, 0x00, 0x00, 0x00, 0x00, 0x00,
0x00, 0x00, 0x00, 0x00, 0x00, 0x00, 0x00, 0x00, 0x00, 0x00, 0x00, 0x00, 0x00, 0x00, 0x00, 0x00,
0x00, 0x00, 0x00, 0x00, 0x00, 0x00, 0x00, 0x00, 0x00, 0x00, 0x00, 0x00, 0x00, 0x00, 0x00, 0x00,
0x00, 0x00, 0x00, 0x00, 0x00, 0x00, 0x00, 0x00, 0x00, 0x00, 0x00, 0x00, 0x00, 0x00, 0x00, 0x00,
0x00, 0x00, 0x00, 0x00, 0x00, 0x00, 0x00, 0x00, 0x00, 0x00, 0x00, 0x00, 0x00, 0x00, 0x00, 0x00,
0x00, 0x00, 0x00, 0x00, 0x00, 0x00, 0x00, 0x0E, 0x00, 0x00, 0x00, 0x00, 0x00, 0x00, 0x00, 0x0E,
0x00, 0x00, 0x00, 0x4A, 0x04, 0x05, 0x05, 0xBB, 0x00, 0x00, 0x00, 0x4B, 0x05, 0x05, 0x05, 0xBA,
0x00, 0x00, 0x00, 0x00, 0x00, 0x00, 0x00, 0x0E, 0x00, 0x00, 0x00, 0x00, 0x00, 0x00, 0x00, 0x0E,
0x00, 0x00, 0x00, 0x4A, 0x05, 0x05, 0x05, 0xBA, 0x00, 0x00, 0x00, 0x4B, 0x05, 0x05, 0x05, 0xBB,
0x53, 0x5F, 0x59, 0xFF, 0x66, 0x70, 0x68, 0xFF, 0x55, 0x5E, 0x59, 0xFF, 0x5C, 0x6B, 0x66, 0xFF,
0x7F, 0x8C, 0x86, 0xFF, 0xD5, 0xEB, 0xFC, 0xFF, 0x78, 0x88, 0x85, 0xFF, 0xDB, 0xEF, 0xFD, 0xFF,
0x53, 0x5D, 0x5A, 0xFF, 0x62, 0x6F, 0x66, 0xFF, 0x57, 0x5E, 0x59, 0xFF, 0x63, 0x6F, 0x66, 0xFF,
0x7B, 0x89, 0x87, 0xFF, 0xDD, 0xF0, 0xFF, 0xFF, 0x7E, 0x8A, 0x88, 0xFF, 0xDD, 0xEE, 0xFD, 0xFF,
0x00, 0x00, 0x00, 0x00, 0x00, 0x00, 0x00, 0x15, 0x00, 0x00, 0x00, 0x30, 0x00, 0x00, 0x00, 0x45,
0x00, 0x00, 0x00, 0x58, 0x02, 0x03, 0x02, 0xC4, 0x00, 0x00, 0x00, 0x87, 0x0A, 0x0C, 0x0A, 0xDF,
0x00, 0x00, 0x00, 0x98, 0x00, 0x00, 0x00, 0xAB, 0x20, 0x24, 0x21, 0xF2, 0x28, 0x2B, 0x25, 0xF8,
0x01, 0x01, 0x01, 0xD5, 0x35, 0x39, 0x2F, 0xFC, 0x45, 0x48, 0x3C, 0xFF, 0x5B, 0x5F, 0x4A, 0xFF,
0x4D, 0x56, 0x50, 0xFF, 0x5E, 0x6A, 0x5D, 0xFF, 0x59, 0x61, 0x51, 0xFF, 0x5C, 0x61, 0x49, 0xFF,
0x7C, 0x89, 0x83, 0xFF, 0xDC, 0xEE, 0xFE, 0xFF, 0x8A, 0x96, 0x8D, 0xFF, 0xE0, 0xF6, 0xFF, 0xFF,
0x60, 0x65, 0x51, 0xFF, 0x4E, 0x56, 0x42, 0xFF, 0x54, 0x55, 0x3C, 0xFF, 0x68, 0x71, 0x60, 0xFF,
0xA1, 0xB0, 0xB1, 0xFF, 0xE2, 0xF5, 0xFF, 0xFF, 0xD4, 0xE4, 0xEF, 0xFF, 0xE0, 0xF1, 0xFF, 0xFF,
0xD6, 0xEB, 0xFE, 0xFF, 0xD2, 0xE7, 0xFA, 0xFF, 0xE1, 0xF1, 0xFF, 0xFF, 0xD9, 0xED, 0xFD, 0xFF,
0xD8, 0xEB, 0xFC, 0xFF, 0xC0, 0xE2, 0xFA, 0xFF, 0xD8, 0xEB, 0xFE, 0xFF, 0xC1, 0xE3, 0xFC, 0xFF,
0xDD, 0xEE, 0xFF, 0xFF, 0xDB, 0xEE, 0xFE, 0xFF, 0xDE, 0xEF, 0xFF, 0xFF, 0xDB, 0xEC, 0xFE, 0xFF,
0xDB, 0xED, 0xFE, 0xFF, 0xCE, 0xE7, 0xFB, 0xFF, 0xD3, 0xE9, 0xFE, 0xFF, 0xCC, 0xE4, 0xFC, 0xFF,
0x77, 0xD4, 0xF9, 0xFF, 0x6C, 0xD6, 0xFF, 0xFF, 0x71, 0xCD, 0xF9, 0xFF, 0x6F, 0xD6, 0xFE, 0xFF,
0x63, 0xB9, 0xDC, 0xFF, 0x05, 0x09, 0x0A, 0xB2, 0x66, 0xBA, 0xDA, 0xFF, 0x05, 0x09, 0x0A, 0xB1,
0x78, 0xD3, 0xFB, 0xFF, 0x6B, 0xD3, 0xFF, 0xFF, 0x75, 0xD1, 0xF7, 0xFF, 0x69, 0xD2, 0xFF, 0xFF,
0x60, 0xB6, 0xD9, 0xFF, 0x05, 0x0A, 0x0B, 0xB0, 0x5D, 0xB7, 0xDC, 0xFF, 0x05, 0x09, 0x0B, 0xB0,
0xDB, 0xED, 0xFF, 0xFF, 0xDA, 0xEC, 0xFF, 0xFF, 0xDA, 0xEC, 0xFF, 0xFF, 0xDB, 0xEC, 0xFE, 0xFF,
0xD5, 0xE9, 0xFE, 0xFF, 0xC6, 0xE3, 0xFC, 0xFF, 0xD8, 0xE9, 0xFE, 0xFF, 0xBE, 0xE2, 0xFA, 0xFF,
0xD6, 0xEB, 0xFE, 0xFF, 0xD7, 0xEB, 0xFA, 0xFF, 0xD7, 0xEA, 0xFE, 0xFF, 0xD1, 0xE7, 0xFD, 0xFF,
0xD8, 0xEA, 0xFB, 0xFF, 0xA9, 0xDB, 0xF9, 0xFF, 0xCD, 0xE1, 0xFB, 0xFF, 0x72, 0xD0, 0xFB, 0xFF,
0x6E, 0xCC, 0xF5, 0xFF, 0x65, 0xD1, 0xFE, 0xFF, 0x60, 0xC7, 0xF5, 0xFF, 0x5F, 0xD1, 0xFF, 0xFF,
0x56, 0xAF, 0xD5, 0xFE, 0x04, 0x08, 0x09, 0xAD, 0x48, 0x9C, 0xC0, 0xFD, 0x02, 0x03, 0x03, 0xA6,
0x4F, 0xC7, 0xF9, 0xFF, 0x5D, 0xD7, 0xFF, 0xFF, 0x4A, 0xCC, 0xFD, 0xFF, 0x57, 0xD0, 0xFB, 0xFF,
0x38, 0x79, 0x92, 0xF6, 0x00, 0x00, 0x00, 0x96, 0x1A, 0x33, 0x40, 0xDF, 0x00, 0x00, 0x00, 0x77,
0x70, 0x79, 0x6D, 0xFF, 0x67, 0x6D, 0x5F, 0xFF, 0x69, 0x71, 0x5F, 0xFF, 0x61, 0x67, 0x51, 0xFF,
0x63, 0x66, 0x53, 0xFF, 0x5B, 0x5A, 0x3E, 0xFF, 0x69, 0x6C, 0x57, 0xFF, 0x83, 0x8B, 0x83, 0xFF,
0xA7, 0xB5, 0xB4, 0xFF, 0xB5, 0xC3, 0xC3, 0xFF, 0xDA, 0xF2, 0xFF, 0xFF, 0xD2, 0xED, 0xFF, 0xFF,
0xCF, 0xDF, 0xE5, 0xFF, 0xE1, 0xF3, 0xFF, 0xFF, 0xD3, 0xED, 0xFF, 0xFF, 0xC6, 0xE6, 0xFC, 0xFF,
0x62, 0x66, 0x4F, 0xFF, 0xBD, 0xCF, 0xD1, 0xFF, 0xC2, 0xD6, 0xE0, 0xFF, 0xDC, 0xF2, 0xFF, 0xFF,
0xE7, 0xF7, 0xFF, 0xFF, 0xDB, 0xED, 0xFD, 0xFF, 0xD7, 0xEA, 0xFE, 0xFF, 0xDC, 0xEC, 0xFC, 0xFF,
0xE7, 0xF4, 0xFF, 0xFF, 0xDF, 0xED, 0xFE, 0xFF, 0xBB, 0xE3, 0xFC, 0xFF, 0xA4, 0xDD, 0xFA, 0xFF,
0xD7, 0xEC, 0xFE, 0xFF, 0xBB, 0xE0, 0xFA, 0xFF, 0x80, 0xD4, 0xF7, 0xFF, 0x5D, 0xCB, 0xF8, 0xFF,
0x80, 0xD1, 0xF3, 0xFF, 0x7F, 0xCF, 0xF2, 0xFF, 0x8C, 0xE0, 0xFF, 0xFF, 0x8C, 0xDD, 0xFF, 0xFF,
0x77, 0xCA, 0xF2, 0xFF, 0x75, 0xCB, 0xF4, 0xFF, 0x91, 0xE1, 0xFF, 0xFF, 0x98, 0xE6, 0xFF, 0xFF,
0x68, 0x91, 0xA1, 0xF2, 0x70, 0x98, 0xAB, 0xEF, 0x00, 0x00, 0x00, 0x8D, 0x00, 0x00, 0x00, 0x89,
0x5F, 0x85, 0x99, 0xED, 0x56, 0x75, 0x86, 0xE6, 0x00, 0x00, 0x00, 0x84, 0x00, 0x00, 0x00, 0x7B,
0x7C, 0xD2, 0xF9, 0xFF, 0x80, 0xD9, 0xFF, 0xFF, 0x9C, 0xE5, 0xFF, 0xFF, 0x9B, 0xDC, 0xF9, 0xFF,
0x7B, 0xDC, 0xFF, 0xFF, 0x80, 0xE5, 0xFF, 0xFF, 0x82, 0xBF, 0xD7, 0xFE, 0x5A, 0x90, 0xA0, 0xF3,
0x40, 0x54, 0x5D, 0xDD, 0x22, 0x2B, 0x30, 0xCC, 0x00, 0x00, 0x00, 0x71, 0x00, 0x00, 0x00, 0x60,
0x0B, 0x0E, 0x0F, 0xB5, 0x00, 0x00, 0x00, 0x95, 0x00, 0x00, 0x00, 0x49, 0x00, 0x00, 0x00, 0x32,
0xDB, 0xEC, 0xFE, 0xFF, 0xD8, 0xE8, 0xFD, 0xFF, 0xDD, 0xEA, 0xFB, 0xFF, 0xA4, 0xDB, 0xFA, 0xFF,
0x9C, 0xD8, 0xF8, 0xFF, 0x50, 0xCB, 0xFA, 0xFF, 0x53, 0xCA, 0xF8, 0xFF, 0x50, 0xD0, 0xFE, 0xFF,
0x83, 0xD2, 0xF8, 0xFF, 0x53, 0xCB, 0xF5, 0xFF, 0x5B, 0xCF, 0xFD, 0xFF, 0x6A, 0xDD, 0xFF, 0xFF,
0x58, 0xD3, 0xFD, 0xFF, 0x60, 0xDC, 0xFF, 0xFF, 0x67, 0xD6, 0xF9, 0xFF, 0x34, 0x66, 0x78, 0xEA,
0x52, 0xD7, 0xFF, 0xFF, 0x42, 0x9C, 0xBD, 0xFB, 0x55, 0xD5, 0xFD, 0xFF, 0x14, 0x31, 0x3B, 0xD8,
0x01, 0x03, 0x04, 0xAF, 0x00, 0x00, 0x00, 0x4A, 0x00, 0x00, 0x00, 0x72, 0x00, 0x00, 0x00, 0x24,
0x2E, 0x66, 0x79, 0xEB, 0x00, 0x00, 0x00, 0x97, 0x00, 0x00, 0x00, 0xA2, 0x00, 0x00, 0x00, 0x4E,
0x00, 0x00, 0x00, 0x3D, 0x00, 0x00, 0x00, 0x0F, 0x00, 0x00, 0x00, 0x19, 0x00, 0x00, 0x00, 0x00,
0x7D, 0xE0, 0xFF, 0xFF, 0x5D, 0xA7, 0xBF, 0xF9, 0x30, 0x4B, 0x53, 0xD8, 0x04, 0x06, 0x06, 0xA7,
0x1D, 0x32, 0x3B, 0xD3, 0x00, 0x00, 0x00, 0x92, 0x00, 0x00, 0x00, 0x6D, 0x00, 0x00, 0x00, 0x3A,
0x00, 0x00, 0x00, 0x6C, 0x00, 0x00, 0x00, 0x42, 0x00, 0x00, 0x00, 0x1F, 0x00, 0x00, 0x00, 0x0F,
0x00, 0x00, 0x00, 0x21, 0x00, 0x00, 0x00, 0x0E, 0x00, 0x00, 0x00, 0x00, 0x00, 0x00, 0x00, 0x00,
0x00, 0x00, 0x00, 0x4C, 0x00, 0x00, 0x00, 0x1A, 0x00, 0x00, 0x00, 0x17, 0x00, 0x00, 0x00, 0x03,
0x00, 0x00, 0x00, 0x03, 0x00, 0x00, 0x00, 0x00, 0x00, 0x00, 0x00, 0x00, 0x00, 0x00, 0x00, 0x00,
0x00, 0x00, 0x00, 0x00, 0x00, 0x00, 0x00, 0x00, 0x00, 0x00, 0x00, 0x00, 0x00, 0x00, 0x00, 0x00,
0x00, 0x00, 0x00, 0x00, 0x00, 0x00, 0x00, 0x00, 0x00, 0x00, 0x00, 0x00, 0x00, 0x00, 0x00, 0x00,
0x00, 0x00, 0x00, 0x42, 0x00, 0x00, 0x00, 0x09, 0x00, 0x00, 0x00, 0x42, 0x00, 0x00, 0x00, 0x09,
0x00, 0x00, 0x00, 0x00, 0x00, 0x00, 0x00, 0x00, 0x00, 0x00, 0x00, 0x00, 0x00, 0x00, 0x00, 0x00,
0x00, 0x00, 0x00, 0x42, 0x00, 0x00, 0x00, 0x0A, 0x00, 0x00, 0x00, 0x42, 0x00, 0x00, 0x00, 0x0A,
0x00, 0x00, 0x00, 0x00, 0x00, 0x00, 0x00, 0x00, 0x00, 0x00, 0x00, 0x00, 0x00, 0x00, 0x00, 0x00,
0x00, 0x00, 0x00, 0x00, 0x00, 0x00, 0x00, 0x00, 0x00, 0x00, 0x00, 0x00, 0x00, 0x00, 0x00, 0x00,
0x00, 0x00, 0x00, 0x00, 0x00, 0x00, 0x00, 0x00, 0x00, 0x00, 0x00, 0x00, 0x00, 0x00, 0x00, 0x00,
0x00, 0x00, 0x00, 0x00, 0x00, 0x00, 0x00, 0x00, 0x00, 0x00, 0x00, 0x00, 0x00, 0x00, 0x00, 0x00,
0x00, 0x00, 0x00, 0x00, 0x00, 0x00, 0x00, 0x00, 0x00, 0x00, 0x00, 0x00, 0x00, 0x00, 0x00, 0x00,
0x00, 0x00, 0x00, 0x40, 0x00, 0x00, 0x00, 0x0A, 0x00, 0x00, 0x00, 0x3C, 0x00, 0x00, 0x00, 0x07,
0x00, 0x00, 0x00, 0x00, 0x00, 0x00, 0x00, 0x00, 0x00, 0x00, 0x00, 0x00, 0x00, 0x00, 0x00, 0x00,
0x00, 0x00, 0x00, 0x32, 0x00, 0x00, 0x00, 0x02, 0x00, 0x00, 0x00, 0x23, 0x00, 0x00, 0x00, 0x00,
0x00, 0x00, 0x00, 0x00, 0x00, 0x00, 0x00, 0x00, 0x00, 0x00, 0x00, 0x00, 0x00, 0x00, 0x00, 0x00,
0x00, 0x00, 0x00, 0x00, 0x00, 0x00, 0x00, 0x00, 0x00, 0x00, 0x00, 0x00, 0x00, 0x00, 0x00, 0x00,
0x00, 0x00, 0x00, 0x00, 0x00, 0x00, 0x00, 0x00, 0x00, 0x00, 0x00, 0x00, 0x00, 0x00, 0x00, 0x00,
0x00, 0x00, 0x00, 0x00, 0x00, 0x00, 0x00, 0x00, 0x00, 0x00, 0x00, 0x00, 0x00, 0x00, 0x00, 0x00,
0x00, 0x00, 0x00, 0x00, 0x00, 0x00, 0x00, 0x00, 0x00, 0x00, 0x00, 0x00, 0x00, 0x00, 0x00, 0x00,
0x00, 0x00, 0x00, 0x00, 0x00, 0x00, 0x00, 0x00, 0x00, 0x00, 0x00, 0x00, 0x00, 0x00, 0x00, 0x00,
0x00, 0x00, 0x00, 0x00, 0x00, 0x00, 0x00, 0x00, 0x00, 0x00, 0x00, 0x00, 0x00, 0x00, 0x00, 0x00,
0x00, 0x00, 0x00, 0x00, 0x00, 0x00, 0x00, 0x00, 0x00, 0x00, 0x00, 0x00, 0x00, 0x00, 0x00, 0x00,
0x00, 0x00, 0x00, 0x00, 0x00, 0x00, 0x00, 0x00, 0x00, 0x00, 0x00, 0x00, 0x00, 0x00, 0x00, 0x00,
0x00, 0x00, 0x00, 0x00, 0x00, 0x00, 0x00, 0x00, 0x00, 0x00, 0x00, 0x00, 0x00, 0x00, 0x00, 0x00,
0x00, 0x00, 0x00, 0x00, 0x00, 0x00, 0x00, 0x00, 0x00, 0x00, 0x00, 0x00, 0x00, 0x00, 0x00, 0x00,
0x00, 0x00, 0x00, 0x00, 0x00, 0x00, 0x00, 0x00, 0x00, 0x00, 0x00, 0x00, 0x00, 0x00, 0x00, 0x00,
0x00, 0x00, 0x00, 0x00, 0x00, 0x00, 0x00, 0x00, 0x00, 0x00, 0x00, 0x00, 0x00, 0x00, 0x00, 0x00,
0x00, 0x00, 0x00, 0x00, 0x00, 0x00, 0x00, 0x00, 0x00, 0x00, 0x00, 0x00, 0x00, 0x00, 0x00, 0x00,
0x00, 0x00, 0x00, 0x00, 0x00, 0x00, 0x00, 0x00, 0x00, 0x00, 0x00, 0x00, 0x00, 0x00, 0x00, 0x00,
0x00, 0x00, 0x00, 0x00, 0x00, 0x00, 0x00, 0x00, 0x00, 0x00, 0x00, 0x00, 0x00, 0x00, 0x00, 0x00,
0x00, 0x00, 0x00, 0x00, 0x00, 0x00, 0x00, 0x00, 0x00, 0x00, 0x00, 0x00, 0x00, 0x00, 0x00, 0x00,
0x00, 0x00, 0x00, 0x00, 0x00, 0x00, 0x00, 0x00, 0x00, 0x00, 0x00, 0x00, 0x00, 0x00, 0x00, 0x00,
0x00, 0x00, 0x00, 0x00, 0x00, 0x00, 0x00, 0x00, 0x00, 0x00, 0x00, 0x00, 0x00, 0x00, 0x00, 0x00,
0x00, 0x00, 0x00, 0x00, 0x00, 0x00, 0x00, 0x00, 0x00, 0x00, 0x00, 0x00, 0x00, 0x00, 0x00, 0x00,
0x00, 0x00, 0x00, 0x00, 0x00, 0x00, 0x00, 0x00, 0x00, 0x00, 0x00, 0x00, 0x00, 0x00, 0x00, 0x00,
0x00, 0x00, 0x00, 0x13, 0x00, 0x00, 0x00, 0x00, 0x00, 0x00, 0x00, 0x03, 0x00, 0x00, 0x00, 0x00,
0x00, 0x00, 0x00, 0x00, 0x00, 0x00, 0x00, 0x00, 0x00, 0x00, 0x00, 0x00, 0x00, 0x00, 0x00, 0x00,
0x00, 0x00, 0x00, 0x00, 0x00, 0x00, 0x00, 0x00, 0x00, 0x00, 0x00, 0x00, 0x00, 0x00, 0x00, 0x00,
0x00, 0x00, 0x00, 0x00, 0x00, 0x00, 0x00, 0x00, 0x00, 0x00, 0x00, 0x00, 0x00, 0x00, 0x00, 0x00,
0x00, 0x00, 0x00, 0x00, 0x00, 0x00, 0x00, 0x00, 0x00, 0x00, 0x00, 0x00, 0x00, 0x00, 0x00, 0x00,
0x00, 0x00, 0x00, 0x00, 0x00, 0x00, 0x00, 0x00, 0x00, 0x00, 0x00, 0x00, 0x00, 0x00, 0x00, 0x00,
0x00, 0x00, 0x00, 0x00, 0x00, 0x00, 0x00, 0x00, 0x00, 0x00, 0x00, 0x00, 0x00, 0x00, 0x00, 0x00,
0x00, 0x00, 0x00, 0x00, 0x00, 0x00, 0x00, 0x00, 0x00, 0x00, 0x00, 0x00, 0x00, 0x00, 0x00, 0x00,
0x00, 0x00, 0x00, 0x00, 0x00, 0x00, 0x00, 0x00, 0x00, 0x00, 0x00, 0x00, 0x00, 0x00, 0x00, 0x00,
0x00, 0x00, 0x00, 0x00, 0x00, 0x00, 0x00, 0x00, 0x00, 0x00, 0x00, 0x00, 0x00, 0x00, 0x00, 0x00,
0x00, 0x00, 0x00, 0x00, 0x00, 0x00, 0x00, 0x00, 0x00, 0x00, 0x00, 0x00, 0x00, 0x00, 0x00, 0x00,
0x00, 0x00, 0x00, 0x00, 0x00, 0x00, 0x00, 0x00, 0x00, 0x00, 0x00, 0x00, 0x00, 0x00, 0x00, 0x00,
0x00, 0x00, 0x00, 0x00, 0x00, 0x00, 0x00, 0x00, 0x00, 0x00, 0x00, 0x00, 0x00, 0x00, 0x00, 0x00,
0x00, 0x00, 0x00, 0x00, 0x00, 0x00, 0x00, 0x00, 0x00, 0x00, 0x00, 0x00, 0x00, 0x00, 0x00, 0x00,
0x00, 0x00, 0x00, 0x00, 0x00, 0x00, 0x00, 0x00, 0x00, 0x00, 0x00, 0x00, 0x00, 0x00, 0x00, 0x00,
0x00, 0x00, 0x00, 0x00, 0x00, 0x00, 0x00, 0x00, 0x00, 0x00, 0x00, 0x00, 0x00, 0x00, 0x00, 0x00,
0x00, 0x00, 0x00, 0x00, 0x00, 0x00, 0x00, 0x00, 0x00, 0x00, 0x00, 0x00, 0x00, 0x00, 0x00, 0x00,
0x00, 0x00, 0x00, 0x00, 0x00, 0x00, 0x00, 0x00, 0x00, 0x00, 0x00, 0x00, 0x00, 0x00, 0x00, 0x00,
0x00, 0x00, 0x00, 0x00, 0x00, 0x00, 0x00, 0x00, 0x00, 0x00, 0x00, 0x00, 0x00, 0x00, 0x00, 0x00,
0x00, 0x00, 0x00, 0x00, 0x00, 0x00, 0x00, 0x00, 0x00, 0x00, 0x00, 0x00, 0x00, 0x00, 0x00, 0x00,
0x00, 0x00, 0x00, 0x00, 0x00, 0x00, 0x00, 0x00, 0x00, 0x00, 0x00, 0x00, 0x00, 0x00, 0x00, 0x00,
0x00, 0x00, 0x00, 0x00, 0x00, 0x00, 0x00, 0x00, 0x00, 0x00, 0x00, 0x00, 0x00, 0x00, 0x00, 0x00,
0x00, 0x00, 0x00, 0x00, 0x00, 0x00, 0x00, 0x00, 0x00, 0x00, 0x00, 0x00, 0x00, 0x00, 0x00, 0x00,
0x00, 0x00, 0x00, 0x00, 0x00, 0x00, 0x00, 0x00, 0x00, 0x00, 0x00, 0x00, 0x00, 0x00, 0x00, 0x00,
0x00, 0x00, 0x00, 0x00, 0x00, 0x00, 0x00, 0x00, 0x00, 0x00, 0x00, 0x00, 0x00, 0x00, 0x00, 0x00,
0x00, 0x00, 0x00, 0x00, 0x00, 0x00, 0x00, 0x00, 0x00, 0x00, 0x00, 0x00, 0x00, 0x00, 0x00, 0x00,
0x00, 0x00, 0x00, 0x00, 0x00, 0x00, 0x00, 0x00, 0x00, 0x00, 0x00, 0x00, 0x00, 0x00, 0x00, 0x00,
0x00, 0x00, 0x00, 0x00, 0x00, 0x00, 0x00, 0x00, 0x00, 0x00, 0x00, 0x00, 0x00, 0x00, 0x00, 0x00,
0x00, 0x00, 0x00, 0x00, 0x00, 0x00, 0x00, 0x00, 0x00, 0x00, 0x00, 0x00, 0x00, 0x00, 0x00, 0x00,
0x00, 0x00, 0x00, 0x00, 0x00, 0x00, 0x00, 0x00, 0x00, 0x00, 0x00, 0x00, 0x00, 0x00, 0x00, 0x00,
0x00, 0x00, 0x00, 0x00, 0x00, 0x00, 0x00, 0x00, 0x00, 0x00, 0x00, 0x00, 0x00, 0x00, 0x00, 0x00,
0x00, 0x00, 0x00, 0x00, 0x00, 0x00, 0x00, 0x00, 0x00, 0x00, 0x00, 0x00, 0x00, 0x00, 0x00, 0x00,
0x00, 0x00, 0x00, 0x2C, 0x00, 0x00, 0x00, 0x2B, 0x00, 0x00, 0x00, 0x00, 0x00, 0x00, 0x00, 0x00,
0x00, 0x00, 0x00, 0x26, 0x00, 0x00, 0x00, 0x22, 0x00, 0x00, 0x00, 0x00, 0x00, 0x00, 0x00, 0x00,
0x00, 0x00, 0x00, 0x00, 0x00, 0x00, 0x00, 0x00, 0x00, 0x00, 0x00, 0x00, 0x00, 0x00, 0x00, 0x00,
0x00, 0x00, 0x00, 0x00, 0x00, 0x00, 0x00, 0x00, 0x00, 0x00, 0x00, 0x00, 0x00, 0x00, 0x00, 0x00,
0x00, 0x00, 0x00, 0x1C, 0x00, 0x00, 0x00, 0x17, 0x00, 0x00, 0x00, 0x00, 0x00, 0x00, 0x00, 0x00,
0x00, 0x00, 0x00, 0x10, 0x00, 0x00, 0x00, 0x03, 0x00, 0x00, 0x00, 0x00, 0x00, 0x00, 0x00, 0x00,
0x00, 0x00, 0x00, 0x00, 0x00, 0x00, 0x00, 0x00, 0x00, 0x00, 0x00, 0x00, 0x00, 0x00, 0x00, 0x00,
0x00, 0x00, 0x00, 0x00, 0x00, 0x00, 0x00, 0x00, 0x00, 0x00, 0x00, 0x00, 0x00, 0x00, 0x00, 0x00,
0x00, 0x00, 0x00, 0x00, 0x00, 0x00, 0x00, 0x00, 0x00, 0x00, 0x00, 0x00, 0x00, 0x00, 0x00, 0x00,
0x00, 0x00, 0x00, 0x00, 0x00, 0x00, 0x00, 0x00, 0x00, 0x00, 0x00, 0x00, 0x00, 0x00, 0x00, 0x00,
0x00, 0x00, 0x00, 0x00, 0x00, 0x00, 0x00, 0x00, 0x00, 0x00, 0x00, 0x00, 0x00, 0x00, 0x00, 0x00,
0x00, 0x00, 0x00, 0x00, 0x00, 0x00, 0x00, 0x00, 0x00, 0x00, 0x00, 0x00, 0x00, 0x00, 0x00, 0x00,
0x00, 0x00, 0x00, 0x00, 0x00, 0x00, 0x00, 0x00, 0x00, 0x00, 0x00, 0x00, 0x00, 0x00, 0x00, 0x00,
0x00, 0x00, 0x00, 0x00, 0x00, 0x00, 0x00, 0x00, 0x00, 0x00, 0x00, 0x00, 0x00, 0x00, 0x00, 0x00,
0x00, 0x00, 0x00, 0x00, 0x00, 0x00, 0x00, 0x00, 0x00, 0x00, 0x00, 0x00, 0x00, 0x00, 0x00, 0x00,
0x00, 0x00, 0x00, 0x00, 0x00, 0x00, 0x00, 0x00, 0x00, 0x00, 0x00, 0x00, 0x00, 0x00, 0x00, 0x00,
0x00, 0x00, 0x00, 0x00, 0x00, 0x00, 0x00, 0x00, 0x00, 0x00, 0x00, 0x00, 0x00, 0x00, 0x00, 0x00,
0x00, 0x00, 0x00, 0x00, 0x00, 0x00, 0x00, 0x00, 0x00, 0x00, 0x00, 0x00, 0x00, 0x00, 0x00, 0x00,
0x00, 0x00, 0x00, 0x00, 0x00, 0x00, 0x00, 0x00, 0x00, 0x00, 0x00, 0x00, 0x00, 0x00, 0x00, 0x00,
0x00, 0x00, 0x00, 0x00, 0x00, 0x00, 0x00, 0x00, 0x00, 0x00, 0x00, 0x00, 0x00, 0x00, 0x00, 0x00,
0x00, 0x00, 0x00, 0x00, 0x00, 0x00, 0x00, 0x00, 0x00, 0x00, 0x00, 0x00, 0x00, 0x00, 0x00, 0x00,
0x00, 0x00, 0x00, 0x00, 0x00, 0x00, 0x00, 0x00, 0x00, 0x00, 0x00, 0x00, 0x00, 0x00, 0x00, 0x00,
0x00, 0x00, 0x00, 0x00, 0x00, 0x00, 0x00, 0x00, 0x00, 0x00, 0x00, 0x00, 0x00, 0x00, 0x00, 0x00,
0x00, 0x00, 0x00, 0x00, 0x00, 0x00, 0x00, 0x00, 0x00, 0x00, 0x00, 0x00, 0x00, 0x00, 0x00, 0x00,
0x00, 0x00, 0x00, 0x00, 0x00, 0x00, 0x00, 0x00, 0x00, 0x00, 0x00, 0x00, 0x00, 0x00, 0x00, 0x00,
0x00, 0x00, 0x00, 0x00, 0x00, 0x00, 0x00, 0x00, 0x00, 0x00, 0x00, 0x00, 0x00, 0x00, 0x00, 0x00,
0x00, 0x00, 0x00, 0x00, 0x00, 0x00, 0x00, 0x00, 0x00, 0x00, 0x00, 0x00, 0x00, 0x00, 0x00, 0x00,
0x00, 0x00, 0x00, 0x00, 0x00, 0x00, 0x00, 0x00, 0x00, 0x00, 0x00, 0x00, 0x00, 0x00, 0x00, 0x00,
0x00, 0x00, 0x00, 0x00, 0x00, 0x00, 0x00, 0x00, 0x00, 0x00, 0x00, 0x00, 0x00, 0x00, 0x00, 0x00,
0x00, 0x00, 0x00, 0x00, 0x00, 0x00, 0x00, 0x00, 0x00, 0x00, 0x00, 0x00, 0x00, 0x00, 0x00, 0x00,
0x00, 0x00, 0x00, 0x00, 0x00, 0x00, 0x00, 0x00, 0x00, 0x00, 0x00, 0x00, 0x00, 0x00, 0x00, 0x00,
0x00, 0x00, 0x00, 0x00, 0x00, 0x00, 0x00, 0x00, 0x00, 0x00, 0x00, 0x00, 0x00, 0x00, 0x00, 0x00,
0x00, 0x00, 0x00, 0x00, 0x00, 0x00, 0x00, 0x00, 0x00, 0x00, 0x00, 0x00, 0x00, 0x00, 0x00, 0x00,
0x00, 0x00, 0x00, 0x00, 0x00, 0x00, 0x00, 0x00, 0x00, 0x00, 0x00, 0x00, 0x00, 0x00, 0x00, 0x00,
0x00, 0x00, 0x00, 0x00, 0x00, 0x00, 0x00, 0x00, 0x00, 0x00, 0x00, 0x00, 0x00, 0x00, 0x00, 0x00,
0x00, 0x00, 0x00, 0x00, 0x00, 0x00, 0x00, 0x00, 0x00, 0x00, 0x00, 0x00, 0x00, 0x00, 0x00, 0x00,
0x00, 0x00, 0x00, 0x00, 0x00, 0x00, 0x00, 0x00, 0x00, 0x00, 0x00, 0x00, 0x00, 0x00, 0x00, 0x00,
0x00, 0x00, 0x00, 0x00, 0x00, 0x00, 0x00, 0x00, 0x00, 0x00, 0x00, 0x00, 0x00, 0x00, 0x00, 0x00,
0x00, 0x00, 0x00, 0x00, 0x00, 0x00, 0x00, 0x00, 0x00, 0x00, 0x00, 0x00, 0x00, 0x00, 0x00, 0x00,
0x00, 0x00, 0x00, 0x00, 0x00, 0x00, 0x00, 0x00, 0x00, 0x00, 0x00, 0x00, 0x00, 0x00, 0x00, 0x00,
0x00, 0x00, 0x00, 0x00, 0x00, 0x00, 0x00, 0x00, 0x00, 0x00, 0x00, 0x00, 0x00, 0x00, 0x00, 0x00,
0x00, 0x00, 0x00, 0x00, 0x00, 0x00, 0x00, 0x00, 0x00, 0x00, 0x00, 0x00, 0x00, 0x00, 0x00, 0x00,
0x00, 0x00, 0x00, 0x00, 0x00, 0x00, 0x00, 0x00, 0x00, 0x00, 0x00, 0x00, 0x00, 0x00, 0x00, 0x00,
0x00, 0x00, 0x00, 0x00, 0x00, 0x00, 0x00, 0x00, 0x00, 0x00, 0x00, 0x00, 0x00, 0x00, 0x00, 0x00,
0x00, 0x00, 0x00, 0x00, 0x00, 0x00, 0x00, 0x00, 0x00, 0x00, 0x00, 0x00, 0x00, 0x00, 0x00, 0x00,
0x00, 0x00, 0x00, 0x00, 0x00, 0x00, 0x00, 0x00, 0x00, 0x00, 0x00, 0x00, 0x00, 0x00, 0x00, 0x00,
0x00, 0x00, 0x00, 0x00, 0x00, 0x00, 0x00, 0x00, 0x00, 0x00, 0x00, 0x00, 0x00, 0x00, 0x00, 0x00,
0x00, 0x00, 0x00, 0x00, 0x00, 0x00, 0x00, 0x00, 0x00, 0x00, 0x00, 0x00, 0x00, 0x00, 0x00, 0x00,
0x00, 0x00, 0x00, 0x00, 0x00, 0x00, 0x00, 0x00, 0x00, 0x00, 0x00, 0x00, 0x00, 0x00, 0x00, 0x00,
0x00, 0x00, 0x00, 0x00, 0x00, 0x00, 0x00, 0x00, 0x00, 0x00, 0x00, 0x00, 0x00, 0x00, 0x00, 0x00,
0x00, 0x00, 0x00, 0x00, 0x00, 0x00, 0x00, 0x00, 0x00, 0x00, 0x00, 0x00, 0x00, 0x00, 0x00, 0x00,
0x00, 0x00, 0x00, 0x00, 0x00, 0x00, 0x00, 0x00, 0x00, 0x00, 0x00, 0x00, 0x00, 0x00, 0x00, 0x00,
0x00, 0x00, 0x00, 0x00, 0x00, 0x00, 0x00, 0x00, 0x00, 0x00, 0x00, 0x00, 0x00, 0x00, 0x00, 0x00,
0x00, 0x00, 0x00, 0x00, 0x00, 0x00, 0x00, 0x00, 0x00, 0x00, 0x00, 0x00, 0x00, 0x00, 0x00, 0x00,
0x00, 0x00, 0x00, 0x00, 0x00, 0x00, 0x00, 0x00, 0x00, 0x00, 0x00, 0x00, 0x00, 0x00, 0x00, 0x00,
0x00, 0x00, 0x00, 0x00, 0x00, 0x00, 0x00, 0x00, 0x00, 0x00, 0x00, 0x00, 0x00, 0x00, 0x00, 0x00,
0x00, 0x00, 0x00, 0x00, 0x00, 0x00, 0x00, 0x00, 0x00, 0x00, 0x00, 0x00, 0x00, 0x00, 0x00, 0x00,
0x00, 0x00, 0x00, 0x00, 0x00, 0x00, 0x00, 0x00, 0x00, 0x00, 0x00, 0x00, 0x00, 0x00, 0x00, 0x00,
0x00, 0x00, 0x00, 0x00, 0x00, 0x00, 0x00, 0x00, 0x00, 0x00, 0x00, 0x00, 0x00, 0x00, 0x00, 0x00,
0x00, 0x00, 0x00, 0x00, 0x00, 0x00, 0x00, 0x00, 0x00, 0x00, 0x00, 0x00, 0x00, 0x00, 0x00, 0x00,
0x00, 0x00, 0x00, 0x00, 0x00, 0x00, 0x00, 0x00, 0x00, 0x00, 0x00, 0x00, 0x00, 0x00, 0x00, 0x00,
0x00, 0x00, 0x00, 0x00, 0x00, 0x00, 0x00, 0x00, 0x00, 0x00, 0x00, 0x00, 0x00, 0x00, 0x00, 0x00,
0x00, 0x00, 0x00, 0x00, 0x00, 0x00, 0x00, 0x00, 0x00, 0x00, 0x00, 0x00, 0x00, 0x00, 0x00, 0x00,
0x00, 0x00, 0x00, 0x00, 0x00, 0x00, 0x00, 0x00, 0x00, 0x00, 0x00, 0x00, 0x00, 0x00, 0x00, 0x00,
0x00, 0x00, 0x00, 0x00, 0x00, 0x00, 0x00, 0x00, 0x00, 0x00, 0x00, 0x00, 0x00, 0x00, 0x00, 0x00,
0x00, 0x00, 0x00, 0x00, 0x00, 0x00, 0x00, 0x00, 0x00, 0x00, 0x00, 0x00, 0x00, 0x00, 0x00, 0x00,
0x00, 0x00, 0x00, 0x00, 0x00, 0x00, 0x00, 0x00, 0x00, 0x00, 0x00, 0x00, 0x00, 0x00, 0x00, 0x00,
0x00, 0x00, 0x00, 0x00, 0x00, 0x00, 0x00, 0x00, 0x00, 0x00, 0x00, 0x00, 0x00, 0x00, 0x00, 0x00,
0x00, 0x00, 0x00, 0x00, 0x00, 0x00, 0x00, 0x00, 0x00, 0x00, 0x00, 0x00, 0x00, 0x00, 0x00, 0x00,
0x00, 0x00, 0x00, 0x00, 0x00, 0x00, 0x00, 0x00, 0x00, 0x00, 0x00, 0x00, 0x00, 0x00, 0x00, 0x00,
0x00, 0x00, 0x00, 0x00, 0x00, 0x00, 0x00, 0x00, 0x00, 0x00, 0x00, 0x00, 0x00, 0x00, 0x00, 0x00,
0x00, 0x00, 0x00, 0x00, 0x00, 0x00, 0x00, 0x00, 0x00, 0x00, 0x00, 0x00, 0x00, 0x00, 0x00, 0x00,
0x00, 0x00, 0x00, 0x00, 0x00, 0x00, 0x00, 0x00, 0x00, 0x00, 0x00, 0x00, 0x00, 0x00, 0x00, 0x00,
0x00, 0x00, 0x00, 0x00, 0x00, 0x00, 0x00, 0x00, 0x00, 0x00, 0x00, 0x00, 0x00, 0x00, 0x00, 0x00,
0x00, 0x00, 0x00, 0x00, 0x00, 0x00, 0x00, 0x00, 0x00, 0x00, 0x00, 0x00, 0x00, 0x00, 0x00, 0x00,
0x00, 0x00, 0x00, 0x00, 0x00, 0x00, 0x00, 0x00, 0x00, 0x00, 0x00, 0x00, 0x00, 0x00, 0x00, 0x00,
0x00, 0x00, 0x00, 0x00, 0x00, 0x00, 0x00, 0x00, 0x00, 0x00, 0x00, 0x00, 0x00, 0x00, 0x00, 0x00,
0x00, 0x00, 0x00, 0x00, 0x00, 0x00, 0x00, 0x00, 0x00, 0x00, 0x00, 0x00, 0x00, 0x00, 0x00, 0x00,
0x00, 0x00, 0x00, 0x00, 0x00, 0x00, 0x00, 0x00, 0x00, 0x00, 0x00, 0x00, 0x00, 0x00, 0x00, 0x00,
0x00, 0x00, 0x00, 0x00, 0x00, 0x00, 0x00, 0x00, 0x00, 0x00, 0x00, 0x00, 0x00, 0x00, 0x00, 0x00,
0x00, 0x00, 0x00, 0x00, 0x00, 0x00, 0x00, 0x00, 0x00, 0x00, 0x00, 0x00, 0x00, 0x00, 0x00, 0x00,
0x00, 0x00, 0x00, 0x00, 0x00, 0x00, 0x00, 0x00, 0x00, 0x00, 0x00, 0x00, 0x00, 0x00, 0x00, 0x00,
0x00, 0x00, 0x00, 0x00, 0x00, 0x00, 0x00, 0x00, 0x00, 0x00, 0x00, 0x00, 0x00, 0x00, 0x00, 0x00,
0x00, 0x00, 0x00, 0x00, 0x00, 0x00, 0x00, 0x00, 0x00, 0x00, 0x00, 0x00, 0x00, 0x00, 0x00, 0x00,
0x00, 0x00, 0x00, 0x00, 0x00, 0x00, 0x00, 0x00, 0x00, 0x00, 0x00, 0x00, 0x00, 0x00, 0x00, 0x00,
0x00, 0x00, 0x00, 0x00, 0x00, 0x00, 0x00, 0x00, 0x00, 0x00, 0x00, 0x00, 0x00, 0x00, 0x00, 0x00,
0x00, 0x00, 0x00, 0x00, 0x00, 0x00, 0x00, 0x00, 0x00, 0x00, 0x00, 0x00, 0x00, 0x00, 0x00, 0x00,
0x00, 0x00, 0x00, 0x00, 0x00, 0x00, 0x00, 0x00, 0x00, 0x00, 0x00, 0x00, 0x00, 0x00, 0x00, 0x00,
0x00, 0x00, 0x00, 0x00, 0x00, 0x00, 0x00, 0x00, 0x00, 0x00, 0x00, 0x00, 0x00, 0x00, 0x00, 0x00,
0x00, 0x00, 0x00, 0x00, 0x00, 0x00, 0x00, 0x00, 0x00, 0x00, 0x00, 0x00, 0x00, 0x00, 0x00, 0x00,
0x00, 0x00, 0x00, 0x00, 0x00, 0x00, 0x00, 0x00, 0x00, 0x00, 0x00, 0x00, 0x00, 0x00, 0x00, 0x00,
0x00, 0x00, 0x00, 0x00, 0x00, 0x00, 0x00, 0x00, 0x00, 0x00, 0x00, 0x00, 0x00, 0x00, 0x00, 0x00,
0x00, 0x00, 0x00, 0x00, 0x00, 0x00, 0x00, 0x00, 0x00, 0x00, 0x00, 0x00, 0x00, 0x00, 0x00, 0x00,
0x00, 0x00, 0x00, 0x00, 0x00, 0x00, 0x00, 0x00, 0x00, 0x00, 0x00, 0x00, 0x00, 0x00, 0x00, 0x00,
0x00, 0x00, 0x00, 0x00, 0x00, 0x00, 0x00, 0x00, 0x00, 0x00, 0x00, 0x00, 0x00, 0x00, 0x00, 0x00,
0x00, 0x00, 0x00, 0x00, 0x00, 0x00, 0x00, 0x00, 0x00, 0x00, 0x00, 0x00, 0x00, 0x00, 0x00, 0x00,
0x00, 0x00, 0x00, 0x00, 0x00, 0x00, 0x00, 0x00, 0x00, 0x00, 0x00, 0x00, 0x00, 0x00, 0x00, 0x00,
0x00, 0x00, 0x00, 0x00, 0x00, 0x00, 0x00, 0x00, 0x00, 0x00, 0x00, 0x00, 0x00, 0x00, 0x00, 0x00,
0x00, 0x00, 0x00, 0x00, 0x00, 0x00, 0x00, 0x00, 0x00, 0x00, 0x00, 0x00, 0x00, 0x00, 0x00, 0x00,
0x00, 0x00, 0x00, 0x00, 0x00, 0x00, 0x00, 0x00, 0x00, 0x00, 0x00, 0x00, 0x00, 0x00, 0x00, 0x00,
0x00, 0x00, 0x00, 0x00, 0x00, 0x00, 0x00, 0x00, 0x00, 0x00, 0x00, 0x00, 0x00, 0x00, 0x00, 0x00,
0x00, 0x00, 0x00, 0x00, 0x00, 0x00, 0x00, 0x00, 0x00, 0x00, 0x00, 0x00, 0x00, 0x00, 0x00, 0x00,
0x00, 0x00, 0x00, 0x00, 0x00, 0x00, 0x00, 0x00, 0x00, 0x00, 0x00, 0x00, 0x00, 0x00, 0x00, 0x00,
0x00, 0x00, 0x00, 0x00, 0x00, 0x00, 0x00, 0x00, 0x00, 0x00, 0x00, 0x00, 0x00, 0x00, 0x00, 0x00,
0x00, 0x00, 0x00, 0x00, 0x00, 0x00, 0x00, 0x00, 0x00, 0x00, 0x00, 0x00, 0x00, 0x00, 0x00, 0x00,
0x00, 0x00, 0x00, 0x00, 0x00, 0x00, 0x00, 0x00, 0x00, 0x00, 0x00, 0x00, 0x00, 0x00, 0x00, 0x00,
0x00, 0x00, 0x00, 0x00, 0x00, 0x00, 0x00, 0x00, 0x00, 0x00, 0x00, 0x00, 0x00, 0x00, 0x00, 0x00,
0x00, 0x00, 0x00, 0x00, 0x00, 0x00, 0x00, 0x00, 0x00, 0x00, 0x00, 0x00, 0x00, 0x00, 0x00, 0x00,
0x00, 0x00, 0x00, 0x00, 0x00, 0x00, 0x00, 0x00, 0x00, 0x00, 0x00, 0x00, 0x00, 0x00, 0x00, 0x00,
0x00, 0x00, 0x00, 0x00, 0x00, 0x00, 0x00, 0x00, 0x00, 0x00, 0x00, 0x00, 0x00, 0x00, 0x00, 0x00,
0x00, 0x00, 0x00, 0x00, 0x00, 0x00, 0x00, 0x00, 0x00, 0x00, 0x00, 0x00, 0x00, 0x00, 0x00, 0x00,
0x00, 0x00, 0x00, 0x00, 0x00, 0x00, 0x00, 0x00, 0x00, 0x00, 0x00, 0x00, 0x00, 0x00, 0x00, 0x00,
0x00, 0x00, 0x00, 0x00, 0x00, 0x00, 0x00, 0x00, 0x00, 0x00, 0x00, 0x00, 0x00, 0x00, 0x00, 0x00,
0x00, 0x00, 0x00, 0x00, 0x00, 0x00, 0x00, 0x00, 0x00, 0x00, 0x00, 0x00, 0x00, 0x00, 0x00, 0x00,
0x00, 0x00, 0x00, 0x00, 0x00, 0x00, 0x00, 0x00, 0x00, 0x00, 0x00, 0x00, 0x00, 0x00, 0x00, 0x00,
0x00, 0x00, 0x00, 0x00, 0x00, 0x00, 0x00, 0x00, 0x00, 0x00, 0x00, 0x00, 0x00, 0x00, 0x00, 0x00,
0x00, 0x00, 0x00, 0x00, 0x00, 0x00, 0x00, 0x00, 0x00, 0x00, 0x00, 0x00, 0x00, 0x00, 0x00, 0x00,
0x00, 0x00, 0x00, 0x00, 0x00, 0x00, 0x00, 0x00, 0x00, 0x00, 0x00, 0x00, 0x00, 0x00, 0x00, 0x00,
0x00, 0x00, 0x00, 0x00, 0x00, 0x00, 0x00, 0x00, 0x00, 0x00, 0x00, 0x00, 0x00, 0x00, 0x00, 0x00,
0x00, 0x00, 0x00, 0x00, 0x00, 0x00, 0x00, 0x00, 0x00, 0x00, 0x00, 0x00, 0x00, 0x00, 0x00, 0x00,
0x00, 0x00, 0x00, 0x00, 0x00, 0x00, 0x00, 0x00, 0x00, 0x00, 0x00, 0x00, 0x00, 0x00, 0x00, 0x00,
0x00, 0x00, 0x00, 0x00, 0x00, 0x00, 0x00, 0x00, 0x00, 0x00, 0x00, 0x00, 0x00, 0x00, 0x00, 0x00,
0x00, 0x00, 0x00, 0x00, 0x00, 0x00, 0x00, 0x00, 0x00, 0x00, 0x00, 0x00, 0x00, 0x00, 0x00, 0x00,
0x00, 0x00, 0x00, 0x00, 0x00, 0x00, 0x00, 0x00, 0x00, 0x00, 0x00, 0x00, 0x00, 0x00, 0x00, 0x00,
0x00, 0x00, 0x00, 0x00, 0x00, 0x00, 0x00, 0x00, 0x00, 0x00, 0x00, 0x00, 0x00, 0x00, 0x00, 0x00,
0x00, 0x00, 0x00, 0x00, 0x00, 0x00, 0x00, 0x00, 0x00, 0x00, 0x00, 0x00, 0x00, 0x00, 0x00, 0x00,
0x00, 0x00, 0x00, 0x00, 0x00, 0x00, 0x00, 0x00, 0x00, 0x00, 0x00, 0x00, 0x00, 0x00, 0x00, 0x00,
0x00, 0x00, 0x00, 0x00, 0x00, 0x00, 0x00, 0x00, 0x00, 0x00, 0x00, 0x00, 0x00, 0x00, 0x00, 0x00,
0x00, 0x00, 0x00, 0x00, 0x00, 0x00, 0x00, 0x00, 0x00, 0x00, 0x00, 0x00, 0x00, 0x00, 0x00, 0x00,
0x00, 0x00, 0x00, 0x00, 0x00, 0x00, 0x00, 0x00, 0x00, 0x00, 0x00, 0x00, 0x00, 0x00, 0x00, 0x00,
0x00, 0x00, 0x00, 0x00, 0x00, 0x00, 0x00, 0x00, 0x00, 0x00, 0x00, 0x00, 0x00, 0x00, 0x00, 0x00,
0x00, 0x00, 0x00, 0x00, 0x00, 0x00, 0x00, 0x00, 0x00, 0x00, 0x00, 0x00, 0x00, 0x00, 0x00, 0x00,
0x00, 0x00, 0x00, 0x00, 0x00, 0x00, 0x00, 0x00, 0x00, 0x00, 0x00, 0x00, 0x00, 0x00, 0x00, 0x00,
0x00, 0x00, 0x00, 0x00, 0x00, 0x00, 0x00, 0x00, 0x00, 0x00, 0x00, 0x00, 0x00, 0x00, 0x00, 0x00,
0x00, 0x00, 0x00, 0x00, 0x00, 0x00, 0x00, 0x00, 0x00, 0x00, 0x00, 0x00, 0x00, 0x00, 0x00, 0x00,
0x00, 0x00, 0x00, 0x00, 0x00, 0x00, 0x00, 0x00, 0x00, 0x00, 0x00, 0x00, 0x00, 0x00, 0x00, 0x00,
0x00, 0x00, 0x00, 0x00, 0x00, 0x00, 0x00, 0x00, 0x00, 0x00, 0x00, 0x00, 0x00, 0x00, 0x00, 0x00,
0x00, 0x00, 0x00, 0x00, 0x00, 0x00, 0x00, 0x00, 0x00, 0x00, 0x00, 0x00, 0x00, 0x00, 0x00, 0x00,
0x00, 0x00, 0x00, 0x00, 0x00, 0x00, 0x00, 0x00, 0x00, 0x00, 0x00, 0x00, 0x00, 0x00, 0x00, 0x00,
0x00, 0x00, 0x00, 0x00, 0x00, 0x00, 0x00, 0x00, 0x00, 0x00, 0x00, 0x00, 0x00, 0x00, 0x00, 0x00,
0x00, 0x00, 0x00, 0x00, 0x00, 0x00, 0x00, 0x00, 0x00, 0x00, 0x00, 0x00, 0x00, 0x00, 0x00, 0x00,
0x00, 0x00, 0x00, 0x00, 0x00, 0x00, 0x00, 0x00, 0x00, 0x00, 0x00, 0x00, 0x00, 0x00, 0x00, 0x00,
0x00, 0x00, 0x00, 0x00, 0x00, 0x00, 0x00, 0x00, 0x00, 0x00, 0x00, 0x00, 0x00, 0x00, 0x00, 0x00,
0x00, 0x00, 0x00, 0x00, 0x00, 0x00, 0x00, 0x00, 0x00, 0x00, 0x00, 0x00, 0x00, 0x00, 0x00, 0x00,
0x00, 0x00, 0x00, 0x00, 0x00, 0x00, 0x00, 0x00, 0x00, 0x00, 0x00, 0x00, 0x00, 0x00, 0x00, 0x00,
0x00, 0x00, 0x00, 0x00, 0x00, 0x00, 0x00, 0x00, 0x00, 0x00, 0x00, 0x00, 0x00, 0x00, 0x00, 0x00,
0x00, 0x00, 0x00, 0x00, 0x00, 0x00, 0x00, 0x00, 0x00, 0x00, 0x00, 0x00, 0x00, 0x00, 0x00, 0x00,
0x00, 0x00, 0x00, 0x00, 0x00, 0x00, 0x00, 0x00, 0x00, 0x00, 0x00, 0x00, 0x00, 0x00, 0x00, 0x00,
0x00, 0x00, 0x00, 0x00, 0x00, 0x00, 0x00, 0x00, 0x00, 0x00, 0x00, 0x00, 0x00, 0x00, 0x00, 0x00,
0x00, 0x00, 0x00, 0x00, 0x00, 0x00, 0x00, 0x00, 0x00, 0x00, 0x00, 0x00, 0x00, 0x00, 0x00, 0x00,
0x00, 0x00, 0x00, 0x00, 0x00, 0x00, 0x00, 0x00, 0x00, 0x00, 0x00, 0x00, 0x00, 0x00, 0x00, 0x00,
0x00, 0x00, 0x00, 0x00, 0x00, 0x00, 0x00, 0x00, 0x00, 0x00, 0x00, 0x00, 0x00, 0x00, 0x00, 0x00,
0x00, 0x00, 0x00, 0x00, 0x00, 0x00, 0x00, 0x00, 0x00, 0x00, 0x00, 0x00, 0x00, 0x00, 0x00, 0x00,
0x00, 0x00, 0x00, 0x00, 0x00, 0x00, 0x00, 0x00, 0x00, 0x00, 0x00, 0x00, 0x00, 0x00, 0x00, 0x00,
0x00, 0x00, 0x00, 0x00, 0x00, 0x00, 0x00, 0x00, 0x00, 0x00, 0x00, 0x00, 0x00, 0x00, 0x00, 0x00,
0x00, 0x00, 0x00, 0x00, 0x00, 0x00, 0x00, 0x00, 0x00, 0x00, 0x00, 0x00, 0x00, 0x00, 0x00, 0x00,
0x00, 0x00, 0x00, 0x00, 0x00, 0x00, 0x00, 0x00, 0x00, 0x00, 0x00, 0x00, 0x00, 0x00, 0x00, 0x00,
0x00, 0x00, 0x00, 0x00, 0x00, 0x00, 0x00, 0x00, 0x00, 0x00, 0x00, 0x00, 0x00, 0x00, 0x00, 0x00,
0x00, 0x00, 0x00, 0x00, 0x00, 0x00, 0x00, 0x00, 0x00, 0x00, 0x00, 0x00, 0x00, 0x00, 0x00, 0x00,
0x00, 0x00, 0x00, 0x00, 0x00, 0x00, 0x00, 0x05, 0x00, 0x00, 0x00, 0x00, 0x00, 0x00, 0x00, 0x0A,
0x00, 0x00, 0x00, 0x00, 0x00, 0x00, 0x00, 0x00, 0x00, 0x00, 0x00, 0x00, 0x00, 0x00, 0x00, 0x00,
0x00, 0x00, 0x00, 0x00, 0x00, 0x00, 0x00, 0x00, 0x00, 0x00, 0x00, 0x00, 0x00, 0x00, 0x00, 0x00,
0x00, 0x00, 0x00, 0x00, 0x00, 0x00, 0x00, 0x00, 0x00, 0x00, 0x00, 0x00, 0x00, 0x00, 0x00, 0x00,
0x00, 0x00, 0x00, 0x00, 0x00, 0x00, 0x00, 0x00, 0x00, 0x00, 0x00, 0x00, 0x00, 0x00, 0x00, 0x00,
0x00, 0x00, 0x00, 0x00, 0x00, 0x00, 0x00, 0x00, 0x00, 0x00, 0x00, 0x00, 0x00, 0x00, 0x00, 0x00,
0x00, 0x00, 0x00, 0x00, 0x00, 0x00, 0x00, 0x00, 0x00, 0x00, 0x00, 0x00, 0x00, 0x00, 0x00, 0x00,
0x00, 0x00, 0x00, 0x00, 0x00, 0x00, 0x00, 0x00, 0x00, 0x00, 0x00, 0x00, 0x00, 0x00, 0x00, 0x00,
0x00, 0x00, 0x00, 0x00, 0x00, 0x00, 0x00, 0x00, 0x00, 0x00, 0x00, 0x00, 0x00, 0x00, 0x00, 0x00,
0x00, 0x00, 0x00, 0x00, 0x00, 0x00, 0x00, 0x00, 0x00, 0x00, 0x00, 0x00, 0x00, 0x00, 0x00, 0x00,
0x00, 0x00, 0x00, 0x00, 0x00, 0x00, 0x00, 0x00, 0x00, 0x00, 0x00, 0x00, 0x00, 0x00, 0x00, 0x00,
0x00, 0x00, 0x00, 0x00, 0x00, 0x00, 0x00, 0x00, 0x00, 0x00, 0x00, 0x00, 0x00, 0x00, 0x00, 0x00,
0x00, 0x00, 0x00, 0x00, 0x00, 0x00, 0x00, 0x00, 0x00, 0x00, 0x00, 0x00, 0x00, 0x00, 0x00, 0x00,
0x00, 0x00, 0x00, 0x00, 0x00, 0x00, 0x00, 0x00, 0x00, 0x00, 0x00, 0x00, 0x00, 0x00, 0x00, 0x00,
0x00, 0x00, 0x00, 0x00, 0x00, 0x00, 0x00, 0x00, 0x00, 0x00, 0x00, 0x00, 0x00, 0x00, 0x00, 0x00,
0x00, 0x00, 0x00, 0x00, 0x00, 0x00, 0x00, 0x00, 0x00, 0x00, 0x00, 0x00, 0x00, 0x00, 0x00, 0x00,
0x00, 0x00, 0x00, 0x00, 0x00, 0x00, 0x00, 0x00, 0x00, 0x00, 0x00, 0x00, 0x00, 0x00, 0x00, 0x00,
0x00, 0x00, 0x00, 0x00, 0x00, 0x00, 0x00, 0x00, 0x00, 0x00, 0x00, 0x00, 0x00, 0x00, 0x00, 0x00,
0x00, 0x00, 0x00, 0x00, 0x00, 0x00, 0x00, 0x00, 0x00, 0x00, 0x00, 0x00, 0x00, 0x00, 0x00, 0x00,
0x00, 0x00, 0x00, 0x00, 0x00, 0x00, 0x00, 0x00, 0x00, 0x00, 0x00, 0x00, 0x00, 0x00, 0x00, 0x00,
0x00, 0x00, 0x00, 0x00, 0x00, 0x00, 0x00, 0x00, 0x00, 0x00, 0x00, 0x00, 0x00, 0x00, 0x00, 0x00,
0x00, 0x00, 0x00, 0x00, 0x00, 0x00, 0x00, 0x00, 0x00, 0x00, 0x00, 0x00, 0x00, 0x00, 0x00, 0x00,
0x00, 0x00, 0x00, 0x00, 0x00, 0x00, 0x00, 0x10, 0x00, 0x00, 0x00, 0x00, 0x00, 0x00, 0x00, 0x1C,
0x00, 0x00, 0x00, 0x00, 0x00, 0x00, 0x00, 0x00, 0x00, 0x00, 0x00, 0x00, 0x00, 0x00, 0x00, 0x00,
0x00, 0x00, 0x00, 0x03, 0x00, 0x00, 0x00, 0x2E, 0x00, 0x00, 0x00, 0x09, 0x00, 0x00, 0x00, 0x41,
0x00, 0x00, 0x00, 0x00, 0x00, 0x00, 0x00, 0x00, 0x00, 0x00, 0x00, 0x00, 0x00, 0x00, 0x00, 0x00,
0x00, 0x00, 0x00, 0x00, 0x00, 0x00, 0x00, 0x00, 0x00, 0x00, 0x00, 0x00, 0x00, 0x00, 0x00, 0x00,
0x00, 0x00, 0x00, 0x00, 0x00, 0x00, 0x00, 0x00, 0x00, 0x00, 0x00, 0x00, 0x00, 0x00, 0x00, 0x00,
0x00, 0x00, 0x00, 0x00, 0x00, 0x00, 0x00, 0x00, 0x00, 0x00, 0x00, 0x00, 0x00, 0x00, 0x00, 0x00,
0x00, 0x00, 0x00, 0x00, 0x00, 0x00, 0x00, 0x00, 0x00, 0x00, 0x00, 0x00, 0x00, 0x00, 0x00, 0x00,
0x00, 0x00, 0x00, 0x0C, 0x00, 0x00, 0x00, 0x48, 0x00, 0x00, 0x00, 0x0C, 0x00, 0x00, 0x00, 0x48,
0x00, 0x00, 0x00, 0x00, 0x00, 0x00, 0x00, 0x00, 0x00, 0x00, 0x00, 0x00, 0x00, 0x00, 0x00, 0x00,
0x00, 0x00, 0x00, 0x0B, 0x00, 0x00, 0x00, 0x48, 0x00, 0x00, 0x00, 0x0C, 0x00, 0x00, 0x00, 0x42,
0x00, 0x00, 0x00, 0x00, 0x00, 0x00, 0x00, 0x00, 0x00, 0x00, 0x00, 0x00, 0x00, 0x00, 0x00, 0x00,
0x00, 0x00, 0x00, 0x00, 0x00, 0x00, 0x00, 0x00, 0x00, 0x00, 0x00, 0x00, 0x00, 0x00, 0x00, 0x00,
0x00, 0x00, 0x00, 0x00, 0x00, 0x00, 0x00, 0x00, 0x00, 0x00, 0x00, 0x00, 0x00, 0x00, 0x00, 0x0B,
0x00, 0x00, 0x00, 0x03, 0x00, 0x00, 0x00, 0x09, 0x00, 0x00, 0x00, 0x20, 0x00, 0x00, 0x00, 0x3B,
0x00, 0x00, 0x00, 0x00, 0x00, 0x00, 0x00, 0x00, 0x00, 0x00, 0x00, 0x00, 0x00, 0x00, 0x00, 0x0A,
0x00, 0x00, 0x00, 0x00, 0x00, 0x00, 0x00, 0x05, 0x00, 0x00, 0x00, 0x1B, 0x00, 0x00, 0x00, 0x32,
0x00, 0x00, 0x00, 0x18, 0x00, 0x00, 0x00, 0x35, 0x00, 0x00, 0x00, 0x5C, 0x00, 0x00, 0x00, 0x90,
0x00, 0x00, 0x00, 0x5F, 0x00, 0x00, 0x00, 0x90, 0x00, 0x00, 0x00, 0xCA, 0x06, 0x08, 0x08, 0xF1,
0x00, 0x00, 0x00, 0x00, 0x00, 0x00, 0x00, 0x19, 0x00, 0x00, 0x00, 0x15, 0x00, 0x00, 0x00, 0x3E,
0x00, 0x00, 0x00, 0x51, 0x00, 0x00, 0x00, 0x93, 0x00, 0x00, 0x00, 0x8E, 0x00, 0x00, 0x00, 0xDB,
0x00, 0x00, 0x00, 0x2C, 0x00, 0x00, 0x00, 0x79, 0x00, 0x00, 0x00, 0x3E, 0x00, 0x00, 0x00, 0xA4,
0x00, 0x00, 0x00, 0xCB, 0x0E, 0x12, 0x11, 0xFC, 0x05, 0x07, 0x07, 0xF4, 0x26, 0x37, 0x37, 0xFF,
0x00, 0x00, 0x00, 0xC2, 0x04, 0x06, 0x06, 0xEB, 0x0A, 0x0F, 0x0E, 0xFE, 0x24, 0x37, 0x34, 0xFF,
0x18, 0x23, 0x23, 0xFF, 0x24, 0x38, 0x39, 0xFF, 0x27, 0x3D, 0x3E, 0xFF, 0x1B, 0x30, 0x31, 0xFF,
0x24, 0x36, 0x34, 0xFF, 0x24, 0x37, 0x34, 0xFF, 0x22, 0x33, 0x31, 0xFF, 0x22, 0x32, 0x2B, 0xFF,
0x21, 0x31, 0x2B, 0xFF, 0x40, 0x55, 0x59, 0xFF, 0x57, 0x77, 0x8D, 0xFF, 0x5E, 0x9A, 0xCE, 0xFF,
0x00, 0x00, 0x00, 0x12, 0x00, 0x00, 0x00, 0x1C, 0x00, 0x00, 0x00, 0x4F, 0x00, 0x00, 0x00, 0x6C,
0x00, 0x00, 0x00, 0x26, 0x00, 0x00, 0x00, 0x33, 0x00, 0x00, 0x00, 0x83, 0x00, 0x00, 0x00, 0x9A,
0x00, 0x00, 0x00, 0xBB, 0x00, 0x00, 0x00, 0xD9, 0x13, 0x1C, 0x1D, 0xFF, 0x17, 0x26, 0x28, 0xFF,
0x01, 0x03, 0x02, 0xE9, 0x06, 0x0A, 0x0A, 0xF5, 0x1A, 0x30, 0x32, 0xFF, 0x21, 0x38, 0x3F, 0xFF,
0x00, 0x00, 0x00, 0x40, 0x00, 0x00, 0x00, 0x3B, 0x00, 0x00, 0x00, 0xAF, 0x00, 0x00, 0x00, 0xBA,
0x00, 0x00, 0x00, 0x3D, 0x00, 0x00, 0x00, 0x3F, 0x00, 0x00, 0x00, 0xBE, 0x00, 0x00, 0x00, 0xC1,
0x0C, 0x12, 0x12, 0xFB, 0x11, 0x1A, 0x1C, 0xFF, 0x24, 0x3D, 0x43, 0xFF, 0x26, 0x3E, 0x44, 0xFF,
0x15, 0x23, 0x28, 0xFF, 0x16, 0x24, 0x28, 0xFF, 0x28, 0x43, 0x49, 0xFF, 0x25, 0x42, 0x48, 0xFF,
0x21, 0x3B, 0x3E, 0xFF, 0x1B, 0x37, 0x37, 0xFF, 0x1C, 0x31, 0x2E, 0xFF, 0x31, 0x46, 0x47, 0xFF,
0x1D, 0x35, 0x36, 0xFF, 0x1F, 0x36, 0x36, 0xFF, 0x49, 0x65, 0x71, 0xFF, 0x54, 0x77, 0x8C, 0xFF,
0x54, 0x7C, 0x98, 0xFF, 0x59, 0x90, 0xBE, 0xFF, 0x46, 0x8A, 0xCA, 0xFF, 0x43, 0x88, 0xC6, 0xFF,
0x48, 0x8A, 0xC2, 0xFF, 0x3C, 0x7E, 0xB9, 0xFF, 0x3C, 0x7B, 0xB6, 0xFF, 0x43, 0x8F, 0xC4, 0xFF,
0x26, 0x3C, 0x3B, 0xFF, 0x2C, 0x42, 0x43, 0xFF, 0x52, 0x7E, 0x9C, 0xFF, 0x4F, 0x7E, 0xA3, 0xFF,
0x32, 0x47, 0x46, 0xFF, 0x32, 0x49, 0x49, 0xFF, 0x54, 0x81, 0xAA, 0xFF, 0x5A, 0x88, 0xB0, 0xFF,
0x3F, 0x82, 0xBE, 0xFF, 0x47, 0x99, 0xCC, 0xFF, 0x44, 0xB8, 0xE7, 0xFF, 0x54, 0xCF, 0xF6, 0xFF,
0x58, 0xB0, 0xDE, 0xFF, 0x5D, 0xB8, 0xE4, 0xFF, 0x65, 0xD9, 0xFB, 0xFF, 0x6C, 0xDC, 0xFE, 0xFF,
0x00, 0x00, 0x00, 0x4F, 0x00, 0x00, 0x00, 0xBC, 0x00, 0x00, 0x00, 0x69, 0x05, 0x07, 0x07, 0xD8,
0x19, 0x25, 0x26, 0xFF, 0x24, 0x3C, 0x3D, 0xFF, 0x26, 0x3E, 0x3E, 0xFF, 0x20, 0x35, 0x34, 0xFF,
0x00, 0x00, 0x00, 0x8D, 0x0E, 0x17, 0x17, 0xEE, 0x00, 0x00, 0x00, 0xAC, 0x1A, 0x26, 0x26, 0xF9,
0x25, 0x44, 0x45, 0xFF, 0x24, 0x3A, 0x38, 0xFF, 0x29, 0x47, 0x4B, 0xFF, 0x27, 0x3F, 0x41, 0xFF,
0x24, 0x32, 0x31, 0xFF, 0x52, 0x77, 0x8E, 0xFF, 0x3F, 0x58, 0x61, 0xFF, 0x58, 0x98, 0xD3, 0xFF,
0x51, 0x96, 0xD5, 0xFF, 0x47, 0x8A, 0xC6, 0xFF, 0x4C, 0x8F, 0xCB, 0xFF, 0x4E, 0x8F, 0xCA, 0xFF,
0x51, 0x79, 0x95, 0xFF, 0x54, 0x97, 0xD6, 0xFF, 0x57, 0x87, 0xB4, 0xFF, 0x54, 0x96, 0xD5, 0xFF,
0x4E, 0x90, 0xCC, 0xFF, 0x4C, 0x8E, 0xC9, 0xFF, 0x50, 0x92, 0xCD, 0xFF, 0x50, 0x90, 0xCC, 0xFF,
0x00, 0x00, 0x00, 0xB8, 0x1C, 0x28, 0x2B, 0xFC, 0x00, 0x00, 0x00, 0xB7, 0x1C, 0x27, 0x2E, 0xFC,
0x30, 0x4D, 0x50, 0xFF, 0x2A, 0x41, 0x45, 0xFF, 0x31, 0x4C, 0x50, 0xFF, 0x32, 0x47, 0x48, 0xFF,
0x00, 0x00, 0x00, 0xB8, 0x1D, 0x29, 0x2A, 0xFC, 0x00, 0x00, 0x00, 0xAC, 0x21, 0x30, 0x31, 0xF9,
0x38, 0x4E, 0x4F, 0xFF, 0x44, 0x8B, 0xAE, 0xFF, 0x50, 0x9A, 0xC0, 0xFF, 0x56, 0xD0, 0xFF, 0xFF,
0x55, 0x87, 0xB8, 0xFF, 0x5E, 0x9D, 0xDB, 0xFF, 0x57, 0x98, 0xC7, 0xFF, 0x59, 0xA7, 0xE4, 0xFF,
0x56, 0x94, 0xD0, 0xFF, 0x51, 0x8F, 0xCA, 0xFF, 0x52, 0x9D, 0xD7, 0xFF, 0x57, 0xA3, 0xDA, 0xFF,
0x4E, 0xC0, 0xF7, 0xFF, 0x4A, 0xB9, 0xF0, 0xFF, 0x57, 0xCA, 0xFF, 0xFF, 0x52, 0xC5, 0xFC, 0xFF,
0x4C, 0xBC, 0xEE, 0xFF, 0x53, 0xC7, 0xF0, 0xFF, 0x58, 0xCD, 0xFF, 0xFF, 0x5D, 0xD4, 0xFF, 0xFF,
0x46, 0x89, 0xC5, 0xFF, 0x4A, 0x89, 0xC4, 0xFF, 0x46, 0x88, 0xC3, 0xFF, 0x45, 0x82, 0xBF, 0xFF,
0x47, 0x90, 0xC8, 0xFF, 0x3E, 0xC0, 0xEC, 0xFF, 0x3A, 0xAD, 0xE0, 0xFF, 0x3E, 0xC7, 0xF2, 0xFF,
0x4A, 0x88, 0xC4, 0xFF, 0x3F, 0x89, 0xC3, 0xFF, 0x4E, 0x88, 0xC6, 0xFF, 0x45, 0x99, 0xD3, 0xFF,
0x37, 0xB6, 0xE6, 0xFF, 0x47, 0xCA, 0xF5, 0xFF, 0x3A, 0xB9, 0xE6, 0xFF, 0x50, 0xC8, 0xF1, 0xFF,
0x46, 0xCF, 0xF7, 0xFF, 0x6A, 0xDF, 0xFF, 0xFF, 0x57, 0xD4, 0xF9, 0xFF, 0x54, 0xA0, 0xB2, 0xED,
0x7E, 0xDE, 0xF8, 0xFE, 0x6D, 0xC1, 0xD8, 0xF6, 0x25, 0x3A, 0x41, 0xBF, 0x0D, 0x14, 0x15, 0x9C,
0x45, 0x9B, 0xB5, 0xF8, 0x03, 0x04, 0x04, 0xB4, 0x28, 0x52, 0x5E, 0xED, 0x00, 0x00, 0x00, 0x8B,
0x00, 0x00, 0x00, 0x62, 0x00, 0x00, 0x00, 0x37, 0x00, 0x00, 0x00, 0x2C, 0x00, 0x00, 0x00, 0x05,
0x4E, 0x87, 0xC4, 0xFF, 0x45, 0x98, 0xD2, 0xFF, 0x5A, 0xA3, 0xD7, 0xFF, 0x50, 0xAE, 0xDD, 0xFF,
0x43, 0xB6, 0xE3, 0xFF, 0x4D, 0xBC, 0xE4, 0xFF, 0x3D, 0xB3, 0xDD, 0xFF, 0x46, 0xB4, 0xDD, 0xFF,
0x6C, 0xD8, 0xFA, 0xFF, 0x81, 0xE0, 0xFC, 0xFF, 0x6D, 0xDF, 0xFF, 0xFF, 0x8F, 0xEC, 0xFF, 0xFF,
0x58, 0xC5, 0xE5, 0xFF, 0x35, 0xA7, 0xD4, 0xFF, 0xAB, 0xF7, 0xFF, 0xFF, 0x61, 0xC9, 0xEE, 0xFF,
0x1B, 0x3B, 0x46, 0xE7, 0x00, 0x00, 0x00, 0x80, 0x19, 0x3D, 0x4A, 0xE7, 0x00, 0x00, 0x00, 0x80,
0x00, 0x00, 0x00, 0x23, 0x00, 0x00, 0x00, 0x00, 0x00, 0x00, 0x00, 0x23, 0x00, 0x00, 0x00, 0x00,
0x14, 0x38, 0x47, 0xE9, 0x00, 0x00, 0x00, 0x81, 0x0C, 0x36, 0x47, 0xE6, 0x00, 0x00, 0x00, 0x7C,
0x00, 0x00, 0x00, 0x24, 0x00, 0x00, 0x00, 0x00, 0x00, 0x00, 0x00, 0x22, 0x00, 0x00, 0x00, 0x00,
0x00, 0x00, 0x00, 0x00, 0x00, 0x00, 0x00, 0x00, 0x00, 0x00, 0x00, 0x00, 0x00, 0x00, 0x00, 0x00,
0x00, 0x00, 0x00, 0x00, 0x00, 0x00, 0x00, 0x00, 0x00, 0x00, 0x00, 0x00, 0x00, 0x00, 0x00, 0x00,
0x00, 0x00, 0x00, 0x00, 0x00, 0x00, 0x00, 0x00, 0x00, 0x00, 0x00, 0x00, 0x00, 0x00, 0x00, 0x00,
0x00, 0x00, 0x00, 0x00, 0x00, 0x00, 0x00, 0x00, 0x00, 0x00, 0x00, 0x00, 0x00, 0x00, 0x00, 0x00,
0x00, 0x00, 0x00, 0x00, 0x00, 0x00, 0x00, 0x00, 0x00, 0x00, 0x00, 0x00, 0x00, 0x00, 0x00, 0x00,
0x00, 0x00, 0x00, 0x00, 0x00, 0x00, 0x00, 0x00, 0x00, 0x00, 0x00, 0x00, 0x00, 0x00, 0x00, 0x00,
0x00, 0x00, 0x00, 0x00, 0x00, 0x00, 0x00, 0x00, 0x00, 0x00, 0x00, 0x00, 0x00, 0x00, 0x00, 0x00,
0x00, 0x00, 0x00, 0x00, 0x00, 0x00, 0x00, 0x00, 0x00, 0x00, 0x00, 0x00, 0x00, 0x00, 0x00, 0x00,
0x00, 0x00, 0x00, 0x00, 0x00, 0x00, 0x00, 0x00, 0x00, 0x00, 0x00, 0x00, 0x00, 0x00, 0x00, 0x00,
0x00, 0x00, 0x00, 0x00, 0x00, 0x00, 0x00, 0x00, 0x00, 0x00, 0x00, 0x00, 0x00, 0x00, 0x00, 0x00,
0x00, 0x00, 0x00, 0x00, 0x00, 0x00, 0x00, 0x00, 0x00, 0x00, 0x00, 0x00, 0x00, 0x00, 0x00, 0x00,
0x00, 0x00, 0x00, 0x00, 0x00, 0x00, 0x00, 0x00, 0x00, 0x00, 0x00, 0x00, 0x00, 0x00, 0x00, 0x00,
0x00, 0x00, 0x00, 0x00, 0x00, 0x00, 0x00, 0x00, 0x00, 0x00, 0x00, 0x00, 0x00, 0x00, 0x00, 0x00,
0x00, 0x00, 0x00, 0x00, 0x00, 0x00, 0x00, 0x00, 0x00, 0x00, 0x00, 0x00, 0x00, 0x00, 0x00, 0x00,
0x00, 0x00, 0x00, 0x00, 0x00, 0x00, 0x00, 0x00, 0x00, 0x00, 0x00, 0x00, 0x00, 0x00, 0x00, 0x00,
0x00, 0x00, 0x00, 0x00, 0x00, 0x00, 0x00, 0x00, 0x00, 0x00, 0x00, 0x00, 0x00, 0x00, 0x00, 0x00,
0x00, 0x00, 0x00, 0x00, 0x00, 0x00, 0x00, 0x00, 0x00, 0x00, 0x00, 0x00, 0x00, 0x00, 0x00, 0x00,
0x00, 0x00, 0x00, 0x00, 0x00, 0x00, 0x00, 0x00, 0x00, 0x00, 0x00, 0x00, 0x00, 0x00, 0x00, 0x00,
0x00, 0x00, 0x00, 0x00, 0x00, 0x00, 0x00, 0x00, 0x00, 0x00, 0x00, 0x00, 0x00, 0x00, 0x00, 0x00,
0x00, 0x00, 0x00, 0x00, 0x00, 0x00, 0x00, 0x00, 0x00, 0x00, 0x00, 0x00, 0x00, 0x00, 0x00, 0x00,
0x00, 0x00, 0x00, 0x00, 0x00, 0x00, 0x00, 0x00, 0x00, 0x00, 0x00, 0x00, 0x00, 0x00, 0x00, 0x00,
0x00, 0x00, 0x00, 0x05, 0x00, 0x00, 0x00, 0x2D, 0x00, 0x00, 0x00, 0x00, 0x00, 0x00, 0x00, 0x14,
0x00, 0x00, 0x00, 0x00, 0x00, 0x00, 0x00, 0x00, 0x00, 0x00, 0x00, 0x00, 0x00, 0x00, 0x00, 0x00,
0x00, 0x00, 0x00, 0x00, 0x00, 0x00, 0x00, 0x00, 0x00, 0x00, 0x00, 0x00, 0x00, 0x00, 0x00, 0x00,
0x00, 0x00, 0x00, 0x00, 0x00, 0x00, 0x00, 0x00, 0x00, 0x00, 0x00, 0x00, 0x00, 0x00, 0x00, 0x00,
0x00, 0x00, 0x00, 0x00, 0x00, 0x00, 0x00, 0x00, 0x00, 0x00, 0x00, 0x00, 0x00, 0x00, 0x00, 0x00,
0x00, 0x00, 0x00, 0x00, 0x00, 0x00, 0x00, 0x00, 0x00, 0x00, 0x00, 0x00, 0x00, 0x00, 0x00, 0x00,
0x00, 0x00, 0x00, 0x00, 0x00, 0x00, 0x00, 0x00, 0x00, 0x00, 0x00, 0x00, 0x00, 0x00, 0x00, 0x00,
0x00, 0x00, 0x00, 0x00, 0x00, 0x00, 0x00, 0x00, 0x00, 0x00, 0x00, 0x00, 0x00, 0x00, 0x00, 0x00,
0x00, 0x00, 0x00, 0x00, 0x00, 0x00, 0x00, 0x00, 0x00, 0x00, 0x00, 0x00, 0x00, 0x00, 0x00, 0x00,
0x00, 0x00, 0x00, 0x00, 0x00, 0x00, 0x00, 0x00, 0x00, 0x00, 0x00, 0x00, 0x00, 0x00, 0x00, 0x00,
0x00, 0x00, 0x00, 0x00, 0x00, 0x00, 0x00, 0x00, 0x00, 0x00, 0x00, 0x00, 0x00, 0x00, 0x00, 0x00,
0x00, 0x00, 0x00, 0x00, 0x00, 0x00, 0x00, 0x00, 0x00, 0x00, 0x00, 0x00, 0x00, 0x00, 0x00, 0x00,
0x00, 0x00, 0x00, 0x00, 0x00, 0x00, 0x00, 0x00, 0x00, 0x00, 0x00, 0x00, 0x00, 0x00, 0x00, 0x00,
0x00, 0x00, 0x00, 0x00, 0x00, 0x00, 0x00, 0x00, 0x00, 0x00, 0x00, 0x00, 0x00, 0x00, 0x00, 0x00,
0x00, 0x00, 0x00, 0x00, 0x00, 0x00, 0x00, 0x00, 0x00, 0x00, 0x00, 0x00, 0x00, 0x00, 0x00, 0x00,
0x00, 0x00, 0x00, 0x00, 0x00, 0x00, 0x00, 0x00, 0x00, 0x00, 0x00, 0x00, 0x00, 0x00, 0x00, 0x00,
0x00, 0x00, 0x00, 0x00, 0x00, 0x00, 0x00, 0x00, 0x00, 0x00, 0x00, 0x00, 0x00, 0x00, 0x00, 0x00,
0x00, 0x00, 0x00, 0x00, 0x00, 0x00, 0x00, 0x00, 0x00, 0x00, 0x00, 0x00, 0x00, 0x00, 0x00, 0x00,
0x00, 0x00, 0x00, 0x00, 0x00, 0x00, 0x00, 0x00, 0x00, 0x00, 0x00, 0x00, 0x00, 0x00, 0x00, 0x00,
0x00, 0x00, 0x00, 0x00, 0x00, 0x00, 0x00, 0x00, 0x00, 0x00, 0x00, 0x00, 0x00, 0x00, 0x00, 0x00,
0x00, 0x00, 0x00, 0x00, 0x00, 0x00, 0x00, 0x00, 0x00, 0x00, 0x00, 0x00, 0x00, 0x00, 0x00, 0x00,
0x00, 0x00, 0x00, 0x00, 0x00, 0x00, 0x00, 0x00, 0x00, 0x00, 0x00, 0x00, 0x00, 0x00, 0x00, 0x00,
0x00, 0x00, 0x00, 0x00, 0x00, 0x00, 0x00, 0x00, 0x00, 0x00, 0x00, 0x00, 0x00, 0x00, 0x00, 0x00,
0x00, 0x00, 0x00, 0x00, 0x00, 0x00, 0x00, 0x00, 0x00, 0x00, 0x00, 0x00, 0x00, 0x00, 0x00, 0x00,
0x00, 0x00, 0x00, 0x00, 0x00, 0x00, 0x00, 0x00, 0x00, 0x00, 0x00, 0x00, 0x00, 0x00, 0x00, 0x00,
0x00, 0x00, 0x00, 0x00, 0x00, 0x00, 0x00, 0x00, 0x00, 0x00, 0x00, 0x00, 0x00, 0x00, 0x00, 0x00,
0x00, 0x00, 0x00, 0x00, 0x00, 0x00, 0x00, 0x00, 0x00, 0x00, 0x00, 0x00, 0x00, 0x00, 0x00, 0x00,
0x00, 0x00, 0x00, 0x00, 0x00, 0x00, 0x00, 0x00, 0x00, 0x00, 0x00, 0x00, 0x00, 0x00, 0x00, 0x00,
0x00, 0x00, 0x00, 0x00, 0x00, 0x00, 0x00, 0x00, 0x00, 0x00, 0x00, 0x00, 0x00, 0x00, 0x00, 0x00,
0x00, 0x00, 0x00, 0x00, 0x00, 0x00, 0x00, 0x00, 0x00, 0x00, 0x00, 0x00, 0x00, 0x00, 0x00, 0x00,
0x00, 0x00, 0x00, 0x00, 0x00, 0x00, 0x00, 0x00, 0x00, 0x00, 0x00, 0x00, 0x00, 0x00, 0x00, 0x00,
0x00, 0x00, 0x00, 0x00, 0x00, 0x00, 0x00, 0x00, 0x00, 0x00, 0x00, 0x00, 0x00, 0x00, 0x00, 0x00,
0x00, 0x00, 0x00, 0x00, 0x00, 0x00, 0x00, 0x00, 0x00, 0x00, 0x00, 0x00, 0x00, 0x00, 0x00, 0x00,
0x00, 0x00, 0x00, 0x00, 0x00, 0x00, 0x00, 0x00, 0x00, 0x00, 0x00, 0x00, 0x00, 0x00, 0x00, 0x00,
0x00, 0x00, 0x00, 0x00, 0x00, 0x00, 0x00, 0x00, 0x00, 0x00, 0x00, 0x00, 0x00, 0x00, 0x00, 0x00,
0x00, 0x00, 0x00, 0x00, 0x00, 0x00, 0x00, 0x00, 0x00, 0x00, 0x00, 0x00, 0x00, 0x00, 0x00, 0x00,
0x00, 0x00, 0x00, 0x00, 0x00, 0x00, 0x00, 0x00, 0x00, 0x00, 0x00, 0x00, 0x00, 0x00, 0x00, 0x00,
0x00, 0x00, 0x00, 0x00, 0x00, 0x00, 0x00, 0x00, 0x00, 0x00, 0x00, 0x00, 0x00, 0x00, 0x00, 0x00,
0x00, 0x00, 0x00, 0x00, 0x00, 0x00, 0x00, 0x00, 0x00, 0x00, 0x00, 0x00, 0x00, 0x00, 0x00, 0x00,
0x00, 0x00, 0x00, 0x00, 0x00, 0x00, 0x00, 0x00, 0x00, 0x00, 0x00, 0x00, 0x00, 0x00, 0x00, 0x00,
0x00, 0x00, 0x00, 0x00, 0x00, 0x00, 0x00, 0x00, 0x00, 0x00, 0x00, 0x00, 0x00, 0x00, 0x00, 0x00,
0x00, 0x00, 0x00, 0x00, 0x00, 0x00, 0x00, 0x00, 0x00, 0x00, 0x00, 0x00, 0x00, 0x00, 0x00, 0x00,
0x00, 0x00, 0x00, 0x00, 0x00, 0x00, 0x00, 0x07, 0x00, 0x00, 0x00, 0x03, 0x00, 0x00, 0x00, 0x1E,
0x00, 0x00, 0x00, 0x78, 0x17, 0x25, 0x2C, 0xB9, 0x00, 0x00, 0x00, 0x30, 0x00, 0x00, 0x00, 0x4D,
0x2D, 0x5D, 0x77, 0xCB, 0x2B, 0x59, 0x71, 0xC9, 0x00, 0x00, 0x00, 0x57, 0x00, 0x00, 0x00, 0x57,
0x00, 0x00, 0x00, 0x09, 0x00, 0x00, 0x00, 0x10, 0x00, 0x00, 0x00, 0x00, 0x00, 0x00, 0x00, 0x00,
0x00, 0x00, 0x00, 0x13, 0x00, 0x00, 0x00, 0x13, 0x00, 0x00, 0x00, 0x00, 0x00, 0x00, 0x00, 0x00,
0x2C, 0x59, 0x6F, 0xC9, 0x2B, 0x59, 0x6D, 0xCA, 0x00, 0x00, 0x00, 0x58, 0x00, 0x00, 0x00, 0x57,
0x2D, 0x5A, 0x6D, 0xC9, 0x2E, 0x5C, 0x6F, 0xCA, 0x00, 0x00, 0x00, 0x58, 0x00, 0x00, 0x00, 0x58,
0x00, 0x00, 0x00, 0x13, 0x00, 0x00, 0x00, 0x13, 0x00, 0x00, 0x00, 0x00, 0x00, 0x00, 0x00, 0x00,
0x00, 0x00, 0x00, 0x13, 0x00, 0x00, 0x00, 0x13, 0x00, 0x00, 0x00, 0x00, 0x00, 0x00, 0x00, 0x00,
0x00, 0x00, 0x00, 0x00, 0x00, 0x00, 0x00, 0x00, 0x00, 0x00, 0x00, 0x00, 0x00, 0x00, 0x00, 0x00,
0x00, 0x00, 0x00, 0x00, 0x00, 0x00, 0x00, 0x00, 0x00, 0x00, 0x00, 0x00, 0x00, 0x00, 0x00, 0x00,
0x00, 0x00, 0x00, 0x00, 0x00, 0x00, 0x00, 0x00, 0x00, 0x00, 0x00, 0x00, 0x00, 0x00, 0x00, 0x00,
0x00, 0x00, 0x00, 0x00, 0x00, 0x00, 0x00, 0x00, 0x00, 0x00, 0x00, 0x00, 0x00, 0x00, 0x00, 0x00,
0x00, 0x00, 0x00, 0x00, 0x00, 0x00, 0x00, 0x00, 0x00, 0x00, 0x00, 0x00, 0x00, 0x00, 0x00, 0x00,
0x00, 0x00, 0x00, 0x00, 0x00, 0x00, 0x00, 0x00, 0x00, 0x00, 0x00, 0x00, 0x00, 0x00, 0x00, 0x00,
0x00, 0x00, 0x00, 0x00, 0x00, 0x00, 0x00, 0x00, 0x00, 0x00, 0x00, 0x00, 0x00, 0x00, 0x00, 0x00,
0x00, 0x00, 0x00, 0x00, 0x00, 0x00, 0x00, 0x00, 0x00, 0x00, 0x00, 0x00, 0x00, 0x00, 0x00, 0x00,
0x32, 0x60, 0x71, 0xCA, 0x3C, 0x64, 0x72, 0xCA, 0x00, 0x00, 0x00, 0x58, 0x00, 0x00, 0x00, 0x57,
0x4D, 0x6B, 0x73, 0xCA, 0x4A, 0x6B, 0x74, 0xC9, 0x00, 0x00, 0x00, 0x58, 0x00, 0x00, 0x00, 0x58,
0x00, 0x00, 0x00, 0x13, 0x00, 0x00, 0x00, 0x13, 0x00, 0x00, 0x00, 0x00, 0x00, 0x00, 0x00, 0x00,
0x00, 0x00, 0x00, 0x13, 0x00, 0x00, 0x00, 0x1E, 0x00, 0x00, 0x00, 0x00, 0x00, 0x00, 0x00, 0x24,
0x0E, 0x1D, 0x22, 0xAC, 0x00, 0x00, 0x00, 0x5D, 0x00, 0x00, 0x00, 0x54, 0x00, 0x00, 0x00, 0x3C,
0x00, 0x00, 0x00, 0x1A, 0x00, 0x00, 0x00, 0x00, 0x00, 0x00, 0x00, 0x25, 0x00, 0x00, 0x00, 0x1E,
0x00, 0x00, 0x00, 0x42, 0x00, 0x00, 0x00, 0x66, 0x00, 0x00, 0x00, 0x74, 0x00, 0x02, 0x01, 0xCB,
0x00, 0x00, 0x00, 0x73, 0x00, 0x00, 0x00, 0x74, 0x04, 0x05, 0x05, 0xE0, 0x03, 0x05, 0x04, 0xE1,
0x00, 0x00, 0x00, 0x00, 0x00, 0x00, 0x00, 0x00, 0x00, 0x00, 0x00, 0x00, 0x00, 0x00, 0x00, 0x00,
0x00, 0x00, 0x00, 0x03, 0x00, 0x00, 0x00, 0x32, 0x00, 0x00, 0x00, 0x05, 0x00, 0x00, 0x00, 0x35,
0x00, 0x00, 0x00, 0x00, 0x00, 0x00, 0x00, 0x00, 0x00, 0x00, 0x00, 0x00, 0x00, 0x00, 0x00, 0x00,
0x00, 0x00, 0x00, 0x05, 0x00, 0x00, 0x00, 0x35, 0x00, 0x00, 0x00, 0x05, 0x00, 0x00, 0x00, 0x35,
0x02, 0x01, 0x01, 0x98, 0x38, 0x45, 0x47, 0xFC, 0x00, 0x00, 0x00, 0x9E, 0x54, 0x62, 0x64, 0xF9,
0x33, 0x48, 0x4B, 0xFF, 0x34, 0x45, 0x44, 0xFF, 0x68, 0x7E, 0x7E, 0xFF, 0x44, 0x56, 0x52, 0xFF,
0x00, 0x00, 0x00, 0x9D, 0x45, 0x52, 0x51, 0xF9, 0x00, 0x00, 0x00, 0x9D, 0x3F, 0x4A, 0x4A, 0xF9,
0x70, 0x7F, 0x7F, 0xFF, 0x56, 0x66, 0x67, 0xFF, 0x57, 0x6B, 0x62, 0xFF, 0x55, 0x67, 0x65, 0xFF,
0x00, 0x00, 0x00, 0x00, 0x00, 0x00, 0x00, 0x00, 0x00, 0x00, 0x00, 0x00, 0x00, 0x00, 0x00, 0x00,
0x00, 0x00, 0x00, 0x00, 0x00, 0x00, 0x00, 0x00, 0x00, 0x00, 0x00, 0x00, 0x00, 0x00, 0x00, 0x00,
0x00, 0x00, 0x00, 0x00, 0x00, 0x00, 0x00, 0x00, 0x00, 0x00, 0x00, 0x00, 0x00, 0x00, 0x00, 0x00,
0x00, 0x00, 0x00, 0x00, 0x00, 0x00, 0x00, 0x00, 0x00, 0x00, 0x00, 0x00, 0x00, 0x00, 0x00, 0x00,
0x00, 0x00, 0x00, 0x00, 0x00, 0x00, 0x00, 0x00, 0x00, 0x00, 0x00, 0x00, 0x00, 0x00, 0x00, 0x00,
0x00, 0x00, 0x00, 0x00, 0x00, 0x00, 0x00, 0x00, 0x00, 0x00, 0x00, 0x00, 0x00, 0x00, 0x00, 0x00,
0x00, 0x00, 0x00, 0x00, 0x00, 0x00, 0x00, 0x00, 0x00, 0x00, 0x00, 0x00, 0x00, 0x00, 0x00, 0x00,
0x00, 0x00, 0x00, 0x00, 0x00, 0x00, 0x00, 0x00, 0x00, 0x00, 0x00, 0x00, 0x00, 0x00, 0x00, 0x00,
0x00, 0x00, 0x00, 0x00, 0x00, 0x00, 0x00, 0x00, 0x00, 0x00, 0x00, 0x00, 0x00, 0x00, 0x00, 0x00,
0x00, 0x00, 0x00, 0x00, 0x00, 0x00, 0x00, 0x00, 0x00, 0x00, 0x00, 0x00, 0x00, 0x00, 0x00, 0x03,
0x00, 0x00, 0x00, 0x18, 0x00, 0x00, 0x00, 0x28, 0x00, 0x00, 0x00, 0x50, 0x00, 0x00, 0x00, 0x83,
0x00, 0x00, 0x00, 0x31, 0x00, 0x00, 0x00, 0x33, 0x00, 0x00, 0x00, 0x9A, 0x00, 0x00, 0x00, 0x9C,
0x00, 0x00, 0x00, 0x00, 0x00, 0x00, 0x00, 0x00, 0x00, 0x00, 0x00, 0x03, 0x00, 0x00, 0x00, 0x02,
0x00, 0x00, 0x00, 0x00, 0x00, 0x00, 0x00, 0x00, 0x00, 0x00, 0x00, 0x03, 0x00, 0x00, 0x00, 0x02,
0x00, 0x00, 0x00, 0x33, 0x00, 0x00, 0x00, 0x33, 0x00, 0x00, 0x00, 0x9D, 0x00, 0x00, 0x00, 0x9D,
0x00, 0x00, 0x00, 0x33, 0x00, 0x00, 0x00, 0x33, 0x00, 0x00, 0x00, 0x9B, 0x00, 0x00, 0x00, 0x9C,
0x00, 0x00, 0x00, 0x00, 0x00, 0x00, 0x00, 0x00, 0x00, 0x00, 0x00, 0x00, 0x00, 0x00, 0x00, 0x00,
0x00, 0x00, 0x00, 0x05, 0x00, 0x00, 0x00, 0x35, 0x00, 0x00, 0x00, 0x02, 0x00, 0x00, 0x00, 0x33,
0x00, 0x00, 0x00, 0x00, 0x00, 0x00, 0x00, 0x00, 0x00, 0x00, 0x00, 0x00, 0x00, 0x00, 0x00, 0x00,
0x00, 0x00, 0x00, 0x00, 0x00, 0x00, 0x00, 0x25, 0x00, 0x00, 0x00, 0x00, 0x00, 0x00, 0x00, 0x13,
0x00, 0x00, 0x00, 0x9F, 0x3B, 0x42, 0x3F, 0xF9, 0x00, 0x00, 0x00, 0x98, 0x41, 0x4B, 0x47, 0xFB,
0x4B, 0x5D, 0x5B, 0xFF, 0x61, 0x9B, 0xB5, 0xFF, 0x71, 0xB7, 0xD1, 0xFF, 0x8F, 0xEE, 0xFF, 0xFF,
0x00, 0x00, 0x00, 0x72, 0x2C, 0x3C, 0x42, 0xC6, 0x00, 0x00, 0x00, 0x34, 0x00, 0x00, 0x00, 0x59,
0x46, 0x73, 0x86, 0xDB, 0x47, 0x73, 0x84, 0xDB, 0x00, 0x00, 0x00, 0x69, 0x00, 0x00, 0x00, 0x6B,
0x00, 0x00, 0x00, 0x00, 0x00, 0x00, 0x00, 0x00, 0x00, 0x00, 0x00, 0x02, 0x00, 0x00, 0x00, 0x03,
0x00, 0x00, 0x00, 0x00, 0x00, 0x00, 0x00, 0x00, 0x00, 0x00, 0x00, 0x03, 0x00, 0x00, 0x00, 0x00,
0x00, 0x00, 0x00, 0x33, 0x00, 0x00, 0x00, 0x34, 0x00, 0x00, 0x00, 0x9B, 0x00, 0x00, 0x00, 0x9C,
0x00, 0x00, 0x00, 0x34, 0x00, 0x00, 0x00, 0x31, 0x00, 0x00, 0x00, 0x9D, 0x00, 0x00, 0x00, 0x99,
0x00, 0x00, 0x00, 0x0E, 0x00, 0x00, 0x00, 0x16, 0x00, 0x00, 0x00, 0x00, 0x00, 0x00, 0x00, 0x00,
0x00, 0x00, 0x00, 0x1B, 0x00, 0x00, 0x00, 0x1B, 0x00, 0x00, 0x00, 0x00, 0x00, 0x00, 0x00, 0x00,
0x00, 0x00, 0x00, 0x26, 0x00, 0x00, 0x00, 0x15, 0x00, 0x00, 0x00, 0x78, 0x00, 0x00, 0x00, 0x3C,
0x00, 0x00, 0x00, 0x03, 0x00, 0x00, 0x00, 0x00, 0x00, 0x00, 0x00, 0x12, 0x00, 0x00, 0x00, 0x00,
0x00, 0x00, 0x00, 0x3E, 0x00, 0x00, 0x00, 0x3E, 0x00, 0x00, 0x00, 0xC2, 0x00, 0x00, 0x00, 0xC0,
0x00, 0x00, 0x00, 0x3B, 0x00, 0x00, 0x00, 0x45, 0x00, 0x00, 0x00, 0xBD, 0x00, 0x00, 0x00, 0xB6,
0x17, 0x25, 0x28, 0xFF, 0x19, 0x26, 0x2B, 0xFF, 0x27, 0x46, 0x4B, 0xFF, 0x28, 0x46, 0x4E, 0xFF,
0x13, 0x1F, 0x23, 0xFF, 0x0F, 0x18, 0x1B, 0xFE, 0x28, 0x47, 0x50, 0xFF, 0x2A, 0x4B, 0x56, 0xFF,
0x00, 0x00, 0x00, 0x3B, 0x00, 0x00, 0x00, 0x2B, 0x00, 0x00, 0x00, 0xA5, 0x00, 0x00, 0x00, 0x8D,
0x00, 0x00, 0x00, 0x20, 0x00, 0x00, 0x00, 0x17, 0x00, 0x00, 0x00, 0x77, 0x00, 0x00, 0x00, 0x5E,
0x0B, 0x11, 0x13, 0xF8, 0x05, 0x07, 0x08, 0xEF, 0x30, 0x51, 0x5D, 0xFF, 0x2A, 0x4A, 0x56, 0xFF,
0x00, 0x00, 0x00, 0xE1, 0x00, 0x00, 0x00, 0xCC, 0x23, 0x3D, 0x49, 0xFF, 0x1E, 0x31, 0x3D, 0xFF,
0x30, 0x48, 0x4C, 0xFF, 0x2E, 0x47, 0x4C, 0xFF, 0x58, 0x87, 0xB0, 0xFF, 0x50, 0x83, 0xAC, 0xFF,
0x30, 0x4C, 0x50, 0xFF, 0x24, 0x43, 0x48, 0xFF, 0x4C, 0x7E, 0xA4, 0xFF, 0x5B, 0x88, 0xAA, 0xFF,
0x5E, 0xB5, 0xDE, 0xFF, 0x5D, 0xAA, 0xD8, 0xFF, 0x72, 0xD9, 0xFB, 0xFF, 0x71, 0xCE, 0xEE, 0xFF,
0x45, 0x8E, 0xC3, 0xFF, 0x3A, 0x7E, 0xB9, 0xFF, 0x63, 0xB6, 0xDF, 0xFF, 0x4F, 0x92, 0xC2, 0xFF,
0x24, 0x44, 0x4C, 0xFF, 0x28, 0x4A, 0x55, 0xFF, 0x55, 0x7F, 0x9D, 0xFF, 0x4B, 0x6E, 0x82, 0xFF,
0x2D, 0x52, 0x62, 0xFF, 0x33, 0x5B, 0x73, 0xFF, 0x42, 0x65, 0x77, 0xFF, 0x35, 0x5B, 0x6B, 0xFF,
0x35, 0x78, 0xB5, 0xFF, 0x41, 0x83, 0xBC, 0xFF, 0x3A, 0x77, 0xAE, 0xFF, 0x47, 0x88, 0xC2, 0xFF,
0x50, 0x8E, 0xC2, 0xFF, 0x55, 0x8B, 0xB3, 0xFF, 0x46, 0x89, 0xC5, 0xFF, 0x40, 0x87, 0xC4, 0xFF,
0x00, 0x00, 0x00, 0x0C, 0x00, 0x00, 0x00, 0x00, 0x00, 0x00, 0x00, 0x40, 0x00, 0x00, 0x00, 0x25,
0x00, 0x00, 0x00, 0x00, 0x00, 0x00, 0x00, 0x00, 0x00, 0x00, 0x00, 0x12, 0x00, 0x00, 0x00, 0x00,
0x00, 0x00, 0x00, 0xA7, 0x00, 0x00, 0x00, 0x79, 0x10, 0x18, 0x1D, 0xFA, 0x01, 0x02, 0x02, 0xE1,
0x00, 0x00, 0x00, 0x49, 0x00, 0x00, 0x00, 0x23, 0x00, 0x00, 0x00, 0xAE, 0x00, 0x00, 0x00, 0x72,
0x00, 0x00, 0x00, 0x00, 0x00, 0x00, 0x00, 0x00, 0x00, 0x00, 0x00, 0x00, 0x00, 0x00, 0x00, 0x00,
0x00, 0x00, 0x00, 0x00, 0x00, 0x00, 0x00, 0x00, 0x00, 0x00, 0x00, 0x00, 0x00, 0x00, 0x00, 0x00,
0x00, 0x00, 0x00, 0x10, 0x00, 0x00, 0x00, 0x00, 0x00, 0x00, 0x00, 0x38, 0x00, 0x00, 0x00, 0x15,
0x00, 0x00, 0x00, 0x00, 0x00, 0x00, 0x00, 0x00, 0x00, 0x00, 0x00, 0x00, 0x00, 0x00, 0x00, 0x00,
0x32, 0x5B, 0x74, 0xFF, 0x2D, 0x4B, 0x5F, 0xFF, 0x31, 0x5A, 0x71, 0xFF, 0x34, 0x63, 0x83, 0xFF,
0x11, 0x1D, 0x25, 0xFB, 0x00, 0x00, 0x00, 0xD5, 0x3B, 0x6B, 0x8B, 0xFF, 0x29, 0x49, 0x5F, 0xFF,
0x4E, 0x7E, 0x9E, 0xFF, 0x3F, 0x6D, 0x87, 0xFF, 0x41, 0x88, 0xC5, 0xFF, 0x52, 0x8D, 0xBD, 0xFF,
0x34, 0x69, 0x8A, 0xFF, 0x3C, 0x78, 0xA4, 0xFF, 0x53, 0x88, 0xAD, 0xFF, 0x38, 0x77, 0xA2, 0xFF,
0x00, 0x00, 0x00, 0x8A, 0x00, 0x00, 0x00, 0x40, 0x03, 0x05, 0x06, 0xE2, 0x00, 0x00, 0x00, 0x8E,
0x00, 0x00, 0x00, 0x15, 0x00, 0x00, 0x00, 0x00, 0x00, 0x00, 0x00, 0x3B, 0x00, 0x00, 0x00, 0x12,
0x2B, 0x53, 0x73, 0xFF, 0x03, 0x05, 0x06, 0xDB, 0x41, 0x85, 0xBE, 0xFF, 0x25, 0x45, 0x61, 0xFF,
0x00, 0x00, 0x00, 0x7E, 0x00, 0x00, 0x00, 0x30, 0x00, 0x00, 0x00, 0xC5, 0x00, 0x00, 0x00, 0x61,
0x69, 0xB4, 0xCC, 0xF4, 0x78, 0xC4, 0xE0, 0xF9, 0x07, 0x0B, 0x0C, 0x95, 0x17, 0x20, 0x23, 0xAC,
0x82, 0xCD, 0xF0, 0xFF, 0x62, 0x9F, 0xC6, 0xFF, 0x46, 0x62, 0x6E, 0xDA, 0x68, 0x97, 0xAF, 0xFC,
0x00, 0x00, 0x00, 0x30, 0x00, 0x00, 0x00, 0x4A, 0x00, 0x00, 0x00, 0x00, 0x00, 0x00, 0x00, 0x17,
0x00, 0x00, 0x00, 0x8F, 0x25, 0x35, 0x3C, 0xE5, 0x00, 0x00, 0x00, 0x5B, 0x03, 0x04, 0x05, 0xC7,
0x3F, 0x76, 0x9D, 0xFF, 0x40, 0x7C, 0xAC, 0xFF, 0x44, 0x74, 0x90, 0xFF, 0x33, 0x62, 0x80, 0xFF,
0x4D, 0x8E, 0xCC, 0xFF, 0x43, 0x87, 0xC2, 0xFF, 0x40, 0x7F, 0xB4, 0xFF, 0x44, 0x8A, 0xC2, 0xFF,
0x45, 0x6B, 0x7E, 0xFF, 0x30, 0x51, 0x5E, 0xFF, 0x31, 0x4D, 0x58, 0xFF, 0x2B, 0x4A, 0x54, 0xFF,
0x39, 0x6C, 0x8E, 0xFF, 0x44, 0x88, 0xC2, 0xFF, 0x30, 0x5A, 0x73, 0xFF, 0x3F, 0x7E, 0xB6, 0xFF,
0x00, 0x00, 0x00, 0x00, 0x00, 0x00, 0x00, 0x0C, 0x00, 0x00, 0x00, 0x00, 0x00, 0x00, 0x00, 0x0E,
0x00, 0x00, 0x00, 0x4B, 0x02, 0x01, 0x01, 0xBC, 0x00, 0x00, 0x00, 0x4B, 0x03, 0x03, 0x03, 0xBA,
0x00, 0x00, 0x00, 0x00, 0x00, 0x00, 0x00, 0x0E, 0x00, 0x00, 0x00, 0x00, 0x00, 0x00, 0x00, 0x0E,
0x00, 0x00, 0x00, 0x4A, 0x02, 0x03, 0x03, 0xBA, 0x00, 0x00, 0x00, 0x4B, 0x03, 0x03, 0x03, 0xBC,
0x24, 0x37, 0x3F, 0xFF, 0x2B, 0x47, 0x50, 0xFF, 0x26, 0x38, 0x40, 0xFF, 0x28, 0x42, 0x4D, 0xFF,
0x2B, 0x50, 0x61, 0xFF, 0x48, 0x85, 0xBD, 0xFF, 0x2D, 0x51, 0x61, 0xFF, 0x54, 0x90, 0xC9, 0xFF,
0x25, 0x3B, 0x40, 0xFF, 0x2D, 0x48, 0x4E, 0xFF, 0x26, 0x3C, 0x41, 0xFF, 0x2D, 0x48, 0x4E, 0xFF,
0x30, 0x52, 0x61, 0xFF, 0x55, 0x90, 0xC9, 0xFF, 0x3A, 0x5B, 0x6B, 0xFF, 0x5D, 0x96, 0xCF, 0xFF,
0x42, 0x89, 0xC5, 0xFF, 0x45, 0x91, 0xCB, 0xFF, 0x44, 0x87, 0xBF, 0xFF, 0x4D, 0x94, 0xCE, 0xFF,
0x4F, 0x93, 0xC5, 0xFF, 0x4A, 0x91, 0xBD, 0xFF, 0x45, 0x8B, 0xC7, 0xFF, 0x4D, 0x97, 0xCC, 0xFF,
0x4C, 0x8F, 0xC6, 0xFF, 0x49, 0x8E, 0xC8, 0xFF, 0x4C, 0x8F, 0xC6, 0xFF, 0x4A, 0x92, 0xC8, 0xFF,
0x44, 0x89, 0xC3, 0xFF, 0x47, 0x90, 0xC6, 0xFF, 0x3E, 0x84, 0xBA, 0xFF, 0x49, 0x92, 0xC9, 0xFF,
0x42, 0x91, 0xC7, 0xFF, 0x43, 0x8E, 0xC0, 0xFF, 0x3D, 0x9A, 0xCC, 0xFF, 0x3F, 0x9F, 0xD9, 0xFF,
0x0E, 0x1C, 0x24, 0xEF, 0x00, 0x00, 0x00, 0x8B, 0x29, 0x5C, 0x7C, 0xFC, 0x00, 0x00, 0x00, 0xA3,
0x3D, 0xA5, 0xD7, 0xFF, 0x3B, 0xA9, 0xE1, 0xFF, 0x43, 0xAE, 0xDD, 0xFF, 0x3C, 0xB2, 0xE6, 0xFF,
0x2C, 0x82, 0xAE, 0xFF, 0x01, 0x04, 0x04, 0xAD, 0x32, 0x94, 0xC5, 0xFF, 0x02, 0x07, 0x0A, 0xB1,
0x49, 0x89, 0xC1, 0xFF, 0x4F, 0x93, 0xCA, 0xFF, 0x51, 0x8F, 0xC8, 0xFF, 0x53, 0x93, 0xCB, 0xFF,
0x41, 0x86, 0xBC, 0xFF, 0x45, 0x8D, 0xC3, 0xFF, 0x49, 0x8A, 0xC1, 0xFF, 0x47, 0x88, 0xBC, 0xFF,
0x54, 0x90, 0xC9, 0xFF, 0x5B, 0x98, 0xD0, 0xFF, 0x63, 0x9D, 0xD5, 0xFF, 0x64, 0x9B, 0xD4, 0xFF,
0x53, 0x91, 0xC9, 0xFF, 0x4E, 0x8D, 0xC3, 0xFF, 0x52, 0x8A, 0xC4, 0xFF, 0x58, 0x96, 0xCB, 0xFF,
0x4F, 0xBB, 0xE4, 0xFF, 0x44, 0xBE, 0xEE, 0xFF, 0x5A, 0xC0, 0xE5, 0xFF, 0x4E, 0xC5, 0xF1, 0xFF,
0x37, 0x9E, 0xCD, 0xFF, 0x03, 0x08, 0x0A, 0xB2, 0x3C, 0xA4, 0xCF, 0xFF, 0x02, 0x08, 0x0A, 0xB2,
0x5F, 0xC1, 0xE5, 0xFF, 0x4F, 0xC3, 0xF1, 0xFF, 0x6F, 0xCC, 0xED, 0xFF, 0x58, 0xC7, 0xF4, 0xFF,
0x3D, 0xA2, 0xCF, 0xFF, 0x03, 0x08, 0x0A, 0xB1, 0x37, 0x9A, 0xC8, 0xFF, 0x02, 0x07, 0x09, 0xAE,
0x00, 0x00, 0x00, 0x00, 0x00, 0x00, 0x00, 0x00, 0x00, 0x00, 0x00, 0x00, 0x00, 0x00, 0x00, 0x00,
0x00, 0x00, 0x00, 0x00, 0x00, 0x00, 0x00, 0x00, 0x00, 0x00, 0x00, 0x00, 0x00, 0x00, 0x00, 0x00,
0x00, 0x00, 0x00, 0x00, 0x00, 0x00, 0x00, 0x00, 0x00, 0x00, 0x00, 0x00, 0x00, 0x00, 0x00, 0x00,
0x00, 0x00, 0x00, 0x00, 0x00, 0x00, 0x00, 0x00, 0x00, 0x00, 0x00, 0x00, 0x00, 0x00, 0x00, 0x00,
0x00, 0x00, 0x00, 0x00, 0x00, 0x00, 0x00, 0x00, 0x00, 0x00, 0x00, 0x00, 0x00, 0x00, 0x00, 0x00,
0x00, 0x00, 0x00, 0x00, 0x00, 0x00, 0x00, 0x00, 0x00, 0x00, 0x00, 0x00, 0x00, 0x00, 0x00, 0x00,
0x00, 0x00, 0x00, 0x00, 0x00, 0x00, 0x00, 0x00, 0x00, 0x00, 0x00, 0x00, 0x00, 0x00, 0x00, 0x00,
0x00, 0x00, 0x00, 0x00, 0x00, 0x00, 0x00, 0x00, 0x00, 0x00, 0x00, 0x00, 0x00, 0x00, 0x00, 0x00,
0x00, 0x00, 0x00, 0x00, 0x00, 0x00, 0x00, 0x00, 0x00, 0x00, 0x00, 0x00, 0x00, 0x00, 0x00, 0x00,
0x00, 0x00, 0x00, 0x00, 0x00, 0x00, 0x00, 0x00, 0x00, 0x00, 0x00, 0x00, 0x00, 0x00, 0x00, 0x00,
0x00, 0x00, 0x00, 0x0C, 0x00, 0x00, 0x00, 0x00, 0x00, 0x00, 0x00, 0x1A, 0x00, 0x00, 0x00, 0x00,
0x00, 0x00, 0x00, 0x00, 0x00, 0x00, 0x00, 0x00, 0x00, 0x00, 0x00, 0x00, 0x00, 0x00, 0x00, 0x00,
0x00, 0x00, 0x00, 0x00, 0x00, 0x00, 0x00, 0x00, 0x00, 0x00, 0x00, 0x00, 0x00, 0x00, 0x00, 0x00,
0x00, 0x00, 0x00, 0x00, 0x00, 0x00, 0x00, 0x00, 0x00, 0x00, 0x00, 0x00, 0x00, 0x00, 0x00, 0x00,
0x00, 0x00, 0x00, 0x00, 0x00, 0x00, 0x00, 0x00, 0x00, 0x00, 0x00, 0x00, 0x00, 0x00, 0x00, 0x00,
0x00, 0x00, 0x00, 0x00, 0x00, 0x00, 0x00, 0x00, 0x00, 0x00, 0x00, 0x00, 0x00, 0x00, 0x00, 0x00,
0x00, 0x00, 0x00, 0x00, 0x00, 0x00, 0x00, 0x00, 0x00, 0x00, 0x00, 0x00, 0x00, 0x00, 0x00, 0x00,
0x00, 0x00, 0x00, 0x00, 0x00, 0x00, 0x00, 0x00, 0x00, 0x00, 0x00, 0x00, 0x00, 0x00, 0x00, 0x00,
0x00, 0x00, 0x00, 0x00, 0x00, 0x00, 0x00, 0x00, 0x00, 0x00, 0x00, 0x00, 0x00, 0x00, 0x00, 0x00,
0x00, 0x00, 0x00, 0x00, 0x00, 0x00, 0x00, 0x00, 0x00, 0x00, 0x00, 0x00, 0x00, 0x00, 0x00, 0x00,
0x00, 0x00, 0x00, 0x00, 0x00, 0x00, 0x00, 0x00, 0x00, 0x00, 0x00, 0x00, 0x00, 0x00, 0x00, 0x00,
0x00, 0x00, 0x00, 0x00, 0x00, 0x00, 0x00, 0x00, 0x00, 0x00, 0x00, 0x00, 0x00, 0x00, 0x00, 0x00,
0x00, 0x00, 0x00, 0x00, 0x00, 0x00, 0x00, 0x00, 0x00, 0x00, 0x00, 0x00, 0x00, 0x00, 0x00, 0x00,
0x00, 0x00, 0x00, 0x00, 0x00, 0x00, 0x00, 0x00, 0x00, 0x00, 0x00, 0x00, 0x00, 0x00, 0x00, 0x00,
0x00, 0x00, 0x00, 0x00, 0x00, 0x00, 0x00, 0x00, 0x00, 0x00, 0x00, 0x00, 0x00, 0x00, 0x00, 0x00,
0x00, 0x00, 0x00, 0x00, 0x00, 0x00, 0x00, 0x00, 0x00, 0x00, 0x00, 0x00, 0x00, 0x00, 0x00, 0x00,
0x00, 0x00, 0x00, 0x00, 0x00, 0x00, 0x00, 0x00, 0x00, 0x00, 0x00, 0x00, 0x00, 0x00, 0x00, 0x00,
0x00, 0x00, 0x00, 0x00, 0x00, 0x00, 0x00, 0x00, 0x00, 0x00, 0x00, 0x00, 0x00, 0x00, 0x00, 0x00,
0x00, 0x00, 0x00, 0x00, 0x00, 0x00, 0x00, 0x00, 0x00, 0x00, 0x00, 0x00, 0x00, 0x00, 0x00, 0x00,
0x00, 0x00, 0x00, 0x00, 0x00, 0x00, 0x00, 0x00, 0x00, 0x00, 0x00, 0x00, 0x00, 0x00, 0x00, 0x00,
0x00, 0x00, 0x00, 0x00, 0x00, 0x00, 0x00, 0x00, 0x00, 0x00, 0x00, 0x00, 0x00, 0x00, 0x00, 0x00,
0x00, 0x00, 0x00, 0x00, 0x00, 0x00, 0x00, 0x00, 0x00, 0x00, 0x00, 0x00, 0x00, 0x00, 0x00, 0x00,
0x00, 0x00, 0x00, 0x2B, 0x00, 0x00, 0x00, 0x00, 0x00, 0x00, 0x00, 0x38, 0x00, 0x00, 0x00, 0x05,
0x00, 0x00, 0x00, 0x00, 0x00, 0x00, 0x00, 0x00, 0x00, 0x00, 0x00, 0x00, 0x00, 0x00, 0x00, 0x00,
0x00, 0x00, 0x00, 0x3F, 0x00, 0x00, 0x00, 0x0A, 0x00, 0x00, 0x00, 0x43, 0x00, 0x00, 0x00, 0x09,
0x00, 0x00, 0x00, 0x00, 0x00, 0x00, 0x00, 0x00, 0x00, 0x00, 0x00, 0x00, 0x00, 0x00, 0x00, 0x00,
0x00, 0x00, 0x00, 0x00, 0x00, 0x00, 0x00, 0x00, 0x00, 0x00, 0x00, 0x00, 0x00, 0x00, 0x00, 0x00,
0x00, 0x00, 0x00, 0x00, 0x00, 0x00, 0x00, 0x00, 0x00, 0x00, 0x00, 0x00, 0x00, 0x00, 0x00, 0x00,
0x00, 0x00, 0x00, 0x00, 0x00, 0x00, 0x00, 0x00, 0x00, 0x00, 0x00, 0x00, 0x00, 0x00, 0x00, 0x00,
0x00, 0x00, 0x00, 0x00, 0x00, 0x00, 0x00, 0x00, 0x00, 0x00, 0x00, 0x00, 0x00, 0x00, 0x00, 0x00,
0x00, 0x00, 0x00, 0x42, 0x00, 0x00, 0x00, 0x0A, 0x00, 0x00, 0x00, 0x42, 0x00, 0x00, 0x00, 0x09,
0x00, 0x00, 0x00, 0x00, 0x00, 0x00, 0x00, 0x00, 0x00, 0x00, 0x00, 0x00, 0x00, 0x00, 0x00, 0x00,
0x00, 0x00, 0x00, 0x42, 0x00, 0x00, 0x00, 0x09, 0x00, 0x00, 0x00, 0x41, 0x00, 0x00, 0x00, 0x0A,
0x00, 0x00, 0x00, 0x00, 0x00, 0x00, 0x00, 0x00, 0x00, 0x00, 0x00, 0x00, 0x00, 0x00, 0x00, 0x00,
0x00, 0x00, 0x00, 0x00, 0x00, 0x00, 0x00, 0x00, 0x00, 0x00, 0x00, 0x00, 0x00, 0x00, 0x00, 0x00,
0x00, 0x00, 0x00, 0x00, 0x00, 0x00, 0x00, 0x00, 0x00, 0x00, 0x00, 0x00, 0x00, 0x00, 0x00, 0x00,
0x00, 0x00, 0x00, 0x00, 0x00, 0x00, 0x00, 0x00, 0x00, 0x00, 0x00, 0x00, 0x00, 0x00, 0x00, 0x00,
0x00, 0x00, 0x00, 0x00, 0x00, 0x00, 0x00, 0x00, 0x00, 0x00, 0x00, 0x00, 0x00, 0x00, 0x00, 0x00,
0x00, 0x00, 0x00, 0x00, 0x00, 0x00, 0x00, 0x00, 0x00, 0x00, 0x00, 0x00, 0x00, 0x00, 0x00, 0x00,
0x00, 0x00, 0x00, 0x00, 0x00, 0x00, 0x00, 0x00, 0x00, 0x00, 0x00, 0x00, 0x00, 0x00, 0x00, 0x00,
0x00, 0x00, 0x00, 0x00, 0x00, 0x00, 0x00, 0x00, 0x00, 0x00, 0x00, 0x00, 0x00, 0x00, 0x00, 0x00,
0x00, 0x00, 0x00, 0x00, 0x00, 0x00, 0x00, 0x00, 0x00, 0x00, 0x00, 0x00, 0x00, 0x00, 0x00, 0x00,
0x00, 0x00, 0x00, 0x00, 0x00, 0x00, 0x00, 0x00, 0x00, 0x00, 0x00, 0x00, 0x00, 0x00, 0x00, 0x00,
0x00, 0x00, 0x00, 0x00, 0x00, 0x00, 0x00, 0x00, 0x00, 0x00, 0x00, 0x00, 0x00, 0x00, 0x00, 0x00,
0x00, 0x00, 0x00, 0x00, 0x00, 0x00, 0x00, 0x00, 0x00, 0x00, 0x00, 0x00, 0x00, 0x00, 0x00, 0x00,
0x00, 0x00, 0x00, 0x00, 0x00, 0x00, 0x00, 0x00, 0x00, 0x00, 0x00, 0x00, 0x00, 0x00, 0x00, 0x00,
0x00, 0x00, 0x00, 0x00, 0x00, 0x00, 0x00, 0x00, 0x00, 0x00, 0x00, 0x00, 0x00, 0x00, 0x00, 0x00,
0x00, 0x00, 0x00, 0x00, 0x00, 0x00, 0x00, 0x00, 0x00, 0x00, 0x00, 0x00, 0x00, 0x00, 0x00, 0x00,
0x00, 0x00, 0x00, 0x00, 0x00, 0x00, 0x00, 0x00, 0x00, 0x00, 0x00, 0x00, 0x00, 0x00, 0x00, 0x00,
0x00, 0x00, 0x00, 0x00, 0x00, 0x00, 0x00, 0x00, 0x00, 0x00, 0x00, 0x00, 0x00, 0x00, 0x00, 0x00,
0x00, 0x00, 0x00, 0x00, 0x00, 0x00, 0x00, 0x00, 0x00, 0x00, 0x00, 0x00, 0x00, 0x00, 0x00, 0x00,
0x00, 0x00, 0x00, 0x00, 0x00, 0x00, 0x00, 0x00, 0x00, 0x00, 0x00, 0x00, 0x00, 0x00, 0x00, 0x00,
0x00, 0x00, 0x00, 0x00, 0x00, 0x00, 0x00, 0x00, 0x00, 0x00, 0x00, 0x00, 0x00, 0x00, 0x00, 0x00,
0x00, 0x00, 0x00, 0x00, 0x00, 0x00, 0x00, 0x00, 0x00, 0x00, 0x00, 0x00, 0x00, 0x00, 0x00, 0x00,
0x00, 0x00, 0x00, 0x00, 0x00, 0x00, 0x00, 0x15, 0x00, 0x00, 0x00, 0x25, 0x00, 0x00, 0x00, 0x44,
0x00, 0x00, 0x00, 0x59, 0x01, 0x02, 0x02, 0xC7, 0x00, 0x00, 0x00, 0x8D, 0x06, 0x08, 0x08, 0xE3,
0x00, 0x00, 0x00, 0x7F, 0x00, 0x00, 0x00, 0xA2, 0x06, 0x08, 0x07, 0xE7, 0x0D, 0x10, 0x0F, 0xF4,
0x00, 0x00, 0x00, 0xD6, 0x22, 0x29, 0x27, 0xFD, 0x29, 0x2F, 0x29, 0xFF, 0x44, 0x50, 0x45, 0xFF,
0x28, 0x3B, 0x3E, 0xFF, 0x30, 0x49, 0x4B, 0xFF, 0x2F, 0x40, 0x42, 0xFF, 0x31, 0x45, 0x42, 0xFF,
0x3E, 0x5D, 0x6E, 0xFF, 0x66, 0x9D, 0xD5, 0xFF, 0x4E, 0x6D, 0x7D, 0xFF, 0x76, 0xA8, 0xE5, 0xFF,
0x3B, 0x4A, 0x48, 0xFF, 0x31, 0x41, 0x39, 0xFF, 0x3A, 0x46, 0x3C, 0xFF, 0x36, 0x48, 0x49, 0xFF,
0x5C, 0x80, 0x9C, 0xFF, 0x7B, 0xAF, 0xE9, 0xFF, 0x7E, 0xA8, 0xD4, 0xFF, 0x92, 0xBE, 0xF0, 0xFF,
0x41, 0x4F, 0x4E, 0xFF, 0x44, 0x55, 0x4F, 0xFF, 0x43, 0x50, 0x4C, 0xFF, 0x41, 0x50, 0x47, 0xFF,
0x4B, 0x5A, 0x4E, 0xFF, 0x3D, 0x48, 0x38, 0xFF, 0x4B, 0x56, 0x46, 0xFF, 0x51, 0x65, 0x65, 0xFF,
0x63, 0x77, 0x77, 0xFF, 0x85, 0x98, 0x9A, 0xFF, 0xAE, 0xD2, 0xEC, 0xFF, 0xCF, 0xEA, 0xFF, 0xFF,
0x98, 0xB4, 0xC5, 0xFF, 0xBB, 0xD7, 0xF4, 0xFF, 0xD8, 0xED, 0xFF, 0xFF, 0xDA, 0xEA, 0xFE, 0xFF,
0x3D, 0x4C, 0x3F, 0xFF, 0x69, 0x91, 0xB4, 0xFF, 0x7F, 0xA6, 0xC6, 0xFF, 0x9C, 0xC4, 0xF4, 0xFF,
0x9A, 0xC4, 0xF4, 0xFF, 0x94, 0xC1, 0xEB, 0xFF, 0xA0, 0xCD, 0xEF, 0xFF, 0x66, 0xCB, 0xF0, 0xFF,
0xAB, 0xD3, 0xFF, 0xFF, 0xAF, 0xCC, 0xF3, 0xFF, 0xBB, 0xD7, 0xF8, 0xFF, 0xB7, 0xD5, 0xF5, 0xFF,
0x92, 0xCF, 0xF1, 0xFF, 0x5E, 0xC9, 0xF1, 0xFF, 0xB7, 0xE1, 0xF8, 0xFF, 0xC3, 0xEA, 0xF9, 0xFF,
0x6E, 0xA7, 0xDE, 0xFF, 0x68, 0x9F, 0xD8, 0xFF, 0x75, 0xA8, 0xE0, 0xFF, 0x6F, 0xA5, 0xDC, 0xFF,
0x5C, 0x90, 0xCC, 0xFF, 0x68, 0xA2, 0xD5, 0xFF, 0x67, 0x9A, 0xD4, 0xFF, 0x70, 0xAC, 0xDD, 0xFF,
0x75, 0xA7, 0xDE, 0xFF, 0x77, 0xAB, 0xE2, 0xFF, 0x8A, 0xB5, 0xE9, 0xFF, 0x7A, 0xA5, 0xDB, 0xFF,
0x69, 0x9C, 0xD5, 0xFF, 0x75, 0xBA, 0xDF, 0xFF, 0x6A, 0xA2, 0xD4, 0xFF, 0x8E, 0xDF, 0xF2, 0xFF,
0x77, 0xD5, 0xF2, 0xFF, 0x5B, 0xCC, 0xF5, 0xFF, 0x7D, 0xDB, 0xF7, 0xFF, 0x61, 0xD5, 0xFF, 0xFF,
0x3B, 0x95, 0xBE, 0xFD, 0x01, 0x04, 0x05, 0xA8, 0x37, 0x86, 0xA8, 0xF9, 0x00, 0x00, 0x00, 0x9C,
0x86, 0xE7, 0xFE, 0xFF, 0x63, 0xD8, 0xFF, 0xFF, 0x8F, 0xEF, 0xFF, 0xFF, 0x62, 0xC9, 0xEB, 0xFF,
0x22, 0x56, 0x6C, 0xEF, 0x00, 0x00, 0x00, 0x8A, 0x09, 0x17, 0x1D, 0xCD, 0x00, 0x00, 0x00, 0x68,
0x7F, 0xBF, 0xE8, 0xFF, 0x78, 0xC6, 0xE9, 0xFF, 0x5E, 0xD1, 0xF4, 0xFF, 0x70, 0xDC, 0xFA, 0xFF,
0x8C, 0xE2, 0xF6, 0xFF, 0x9A, 0xF2, 0xFE, 0xFF, 0x8B, 0xEC, 0xFF, 0xFF, 0x9A, 0xFC, 0xFF, 0xFF,
0x74, 0xCF, 0xF4, 0xFF, 0x77, 0xC9, 0xE7, 0xFF, 0xBF, 0xD3, 0xD9, 0xFF, 0x7B, 0x94, 0x94, 0xFF,
0x5F, 0xAF, 0xC5, 0xFF, 0x47, 0x81, 0x8B, 0xFB, 0x3F, 0x54, 0x56, 0xFF, 0x14, 0x19, 0x1A, 0xFC,
0x99, 0xFC, 0xFF, 0xFF, 0x42, 0x79, 0x87, 0xEB, 0x71, 0xB8, 0xC1, 0xF3, 0x09, 0x0F, 0x0F, 0xAC,
0x00, 0x00, 0x00, 0x92, 0x00, 0x00, 0x00, 0x3A, 0x00, 0x00, 0x00, 0x4F, 0x00, 0x00, 0x00, 0x17,
0x0B, 0x11, 0x12, 0xD1, 0x00, 0x00, 0x00, 0x78, 0x00, 0x00, 0x00, 0xD7, 0x00, 0x00, 0x00, 0x81,
0x00, 0x00, 0x00, 0x28, 0x00, 0x00, 0x00, 0x02, 0x00, 0x00, 0x00, 0x2F, 0x00, 0x00, 0x00, 0x0A,
0x6E, 0xC8, 0xF8, 0xFF, 0x7A, 0xC4, 0xF5, 0xFF, 0x88, 0xE1, 0xFF, 0xFF, 0x8B, 0xDC, 0xFF, 0xFF,
0x88, 0xC5, 0xF2, 0xFF, 0xB1, 0xD8, 0xF3, 0xFF, 0x86, 0xCD, 0xF8, 0xFF, 0x8B, 0xC2, 0xE6, 0xFF,
0x4B, 0x79, 0x91, 0xE1, 0x65, 0x96, 0xAC, 0xEF, 0x00, 0x00, 0x00, 0x75, 0x00, 0x00, 0x00, 0x96,
0x93, 0xC4, 0xE1, 0xFE, 0x9E, 0xCA, 0xDD, 0xFF, 0x1C, 0x23, 0x27, 0xCC, 0x76, 0x8E, 0x97, 0xF9,
0xD5, 0xE8, 0xFA, 0xFF, 0xD1, 0xE4, 0xFB, 0xFF, 0x9A, 0xC3, 0xDD, 0xFF, 0xCF, 0xE5, 0xF7, 0xFF,
0xCD, 0xE3, 0xF8, 0xFF, 0xB6, 0xC6, 0xCA, 0xFF, 0xD0, 0xE6, 0xFD, 0xFF, 0xB0, 0xC7, 0xD6, 0xFF,
0x85, 0xAB, 0xBB, 0xFF, 0x9C, 0xB7, 0xC3, 0xFF, 0x91, 0xAD, 0xB3, 0xFF, 0x7D, 0x94, 0x92, 0xFF,
0xD2, 0xE7, 0xFA, 0xFF, 0xCC, 0xE4, 0xFF, 0xFF, 0xB6, 0xCC, 0xD6, 0xFF, 0xD0, 0xE8, 0xFF, 0xFF,
0x00, 0x00, 0x00, 0x20, 0x00, 0x00, 0x00, 0x3B, 0x00, 0x00, 0x00, 0x00, 0x00, 0x00, 0x00, 0x13,
0x00, 0x00, 0x00, 0x82, 0x1C, 0x1F, 0x1E, 0xDD, 0x00, 0x00, 0x00, 0x55, 0x04, 0x04, 0x04, 0xC3,
0x00, 0x00, 0x00, 0x00, 0x00, 0x00, 0x00, 0x0E, 0x00, 0x00, 0x00, 0x00, 0x00, 0x00, 0x00, 0x0E,
0x00, 0x00, 0x00, 0x4A, 0x02, 0x02, 0x02, 0xBC, 0x00, 0x00, 0x00, 0x4B, 0x04, 0x05, 0x05, 0xBA,
0x8A, 0x97, 0x92, 0xFF, 0x7B, 0x87, 0x7C, 0xFF, 0x68, 0x6E, 0x68, 0xFF, 0x72, 0x7D, 0x73, 0xFF,
0x96, 0xAA, 0xB1, 0xFF, 0xD8, 0xED, 0xFF, 0xFF, 0x88, 0x98, 0x99, 0xFF, 0xD6, 0xEB, 0xFF, 0xFF,
0x59, 0x5F, 0x57, 0xFF, 0x69, 0x74, 0x68, 0xFF, 0x55, 0x5F, 0x5A, 0xFF, 0x67, 0x72, 0x65, 0xFF,
0x7F, 0x8D, 0x88, 0xFF, 0xDE, 0xF0, 0xFF, 0xFF, 0x7F, 0x8C, 0x84, 0xFF, 0xDF, 0xEF, 0xFC, 0xFF,
0x7F, 0x91, 0x91, 0xFF, 0x5D, 0x7A, 0x7D, 0xFF, 0x81, 0x9C, 0xA4, 0xFF, 0x69, 0x8B, 0x93, 0xFF,
0x6B, 0x8D, 0x97, 0xFF, 0x68, 0x95, 0xA8, 0xFF, 0x64, 0x91, 0xA0, 0xFF, 0x68, 0xA5, 0xC1, 0xFF,
0xD0, 0xE5, 0xFB, 0xFF, 0xBD, 0xD8, 0xF2, 0xFF, 0xCD, 0xE3, 0xFC, 0xFF, 0xC6, 0xE0, 0xFF, 0xFF,
0x99, 0xC1, 0xDF, 0xFF, 0x67, 0xAE, 0xD4, 0xFF, 0xC8, 0xE2, 0xFF, 0xFF, 0x95, 0xCD, 0xF3, 0xFF,
0x2F, 0x51, 0x60, 0xFC, 0x00, 0x00, 0x00, 0xC2, 0x69, 0xBC, 0xE7, 0xFF, 0x27, 0x46, 0x59, 0xF8,
0x00, 0x00, 0x00, 0x64, 0x00, 0x00, 0x00, 0x20, 0x00, 0x00, 0x00, 0xA8, 0x00, 0x00, 0x00, 0x48,
0x66, 0xBF, 0xEE, 0xFF, 0x65, 0xB2, 0xDD, 0xFF, 0x64, 0xB9, 0xE9, 0xFF, 0x79, 0xCF, 0xFF, 0xFF,
0x0C, 0x13, 0x18, 0xDD, 0x00, 0x00, 0x00, 0x75, 0x30, 0x55, 0x69, 0xF7, 0x00, 0x00, 0x00, 0x97,
0xD2, 0xE6, 0xFB, 0xFF, 0xC5, 0xE1, 0xFB, 0xFF, 0xD0, 0xE6, 0xFC, 0xFF, 0xC1, 0xE0, 0xFA, 0xFF,
0xCA, 0xE2, 0xFB, 0xFF, 0xB8, 0xDD, 0xFB, 0xFF, 0xD9, 0xEA, 0xFD, 0xFF, 0xC3, 0xE1, 0xFD, 0xFF,
0xDE, 0xEE, 0xFF, 0xFF, 0xD5, 0xEB, 0xFC, 0xFF, 0xDA, 0xED, 0xFD, 0xFF, 0xD4, 0xE9, 0xFA, 0xFF,
0xD9, 0xEA, 0xFA, 0xFF, 0xC9, 0xE4, 0xFB, 0xFF, 0xD1, 0xE6, 0xFA, 0xFF, 0xC7, 0xE3, 0xF9, 0xFF,
0x6D, 0xC6, 0xF3, 0xFF, 0x70, 0xD0, 0xFF, 0xFF, 0x74, 0xCF, 0xF9, 0xFF, 0x6C, 0xD2, 0xFF, 0xFF,
0x4D, 0x90, 0xB0, 0xFD, 0x01, 0x01, 0x01, 0xA7, 0x57, 0xA5, 0xCD, 0xFE, 0x04, 0x06, 0x07, 0xAD,
0x73, 0xD2, 0xFA, 0xFF, 0x68, 0xD4, 0xFE, 0xFF, 0x77, 0xD6, 0xFA, 0xFF, 0x6C, 0xD6, 0xFF, 0xFF,
0x5A, 0xB1, 0xDB, 0xFF, 0x04, 0x08, 0x0A, 0xB0, 0x5D, 0xB3, 0xD9, 0xFF, 0x05, 0x09, 0x0A, 0xB1,
0x00, 0x00, 0x00, 0x3C, 0x00, 0x00, 0x00, 0x07, 0x00, 0x00, 0x00, 0x35, 0x00, 0x00, 0x00, 0x05,
0x00, 0x00, 0x00, 0x00, 0x00, 0x00, 0x00, 0x00, 0x00, 0x00, 0x00, 0x00, 0x00, 0x00, 0x00, 0x00,
0x00, 0x00, 0x00, 0x29, 0x00, 0x00, 0x00, 0x00, 0x00, 0x00, 0x00, 0x1C, 0x00, 0x00, 0x00, 0x00,
0x00, 0x00, 0x00, 0x00, 0x00, 0x00, 0x00, 0x00, 0x00, 0x00, 0x00, 0x00, 0x00, 0x00, 0x00, 0x00,
0x00, 0x00, 0x00, 0x00, 0x00, 0x00, 0x00, 0x00, 0x00, 0x00, 0x00, 0x00, 0x00, 0x00, 0x00, 0x00,
0x00, 0x00, 0x00, 0x00, 0x00, 0x00, 0x00, 0x00, 0x00, 0x00, 0x00, 0x00, 0x00, 0x00, 0x00, 0x00,
0x00, 0x00, 0x00, 0x00, 0x00, 0x00, 0x00, 0x00, 0x00, 0x00, 0x00, 0x00, 0x00, 0x00, 0x00, 0x00,
0x00, 0x00, 0x00, 0x00, 0x00, 0x00, 0x00, 0x00, 0x00, 0x00, 0x00, 0x00, 0x00, 0x00, 0x00, 0x00,
0x00, 0x00, 0x00, 0x10, 0x00, 0x00, 0x00, 0x00, 0x00, 0x00, 0x00, 0x00, 0x00, 0x00, 0x00, 0x00,
0x00, 0x00, 0x00, 0x00, 0x00, 0x00, 0x00, 0x00, 0x00, 0x00, 0x00, 0x00, 0x00, 0x00, 0x00, 0x00,
0x00, 0x00, 0x00, 0x00, 0x00, 0x00, 0x00, 0x00, 0x00, 0x00, 0x00, 0x00, 0x00, 0x00, 0x00, 0x00,
0x00, 0x00, 0x00, 0x00, 0x00, 0x00, 0x00, 0x00, 0x00, 0x00, 0x00, 0x00, 0x00, 0x00, 0x00, 0x00,
0x00, 0x00, 0x00, 0x00, 0x00, 0x00, 0x00, 0x00, 0x00, 0x00, 0x00, 0x00, 0x00, 0x00, 0x00, 0x00,
0x00, 0x00, 0x00, 0x00, 0x00, 0x00, 0x00, 0x00, 0x00, 0x00, 0x00, 0x00, 0x00, 0x00, 0x00, 0x00,
0x00, 0x00, 0x00, 0x00, 0x00, 0x00, 0x00, 0x00, 0x00, 0x00, 0x00, 0x00, 0x00, 0x00, 0x00, 0x00,
0x00, 0x00, 0x00, 0x00, 0x00, 0x00, 0x00, 0x00, 0x00, 0x00, 0x00, 0x00, 0x00, 0x00, 0x00, 0x00,
0x00, 0x00, 0x00, 0x00, 0x00, 0x00, 0x00, 0x00, 0x00, 0x00, 0x00, 0x00, 0x00, 0x00, 0x00, 0x00,
0x00, 0x00, 0x00, 0x00, 0x00, 0x00, 0x00, 0x00, 0x00, 0x00, 0x00, 0x00, 0x00, 0x00, 0x00, 0x00,
0x00, 0x00, 0x00, 0x00, 0x00, 0x00, 0x00, 0x00, 0x00, 0x00, 0x00, 0x00, 0x00, 0x00, 0x00, 0x00,
0x00, 0x00, 0x00, 0x00, 0x00, 0x00, 0x00, 0x00, 0x00, 0x00, 0x00, 0x00, 0x00, 0x00, 0x00, 0x00,
0x00, 0x00, 0x00, 0x00, 0x00, 0x00, 0x00, 0x00, 0x00, 0x00, 0x00, 0x00, 0x00, 0x00, 0x00, 0x00,
0x00, 0x00, 0x00, 0x00, 0x00, 0x00, 0x00, 0x00, 0x00, 0x00, 0x00, 0x00, 0x00, 0x00, 0x00, 0x00,
0x00, 0x00, 0x00, 0x00, 0x00, 0x00, 0x00, 0x00, 0x00, 0x00, 0x00, 0x00, 0x00, 0x00, 0x00, 0x00,
0x00, 0x00, 0x00, 0x00, 0x00, 0x00, 0x00, 0x00, 0x00, 0x00, 0x00, 0x00, 0x00, 0x00, 0x00, 0x00,
0x00, 0x00, 0x00, 0x00, 0x00, 0x00, 0x00, 0x00, 0x00, 0x00, 0x00, 0x00, 0x00, 0x00, 0x00, 0x00,
0x00, 0x00, 0x00, 0x00, 0x00, 0x00, 0x00, 0x00, 0x00, 0x00, 0x00, 0x00, 0x00, 0x00, 0x00, 0x00,
0x00, 0x00, 0x00, 0x00, 0x00, 0x00, 0x00, 0x00, 0x00, 0x00, 0x00, 0x00, 0x00, 0x00, 0x00, 0x00,
0x00, 0x00, 0x00, 0x00, 0x00, 0x00, 0x00, 0x00, 0x00, 0x00, 0x00, 0x00, 0x00, 0x00, 0x00, 0x00,
0x00, 0x00, 0x00, 0x00, 0x00, 0x00, 0x00, 0x00, 0x00, 0x00, 0x00, 0x00, 0x00, 0x00, 0x00, 0x00,
0x00, 0x00, 0x00, 0x00, 0x00, 0x00, 0x00, 0x00, 0x00, 0x00, 0x00, 0x00, 0x00, 0x00, 0x00, 0x00,
0x00, 0x00, 0x00, 0x00, 0x00, 0x00, 0x00, 0x00, 0x00, 0x00, 0x00, 0x00, 0x00, 0x00, 0x00, 0x00,
0x00, 0x00, 0x00, 0x00, 0x00, 0x00, 0x00, 0x00, 0x00, 0x00, 0x00, 0x00, 0x00, 0x00, 0x00, 0x00,
0x00, 0x00, 0x00, 0x03, 0x00, 0x00, 0x00, 0x00, 0x00, 0x00, 0x00, 0x12, 0x00, 0x00, 0x00, 0x00,
0x00, 0x00, 0x00, 0x00, 0x00, 0x00, 0x00, 0x00, 0x00, 0x00, 0x00, 0x00, 0x00, 0x00, 0x00, 0x00,
0x00, 0x00, 0x00, 0x22, 0x00, 0x00, 0x00, 0x00, 0x00, 0x00, 0x00, 0x31, 0x00, 0x00, 0x00, 0x02,
0x00, 0x00, 0x00, 0x00, 0x00, 0x00, 0x00, 0x00, 0x00, 0x00, 0x00, 0x00, 0x00, 0x00, 0x00, 0x00,
0x00, 0x00, 0x00, 0x00, 0x00, 0x00, 0x00, 0x00, 0x00, 0x00, 0x00, 0x00, 0x00, 0x00, 0x00, 0x00,
0x00, 0x00, 0x00, 0x00, 0x00, 0x00, 0x00, 0x00, 0x00, 0x00, 0x00, 0x00, 0x00, 0x00, 0x00, 0x00,
0x00, 0x00, 0x00, 0x00, 0x00, 0x00, 0x00, 0x00, 0x00, 0x00, 0x00, 0x00, 0x00, 0x00, 0x00, 0x00,
0x00, 0x00, 0x00, 0x00, 0x00, 0x00, 0x00, 0x00, 0x00, 0x00, 0x00, 0x00, 0x00, 0x00, 0x00, 0x00,
0x00, 0x00, 0x00, 0x3B, 0x00, 0x00, 0x00, 0x07, 0x00, 0x00, 0x00, 0x40, 0x00, 0x00, 0x00, 0x0A,
0x00, 0x00, 0x00, 0x00, 0x00, 0x00, 0x00, 0x00, 0x00, 0x00, 0x00, 0x00, 0x00, 0x00, 0x00, 0x00,
0x00, 0x00, 0x00, 0x42, 0x00, 0x00, 0x00, 0x0A, 0x00, 0x00, 0x00, 0x42, 0x00, 0x00, 0x00, 0x0A,
0x00, 0x00, 0x00, 0x00, 0x00, 0x00, 0x00, 0x00, 0x00, 0x00, 0x00, 0x00, 0x00, 0x00, 0x00, 0x00,
0x00, 0x00, 0x00, 0x00, 0x00, 0x00, 0x00, 0x00, 0x00, 0x00, 0x00, 0x00, 0x00, 0x00, 0x00, 0x00,
0x00, 0x00, 0x00, 0x00, 0x00, 0x00, 0x00, 0x00, 0x00, 0x00, 0x00, 0x00, 0x00, 0x00, 0x00, 0x00,
0x00, 0x00, 0x00, 0x00, 0x00, 0x00, 0x00, 0x00, 0x00, 0x00, 0x00, 0x00, 0x00, 0x00, 0x00, 0x00,
0x00, 0x00, 0x00, 0x00, 0x00, 0x00, 0x00, 0x00, 0x00, 0x00, 0x00, 0x00, 0x00, 0x00, 0x00, 0x00,
0x00, 0x00, 0x00, 0x00, 0x00, 0x00, 0x00, 0x00, 0x00, 0x00, 0x00, 0x00, 0x00, 0x00, 0x00, 0x00,
0x00, 0x00, 0x00, 0x00, 0x00, 0x00, 0x00, 0x00, 0x00, 0x00, 0x00, 0x00, 0x00, 0x00, 0x00, 0x00,
0x00, 0x00, 0x00, 0x00, 0x00, 0x00, 0x00, 0x00, 0x00, 0x00, 0x00, 0x00, 0x00, 0x00, 0x00, 0x00,
0x00, 0x00, 0x00, 0x00, 0x00, 0x00, 0x00, 0x00, 0x00, 0x00, 0x00, 0x00, 0x00, 0x00, 0x00, 0x00,
0x00, 0x00, 0x00, 0x00, 0x00, 0x00, 0x00, 0x00, 0x00, 0x00, 0x00, 0x00, 0x00, 0x00, 0x00, 0x00,
0x00, 0x00, 0x00, 0x00, 0x00, 0x00, 0x00, 0x00, 0x00, 0x00, 0x00, 0x00, 0x00, 0x00, 0x00, 0x00,
0x00, 0x00, 0x00, 0x00, 0x00, 0x00, 0x00, 0x00, 0x00, 0x00, 0x00, 0x00, 0x00, 0x00, 0x00, 0x00,
0x00, 0x00, 0x00, 0x00, 0x00, 0x00, 0x00, 0x00, 0x00, 0x00, 0x00, 0x00, 0x00, 0x00, 0x00, 0x00,
0x00, 0x00, 0x00, 0x00, 0x00, 0x00, 0x00, 0x00, 0x00, 0x00, 0x00, 0x00, 0x00, 0x00, 0x00, 0x00,
0x00, 0x00, 0x00, 0x00, 0x00, 0x00, 0x00, 0x00, 0x00, 0x00, 0x00, 0x00, 0x00, 0x00, 0x00, 0x00,
0x00, 0x00, 0x00, 0x00, 0x00, 0x00, 0x00, 0x00, 0x00, 0x00, 0x00, 0x00, 0x00, 0x00, 0x00, 0x00,
0x00, 0x00, 0x00, 0x00, 0x00, 0x00, 0x00, 0x00, 0x00, 0x00, 0x00, 0x00, 0x00, 0x00, 0x00, 0x00,
0x00, 0x00, 0x00, 0x00, 0x00, 0x00, 0x00, 0x00, 0x00, 0x00, 0x00, 0x00, 0x00, 0x00, 0x00, 0x00,
0x00, 0x00, 0x00, 0x00, 0x00, 0x00, 0x00, 0x00, 0x00, 0x00, 0x00, 0x00, 0x00, 0x00, 0x00, 0x00,
0x00, 0x00, 0x00, 0x00, 0x00, 0x00, 0x00, 0x00, 0x00, 0x00, 0x00, 0x00, 0x00, 0x00, 0x00, 0x00,
0x00, 0x00, 0x00, 0x00, 0x00, 0x00, 0x00, 0x00, 0x00, 0x00, 0x00, 0x00, 0x00, 0x00, 0x00, 0x00,
0x00, 0x00, 0x00, 0x00, 0x00, 0x00, 0x00, 0x00, 0x00, 0x00, 0x00, 0x00, 0x00, 0x00, 0x00, 0x00,
0x00, 0x00, 0x00, 0x00, 0x00, 0x00, 0x00, 0x00, 0x00, 0x00, 0x00, 0x00, 0x00, 0x00, 0x00, 0x00,
0x00, 0x00, 0x00, 0x00, 0x00, 0x00, 0x00, 0x00, 0x00, 0x00, 0x00, 0x00, 0x00, 0x00, 0x00, 0x00,
0x00, 0x00, 0x00, 0x00, 0x00, 0x00, 0x00, 0x00, 0x00, 0x00, 0x00, 0x00, 0x00, 0x00, 0x00, 0x00,
0x00, 0x00, 0x00, 0x00, 0x00, 0x00, 0x00, 0x00, 0x00, 0x00, 0x00, 0x00, 0x00, 0x00, 0x00, 0x00,
0x00, 0x00, 0x00, 0x00, 0x00, 0x00, 0x00, 0x00, 0x00, 0x00, 0x00, 0x00, 0x00, 0x00, 0x00, 0x00,
0x00, 0x00, 0x00, 0x00, 0x00, 0x00, 0x00, 0x00, 0x00, 0x00, 0x00, 0x00, 0x00, 0x00, 0x00, 0x00,
0x00, 0x00, 0x00, 0x00, 0x00, 0x00, 0x00, 0x00, 0x00, 0x00, 0x00, 0x00, 0x00, 0x00, 0x00, 0x00,
0x00, 0x00, 0x00, 0x00, 0x00, 0x00, 0x00, 0x00, 0x00, 0x00, 0x00, 0x00, 0x00, 0x00, 0x00, 0x00,
0x00, 0x00, 0x00, 0x00, 0x00, 0x00, 0x00, 0x00, 0x00, 0x00, 0x00, 0x00, 0x00, 0x00, 0x00, 0x00,
0x00, 0x00, 0x00, 0x00, 0x00, 0x00, 0x00, 0x00, 0x00, 0x00, 0x00, 0x00, 0x00, 0x00, 0x00, 0x00,
0x00, 0x00, 0x00, 0x00, 0x00, 0x00, 0x00, 0x00, 0x00, 0x00, 0x00, 0x00, 0x00, 0x00, 0x00, 0x00,
0x00, 0x00, 0x00, 0x00, 0x00, 0x00, 0x00, 0x00, 0x00, 0x00, 0x00, 0x00, 0x00, 0x00, 0x00, 0x00,
0x00, 0x00, 0x00, 0x00, 0x00, 0x00, 0x00, 0x00, 0x00, 0x00, 0x00, 0x00, 0x00, 0x00, 0x00, 0x00,
0x00, 0x00, 0x00, 0x00, 0x00, 0x00, 0x00, 0x00, 0x00, 0x00, 0x00, 0x00, 0x00, 0x00, 0x00, 0x00,
0x00, 0x00, 0x00, 0x00, 0x00, 0x00, 0x00, 0x00, 0x00, 0x00, 0x00, 0x00, 0x00, 0x00, 0x00, 0x00,
0x00, 0x00, 0x00, 0x00, 0x00, 0x00, 0x00, 0x00, 0x00, 0x00, 0x00, 0x00, 0x00, 0x00, 0x00, 0x00,
0x00, 0x00, 0x00, 0x00, 0x00, 0x00, 0x00, 0x00, 0x00, 0x00, 0x00, 0x00, 0x00, 0x00, 0x00, 0x00,
0x00, 0x00, 0x00, 0x00, 0x00, 0x00, 0x00, 0x00, 0x00, 0x00, 0x00, 0x00, 0x00, 0x00, 0x00, 0x00,
0x00, 0x00, 0x00, 0x00, 0x00, 0x00, 0x00, 0x00, 0x00, 0x00, 0x00, 0x00, 0x00, 0x00, 0x00, 0x00,
0x00, 0x00, 0x00, 0x00, 0x00, 0x00, 0x00, 0x00, 0x00, 0x00, 0x00, 0x00, 0x00, 0x00, 0x00, 0x00,
0x00, 0x00, 0x00, 0x0A, 0x00, 0x00, 0x00, 0x3A, 0x00, 0x00, 0x00, 0x0C, 0x00, 0x00, 0x00, 0x48,
0x00, 0x00, 0x00, 0x00, 0x00, 0x00, 0x00, 0x00, 0x00, 0x00, 0x00, 0x00, 0x00, 0x00, 0x00, 0x00,
0x00, 0x00, 0x00, 0x0C, 0x00, 0x00, 0x00, 0x49, 0x00, 0x00, 0x00, 0x0B, 0x00, 0x00, 0x00, 0x48,
0x00, 0x00, 0x00, 0x00, 0x00, 0x00, 0x00, 0x00, 0x00, 0x00, 0x00, 0x00, 0x00, 0x00, 0x00, 0x00,
0x00, 0x00, 0x00, 0x00, 0x00, 0x00, 0x00, 0x00, 0x00, 0x00, 0x00, 0x00, 0x00, 0x00, 0x00, 0x00,
0x00, 0x00, 0x00, 0x00, 0x00, 0x00, 0x00, 0x00, 0x00, 0x00, 0x00, 0x00, 0x00, 0x00, 0x00, 0x00,
0x00, 0x00, 0x00, 0x00, 0x00, 0x00, 0x00, 0x00, 0x00, 0x00, 0x00, 0x00, 0x00, 0x00, 0x00, 0x00,
0x00, 0x00, 0x00, 0x00, 0x00, 0x00, 0x00, 0x00, 0x00, 0x00, 0x00, 0x00, 0x00, 0x00, 0x00, 0x00,
0x00, 0x00, 0x00, 0x0A, 0x00, 0x00, 0x00, 0x45, 0x00, 0x00, 0x00, 0x05, 0x00, 0x00, 0x00, 0x35,
0x00, 0x00, 0x00, 0x00, 0x00, 0x00, 0x00, 0x00, 0x00, 0x00, 0x00, 0x00, 0x00, 0x00, 0x00, 0x00,
0x00, 0x00, 0x00, 0x00, 0x00, 0x00, 0x00, 0x20, 0x00, 0x00, 0x00, 0x00, 0x00, 0x00, 0x00, 0x11,
0x00, 0x00, 0x00, 0x00, 0x00, 0x00, 0x00, 0x00, 0x00, 0x00, 0x00, 0x00, 0x00, 0x00, 0x00, 0x00,
0x00, 0x00, 0x00, 0x00, 0x00, 0x00, 0x00, 0x00, 0x00, 0x00, 0x00, 0x00, 0x00, 0x00, 0x00, 0x00,
0x00, 0x00, 0x00, 0x00, 0x00, 0x00, 0x00, 0x00, 0x00, 0x00, 0x00, 0x00, 0x00, 0x00, 0x00, 0x00,
0x00, 0x00, 0x00, 0x00, 0x00, 0x00, 0x00, 0x00, 0x00, 0x00, 0x00, 0x00, 0x00, 0x00, 0x00, 0x00,
0x00, 0x00, 0x00, 0x00, 0x00, 0x00, 0x00, 0x00, 0x00, 0x00, 0x00, 0x00, 0x00, 0x00, 0x00, 0x00,
0x00, 0x00, 0x00, 0x00, 0x00, 0x00, 0x00, 0x00, 0x00, 0x00, 0x00, 0x00, 0x00, 0x00, 0x00, 0x00,
0x00, 0x00, 0x00, 0x00, 0x00, 0x00, 0x00, 0x00, 0x00, 0x00, 0x00, 0x00, 0x00, 0x00, 0x00, 0x00,
0x00, 0x00, 0x00, 0x00, 0x00, 0x00, 0x00, 0x00, 0x00, 0x00, 0x00, 0x00, 0x00, 0x00, 0x00, 0x00,
0x00, 0x00, 0x00, 0x00, 0x00, 0x00, 0x00, 0x00, 0x00, 0x00, 0x00, 0x00, 0x00, 0x00, 0x00, 0x00,
0x00, 0x00, 0x00, 0x00, 0x00, 0x00, 0x00, 0x00, 0x00, 0x00, 0x00, 0x00, 0x00, 0x00, 0x00, 0x00,
0x00, 0x00, 0x00, 0x00, 0x00, 0x00, 0x00, 0x00, 0x00, 0x00, 0x00, 0x00, 0x00, 0x00, 0x00, 0x00,
0x00, 0x00, 0x00, 0x00, 0x00, 0x00, 0x00, 0x00, 0x00, 0x00, 0x00, 0x00, 0x00, 0x00, 0x00, 0x00,
0x00, 0x00, 0x00, 0x00, 0x00, 0x00, 0x00, 0x00, 0x00, 0x00, 0x00, 0x00, 0x00, 0x00, 0x00, 0x00,
0x00, 0x00, 0x00, 0x00, 0x00, 0x00, 0x00, 0x00, 0x00, 0x00, 0x00, 0x00, 0x00, 0x00, 0x00, 0x00,
0x00, 0x00, 0x00, 0x00, 0x00, 0x00, 0x00, 0x00, 0x00, 0x00, 0x00, 0x00, 0x00, 0x00, 0x00, 0x00,
0x00, 0x00, 0x00, 0x00, 0x00, 0x00, 0x00, 0x00, 0x00, 0x00, 0x00, 0x00, 0x00, 0x00, 0x00, 0x00,
0x00, 0x00, 0x00, 0x00, 0x00, 0x00, 0x00, 0x00, 0x00, 0x00, 0x00, 0x00, 0x00, 0x00, 0x00, 0x00,
0x00, 0x00, 0x00, 0x00, 0x00, 0x00, 0x00, 0x00, 0x00, 0x00, 0x00, 0x00, 0x00, 0x00, 0x00, 0x00,
0x00, 0x00, 0x00, 0x00, 0x00, 0x00, 0x00, 0x00, 0x00, 0x00, 0x00, 0x00, 0x00, 0x00, 0x00, 0x00,
0x00, 0x00, 0x00, 0x00, 0x00, 0x00, 0x00, 0x00, 0x00, 0x00, 0x00, 0x00, 0x00, 0x00, 0x00, 0x00,
0x00, 0x00, 0x00, 0x00, 0x00, 0x00, 0x00, 0x00, 0x00, 0x00, 0x00, 0x00, 0x00, 0x00, 0x00, 0x00,
0x00, 0x00, 0x00, 0x00, 0x00, 0x00, 0x00, 0x03, 0x00, 0x00, 0x00, 0x00, 0x00, 0x00, 0x00, 0x00,
0x00, 0x00, 0x00, 0x00, 0x00, 0x00, 0x00, 0x00, 0x00, 0x00, 0x00, 0x00, 0x00, 0x00, 0x00, 0x00,
0x00, 0x00, 0x00, 0x00, 0x00, 0x00, 0x00, 0x00, 0x00, 0x00, 0x00, 0x00, 0x00, 0x00, 0x00, 0x00,
0x00, 0x00, 0x00, 0x00, 0x00, 0x00, 0x00, 0x00, 0x00, 0x00, 0x00, 0x00, 0x00, 0x00, 0x00, 0x00,
0x00, 0x00, 0x00, 0x00, 0x00, 0x00, 0x00, 0x00, 0x00, 0x00, 0x00, 0x00, 0x00, 0x00, 0x00, 0x00,
0x00, 0x00, 0x00, 0x00, 0x00, 0x00, 0x00, 0x00, 0x00, 0x00, 0x00, 0x00, 0x00, 0x00, 0x00, 0x00,
0x00, 0x00, 0x00, 0x00, 0x00, 0x00, 0x00, 0x00, 0x00, 0x00, 0x00, 0x00, 0x00, 0x00, 0x00, 0x00,
0x00, 0x00, 0x00, 0x00, 0x00, 0x00, 0x00, 0x00, 0x00, 0x00, 0x00, 0x00, 0x00, 0x00, 0x00, 0x00,
0x00, 0x00, 0x00, 0x00, 0x00, 0x00, 0x00, 0x00, 0x00, 0x00, 0x00, 0x00, 0x00, 0x00, 0x00, 0x00,
0x00, 0x00, 0x00, 0x00, 0x00, 0x00, 0x00, 0x00, 0x00, 0x00, 0x00, 0x00, 0x00, 0x00, 0x00, 0x00,
0x00, 0x00, 0x00, 0x00, 0x00, 0x00, 0x00, 0x00, 0x00, 0x00, 0x00, 0x00, 0x00, 0x00, 0x00, 0x00,
0x00, 0x00, 0x00, 0x98, 0x1B, 0x1E, 0x1E, 0xE7, 0x00, 0x00, 0x00, 0xB6, 0x2A, 0x34, 0x31, 0xFE,
0x39, 0x41, 0x40, 0xF8, 0x33, 0x39, 0x38, 0xF6, 0x79, 0x8E, 0x8A, 0xFF, 0x9B, 0xAD, 0xA8, 0xFF,
0x00, 0x00, 0x00, 0xB8, 0x28, 0x32, 0x2F, 0xFB, 0x00, 0x00, 0x00, 0xB8, 0x30, 0x3C, 0x39, 0xFB,
0x39, 0x4F, 0x4B, 0xFF, 0x6A, 0x7C, 0x77, 0xFF, 0x46, 0x5E, 0x59, 0xFF, 0x33, 0x4E, 0x46, 0xFF,
0x2C, 0x33, 0x2F, 0xF7, 0x27, 0x2F, 0x29, 0xF7, 0x88, 0x99, 0x8D, 0xFF, 0x72, 0x86, 0x75, 0xFF,
0x22, 0x29, 0x25, 0xF7, 0x20, 0x28, 0x23, 0xF6, 0x64, 0x78, 0x67, 0xFF, 0x60, 0x75, 0x65, 0xFF,
0x88, 0x96, 0x8A, 0xFF, 0x76, 0x86, 0x73, 0xFF, 0x9D, 0xB2, 0xB6, 0xFF, 0xC5, 0xD4, 0xD6, 0xFF,
0x65, 0x75, 0x61, 0xFF, 0x5B, 0x6C, 0x5A, 0xFF, 0xB8, 0xC8, 0xCE, 0xFF, 0xAD, 0xC1, 0xCA, 0xFF,
0x00, 0x00, 0x00, 0xB3, 0x2E, 0x3C, 0x38, 0xFA, 0x00, 0x00, 0x00, 0x99, 0x24, 0x35, 0x33, 0xF2,
0x4D, 0x6C, 0x63, 0xFF, 0x3D, 0x61, 0x5B, 0xFF, 0x49, 0x71, 0x6F, 0xFF, 0x3E, 0x67, 0x69, 0xFF,
0x00, 0x00, 0x00, 0x70, 0x17, 0x23, 0x24, 0xDC, 0x00, 0x00, 0x00, 0x4C, 0x06, 0x0A, 0x0A, 0xB9,
0x46, 0x76, 0x7E, 0xFF, 0x3D, 0x6F, 0x75, 0xFF, 0x42, 0x73, 0x7C, 0xFF, 0x44, 0x7E, 0x87, 0xFF,
0xB0, 0xC8, 0xDB, 0xFF, 0xE8, 0xF7, 0xFF, 0xFF, 0xAE, 0xC7, 0xD3, 0xFF, 0xDD, 0xF1, 0xFF, 0xFF,
0xE2, 0xF3, 0xFF, 0xFF, 0xDF, 0xF2, 0xFF, 0xFF, 0xE4, 0xF2, 0xFF, 0xFF, 0xE0, 0xF0, 0xFF, 0xFF,
0x98, 0xB7, 0xBD, 0xFF, 0xE6, 0xF4, 0xFF, 0xFF, 0x66, 0x96, 0x9E, 0xFF, 0xE6, 0xF1, 0xF9, 0xFF,
0xDF, 0xEF, 0xFE, 0xFF, 0xE1, 0xF1, 0xFE, 0xFF, 0xE2, 0xF1, 0xFF, 0xFF, 0xE9, 0xF4, 0xFF, 0xFF,
0x1D, 0x25, 0x21, 0xF7, 0x1E, 0x25, 0x23, 0xF6, 0x57, 0x6D, 0x62, 0xFF, 0x57, 0x66, 0x5F, 0xFF,
0x1E, 0x22, 0x20, 0xF7, 0x1F, 0x26, 0x23, 0xF8, 0x56, 0x63, 0x57, 0xFF, 0x75, 0xB0, 0xC0, 0xFF,
0x56, 0x65, 0x58, 0xFF, 0x57, 0x64, 0x59, 0xFF, 0xA9, 0xBA, 0xC5, 0xFF, 0x94, 0xC3, 0xD6, 0xFF,
0x76, 0xAD, 0xBD, 0xFF, 0x80, 0xE0, 0xFF, 0xFF, 0x7A, 0xDA, 0xFF, 0xFF, 0x80, 0xDA, 0xFF, 0xFF,
0x0D, 0x15, 0x1A, 0xD1, 0x00, 0x00, 0x00, 0x6A, 0x2A, 0x4C, 0x5C, 0xE9, 0x00, 0x00, 0x00, 0x7F,
0x00, 0x00, 0x00, 0x1C, 0x00, 0x00, 0x00, 0x00, 0x00, 0x00, 0x00, 0x22, 0x00, 0x00, 0x00, 0x00,
0x24, 0x46, 0x55, 0xE7, 0x00, 0x00, 0x00, 0x80, 0x27, 0x47, 0x55, 0xE7, 0x00, 0x00, 0x00, 0x80,
0x00, 0x00, 0x00, 0x23, 0x00, 0x00, 0x00, 0x00, 0x00, 0x00, 0x00, 0x23, 0x00, 0x00, 0x00, 0x00,
0xE0, 0xF0, 0xFF, 0xFF, 0xBB, 0xE5, 0xFF, 0xFF, 0xE0, 0xEE, 0xFD, 0xFF, 0xC6, 0xE5, 0xFB, 0xFF,
0x8C, 0xDC, 0xFD, 0xFF, 0x97, 0xE2, 0xFE, 0xFF, 0xA7, 0xE1, 0xFB, 0xFF, 0xC2, 0xF3, 0xFF, 0xFF,
0xE3, 0xF1, 0xFD, 0xFF, 0xD9, 0xEE, 0xFA, 0xFF, 0xEA, 0xF5, 0xFD, 0xFF, 0xE1, 0xF0, 0xFD, 0xFF,
0xBF, 0xE7, 0xFA, 0xFF, 0xD7, 0xF1, 0xFD, 0xFF, 0xD6, 0xEB, 0xF9, 0xFF, 0xD6, 0xE7, 0xEE, 0xFF,
0x2F, 0x44, 0x4D, 0xEC, 0x00, 0x00, 0x00, 0x8A, 0x62, 0x73, 0x7C, 0xF8, 0x00, 0x00, 0x00, 0xAF,
0x00, 0x00, 0x00, 0x2B, 0x00, 0x00, 0x00, 0x03, 0x00, 0x00, 0x00, 0x5D, 0x00, 0x00, 0x00, 0x35,
0xC7, 0xD7, 0xDE, 0xFF, 0x26, 0x28, 0x2A, 0xEA, 0xDC, 0xE9, 0xEA, 0xFF, 0xAA, 0xB5, 0xB3, 0xFF,
0x00, 0x00, 0x00, 0xBC, 0x00, 0x00, 0x00, 0x9D, 0x4D, 0x53, 0x51, 0xFD, 0x28, 0x2A, 0x29, 0xF5,
0x00, 0x00, 0x00, 0x2F, 0x00, 0x00, 0x00, 0x8C, 0x00, 0x00, 0x00, 0x18, 0x00, 0x00, 0x00, 0x58,
0x2B, 0x4A, 0x52, 0xEE, 0x4E, 0x8D, 0x9B, 0xFF, 0x0A, 0x0E, 0x0F, 0xC2, 0x47, 0x83, 0x90, 0xFF,
0x00, 0x00, 0x00, 0x05, 0x00, 0x00, 0x00, 0x2D, 0x00, 0x00, 0x00, 0x00, 0x00, 0x00, 0x00, 0x12,
0x00, 0x00, 0x00, 0x7C, 0x1C, 0x30, 0x35, 0xDA, 0x00, 0x00, 0x00, 0x3A, 0x00, 0x00, 0x00, 0x88,
0x40, 0x87, 0x97, 0xFF, 0x94, 0xC1, 0xD2, 0xFF, 0x4A, 0x95, 0xAE, 0xFF, 0x48, 0x9B, 0xB6, 0xFF,
0xE8, 0xF4, 0xFF, 0xFF, 0xEB, 0xF5, 0xFE, 0xFF, 0x9A, 0xCC, 0xE0, 0xFF, 0xE1, 0xF0, 0xFD, 0xFF,
0x51, 0x95, 0xAA, 0xFF, 0x4D, 0xA4, 0xC2, 0xFF, 0x1E, 0x35, 0x3A, 0xDA, 0x54, 0xA1, 0xBB, 0xFF,
0x4D, 0xAA, 0xC9, 0xFF, 0x84, 0xCB, 0xE5, 0xFF, 0x64, 0xC3, 0xE0, 0xFF, 0x62, 0xC6, 0xE2, 0xFF,
0x00, 0x00, 0x00, 0x00, 0x00, 0x00, 0x00, 0x00, 0x00, 0x00, 0x00, 0x00, 0x00, 0x00, 0x00, 0x00,
0x00, 0x00, 0x00, 0x14, 0x00, 0x00, 0x00, 0x39, 0x00, 0x00, 0x00, 0x00, 0x00, 0x00, 0x00, 0x12,
0x00, 0x00, 0x00, 0x00, 0x00, 0x00, 0x00, 0x00, 0x00, 0x00, 0x00, 0x00, 0x00, 0x00, 0x00, 0x00,
0x00, 0x00, 0x00, 0x00, 0x00, 0x00, 0x00, 0x00, 0x00, 0x00, 0x00, 0x00, 0x00, 0x00, 0x00, 0x0A,
0x00, 0x00, 0x00, 0x7C, 0x13, 0x1E, 0x20, 0xC2, 0x00, 0x00, 0x00, 0x30, 0x00, 0x00, 0x00, 0x65,
0x4C, 0x83, 0x92, 0xF2, 0x73, 0xD1, 0xED, 0xFF, 0x00, 0x00, 0x00, 0xA4, 0x20, 0x34, 0x3A, 0xD4,
0x00, 0x00, 0x00, 0x1E, 0x00, 0x00, 0x00, 0x51, 0x00, 0x00, 0x00, 0x38, 0x00, 0x00, 0x00, 0x8C,
0x00, 0x00, 0x00, 0x7E, 0x00, 0x00, 0x00, 0x8A, 0x01, 0x00, 0x00, 0xB2, 0x00, 0x00, 0x00, 0x7A,
0xE8, 0xF4, 0xFC, 0xFF, 0xE3, 0xF0, 0xFD, 0xFF, 0xEA, 0xF3, 0xFE, 0xFF, 0xE6, 0xF2, 0xFC, 0xFF,
0xDF, 0xEF, 0xFF, 0xFF, 0xD1, 0xE1, 0xE8, 0xFF, 0xE4, 0xF1, 0xFD, 0xFF, 0xE6, 0xF3, 0xFD, 0xFF,
0xC7, 0xE8, 0xF7, 0xFF, 0xEA, 0xF5, 0xFD, 0xFF, 0x6D, 0xCC, 0xED, 0xFF, 0x8E, 0xDF, 0xF6, 0xFF,
0xE3, 0xEE, 0xFE, 0xFF, 0xE9, 0xF1, 0xFE, 0xFF, 0xA6, 0xE5, 0xFA, 0xFF, 0xBA, 0xE6, 0xFC, 0xFF,
0xBB, 0xC7, 0xC2, 0xFF, 0xA7, 0xB3, 0xA5, 0xFF, 0xC5, 0xD6, 0xDC, 0xFF, 0x97, 0xA5, 0x9F, 0xFF,
0x8A, 0x97, 0x8C, 0xFF, 0x78, 0x85, 0x7A, 0xFF, 0x7E, 0x89, 0x7F, 0xFF, 0x72, 0x7B, 0x70, 0xFF,
0xEA, 0xF5, 0xFF, 0xFF, 0xE0, 0xEC, 0xF5, 0xFF, 0xCA, 0xEA, 0xFD, 0xFF, 0xD5, 0xED, 0xFD, 0xFF,
0xCA, 0xD7, 0xDE, 0xFF, 0xB4, 0xC1, 0xC4, 0xFF, 0xDD, 0xF3, 0xFF, 0xFF, 0xE0, 0xF5, 0xFF, 0xFF,
0x7D, 0xE7, 0xFF, 0xFF, 0x80, 0xE9, 0xFF, 0xFF, 0x4E, 0x87, 0x92, 0xEE, 0x65, 0xB3, 0xC4, 0xFB,
0x7A, 0xE1, 0xFC, 0xFF, 0x75, 0xDB, 0xFD, 0xFF, 0x78, 0xDA, 0xF5, 0xFF, 0x7F, 0xE4, 0xFF, 0xFF,
0x00, 0x00, 0x00, 0x91, 0x03, 0x04, 0x05, 0xA8, 0x00, 0x00, 0x00, 0x43, 0x00, 0x00, 0x00, 0x3F,
0x10, 0x1F, 0x23, 0xC4, 0x26, 0x45, 0x4C, 0xD8, 0x00, 0x00, 0x00, 0x55, 0x00, 0x00, 0x00, 0x6A,
0x7E, 0xDB, 0xFB, 0xFF, 0x81, 0xD7, 0xF7, 0xFF, 0x86, 0xE8, 0xFF, 0xFF, 0x85, 0xE6, 0xFF, 0xFF,
0x7F, 0xD5, 0xF6, 0xFF, 0x7E, 0xD1, 0xF5, 0xFF, 0x88, 0xE2, 0xFF, 0xFF, 0x89, 0xE2, 0xFF, 0xFF,
0x3E, 0x6A, 0x79, 0xE4, 0x4E, 0x7F, 0x92, 0xEB, 0x00, 0x00, 0x00, 0x78, 0x00, 0x00, 0x00, 0x81,
0x61, 0x92, 0xA6, 0xF0, 0x62, 0x94, 0xA4, 0xF2, 0x00, 0x00, 0x00, 0x89, 0x00, 0x00, 0x00, 0x8D,
0x00, 0x00, 0x00, 0x00, 0x00, 0x00, 0x00, 0x00, 0x00, 0x00, 0x00, 0x00, 0x00, 0x00, 0x00, 0x00,
0x00, 0x00, 0x00, 0x00, 0x00, 0x00, 0x00, 0x00, 0x00, 0x00, 0x00, 0x00, 0x00, 0x00, 0x00, 0x00,
0x00, 0x00, 0x00, 0x00, 0x00, 0x00, 0x00, 0x00, 0x00, 0x00, 0x00, 0x00, 0x00, 0x00, 0x00, 0x00,
0x00, 0x00, 0x00, 0x00, 0x00, 0x00, 0x00, 0x00, 0x00, 0x00, 0x00, 0x00, 0x00, 0x00, 0x00, 0x00,
0x00, 0x00, 0x00, 0x00, 0x00, 0x00, 0x00, 0x00, 0x00, 0x00, 0x00, 0x00, 0x00, 0x00, 0x00, 0x00,
0x00, 0x00, 0x00, 0x00, 0x00, 0x00, 0x00, 0x00, 0x00, 0x00, 0x00, 0x00, 0x00, 0x00, 0x00, 0x00,
0x00, 0x00, 0x00, 0x00, 0x00, 0x00, 0x00, 0x00, 0x00, 0x00, 0x00, 0x00, 0x00, 0x00, 0x00, 0x00,
0x00, 0x00, 0x00, 0x00, 0x00, 0x00, 0x00, 0x00, 0x00, 0x00, 0x00, 0x00, 0x00, 0x00, 0x00, 0x00,
0x00, 0x00, 0x00, 0x00, 0x00, 0x00, 0x00, 0x00, 0x00, 0x00, 0x00, 0x00, 0x00, 0x00, 0x00, 0x00,
0x00, 0x00, 0x00, 0x00, 0x00, 0x00, 0x00, 0x00, 0x00, 0x00, 0x00, 0x00, 0x00, 0x00, 0x00, 0x00,
0x00, 0x00, 0x00, 0x00, 0x00, 0x00, 0x00, 0x00, 0x00, 0x00, 0x00, 0x00, 0x00, 0x00, 0x00, 0x00,
0x00, 0x00, 0x00, 0x00, 0x00, 0x00, 0x00, 0x00, 0x00, 0x00, 0x00, 0x00, 0x00, 0x00, 0x00, 0x00,
0x00, 0x00, 0x00, 0x00, 0x00, 0x00, 0x00, 0x00, 0x00, 0x00, 0x00, 0x00, 0x00, 0x00, 0x00, 0x00,
0x00, 0x00, 0x00, 0x00, 0x00, 0x00, 0x00, 0x00, 0x00, 0x00, 0x00, 0x00, 0x00, 0x00, 0x00, 0x00,
0x00, 0x00, 0x00, 0x00, 0x00, 0x00, 0x00, 0x00, 0x00, 0x00, 0x00, 0x00, 0x00, 0x00, 0x00, 0x00,
0x00, 0x00, 0x00, 0x00, 0x00, 0x00, 0x00, 0x00, 0x00, 0x00, 0x00, 0x00, 0x00, 0x00, 0x00, 0x00,
0x00, 0x00, 0x00, 0x00, 0x00, 0x00, 0x00, 0x00, 0x00, 0x00, 0x00, 0x00, 0x00, 0x00, 0x00, 0x00,
0x00, 0x00, 0x00, 0x00, 0x00, 0x00, 0x00, 0x00, 0x00, 0x00, 0x00, 0x00, 0x00, 0x00, 0x00, 0x00,
0x00, 0x00, 0x00, 0x00, 0x00, 0x00, 0x00, 0x00, 0x00, 0x00, 0x00, 0x00, 0x00, 0x00, 0x00, 0x00,
0x00, 0x00, 0x00, 0x00, 0x00, 0x00, 0x00, 0x00, 0x00, 0x00, 0x00, 0x00, 0x00, 0x00, 0x00, 0x00,
0x00, 0x00, 0x00, 0x00, 0x00, 0x00, 0x00, 0x00, 0x00, 0x00, 0x00, 0x00, 0x00, 0x00, 0x00, 0x00,
0x00, 0x00, 0x00, 0x00, 0x00, 0x00, 0x00, 0x00, 0x00, 0x00, 0x00, 0x00, 0x00, 0x00, 0x00, 0x07,
0x00, 0x00, 0x00, 0x00, 0x00, 0x00, 0x00, 0x00, 0x00, 0x00, 0x00, 0x00, 0x00, 0x00, 0x00, 0x00,
0x00, 0x00, 0x00, 0x05, 0x00, 0x00, 0x00, 0x1E, 0x00, 0x00, 0x00, 0x09, 0x00, 0x00, 0x00, 0x37,
0x00, 0x00, 0x00, 0x00, 0x00, 0x00, 0x00, 0x00, 0x00, 0x00, 0x00, 0x00, 0x00, 0x00, 0x00, 0x00,
0x00, 0x00, 0x00, 0x00, 0x00, 0x00, 0x00, 0x00, 0x00, 0x00, 0x00, 0x00, 0x00, 0x00, 0x00, 0x00,
0x00, 0x00, 0x00, 0x00, 0x00, 0x00, 0x00, 0x00, 0x00, 0x00, 0x00, 0x00, 0x00, 0x00, 0x00, 0x00,
0x00, 0x00, 0x00, 0x00, 0x00, 0x00, 0x00, 0x00, 0x00, 0x00, 0x00, 0x00, 0x00, 0x00, 0x00, 0x00,
0x00, 0x00, 0x00, 0x00, 0x00, 0x00, 0x00, 0x00, 0x00, 0x00, 0x00, 0x00, 0x00, 0x00, 0x00, 0x00,
0x00, 0x00, 0x00, 0x07, 0x00, 0x00, 0x00, 0x33, 0x00, 0x00, 0x00, 0x00, 0x00, 0x00, 0x00, 0x18,
0x00, 0x00, 0x00, 0x00, 0x00, 0x00, 0x00, 0x00, 0x00, 0x00, 0x00, 0x00, 0x00, 0x00, 0x00, 0x00,
0x00, 0x00, 0x00, 0x00, 0x00, 0x00, 0x00, 0x00, 0x00, 0x00, 0x00, 0x00, 0x00, 0x00, 0x00, 0x00,
0x00, 0x00, 0x00, 0x00, 0x00, 0x00, 0x00, 0x00, 0x00, 0x00, 0x00, 0x00, 0x00, 0x00, 0x00, 0x00,
0x00, 0x00, 0x00, 0x00, 0x00, 0x00, 0x00, 0x00, 0x00, 0x00, 0x00, 0x00, 0x00, 0x00, 0x00, 0x00,
0x00, 0x00, 0x00, 0x00, 0x00, 0x00, 0x00, 0x00, 0x00, 0x00, 0x00, 0x00, 0x00, 0x00, 0x00, 0x00,
0x00, 0x00, 0x00, 0x00, 0x00, 0x00, 0x00, 0x00, 0x00, 0x00, 0x00, 0x00, 0x00, 0x00, 0x00, 0x00,
0x00, 0x00, 0x00, 0x00, 0x00, 0x00, 0x00, 0x00, 0x00, 0x00, 0x00, 0x00, 0x00, 0x00, 0x00, 0x00,
0x00, 0x00, 0x00, 0x00, 0x00, 0x00, 0x00, 0x00, 0x00, 0x00, 0x00, 0x00, 0x00, 0x00, 0x00, 0x00,
0x00, 0x00, 0x00, 0x00, 0x00, 0x00, 0x00, 0x00, 0x00, 0x00, 0x00, 0x00, 0x00, 0x00, 0x00, 0x00,
0x00, 0x00, 0x00, 0x00, 0x00, 0x00, 0x00, 0x00, 0x00, 0x00, 0x00, 0x00, 0x00, 0x00, 0x00, 0x00,
0x00, 0x00, 0x00, 0x00, 0x00, 0x00, 0x00, 0x00, 0x00, 0x00, 0x00, 0x00, 0x00, 0x00, 0x00, 0x00,
0x00, 0x00, 0x00, 0x00, 0x00, 0x00, 0x00, 0x00, 0x00, 0x00, 0x00, 0x00, 0x00, 0x00, 0x00, 0x00,
0x00, 0x00, 0x00, 0x00, 0x00, 0x00, 0x00, 0x00, 0x00, 0x00, 0x00, 0x00, 0x00, 0x00, 0x00, 0x00,
0x00, 0x00, 0x00, 0x00, 0x00, 0x00, 0x00, 0x00, 0x00, 0x00, 0x00, 0x00, 0x00, 0x00, 0x00, 0x00,
0x00, 0x00, 0x00, 0x00, 0x00, 0x00, 0x00, 0x00, 0x00, 0x00, 0x00, 0x00, 0x00, 0x00, 0x00, 0x00,
0x00, 0x00, 0x00, 0x00, 0x00, 0x00, 0x00, 0x00, 0x00, 0x00, 0x00, 0x00, 0x00, 0x00, 0x00, 0x00,
0x00, 0x00, 0x00, 0x00, 0x00, 0x00, 0x00, 0x00, 0x00, 0x00, 0x00, 0x00, 0x00, 0x00, 0x00, 0x00,
0x00, 0x00, 0x00, 0x00, 0x00, 0x00, 0x00, 0x00, 0x00, 0x00, 0x00, 0x00, 0x00, 0x00, 0x00, 0x00,
0x00, 0x00, 0x00, 0x00, 0x00, 0x00, 0x00, 0x00, 0x00, 0x00, 0x00, 0x00, 0x00, 0x00, 0x00, 0x00,
0x00, 0x00, 0x00, 0x00, 0x00, 0x00, 0x00, 0x00, 0x00, 0x00, 0x00, 0x00, 0x00, 0x00, 0x00, 0x00,
0x00, 0x00, 0x00, 0x00, 0x00, 0x00, 0x00, 0x00, 0x00, 0x00, 0x00, 0x00, 0x00, 0x00, 0x00, 0x00,
0x00, 0x00, 0x00, 0x00, 0x00, 0x00, 0x00, 0x00, 0x00, 0x00, 0x00, 0x00, 0x00, 0x00, 0x00, 0x00,
0x00, 0x00, 0x00, 0x00, 0x00, 0x00, 0x00, 0x00, 0x00, 0x00, 0x00, 0x00, 0x00, 0x00, 0x00, 0x00,
0x00, 0x00, 0x00, 0x00, 0x00, 0x00, 0x00, 0x00, 0x00, 0x00, 0x00, 0x00, 0x00, 0x00, 0x00, 0x00,
0x00, 0x00, 0x00, 0x00, 0x00, 0x00, 0x00, 0x00, 0x00, 0x00, 0x00, 0x00, 0x00, 0x00, 0x00, 0x00,
0x00, 0x00, 0x00, 0x00, 0x00, 0x00, 0x00, 0x00, 0x00, 0x00, 0x00, 0x00, 0x00, 0x00, 0x00, 0x00,
0x00, 0x00, 0x00, 0x00, 0x00, 0x00, 0x00, 0x00, 0x00, 0x00, 0x00, 0x00, 0x00, 0x00, 0x00, 0x00,
0x00, 0x00, 0x00, 0x00, 0x00, 0x00, 0x00, 0x00, 0x00, 0x00, 0x00, 0x00, 0x00, 0x00, 0x00, 0x00,
0x00, 0x00, 0x00, 0x00, 0x00, 0x00, 0x00, 0x00, 0x00, 0x00, 0x00, 0x00, 0x00, 0x00, 0x00, 0x00,
0x00, 0x00, 0x00, 0x00, 0x00, 0x00, 0x00, 0x00, 0x00, 0x00, 0x00, 0x00, 0x00, 0x00, 0x00, 0x00,
0x00, 0x00, 0x00, 0x00, 0x00, 0x00, 0x00, 0x00, 0x00, 0x00, 0x00, 0x00, 0x00, 0x00, 0x00, 0x00,
0x00, 0x00, 0x00, 0x00, 0x00, 0x00, 0x00, 0x00, 0x00, 0x00, 0x00, 0x00, 0x00, 0x00, 0x00, 0x00,
0x00, 0x00, 0x00, 0x00, 0x00, 0x00, 0x00, 0x00, 0x00, 0x00, 0x00, 0x00, 0x00, 0x00, 0x00, 0x00,
0x00, 0x00, 0x00, 0x00, 0x00, 0x00, 0x00, 0x00, 0x00, 0x00, 0x00, 0x00, 0x00, 0x00, 0x00, 0x00,
0x00, 0x00, 0x00, 0x00, 0x00, 0x00, 0x00, 0x00, 0x00, 0x00, 0x00, 0x12, 0x00, 0x00, 0x00, 0x19,
0x00, 0x00, 0x00, 0x00, 0x00, 0x00, 0x00, 0x12, 0x00, 0x00, 0x00, 0x1A, 0x00, 0x00, 0x00, 0x2C,
0x00, 0x00, 0x00, 0x47, 0x00, 0x00, 0x00, 0x64, 0x02, 0x03, 0x03, 0x91, 0x0C, 0x16, 0x19, 0xD6,
0x00, 0x00, 0x00, 0x6A, 0x00, 0x00, 0x00, 0x7A, 0x0C, 0x14, 0x15, 0xDC, 0x05, 0x09, 0x08, 0xDE,
0x00, 0x00, 0x00, 0x56, 0x02, 0x05, 0x06, 0xC5, 0x00, 0x00, 0x00, 0x79, 0x02, 0x08, 0x0C, 0xDE,
0x08, 0x15, 0x1B, 0xF3, 0x00, 0x00, 0x00, 0x99, 0x0A, 0x3D, 0x54, 0xFF, 0x00, 0x04, 0x05, 0xBF,
0x00, 0x00, 0x00, 0xB2, 0x06, 0x0F, 0x11, 0xF4, 0x09, 0x0E, 0x0E, 0xEE, 0x14, 0x26, 0x27, 0xFE,
0x10, 0x5E, 0x83, 0xFF, 0x05, 0x1A, 0x22, 0xE2, 0x20, 0x73, 0x9D, 0xFF, 0x16, 0x4F, 0x6C, 0xFB,
0x01, 0x01, 0x01, 0x87, 0x15, 0x24, 0x2C, 0xDD, 0x00, 0x00, 0x00, 0x3F, 0x00, 0x00, 0x00, 0x7D,
0x4A, 0x7A, 0x93, 0xFF, 0x5B, 0x91, 0xA8, 0xFF, 0x0F, 0x16, 0x1C, 0xC5, 0x65, 0x90, 0xA9, 0xF9,
0x00, 0x00, 0x00, 0x10, 0x00, 0x00, 0x00, 0x32, 0x00, 0x00, 0x00, 0x00, 0x00, 0x00, 0x00, 0x1E,
0x00, 0x00, 0x00, 0x80, 0x00, 0x00, 0x00, 0xDA, 0x00, 0x00, 0x00, 0x6F, 0x06, 0x03, 0x00, 0xD9,
0x47, 0x6D, 0x7A, 0xFF, 0x34, 0x51, 0x54, 0xFF, 0x92, 0xC8, 0xE4, 0xFF, 0x63, 0x82, 0x8C, 0xFF,
0x2B, 0x6E, 0x8B, 0xFF, 0x38, 0x6C, 0x86, 0xFF, 0x55, 0x95, 0xAD, 0xFF, 0x84, 0xC8, 0xDE, 0xFF,
0x45, 0x4D, 0x47, 0xFF, 0x5E, 0x96, 0x9F, 0xFF, 0x4E, 0x6E, 0x6B, 0xFF, 0x49, 0xD6, 0xEC, 0xFF,
0x92, 0xEA, 0xFF, 0xFF, 0x6C, 0xCE, 0xF6, 0xFF, 0x8A, 0xC5, 0xD1, 0xFF, 0xAF, 0xE3, 0xFF, 0xFF,
0x00, 0x00, 0x00, 0x35, 0x00, 0x00, 0x00, 0x0C, 0x00, 0x00, 0x00, 0x58, 0x00, 0x00, 0x00, 0x20,
0x00, 0x00, 0x00, 0x11, 0x00, 0x00, 0x00, 0x19, 0x00, 0x00, 0x00, 0x18, 0x00, 0x00, 0x00, 0x14,
0x00, 0x00, 0x00, 0x9C, 0x00, 0x00, 0x00, 0x71, 0x00, 0x02, 0x02, 0xE7, 0x04, 0x06, 0x06, 0xDD,
0x00, 0x00, 0x00, 0x69, 0x00, 0x00, 0x00, 0x59, 0x0D, 0x16, 0x1A, 0xDD, 0x09, 0x0F, 0x11, 0xBF,
0x00, 0x00, 0x00, 0x1F, 0x00, 0x00, 0x00, 0x25, 0x00, 0x00, 0x00, 0x0C, 0x00, 0x00, 0x00, 0x00,
0x00, 0x00, 0x00, 0x2A, 0x00, 0x00, 0x00, 0x2C, 0x00, 0x00, 0x00, 0x00, 0x00, 0x00, 0x00, 0x00,
0x00, 0x00, 0x00, 0x32, 0x00, 0x00, 0x00, 0x11, 0x00, 0x00, 0x00, 0x62, 0x00, 0x00, 0x00, 0x1B,
0x00, 0x00, 0x00, 0x00, 0x00, 0x00, 0x00, 0x00, 0x00, 0x00, 0x00, 0x00, 0x00, 0x00, 0x00, 0x00,
0x47, 0x6E, 0x7A, 0xFF, 0x54, 0x9F, 0xB3, 0xFF, 0x6D, 0xD6, 0xE7, 0xFF, 0x27, 0x67, 0x75, 0xFB,
0x32, 0x67, 0x78, 0xFC, 0x0B, 0x14, 0x16, 0xC1, 0x01, 0x04, 0x05, 0xCB, 0x00, 0x00, 0x00, 0x75,
0x2A, 0x60, 0x74, 0xFF, 0x00, 0x00, 0x00, 0xF1, 0x38, 0x7B, 0x9D, 0xFF, 0x00, 0x00, 0x00, 0xEE,
0x00, 0x00, 0x00, 0xAC, 0x00, 0x00, 0x00, 0x47, 0x00, 0x00, 0x00, 0xA1, 0x00, 0x00, 0x00, 0x3A,
0x00, 0x00, 0x00, 0x5C, 0x00, 0x00, 0x00, 0x1A, 0x00, 0x00, 0x00, 0x2C, 0x00, 0x00, 0x00, 0x0C,
0x00, 0x00, 0x00, 0x00, 0x00, 0x00, 0x00, 0x00, 0x00, 0x00, 0x00, 0x00, 0x00, 0x00, 0x00, 0x00,
0x00, 0x00, 0x00, 0x11, 0x00, 0x00, 0x00, 0x00, 0x00, 0x00, 0x00, 0x05, 0x00, 0x00, 0x00, 0x00,
0x00, 0x00, 0x00, 0x00, 0x00, 0x00, 0x00, 0x00, 0x00, 0x00, 0x00, 0x00, 0x00, 0x00, 0x00, 0x00,
0x00, 0x00, 0x00, 0x02, 0x00, 0x00, 0x00, 0x31, 0x00, 0x00, 0x00, 0x0C, 0x00, 0x00, 0x00, 0x41,
0x00, 0x00, 0x00, 0x92, 0x24, 0x33, 0x34, 0xF1, 0x02, 0x05, 0x05, 0xAE, 0x24, 0x50, 0x58, 0xF7,
0x00, 0x00, 0x00, 0x08, 0x00, 0x00, 0x00, 0x35, 0x00, 0x00, 0x00, 0x02, 0x00, 0x00, 0x00, 0x19,
0x01, 0x03, 0x03, 0x83, 0x01, 0x02, 0x03, 0x9F, 0x00, 0x00, 0x00, 0x33, 0x00, 0x00, 0x00, 0x39,
0x57, 0xBA, 0xC7, 0xFF, 0x1F, 0x53, 0x5A, 0xE9, 0x0D, 0x28, 0x2D, 0xD1, 0x00, 0x00, 0x00, 0x93,
0x09, 0x07, 0x08, 0xDC, 0x73, 0x81, 0x88, 0xF4, 0x00, 0x00, 0x00, 0x7E, 0x00, 0x00, 0x00, 0xA6,
0x00, 0x00, 0x00, 0x70, 0x00, 0x00, 0x00, 0x39, 0x00, 0x00, 0x00, 0x25, 0x00, 0x00, 0x00, 0x0F,
0x00, 0x00, 0x00, 0x28, 0x00, 0x00, 0x00, 0x47, 0x00, 0x00, 0x00, 0x00, 0x00, 0x00, 0x00, 0x14,
0x00, 0x00, 0x00, 0x00, 0x00, 0x00, 0x00, 0x02, 0x00, 0x00, 0x00, 0x00, 0x00, 0x00, 0x00, 0x00,
0x00, 0x00, 0x00, 0x0A, 0x00, 0x00, 0x00, 0x0A, 0x00, 0x00, 0x00, 0x00, 0x00, 0x00, 0x00, 0x00,
0x00, 0x00, 0x00, 0x00, 0x00, 0x00, 0x00, 0x00, 0x00, 0x00, 0x00, 0x00, 0x00, 0x00, 0x00, 0x00,
0x00, 0x00, 0x00, 0x00, 0x00, 0x00, 0x00, 0x00, 0x00, 0x00, 0x00, 0x00, 0x00, 0x00, 0x00, 0x00,
0x00, 0x00, 0x00, 0x00, 0x00, 0x00, 0x00, 0x00, 0x00, 0x00, 0x00, 0x00, 0x00, 0x00, 0x00, 0x00,
0x00, 0x00, 0x00, 0x00, 0x00, 0x00, 0x00, 0x00, 0x00, 0x00, 0x00, 0x00, 0x00, 0x00, 0x00, 0x00,
0x00, 0x00, 0x00, 0x00, 0x00, 0x00, 0x00, 0x00, 0x00, 0x00, 0x00, 0x00, 0x00, 0x00, 0x00, 0x00,
0x00, 0x00, 0x00, 0x00, 0x00, 0x00, 0x00, 0x00, 0x00, 0x00, 0x00, 0x00, 0x00, 0x00, 0x00, 0x00,
0x84, 0xC9, 0xE8, 0xFF, 0x09, 0x1C, 0x25, 0xEF, 0x3A, 0x4E, 0x55, 0xE5, 0x28, 0x43, 0x4E, 0xEF,
0x00, 0x00, 0x00, 0x98, 0x00, 0x00, 0x00, 0x33, 0x00, 0x00, 0x00, 0x95, 0x00, 0x00, 0x00, 0x33,
0x00, 0x00, 0x00, 0x82, 0x04, 0x05, 0x06, 0xA6, 0x00, 0x00, 0x00, 0x2D, 0x00, 0x00, 0x00, 0x3E,
0x00, 0x00, 0x00, 0x76, 0x00, 0x00, 0x00, 0x2C, 0x00, 0x00, 0x00, 0x32, 0x00, 0x00, 0x00, 0x18,
0x00, 0x00, 0x00, 0x03, 0x00, 0x00, 0x00, 0x00, 0x00, 0x00, 0x00, 0x02, 0x00, 0x00, 0x00, 0x00,
0x00, 0x00, 0x00, 0x00, 0x00, 0x00, 0x00, 0x00, 0x00, 0x00, 0x00, 0x00, 0x00, 0x00, 0x00, 0x00,
0x00, 0x00, 0x00, 0x03, 0x00, 0x00, 0x00, 0x00, 0x00, 0x00, 0x00, 0x00, 0x00, 0x00, 0x00, 0x00,
0x00, 0x00, 0x00, 0x00, 0x00, 0x00, 0x00, 0x00, 0x00, 0x00, 0x00, 0x00, 0x00, 0x00, 0x00, 0x00,
0x00, 0x00, 0x00, 0x05, 0x00, 0x00, 0x00, 0x0A, 0x00, 0x00, 0x00, 0x00, 0x00, 0x00, 0x00, 0x00,
0x00, 0x00, 0x00, 0x07, 0x00, 0x00, 0x00, 0x03, 0x00, 0x00, 0x00, 0x00, 0x00, 0x00, 0x00, 0x00,
0x00, 0x00, 0x00, 0x00, 0x00, 0x00, 0x00, 0x00, 0x00, 0x00, 0x00, 0x00, 0x00, 0x00, 0x00, 0x00,
0x00, 0x00, 0x00, 0x00, 0x00, 0x00, 0x00, 0x00, 0x00, 0x00, 0x00, 0x00, 0x00, 0x00, 0x00, 0x00,
0x00, 0x00, 0x00, 0x00, 0x00, 0x00, 0x00, 0x00, 0x00, 0x00, 0x00, 0x00, 0x00, 0x00, 0x00, 0x00,
0x00, 0x00, 0x00, 0x00, 0x00, 0x00, 0x00, 0x00, 0x00, 0x00, 0x00, 0x00, 0x00, 0x00, 0x00, 0x00,
0x00, 0x00, 0x00, 0x00, 0x00, 0x00, 0x00, 0x00, 0x00, 0x00, 0x00, 0x00, 0x00, 0x00, 0x00, 0x00,
0x00, 0x00, 0x00, 0x00, 0x00, 0x00, 0x00, 0x00, 0x00, 0x00, 0x00, 0x00, 0x00, 0x00, 0x00, 0x00,
0x00, 0x00, 0x00, 0x00, 0x00, 0x00, 0x00, 0x0E, 0x00, 0x00, 0x00, 0x00, 0x00, 0x00, 0x00, 0x0E,
0x00, 0x00, 0x00, 0x4B, 0x04, 0x05, 0x05, 0xBB, 0x00, 0x00, 0x00, 0x4B, 0x05, 0x05, 0x05, 0xBB,
0x00, 0x00, 0x00, 0x00, 0x00, 0x00, 0x00, 0x0E, 0x00, 0x00, 0x00, 0x00, 0x00, 0x00, 0x00, 0x0E,
0x00, 0x00, 0x00, 0x4A, 0x05, 0x05, 0x05, 0xBA, 0x00, 0x00, 0x00, 0x4B, 0x05, 0x05, 0x05, 0xBC,
0x53, 0x5F, 0x59, 0xFF, 0x66, 0x70, 0x68, 0xFF, 0x55, 0x5E, 0x59, 0xFF, 0x5C, 0x6B, 0x66, 0xFF,
0x7F, 0x8C, 0x86, 0xFF, 0xD5, 0xEB, 0xFC, 0xFF, 0x78, 0x88, 0x85, 0xFF, 0xDB, 0xEF, 0xFD, 0xFF,
0x53, 0x5D, 0x5A, 0xFF, 0x62, 0x6F, 0x66, 0xFF, 0x57, 0x5E, 0x59, 0xFF, 0x63, 0x6F, 0x66, 0xFF,
0x7B, 0x89, 0x87, 0xFF, 0xDD, 0xF0, 0xFF, 0xFF, 0x7E, 0x8A, 0x88, 0xFF, 0xDD, 0xEE, 0xFD, 0xFF,
0x00, 0x00, 0x00, 0x00, 0x00, 0x00, 0x00, 0x14, 0x00, 0x00, 0x00, 0x30, 0x00, 0x00, 0x00, 0x45,
0x00, 0x00, 0x00, 0x58, 0x02, 0x03, 0x02, 0xC5, 0x00, 0x00, 0x00, 0x87, 0x0A, 0x0C, 0x0A, 0xDF,
0x00, 0x00, 0x00, 0x98, 0x00, 0x00, 0x00, 0xAB, 0x20, 0x24, 0x21, 0xF3, 0x28, 0x2B, 0x25, 0xF8,
0x01, 0x01, 0x01, 0xD4, 0x35, 0x39, 0x2F, 0xFC, 0x45, 0x48, 0x3C, 0xFF, 0x5B, 0x5F, 0x4A, 0xFF,
0x4D, 0x56, 0x50, 0xFF, 0x5E, 0x6A, 0x5D, 0xFF, 0x59, 0x61, 0x51, 0xFF, 0x5C, 0x61, 0x49, 0xFF,
0x7C, 0x89, 0x83, 0xFF, 0xDC, 0xEE, 0xFE, 0xFF, 0x8A, 0x96, 0x8D, 0xFF, 0xE0, 0xF6, 0xFF, 0xFF,
0x60, 0x65, 0x51, 0xFF, 0x4E, 0x56, 0x42, 0xFF, 0x54, 0x55, 0x3C, 0xFF, 0x68, 0x71, 0x60, 0xFF,
0xA1, 0xB0, 0xB1, 0xFF, 0xE2, 0xF5, 0xFF, 0xFF, 0xD4, 0xE4, 0xEF, 0xFF, 0xE0, 0xF1, 0xFF, 0xFF,
0xD6, 0xEB, 0xFE, 0xFF, 0xD2, 0xE7, 0xFA, 0xFF, 0xE1, 0xF1, 0xFF, 0xFF, 0xD9, 0xED, 0xFD, 0xFF,
0xD8, 0xEB, 0xFC, 0xFF, 0xC0, 0xE2, 0xFA, 0xFF, 0xD8, 0xEB, 0xFE, 0xFF, 0xC1, 0xE3, 0xFC, 0xFF,
0xDD, 0xEE, 0xFF, 0xFF, 0xDB, 0xEE, 0xFE, 0xFF, 0xDE, 0xEF, 0xFF, 0xFF, 0xDB, 0xEC, 0xFE, 0xFF,
0xDB, 0xED, 0xFE, 0xFF, 0xCE, 0xE7, 0xFB, 0xFF, 0xD3, 0xE9, 0xFE, 0xFF, 0xCC, 0xE4, 0xFC, 0xFF,
0x77, 0xD4, 0xF9, 0xFF, 0x6C, 0xD6, 0xFF, 0xFF, 0x71, 0xCD, 0xF9, 0xFF, 0x6F, 0xD6, 0xFE, 0xFF,
0x63, 0xB9, 0xDC, 0xFF, 0x05, 0x09, 0x0A, 0xB2, 0x66, 0xBA, 0xDA, 0xFF, 0x05, 0x09, 0x0A, 0xB1,
0x78, 0xD3, 0xFB, 0xFF, 0x6B, 0xD3, 0xFF, 0xFF, 0x75, 0xD1, 0xF7, 0xFF, 0x69, 0xD2, 0xFF, 0xFF,
0x60, 0xB6, 0xD9, 0xFF, 0x05, 0x0A, 0x0B, 0xB0, 0x5D, 0xB7, 0xDC, 0xFF, 0x05, 0x09, 0x0B, 0xB1,
0xDB, 0xED, 0xFF, 0xFF, 0xDA, 0xEC, 0xFF, 0xFF, 0xDA, 0xEC, 0xFF, 0xFF, 0xDB, 0xEC, 0xFE, 0xFF,
0xD5, 0xE9, 0xFE, 0xFF, 0xC6, 0xE3, 0xFC, 0xFF, 0xD8, 0xE9, 0xFE, 0xFF, 0xBE, 0xE2, 0xFA, 0xFF,
0xD6, 0xEB, 0xFE, 0xFF, 0xD7, 0xEB, 0xFA, 0xFF, 0xD7, 0xEA, 0xFE, 0xFF, 0xD1, 0xE7, 0xFD, 0xFF,
0xD8, 0xEA, 0xFB, 0xFF, 0xA9, 0xDB, 0xF9, 0xFF, 0xCD, 0xE1, 0xFB, 0xFF, 0x72, 0xD0, 0xFB, 0xFF,
0x6E, 0xCC, 0xF5, 0xFF, 0x65, 0xD1, 0xFE, 0xFF, 0x60, 0xC7, 0xF5, 0xFF, 0x5F, 0xD1, 0xFF, 0xFF,
0x56, 0xAF, 0xD5, 0xFE, 0x04, 0x08, 0x09, 0xAE, 0x48, 0x9C, 0xC0, 0xFD, 0x02, 0x03, 0x03, 0xA6,
0x4F, 0xC7, 0xF9, 0xFF, 0x5D, 0xD7, 0xFF, 0xFF, 0x4A, 0xCC, 0xFD, 0xFF, 0x57, 0xD0, 0xFB, 0xFF,
0x38, 0x79, 0x92, 0xF7, 0x00, 0x00, 0x00, 0x97, 0x1A, 0x33, 0x40, 0xE0, 0x00, 0x00, 0x00, 0x78,
0x70, 0x79, 0x6D, 0xFF, 0x67, 0x6D, 0x5F, 0xFF, 0x69, 0x71, 0x5F, 0xFF, 0x61, 0x67, 0x51, 0xFF,
0x63, 0x66, 0x53, 0xFF, 0x5B, 0x5A, 0x3E, 0xFF, 0x69, 0x6C, 0x57, 0xFF, 0x83, 0x8B, 0x83, 0xFF,
0xA7, 0xB5, 0xB4, 0xFF, 0xB5, 0xC3, 0xC3, 0xFF, 0xDA, 0xF2, 0xFF, 0xFF, 0xD2, 0xED, 0xFF, 0xFF,
0xCF, 0xDF, 0xE5, 0xFF, 0xE1, 0xF3, 0xFF, 0xFF, 0xD3, 0xED, 0xFF, 0xFF, 0xC6, 0xE6, 0xFC, 0xFF,
0x62, 0x66, 0x4F, 0xFF, 0xBD, 0xCF, 0xD1, 0xFF, 0xC2, 0xD6, 0xE0, 0xFF, 0xDC, 0xF2, 0xFF, 0xFF,
0xE7, 0xF7, 0xFF, 0xFF, 0xDB, 0xED, 0xFD, 0xFF, 0xD7, 0xEA, 0xFE, 0xFF, 0xDC, 0xEC, 0xFC, 0xFF,
0xE7, 0xF4, 0xFF, 0xFF, 0xDF, 0xED, 0xFE, 0xFF, 0xBB, 0xE3, 0xFC, 0xFF, 0xA4, 0xDD, 0xFA, 0xFF,
0xD7, 0xEC, 0xFE, 0xFF, 0xBB, 0xE0, 0xFA, 0xFF, 0x80, 0xD4, 0xF7, 0xFF, 0x5D, 0xCB, 0xF8, 0xFF,
0x80, 0xD1, 0xF3, 0xFF, 0x7F, 0xCF, 0xF2, 0xFF, 0x8C, 0xE0, 0xFF, 0xFF, 0x8C, 0xDD, 0xFF, 0xFF,
0x77, 0xCA, 0xF2, 0xFF, 0x75, 0xCB, 0xF4, 0xFF, 0x91, 0xE1, 0xFF, 0xFF, 0x98, 0xE6, 0xFF, 0xFF,
0x68, 0x91, 0xA1, 0xF1, 0x70, 0x98, 0xAB, 0xEF, 0x00, 0x00, 0x00, 0x8C, 0x00, 0x00, 0x00, 0x8A,
0x5F, 0x85, 0x99, 0xEC, 0x56, 0x75, 0x86, 0xE6, 0x00, 0x00, 0x00, 0x84, 0x00, 0x00, 0x00, 0x7B,
0x7C, 0xD2, 0xF9, 0xFF, 0x80, 0xD9, 0xFF, 0xFF, 0x9C, 0xE5, 0xFF, 0xFF, 0x9B, 0xDC, 0xF9, 0xFF,
0x7B, 0xDC, 0xFF, 0xFF, 0x80, 0xE5, 0xFF, 0xFF, 0x82, 0xBF, 0xD7, 0xFE, 0x5A, 0x90, 0xA0, 0xF2,
0x40, 0x54, 0x5D, 0xDD, 0x22, 0x2B, 0x30, 0xCD, 0x00, 0x00, 0x00, 0x70, 0x00, 0x00, 0x00, 0x5F,
0x0B, 0x0E, 0x0F, 0xB5, 0x00, 0x00, 0x00, 0x94, 0x00, 0x00, 0x00, 0x49, 0x00, 0x00, 0x00, 0x33,
0xDB, 0xEC, 0xFE, 0xFF, 0xD8, 0xE8, 0xFD, 0xFF, 0xDD, 0xEA, 0xFB, 0xFF, 0xA4, 0xDB, 0xFA, 0xFF,
0x9C, 0xD8, 0xF8, 0xFF, 0x50, 0xCB, 0xFA, 0xFF, 0x53, 0xCA, 0xF8, 0xFF, 0x50, 0xD0, 0xFE, 0xFF,
0x83, 0xD2, 0xF8, 0xFF, 0x53, 0xCB, 0xF5, 0xFF, 0x5B, 0xCF, 0xFD, 0xFF, 0x6A, 0xDD, 0xFF, 0xFF,
0x58, 0xD3, 0xFD, 0xFF, 0x60, 0xDC, 0xFF, 0xFF, 0x67, 0xD6, 0xF9, 0xFF, 0x34, 0x66, 0x78, 0xE9,
0x52, 0xD7, 0xFF, 0xFF, 0x42, 0x9C, 0xBD, 0xFB, 0x55, 0xD5, 0xFD, 0xFF, 0x14, 0x31, 0x3B, 0xD8,
0x01, 0x03, 0x04, 0xAE, 0x00, 0x00, 0x00, 0x4A, 0x00, 0x00, 0x00, 0x73, 0x00, 0x00, 0x00, 0x24,
0x2E, 0x66, 0x79, 0xEB, 0x00, 0x00, 0x00, 0x97, 0x00, 0x00, 0x00, 0xA2, 0x00, 0x00, 0x00, 0x4D,
0x00, 0x00, 0x00, 0x3D, 0x00, 0x00, 0x00, 0x0F, 0x00, 0x00, 0x00, 0x19, 0x00, 0x00, 0x00, 0x00,
0x7D, 0xE0, 0xFF, 0xFF, 0x5D, 0xA7, 0xBF, 0xF9, 0x30, 0x4B, 0x53, 0xD8, 0x04, 0x06, 0x06, 0xA6,
0x1D, 0x32, 0x3B, 0xD3, 0x00, 0x00, 0x00, 0x92, 0x00, 0x00, 0x00, 0x6E, 0x00, 0x00, 0x00, 0x3A,
0x00, 0x00, 0x00, 0x6C, 0x00, 0x00, 0x00, 0x42, 0x00, 0x00, 0x00, 0x1F, 0x00, 0x00, 0x00, 0x0F,
0x00, 0x00, 0x00, 0x21, 0x00, 0x00, 0x00, 0x0E, 0x00, 0x00, 0x00, 0x00, 0x00, 0x00, 0x00, 0x00,
0x00, 0x00, 0x00, 0x4C, 0x00, 0x00, 0x00, 0x1B, 0x00, 0x00, 0x00, 0x17, 0x00, 0x00, 0x00, 0x03,
0x00, 0x00, 0x00, 0x03, 0x00, 0x00, 0x00, 0x00, 0x00, 0x00, 0x00, 0x00, 0x00, 0x00, 0x00, 0x00,
0x00, 0x00, 0x00, 0x00, 0x00, 0x00, 0x00, 0x00, 0x00, 0x00, 0x00, 0x00, 0x00, 0x00, 0x00, 0x00,
0x00, 0x00, 0x00, 0x00, 0x00, 0x00, 0x00, 0x00, 0x00, 0x00, 0x00, 0x00, 0x00, 0x00, 0x00, 0x00,
0x00, 0x00, 0x00, 0x42, 0x00, 0x00, 0x00, 0x09, 0x00, 0x00, 0x00, 0x42, 0x00, 0x00, 0x00, 0x0A,
0x00, 0x00, 0x00, 0x00, 0x00, 0x00, 0x00, 0x00, 0x00, 0x00, 0x00, 0x00, 0x00, 0x00, 0x00, 0x00,
0x00, 0x00, 0x00, 0x42, 0x00, 0x00, 0x00, 0x0A, 0x00, 0x00, 0x00, 0x42, 0x00, 0x00, 0x00, 0x0A,
0x00, 0x00, 0x00, 0x00, 0x00, 0x00, 0x00, 0x00, 0x00, 0x00, 0x00, 0x00, 0x00, 0x00, 0x00, 0x00,
0x00, 0x00, 0x00, 0x00, 0x00, 0x00, 0x00, 0x00, 0x00, 0x00, 0x00, 0x00, 0x00, 0x00, 0x00, 0x00,
0x00, 0x00, 0x00, 0x00, 0x00, 0x00, 0x00, 0x00, 0x00, 0x00, 0x00, 0x00, 0x00, 0x00, 0x00, 0x00,
0x00, 0x00, 0x00, 0x00, 0x00, 0x00, 0x00, 0x00, 0x00, 0x00, 0x00, 0x00, 0x00, 0x00, 0x00, 0x00,
0x00, 0x00, 0x00, 0x00, 0x00, 0x00, 0x00, 0x00, 0x00, 0x00, 0x00, 0x00, 0x00, 0x00, 0x00, 0x00,
0x00, 0x00, 0x00, 0x40, 0x00, 0x00, 0x00, 0x0A, 0x00, 0x00, 0x00, 0x3C, 0x00, 0x00, 0x00, 0x07,
0x00, 0x00, 0x00, 0x00, 0x00, 0x00, 0x00, 0x00, 0x00, 0x00, 0x00, 0x00, 0x00, 0x00, 0x00, 0x00,
0x00, 0x00, 0x00, 0x32, 0x00, 0x00, 0x00, 0x03, 0x00, 0x00, 0x00, 0x22, 0x00, 0x00, 0x00, 0x00,
0x00, 0x00, 0x00, 0x00, 0x00, 0x00, 0x00, 0x00, 0x00, 0x00, 0x00, 0x00, 0x00, 0x00, 0x00, 0x00,
0x00, 0x00, 0x00, 0x00, 0x00, 0x00, 0x00, 0x00, 0x00, 0x00, 0x00, 0x00, 0x00, 0x00, 0x00, 0x00,
0x00, 0x00, 0x00, 0x00, 0x00, 0x00, 0x00, 0x00, 0x00, 0x00, 0x00, 0x00, 0x00, 0x00, 0x00, 0x00,
0x00, 0x00, 0x00, 0x00, 0x00, 0x00, 0x00, 0x00, 0x00, 0x00, 0x00, 0x00, 0x00, 0x00, 0x00, 0x00,
0x00, 0x00, 0x00, 0x00, 0x00, 0x00, 0x00, 0x00, 0x00, 0x00, 0x00, 0x00, 0x00, 0x00, 0x00, 0x00,
0x00, 0x00, 0x00, 0x00, 0x00, 0x00, 0x00, 0x00, 0x00, 0x00, 0x00, 0x00, 0x00, 0x00, 0x00, 0x00,
0x00, 0x00, 0x00, 0x00, 0x00, 0x00, 0x00, 0x00, 0x00, 0x00, 0x00, 0x00, 0x00, 0x00, 0x00, 0x00,
0x00, 0x00, 0x00, 0x00, 0x00, 0x00, 0x00, 0x00, 0x00, 0x00, 0x00, 0x00, 0x00, 0x00, 0x00, 0x00,
0x00, 0x00, 0x00, 0x00, 0x00, 0x00, 0x00, 0x00, 0x00, 0x00, 0x00, 0x00, 0x00, 0x00, 0x00, 0x00,
0x00, 0x00, 0x00, 0x00, 0x00, 0x00, 0x00, 0x00, 0x00, 0x00, 0x00, 0x00, 0x00, 0x00, 0x00, 0x00,
0x00, 0x00, 0x00, 0x00, 0x00, 0x00, 0x00, 0x00, 0x00, 0x00, 0x00, 0x00, 0x00, 0x00, 0x00, 0x00,
0x00, 0x00, 0x00, 0x00, 0x00, 0x00, 0x00, 0x00, 0x00, 0x00, 0x00, 0x00, 0x00, 0x00, 0x00, 0x00,
0x00, 0x00, 0x00, 0x00, 0x00, 0x00, 0x00, 0x00, 0x00, 0x00, 0x00, 0x00, 0x00, 0x00, 0x00, 0x00,
0x00, 0x00, 0x00, 0x00, 0x00, 0x00, 0x00, 0x00, 0x00, 0x00, 0x00, 0x00, 0x00, 0x00, 0x00, 0x00,
0x00, 0x00, 0x00, 0x00, 0x00, 0x00, 0x00, 0x00, 0x00, 0x00, 0x00, 0x00, 0x00, 0x00, 0x00, 0x00,
0x00, 0x00, 0x00, 0x00, 0x00, 0x00, 0x00, 0x00, 0x00, 0x00, 0x00, 0x00, 0x00, 0x00, 0x00, 0x00,
0x00, 0x00, 0x00, 0x00, 0x00, 0x00, 0x00, 0x00, 0x00, 0x00, 0x00, 0x00, 0x00, 0x00, 0x00, 0x00,
0x00, 0x00, 0x00, 0x00, 0x00, 0x00, 0x00, 0x00, 0x00, 0x00, 0x00, 0x00, 0x00, 0x00, 0x00, 0x00,
0x00, 0x00, 0x00, 0x00, 0x00, 0x00, 0x00, 0x00, 0x00, 0x00, 0x00, 0x00, 0x00, 0x00, 0x00, 0x00,
0x00, 0x00, 0x00, 0x00, 0x00, 0x00, 0x00, 0x00, 0x00, 0x00, 0x00, 0x00, 0x00, 0x00, 0x00, 0x00,
0x00, 0x00, 0x00, 0x00, 0x00, 0x00, 0x00, 0x00, 0x00, 0x00, 0x00, 0x00, 0x00, 0x00, 0x00, 0x00,
0x00, 0x00, 0x00, 0x13, 0x00, 0x00, 0x00, 0x00, 0x00, 0x00, 0x00, 0x02, 0x00, 0x00, 0x00, 0x00,
0x00, 0x00, 0x00, 0x00, 0x00, 0x00, 0x00, 0x00, 0x00, 0x00, 0x00, 0x00, 0x00, 0x00, 0x00, 0x00,
0x00, 0x00, 0x00, 0x00, 0x00, 0x00, 0x00, 0x00, 0x00, 0x00, 0x00, 0x00, 0x00, 0x00, 0x00, 0x00,
0x00, 0x00, 0x00, 0x00, 0x00, 0x00, 0x00, 0x00, 0x00, 0x00, 0x00, 0x00, 0x00, 0x00, 0x00, 0x00,
0x00, 0x00, 0x00, 0x00, 0x00, 0x00, 0x00, 0x00, 0x00, 0x00, 0x00, 0x00, 0x00, 0x00, 0x00, 0x00,
0x00, 0x00, 0x00, 0x00, 0x00, 0x00, 0x00, 0x00, 0x00, 0x00, 0x00, 0x00, 0x00, 0x00, 0x00, 0x00,
0x00, 0x00, 0x00, 0x00, 0x00, 0x00, 0x00, 0x00, 0x00, 0x00, 0x00, 0x00, 0x00, 0x00, 0x00, 0x00,
0x00, 0x00, 0x00, 0x00, 0x00, 0x00, 0x00, 0x00, 0x00, 0x00, 0x00, 0x00, 0x00, 0x00, 0x00, 0x00,
0x00, 0x00, 0x00, 0x00, 0x00, 0x00, 0x00, 0x00, 0x00, 0x00, 0x00, 0x00, 0x00, 0x00, 0x00, 0x00,
0x00, 0x00, 0x00, 0x00, 0x00, 0x00, 0x00, 0x00, 0x00, 0x00, 0x00, 0x00, 0x00, 0x00, 0x00, 0x00,
0x00, 0x00, 0x00, 0x00, 0x00, 0x00, 0x00, 0x00, 0x00, 0x00, 0x00, 0x00, 0x00, 0x00, 0x00, 0x00,
0x00, 0x00, 0x00, 0x00, 0x00, 0x00, 0x00, 0x00, 0x00, 0x00, 0x00, 0x00, 0x00, 0x00, 0x00, 0x00,
0x00, 0x00, 0x00, 0x00, 0x00, 0x00, 0x00, 0x00, 0x00, 0x00, 0x00, 0x00, 0x00, 0x00, 0x00, 0x00,
0x00, 0x00, 0x00, 0x00, 0x00, 0x00, 0x00, 0x00, 0x00, 0x00, 0x00, 0x00, 0x00, 0x00, 0x00, 0x00,
0x00, 0x00, 0x00, 0x00, 0x00, 0x00, 0x00, 0x00, 0x00, 0x00, 0x00, 0x00, 0x00, 0x00, 0x00, 0x00,
0x00, 0x00, 0x00, 0x00, 0x00, 0x00, 0x00, 0x00, 0x00, 0x00, 0x00, 0x00, 0x00, 0x00, 0x00, 0x00,
0x00, 0x00, 0x00, 0x00, 0x00, 0x00, 0x00, 0x00, 0x00, 0x00, 0x00, 0x00, 0x00, 0x00, 0x00, 0x00,
0x00, 0x00, 0x00, 0x00, 0x00, 0x00, 0x00, 0x00, 0x00, 0x00, 0x00, 0x00, 0x00, 0x00, 0x00, 0x00,
0x00, 0x00, 0x00, 0x00, 0x00, 0x00, 0x00, 0x00, 0x00, 0x00, 0x00, 0x00, 0x00, 0x00, 0x00, 0x00,
0x00, 0x00, 0x00, 0x00, 0x00, 0x00, 0x00, 0x00, 0x00, 0x00, 0x00, 0x00, 0x00, 0x00, 0x00, 0x00,
0x00, 0x00, 0x00, 0x00, 0x00, 0x00, 0x00, 0x00, 0x00, 0x00, 0x00, 0x00, 0x00, 0x00, 0x00, 0x00,
0x00, 0x00, 0x00, 0x00, 0x00, 0x00, 0x00, 0x00, 0x00, 0x00, 0x00, 0x00, 0x00, 0x00, 0x00, 0x00,
0x00, 0x00, 0x00, 0x00, 0x00, 0x00, 0x00, 0x00, 0x00, 0x00, 0x00, 0x00, 0x00, 0x00, 0x00, 0x00,
0x00, 0x00, 0x00, 0x00, 0x00, 0x00, 0x00, 0x00, 0x00, 0x00, 0x00, 0x00, 0x00, 0x00, 0x00, 0x00,
0x00, 0x00, 0x00, 0x00, 0x00, 0x00, 0x00, 0x00, 0x00, 0x00, 0x00, 0x00, 0x00, 0x00, 0x00, 0x00,
0x00, 0x00, 0x00, 0x00, 0x00, 0x00, 0x00, 0x00, 0x00, 0x00, 0x00, 0x00, 0x00, 0x00, 0x00, 0x00,
0x00, 0x00, 0x00, 0x00, 0x00, 0x00, 0x00, 0x00, 0x00, 0x00, 0x00, 0x00, 0x00, 0x00, 0x00, 0x00,
0x00, 0x00, 0x00, 0x00, 0x00, 0x00, 0x00, 0x00, 0x00, 0x00, 0x00, 0x00, 0x00, 0x00, 0x00, 0x00,
0x00, 0x00, 0x00, 0x00, 0x00, 0x00, 0x00, 0x00, 0x00, 0x00, 0x00, 0x00, 0x00, 0x00, 0x00, 0x00,
0x00, 0x00, 0x00, 0x00, 0x00, 0x00, 0x00, 0x00, 0x00, 0x00, 0x00, 0x00, 0x00, 0x00, 0x00, 0x00,
0x00, 0x00, 0x00, 0x00, 0x00, 0x00, 0x00, 0x00, 0x00, 0x00, 0x00, 0x00, 0x00, 0x00, 0x00, 0x00,
0x00, 0x00, 0x00, 0x00, 0x00, 0x00, 0x00, 0x00, 0x00, 0x00, 0x00, 0x00, 0x00, 0x00, 0x00, 0x00,
0x00, 0x00, 0x00, 0x2C, 0x00, 0x00, 0x00, 0x2B, 0x00, 0x00, 0x00, 0x00, 0x00, 0x00, 0x00, 0x00,
0x00, 0x00, 0x00, 0x26, 0x00, 0x00, 0x00, 0x22, 0x00, 0x00, 0x00, 0x00, 0x00, 0x00, 0x00, 0x00,
0x00, 0x00, 0x00, 0x00, 0x00, 0x00, 0x00, 0x00, 0x00, 0x00, 0x00, 0x00, 0x00, 0x00, 0x00, 0x00,
0x00, 0x00, 0x00, 0x00, 0x00, 0x00, 0x00, 0x00, 0x00, 0x00, 0x00, 0x00, 0x00, 0x00, 0x00, 0x00,
0x00, 0x00, 0x00, 0x1C, 0x00, 0x00, 0x00, 0x17, 0x00, 0x00, 0x00, 0x00, 0x00, 0x00, 0x00, 0x00,
0x00, 0x00, 0x00, 0x0F, 0x00, 0x00, 0x00, 0x02, 0x00, 0x00, 0x00, 0x00, 0x00, 0x00, 0x00, 0x00,
0x00, 0x00, 0x00, 0x00, 0x00, 0x00, 0x00, 0x00, 0x00, 0x00, 0x00, 0x00, 0x00, 0x00, 0x00, 0x00,
0x00, 0x00, 0x00, 0x00, 0x00, 0x00, 0x00, 0x00, 0x00, 0x00, 0x00, 0x00, 0x00, 0x00, 0x00, 0x00,
0x00, 0x00, 0x00, 0x00, 0x00, 0x00, 0x00, 0x00, 0x00, 0x00, 0x00, 0x00, 0x00, 0x00, 0x00, 0x00,
0x00, 0x00, 0x00, 0x00, 0x00, 0x00, 0x00, 0x00, 0x00, 0x00, 0x00, 0x00, 0x00, 0x00, 0x00, 0x00,
0x00, 0x00, 0x00, 0x00, 0x00, 0x00, 0x00, 0x00, 0x00, 0x00, 0x00, 0x00, 0x00, 0x00, 0x00, 0x00,
0x00, 0x00, 0x00, 0x00, 0x00, 0x00, 0x00, 0x00, 0x00, 0x00, 0x00, 0x00, 0x00, 0x00, 0x00, 0x00,
0x00, 0x00, 0x00, 0x00, 0x00, 0x00, 0x00, 0x00, 0x00, 0x00, 0x00, 0x00, 0x00, 0x00, 0x00, 0x00,
0x00, 0x00, 0x00, 0x00, 0x00, 0x00, 0x00, 0x00, 0x00, 0x00, 0x00, 0x00, 0x00, 0x00, 0x00, 0x00,
0x00, 0x00, 0x00, 0x00, 0x00, 0x00, 0x00, 0x00, 0x00, 0x00, 0x00, 0x00, 0x00, 0x00, 0x00, 0x00,
0x00, 0x00, 0x00, 0x00, 0x00, 0x00, 0x00, 0x00, 0x00, 0x00, 0x00, 0x00, 0x00, 0x00, 0x00, 0x00,
0x00, 0x00, 0x00, 0x00, 0x00, 0x00, 0x00, 0x00, 0x00, 0x00, 0x00, 0x00, 0x00, 0x00, 0x00, 0x00,
0x00, 0x00, 0x00, 0x00, 0x00, 0x00, 0x00, 0x00, 0x00, 0x00, 0x00, 0x00, 0x00, 0x00, 0x00, 0x00,
0x00, 0x00, 0x00, 0x00, 0x00, 0x00, 0x00, 0x00, 0x00, 0x00, 0x00, 0x00, 0x00, 0x00, 0x00, 0x00,
0x00, 0x00, 0x00, 0x00, 0x00, 0x00, 0x00, 0x00, 0x00, 0x00, 0x00, 0x00, 0x00, 0x00, 0x00, 0x00,
0x00, 0x00, 0x00, 0x00, 0x00, 0x00, 0x00, 0x00, 0x00, 0x00, 0x00, 0x00, 0x00, 0x00, 0x00, 0x00,
0x00, 0x00, 0x00, 0x00, 0x00, 0x00, 0x00, 0x00, 0x00, 0x00, 0x00, 0x00, 0x00, 0x00, 0x00, 0x00,
0x00, 0x00, 0x00, 0x00, 0x00, 0x00, 0x00, 0x00, 0x00, 0x00, 0x00, 0x00, 0x00, 0x00, 0x00, 0x00,
0x00, 0x00, 0x00, 0x00, 0x00, 0x00, 0x00, 0x00, 0x00, 0x00, 0x00, 0x00, 0x00, 0x00, 0x00, 0x00,
0x00, 0x00, 0x00, 0x00, 0x00, 0x00, 0x00, 0x00, 0x00, 0x00, 0x00, 0x00, 0x00, 0x00, 0x00, 0x00,
0x00, 0x00, 0x00, 0x00, 0x00, 0x00, 0x00, 0x00, 0x00, 0x00, 0x00, 0x00, 0x00, 0x00, 0x00, 0x00,
0x00, 0x00, 0x00, 0x00, 0x00, 0x00, 0x00, 0x00, 0x00, 0x00, 0x00, 0x00, 0x00, 0x00, 0x00, 0x00,
0x00, 0x00, 0x00, 0x00, 0x00, 0x00, 0x00, 0x00, 0x00, 0x00, 0x00, 0x00, 0x00, 0x00, 0x00, 0x00,
0x00, 0x00, 0x00, 0x00, 0x00, 0x00, 0x00, 0x00, 0x00, 0x00, 0x00, 0x00, 0x00, 0x00, 0x00, 0x00,
0x00, 0x00, 0x00, 0x00, 0x00, 0x00, 0x00, 0x00, 0x00, 0x00, 0x00, 0x00, 0x00, 0x00, 0x00, 0x00,
0x00, 0x00, 0x00, 0x00, 0x00, 0x00, 0x00, 0x00, 0x00, 0x00, 0x00, 0x00, 0x00, 0x00, 0x00, 0x00,
0x00, 0x00, 0x00, 0x00, 0x00, 0x00, 0x00, 0x00, 0x00, 0x00, 0x00, 0x00, 0x00, 0x00, 0x00, 0x00,
0x00, 0x00, 0x00, 0x00, 0x00, 0x00, 0x00, 0x00, 0x00, 0x00, 0x00, 0x00, 0x00, 0x00, 0x00, 0x00,
0x00, 0x00, 0x00, 0x00, 0x00, 0x00, 0x00, 0x00, 0x00, 0x00, 0x00, 0x00, 0x00, 0x00, 0x00, 0x00,
0x00, 0x00, 0x00, 0x00, 0x00, 0x00, 0x00, 0x00, 0x00, 0x00, 0x00, 0x00, 0x00, 0x00, 0x00, 0x00,
0x00, 0x00, 0x00, 0x00, 0x00, 0x00, 0x00, 0x00, 0x00, 0x00, 0x00, 0x00, 0x00, 0x00, 0x00, 0x00,
0x00, 0x00, 0x00, 0x00, 0x00, 0x00, 0x00, 0x00, 0x00, 0x00, 0x00, 0x00, 0x00, 0x00, 0x00, 0x00,
0x00, 0x00, 0x00, 0x00, 0x00, 0x00, 0x00, 0x00, 0x00, 0x00, 0x00, 0x00, 0x00, 0x00, 0x00, 0x00,
0x00, 0x00, 0x00, 0x00, 0x00, 0x00, 0x00, 0x00, 0x00, 0x00, 0x00, 0x00, 0x00, 0x00, 0x00, 0x00,
0x00, 0x00, 0x00, 0x00, 0x00, 0x00, 0x00, 0x00, 0x00, 0x00, 0x00, 0x00, 0x00, 0x00, 0x00, 0x00,
0x00, 0x00, 0x00, 0x00, 0x00, 0x00, 0x00, 0x00, 0x00, 0x00, 0x00, 0x00, 0x00, 0x00, 0x00, 0x00,
0x00, 0x00, 0x00, 0x00, 0x00, 0x00, 0x00, 0x00, 0x00, 0x00, 0x00, 0x00, 0x00, 0x00, 0x00, 0x00,
0x00, 0x00, 0x00, 0x00, 0x00, 0x00, 0x00, 0x00, 0x00, 0x00, 0x00, 0x00, 0x00, 0x00, 0x00, 0x00,
0x00, 0x00, 0x00, 0x00, 0x00, 0x00, 0x00, 0x00, 0x00, 0x00, 0x00, 0x00, 0x00, 0x00, 0x00, 0x00,
0x00, 0x00, 0x00, 0x00, 0x00, 0x00, 0x00, 0x00, 0x00, 0x00, 0x00, 0x00, 0x00, 0x00, 0x00, 0x00,
0x00, 0x00, 0x00, 0x00, 0x00, 0x00, 0x00, 0x00, 0x00, 0x00, 0x00, 0x00, 0x00, 0x00, 0x00, 0x00,
0x00, 0x00, 0x00, 0x00, 0x00, 0x00, 0x00, 0x00, 0x00, 0x00, 0x00, 0x00, 0x00, 0x00, 0x00, 0x00,
0x00, 0x00, 0x00, 0x00, 0x00, 0x00, 0x00, 0x00, 0x00, 0x00, 0x00, 0x00, 0x00, 0x00, 0x00, 0x00,
0x00, 0x00, 0x00, 0x00, 0x00, 0x00, 0x00, 0x00, 0x00, 0x00, 0x00, 0x00, 0x00, 0x00, 0x00, 0x00,
0x00, 0x00, 0x00, 0x00, 0x00, 0x00, 0x00, 0x00, 0x00, 0x00, 0x00, 0x00, 0x00, 0x00, 0x00, 0x00,
0x00, 0x00, 0x00, 0x00, 0x00, 0x00, 0x00, 0x00, 0x00, 0x00, 0x00, 0x00, 0x00, 0x00, 0x00, 0x00,
0x00, 0x00, 0x00, 0x00, 0x00, 0x00, 0x00, 0x00, 0x00, 0x00, 0x00, 0x00, 0x00, 0x00, 0x00, 0x00,
0x00, 0x00, 0x00, 0x00, 0x00, 0x00, 0x00, 0x00, 0x00, 0x00, 0x00, 0x00, 0x00, 0x00, 0x00, 0x00,
0x00, 0x00, 0x00, 0x00, 0x00, 0x00, 0x00, 0x00, 0x00, 0x00, 0x00, 0x00, 0x00, 0x00, 0x00, 0x00,
0x00, 0x00, 0x00, 0x00, 0x00, 0x00, 0x00, 0x00, 0x00, 0x00, 0x00, 0x00, 0x00, 0x00, 0x00, 0x00,
0x00, 0x00, 0x00, 0x00, 0x00, 0x00, 0x00, 0x00, 0x00, 0x00, 0x00, 0x00, 0x00, 0x00, 0x00, 0x00,
0x00, 0x00, 0x00, 0x00, 0x00, 0x00, 0x00, 0x00, 0x00, 0x00, 0x00, 0x00, 0x00, 0x00, 0x00, 0x00,
0x00, 0x00, 0x00, 0x00, 0x00, 0x00, 0x00, 0x00, 0x00, 0x00, 0x00, 0x00, 0x00, 0x00, 0x00, 0x00,
0x00, 0x00, 0x00, 0x00, 0x00, 0x00, 0x00, 0x00, 0x00, 0x00, 0x00, 0x00, 0x00, 0x00, 0x00, 0x00,
0x00, 0x00, 0x00, 0x00, 0x00, 0x00, 0x00, 0x00, 0x00, 0x00, 0x00, 0x00, 0x00, 0x00, 0x00, 0x00,
0x00, 0x00, 0x00, 0x00, 0x00, 0x00, 0x00, 0x00, 0x00, 0x00, 0x00, 0x00, 0x00, 0x00, 0x00, 0x00,
0x00, 0x00, 0x00, 0x00, 0x00, 0x00, 0x00, 0x00, 0x00, 0x00, 0x00, 0x00, 0x00, 0x00, 0x00, 0x00,
0x00, 0x00, 0x00, 0x00, 0x00, 0x00, 0x00, 0x00, 0x00, 0x00, 0x00, 0x00, 0x00, 0x00, 0x00, 0x00,
0x00, 0x00, 0x00, 0x00, 0x00, 0x00, 0x00, 0x00, 0x00, 0x00, 0x00, 0x00, 0x00, 0x00, 0x00, 0x00,
0x00, 0x00, 0x00, 0x00, 0x00, 0x00, 0x00, 0x00, 0x00, 0x00, 0x00, 0x00, 0x00, 0x00, 0x00, 0x00,
0x00, 0x00, 0x00, 0x00, 0x00, 0x00, 0x00, 0x00, 0x00, 0x00, 0x00, 0x00, 0x00, 0x00, 0x00, 0x00,
0x00, 0x00, 0x00, 0x00, 0x00, 0x00, 0x00, 0x00, 0x00, 0x00, 0x00, 0x00, 0x00, 0x00, 0x00, 0x00,
0x00, 0x00, 0x00, 0x00, 0x00, 0x00, 0x00, 0x00, 0x00, 0x00, 0x00, 0x00, 0x00, 0x00, 0x00, 0x00,
0x00, 0x00, 0x00, 0x00, 0x00, 0x00, 0x00, 0x00, 0x00, 0x00, 0x00, 0x00, 0x00, 0x00, 0x00, 0x00,
0x00, 0x00, 0x00, 0x00, 0x00, 0x00, 0x00, 0x00, 0x00, 0x00, 0x00, 0x00, 0x00, 0x00, 0x00, 0x00,
0x00, 0x00, 0x00, 0x00, 0x00, 0x00, 0x00, 0x00, 0x00, 0x00, 0x00, 0x00, 0x00, 0x00, 0x00, 0x00,
0x00, 0x00, 0x00, 0x00, 0x00, 0x00, 0x00, 0x00, 0x00, 0x00, 0x00, 0x00, 0x00, 0x00, 0x00, 0x00,
0x00, 0x00, 0x00, 0x00, 0x00, 0x00, 0x00, 0x00, 0x00, 0x00, 0x00, 0x00, 0x00, 0x00, 0x00, 0x00,
0x00, 0x00, 0x00, 0x00, 0x00, 0x00, 0x00, 0x00, 0x00, 0x00, 0x00, 0x00, 0x00, 0x00, 0x00, 0x00,
0x00, 0x00, 0x00, 0x00, 0x00, 0x00, 0x00, 0x00, 0x00, 0x00, 0x00, 0x00, 0x00, 0x00, 0x00, 0x00,
0x00, 0x00, 0x00, 0x00, 0x00, 0x00, 0x00, 0x00, 0x00, 0x00, 0x00, 0x00, 0x00, 0x00, 0x00, 0x00,
0x00, 0x00, 0x00, 0x00, 0x00, 0x00, 0x00, 0x00, 0x00, 0x00, 0x00, 0x00, 0x00, 0x00, 0x00, 0x00,
0x00, 0x00, 0x00, 0x00, 0x00, 0x00, 0x00, 0x00, 0x00, 0x00, 0x00, 0x00, 0x00, 0x00, 0x00, 0x00,
0x00, 0x00, 0x00, 0x00, 0x00, 0x00, 0x00, 0x00, 0x00, 0x00, 0x00, 0x00, 0x00, 0x00, 0x00, 0x00,
0x00, 0x00, 0x00, 0x00, 0x00, 0x00, 0x00, 0x00, 0x00, 0x00, 0x00, 0x00, 0x00, 0x00, 0x00, 0x00,
0x00, 0x00, 0x00, 0x00, 0x00, 0x00, 0x00, 0x00, 0x00, 0x00, 0x00, 0x00, 0x00, 0x00, 0x00, 0x00,
0x00, 0x00, 0x00, 0x00, 0x00, 0x00, 0x00, 0x00, 0x00, 0x00, 0x00, 0x00, 0x00, 0x00, 0x00, 0x00,
0x00, 0x00, 0x00, 0x00, 0x00, 0x00, 0x00, 0x00, 0x00, 0x00, 0x00, 0x00, 0x00, 0x00, 0x00, 0x00,
0x00, 0x00, 0x00, 0x00, 0x00, 0x00, 0x00, 0x00, 0x00, 0x00, 0x00, 0x00, 0x00, 0x00, 0x00, 0x00,
0x00, 0x00, 0x00, 0x00, 0x00, 0x00, 0x00, 0x00, 0x00, 0x00, 0x00, 0x00, 0x00, 0x00, 0x00, 0x00,
0x00, 0x00, 0x00, 0x00, 0x00, 0x00, 0x00, 0x00, 0x00, 0x00, 0x00, 0x00, 0x00, 0x00, 0x00, 0x00,
0x00, 0x00, 0x00, 0x00, 0x00, 0x00, 0x00, 0x00, 0x00, 0x00, 0x00, 0x00, 0x00, 0x00, 0x00, 0x00,
0x00, 0x00, 0x00, 0x00, 0x00, 0x00, 0x00, 0x00, 0x00, 0x00, 0x00, 0x00, 0x00, 0x00, 0x00, 0x00,
0x00, 0x00, 0x00, 0x00, 0x00, 0x00, 0x00, 0x00, 0x00, 0x00, 0x00, 0x00, 0x00, 0x00, 0x00, 0x00,
0x00, 0x00, 0x00, 0x00, 0x00, 0x00, 0x00, 0x00, 0x00, 0x00, 0x00, 0x00, 0x00, 0x00, 0x00, 0x00,
0x00, 0x00, 0x00, 0x00, 0x00, 0x00, 0x00, 0x00, 0x00, 0x00, 0x00, 0x00, 0x00, 0x00, 0x00, 0x00,
0x00, 0x00, 0x00, 0x00, 0x00, 0x00, 0x00, 0x00, 0x00, 0x00, 0x00, 0x00, 0x00, 0x00, 0x00, 0x00,
0x00, 0x00, 0x00, 0x00, 0x00, 0x00, 0x00, 0x00, 0x00, 0x00, 0x00, 0x00, 0x00, 0x00, 0x00, 0x00,
0x00, 0x00, 0x00, 0x00, 0x00, 0x00, 0x00, 0x00, 0x00, 0x00, 0x00, 0x00, 0x00, 0x00, 0x00, 0x00,
0x00, 0x00, 0x00, 0x00, 0x00, 0x00, 0x00, 0x00, 0x00, 0x00, 0x00, 0x00, 0x00, 0x00, 0x00, 0x00,
0x00, 0x00, 0x00, 0x00, 0x00, 0x00, 0x00, 0x00, 0x00, 0x00, 0x00, 0x00, 0x00, 0x00, 0x00, 0x00,
0x00, 0x00, 0x00, 0x00, 0x00, 0x00, 0x00, 0x00, 0x00, 0x00, 0x00, 0x00, 0x00, 0x00, 0x00, 0x00,
0x00, 0x00, 0x00, 0x00, 0x00, 0x00, 0x00, 0x00, 0x00, 0x00, 0x00, 0x00, 0x00, 0x00, 0x00, 0x00,
0x00, 0x00, 0x00, 0x00, 0x00, 0x00, 0x00, 0x00, 0x00, 0x00, 0x00, 0x00, 0x00, 0x00, 0x00, 0x00,
0x00, 0x00, 0x00, 0x00, 0x00, 0x00, 0x00, 0x00, 0x00, 0x00, 0x00, 0x00, 0x00, 0x00, 0x00, 0x00,
0x00, 0x00, 0x00, 0x00, 0x00, 0x00, 0x00, 0x00, 0x00, 0x00, 0x00, 0x00, 0x00, 0x00, 0x00, 0x00,
0x00, 0x00, 0x00, 0x00, 0x00, 0x00, 0x00, 0x00, 0x00, 0x00, 0x00, 0x00, 0x00, 0x00, 0x00, 0x00,
0x00, 0x00, 0x00, 0x00, 0x00, 0x00, 0x00, 0x00, 0x00, 0x00, 0x00, 0x00, 0x00, 0x00, 0x00, 0x00,
0x00, 0x00, 0x00, 0x00, 0x00, 0x00, 0x00, 0x00, 0x00, 0x00, 0x00, 0x00, 0x00, 0x00, 0x00, 0x00,
0x00, 0x00, 0x00, 0x00, 0x00, 0x00, 0x00, 0x00, 0x00, 0x00, 0x00, 0x00, 0x00, 0x00, 0x00, 0x00,
0x00, 0x00, 0x00, 0x00, 0x00, 0x00, 0x00, 0x00, 0x00, 0x00, 0x00, 0x00, 0x00, 0x00, 0x00, 0x00,
0x00, 0x00, 0x00, 0x00, 0x00, 0x00, 0x00, 0x00, 0x00, 0x00, 0x00, 0x00, 0x00, 0x00, 0x00, 0x00,
0x00, 0x00, 0x00, 0x00, 0x00, 0x00, 0x00, 0x00, 0x00, 0x00, 0x00, 0x00, 0x00, 0x00, 0x00, 0x00,
0x00, 0x00, 0x00, 0x00, 0x00, 0x00, 0x00, 0x00, 0x00, 0x00, 0x00, 0x00, 0x00, 0x00, 0x00, 0x00,
0x00, 0x00, 0x00, 0x00, 0x00, 0x00, 0x00, 0x00, 0x00, 0x00, 0x00, 0x00, 0x00, 0x00, 0x00, 0x00,
0x00, 0x00, 0x00, 0x00, 0x00, 0x00, 0x00, 0x00, 0x00, 0x00, 0x00, 0x00, 0x00, 0x00, 0x00, 0x00,
0x00, 0x00, 0x00, 0x00, 0x00, 0x00, 0x00, 0x00, 0x00, 0x00, 0x00, 0x00, 0x00, 0x00, 0x00, 0x00,
0x00, 0x00, 0x00, 0x00, 0x00, 0x00, 0x00, 0x00, 0x00, 0x00, 0x00, 0x00, 0x00, 0x00, 0x00, 0x00,
0x00, 0x00, 0x00, 0x00, 0x00, 0x00, 0x00, 0x00, 0x00, 0x00, 0x00, 0x00, 0x00, 0x00, 0x00, 0x00,
0x00, 0x00, 0x00, 0x00, 0x00, 0x00, 0x00, 0x00, 0x00, 0x00, 0x00, 0x00, 0x00, 0x00, 0x00, 0x00,
0x00, 0x00, 0x00, 0x00, 0x00, 0x00, 0x00, 0x00, 0x00, 0x00, 0x00, 0x00, 0x00, 0x00, 0x00, 0x00,
0x00, 0x00, 0x00, 0x00, 0x00, 0x00, 0x00, 0x00, 0x00, 0x00, 0x00, 0x00, 0x00, 0x00, 0x00, 0x00,
0x00, 0x00, 0x00, 0x00, 0x00, 0x00, 0x00, 0x00, 0x00, 0x00, 0x00, 0x00, 0x00, 0x00, 0x00, 0x00,
0x00, 0x00, 0x00, 0x00, 0x00, 0x00, 0x00, 0x00, 0x00, 0x00, 0x00, 0x00, 0x00, 0x00, 0x00, 0x00,
0x00, 0x00, 0x00, 0x00, 0x00, 0x00, 0x00, 0x00, 0x00, 0x00, 0x00, 0x00, 0x00, 0x00, 0x00, 0x00,
0x00, 0x00, 0x00, 0x00, 0x00, 0x00, 0x00, 0x00, 0x00, 0x00, 0x00, 0x00, 0x00, 0x00, 0x00, 0x00,
0x00, 0x00, 0x00, 0x00, 0x00, 0x00, 0x00, 0x00, 0x00, 0x00, 0x00, 0x00, 0x00, 0x00, 0x00, 0x00,
0x00, 0x00, 0x00, 0x00, 0x00, 0x00, 0x00, 0x00, 0x00, 0x00, 0x00, 0x00, 0x00, 0x00, 0x00, 0x00,
0x00, 0x00, 0x00, 0x00, 0x00, 0x00, 0x00, 0x00, 0x00, 0x00, 0x00, 0x00, 0x00, 0x00, 0x00, 0x00,
0x00, 0x00, 0x00, 0x00, 0x00, 0x00, 0x00, 0x00, 0x00, 0x00, 0x00, 0x00, 0x00, 0x00, 0x00, 0x00,
0x00, 0x00, 0x00, 0x00, 0x00, 0x00, 0x00, 0x00, 0x00, 0x00, 0x00, 0x00, 0x00, 0x00, 0x00, 0x00,
0x00, 0x00, 0x00, 0x00, 0x00, 0x00, 0x00, 0x00, 0x00, 0x00, 0x00, 0x00, 0x00, 0x00, 0x00, 0x00,
0x00, 0x00, 0x00, 0x00, 0x00, 0x00, 0x00, 0x00, 0x00, 0x00, 0x00, 0x00, 0x00, 0x00, 0x00, 0x00,
0x00, 0x00, 0x00, 0x00, 0x00, 0x00, 0x00, 0x00, 0x00, 0x00, 0x00, 0x00, 0x00, 0x00, 0x00, 0x00,
0x00, 0x00, 0x00, 0x00, 0x00, 0x00, 0x00, 0x00, 0x00, 0x00, 0x00, 0x00, 0x00, 0x00, 0x00, 0x00,
0x00, 0x00, 0x00, 0x00, 0x00, 0x00, 0x00, 0x00, 0x00, 0x00, 0x00, 0x00, 0x00, 0x00, 0x00, 0x00,
0x00, 0x00, 0x00, 0x00, 0x00, 0x00, 0x00, 0x00, 0x00, 0x00, 0x00, 0x00, 0x00, 0x00, 0x00, 0x00,
0x00, 0x00, 0x00, 0x00, 0x00, 0x00, 0x00, 0x00, 0x00, 0x00, 0x00, 0x00, 0x00, 0x00, 0x00, 0x00,
0x00, 0x00, 0x00, 0x00, 0x00, 0x00, 0x00, 0x00, 0x00, 0x00, 0x00, 0x00, 0x00, 0x00, 0x00, 0x00,
0x00, 0x00, 0x00, 0x00, 0x00, 0x00, 0x00, 0x00, 0x00, 0x00, 0x00, 0x00, 0x00, 0x00, 0x00, 0x00,
0x00, 0x00, 0x00, 0x00, 0x00, 0x00, 0x00, 0x00, 0x00, 0x00, 0x00, 0x00, 0x00, 0x00, 0x00, 0x00,
0x00, 0x00, 0x00, 0x00, 0x00, 0x00, 0x00, 0x00, 0x00, 0x00, 0x00, 0x00, 0x00, 0x00, 0x00, 0x00,
0x00, 0x00, 0x00, 0x00, 0x00, 0x00, 0x00, 0x00, 0x00, 0x00, 0x00, 0x00, 0x00, 0x00, 0x00, 0x00,
0x00, 0x00, 0x00, 0x00, 0x00, 0x00, 0x00, 0x00, 0x00, 0x00, 0x00, 0x00, 0x00, 0x00, 0x00, 0x00,
0x00, 0x00, 0x00, 0x00, 0x00, 0x00, 0x00, 0x00, 0x00, 0x00, 0x00, 0x00, 0x00, 0x00, 0x00, 0x00,
0x00, 0x00, 0x00, 0x00, 0x00, 0x00, 0x00, 0x00, 0x00, 0x00, 0x00, 0x00, 0x00, 0x00, 0x00, 0x00,
0x00, 0x00, 0x00, 0x00, 0x00, 0x00, 0x00, 0x00, 0x00, 0x00, 0x00, 0x00, 0x00, 0x00, 0x00, 0x00,
0x00, 0x00, 0x00, 0x00, 0x00, 0x00, 0x00, 0x00, 0x00, 0x00, 0x00, 0x00, 0x00, 0x00, 0x00, 0x00,
0x00, 0x00, 0x00, 0x00, 0x00, 0x00, 0x00, 0x00, 0x00, 0x00, 0x00, 0x00, 0x00, 0x00, 0x00, 0x00,
0x00, 0x00, 0x00, 0x00, 0x00, 0x00, 0x00, 0x00, 0x00, 0x00, 0x00, 0x00, 0x00, 0x00, 0x00, 0x00,
0x00, 0x00, 0x00, 0x00, 0x00, 0x00, 0x00, 0x00, 0x00, 0x00, 0x00, 0x00, 0x00, 0x00, 0x00, 0x00,
0x00, 0x00, 0x00, 0x00, 0x00, 0x00, 0x00, 0x00, 0x00, 0x00, 0x00, 0x00, 0x00, 0x00, 0x00, 0x00,
0x00, 0x00, 0x00, 0x00, 0x00, 0x00, 0x00, 0x00, 0x00, 0x00, 0x00, 0x00, 0x00, 0x00, 0x00, 0x00,
0x00, 0x00, 0x00, 0x00, 0x00, 0x00, 0x00, 0x00, 0x00, 0x00, 0x00, 0x00, 0x00, 0x00, 0x00, 0x00,
0x00, 0x00, 0x00, 0x00, 0x00, 0x00, 0x00, 0x00, 0x00, 0x00, 0x00, 0x00, 0x00, 0x00, 0x00, 0x00,
0x00, 0x00, 0x00, 0x00, 0x00, 0x00, 0x00, 0x00, 0x00, 0x00, 0x00, 0x00, 0x00, 0x00, 0x00, 0x00,
0x00, 0x00, 0x00, 0x00, 0x00, 0x00, 0x00, 0x00, 0x00, 0x00, 0x00, 0x00, 0x00, 0x00, 0x00, 0x00,
0x00, 0x00, 0x00, 0x00, 0x00, 0x00, 0x00, 0x00, 0x00, 0x00, 0x00, 0x00, 0x00, 0x00, 0x00, 0x00,
0x00, 0x00, 0x00, 0x00, 0x00, 0x00, 0x00, 0x00, 0x00, 0x00, 0x00, 0x00, 0x00, 0x00, 0x00, 0x00,
0x00, 0x00, 0x00, 0x00, 0x00, 0x00, 0x00, 0x00, 0x00, 0x00, 0x00, 0x00, 0x00, 0x00, 0x00, 0x00,
0x00, 0x00, 0x00, 0x00, 0x00, 0x00, 0x00, 0x00, 0x00, 0x00, 0x00, 0x00, 0x00, 0x00, 0x00, 0x00,
0x00, 0x00, 0x00, 0x00, 0x00, 0x00, 0x00, 0x00, 0x00, 0x00, 0x00, 0x00, 0x00, 0x00, 0x00, 0x00,
0x00, 0x00, 0x00, 0x00, 0x00, 0x00, 0x00, 0x00, 0x00, 0x00, 0x00, 0x00, 0x00, 0x00, 0x00, 0x00,
0x00, 0x00, 0x00, 0x00, 0x00, 0x00, 0x00, 0x00, 0x00, 0x00, 0x00, 0x00, 0x00, 0x00, 0x00, 0x00,
0x00, 0x00, 0x00, 0x00, 0x00, 0x00, 0x00, 0x05, 0x00, 0x00, 0x00, 0x00, 0x00, 0x00, 0x00, 0x0A,
0x00, 0x00, 0x00, 0x00, 0x00, 0x00, 0x00, 0x00, 0x00, 0x00, 0x00, 0x00, 0x00, 0x00, 0x00, 0x00,
0x00, 0x00, 0x00, 0x00, 0x00, 0x00, 0x00, 0x00, 0x00, 0x00, 0x00, 0x00, 0x00, 0x00, 0x00, 0x00,
0x00, 0x00, 0x00, 0x00, 0x00, 0x00, 0x00, 0x00, 0x00, 0x00, 0x00, 0x00, 0x00, 0x00, 0x00, 0x00,
0x00, 0x00, 0x00, 0x00, 0x00, 0x00, 0x00, 0x00, 0x00, 0x00, 0x00, 0x00, 0x00, 0x00, 0x00, 0x00,
0x00, 0x00, 0x00, 0x00, 0x00, 0x00, 0x00, 0x00, 0x00, 0x00, 0x00, 0x00, 0x00, 0x00, 0x00, 0x00,
0x00, 0x00, 0x00, 0x00, 0x00, 0x00, 0x00, 0x00, 0x00, 0x00, 0x00, 0x00, 0x00, 0x00, 0x00, 0x00,
0x00, 0x00, 0x00, 0x00, 0x00, 0x00, 0x00, 0x00, 0x00, 0x00, 0x00, 0x00, 0x00, 0x00, 0x00, 0x00,
0x00, 0x00, 0x00, 0x00, 0x00, 0x00, 0x00, 0x00, 0x00, 0x00, 0x00, 0x00, 0x00, 0x00, 0x00, 0x00,
0x00, 0x00, 0x00, 0x00, 0x00, 0x00, 0x00, 0x00, 0x00, 0x00, 0x00, 0x00, 0x00, 0x00, 0x00, 0x00,
0x00, 0x00, 0x00, 0x00, 0x00, 0x00, 0x00, 0x00, 0x00, 0x00, 0x00, 0x00, 0x00, 0x00, 0x00, 0x00,
0x00, 0x00, 0x00, 0x00, 0x00, 0x00, 0x00, 0x00, 0x00, 0x00, 0x00, 0x00, 0x00, 0x00, 0x00, 0x00,
0x00, 0x00, 0x00, 0x00, 0x00, 0x00, 0x00, 0x00, 0x00, 0x00, 0x00, 0x00, 0x00, 0x00, 0x00, 0x00,
0x00, 0x00, 0x00, 0x00, 0x00, 0x00, 0x00, 0x00, 0x00, 0x00, 0x00, 0x00, 0x00, 0x00, 0x00, 0x00,
0x00, 0x00, 0x00, 0x00, 0x00, 0x00, 0x00, 0x00, 0x00, 0x00, 0x00, 0x00, 0x00, 0x00, 0x00, 0x00,
0x00, 0x00, 0x00, 0x00, 0x00, 0x00, 0x00, 0x00, 0x00, 0x00, 0x00, 0x00, 0x00, 0x00, 0x00, 0x00,
0x00, 0x00, 0x00, 0x00, 0x00, 0x00, 0x00, 0x00, 0x00, 0x00, 0x00, 0x00, 0x00, 0x00, 0x00, 0x00,
0x00, 0x00, 0x00, 0x00, 0x00, 0x00, 0x00, 0x00, 0x00, 0x00, 0x00, 0x00, 0x00, 0x00, 0x00, 0x00,
0x00, 0x00, 0x00, 0x00, 0x00, 0x00, 0x00, 0x00, 0x00, 0x00, 0x00, 0x00, 0x00, 0x00, 0x00, 0x00,
0x00, 0x00, 0x00, 0x00, 0x00, 0x00, 0x00, 0x00, 0x00, 0x00, 0x00, 0x00, 0x00, 0x00, 0x00, 0x00,
0x00, 0x00, 0x00, 0x00, 0x00, 0x00, 0x00, 0x00, 0x00, 0x00, 0x00, 0x00, 0x00, 0x00, 0x00, 0x00,
0x00, 0x00, 0x00, 0x00, 0x00, 0x00, 0x00, 0x00, 0x00, 0x00, 0x00, 0x00, 0x00, 0x00, 0x00, 0x00,
0x00, 0x00, 0x00, 0x00, 0x00, 0x00, 0x00, 0x10, 0x00, 0x00, 0x00, 0x00, 0x00, 0x00, 0x00, 0x1B,
0x00, 0x00, 0x00, 0x00, 0x00, 0x00, 0x00, 0x00, 0x00, 0x00, 0x00, 0x00, 0x00, 0x00, 0x00, 0x00,
0x00, 0x00, 0x00, 0x02, 0x00, 0x00, 0x00, 0x2C, 0x00, 0x00, 0x00, 0x0A, 0x00, 0x00, 0x00, 0x40,
0x00, 0x00, 0x00, 0x00, 0x00, 0x00, 0x00, 0x00, 0x00, 0x00, 0x00, 0x00, 0x00, 0x00, 0x00, 0x00,
0x00, 0x00, 0x00, 0x00, 0x00, 0x00, 0x00, 0x00, 0x00, 0x00, 0x00, 0x00, 0x00, 0x00, 0x00, 0x00,
0x00, 0x00, 0x00, 0x00, 0x00, 0x00, 0x00, 0x00, 0x00, 0x00, 0x00, 0x00, 0x00, 0x00, 0x00, 0x00,
0x00, 0x00, 0x00, 0x00, 0x00, 0x00, 0x00, 0x00, 0x00, 0x00, 0x00, 0x00, 0x00, 0x00, 0x00, 0x00,
0x00, 0x00, 0x00, 0x00, 0x00, 0x00, 0x00, 0x00, 0x00, 0x00, 0x00, 0x00, 0x00, 0x00, 0x00, 0x00,
0x00, 0x00, 0x00, 0x0C, 0x00, 0x00, 0x00, 0x47, 0x00, 0x00, 0x00, 0x0C, 0x00, 0x00, 0x00, 0x48,
0x00, 0x00, 0x00, 0x00, 0x00, 0x00, 0x00, 0x00, 0x00, 0x00, 0x00, 0x00, 0x00, 0x00, 0x00, 0x00,
0x00, 0x00, 0x00, 0x0C, 0x00, 0x00, 0x00, 0x49, 0x00, 0x00, 0x00, 0x0C, 0x00, 0x00, 0x00, 0x44,
0x00, 0x00, 0x00, 0x00, 0x00, 0x00, 0x00, 0x00, 0x00, 0x00, 0x00, 0x00, 0x00, 0x00, 0x00, 0x00,
0x00, 0x00, 0x00, 0x00, 0x00, 0x00, 0x00, 0x00, 0x00, 0x00, 0x00, 0x00, 0x00, 0x00, 0x00, 0x00,
0x00, 0x00, 0x00, 0x00, 0x00, 0x00, 0x00, 0x00, 0x00, 0x00, 0x00, 0x00, 0x00, 0x00, 0x00, 0x0C,
0x00, 0x00, 0x00, 0x03, 0x00, 0x00, 0x00, 0x0A, 0x00, 0x00, 0x00, 0x1F, 0x00, 0x00, 0x00, 0x38,
0x00, 0x00, 0x00, 0x00, 0x00, 0x00, 0x00, 0x00, 0x00, 0x00, 0x00, 0x00, 0x00, 0x00, 0x00, 0x0A,
0x00, 0x00, 0x00, 0x00, 0x00, 0x00, 0x00, 0x05, 0x00, 0x00, 0x00, 0x1A, 0x00, 0x00, 0x00, 0x31,
0x00, 0x00, 0x00, 0x17, 0x00, 0x00, 0x00, 0x33, 0x00, 0x00, 0x00, 0x59, 0x00, 0x00, 0x00, 0x8D,
0x00, 0x00, 0x00, 0x5E, 0x00, 0x00, 0x00, 0x8D, 0x00, 0x00, 0x00, 0xC7, 0x06, 0x08, 0x08, 0xEE,
0x00, 0x00, 0x00, 0x00, 0x00, 0x00, 0x00, 0x18, 0x00, 0x00, 0x00, 0x14, 0x00, 0x00, 0x00, 0x3B,
0x00, 0x00, 0x00, 0x4E, 0x00, 0x00, 0x00, 0x90, 0x00, 0x00, 0x00, 0x8B, 0x00, 0x00, 0x00, 0xD8,
0x00, 0x00, 0x00, 0x2C, 0x00, 0x00, 0x00, 0x77, 0x00, 0x00, 0x00, 0x3E, 0x00, 0x00, 0x00, 0xA4,
0x00, 0x00, 0x00, 0xC9, 0x0E, 0x12, 0x11, 0xFB, 0x05, 0x07, 0x07, 0xF2, 0x26, 0x37, 0x37, 0xFF,
0x00, 0x00, 0x00, 0xC0, 0x04, 0x06, 0x06, 0xEA, 0x0A, 0x0F, 0x0E, 0xFD, 0x24, 0x37, 0x34, 0xFF,
0x18, 0x23, 0x23, 0xFF, 0x24, 0x38, 0x39, 0xFF, 0x27, 0x3D, 0x3E, 0xFF, 0x1B, 0x30, 0x31, 0xFF,
0x24, 0x36, 0x34, 0xFF, 0x24, 0x37, 0x34, 0xFF, 0x22, 0x33, 0x31, 0xFF, 0x22, 0x32, 0x2B, 0xFF,
0x21, 0x31, 0x2B, 0xFF, 0x40, 0x55, 0x59, 0xFF, 0x57, 0x77, 0x8D, 0xFF, 0x5E, 0x9A, 0xCE, 0xFF,
0x00, 0x00, 0x00, 0x13, 0x00, 0x00, 0x00, 0x1B, 0x00, 0x00, 0x00, 0x4E, 0x00, 0x00, 0x00, 0x6A,
0x00, 0x00, 0x00, 0x26, 0x00, 0x00, 0x00, 0x34, 0x00, 0x00, 0x00, 0x81, 0x00, 0x00, 0x00, 0x98,
0x00, 0x00, 0x00, 0xBA, 0x00, 0x00, 0x00, 0xD7, 0x13, 0x1C, 0x1D, 0xFF, 0x17, 0x26, 0x28, 0xFF,
0x01, 0x03, 0x02, 0xE8, 0x06, 0x0A, 0x0A, 0xF3, 0x1A, 0x30, 0x32, 0xFF, 0x21, 0x38, 0x3F, 0xFF,
0x00, 0x00, 0x00, 0x40, 0x00, 0x00, 0x00, 0x3B, 0x00, 0x00, 0x00, 0xAD, 0x00, 0x00, 0x00, 0xB9,
0x00, 0x00, 0x00, 0x3D, 0x00, 0x00, 0x00, 0x40, 0x00, 0x00, 0x00, 0xBD, 0x00, 0x00, 0x00, 0xC0,
0x0C, 0x12, 0x12, 0xFC, 0x11, 0x1A, 0x1C, 0xFF, 0x24, 0x3D, 0x43, 0xFF, 0x26, 0x3E, 0x44, 0xFF,
0x15, 0x23, 0x28, 0xFF, 0x16, 0x24, 0x28, 0xFF, 0x28, 0x43, 0x49, 0xFF, 0x25, 0x42, 0x48, 0xFF,
0x21, 0x3B, 0x3E, 0xFF, 0x1B, 0x37, 0x37, 0xFF, 0x1C, 0x31, 0x2E, 0xFF, 0x31, 0x46, 0x47, 0xFF,
0x1D, 0x35, 0x36, 0xFF, 0x1F, 0x36, 0x36, 0xFF, 0x49, 0x65, 0x71, 0xFF, 0x54, 0x77, 0x8C, 0xFF,
0x54, 0x7C, 0x98, 0xFF, 0x59, 0x90, 0xBE, 0xFF, 0x46, 0x8A, 0xCA, 0xFF, 0x43, 0x88, 0xC6, 0xFF,
0x48, 0x8A, 0xC2, 0xFF, 0x3C, 0x7E, 0xB9, 0xFF, 0x3C, 0x7B, 0xB6, 0xFF, 0x43, 0x8F, 0xC4, 0xFF,
0x26, 0x3C, 0x3B, 0xFF, 0x2C, 0x42, 0x43, 0xFF, 0x52, 0x7E, 0x9C, 0xFF, 0x4F, 0x7E, 0xA3, 0xFF,
0x32, 0x47, 0x46, 0xFF, 0x32, 0x49, 0x49, 0xFF, 0x54, 0x81, 0xAA, 0xFF, 0x5A, 0x88, 0xB0, 0xFF,
0x3F, 0x82, 0xBE, 0xFF, 0x47, 0x99, 0xCC, 0xFF, 0x44, 0xB8, 0xE7, 0xFF, 0x54, 0xCF, 0xF6, 0xFF,
0x58, 0xB0, 0xDE, 0xFF, 0x5D, 0xB8, 0xE4, 0xFF, 0x65, 0xD9, 0xFB, 0xFF, 0x6C, 0xDC, 0xFE, 0xFF,
0x00, 0x00, 0x00, 0x4D, 0x00, 0x00, 0x00, 0xBA, 0x00, 0x00, 0x00, 0x66, 0x05, 0x07, 0x07, 0xD5,
0x19, 0x25, 0x26, 0xFF, 0x24, 0x3C, 0x3D, 0xFF, 0x26, 0x3E, 0x3E, 0xFF, 0x20, 0x35, 0x34, 0xFF,
0x00, 0x00, 0x00, 0x8B, 0x0E, 0x17, 0x17, 0xED, 0x00, 0x00, 0x00, 0xAA, 0x1A, 0x26, 0x26, 0xF8,
0x25, 0x44, 0x45, 0xFF, 0x24, 0x3A, 0x38, 0xFF, 0x29, 0x47, 0x4B, 0xFF, 0x27, 0x3F, 0x41, 0xFF,
0x24, 0x32, 0x31, 0xFF, 0x52, 0x77, 0x8E, 0xFF, 0x3F, 0x58, 0x61, 0xFF, 0x58, 0x98, 0xD3, 0xFF,
0x51, 0x96, 0xD5, 0xFF, 0x47, 0x8A, 0xC6, 0xFF, 0x4C, 0x8F, 0xCB, 0xFF, 0x4E, 0x8F, 0xCA, 0xFF,
0x51, 0x79, 0x95, 0xFF, 0x54, 0x97, 0xD6, 0xFF, 0x57, 0x87, 0xB4, 0xFF, 0x54, 0x96, 0xD5, 0xFF,
0x4E, 0x90, 0xCC, 0xFF, 0x4C, 0x8E, 0xC9, 0xFF, 0x50, 0x92, 0xCD, 0xFF, 0x50, 0x90, 0xCC, 0xFF,
0x00, 0x00, 0x00, 0xB6, 0x1C, 0x28, 0x2B, 0xFC, 0x00, 0x00, 0x00, 0xB7, 0x1C, 0x27, 0x2E, 0xFC,
0x30, 0x4D, 0x50, 0xFF, 0x2A, 0x41, 0x45, 0xFF, 0x31, 0x4C, 0x50, 0xFF, 0x32, 0x47, 0x48, 0xFF,
0x00, 0x00, 0x00, 0xB9, 0x1D, 0x29, 0x2A, 0xFC, 0x00, 0x00, 0x00, 0xB0, 0x21, 0x30, 0x31, 0xFC,
0x38, 0x4E, 0x4F, 0xFF, 0x44, 0x8B, 0xAE, 0xFF, 0x50, 0x9A, 0xC0, 0xFF, 0x56, 0xD0, 0xFF, 0xFF,
0x55, 0x87, 0xB8, 0xFF, 0x5E, 0x9D, 0xDB, 0xFF, 0x57, 0x98, 0xC7, 0xFF, 0x59, 0xA7, 0xE4, 0xFF,
0x56, 0x94, 0xD0, 0xFF, 0x51, 0x8F, 0xCA, 0xFF, 0x52, 0x9D, 0xD7, 0xFF, 0x57, 0xA3, 0xDA, 0xFF,
0x4E, 0xC0, 0xF7, 0xFF, 0x4A, 0xB9, 0xF0, 0xFF, 0x57, 0xCA, 0xFF, 0xFF, 0x52, 0xC5, 0xFC, 0xFF,
0x4C, 0xBC, 0xEE, 0xFF, 0x53, 0xC7, 0xF0, 0xFF, 0x58, 0xCD, 0xFF, 0xFF, 0x5D, 0xD4, 0xFF, 0xFF,
0x46, 0x89, 0xC5, 0xFF, 0x4A, 0x89, 0xC4, 0xFF, 0x46, 0x88, 0xC3, 0xFF, 0x45, 0x82, 0xBF, 0xFF,
0x47, 0x90, 0xC8, 0xFF, 0x3E, 0xC0, 0xEC, 0xFF, 0x3A, 0xAD, 0xE0, 0xFF, 0x3E, 0xC7, 0xF2, 0xFF,
0x4A, 0x88, 0xC4, 0xFF, 0x3F, 0x89, 0xC3, 0xFF, 0x4E, 0x88, 0xC6, 0xFF, 0x45, 0x99, 0xD3, 0xFF,
0x37, 0xB6, 0xE6, 0xFF, 0x47, 0xCA, 0xF5, 0xFF, 0x3A, 0xB9, 0xE6, 0xFF, 0x50, 0xC8, 0xF1, 0xFF,
0x46, 0xCF, 0xF7, 0xFF, 0x6A, 0xDF, 0xFF, 0xFF, 0x57, 0xD4, 0xF9, 0xFF, 0x54, 0xA0, 0xB2, 0xEF,
0x7E, 0xDE, 0xF8, 0xFF, 0x6D, 0xC1, 0xD8, 0xF9, 0x25, 0x3A, 0x41, 0xC7, 0x0D, 0x14, 0x15, 0xA5,
0x45, 0x9B, 0xB5, 0xF9, 0x03, 0x04, 0x04, 0xB8, 0x28, 0x52, 0x5E, 0xED, 0x00, 0x00, 0x00, 0x8E,
0x00, 0x00, 0x00, 0x68, 0x00, 0x00, 0x00, 0x3C, 0x00, 0x00, 0x00, 0x2F, 0x00, 0x00, 0x00, 0x07,
0x4E, 0x87, 0xC4, 0xFF, 0x45, 0x98, 0xD2, 0xFF, 0x5A, 0xA3, 0xD7, 0xFF, 0x50, 0xAE, 0xDD, 0xFF,
0x43, 0xB6, 0xE3, 0xFF, 0x4D, 0xBC, 0xE4, 0xFF, 0x3D, 0xB3, 0xDD, 0xFF, 0x46, 0xB4, 0xDD, 0xFF,
0x6C, 0xD8, 0xFA, 0xFF, 0x81, 0xE0, 0xFC, 0xFF, 0x6D, 0xDF, 0xFF, 0xFF, 0x8F, 0xEC, 0xFF, 0xFF,
0x58, 0xC5, 0xE5, 0xFF, 0x35, 0xA7, 0xD4, 0xFF, 0xAB, 0xF7, 0xFF, 0xFF, 0x61, 0xC9, 0xEE, 0xFF,
0x1B, 0x3B, 0x46, 0xE8, 0x00, 0x00, 0x00, 0x80, 0x19, 0x3D, 0x4A, 0xE7, 0x00, 0x00, 0x00, 0x80,
0x00, 0x00, 0x00, 0x23, 0x00, 0x00, 0x00, 0x00, 0x00, 0x00, 0x00, 0x23, 0x00, 0x00, 0x00, 0x00,
0x14, 0x38, 0x47, 0xE8, 0x00, 0x00, 0x00, 0x81, 0x0C, 0x36, 0x47, 0xE9, 0x00, 0x00, 0x00, 0x7E,
0x00, 0x00, 0x00, 0x23, 0x00, 0x00, 0x00, 0x00, 0x00, 0x00, 0x00, 0x22, 0x00, 0x00, 0x00, 0x00,
0x00, 0x00, 0x00, 0x00, 0x00, 0x00, 0x00, 0x00, 0x00, 0x00, 0x00, 0x00, 0x00, 0x00, 0x00, 0x00,
0x00, 0x00, 0x00, 0x00, 0x00, 0x00, 0x00, 0x00, 0x00, 0x00, 0x00, 0x00, 0x00, 0x00, 0x00, 0x00,
0x00, 0x00, 0x00, 0x00, 0x00, 0x00, 0x00, 0x00, 0x00, 0x00, 0x00, 0x00, 0x00, 0x00, 0x00, 0x00,
0x00, 0x00, 0x00, 0x00, 0x00, 0x00, 0x00, 0x00, 0x00, 0x00, 0x00, 0x00, 0x00, 0x00, 0x00, 0x00,
0x00, 0x00, 0x00, 0x00, 0x00, 0x00, 0x00, 0x00, 0x00, 0x00, 0x00, 0x00, 0x00, 0x00, 0x00, 0x00,
0x00, 0x00, 0x00, 0x00, 0x00, 0x00, 0x00, 0x00, 0x00, 0x00, 0x00, 0x00, 0x00, 0x00, 0x00, 0x00,
0x00, 0x00, 0x00, 0x00, 0x00, 0x00, 0x00, 0x00, 0x00, 0x00, 0x00, 0x00, 0x00, 0x00, 0x00, 0x00,
0x00, 0x00, 0x00, 0x00, 0x00, 0x00, 0x00, 0x00, 0x00, 0x00, 0x00, 0x00, 0x00, 0x00, 0x00, 0x00,
0x00, 0x00, 0x00, 0x00, 0x00, 0x00, 0x00, 0x00, 0x00, 0x00, 0x00, 0x00, 0x00, 0x00, 0x00, 0x00,
0x00, 0x00, 0x00, 0x00, 0x00, 0x00, 0x00, 0x00, 0x00, 0x00, 0x00, 0x00, 0x00, 0x00, 0x00, 0x00,
0x00, 0x00, 0x00, 0x00, 0x00, 0x00, 0x00, 0x00, 0x00, 0x00, 0x00, 0x00, 0x00, 0x00, 0x00, 0x00,
0x00, 0x00, 0x00, 0x00, 0x00, 0x00, 0x00, 0x00, 0x00, 0x00, 0x00, 0x00, 0x00, 0x00, 0x00, 0x00,
0x00, 0x00, 0x00, 0x00, 0x00, 0x00, 0x00, 0x00, 0x00, 0x00, 0x00, 0x00, 0x00, 0x00, 0x00, 0x00,
0x00, 0x00, 0x00, 0x00, 0x00, 0x00, 0x00, 0x00, 0x00, 0x00, 0x00, 0x00, 0x00, 0x00, 0x00, 0x00,
0x00, 0x00, 0x00, 0x00, 0x00, 0x00, 0x00, 0x00, 0x00, 0x00, 0x00, 0x00, 0x00, 0x00, 0x00, 0x00,
0x00, 0x00, 0x00, 0x00, 0x00, 0x00, 0x00, 0x00, 0x00, 0x00, 0x00, 0x00, 0x00, 0x00, 0x00, 0x00,
0x00, 0x00, 0x00, 0x00, 0x00, 0x00, 0x00, 0x00, 0x00, 0x00, 0x00, 0x00, 0x00, 0x00, 0x00, 0x00,
0x00, 0x00, 0x00, 0x00, 0x00, 0x00, 0x00, 0x00, 0x00, 0x00, 0x00, 0x00, 0x00, 0x00, 0x00, 0x00,
0x00, 0x00, 0x00, 0x00, 0x00, 0x00, 0x00, 0x00, 0x00, 0x00, 0x00, 0x00, 0x00, 0x00, 0x00, 0x00,
0x00, 0x00, 0x00, 0x00, 0x00, 0x00, 0x00, 0x00, 0x00, 0x00, 0x00, 0x00, 0x00, 0x00, 0x00, 0x00,
0x00, 0x00, 0x00, 0x00, 0x00, 0x00, 0x00, 0x00, 0x00, 0x00, 0x00, 0x00, 0x00, 0x00, 0x00, 0x00,
0x00, 0x00, 0x00, 0x05, 0x00, 0x00, 0x00, 0x30, 0x00, 0x00, 0x00, 0x00, 0x00, 0x00, 0x00, 0x17,
0x00, 0x00, 0x00, 0x00, 0x00, 0x00, 0x00, 0x00, 0x00, 0x00, 0x00, 0x00, 0x00, 0x00, 0x00, 0x00,
0x00, 0x00, 0x00, 0x00, 0x00, 0x00, 0x00, 0x02, 0x00, 0x00, 0x00, 0x00, 0x00, 0x00, 0x00, 0x00,
0x00, 0x00, 0x00, 0x00, 0x00, 0x00, 0x00, 0x00, 0x00, 0x00, 0x00, 0x00, 0x00, 0x00, 0x00, 0x00,
0x00, 0x00, 0x00, 0x00, 0x00, 0x00, 0x00, 0x00, 0x00, 0x00, 0x00, 0x00, 0x00, 0x00, 0x00, 0x00,
0x00, 0x00, 0x00, 0x00, 0x00, 0x00, 0x00, 0x00, 0x00, 0x00, 0x00, 0x00, 0x00, 0x00, 0x00, 0x00,
0x00, 0x00, 0x00, 0x00, 0x00, 0x00, 0x00, 0x00, 0x00, 0x00, 0x00, 0x00, 0x00, 0x00, 0x00, 0x00,
0x00, 0x00, 0x00, 0x00, 0x00, 0x00, 0x00, 0x00, 0x00, 0x00, 0x00, 0x00, 0x00, 0x00, 0x00, 0x00,
0x00, 0x00, 0x00, 0x00, 0x00, 0x00, 0x00, 0x00, 0x00, 0x00, 0x00, 0x00, 0x00, 0x00, 0x00, 0x00,
0x00, 0x00, 0x00, 0x00, 0x00, 0x00, 0x00, 0x00, 0x00, 0x00, 0x00, 0x00, 0x00, 0x00, 0x00, 0x00,
0x00, 0x00, 0x00, 0x00, 0x00, 0x00, 0x00, 0x00, 0x00, 0x00, 0x00, 0x00, 0x00, 0x00, 0x00, 0x00,
0x00, 0x00, 0x00, 0x00, 0x00, 0x00, 0x00, 0x00, 0x00, 0x00, 0x00, 0x00, 0x00, 0x00, 0x00, 0x00,
0x00, 0x00, 0x00, 0x00, 0x00, 0x00, 0x00, 0x00, 0x00, 0x00, 0x00, 0x00, 0x00, 0x00, 0x00, 0x00,
0x00, 0x00, 0x00, 0x00, 0x00, 0x00, 0x00, 0x00, 0x00, 0x00, 0x00, 0x00, 0x00, 0x00, 0x00, 0x00,
0x00, 0x00, 0x00, 0x00, 0x00, 0x00, 0x00, 0x00, 0x00, 0x00, 0x00, 0x00, 0x00, 0x00, 0x00, 0x00,
0x00, 0x00, 0x00, 0x00, 0x00, 0x00, 0x00, 0x00, 0x00, 0x00, 0x00, 0x00, 0x00, 0x00, 0x00, 0x00,
0x00, 0x00, 0x00, 0x00, 0x00, 0x00, 0x00, 0x00, 0x00, 0x00, 0x00, 0x00, 0x00, 0x00, 0x00, 0x00,
0x00, 0x00, 0x00, 0x00, 0x00, 0x00, 0x00, 0x00, 0x00, 0x00, 0x00, 0x00, 0x00, 0x00, 0x00, 0x00,
0x00, 0x00, 0x00, 0x00, 0x00, 0x00, 0x00, 0x00, 0x00, 0x00, 0x00, 0x00, 0x00, 0x00, 0x00, 0x00,
0x00, 0x00, 0x00, 0x00, 0x00, 0x00, 0x00, 0x00, 0x00, 0x00, 0x00, 0x00, 0x00, 0x00, 0x00, 0x00,
0x00, 0x00, 0x00, 0x00, 0x00, 0x00, 0x00, 0x00, 0x00, 0x00, 0x00, 0x00, 0x00, 0x00, 0x00, 0x00,
0x00, 0x00, 0x00, 0x00, 0x00, 0x00, 0x00, 0x00, 0x00, 0x00, 0x00, 0x00, 0x00, 0x00, 0x00, 0x00,
0x00, 0x00, 0x00, 0x00, 0x00, 0x00, 0x00, 0x00, 0x00, 0x00, 0x00, 0x00, 0x00, 0x00, 0x00, 0x00,
0x00, 0x00, 0x00, 0x00, 0x00, 0x00, 0x00, 0x00, 0x00, 0x00, 0x00, 0x00, 0x00, 0x00, 0x00, 0x00,
0x00, 0x00, 0x00, 0x00, 0x00, 0x00, 0x00, 0x00, 0x00, 0x00, 0x00, 0x00, 0x00, 0x00, 0x00, 0x00,
0x00, 0x00, 0x00, 0x00, 0x00, 0x00, 0x00, 0x00, 0x00, 0x00, 0x00, 0x00, 0x00, 0x00, 0x00, 0x00,
0x00, 0x00, 0x00, 0x00, 0x00, 0x00, 0x00, 0x00, 0x00, 0x00, 0x00, 0x00, 0x00, 0x00, 0x00, 0x00,
0x00, 0x00, 0x00, 0x00, 0x00, 0x00, 0x00, 0x00, 0x00, 0x00, 0x00, 0x00, 0x00, 0x00, 0x00, 0x00,
0x00, 0x00, 0x00, 0x00, 0x00, 0x00, 0x00, 0x00, 0x00, 0x00, 0x00, 0x00, 0x00, 0x00, 0x00, 0x00,
0x00, 0x00, 0x00, 0x00, 0x00, 0x00, 0x00, 0x00, 0x00, 0x00, 0x00, 0x00, 0x00, 0x00, 0x00, 0x00,
0x00, 0x00, 0x00, 0x00, 0x00, 0x00, 0x00, 0x00, 0x00, 0x00, 0x00, 0x00, 0x00, 0x00, 0x00, 0x00,
0x00, 0x00, 0x00, 0x00, 0x00, 0x00, 0x00, 0x00, 0x00, 0x00, 0x00, 0x00, 0x00, 0x00, 0x00, 0x00,
0x00, 0x00, 0x00, 0x00, 0x00, 0x00, 0x00, 0x00, 0x00, 0x00, 0x00, 0x00, 0x00, 0x00, 0x00, 0x00,
0x00, 0x00, 0x00, 0x00, 0x00, 0x00, 0x00, 0x00, 0x00, 0x00, 0x00, 0x00, 0x00, 0x00, 0x00, 0x00,
0x00, 0x00, 0x00, 0x00, 0x00, 0x00, 0x00, 0x00, 0x00, 0x00, 0x00, 0x00, 0x00, 0x00, 0x00, 0x00,
0x00, 0x00, 0x00, 0x00, 0x00, 0x00, 0x00, 0x00, 0x00, 0x00, 0x00, 0x00, 0x00, 0x00, 0x00, 0x00,
0x00, 0x00, 0x00, 0x00, 0x00, 0x00, 0x00, 0x00, 0x00, 0x00, 0x00, 0x00, 0x00, 0x00, 0x00, 0x00,
0x00, 0x00, 0x00, 0x00, 0x00, 0x00, 0x00, 0x00, 0x00, 0x00, 0x00, 0x00, 0x00, 0x00, 0x00, 0x00,
0x00, 0x00, 0x00, 0x00, 0x00, 0x00, 0x00, 0x00, 0x00, 0x00, 0x00, 0x00, 0x00, 0x00, 0x00, 0x00,
0x00, 0x00, 0x00, 0x00, 0x00, 0x00, 0x00, 0x00, 0x00, 0x00, 0x00, 0x00, 0x00, 0x00, 0x00, 0x00,
0x00, 0x00, 0x00, 0x00, 0x00, 0x00, 0x00, 0x00, 0x00, 0x00, 0x00, 0x00, 0x00, 0x00, 0x00, 0x00,
0x00, 0x00, 0x00, 0x00, 0x00, 0x00, 0x00, 0x00, 0x00, 0x00, 0x00, 0x00, 0x00, 0x00, 0x00, 0x00,
0x00, 0x00, 0x00, 0x00, 0x00, 0x00, 0x00, 0x03, 0x00, 0x00, 0x00, 0x00, 0x00, 0x00, 0x00, 0x18,
0x00, 0x00, 0x00, 0x81, 0x17, 0x25, 0x2C, 0xC6, 0x00, 0x00, 0x00, 0x38, 0x00, 0x00, 0x00, 0x5C,
0x2D, 0x5D, 0x77, 0xD7, 0x2B, 0x59, 0x71, 0xD6, 0x00, 0x00, 0x00, 0x66, 0x00, 0x00, 0x00, 0x67,
0x00, 0x00, 0x00, 0x0F, 0x00, 0x00, 0x00, 0x16, 0x00, 0x00, 0x00, 0x00, 0x00, 0x00, 0x00, 0x00,
0x00, 0x00, 0x00, 0x19, 0x00, 0x00, 0x00, 0x19, 0x00, 0x00, 0x00, 0x00, 0x00, 0x00, 0x00, 0x00,
0x2C, 0x59, 0x6F, 0xD6, 0x2B, 0x59, 0x6D, 0xD6, 0x00, 0x00, 0x00, 0x66, 0x00, 0x00, 0x00, 0x67,
0x2D, 0x5A, 0x6D, 0xD6, 0x2E, 0x5C, 0x6F, 0xD6, 0x00, 0x00, 0x00, 0x67, 0x00, 0x00, 0x00, 0x67,
0x00, 0x00, 0x00, 0x19, 0x00, 0x00, 0x00, 0x19, 0x00, 0x00, 0x00, 0x00, 0x00, 0x00, 0x00, 0x00,
0x00, 0x00, 0x00, 0x19, 0x00, 0x00, 0x00, 0x19, 0x00, 0x00, 0x00, 0x00, 0x00, 0x00, 0x00, 0x00,
0x00, 0x00, 0x00, 0x00, 0x00, 0x00, 0x00, 0x00, 0x00, 0x00, 0x00, 0x00, 0x00, 0x00, 0x00, 0x00,
0x00, 0x00, 0x00, 0x00, 0x00, 0x00, 0x00, 0x00, 0x00, 0x00, 0x00, 0x00, 0x00, 0x00, 0x00, 0x00,
0x00, 0x00, 0x00, 0x00, 0x00, 0x00, 0x00, 0x00, 0x00, 0x00, 0x00, 0x00, 0x00, 0x00, 0x00, 0x00,
0x00, 0x00, 0x00, 0x00, 0x00, 0x00, 0x00, 0x00, 0x00, 0x00, 0x00, 0x00, 0x00, 0x00, 0x00, 0x00,
0x00, 0x00, 0x00, 0x00, 0x00, 0x00, 0x00, 0x00, 0x00, 0x00, 0x00, 0x00, 0x00, 0x00, 0x00, 0x00,
0x00, 0x00, 0x00, 0x00, 0x00, 0x00, 0x00, 0x00, 0x00, 0x00, 0x00, 0x00, 0x00, 0x00, 0x00, 0x00,
0x00, 0x00, 0x00, 0x00, 0x00, 0x00, 0x00, 0x00, 0x00, 0x00, 0x00, 0x00, 0x00, 0x00, 0x00, 0x00,
0x00, 0x00, 0x00, 0x00, 0x00, 0x00, 0x00, 0x00, 0x00, 0x00, 0x00, 0x00, 0x00, 0x00, 0x00, 0x00,
0x32, 0x60, 0x71, 0xD6, 0x3C, 0x64, 0x72, 0xD5, 0x00, 0x00, 0x00, 0x66, 0x00, 0x00, 0x00, 0x66,
0x4D, 0x6B, 0x73, 0xD5, 0x4A, 0x6B, 0x74, 0xD7, 0x00, 0x00, 0x00, 0x66, 0x00, 0x00, 0x00, 0x67,
0x00, 0x00, 0x00, 0x19, 0x00, 0x00, 0x00, 0x19, 0x00, 0x00, 0x00, 0x00, 0x00, 0x00, 0x00, 0x00,
0x00, 0x00, 0x00, 0x19, 0x00, 0x00, 0x00, 0x22, 0x00, 0x00, 0x00, 0x00, 0x00, 0x00, 0x00, 0x21,
0x0E, 0x1D, 0x22, 0xB7, 0x00, 0x00, 0x00, 0x63, 0x00, 0x00, 0x00, 0x5D, 0x00, 0x00, 0x00, 0x3E,
0x00, 0x00, 0x00, 0x1B, 0x00, 0x00, 0x00, 0x00, 0x00, 0x00, 0x00, 0x20, 0x00, 0x00, 0x00, 0x18,
0x00, 0x00, 0x00, 0x3E, 0x00, 0x00, 0x00, 0x59, 0x00, 0x00, 0x00, 0x6B, 0x00, 0x02, 0x01, 0xBA,
0x00, 0x00, 0x00, 0x62, 0x00, 0x00, 0x00, 0x64, 0x04, 0x05, 0x05, 0xD1, 0x03, 0x05, 0x04, 0xD2,
0x00, 0x00, 0x00, 0x00, 0x00, 0x00, 0x00, 0x00, 0x00, 0x00, 0x00, 0x00, 0x00, 0x00, 0x00, 0x00,
0x00, 0x00, 0x00, 0x02, 0x00, 0x00, 0x00, 0x31, 0x00, 0x00, 0x00, 0x05, 0x00, 0x00, 0x00, 0x35,
0x00, 0x00, 0x00, 0x00, 0x00, 0x00, 0x00, 0x00, 0x00, 0x00, 0x00, 0x00, 0x00, 0x00, 0x00, 0x00,
0x00, 0x00, 0x00, 0x05, 0x00, 0x00, 0x00, 0x35, 0x00, 0x00, 0x00, 0x05, 0x00, 0x00, 0x00, 0x35,
0x02, 0x01, 0x01, 0x96, 0x38, 0x45, 0x47, 0xF9, 0x00, 0x00, 0x00, 0x9E, 0x54, 0x62, 0x64, 0xFA,
0x33, 0x48, 0x4B, 0xFF, 0x34, 0x45, 0x44, 0xFF, 0x68, 0x7E, 0x7E, 0xFF, 0x44, 0x56, 0x52, 0xFF,
0x00, 0x00, 0x00, 0x9D, 0x45, 0x52, 0x51, 0xF9, 0x00, 0x00, 0x00, 0x9D, 0x3F, 0x4A, 0x4A, 0xF9,
0x70, 0x7F, 0x7F, 0xFF, 0x56, 0x66, 0x67, 0xFF, 0x57, 0x6B, 0x62, 0xFF, 0x55, 0x67, 0x65, 0xFF,
0x00, 0x00, 0x00, 0x00, 0x00, 0x00, 0x00, 0x00, 0x00, 0x00, 0x00, 0x00, 0x00, 0x00, 0x00, 0x00,
0x00, 0x00, 0x00, 0x00, 0x00, 0x00, 0x00, 0x00, 0x00, 0x00, 0x00, 0x00, 0x00, 0x00, 0x00, 0x00,
0x00, 0x00, 0x00, 0x00, 0x00, 0x00, 0x00, 0x00, 0x00, 0x00, 0x00, 0x00, 0x00, 0x00, 0x00, 0x00,
0x00, 0x00, 0x00, 0x00, 0x00, 0x00, 0x00, 0x00, 0x00, 0x00, 0x00, 0x00, 0x00, 0x00, 0x00, 0x00,
0x00, 0x00, 0x00, 0x00, 0x00, 0x00, 0x00, 0x00, 0x00, 0x00, 0x00, 0x00, 0x00, 0x00, 0x00, 0x00,
0x00, 0x00, 0x00, 0x00, 0x00, 0x00, 0x00, 0x00, 0x00, 0x00, 0x00, 0x00, 0x00, 0x00, 0x00, 0x00,
0x00, 0x00, 0x00, 0x00, 0x00, 0x00, 0x00, 0x00, 0x00, 0x00, 0x00, 0x00, 0x00, 0x00, 0x00, 0x00,
0x00, 0x00, 0x00, 0x00, 0x00, 0x00, 0x00, 0x00, 0x00, 0x00, 0x00, 0x00, 0x00, 0x00, 0x00, 0x00,
0x00, 0x00, 0x00, 0x00, 0x00, 0x00, 0x00, 0x00, 0x00, 0x00, 0x00, 0x00, 0x00, 0x00, 0x00, 0x00,
0x00, 0x00, 0x00, 0x00, 0x00, 0x00, 0x00, 0x00, 0x00, 0x00, 0x00, 0x00, 0x00, 0x00, 0x00, 0x00,
0x00, 0x00, 0x00, 0x11, 0x00, 0x00, 0x00, 0x1B, 0x00, 0x00, 0x00, 0x3F, 0x00, 0x00, 0x00, 0x67,
0x00, 0x00, 0x00, 0x21, 0x00, 0x00, 0x00, 0x24, 0x00, 0x00, 0x00, 0x7B, 0x00, 0x00, 0x00, 0x7E,
0x00, 0x00, 0x00, 0x00, 0x00, 0x00, 0x00, 0x00, 0x00, 0x00, 0x00, 0x00, 0x00, 0x00, 0x00, 0x00,
0x00, 0x00, 0x00, 0x00, 0x00, 0x00, 0x00, 0x00, 0x00, 0x00, 0x00, 0x00, 0x00, 0x00, 0x00, 0x00,
0x00, 0x00, 0x00, 0x23, 0x00, 0x00, 0x00, 0x23, 0x00, 0x00, 0x00, 0x7E, 0x00, 0x00, 0x00, 0x7E,
0x00, 0x00, 0x00, 0x23, 0x00, 0x00, 0x00, 0x24, 0x00, 0x00, 0x00, 0x7E, 0x00, 0x00, 0x00, 0x7E,
0x00, 0x00, 0x00, 0x00, 0x00, 0x00, 0x00, 0x00, 0x00, 0x00, 0x00, 0x00, 0x00, 0x00, 0x00, 0x00,
0x00, 0x00, 0x00, 0x05, 0x00, 0x00, 0x00, 0x35, 0x00, 0x00, 0x00, 0x03, 0x00, 0x00, 0x00, 0x34,
0x00, 0x00, 0x00, 0x00, 0x00, 0x00, 0x00, 0x00, 0x00, 0x00, 0x00, 0x00, 0x00, 0x00, 0x00, 0x00,
0x00, 0x00, 0x00, 0x00, 0x00, 0x00, 0x00, 0x29, 0x00, 0x00, 0x00, 0x00, 0x00, 0x00, 0x00, 0x16,
0x00, 0x00, 0x00, 0x9E, 0x3B, 0x42, 0x3F, 0xF9, 0x00, 0x00, 0x00, 0x9B, 0x41, 0x4B, 0x47, 0xFD,
0x4B, 0x5D, 0x5B, 0xFF, 0x61, 0x9B, 0xB5, 0xFF, 0x71, 0xB7, 0xD1, 0xFF, 0x8F, 0xEE, 0xFF, 0xFF,
0x00, 0x00, 0x00, 0x7D, 0x2C, 0x3C, 0x42, 0xD9, 0x00, 0x00, 0x00, 0x41, 0x00, 0x00, 0x00, 0x70,
0x46, 0x73, 0x86, 0xEC, 0x47, 0x73, 0x84, 0xEC, 0x00, 0x00, 0x00, 0x83, 0x00, 0x00, 0x00, 0x85,
0x00, 0x00, 0x00, 0x00, 0x00, 0x00, 0x00, 0x00, 0x00, 0x00, 0x00, 0x00, 0x00, 0x00, 0x00, 0x00,
0x00, 0x00, 0x00, 0x00, 0x00, 0x00, 0x00, 0x03, 0x00, 0x00, 0x00, 0x00, 0x00, 0x00, 0x00, 0x00,
0x00, 0x00, 0x00, 0x23, 0x00, 0x00, 0x00, 0x23, 0x00, 0x00, 0x00, 0x7E, 0x00, 0x00, 0x00, 0x7E,
0x00, 0x00, 0x00, 0x24, 0x00, 0x00, 0x00, 0x22, 0x00, 0x00, 0x00, 0x7E, 0x00, 0x00, 0x00, 0x7B,
0x00, 0x00, 0x00, 0x14, 0x00, 0x00, 0x00, 0x20, 0x00, 0x00, 0x00, 0x00, 0x00, 0x00, 0x00, 0x00,
0x00, 0x00, 0x00, 0x26, 0x00, 0x00, 0x00, 0x27, 0x00, 0x00, 0x00, 0x00, 0x00, 0x00, 0x00, 0x00,
0x00, 0x00, 0x00, 0x1A, 0x00, 0x00, 0x00, 0x0F, 0x00, 0x00, 0x00, 0x5F, 0x00, 0x00, 0x00, 0x30,
0x00, 0x00, 0x00, 0x00, 0x00, 0x00, 0x00, 0x00, 0x00, 0x00, 0x00, 0x0F, 0x00, 0x00, 0x00, 0x00,
0x00, 0x00, 0x00, 0x3F, 0x00, 0x00, 0x00, 0x3D, 0x00, 0x00, 0x00, 0xBF, 0x00, 0x00, 0x00, 0xBD,
0x00, 0x00, 0x00, 0x3C, 0x00, 0x00, 0x00, 0x45, 0x00, 0x00, 0x00, 0xBB, 0x00, 0x00, 0x00, 0xB5,
0x17, 0x25, 0x28, 0xFF, 0x19, 0x26, 0x2B, 0xFF, 0x27, 0x46, 0x4B, 0xFF, 0x28, 0x46, 0x4E, 0xFF,
0x13, 0x1F, 0x23, 0xFF, 0x0F, 0x18, 0x1B, 0xFD, 0x28, 0x47, 0x50, 0xFF, 0x2A, 0x4B, 0x56, 0xFF,
0x00, 0x00, 0x00, 0x3B, 0x00, 0x00, 0x00, 0x2C, 0x00, 0x00, 0x00, 0xA3, 0x00, 0x00, 0x00, 0x8B,
0x00, 0x00, 0x00, 0x20, 0x00, 0x00, 0x00, 0x17, 0x00, 0x00, 0x00, 0x76, 0x00, 0x00, 0x00, 0x5D,
0x0B, 0x11, 0x13, 0xF8, 0x05, 0x07, 0x08, 0xEE, 0x30, 0x51, 0x5D, 0xFF, 0x2A, 0x4A, 0x56, 0xFF,
0x00, 0x00, 0x00, 0xE0, 0x00, 0x00, 0x00, 0xC9, 0x23, 0x3D, 0x49, 0xFF, 0x1E, 0x31, 0x3D, 0xFF,
0x30, 0x48, 0x4C, 0xFF, 0x2E, 0x47, 0x4C, 0xFF, 0x58, 0x87, 0xB0, 0xFF, 0x50, 0x83, 0xAC, 0xFF,
0x30, 0x4C, 0x50, 0xFF, 0x24, 0x43, 0x48, 0xFF, 0x4C, 0x7E, 0xA4, 0xFF, 0x5B, 0x88, 0xAA, 0xFF,
0x5E, 0xB5, 0xDE, 0xFF, 0x5D, 0xAA, 0xD8, 0xFF, 0x72, 0xD9, 0xFB, 0xFF, 0x71, 0xCE, 0xEE, 0xFF,
0x45, 0x8E, 0xC3, 0xFF, 0x3A, 0x7E, 0xB9, 0xFF, 0x63, 0xB6, 0xDF, 0xFF, 0x4F, 0x92, 0xC2, 0xFF,
0x24, 0x44, 0x4C, 0xFF, 0x28, 0x4A, 0x55, 0xFF, 0x55, 0x7F, 0x9D, 0xFF, 0x4B, 0x6E, 0x82, 0xFF,
0x2D, 0x52, 0x62, 0xFF, 0x33, 0x5B, 0x73, 0xFF, 0x42, 0x65, 0x77, 0xFF, 0x35, 0x5B, 0x6B, 0xFF,
0x35, 0x78, 0xB5, 0xFF, 0x41, 0x83, 0xBC, 0xFF, 0x3A, 0x77, 0xAE, 0xFF, 0x47, 0x88, 0xC2, 0xFF,
0x50, 0x8E, 0xC2, 0xFF, 0x55, 0x8B, 0xB3, 0xFF, 0x46, 0x89, 0xC5, 0xFF, 0x40, 0x87, 0xC4, 0xFF,
0x00, 0x00, 0x00, 0x0C, 0x00, 0x00, 0x00, 0x00, 0x00, 0x00, 0x00, 0x3F, 0x00, 0x00, 0x00, 0x24,
0x00, 0x00, 0x00, 0x00, 0x00, 0x00, 0x00, 0x00, 0x00, 0x00, 0x00, 0x11, 0x00, 0x00, 0x00, 0x00,
0x00, 0x00, 0x00, 0xA6, 0x00, 0x00, 0x00, 0x77, 0x10, 0x18, 0x1D, 0xF9, 0x01, 0x02, 0x02, 0xDF,
0x00, 0x00, 0x00, 0x46, 0x00, 0x00, 0x00, 0x23, 0x00, 0x00, 0x00, 0xAC, 0x00, 0x00, 0x00, 0x6E,
0x00, 0x00, 0x00, 0x00, 0x00, 0x00, 0x00, 0x00, 0x00, 0x00, 0x00, 0x00, 0x00, 0x00, 0x00, 0x00,
0x00, 0x00, 0x00, 0x00, 0x00, 0x00, 0x00, 0x00, 0x00, 0x00, 0x00, 0x00, 0x00, 0x00, 0x00, 0x00,
0x00, 0x00, 0x00, 0x0E, 0x00, 0x00, 0x00, 0x00, 0x00, 0x00, 0x00, 0x36, 0x00, 0x00, 0x00, 0x14,
0x00, 0x00, 0x00, 0x00, 0x00, 0x00, 0x00, 0x00, 0x00, 0x00, 0x00, 0x00, 0x00, 0x00, 0x00, 0x00,
0x32, 0x5B, 0x74, 0xFF, 0x2D, 0x4B, 0x5F, 0xFF, 0x31, 0x5A, 0x71, 0xFF, 0x34, 0x63, 0x83, 0xFF,
0x11, 0x1D, 0x25, 0xFA, 0x00, 0x00, 0x00, 0xD3, 0x3B, 0x6B, 0x8B, 0xFF, 0x29, 0x49, 0x5F, 0xFF,
0x4E, 0x7E, 0x9E, 0xFF, 0x3F, 0x6D, 0x87, 0xFF, 0x41, 0x88, 0xC5, 0xFF, 0x52, 0x8D, 0xBD, 0xFF,
0x34, 0x69, 0x8A, 0xFF, 0x3C, 0x78, 0xA4, 0xFF, 0x53, 0x88, 0xAD, 0xFF, 0x38, 0x77, 0xA2, 0xFF,
0x00, 0x00, 0x00, 0x88, 0x00, 0x00, 0x00, 0x3E, 0x03, 0x05, 0x06, 0xDF, 0x00, 0x00, 0x00, 0x8A,
0x00, 0x00, 0x00, 0x14, 0x00, 0x00, 0x00, 0x00, 0x00, 0x00, 0x00, 0x39, 0x00, 0x00, 0x00, 0x11,
0x2B, 0x53, 0x73, 0xFF, 0x03, 0x05, 0x06, 0xD8, 0x41, 0x85, 0xBE, 0xFF, 0x25, 0x45, 0x61, 0xFE,
0x00, 0x00, 0x00, 0x7A, 0x00, 0x00, 0x00, 0x2E, 0x00, 0x00, 0x00, 0xC1, 0x00, 0x00, 0x00, 0x5E,
0x69, 0xB4, 0xCC, 0xF6, 0x78, 0xC4, 0xE0, 0xFB, 0x07, 0x0B, 0x0C, 0x9F, 0x17, 0x20, 0x23, 0xB5,
0x82, 0xCD, 0xF0, 0xFF, 0x62, 0x9F, 0xC6, 0xFF, 0x46, 0x62, 0x6E, 0xE0, 0x68, 0x97, 0xAF, 0xFE,
0x00, 0x00, 0x00, 0x36, 0x00, 0x00, 0x00, 0x51, 0x00, 0x00, 0x00, 0x03, 0x00, 0x00, 0x00, 0x19,
0x00, 0x00, 0x00, 0x96, 0x25, 0x35, 0x3C, 0xE8, 0x00, 0x00, 0x00, 0x5F, 0x03, 0x04, 0x05, 0xC9,
0x3F, 0x76, 0x9D, 0xFF, 0x40, 0x7C, 0xAC, 0xFF, 0x44, 0x74, 0x90, 0xFF, 0x33, 0x62, 0x80, 0xFF,
0x4D, 0x8E, 0xCC, 0xFF, 0x43, 0x87, 0xC2, 0xFF, 0x40, 0x7F, 0xB4, 0xFF, 0x44, 0x8A, 0xC2, 0xFF,
0x45, 0x6B, 0x7E, 0xFF, 0x30, 0x51, 0x5E, 0xFF, 0x31, 0x4D, 0x58, 0xFF, 0x2B, 0x4A, 0x54, 0xFF,
0x39, 0x6C, 0x8E, 0xFF, 0x44, 0x88, 0xC2, 0xFF, 0x30, 0x5A, 0x73, 0xFF, 0x3F, 0x7E, 0xB6, 0xFF,
0x00, 0x00, 0x00, 0x00, 0x00, 0x00, 0x00, 0x0E, 0x00, 0x00, 0x00, 0x00, 0x00, 0x00, 0x00, 0x0E,
0x00, 0x00, 0x00, 0x4B, 0x02, 0x01, 0x01, 0xBD, 0x00, 0x00, 0x00, 0x4B, 0x03, 0x03, 0x03, 0xBB,
0x00, 0x00, 0x00, 0x00, 0x00, 0x00, 0x00, 0x0E, 0x00, 0x00, 0x00, 0x00, 0x00, 0x00, 0x00, 0x0E,
0x00, 0x00, 0x00, 0x4B, 0x02, 0x03, 0x03, 0xBA, 0x00, 0x00, 0x00, 0x4A, 0x03, 0x03, 0x03, 0xBC,
0x24, 0x37, 0x3F, 0xFF, 0x2B, 0x47, 0x50, 0xFF, 0x26, 0x38, 0x40, 0xFF, 0x28, 0x42, 0x4D, 0xFF,
0x2B, 0x50, 0x61, 0xFF, 0x48, 0x85, 0xBD, 0xFF, 0x2D, 0x51, 0x61, 0xFF, 0x54, 0x90, 0xC9, 0xFF,
0x25, 0x3B, 0x40, 0xFF, 0x2D, 0x48, 0x4E, 0xFF, 0x26, 0x3C, 0x41, 0xFF, 0x2D, 0x48, 0x4E, 0xFF,
0x30, 0x52, 0x61, 0xFF, 0x55, 0x90, 0xC9, 0xFF, 0x3A, 0x5B, 0x6B, 0xFF, 0x5D, 0x96, 0xCF, 0xFF,
0x42, 0x89, 0xC5, 0xFF, 0x45, 0x91, 0xCB, 0xFF, 0x44, 0x87, 0xBF, 0xFF, 0x4D, 0x94, 0xCE, 0xFF,
0x4F, 0x93, 0xC5, 0xFF, 0x4A, 0x91, 0xBD, 0xFF, 0x45, 0x8B, 0xC7, 0xFF, 0x4D, 0x97, 0xCC, 0xFF,
0x4C, 0x8F, 0xC6, 0xFF, 0x49, 0x8E, 0xC8, 0xFF, 0x4C, 0x8F, 0xC6, 0xFF, 0x4A, 0x92, 0xC8, 0xFF,
0x44, 0x89, 0xC3, 0xFF, 0x47, 0x90, 0xC6, 0xFF, 0x3E, 0x84, 0xBA, 0xFF, 0x49, 0x92, 0xC9, 0xFF,
0x42, 0x91, 0xC7, 0xFF, 0x43, 0x8E, 0xC0, 0xFF, 0x3D, 0x9A, 0xCC, 0xFF, 0x3F, 0x9F, 0xD9, 0xFF,
0x0E, 0x1C, 0x24, 0xEE, 0x00, 0x00, 0x00, 0x88, 0x29, 0x5C, 0x7C, 0xFC, 0x00, 0x00, 0x00, 0xA1,
0x3D, 0xA5, 0xD7, 0xFF, 0x3B, 0xA9, 0xE1, 0xFF, 0x43, 0xAE, 0xDD, 0xFF, 0x3C, 0xB2, 0xE6, 0xFF,
0x2C, 0x82, 0xAE, 0xFF, 0x01, 0x04, 0x04, 0xAD, 0x32, 0x94, 0xC5, 0xFF, 0x02, 0x07, 0x0A, 0xB1,
0x49, 0x89, 0xC1, 0xFF, 0x4F, 0x93, 0xCA, 0xFF, 0x51, 0x8F, 0xC8, 0xFF, 0x53, 0x93, 0xCB, 0xFF,
0x41, 0x86, 0xBC, 0xFF, 0x45, 0x8D, 0xC3, 0xFF, 0x49, 0x8A, 0xC1, 0xFF, 0x47, 0x88, 0xBC, 0xFF,
0x54, 0x90, 0xC9, 0xFF, 0x5B, 0x98, 0xD0, 0xFF, 0x63, 0x9D, 0xD5, 0xFF, 0x64, 0x9B, 0xD4, 0xFF,
0x53, 0x91, 0xC9, 0xFF, 0x4E, 0x8D, 0xC3, 0xFF, 0x52, 0x8A, 0xC4, 0xFF, 0x58, 0x96, 0xCB, 0xFF,
0x4F, 0xBB, 0xE4, 0xFF, 0x44, 0xBE, 0xEE, 0xFF, 0x5A, 0xC0, 0xE5, 0xFF, 0x4E, 0xC5, 0xF1, 0xFF,
0x37, 0x9E, 0xCD, 0xFF, 0x03, 0x08, 0x0A, 0xB1, 0x3C, 0xA4, 0xCF, 0xFF, 0x02, 0x08, 0x0A, 0xB1,
0x5F, 0xC1, 0xE5, 0xFF, 0x4F, 0xC3, 0xF1, 0xFF, 0x6F, 0xCC, 0xED, 0xFF, 0x58, 0xC7, 0xF4, 0xFF,
0x3D, 0xA2, 0xCF, 0xFF, 0x03, 0x08, 0x0A, 0xB1, 0x37, 0x9A, 0xC8, 0xFF, 0x02, 0x07, 0x09, 0xAF,
0x00, 0x00, 0x00, 0x00, 0x00, 0x00, 0x00, 0x00, 0x00, 0x00, 0x00, 0x00, 0x00, 0x00, 0x00, 0x00,
0x00, 0x00, 0x00, 0x00, 0x00, 0x00, 0x00, 0x00, 0x00, 0x00, 0x00, 0x00, 0x00, 0x00, 0x00, 0x00,
0x00, 0x00, 0x00, 0x00, 0x00, 0x00, 0x00, 0x00, 0x00, 0x00, 0x00, 0x00, 0x00, 0x00, 0x00, 0x00,
0x00, 0x00, 0x00, 0x00, 0x00, 0x00, 0x00, 0x00, 0x00, 0x00, 0x00, 0x00, 0x00, 0x00, 0x00, 0x00,
0x00, 0x00, 0x00, 0x00, 0x00, 0x00, 0x00, 0x00, 0x00, 0x00, 0x00, 0x00, 0x00, 0x00, 0x00, 0x00,
0x00, 0x00, 0x00, 0x00, 0x00, 0x00, 0x00, 0x00, 0x00, 0x00, 0x00, 0x00, 0x00, 0x00, 0x00, 0x00,
0x00, 0x00, 0x00, 0x00, 0x00, 0x00, 0x00, 0x00, 0x00, 0x00, 0x00, 0x00, 0x00, 0x00, 0x00, 0x00,
0x00, 0x00, 0x00, 0x00, 0x00, 0x00, 0x00, 0x00, 0x00, 0x00, 0x00, 0x00, 0x00, 0x00, 0x00, 0x00,
0x00, 0x00, 0x00, 0x00, 0x00, 0x00, 0x00, 0x00, 0x00, 0x00, 0x00, 0x00, 0x00, 0x00, 0x00, 0x00,
0x00, 0x00, 0x00, 0x00, 0x00, 0x00, 0x00, 0x00, 0x00, 0x00, 0x00, 0x00, 0x00, 0x00, 0x00, 0x00,
0x00, 0x00, 0x00, 0x0A, 0x00, 0x00, 0x00, 0x00, 0x00, 0x00, 0x00, 0x19, 0x00, 0x00, 0x00, 0x00,
0x00, 0x00, 0x00, 0x00, 0x00, 0x00, 0x00, 0x00, 0x00, 0x00, 0x00, 0x00, 0x00, 0x00, 0x00, 0x00,
0x00, 0x00, 0x00, 0x00, 0x00, 0x00, 0x00, 0x00, 0x00, 0x00, 0x00, 0x00, 0x00, 0x00, 0x00, 0x00,
0x00, 0x00, 0x00, 0x00, 0x00, 0x00, 0x00, 0x00, 0x00, 0x00, 0x00, 0x00, 0x00, 0x00, 0x00, 0x00,
0x00, 0x00, 0x00, 0x00, 0x00, 0x00, 0x00, 0x00, 0x00, 0x00, 0x00, 0x00, 0x00, 0x00, 0x00, 0x00,
0x00, 0x00, 0x00, 0x00, 0x00, 0x00, 0x00, 0x00, 0x00, 0x00, 0x00, 0x00, 0x00, 0x00, 0x00, 0x00,
0x00, 0x00, 0x00, 0x00, 0x00, 0x00, 0x00, 0x00, 0x00, 0x00, 0x00, 0x00, 0x00, 0x00, 0x00, 0x00,
0x00, 0x00, 0x00, 0x00, 0x00, 0x00, 0x00, 0x00, 0x00, 0x00, 0x00, 0x00, 0x00, 0x00, 0x00, 0x00,
0x00, 0x00, 0x00, 0x00, 0x00, 0x00, 0x00, 0x00, 0x00, 0x00, 0x00, 0x00, 0x00, 0x00, 0x00, 0x00,
0x00, 0x00, 0x00, 0x00, 0x00, 0x00, 0x00, 0x00, 0x00, 0x00, 0x00, 0x00, 0x00, 0x00, 0x00, 0x00,
0x00, 0x00, 0x00, 0x00, 0x00, 0x00, 0x00, 0x00, 0x00, 0x00, 0x00, 0x00, 0x00, 0x00, 0x00, 0x00,
0x00, 0x00, 0x00, 0x00, 0x00, 0x00, 0x00, 0x00, 0x00, 0x00, 0x00, 0x00, 0x00, 0x00, 0x00, 0x00,
0x00, 0x00, 0x00, 0x00, 0x00, 0x00, 0x00, 0x00, 0x00, 0x00, 0x00, 0x00, 0x00, 0x00, 0x00, 0x00,
0x00, 0x00, 0x00, 0x00, 0x00, 0x00, 0x00, 0x00, 0x00, 0x00, 0x00, 0x00, 0x00, 0x00, 0x00, 0x00,
0x00, 0x00, 0x00, 0x00, 0x00, 0x00, 0x00, 0x00, 0x00, 0x00, 0x00, 0x00, 0x00, 0x00, 0x00, 0x00,
0x00, 0x00, 0x00, 0x00, 0x00, 0x00, 0x00, 0x00, 0x00, 0x00, 0x00, 0x00, 0x00, 0x00, 0x00, 0x00,
0x00, 0x00, 0x00, 0x00, 0x00, 0x00, 0x00, 0x00, 0x00, 0x00, 0x00, 0x00, 0x00, 0x00, 0x00, 0x00,
0x00, 0x00, 0x00, 0x00, 0x00, 0x00, 0x00, 0x00, 0x00, 0x00, 0x00, 0x00, 0x00, 0x00, 0x00, 0x00,
0x00, 0x00, 0x00, 0x00, 0x00, 0x00, 0x00, 0x00, 0x00, 0x00, 0x00, 0x00, 0x00, 0x00, 0x00, 0x00,
0x00, 0x00, 0x00, 0x00, 0x00, 0x00, 0x00, 0x00, 0x00, 0x00, 0x00, 0x00, 0x00, 0x00, 0x00, 0x00,
0x00, 0x00, 0x00, 0x00, 0x00, 0x00, 0x00, 0x00, 0x00, 0x00, 0x00, 0x00, 0x00, 0x00, 0x00, 0x00,
0x00, 0x00, 0x00, 0x00, 0x00, 0x00, 0x00, 0x00, 0x00, 0x00, 0x00, 0x00, 0x00, 0x00, 0x00, 0x00,
0x00, 0x00, 0x00, 0x2A, 0x00, 0x00, 0x00, 0x00, 0x00, 0x00, 0x00, 0x37, 0x00, 0x00, 0x00, 0x05,
0x00, 0x00, 0x00, 0x00, 0x00, 0x00, 0x00, 0x00, 0x00, 0x00, 0x00, 0x00, 0x00, 0x00, 0x00, 0x00,
0x00, 0x00, 0x00, 0x3F, 0x00, 0x00, 0x00, 0x0A, 0x00, 0x00, 0x00, 0x42, 0x00, 0x00, 0x00, 0x0A,
0x00, 0x00, 0x00, 0x00, 0x00, 0x00, 0x00, 0x00, 0x00, 0x00, 0x00, 0x00, 0x00, 0x00, 0x00, 0x00,
0x00, 0x00, 0x00, 0x00, 0x00, 0x00, 0x00, 0x00, 0x00, 0x00, 0x00, 0x00, 0x00, 0x00, 0x00, 0x00,
0x00, 0x00, 0x00, 0x00, 0x00, 0x00, 0x00, 0x00, 0x00, 0x00, 0x00, 0x00, 0x00, 0x00, 0x00, 0x00,
0x00, 0x00, 0x00, 0x00, 0x00, 0x00, 0x00, 0x00, 0x00, 0x00, 0x00, 0x00, 0x00, 0x00, 0x00, 0x00,
0x00, 0x00, 0x00, 0x00, 0x00, 0x00, 0x00, 0x00, 0x00, 0x00, 0x00, 0x00, 0x00, 0x00, 0x00, 0x00,
0x00, 0x00, 0x00, 0x42, 0x00, 0x00, 0x00, 0x0A, 0x00, 0x00, 0x00, 0x42, 0x00, 0x00, 0x00, 0x0A,
0x00, 0x00, 0x00, 0x00, 0x00, 0x00, 0x00, 0x00, 0x00, 0x00, 0x00, 0x00, 0x00, 0x00, 0x00, 0x00,
0x00, 0x00, 0x00, 0x42, 0x00, 0x00, 0x00, 0x0A, 0x00, 0x00, 0x00, 0x41, 0x00, 0x00, 0x00, 0x09,
0x00, 0x00, 0x00, 0x00, 0x00, 0x00, 0x00, 0x00, 0x00, 0x00, 0x00, 0x00, 0x00, 0x00, 0x00, 0x00,
0x00, 0x00, 0x00, 0x00, 0x00, 0x00, 0x00, 0x00, 0x00, 0x00, 0x00, 0x00, 0x00, 0x00, 0x00, 0x00,
0x00, 0x00, 0x00, 0x00, 0x00, 0x00, 0x00, 0x00, 0x00, 0x00, 0x00, 0x00, 0x00, 0x00, 0x00, 0x00,
0x00, 0x00, 0x00, 0x00, 0x00, 0x00, 0x00, 0x00, 0x00, 0x00, 0x00, 0x00, 0x00, 0x00, 0x00, 0x00,
0x00, 0x00, 0x00, 0x00, 0x00, 0x00, 0x00, 0x00, 0x00, 0x00, 0x00, 0x00, 0x00, 0x00, 0x00, 0x00,
0x00, 0x00, 0x00, 0x00, 0x00, 0x00, 0x00, 0x00, 0x00, 0x00, 0x00, 0x00, 0x00, 0x00, 0x00, 0x00,
0x00, 0x00, 0x00, 0x00, 0x00, 0x00, 0x00, 0x00, 0x00, 0x00, 0x00, 0x00, 0x00, 0x00, 0x00, 0x00,
0x00, 0x00, 0x00, 0x00, 0x00, 0x00, 0x00, 0x00, 0x00, 0x00, 0x00, 0x00, 0x00, 0x00, 0x00, 0x00,
0x00, 0x00, 0x00, 0x00, 0x00, 0x00, 0x00, 0x00, 0x00, 0x00, 0x00, 0x00, 0x00, 0x00, 0x00, 0x00,
0x00, 0x00, 0x00, 0x00, 0x00, 0x00, 0x00, 0x00, 0x00, 0x00, 0x00, 0x00, 0x00, 0x00, 0x00, 0x00,
0x00, 0x00, 0x00, 0x00, 0x00, 0x00, 0x00, 0x00, 0x00, 0x00, 0x00, 0x00, 0x00, 0x00, 0x00, 0x00,
0x00, 0x00, 0x00, 0x00, 0x00, 0x00, 0x00, 0x00, 0x00, 0x00, 0x00, 0x00, 0x00, 0x00, 0x00, 0x00,
0x00, 0x00, 0x00, 0x00, 0x00, 0x00, 0x00, 0x00, 0x00, 0x00, 0x00, 0x00, 0x00, 0x00, 0x00, 0x00,
0x00, 0x00, 0x00, 0x00, 0x00, 0x00, 0x00, 0x00, 0x00, 0x00, 0x00, 0x00, 0x00, 0x00, 0x00, 0x00,
0x00, 0x00, 0x00, 0x00, 0x00, 0x00, 0x00, 0x00, 0x00, 0x00, 0x00, 0x00, 0x00, 0x00, 0x00, 0x00,
0x00, 0x00, 0x00, 0x00, 0x00, 0x00, 0x00, 0x00, 0x00, 0x00, 0x00, 0x00, 0x00, 0x00, 0x00, 0x00,
0x00, 0x00, 0x00, 0x00, 0x00, 0x00, 0x00, 0x00, 0x00, 0x00, 0x00, 0x00, 0x00, 0x00, 0x00, 0x00,
0x00, 0x00, 0x00, 0x00, 0x00, 0x00, 0x00, 0x00, 0x00, 0x00, 0x00, 0x00, 0x00, 0x00, 0x00, 0x00,
0x00, 0x00, 0x00, 0x00, 0x00, 0x00, 0x00, 0x00, 0x00, 0x00, 0x00, 0x00, 0x00, 0x00, 0x00, 0x00,
0x00, 0x00, 0x00, 0x00, 0x00, 0x00, 0x00, 0x00, 0x00, 0x00, 0x00, 0x00, 0x00, 0x00, 0x00, 0x00,
0x00, 0x00, 0x00, 0x00, 0x00, 0x00, 0x00, 0x00, 0x00, 0x00, 0x00, 0x00, 0x00, 0x00, 0x00, 0x00,
0x00, 0x00, 0x00, 0x00, 0x00, 0x00, 0x00, 0x13, 0x00, 0x00, 0x00, 0x1D, 0x00, 0x00, 0x00, 0x38,
0x00, 0x00, 0x00, 0x55, 0x01, 0x02, 0x02, 0xC5, 0x00, 0x00, 0x00, 0x83, 0x06, 0x08, 0x08, 0xDE,
0x00, 0x00, 0x00, 0x6F, 0x00, 0x00, 0x00, 0x92, 0x06, 0x08, 0x07, 0xDB, 0x0D, 0x10, 0x0F, 0xEB,
0x00, 0x00, 0x00, 0xCC, 0x22, 0x29, 0x27, 0xFA, 0x29, 0x2F, 0x29, 0xFD, 0x44, 0x50, 0x45, 0xFF,
0x28, 0x3B, 0x3E, 0xFF, 0x30, 0x49, 0x4B, 0xFF, 0x2F, 0x40, 0x42, 0xFF, 0x31, 0x45, 0x42, 0xFF,
0x3E, 0x5D, 0x6E, 0xFF, 0x66, 0x9D, 0xD5, 0xFF, 0x4E, 0x6D, 0x7D, 0xFF, 0x76, 0xA8, 0xE5, 0xFF,
0x3B, 0x4A, 0x48, 0xFF, 0x31, 0x41, 0x39, 0xFF, 0x3A, 0x46, 0x3C, 0xFF, 0x36, 0x48, 0x49, 0xFF,
0x5C, 0x80, 0x9C, 0xFF, 0x7B, 0xAF, 0xE9, 0xFF, 0x7E, 0xA8, 0xD4, 0xFF, 0x92, 0xBE, 0xF0, 0xFF,
0x41, 0x4F, 0x4E, 0xFF, 0x44, 0x55, 0x4F, 0xFF, 0x43, 0x50, 0x4C, 0xFF, 0x41, 0x50, 0x47, 0xFF,
0x4B, 0x5A, 0x4E, 0xFF, 0x3D, 0x48, 0x38, 0xFF, 0x4B, 0x56, 0x46, 0xFF, 0x51, 0x65, 0x65, 0xFF,
0x63, 0x77, 0x77, 0xFF, 0x85, 0x98, 0x9A, 0xFF, 0xAE, 0xD2, 0xEC, 0xFF, 0xCF, 0xEA, 0xFF, 0xFF,
0x98, 0xB4, 0xC5, 0xFF, 0xBB, 0xD7, 0xF4, 0xFF, 0xD8, 0xED, 0xFF, 0xFF, 0xDA, 0xEA, 0xFE, 0xFF,
0x3D, 0x4C, 0x3F, 0xFF, 0x69, 0x91, 0xB4, 0xFF, 0x7F, 0xA6, 0xC6, 0xFF, 0x9C, 0xC4, 0xF4, 0xFF,
0x9A, 0xC4, 0xF4, 0xFF, 0x94, 0xC1, 0xEB, 0xFF, 0xA0, 0xCD, 0xEF, 0xFF, 0x66, 0xCB, 0xF0, 0xFF,
0xAB, 0xD3, 0xFF, 0xFF, 0xAF, 0xCC, 0xF3, 0xFF, 0xBB, 0xD7, 0xF8, 0xFF, 0xB7, 0xD5, 0xF5, 0xFF,
0x92, 0xCF, 0xF1, 0xFF, 0x5E, 0xC9, 0xF1, 0xFF, 0xB7, 0xE1, 0xF8, 0xFF, 0xC3, 0xEA, 0xF9, 0xFF,
0x6E, 0xA7, 0xDE, 0xFF, 0x68, 0x9F, 0xD8, 0xFF, 0x75, 0xA8, 0xE0, 0xFF, 0x6F, 0xA5, 0xDC, 0xFF,
0x5C, 0x90, 0xCC, 0xFF, 0x68, 0xA2, 0xD5, 0xFF, 0x67, 0x9A, 0xD4, 0xFF, 0x70, 0xAC, 0xDD, 0xFF,
0x75, 0xA7, 0xDE, 0xFF, 0x77, 0xAB, 0xE2, 0xFF, 0x8A, 0xB5, 0xE9, 0xFF, 0x7A, 0xA5, 0xDB, 0xFF,
0x69, 0x9C, 0xD5, 0xFF, 0x75, 0xBA, 0xDF, 0xFF, 0x6A, 0xA2, 0xD4, 0xFF, 0x8E, 0xDF, 0xF2, 0xFF,
0x77, 0xD5, 0xF2, 0xFF, 0x5B, 0xCC, 0xF5, 0xFF, 0x7D, 0xDB, 0xF7, 0xFF, 0x61, 0xD5, 0xFF, 0xFF,
0x3B, 0x95, 0xBE, 0xFD, 0x01, 0x04, 0x05, 0xAA, 0x37, 0x86, 0xA8, 0xFA, 0x00, 0x00, 0x00, 0xA0,
0x86, 0xE7, 0xFE, 0xFF, 0x63, 0xD8, 0xFF, 0xFF, 0x8F, 0xEF, 0xFF, 0xFF, 0x62, 0xC9, 0xEB, 0xFF,
0x22, 0x56, 0x6C, 0xF1, 0x00, 0x00, 0x00, 0x8D, 0x09, 0x17, 0x1D, 0xD4, 0x00, 0x00, 0x00, 0x70,
0x7F, 0xBF, 0xE8, 0xFF, 0x78, 0xC6, 0xE9, 0xFF, 0x5E, 0xD1, 0xF4, 0xFF, 0x70, 0xDC, 0xFA, 0xFF,
0x8C, 0xE2, 0xF6, 0xFF, 0x9A, 0xF2, 0xFE, 0xFF, 0x8B, 0xEC, 0xFF, 0xFF, 0x9A, 0xFC, 0xFF, 0xFF,
0x74, 0xCF, 0xF4, 0xFF, 0x77, 0xC9, 0xE7, 0xFF, 0xBF, 0xD3, 0xD9, 0xFF, 0x7B, 0x94, 0x94, 0xFF,
0x5F, 0xAF, 0xC5, 0xFF, 0x47, 0x81, 0x8B, 0xFC, 0x3F, 0x54, 0x56, 0xFF, 0x14, 0x19, 0x1A, 0xFB,
0x99, 0xFC, 0xFF, 0xFF, 0x42, 0x79, 0x87, 0xF1, 0x71, 0xB8, 0xC1, 0xF9, 0x09, 0x0F, 0x0F, 0xB8,
0x00, 0x00, 0x00, 0x9C, 0x00, 0x00, 0x00, 0x42, 0x00, 0x00, 0x00, 0x59, 0x00, 0x00, 0x00, 0x1A,
0x0B, 0x11, 0x12, 0xD6, 0x00, 0x00, 0x00, 0x7E, 0x00, 0x00, 0x00, 0xD1, 0x00, 0x00, 0x00, 0x7B,
0x00, 0x00, 0x00, 0x2C, 0x00, 0x00, 0x00, 0x05, 0x00, 0x00, 0x00, 0x2B, 0x00, 0x00, 0x00, 0x05,
0x6E, 0xC8, 0xF8, 0xFF, 0x7A, 0xC4, 0xF5, 0xFF, 0x88, 0xE1, 0xFF, 0xFF, 0x8B, 0xDC, 0xFF, 0xFF,
0x88, 0xC5, 0xF2, 0xFF, 0xB1, 0xD8, 0xF3, 0xFF, 0x86, 0xCD, 0xF8, 0xFF, 0x8B, 0xC2, 0xE6, 0xFF,
0x4B, 0x79, 0x91, 0xEF, 0x65, 0x96, 0xAC, 0xF9, 0x00, 0x00, 0x00, 0x8F, 0x00, 0x00, 0x00, 0xAD,
0x93, 0xC4, 0xE1, 0xFF, 0x9E, 0xCA, 0xDD, 0xFF, 0x1C, 0x23, 0x27, 0xDB, 0x76, 0x8E, 0x97, 0xFD,
0xD5, 0xE8, 0xFA, 0xFF, 0xD1, 0xE4, 0xFB, 0xFF, 0x9A, 0xC3, 0xDD, 0xFF, 0xCF, 0xE5, 0xF7, 0xFF,
0xCD, 0xE3, 0xF8, 0xFF, 0xB6, 0xC6, 0xCA, 0xFF, 0xD0, 0xE6, 0xFD, 0xFF, 0xB0, 0xC7, 0xD6, 0xFF,
0x85, 0xAB, 0xBB, 0xFF, 0x9C, 0xB7, 0xC3, 0xFF, 0x91, 0xAD, 0xB3, 0xFF, 0x7D, 0x94, 0x92, 0xFF,
0xD2, 0xE7, 0xFA, 0xFF, 0xCC, 0xE4, 0xFF, 0xFF, 0xB6, 0xCC, 0xD6, 0xFF, 0xD0, 0xE8, 0xFF, 0xFF,
0x00, 0x00, 0x00, 0x2D, 0x00, 0x00, 0x00, 0x4C, 0x00, 0x00, 0x00, 0x00, 0x00, 0x00, 0x00, 0x17,
0x00, 0x00, 0x00, 0x91, 0x1C, 0x1F, 0x1E, 0xE4, 0x00, 0x00, 0x00, 0x5B, 0x04, 0x04, 0x04, 0xC8,
0x00, 0x00, 0x00, 0x00, 0x00, 0x00, 0x00, 0x0E, 0x00, 0x00, 0x00, 0x00, 0x00, 0x00, 0x00, 0x0E,
0x00, 0x00, 0x00, 0x4B, 0x02, 0x02, 0x02, 0xBC, 0x00, 0x00, 0x00, 0x4A, 0x04, 0x05, 0x05, 0xBA,
0x8A, 0x97, 0x92, 0xFF, 0x7B, 0x87, 0x7C, 0xFF, 0x68, 0x6E, 0x68, 0xFF, 0x72, 0x7D, 0x73, 0xFF,
0x96, 0xAA, 0xB1, 0xFF, 0xD8, 0xED, 0xFF, 0xFF, 0x88, 0x98, 0x99, 0xFF, 0xD6, 0xEB, 0xFF, 0xFF,
0x59, 0x5F, 0x57, 0xFF, 0x69, 0x74, 0x68, 0xFF, 0x55, 0x5F, 0x5A, 0xFF, 0x67, 0x72, 0x65, 0xFF,
0x7F, 0x8D, 0x88, 0xFF, 0xDE, 0xF0, 0xFF, 0xFF, 0x7F, 0x8C, 0x84, 0xFF, 0xDF, 0xEF, 0xFC, 0xFF,
0x7F, 0x91, 0x91, 0xFF, 0x5D, 0x7A, 0x7D, 0xFF, 0x81, 0x9C, 0xA4, 0xFF, 0x69, 0x8B, 0x93, 0xFF,
0x6B, 0x8D, 0x97, 0xFF, 0x68, 0x95, 0xA8, 0xFF, 0x64, 0x91, 0xA0, 0xFF, 0x68, 0xA5, 0xC1, 0xFF,
0xD0, 0xE5, 0xFB, 0xFF, 0xBD, 0xD8, 0xF2, 0xFF, 0xCD, 0xE3, 0xFC, 0xFF, 0xC6, 0xE0, 0xFF, 0xFF,
0x99, 0xC1, 0xDF, 0xFF, 0x67, 0xAE, 0xD4, 0xFF, 0xC8, 0xE2, 0xFF, 0xFF, 0x95, 0xCD, 0xF3, 0xFF,
0x2F, 0x51, 0x60, 0xF6, 0x00, 0x00, 0x00, 0xB3, 0x69, 0xBC, 0xE7, 0xFF, 0x27, 0x46, 0x59, 0xF1,
0x00, 0x00, 0x00, 0x57, 0x00, 0x00, 0x00, 0x1B, 0x00, 0x00, 0x00, 0x9A, 0x00, 0x00, 0x00, 0x3E,
0x66, 0xBF, 0xEE, 0xFF, 0x65, 0xB2, 0xDD, 0xFF, 0x64, 0xB9, 0xE9, 0xFF, 0x79, 0xCF, 0xFF, 0xFF,
0x0C, 0x13, 0x18, 0xD4, 0x00, 0x00, 0x00, 0x6C, 0x30, 0x55, 0x69, 0xF2, 0x00, 0x00, 0x00, 0x91,
0xD2, 0xE6, 0xFB, 0xFF, 0xC5, 0xE1, 0xFB, 0xFF, 0xD0, 0xE6, 0xFC, 0xFF, 0xC1, 0xE0, 0xFA, 0xFF,
0xCA, 0xE2, 0xFB, 0xFF, 0xB8, 0xDD, 0xFB, 0xFF, 0xD9, 0xEA, 0xFD, 0xFF, 0xC3, 0xE1, 0xFD, 0xFF,
0xDE, 0xEE, 0xFF, 0xFF, 0xD5, 0xEB, 0xFC, 0xFF, 0xDA, 0xED, 0xFD, 0xFF, 0xD4, 0xE9, 0xFA, 0xFF,
0xD9, 0xEA, 0xFA, 0xFF, 0xC9, 0xE4, 0xFB, 0xFF, 0xD1, 0xE6, 0xFA, 0xFF, 0xC7, 0xE3, 0xF9, 0xFF,
0x6D, 0xC6, 0xF3, 0xFF, 0x70, 0xD0, 0xFF, 0xFF, 0x74, 0xCF, 0xF9, 0xFF, 0x6C, 0xD2, 0xFF, 0xFF,
0x4D, 0x90, 0xB0, 0xFC, 0x01, 0x01, 0x01, 0xA3, 0x57, 0xA5, 0xCD, 0xFE, 0x04, 0x06, 0x07, 0xAC,
0x73, 0xD2, 0xFA, 0xFF, 0x68, 0xD4, 0xFE, 0xFF, 0x77, 0xD6, 0xFA, 0xFF, 0x6C, 0xD6, 0xFF, 0xFF,
0x5A, 0xB1, 0xDB, 0xFF, 0x04, 0x08, 0x0A, 0xB1, 0x5D, 0xB3, 0xD9, 0xFF, 0x05, 0x09, 0x0A, 0xB1,
0x00, 0x00, 0x00, 0x3E, 0x00, 0x00, 0x00, 0x07, 0x00, 0x00, 0x00, 0x36, 0x00, 0x00, 0x00, 0x05,
0x00, 0x00, 0x00, 0x00, 0x00, 0x00, 0x00, 0x00, 0x00, 0x00, 0x00, 0x00, 0x00, 0x00, 0x00, 0x00,
0x00, 0x00, 0x00, 0x2B, 0x00, 0x00, 0x00, 0x00, 0x00, 0x00, 0x00, 0x1F, 0x00, 0x00, 0x00, 0x00,
0x00, 0x00, 0x00, 0x00, 0x00, 0x00, 0x00, 0x00, 0x00, 0x00, 0x00, 0x00, 0x00, 0x00, 0x00, 0x00,
0x00, 0x00, 0x00, 0x00, 0x00, 0x00, 0x00, 0x00, 0x00, 0x00, 0x00, 0x00, 0x00, 0x00, 0x00, 0x00,
0x00, 0x00, 0x00, 0x00, 0x00, 0x00, 0x00, 0x00, 0x00, 0x00, 0x00, 0x00, 0x00, 0x00, 0x00, 0x00,
0x00, 0x00, 0x00, 0x00, 0x00, 0x00, 0x00, 0x00, 0x00, 0x00, 0x00, 0x00, 0x00, 0x00, 0x00, 0x00,
0x00, 0x00, 0x00, 0x00, 0x00, 0x00, 0x00, 0x00, 0x00, 0x00, 0x00, 0x00, 0x00, 0x00, 0x00, 0x00,
0x00, 0x00, 0x00, 0x11, 0x00, 0x00, 0x00, 0x00, 0x00, 0x00, 0x00, 0x00, 0x00, 0x00, 0x00, 0x00,
0x00, 0x00, 0x00, 0x00, 0x00, 0x00, 0x00, 0x00, 0x00, 0x00, 0x00, 0x00, 0x00, 0x00, 0x00, 0x00,
0x00, 0x00, 0x00, 0x00, 0x00, 0x00, 0x00, 0x00, 0x00, 0x00, 0x00, 0x00, 0x00, 0x00, 0x00, 0x00,
0x00, 0x00, 0x00, 0x00, 0x00, 0x00, 0x00, 0x00, 0x00, 0x00, 0x00, 0x00, 0x00, 0x00, 0x00, 0x00,
0x00, 0x00, 0x00, 0x00, 0x00, 0x00, 0x00, 0x00, 0x00, 0x00, 0x00, 0x00, 0x00, 0x00, 0x00, 0x00,
0x00, 0x00, 0x00, 0x00, 0x00, 0x00, 0x00, 0x00, 0x00, 0x00, 0x00, 0x00, 0x00, 0x00, 0x00, 0x00,
0x00, 0x00, 0x00, 0x00, 0x00, 0x00, 0x00, 0x00, 0x00, 0x00, 0x00, 0x00, 0x00, 0x00, 0x00, 0x00,
0x00, 0x00, 0x00, 0x00, 0x00, 0x00, 0x00, 0x00, 0x00, 0x00, 0x00, 0x00, 0x00, 0x00, 0x00, 0x00,
0x00, 0x00, 0x00, 0x00, 0x00, 0x00, 0x00, 0x00, 0x00, 0x00, 0x00, 0x00, 0x00, 0x00, 0x00, 0x00,
0x00, 0x00, 0x00, 0x00, 0x00, 0x00, 0x00, 0x00, 0x00, 0x00, 0x00, 0x00, 0x00, 0x00, 0x00, 0x00,
0x00, 0x00, 0x00, 0x00, 0x00, 0x00, 0x00, 0x00, 0x00, 0x00, 0x00, 0x00, 0x00, 0x00, 0x00, 0x00,
0x00, 0x00, 0x00, 0x00, 0x00, 0x00, 0x00, 0x00, 0x00, 0x00, 0x00, 0x00, 0x00, 0x00, 0x00, 0x00,
0x00, 0x00, 0x00, 0x00, 0x00, 0x00, 0x00, 0x00, 0x00, 0x00, 0x00, 0x00, 0x00, 0x00, 0x00, 0x00,
0x00, 0x00, 0x00, 0x00, 0x00, 0x00, 0x00, 0x00, 0x00, 0x00, 0x00, 0x00, 0x00, 0x00, 0x00, 0x00,
0x00, 0x00, 0x00, 0x00, 0x00, 0x00, 0x00, 0x00, 0x00, 0x00, 0x00, 0x00, 0x00, 0x00, 0x00, 0x00,
0x00, 0x00, 0x00, 0x00, 0x00, 0x00, 0x00, 0x00, 0x00, 0x00, 0x00, 0x00, 0x00, 0x00, 0x00, 0x00,
0x00, 0x00, 0x00, 0x00, 0x00, 0x00, 0x00, 0x00, 0x00, 0x00, 0x00, 0x00, 0x00, 0x00, 0x00, 0x00,
0x00, 0x00, 0x00, 0x00, 0x00, 0x00, 0x00, 0x00, 0x00, 0x00, 0x00, 0x00, 0x00, 0x00, 0x00, 0x00,
0x00, 0x00, 0x00, 0x00, 0x00, 0x00, 0x00, 0x00, 0x00, 0x00, 0x00, 0x00, 0x00, 0x00, 0x00, 0x00,
0x00, 0x00, 0x00, 0x00, 0x00, 0x00, 0x00, 0x00, 0x00, 0x00, 0x00, 0x00, 0x00, 0x00, 0x00, 0x00,
0x00, 0x00, 0x00, 0x00, 0x00, 0x00, 0x00, 0x00, 0x00, 0x00, 0x00, 0x00, 0x00, 0x00, 0x00, 0x00,
0x00, 0x00, 0x00, 0x00, 0x00, 0x00, 0x00, 0x00, 0x00, 0x00, 0x00, 0x00, 0x00, 0x00, 0x00, 0x00,
0x00, 0x00, 0x00, 0x00, 0x00, 0x00, 0x00, 0x00, 0x00, 0x00, 0x00, 0x00, 0x00, 0x00, 0x00, 0x00,
0x00, 0x00, 0x00, 0x00, 0x00, 0x00, 0x00, 0x00, 0x00, 0x00, 0x00, 0x00, 0x00, 0x00, 0x00, 0x00,
0x00, 0x00, 0x00, 0x00, 0x00, 0x00, 0x00, 0x00, 0x00, 0x00, 0x00, 0x10, 0x00, 0x00, 0x00, 0x00,
0x00, 0x00, 0x00, 0x00, 0x00, 0x00, 0x00, 0x00, 0x00, 0x00, 0x00, 0x00, 0x00, 0x00, 0x00, 0x00,
0x00, 0x00, 0x00, 0x1E, 0x00, 0x00, 0x00, 0x00, 0x00, 0x00, 0x00, 0x2D, 0x00, 0x00, 0x00, 0x03,
0x00, 0x00, 0x00, 0x00, 0x00, 0x00, 0x00, 0x00, 0x00, 0x00, 0x00, 0x00, 0x00, 0x00, 0x00, 0x00,
0x00, 0x00, 0x00, 0x00, 0x00, 0x00, 0x00, 0x00, 0x00, 0x00, 0x00, 0x00, 0x00, 0x00, 0x00, 0x00,
0x00, 0x00, 0x00, 0x00, 0x00, 0x00, 0x00, 0x00, 0x00, 0x00, 0x00, 0x00, 0x00, 0x00, 0x00, 0x00,
0x00, 0x00, 0x00, 0x00, 0x00, 0x00, 0x00, 0x00, 0x00, 0x00, 0x00, 0x00, 0x00, 0x00, 0x00, 0x00,
0x00, 0x00, 0x00, 0x00, 0x00, 0x00, 0x00, 0x00, 0x00, 0x00, 0x00, 0x00, 0x00, 0x00, 0x00, 0x00,
0x00, 0x00, 0x00, 0x39, 0x00, 0x00, 0x00, 0x07, 0x00, 0x00, 0x00, 0x3F, 0x00, 0x00, 0x00, 0x0A,
0x00, 0x00, 0x00, 0x00, 0x00, 0x00, 0x00, 0x00, 0x00, 0x00, 0x00, 0x00, 0x00, 0x00, 0x00, 0x00,
0x00, 0x00, 0x00, 0x42, 0x00, 0x00, 0x00, 0x0A, 0x00, 0x00, 0x00, 0x43, 0x00, 0x00, 0x00, 0x09,
0x00, 0x00, 0x00, 0x00, 0x00, 0x00, 0x00, 0x00, 0x00, 0x00, 0x00, 0x00, 0x00, 0x00, 0x00, 0x00,
0x00, 0x00, 0x00, 0x00, 0x00, 0x00, 0x00, 0x00, 0x00, 0x00, 0x00, 0x00, 0x00, 0x00, 0x00, 0x00,
0x00, 0x00, 0x00, 0x00, 0x00, 0x00, 0x00, 0x00, 0x00, 0x00, 0x00, 0x00, 0x00, 0x00, 0x00, 0x00,
0x00, 0x00, 0x00, 0x00, 0x00, 0x00, 0x00, 0x00, 0x00, 0x00, 0x00, 0x00, 0x00, 0x00, 0x00, 0x00,
0x00, 0x00, 0x00, 0x00, 0x00, 0x00, 0x00, 0x00, 0x00, 0x00, 0x00, 0x00, 0x00, 0x00, 0x00, 0x00,
0x00, 0x00, 0x00, 0x00, 0x00, 0x00, 0x00, 0x00, 0x00, 0x00, 0x00, 0x00, 0x00, 0x00, 0x00, 0x00,
0x00, 0x00, 0x00, 0x00, 0x00, 0x00, 0x00, 0x00, 0x00, 0x00, 0x00, 0x00, 0x00, 0x00, 0x00, 0x00,
0x00, 0x00, 0x00, 0x00, 0x00, 0x00, 0x00, 0x00, 0x00, 0x00, 0x00, 0x00, 0x00, 0x00, 0x00, 0x00,
0x00, 0x00, 0x00, 0x00, 0x00, 0x00, 0x00, 0x00, 0x00, 0x00, 0x00, 0x00, 0x00, 0x00, 0x00, 0x00,
0x00, 0x00, 0x00, 0x00, 0x00, 0x00, 0x00, 0x00, 0x00, 0x00, 0x00, 0x00, 0x00, 0x00, 0x00, 0x00,
0x00, 0x00, 0x00, 0x00, 0x00, 0x00, 0x00, 0x00, 0x00, 0x00, 0x00, 0x00, 0x00, 0x00, 0x00, 0x00,
0x00, 0x00, 0x00, 0x00, 0x00, 0x00, 0x00, 0x00, 0x00, 0x00, 0x00, 0x00, 0x00, 0x00, 0x00, 0x00,
0x00, 0x00, 0x00, 0x00, 0x00, 0x00, 0x00, 0x00, 0x00, 0x00, 0x00, 0x00, 0x00, 0x00, 0x00, 0x00,
0x00, 0x00, 0x00, 0x00, 0x00, 0x00, 0x00, 0x00, 0x00, 0x00, 0x00, 0x00, 0x00, 0x00, 0x00, 0x00,
0x00, 0x00, 0x00, 0x00, 0x00, 0x00, 0x00, 0x00, 0x00, 0x00, 0x00, 0x00, 0x00, 0x00, 0x00, 0x00,
0x00, 0x00, 0x00, 0x00, 0x00, 0x00, 0x00, 0x00, 0x00, 0x00, 0x00, 0x00, 0x00, 0x00, 0x00, 0x00,
0x00, 0x00, 0x00, 0x00, 0x00, 0x00, 0x00, 0x00, 0x00, 0x00, 0x00, 0x00, 0x00, 0x00, 0x00, 0x00,
0x00, 0x00, 0x00, 0x00, 0x00, 0x00, 0x00, 0x00, 0x00, 0x00, 0x00, 0x00, 0x00, 0x00, 0x00, 0x00,
0x00, 0x00, 0x00, 0x00, 0x00, 0x00, 0x00, 0x00, 0x00, 0x00, 0x00, 0x00, 0x00, 0x00, 0x00, 0x00,
0x00, 0x00, 0x00, 0x00, 0x00, 0x00, 0x00, 0x00, 0x00, 0x00, 0x00, 0x00, 0x00, 0x00, 0x00, 0x00,
0x00, 0x00, 0x00, 0x00, 0x00, 0x00, 0x00, 0x00, 0x00, 0x00, 0x00, 0x00, 0x00, 0x00, 0x00, 0x00,
0x00, 0x00, 0x00, 0x00, 0x00, 0x00, 0x00, 0x00, 0x00, 0x00, 0x00, 0x00, 0x00, 0x00, 0x00, 0x00,
0x00, 0x00, 0x00, 0x00, 0x00, 0x00, 0x00, 0x00, 0x00, 0x00, 0x00, 0x00, 0x00, 0x00, 0x00, 0x00,
0x00, 0x00, 0x00, 0x00, 0x00, 0x00, 0x00, 0x00, 0x00, 0x00, 0x00, 0x00, 0x00, 0x00, 0x00, 0x00,
0x00, 0x00, 0x00, 0x00, 0x00, 0x00, 0x00, 0x00, 0x00, 0x00, 0x00, 0x00, 0x00, 0x00, 0x00, 0x00,
0x00, 0x00, 0x00, 0x00, 0x00, 0x00, 0x00, 0x00, 0x00, 0x00, 0x00, 0x00, 0x00, 0x00, 0x00, 0x00,
0x00, 0x00, 0x00, 0x00, 0x00, 0x00, 0x00, 0x00, 0x00, 0x00, 0x00, 0x00, 0x00, 0x00, 0x00, 0x00,
0x00, 0x00, 0x00, 0x00, 0x00, 0x00, 0x00, 0x00, 0x00, 0x00, 0x00, 0x00, 0x00, 0x00, 0x00, 0x00,
0x00, 0x00, 0x00, 0x00, 0x00, 0x00, 0x00, 0x00, 0x00, 0x00, 0x00, 0x00, 0x00, 0x00, 0x00, 0x00,
0x00, 0x00, 0x00, 0x00, 0x00, 0x00, 0x00, 0x00, 0x00, 0x00, 0x00, 0x00, 0x00, 0x00, 0x00, 0x00,
0x00, 0x00, 0x00, 0x00, 0x00, 0x00, 0x00, 0x00, 0x00, 0x00, 0x00, 0x00, 0x00, 0x00, 0x00, 0x00,
0x00, 0x00, 0x00, 0x00, 0x00, 0x00, 0x00, 0x00, 0x00, 0x00, 0x00, 0x00, 0x00, 0x00, 0x00, 0x00,
0x00, 0x00, 0x00, 0x00, 0x00, 0x00, 0x00, 0x00, 0x00, 0x00, 0x00, 0x00, 0x00, 0x00, 0x00, 0x00,
0x00, 0x00, 0x00, 0x00, 0x00, 0x00, 0x00, 0x00, 0x00, 0x00, 0x00, 0x00, 0x00, 0x00, 0x00, 0x00,
0x00, 0x00, 0x00, 0x00, 0x00, 0x00, 0x00, 0x00, 0x00, 0x00, 0x00, 0x00, 0x00, 0x00, 0x00, 0x00,
0x00, 0x00, 0x00, 0x00, 0x00, 0x00, 0x00, 0x00, 0x00, 0x00, 0x00, 0x00, 0x00, 0x00, 0x00, 0x00,
0x00, 0x00, 0x00, 0x00, 0x00, 0x00, 0x00, 0x00, 0x00, 0x00, 0x00, 0x00, 0x00, 0x00, 0x00, 0x00,
0x00, 0x00, 0x00, 0x00, 0x00, 0x00, 0x00, 0x00, 0x00, 0x00, 0x00, 0x00, 0x00, 0x00, 0x00, 0x00,
0x00, 0x00, 0x00, 0x00, 0x00, 0x00, 0x00, 0x00, 0x00, 0x00, 0x00, 0x00, 0x00, 0x00, 0x00, 0x00,
0x00, 0x00, 0x00, 0x00, 0x00, 0x00, 0x00, 0x00, 0x00, 0x00, 0x00, 0x00, 0x00, 0x00, 0x00, 0x00,
0x00, 0x00, 0x00, 0x00, 0x00, 0x00, 0x00, 0x00, 0x00, 0x00, 0x00, 0x00, 0x00, 0x00, 0x00, 0x00,
0x00, 0x00, 0x00, 0x00, 0x00, 0x00, 0x00, 0x00, 0x00, 0x00, 0x00, 0x00, 0x00, 0x00, 0x00, 0x00,
0x00, 0x00, 0x00, 0x08, 0x00, 0x00, 0x00, 0x34, 0x00, 0x00, 0x00, 0x0C, 0x00, 0x00, 0x00, 0x45,
0x00, 0x00, 0x00, 0x00, 0x00, 0x00, 0x00, 0x00, 0x00, 0x00, 0x00, 0x00, 0x00, 0x00, 0x00, 0x00,
0x00, 0x00, 0x00, 0x0C, 0x00, 0x00, 0x00, 0x4A, 0x00, 0x00, 0x00, 0x0C, 0x00, 0x00, 0x00, 0x49,
0x00, 0x00, 0x00, 0x00, 0x00, 0x00, 0x00, 0x00, 0x00, 0x00, 0x00, 0x00, 0x00, 0x00, 0x00, 0x00,
0x00, 0x00, 0x00, 0x00, 0x00, 0x00, 0x00, 0x00, 0x00, 0x00, 0x00, 0x00, 0x00, 0x00, 0x00, 0x00,
0x00, 0x00, 0x00, 0x00, 0x00, 0x00, 0x00, 0x00, 0x00, 0x00, 0x00, 0x00, 0x00, 0x00, 0x00, 0x00,
0x00, 0x00, 0x00, 0x00, 0x00, 0x00, 0x00, 0x00, 0x00, 0x00, 0x00, 0x00, 0x00, 0x00, 0x00, 0x00,
0x00, 0x00, 0x00, 0x00, 0x00, 0x00, 0x00, 0x00, 0x00, 0x00, 0x00, 0x00, 0x00, 0x00, 0x00, 0x00,
0x00, 0x00, 0x00, 0x0B, 0x00, 0x00, 0x00, 0x47, 0x00, 0x00, 0x00, 0x08, 0x00, 0x00, 0x00, 0x3A,
0x00, 0x00, 0x00, 0x00, 0x00, 0x00, 0x00, 0x00, 0x00, 0x00, 0x00, 0x00, 0x00, 0x00, 0x00, 0x00,
0x00, 0x00, 0x00, 0x00, 0x00, 0x00, 0x00, 0x25, 0x00, 0x00, 0x00, 0x00, 0x00, 0x00, 0x00, 0x15,
0x00, 0x00, 0x00, 0x00, 0x00, 0x00, 0x00, 0x00, 0x00, 0x00, 0x00, 0x00, 0x00, 0x00, 0x00, 0x00,
0x00, 0x00, 0x00, 0x00, 0x00, 0x00, 0x00, 0x00, 0x00, 0x00, 0x00, 0x00, 0x00, 0x00, 0x00, 0x00,
0x00, 0x00, 0x00, 0x00, 0x00, 0x00, 0x00, 0x00, 0x00, 0x00, 0x00, 0x00, 0x00, 0x00, 0x00, 0x00,
0x00, 0x00, 0x00, 0x00, 0x00, 0x00, 0x00, 0x00, 0x00, 0x00, 0x00, 0x00, 0x00, 0x00, 0x00, 0x00,
0x00, 0x00, 0x00, 0x00, 0x00, 0x00, 0x00, 0x00, 0x00, 0x00, 0x00, 0x00, 0x00, 0x00, 0x00, 0x00,
0x00, 0x00, 0x00, 0x00, 0x00, 0x00, 0x00, 0x00, 0x00, 0x00, 0x00, 0x00, 0x00, 0x00, 0x00, 0x00,
0x00, 0x00, 0x00, 0x00, 0x00, 0x00, 0x00, 0x00, 0x00, 0x00, 0x00, 0x00, 0x00, 0x00, 0x00, 0x00,
0x00, 0x00, 0x00, 0x00, 0x00, 0x00, 0x00, 0x00, 0x00, 0x00, 0x00, 0x00, 0x00, 0x00, 0x00, 0x00,
0x00, 0x00, 0x00, 0x00, 0x00, 0x00, 0x00, 0x00, 0x00, 0x00, 0x00, 0x00, 0x00, 0x00, 0x00, 0x00,
0x00, 0x00, 0x00, 0x00, 0x00, 0x00, 0x00, 0x00, 0x00, 0x00, 0x00, 0x00, 0x00, 0x00, 0x00, 0x00,
0x00, 0x00, 0x00, 0x00, 0x00, 0x00, 0x00, 0x00, 0x00, 0x00, 0x00, 0x00, 0x00, 0x00, 0x00, 0x00,
0x00, 0x00, 0x00, 0x00, 0x00, 0x00, 0x00, 0x00, 0x00, 0x00, 0x00, 0x00, 0x00, 0x00, 0x00, 0x00,
0x00, 0x00, 0x00, 0x00, 0x00, 0x00, 0x00, 0x00, 0x00, 0x00, 0x00, 0x00, 0x00, 0x00, 0x00, 0x00,
0x00, 0x00, 0x00, 0x00, 0x00, 0x00, 0x00, 0x00, 0x00, 0x00, 0x00, 0x00, 0x00, 0x00, 0x00, 0x00,
0x00, 0x00, 0x00, 0x00, 0x00, 0x00, 0x00, 0x00, 0x00, 0x00, 0x00, 0x00, 0x00, 0x00, 0x00, 0x00,
0x00, 0x00, 0x00, 0x00, 0x00, 0x00, 0x00, 0x00, 0x00, 0x00, 0x00, 0x00, 0x00, 0x00, 0x00, 0x00,
0x00, 0x00, 0x00, 0x00, 0x00, 0x00, 0x00, 0x00, 0x00, 0x00, 0x00, 0x00, 0x00, 0x00, 0x00, 0x00,
0x00, 0x00, 0x00, 0x00, 0x00, 0x00, 0x00, 0x00, 0x00, 0x00, 0x00, 0x00, 0x00, 0x00, 0x00, 0x00,
0x00, 0x00, 0x00, 0x00, 0x00, 0x00, 0x00, 0x00, 0x00, 0x00, 0x00, 0x00, 0x00, 0x00, 0x00, 0x00,
0x00, 0x00, 0x00, 0x00, 0x00, 0x00, 0x00, 0x00, 0x00, 0x00, 0x00, 0x00, 0x00, 0x00, 0x00, 0x00,
0x00, 0x00, 0x00, 0x00, 0x00, 0x00, 0x00, 0x00, 0x00, 0x00, 0x00, 0x00, 0x00, 0x00, 0x00, 0x00,
0x00, 0x00, 0x00, 0x00, 0x00, 0x00, 0x00, 0x08, 0x00, 0x00, 0x00, 0x00, 0x00, 0x00, 0x00, 0x00,
0x00, 0x00, 0x00, 0x00, 0x00, 0x00, 0x00, 0x00, 0x00, 0x00, 0x00, 0x00, 0x00, 0x00, 0x00, 0x00,
0x00, 0x00, 0x00, 0x00, 0x00, 0x00, 0x00, 0x00, 0x00, 0x00, 0x00, 0x00, 0x00, 0x00, 0x00, 0x00,
0x00, 0x00, 0x00, 0x00, 0x00, 0x00, 0x00, 0x00, 0x00, 0x00, 0x00, 0x00, 0x00, 0x00, 0x00, 0x00,
0x00, 0x00, 0x00, 0x00, 0x00, 0x00, 0x00, 0x00, 0x00, 0x00, 0x00, 0x00, 0x00, 0x00, 0x00, 0x00,
0x00, 0x00, 0x00, 0x00, 0x00, 0x00, 0x00, 0x00, 0x00, 0x00, 0x00, 0x00, 0x00, 0x00, 0x00, 0x00,
0x00, 0x00, 0x00, 0x00, 0x00, 0x00, 0x00, 0x00, 0x00, 0x00, 0x00, 0x00, 0x00, 0x00, 0x00, 0x00,
0x00, 0x00, 0x00, 0x00, 0x00, 0x00, 0x00, 0x00, 0x00, 0x00, 0x00, 0x00, 0x00, 0x00, 0x00, 0x00,
0x00, 0x00, 0x00, 0x00, 0x00, 0x00, 0x00, 0x00, 0x00, 0x00, 0x00, 0x00, 0x00, 0x00, 0x00, 0x00,
0x00, 0x00, 0x00, 0x00, 0x00, 0x00, 0x00, 0x00, 0x00, 0x00, 0x00, 0x00, 0x00, 0x00, 0x00, 0x00,
0x00, 0x00, 0x00, 0x00, 0x00, 0x00, 0x00, 0x00, 0x00, 0x00, 0x00, 0x00, 0x00, 0x00, 0x00, 0x00,
0x00, 0x00, 0x00, 0x89, 0x1B, 0x1E, 0x1E, 0xD4, 0x00, 0x00, 0x00, 0xB4, 0x2A, 0x34, 0x31, 0xFE,
0x39, 0x41, 0x40, 0xE9, 0x33, 0x39, 0x38, 0xE9, 0x79, 0x8E, 0x8A, 0xFF, 0x9B, 0xAD, 0xA8, 0xFF,
0x00, 0x00, 0x00, 0xB9, 0x28, 0x32, 0x2F, 0xFC, 0x00, 0x00, 0x00, 0xB8, 0x30, 0x3C, 0x39, 0xFC,
0x39, 0x4F, 0x4B, 0xFF, 0x6A, 0x7C, 0x77, 0xFF, 0x46, 0x5E, 0x59, 0xFF, 0x33, 0x4E, 0x46, 0xFF,
0x2C, 0x33, 0x2F, 0xE8, 0x27, 0x2F, 0x29, 0xE8, 0x88, 0x99, 0x8D, 0xFF, 0x72, 0x86, 0x75, 0xFF,
0x22, 0x29, 0x25, 0xE8, 0x20, 0x28, 0x23, 0xE8, 0x64, 0x78, 0x67, 0xFF, 0x60, 0x75, 0x65, 0xFF,
0x88, 0x96, 0x8A, 0xFF, 0x76, 0x86, 0x73, 0xFF, 0x9D, 0xB2, 0xB6, 0xFF, 0xC5, 0xD4, 0xD6, 0xFF,
0x65, 0x75, 0x61, 0xFF, 0x5B, 0x6C, 0x5A, 0xFF, 0xB8, 0xC8, 0xCE, 0xFF, 0xAD, 0xC1, 0xCA, 0xFF,
0x00, 0x00, 0x00, 0xB5, 0x2E, 0x3C, 0x38, 0xFB, 0x00, 0x00, 0x00, 0xA1, 0x24, 0x35, 0x33, 0xF5,
0x4D, 0x6C, 0x63, 0xFF, 0x3D, 0x61, 0x5B, 0xFF, 0x49, 0x71, 0x6F, 0xFF, 0x3E, 0x67, 0x69, 0xFF,
0x00, 0x00, 0x00, 0x7C, 0x17, 0x23, 0x24, 0xE4, 0x00, 0x00, 0x00, 0x56, 0x06, 0x0A, 0x0A, 0xC6,
0x46, 0x76, 0x7E, 0xFF, 0x3D, 0x6F, 0x75, 0xFF, 0x42, 0x73, 0x7C, 0xFF, 0x44, 0x7E, 0x87, 0xFF,
0xB0, 0xC8, 0xDB, 0xFF, 0xE8, 0xF7, 0xFF, 0xFF, 0xAE, 0xC7, 0xD3, 0xFF, 0xDD, 0xF1, 0xFF, 0xFF,
0xE2, 0xF3, 0xFF, 0xFF, 0xDF, 0xF2, 0xFF, 0xFF, 0xE4, 0xF2, 0xFF, 0xFF, 0xE0, 0xF0, 0xFF, 0xFF,
0x98, 0xB7, 0xBD, 0xFF, 0xE6, 0xF4, 0xFF, 0xFF, 0x66, 0x96, 0x9E, 0xFF, 0xE6, 0xF1, 0xF9, 0xFF,
0xDF, 0xEF, 0xFE, 0xFF, 0xE1, 0xF1, 0xFE, 0xFF, 0xE2, 0xF1, 0xFF, 0xFF, 0xE9, 0xF4, 0xFF, 0xFF,
0x1D, 0x25, 0x21, 0xE8, 0x1E, 0x25, 0x23, 0xE7, 0x57, 0x6D, 0x62, 0xFF, 0x57, 0x66, 0x5F, 0xFF,
0x1E, 0x22, 0x20, 0xE8, 0x1F, 0x26, 0x23, 0xE7, 0x56, 0x63, 0x57, 0xFF, 0x75, 0xB0, 0xC0, 0xFF,
0x56, 0x65, 0x58, 0xFF, 0x57, 0x64, 0x59, 0xFF, 0xA9, 0xBA, 0xC5, 0xFF, 0x94, 0xC3, 0xD6, 0xFF,
0x76, 0xAD, 0xBD, 0xFF, 0x80, 0xE0, 0xFF, 0xFF, 0x7A, 0xDA, 0xFF, 0xFF, 0x80, 0xDA, 0xFF, 0xFF,
0x0D, 0x15, 0x1A, 0xBF, 0x00, 0x00, 0x00, 0x60, 0x2A, 0x4C, 0x5C, 0xE8, 0x00, 0x00, 0x00, 0x7C,
0x00, 0x00, 0x00, 0x1A, 0x00, 0x00, 0x00, 0x00, 0x00, 0x00, 0x00, 0x22, 0x00, 0x00, 0x00, 0x00,
0x24, 0x46, 0x55, 0xE9, 0x00, 0x00, 0x00, 0x81, 0x27, 0x47, 0x55, 0xE7, 0x00, 0x00, 0x00, 0x7F,
0x00, 0x00, 0x00, 0x24, 0x00, 0x00, 0x00, 0x00, 0x00, 0x00, 0x00, 0x23, 0x00, 0x00, 0x00, 0x00,
0xE0, 0xF0, 0xFF, 0xFF, 0xBB, 0xE5, 0xFF, 0xFF, 0xE0, 0xEE, 0xFD, 0xFF, 0xC6, 0xE5, 0xFB, 0xFF,
0x8C, 0xDC, 0xFD, 0xFF, 0x97, 0xE2, 0xFE, 0xFF, 0xA7, 0xE1, 0xFB, 0xFF, 0xC2, 0xF3, 0xFF, 0xFF,
0xE3, 0xF1, 0xFD, 0xFF, 0xD9, 0xEE, 0xFA, 0xFF, 0xEA, 0xF5, 0xFD, 0xFF, 0xE1, 0xF0, 0xFD, 0xFF,
0xBF, 0xE7, 0xFA, 0xFF, 0xD7, 0xF1, 0xFD, 0xFF, 0xD6, 0xEB, 0xF9, 0xFF, 0xD6, 0xE7, 0xEE, 0xFF,
0x2F, 0x44, 0x4D, 0xE9, 0x00, 0x00, 0x00, 0x85, 0x62, 0x73, 0x7C, 0xF3, 0x00, 0x00, 0x00, 0xA2,
0x00, 0x00, 0x00, 0x26, 0x00, 0x00, 0x00, 0x00, 0x00, 0x00, 0x00, 0x49, 0x00, 0x00, 0x00, 0x23,
0xC7, 0xD7, 0xDE, 0xFE, 0x26, 0x28, 0x2A, 0xDA, 0xDC, 0xE9, 0xEA, 0xFF, 0xAA, 0xB5, 0xB3, 0xFF,
0x00, 0x00, 0x00, 0x9E, 0x00, 0x00, 0x00, 0x7C, 0x4D, 0x53, 0x51, 0xF2, 0x28, 0x2A, 0x29, 0xE3,
0x00, 0x00, 0x00, 0x37, 0x00, 0x00, 0x00, 0x9A, 0x00, 0x00, 0x00, 0x1E, 0x00, 0x00, 0x00, 0x69,
0x2B, 0x4A, 0x52, 0xF7, 0x4E, 0x8D, 0x9B, 0xFF, 0x0A, 0x0E, 0x0F, 0xD2, 0x47, 0x83, 0x90, 0xFF,
0x00, 0x00, 0x00, 0x0C, 0x00, 0x00, 0x00, 0x39, 0x00, 0x00, 0x00, 0x00, 0x00, 0x00, 0x00, 0x18,
0x00, 0x00, 0x00, 0x93, 0x1C, 0x30, 0x35, 0xEE, 0x00, 0x00, 0x00, 0x4F, 0x00, 0x00, 0x00, 0xA4,
0x40, 0x87, 0x97, 0xFF, 0x94, 0xC1, 0xD2, 0xFF, 0x4A, 0x95, 0xAE, 0xFF, 0x48, 0x9B, 0xB6, 0xFF,
0xE8, 0xF4, 0xFF, 0xFF, 0xEB, 0xF5, 0xFE, 0xFF, 0x9A, 0xCC, 0xE0, 0xFF, 0xE1, 0xF0, 0xFD, 0xFF,
0x51, 0x95, 0xAA, 0xFF, 0x4D, 0xA4, 0xC2, 0xFF, 0x1E, 0x35, 0x3A, 0xEF, 0x54, 0xA1, 0xBB, 0xFF,
0x4D, 0xAA, 0xC9, 0xFF, 0x84, 0xCB, 0xE5, 0xFF, 0x64, 0xC3, 0xE0, 0xFF, 0x62, 0xC6, 0xE2, 0xFF,
0x00, 0x00, 0x00, 0x00, 0x00, 0x00, 0x00, 0x03, 0x00, 0x00, 0x00, 0x00, 0x00, 0x00, 0x00, 0x00,
0x00, 0x00, 0x00, 0x1C, 0x00, 0x00, 0x00, 0x51, 0x00, 0x00, 0x00, 0x03, 0x00, 0x00, 0x00, 0x1A,
0x00, 0x00, 0x00, 0x00, 0x00, 0x00, 0x00, 0x00, 0x00, 0x00, 0x00, 0x00, 0x00, 0x00, 0x00, 0x00,
0x00, 0x00, 0x00, 0x00, 0x00, 0x00, 0x00, 0x00, 0x00, 0x00, 0x00, 0x00, 0x00, 0x00, 0x00, 0x05,
0x00, 0x00, 0x00, 0x9E, 0x13, 0x1E, 0x20, 0xE0, 0x00, 0x00, 0x00, 0x44, 0x00, 0x00, 0x00, 0x82,
0x4C, 0x83, 0x92, 0xFE, 0x73, 0xD1, 0xED, 0xFF, 0x00, 0x00, 0x00, 0xC0, 0x20, 0x34, 0x3A, 0xEB,
0x00, 0x00, 0x00, 0x1D, 0x00, 0x00, 0x00, 0x4D, 0x00, 0x00, 0x00, 0x2C, 0x00, 0x00, 0x00, 0x72,
0x00, 0x00, 0x00, 0x81, 0x00, 0x00, 0x00, 0x9F, 0x01, 0x00, 0x00, 0x97, 0x00, 0x00, 0x00, 0x78,
0xE8, 0xF4, 0xFC, 0xFF, 0xE3, 0xF0, 0xFD, 0xFF, 0xEA, 0xF3, 0xFE, 0xFF, 0xE6, 0xF2, 0xFC, 0xFF,
0xDF, 0xEF, 0xFF, 0xFF, 0xD1, 0xE1, 0xE8, 0xFF, 0xE4, 0xF1, 0xFD, 0xFF, 0xE6, 0xF3, 0xFD, 0xFF,
0xC7, 0xE8, 0xF7, 0xFF, 0xEA, 0xF5, 0xFD, 0xFF, 0x6D, 0xCC, 0xED, 0xFF, 0x8E, 0xDF, 0xF6, 0xFF,
0xE3, 0xEE, 0xFE, 0xFF, 0xE9, 0xF1, 0xFE, 0xFF, 0xA6, 0xE5, 0xFA, 0xFF, 0xBA, 0xE6, 0xFC, 0xFF,
0xBB, 0xC7, 0xC2, 0xFF, 0xA7, 0xB3, 0xA5, 0xFF, 0xC5, 0xD6, 0xDC, 0xFF, 0x97, 0xA5, 0x9F, 0xFF,
0x8A, 0x97, 0x8C, 0xFF, 0x78, 0x85, 0x7A, 0xFF, 0x7E, 0x89, 0x7F, 0xFF, 0x72, 0x7B, 0x70, 0xFF,
0xEA, 0xF5, 0xFF, 0xFF, 0xE0, 0xEC, 0xF5, 0xFF, 0xCA, 0xEA, 0xFD, 0xFF, 0xD5, 0xED, 0xFD, 0xFF,
0xCA, 0xD7, 0xDE, 0xFF, 0xB4, 0xC1, 0xC4, 0xFF, 0xDD, 0xF3, 0xFF, 0xFF, 0xE0, 0xF5, 0xFF, 0xFF,
0x7D, 0xE7, 0xFF, 0xFF, 0x80, 0xE9, 0xFF, 0xFF, 0x4E, 0x87, 0x92, 0xFD, 0x65, 0xB3, 0xC4, 0xFF,
0x7A, 0xE1, 0xFC, 0xFF, 0x75, 0xDB, 0xFD, 0xFF, 0x78, 0xDA, 0xF5, 0xFF, 0x7F, 0xE4, 0xFF, 0xFF,
0x00, 0x00, 0x00, 0xB6, 0x03, 0x04, 0x05, 0xCF, 0x00, 0x00, 0x00, 0x58, 0x00, 0x00, 0x00, 0x60,
0x10, 0x1F, 0x23, 0xE4, 0x26, 0x45, 0x4C, 0xF3, 0x00, 0x00, 0x00, 0x7B, 0x00, 0x00, 0x00, 0x92,
0x7E, 0xDB, 0xFB, 0xFF, 0x81, 0xD7, 0xF7, 0xFF, 0x86, 0xE8, 0xFF, 0xFF, 0x85, 0xE6, 0xFF, 0xFF,
0x7F, 0xD5, 0xF6, 0xFF, 0x7E, 0xD1, 0xF5, 0xFF, 0x88, 0xE2, 0xFF, 0xFF, 0x89, 0xE2, 0xFF, 0xFF,
0x3E, 0x6A, 0x79, 0xF9, 0x4E, 0x7F, 0x92, 0xFC, 0x00, 0x00, 0x00, 0xA3, 0x00, 0x00, 0x00, 0xAC,
0x61, 0x92, 0xA6, 0xFF, 0x62, 0x94, 0xA4, 0xFF, 0x00, 0x00, 0x00, 0xB3, 0x00, 0x00, 0x00, 0xB7,
0x00, 0x00, 0x00, 0x00, 0x00, 0x00, 0x00, 0x00, 0x00, 0x00, 0x00, 0x00, 0x00, 0x00, 0x00, 0x00,
0x00, 0x00, 0x00, 0x00, 0x00, 0x00, 0x00, 0x00, 0x00, 0x00, 0x00, 0x00, 0x00, 0x00, 0x00, 0x00,
0x00, 0x00, 0x00, 0x00, 0x00, 0x00, 0x00, 0x00, 0x00, 0x00, 0x00, 0x00, 0x00, 0x00, 0x00, 0x00,
0x00, 0x00, 0x00, 0x00, 0x00, 0x00, 0x00, 0x00, 0x00, 0x00, 0x00, 0x00, 0x00, 0x00, 0x00, 0x00,
0x00, 0x00, 0x00, 0x00, 0x00, 0x00, 0x00, 0x00, 0x00, 0x00, 0x00, 0x00, 0x00, 0x00, 0x00, 0x00,
0x00, 0x00, 0x00, 0x00, 0x00, 0x00, 0x00, 0x00, 0x00, 0x00, 0x00, 0x00, 0x00, 0x00, 0x00, 0x00,
0x00, 0x00, 0x00, 0x00, 0x00, 0x00, 0x00, 0x00, 0x00, 0x00, 0x00, 0x00, 0x00, 0x00, 0x00, 0x00,
0x00, 0x00, 0x00, 0x00, 0x00, 0x00, 0x00, 0x00, 0x00, 0x00, 0x00, 0x00, 0x00, 0x00, 0x00, 0x00,
0x00, 0x00, 0x00, 0x00, 0x00, 0x00, 0x00, 0x00, 0x00, 0x00, 0x00, 0x00, 0x00, 0x00, 0x00, 0x00,
0x00, 0x00, 0x00, 0x00, 0x00, 0x00, 0x00, 0x00, 0x00, 0x00, 0x00, 0x00, 0x00, 0x00, 0x00, 0x00,
0x00, 0x00, 0x00, 0x00, 0x00, 0x00, 0x00, 0x00, 0x00, 0x00, 0x00, 0x00, 0x00, 0x00, 0x00, 0x00,
0x00, 0x00, 0x00, 0x00, 0x00, 0x00, 0x00, 0x00, 0x00, 0x00, 0x00, 0x00, 0x00, 0x00, 0x00, 0x00,
0x00, 0x00, 0x00, 0x00, 0x00, 0x00, 0x00, 0x00, 0x00, 0x00, 0x00, 0x00, 0x00, 0x00, 0x00, 0x00,
0x00, 0x00, 0x00, 0x00, 0x00, 0x00, 0x00, 0x00, 0x00, 0x00, 0x00, 0x00, 0x00, 0x00, 0x00, 0x00,
0x00, 0x00, 0x00, 0x00, 0x00, 0x00, 0x00, 0x00, 0x00, 0x00, 0x00, 0x00, 0x00, 0x00, 0x00, 0x00,
0x00, 0x00, 0x00, 0x00, 0x00, 0x00, 0x00, 0x00, 0x00, 0x00, 0x00, 0x00, 0x00, 0x00, 0x00, 0x00,
0x00, 0x00, 0x00, 0x00, 0x00, 0x00, 0x00, 0x00, 0x00, 0x00, 0x00, 0x00, 0x00, 0x00, 0x00, 0x00,
0x00, 0x00, 0x00, 0x00, 0x00, 0x00, 0x00, 0x00, 0x00, 0x00, 0x00, 0x00, 0x00, 0x00, 0x00, 0x00,
0x00, 0x00, 0x00, 0x00, 0x00, 0x00, 0x00, 0x00, 0x00, 0x00, 0x00, 0x00, 0x00, 0x00, 0x00, 0x00,
0x00, 0x00, 0x00, 0x00, 0x00, 0x00, 0x00, 0x00, 0x00, 0x00, 0x00, 0x00, 0x00, 0x00, 0x00, 0x00,
0x00, 0x00, 0x00, 0x00, 0x00, 0x00, 0x00, 0x00, 0x00, 0x00, 0x00, 0x00, 0x00, 0x00, 0x00, 0x00,
0x00, 0x00, 0x00, 0x00, 0x00, 0x00, 0x00, 0x00, 0x00, 0x00, 0x00, 0x00, 0x00, 0x00, 0x00, 0x00,
0x00, 0x00, 0x00, 0x00, 0x00, 0x00, 0x00, 0x00, 0x00, 0x00, 0x00, 0x00, 0x00, 0x00, 0x00, 0x00,
0x00, 0x00, 0x00, 0x02, 0x00, 0x00, 0x00, 0x15, 0x00, 0x00, 0x00, 0x08, 0x00, 0x00, 0x00, 0x2F,
0x00, 0x00, 0x00, 0x00, 0x00, 0x00, 0x00, 0x00, 0x00, 0x00, 0x00, 0x00, 0x00, 0x00, 0x00, 0x00,
0x00, 0x00, 0x00, 0x00, 0x00, 0x00, 0x00, 0x00, 0x00, 0x00, 0x00, 0x00, 0x00, 0x00, 0x00, 0x00,
0x00, 0x00, 0x00, 0x00, 0x00, 0x00, 0x00, 0x00, 0x00, 0x00, 0x00, 0x00, 0x00, 0x00, 0x00, 0x00,
0x00, 0x00, 0x00, 0x00, 0x00, 0x00, 0x00, 0x00, 0x00, 0x00, 0x00, 0x00, 0x00, 0x00, 0x00, 0x00,
0x00, 0x00, 0x00, 0x00, 0x00, 0x00, 0x00, 0x00, 0x00, 0x00, 0x00, 0x00, 0x00, 0x00, 0x00, 0x00,
0x00, 0x00, 0x00, 0x09, 0x00, 0x00, 0x00, 0x39, 0x00, 0x00, 0x00, 0x03, 0x00, 0x00, 0x00, 0x22,
0x00, 0x00, 0x00, 0x00, 0x00, 0x00, 0x00, 0x00, 0x00, 0x00, 0x00, 0x00, 0x00, 0x00, 0x00, 0x00,
0x00, 0x00, 0x00, 0x00, 0x00, 0x00, 0x00, 0x0A, 0x00, 0x00, 0x00, 0x00, 0x00, 0x00, 0x00, 0x00,
0x00, 0x00, 0x00, 0x00, 0x00, 0x00, 0x00, 0x00, 0x00, 0x00, 0x00, 0x00, 0x00, 0x00, 0x00, 0x00,
0x00, 0x00, 0x00, 0x00, 0x00, 0x00, 0x00, 0x00, 0x00, 0x00, 0x00, 0x00, 0x00, 0x00, 0x00, 0x00,
0x00, 0x00, 0x00, 0x00, 0x00, 0x00, 0x00, 0x00, 0x00, 0x00, 0x00, 0x00, 0x00, 0x00, 0x00, 0x00,
0x00, 0x00, 0x00, 0x00, 0x00, 0x00, 0x00, 0x00, 0x00, 0x00, 0x00, 0x00, 0x00, 0x00, 0x00, 0x00,
0x00, 0x00, 0x00, 0x00, 0x00, 0x00, 0x00, 0x00, 0x00, 0x00, 0x00, 0x00, 0x00, 0x00, 0x00, 0x00,
0x00, 0x00, 0x00, 0x00, 0x00, 0x00, 0x00, 0x00, 0x00, 0x00, 0x00, 0x00, 0x00, 0x00, 0x00, 0x00,
0x00, 0x00, 0x00, 0x00, 0x00, 0x00, 0x00, 0x00, 0x00, 0x00, 0x00, 0x00, 0x00, 0x00, 0x00, 0x00,
0x00, 0x00, 0x00, 0x00, 0x00, 0x00, 0x00, 0x00, 0x00, 0x00, 0x00, 0x00, 0x00, 0x00, 0x00, 0x00,
0x00, 0x00, 0x00, 0x00, 0x00, 0x00, 0x00, 0x00, 0x00, 0x00, 0x00, 0x00, 0x00, 0x00, 0x00, 0x00,
0x00, 0x00, 0x00, 0x00, 0x00, 0x00, 0x00, 0x00, 0x00, 0x00, 0x00, 0x00, 0x00, 0x00, 0x00, 0x00,
0x00, 0x00, 0x00, 0x00, 0x00, 0x00, 0x00, 0x00, 0x00, 0x00, 0x00, 0x00, 0x00, 0x00, 0x00, 0x00,
0x00, 0x00, 0x00, 0x00, 0x00, 0x00, 0x00, 0x00, 0x00, 0x00, 0x00, 0x00, 0x00, 0x00, 0x00, 0x00,
0x00, 0x00, 0x00, 0x00, 0x00, 0x00, 0x00, 0x00, 0x00, 0x00, 0x00, 0x00, 0x00, 0x00, 0x00, 0x00,
0x00, 0x00, 0x00, 0x00, 0x00, 0x00, 0x00, 0x00, 0x00, 0x00, 0x00, 0x00, 0x00, 0x00, 0x00, 0x00,
0x00, 0x00, 0x00, 0x00, 0x00, 0x00, 0x00, 0x00, 0x00, 0x00, 0x00, 0x00, 0x00, 0x00, 0x00, 0x00,
0x00, 0x00, 0x00, 0x00, 0x00, 0x00, 0x00, 0x00, 0x00, 0x00, 0x00, 0x00, 0x00, 0x00, 0x00, 0x00,
0x00, 0x00, 0x00, 0x00, 0x00, 0x00, 0x00, 0x00, 0x00, 0x00, 0x00, 0x00, 0x00, 0x00, 0x00, 0x00,
0x00, 0x00, 0x00, 0x00, 0x00, 0x00, 0x00, 0x00, 0x00, 0x00, 0x00, 0x00, 0x00, 0x00, 0x00, 0x00,
0x00, 0x00, 0x00, 0x00, 0x00, 0x00, 0x00, 0x00, 0x00, 0x00, 0x00, 0x00, 0x00, 0x00, 0x00, 0x00,
0x00, 0x00, 0x00, 0x00, 0x00, 0x00, 0x00, 0x00, 0x00, 0x00, 0x00, 0x00, 0x00, 0x00, 0x00, 0x00,
0x00, 0x00, 0x00, 0x00, 0x00, 0x00, 0x00, 0x00, 0x00, 0x00, 0x00, 0x00, 0x00, 0x00, 0x00, 0x00,
0x00, 0x00, 0x00, 0x00, 0x00, 0x00, 0x00, 0x00, 0x00, 0x00, 0x00, 0x00, 0x00, 0x00, 0x00, 0x00,
0x00, 0x00, 0x00, 0x00, 0x00, 0x00, 0x00, 0x00, 0x00, 0x00, 0x00, 0x00, 0x00, 0x00, 0x00, 0x00,
0x00, 0x00, 0x00, 0x00, 0x00, 0x00, 0x00, 0x00, 0x00, 0x00, 0x00, 0x00, 0x00, 0x00, 0x00, 0x00,
0x00, 0x00, 0x00, 0x00, 0x00, 0x00, 0x00, 0x00, 0x00, 0x00, 0x00, 0x00, 0x00, 0x00, 0x00, 0x00,
0x00, 0x00, 0x00, 0x00, 0x00, 0x00, 0x00, 0x00, 0x00, 0x00, 0x00, 0x00, 0x00, 0x00, 0x00, 0x00,
0x00, 0x00, 0x00, 0x00, 0x00, 0x00, 0x00, 0x00, 0x00, 0x00, 0x00, 0x00, 0x00, 0x00, 0x00, 0x00,
0x00, 0x00, 0x00, 0x00, 0x00, 0x00, 0x00, 0x00, 0x00, 0x00, 0x00, 0x00, 0x00, 0x00, 0x00, 0x00,
0x00, 0x00, 0x00, 0x00, 0x00, 0x00, 0x00, 0x00, 0x00, 0x00, 0x00, 0x00, 0x00, 0x00, 0x00, 0x00,
0x00, 0x00, 0x00, 0x00, 0x00, 0x00, 0x00, 0x00, 0x00, 0x00, 0x00, 0x00, 0x00, 0x00, 0x00, 0x00,
0x00, 0x00, 0x00, 0x00, 0x00, 0x00, 0x00, 0x00, 0x00, 0x00, 0x00, 0x00, 0x00, 0x00, 0x00, 0x00,
0x00, 0x00, 0x00, 0x00, 0x00, 0x00, 0x00, 0x00, 0x00, 0x00, 0x00, 0x00, 0x00, 0x00, 0x00, 0x00,
0x00, 0x00, 0x00, 0x00, 0x00, 0x00, 0x00, 0x00, 0x00, 0x00, 0x00, 0x05, 0x00, 0x00, 0x00, 0x0C,
0x00, 0x00, 0x00, 0x00, 0x00, 0x00, 0x00, 0x10, 0x00, 0x00, 0x00, 0x0C, 0x00, 0x00, 0x00, 0x1E,
0x00, 0x00, 0x00, 0x2C, 0x00, 0x00, 0x00, 0x3F, 0x02, 0x03, 0x03, 0x77, 0x0C, 0x16, 0x19, 0xAA,
0x00, 0x00, 0x00, 0x42, 0x00, 0x00, 0x00, 0x56, 0x0C, 0x14, 0x15, 0xB0, 0x05, 0x09, 0x08, 0xBA,
0x00, 0x00, 0x00, 0x4A, 0x02, 0x05, 0x06, 0xB5, 0x00, 0x00, 0x00, 0x68, 0x02, 0x08, 0x0C, 0xD6,
0x08, 0x15, 0x1B, 0xE0, 0x00, 0x00, 0x00, 0x8B, 0x0A, 0x3D, 0x54, 0xFF, 0x00, 0x04, 0x05, 0xB1,
0x00, 0x00, 0x00, 0x9A, 0x06, 0x0F, 0x11, 0xED, 0x09, 0x0E, 0x0E, 0xD9, 0x14, 0x26, 0x27, 0xFC,
0x10, 0x5E, 0x83, 0xFF, 0x05, 0x1A, 0x22, 0xD5, 0x20, 0x73, 0x9D, 0xFF, 0x16, 0x4F, 0x6C, 0xF3,
0x01, 0x01, 0x01, 0x9A, 0x15, 0x24, 0x2C, 0xF0, 0x00, 0x00, 0x00, 0x5D, 0x00, 0x00, 0x00, 0xA6,
0x4A, 0x7A, 0x93, 0xFF, 0x5B, 0x91, 0xA8, 0xFE, 0x0F, 0x16, 0x1C, 0xE5, 0x65, 0x90, 0xA9, 0xFF,
0x00, 0x00, 0x00, 0x1E, 0x00, 0x00, 0x00, 0x4B, 0x00, 0x00, 0x00, 0x00, 0x00, 0x00, 0x00, 0x20,
0x00, 0x00, 0x00, 0x99, 0x00, 0x00, 0x00, 0xE6, 0x00, 0x00, 0x00, 0x6F, 0x06, 0x03, 0x00, 0xD5,
0x47, 0x6D, 0x7A, 0xFF, 0x34, 0x51, 0x54, 0xFF, 0x92, 0xC8, 0xE4, 0xFF, 0x63, 0x82, 0x8C, 0xFF,
0x2B, 0x6E, 0x8B, 0xFF, 0x38, 0x6C, 0x86, 0xFF, 0x55, 0x95, 0xAD, 0xFF, 0x84, 0xC8, 0xDE, 0xFF,
0x45, 0x4D, 0x47, 0xFF, 0x5E, 0x96, 0x9F, 0xFF, 0x4E, 0x6E, 0x6B, 0xFF, 0x49, 0xD6, 0xEC, 0xFF,
0x92, 0xEA, 0xFF, 0xFF, 0x6C, 0xCE, 0xF6, 0xFF, 0x8A, 0xC5, 0xD1, 0xFF, 0xAF, 0xE3, 0xFF, 0xFF,
0x00, 0x00, 0x00, 0x34, 0x00, 0x00, 0x00, 0x18, 0x00, 0x00, 0x00, 0x47, 0x00, 0x00, 0x00, 0x12,
0x00, 0x00, 0x00, 0x23, 0x00, 0x00, 0x00, 0x2F, 0x00, 0x00, 0x00, 0x07, 0x00, 0x00, 0x00, 0x09,
0x00, 0x00, 0x00, 0x7D, 0x00, 0x00, 0x00, 0x4B, 0x00, 0x02, 0x02, 0xCC, 0x04, 0x06, 0x06, 0xB4,
0x00, 0x00, 0x00, 0x42, 0x00, 0x00, 0x00, 0x37, 0x0D, 0x16, 0x1A, 0xB2, 0x09, 0x0F, 0x11, 0x98,
0x00, 0x00, 0x00, 0x37, 0x00, 0x00, 0x00, 0x3F, 0x00, 0x00, 0x00, 0x09, 0x00, 0x00, 0x00, 0x0E,
0x00, 0x00, 0x00, 0x45, 0x00, 0x00, 0x00, 0x48, 0x00, 0x00, 0x00, 0x15, 0x00, 0x00, 0x00, 0x19,
0x00, 0x00, 0x00, 0x1F, 0x00, 0x00, 0x00, 0x15, 0x00, 0x00, 0x00, 0x50, 0x00, 0x00, 0x00, 0x31,
0x00, 0x00, 0x00, 0x2F, 0x00, 0x00, 0x00, 0x47, 0x00, 0x00, 0x00, 0x6C, 0x05, 0x09, 0x0B, 0xAC,
0x47, 0x6E, 0x7A, 0xFE, 0x54, 0x9F, 0xB3, 0xFE, 0x6D, 0xD6, 0xE7, 0xFF, 0x27, 0x67, 0x75, 0xFF,
0x32, 0x67, 0x78, 0xFE, 0x0B, 0x14, 0x16, 0xD0, 0x01, 0x04, 0x05, 0xEA, 0x00, 0x00, 0x00, 0xA4,
0x2A, 0x60, 0x74, 0xFF, 0x00, 0x00, 0x00, 0xFC, 0x37, 0x7A, 0x9D, 0xFF, 0x00, 0x00, 0x00, 0xFD,
0x00, 0x00, 0x00, 0xE0, 0x00, 0x00, 0x00, 0xAA, 0x0F, 0x16, 0x1A, 0xF6, 0x32, 0x52, 0x60, 0xE8,
0x00, 0x00, 0x00, 0x69, 0x00, 0x00, 0x00, 0x4F, 0x00, 0x00, 0x00, 0x61, 0x00, 0x00, 0x00, 0x6C,
0x00, 0x00, 0x00, 0xA0, 0x0C, 0x2B, 0x3A, 0xF7, 0x01, 0x02, 0x01, 0xC8, 0x0C, 0x40, 0x5A, 0xFF,
0x00, 0x00, 0x00, 0x89, 0x00, 0x00, 0x00, 0xA8, 0x28, 0x46, 0x4E, 0xE1, 0x20, 0x33, 0x36, 0xED,
0x05, 0x0D, 0x0C, 0xEB, 0x14, 0x53, 0x6F, 0xFF, 0x24, 0x39, 0x36, 0xFD, 0x22, 0x5D, 0x74, 0xFF,
0x00, 0x00, 0x00, 0x00, 0x00, 0x00, 0x00, 0x26, 0x00, 0x00, 0x00, 0x07, 0x00, 0x00, 0x00, 0x3D,
0x00, 0x00, 0x00, 0x7F, 0x24, 0x33, 0x34, 0xE5, 0x02, 0x05, 0x05, 0xA7, 0x24, 0x50, 0x58, 0xFC,
0x00, 0x00, 0x00, 0x0C, 0x00, 0x00, 0x00, 0x3E, 0x00, 0x00, 0x00, 0x05, 0x00, 0x00, 0x00, 0x26,
0x01, 0x03, 0x03, 0xA0, 0x01, 0x02, 0x03, 0xD1, 0x00, 0x00, 0x00, 0x55, 0x00, 0x00, 0x00, 0x63,
0x57, 0xBA, 0xC7, 0xFF, 0x1F, 0x53, 0x5A, 0xFC, 0x0D, 0x28, 0x2D, 0xF1, 0x00, 0x00, 0x00, 0xBF,
0x09, 0x07, 0x08, 0xF4, 0x73, 0x81, 0x88, 0xFF, 0x00, 0x00, 0x00, 0xAC, 0x00, 0x00, 0x00, 0xD0,
0x00, 0x00, 0x00, 0x9E, 0x00, 0x00, 0x00, 0x5D, 0x00, 0x00, 0x00, 0x41, 0x00, 0x00, 0x00, 0x1C,
0x00, 0x00, 0x00, 0x48, 0x00, 0x00, 0x00, 0x6E, 0x00, 0x00, 0x00, 0x11, 0x00, 0x00, 0x00, 0x25,
0x00, 0x00, 0x00, 0x00, 0x00, 0x00, 0x00, 0x0E, 0x00, 0x00, 0x00, 0x00, 0x00, 0x00, 0x00, 0x00,
0x00, 0x00, 0x00, 0x19, 0x00, 0x00, 0x00, 0x1A, 0x00, 0x00, 0x00, 0x00, 0x00, 0x00, 0x00, 0x00,
0x00, 0x00, 0x00, 0x00, 0x00, 0x00, 0x00, 0x00, 0x00, 0x00, 0x00, 0x00, 0x00, 0x00, 0x00, 0x00,
0x00, 0x00, 0x00, 0x00, 0x00, 0x00, 0x00, 0x00, 0x00, 0x00, 0x00, 0x00, 0x00, 0x00, 0x00, 0x00,
0x00, 0x00, 0x00, 0x11, 0x00, 0x00, 0x00, 0x00, 0x00, 0x00, 0x00, 0x00, 0x00, 0x00, 0x00, 0x00,
0x00, 0x00, 0x00, 0x00, 0x00, 0x00, 0x00, 0x02, 0x00, 0x00, 0x00, 0x00, 0x00, 0x00, 0x00, 0x00,
0x00, 0x00, 0x00, 0x00, 0x00, 0x00, 0x00, 0x00, 0x00, 0x00, 0x00, 0x00, 0x00, 0x00, 0x00, 0x00,
0x00, 0x00, 0x00, 0x00, 0x00, 0x00, 0x00, 0x00, 0x00, 0x00, 0x00, 0x00, 0x00, 0x00, 0x00, 0x00,
0x84, 0xC9, 0xE8, 0xFF, 0x08, 0x1C, 0x24, 0xFB, 0x3A, 0x4E, 0x55, 0xF9, 0x28, 0x43, 0x4E, 0xFB,
0x02, 0x03, 0x05, 0xF6, 0x25, 0x3A, 0x4B, 0xFC, 0x00, 0x00, 0x00, 0xD8, 0x00, 0x00, 0x00, 0xD0,
0x00, 0x00, 0x00, 0xB2, 0x04, 0x05, 0x06, 0xD3, 0x00, 0x00, 0x00, 0x4E, 0x00, 0x00, 0x00, 0x69,
0x00, 0x00, 0x00, 0xA5, 0x00, 0x00, 0x00, 0x96, 0x00, 0x00, 0x00, 0x5C, 0x00, 0x00, 0x00, 0x71,
0x6F, 0xA9, 0xCA, 0xFF, 0x7F, 0xBA, 0xD7, 0xFF, 0x11, 0x16, 0x1A, 0xEE, 0x6A, 0x84, 0x91, 0xFF,
0x56, 0x7A, 0x87, 0xFF, 0x38, 0x67, 0x75, 0xFF, 0x6B, 0x84, 0x86, 0xFF, 0x71, 0xB7, 0xCE, 0xFF,
0x00, 0x00, 0x00, 0xCA, 0x2D, 0x2A, 0x1F, 0xFC, 0x07, 0x03, 0x00, 0xC6, 0x58, 0x8D, 0x8C, 0xFF,
0x4A, 0xA2, 0xAB, 0xFF, 0x88, 0xF4, 0xFF, 0xFF, 0x4C, 0xC6, 0xD3, 0xFF, 0x2D, 0x54, 0x58, 0xFF,
0x00, 0x00, 0x00, 0x14, 0x00, 0x00, 0x00, 0x1B, 0x00, 0x00, 0x00, 0x00, 0x00, 0x00, 0x00, 0x00,
0x00, 0x00, 0x00, 0x2E, 0x00, 0x00, 0x00, 0x74, 0x00, 0x00, 0x00, 0x2D, 0x00, 0x00, 0x00, 0x8D,
0x00, 0x00, 0x00, 0x00, 0x00, 0x00, 0x00, 0x02, 0x00, 0x00, 0x00, 0x00, 0x00, 0x00, 0x00, 0x00,
0x00, 0x00, 0x00, 0x2C, 0x00, 0x00, 0x00, 0x78, 0x00, 0x00, 0x00, 0x17, 0x00, 0x00, 0x00, 0x32,
0x1A, 0x31, 0x35, 0xDC, 0x3C, 0x8E, 0x9A, 0xFF, 0x0D, 0x1D, 0x21, 0xEE, 0x01, 0x05, 0x07, 0xE0,
0x0C, 0x20, 0x23, 0xF3, 0x00, 0x00, 0x00, 0xDF, 0x00, 0x00, 0x00, 0xA4, 0x00, 0x00, 0x00, 0x83,
0x00, 0x00, 0x00, 0xA7, 0x00, 0x00, 0x00, 0x80, 0x00, 0x00, 0x00, 0x38, 0x00, 0x00, 0x00, 0x2B,
0x00, 0x00, 0x00, 0x46, 0x00, 0x00, 0x00, 0x29, 0x00, 0x00, 0x00, 0x13, 0x00, 0x00, 0x00, 0x00,
0x00, 0x00, 0x00, 0x00, 0x00, 0x00, 0x00, 0x0E, 0x00, 0x00, 0x00, 0x00, 0x00, 0x00, 0x00, 0x0E,
0x00, 0x00, 0x00, 0x4A, 0x04, 0x05, 0x05, 0xBB, 0x00, 0x00, 0x00, 0x4A, 0x05, 0x05, 0x05, 0xBA,
0x00, 0x00, 0x00, 0x00, 0x00, 0x00, 0x00, 0x0E, 0x00, 0x00, 0x00, 0x00, 0x00, 0x00, 0x00, 0x0E,
0x00, 0x00, 0x00, 0x4A, 0x05, 0x05, 0x05, 0xBB, 0x00, 0x00, 0x00, 0x4B, 0x05, 0x05, 0x05, 0xBA,
0x53, 0x5F, 0x59, 0xFF, 0x66, 0x70, 0x68, 0xFF, 0x55, 0x5E, 0x59, 0xFF, 0x5C, 0x6B, 0x66, 0xFF,
0x7F, 0x8C, 0x86, 0xFF, 0xD5, 0xEB, 0xFC, 0xFF, 0x78, 0x88, 0x85, 0xFF, 0xDB, 0xEF, 0xFD, 0xFF,
0x53, 0x5D, 0x5A, 0xFF, 0x62, 0x6F, 0x66, 0xFF, 0x57, 0x5E, 0x59, 0xFF, 0x63, 0x6F, 0x66, 0xFF,
0x7B, 0x89, 0x87, 0xFF, 0xDD, 0xF0, 0xFF, 0xFF, 0x7E, 0x8A, 0x88, 0xFF, 0xDD, 0xEE, 0xFD, 0xFF,
0x00, 0x00, 0x00, 0x00, 0x00, 0x00, 0x00, 0x11, 0x00, 0x00, 0x00, 0x1F, 0x00, 0x00, 0x00, 0x31,
0x00, 0x00, 0x00, 0x51, 0x02, 0x03, 0x02, 0xC1, 0x00, 0x00, 0x00, 0x75, 0x0A, 0x0C, 0x0A, 0xD6,
0x00, 0x00, 0x00, 0x76, 0x00, 0x00, 0x00, 0x8A, 0x20, 0x24, 0x21, 0xE0, 0x28, 0x2B, 0x25, 0xEA,
0x01, 0x01, 0x01, 0xBD, 0x35, 0x39, 0x2F, 0xF6, 0x45, 0x48, 0x3C, 0xFA, 0x5B, 0x5F, 0x4A, 0xFF,
0x4D, 0x56, 0x50, 0xFF, 0x5E, 0x6A, 0x5D, 0xFF, 0x59, 0x61, 0x51, 0xFF, 0x5C, 0x61, 0x49, 0xFF,
0x7C, 0x89, 0x83, 0xFF, 0xDC, 0xEE, 0xFE, 0xFF, 0x8A, 0x96, 0x8D, 0xFF, 0xE0, 0xF6, 0xFF, 0xFF,
0x60, 0x65, 0x51, 0xFF, 0x4E, 0x56, 0x42, 0xFF, 0x54, 0x55, 0x3C, 0xFF, 0x68, 0x71, 0x60, 0xFF,
0xA1, 0xB0, 0xB1, 0xFF, 0xE2, 0xF5, 0xFF, 0xFF, 0xD4, 0xE4, 0xEF, 0xFF, 0xE0, 0xF1, 0xFF, 0xFF,
0xD6, 0xEB, 0xFE, 0xFF, 0xD2, 0xE7, 0xFA, 0xFF, 0xE1, 0xF1, 0xFF, 0xFF, 0xD9, 0xED, 0xFD, 0xFF,
0xD8, 0xEB, 0xFC, 0xFF, 0xC0, 0xE2, 0xFA, 0xFF, 0xD8, 0xEB, 0xFE, 0xFF, 0xC1, 0xE3, 0xFC, 0xFF,
0xDD, 0xEE, 0xFF, 0xFF, 0xDB, 0xEE, 0xFE, 0xFF, 0xDE, 0xEF, 0xFF, 0xFF, 0xDB, 0xEC, 0xFE, 0xFF,
0xDB, 0xED, 0xFE, 0xFF, 0xCE, 0xE7, 0xFB, 0xFF, 0xD3, 0xE9, 0xFE, 0xFF, 0xCC, 0xE4, 0xFC, 0xFF,
0x77, 0xD4, 0xF9, 0xFF, 0x6C, 0xD6, 0xFF, 0xFF, 0x71, 0xCD, 0xF9, 0xFF, 0x6F, 0xD6, 0xFE, 0xFF,
0x63, 0xB9, 0xDC, 0xFF, 0x05, 0x09, 0x0A, 0xB2, 0x66, 0xBA, 0xDA, 0xFF, 0x05, 0x09, 0x0A, 0xB2,
0x78, 0xD3, 0xFB, 0xFF, 0x6B, 0xD3, 0xFF, 0xFF, 0x75, 0xD1, 0xF7, 0xFF, 0x69, 0xD2, 0xFF, 0xFF,
0x60, 0xB6, 0xD9, 0xFF, 0x05, 0x0A, 0x0B, 0xB2, 0x5D, 0xB7, 0xDC, 0xFF, 0x05, 0x09, 0x0B, 0xB0,
0xDB, 0xED, 0xFF, 0xFF, 0xDA, 0xEC, 0xFF, 0xFF, 0xDA, 0xEC, 0xFF, 0xFF, 0xDB, 0xEC, 0xFE, 0xFF,
0xD5, 0xE9, 0xFE, 0xFF, 0xC6, 0xE3, 0xFC, 0xFF, 0xD8, 0xE9, 0xFE, 0xFF, 0xBE, 0xE2, 0xFA, 0xFF,
0xD6, 0xEB, 0xFE, 0xFF, 0xD7, 0xEB, 0xFA, 0xFF, 0xD7, 0xEA, 0xFE, 0xFF, 0xD1, 0xE7, 0xFD, 0xFF,
0xD8, 0xEA, 0xFB, 0xFF, 0xA9, 0xDB, 0xF9, 0xFF, 0xCD, 0xE1, 0xFB, 0xFF, 0x72, 0xD0, 0xFB, 0xFF,
0x6E, 0xCC, 0xF5, 0xFF, 0x65, 0xD1, 0xFE, 0xFF, 0x60, 0xC7, 0xF5, 0xFF, 0x5F, 0xD1, 0xFF, 0xFF,
0x56, 0xAF, 0xD5, 0xFF, 0x04, 0x08, 0x09, 0xAF, 0x48, 0x9C, 0xC0, 0xFD, 0x02, 0x03, 0x03, 0xAA,
0x4F, 0xC7, 0xF9, 0xFF, 0x5D, 0xD7, 0xFF, 0xFF, 0x4A, 0xCC, 0xFD, 0xFF, 0x57, 0xD0, 0xFB, 0xFF,
0x38, 0x79, 0x92, 0xF8, 0x00, 0x00, 0x00, 0x9D, 0x1A, 0x33, 0x40, 0xE9, 0x00, 0x00, 0x00, 0x81,
0x70, 0x79, 0x6D, 0xFF, 0x67, 0x6D, 0x5F, 0xFF, 0x69, 0x71, 0x5F, 0xFF, 0x61, 0x67, 0x51, 0xFF,
0x63, 0x66, 0x53, 0xFF, 0x5B, 0x5A, 0x3E, 0xFF, 0x69, 0x6C, 0x57, 0xFF, 0x83, 0x8B, 0x83, 0xFF,
0xA7, 0xB5, 0xB4, 0xFF, 0xB5, 0xC3, 0xC3, 0xFF, 0xDA, 0xF2, 0xFF, 0xFF, 0xD2, 0xED, 0xFF, 0xFF,
0xCF, 0xDF, 0xE5, 0xFF, 0xE1, 0xF3, 0xFF, 0xFF, 0xD3, 0xED, 0xFF, 0xFF, 0xC6, 0xE6, 0xFC, 0xFF,
0x62, 0x66, 0x4F, 0xFF, 0xBD, 0xCF, 0xD1, 0xFF, 0xC2, 0xD6, 0xE0, 0xFF, 0xDC, 0xF2, 0xFF, 0xFF,
0xE7, 0xF7, 0xFF, 0xFF, 0xDB, 0xED, 0xFD, 0xFF, 0xD7, 0xEA, 0xFE, 0xFF, 0xDC, 0xEC, 0xFC, 0xFF,
0xE7, 0xF4, 0xFF, 0xFF, 0xDF, 0xED, 0xFE, 0xFF, 0xBB, 0xE3, 0xFC, 0xFF, 0xA4, 0xDD, 0xFA, 0xFF,
0xD7, 0xEC, 0xFE, 0xFF, 0xBB, 0xE0, 0xFA, 0xFF, 0x80, 0xD4, 0xF7, 0xFF, 0x5D, 0xCB, 0xF8, 0xFF,
0x80, 0xD1, 0xF3, 0xFF, 0x7F, 0xCF, 0xF2, 0xFF, 0x8C, 0xE0, 0xFF, 0xFF, 0x8C, 0xDD, 0xFF, 0xFF,
0x77, 0xCA, 0xF2, 0xFF, 0x75, 0xCB, 0xF4, 0xFF, 0x91, 0xE1, 0xFF, 0xFF, 0x98, 0xE6, 0xFF, 0xFF,
0x68, 0x91, 0xA1, 0xFF, 0x70, 0x98, 0xAB, 0xFF, 0x00, 0x00, 0x00, 0xB7, 0x00, 0x00, 0x00, 0xB4,
0x5F, 0x85, 0x99, 0xFD, 0x56, 0x75, 0x86, 0xFB, 0x00, 0x00, 0x00, 0xAE, 0x00, 0x00, 0x00, 0xA6,
0x7C, 0xD2, 0xF9, 0xFF, 0x80, 0xD9, 0xFF, 0xFF, 0x9C, 0xE5, 0xFF, 0xFF, 0x9B, 0xDC, 0xF9, 0xFF,
0x7B, 0xDC, 0xFF, 0xFF, 0x80, 0xE5, 0xFF, 0xFF, 0x82, 0xBF, 0xD7, 0xFF, 0x5A, 0x90, 0xA0, 0xFF,
0x40, 0x54, 0x5D, 0xF4, 0x22, 0x2B, 0x30, 0xEB, 0x00, 0x00, 0x00, 0x9A, 0x00, 0x00, 0x00, 0x87,
0x0B, 0x0E, 0x0F, 0xD8, 0x00, 0x00, 0x00, 0xBC, 0x00, 0x00, 0x00, 0x6C, 0x00, 0x00, 0x00, 0x51,
0xDB, 0xEC, 0xFE, 0xFF, 0xD8, 0xE8, 0xFD, 0xFF, 0xDD, 0xEA, 0xFB, 0xFF, 0xA4, 0xDB, 0xFA, 0xFF,
0x9C, 0xD8, 0xF8, 0xFF, 0x50, 0xCB, 0xFA, 0xFF, 0x53, 0xCA, 0xF8, 0xFF, 0x50, 0xD0, 0xFE, 0xFF,
0x83, 0xD2, 0xF8, 0xFF, 0x53, 0xCB, 0xF5, 0xFF, 0x5B, 0xCF, 0xFD, 0xFF, 0x6A, 0xDD, 0xFF, 0xFF,
0x58, 0xD3, 0xFD, 0xFF, 0x60, 0xDC, 0xFF, 0xFF, 0x67, 0xD6, 0xF9, 0xFF, 0x34, 0x66, 0x78, 0xF9,
0x52, 0xD7, 0xFF, 0xFF, 0x42, 0x9C, 0xBD, 0xFE, 0x55, 0xD5, 0xFD, 0xFF, 0x14, 0x31, 0x3B, 0xE7,
0x01, 0x03, 0x04, 0xBF, 0x00, 0x00, 0x00, 0x59, 0x00, 0x00, 0x00, 0x84, 0x00, 0x00, 0x00, 0x2E,
0x2E, 0x66, 0x79, 0xF9, 0x00, 0x00, 0x00, 0xAD, 0x00, 0x00, 0x00, 0xBC, 0x00, 0x00, 0x00, 0x64,
0x00, 0x00, 0x00, 0x4C, 0x00, 0x00, 0x00, 0x14, 0x00, 0x00, 0x00, 0x21, 0x00, 0x00, 0x00, 0x02,
0x7D, 0xE0, 0xFF, 0xFF, 0x5D, 0xA7, 0xBF, 0xFF, 0x30, 0x4B, 0x53, 0xF0, 0x04, 0x06, 0x06, 0xCA,
0x1D, 0x32, 0x3B, 0xEB, 0x00, 0x00, 0x00, 0xB3, 0x00, 0x00, 0x00, 0x90, 0x00, 0x00, 0x00, 0x54,
0x00, 0x00, 0x00, 0x92, 0x00, 0x00, 0x00, 0x61, 0x00, 0x00, 0x00, 0x34, 0x00, 0x00, 0x00, 0x1B,
0x00, 0x00, 0x00, 0x36, 0x00, 0x00, 0x00, 0x18, 0x00, 0x00, 0x00, 0x0C, 0x00, 0x00, 0x00, 0x00,
0x00, 0x00, 0x00, 0x67, 0x00, 0x00, 0x00, 0x28, 0x00, 0x00, 0x00, 0x24, 0x00, 0x00, 0x00, 0x09,
0x00, 0x00, 0x00, 0x08, 0x00, 0x00, 0x00, 0x00, 0x00, 0x00, 0x00, 0x00, 0x00, 0x00, 0x00, 0x00,
0x00, 0x00, 0x00, 0x05, 0x00, 0x00, 0x00, 0x00, 0x00, 0x00, 0x00, 0x00, 0x00, 0x00, 0x00, 0x00,
0x00, 0x00, 0x00, 0x00, 0x00, 0x00, 0x00, 0x00, 0x00, 0x00, 0x00, 0x00, 0x00, 0x00, 0x00, 0x00,
0x00, 0x00, 0x00, 0x42, 0x00, 0x00, 0x00, 0x0A, 0x00, 0x00, 0x00, 0x42, 0x00, 0x00, 0x00, 0x09,
0x00, 0x00, 0x00, 0x00, 0x00, 0x00, 0x00, 0x00, 0x00, 0x00, 0x00, 0x00, 0x00, 0x00, 0x00, 0x00,
0x00, 0x00, 0x00, 0x42, 0x00, 0x00, 0x00, 0x09, 0x00, 0x00, 0x00, 0x42, 0x00, 0x00, 0x00, 0x0A,
0x00, 0x00, 0x00, 0x00, 0x00, 0x00, 0x00, 0x00, 0x00, 0x00, 0x00, 0x00, 0x00, 0x00, 0x00, 0x00,
0x00, 0x00, 0x00, 0x00, 0x00, 0x00, 0x00, 0x00, 0x00, 0x00, 0x00, 0x00, 0x00, 0x00, 0x00, 0x00,
0x00, 0x00, 0x00, 0x00, 0x00, 0x00, 0x00, 0x00, 0x00, 0x00, 0x00, 0x00, 0x00, 0x00, 0x00, 0x00,
0x00, 0x00, 0x00, 0x00, 0x00, 0x00, 0x00, 0x00, 0x00, 0x00, 0x00, 0x00, 0x00, 0x00, 0x00, 0x00,
0x00, 0x00, 0x00, 0x00, 0x00, 0x00, 0x00, 0x00, 0x00, 0x00, 0x00, 0x00, 0x00, 0x00, 0x00, 0x00,
0x00, 0x00, 0x00, 0x41, 0x00, 0x00, 0x00, 0x09, 0x00, 0x00, 0x00, 0x3D, 0x00, 0x00, 0x00, 0x09,
0x00, 0x00, 0x00, 0x00, 0x00, 0x00, 0x00, 0x00, 0x00, 0x00, 0x00, 0x00, 0x00, 0x00, 0x00, 0x00,
0x00, 0x00, 0x00, 0x34, 0x00, 0x00, 0x00, 0x05, 0x00, 0x00, 0x00, 0x26, 0x00, 0x00, 0x00, 0x00,
0x00, 0x00, 0x00, 0x00, 0x00, 0x00, 0x00, 0x00, 0x00, 0x00, 0x00, 0x00, 0x00, 0x00, 0x00, 0x00,
0x00, 0x00, 0x00, 0x00, 0x00, 0x00, 0x00, 0x00, 0x00, 0x00, 0x00, 0x00, 0x00, 0x00, 0x00, 0x00,
0x00, 0x00, 0x00, 0x00, 0x00, 0x00, 0x00, 0x00, 0x00, 0x00, 0x00, 0x00, 0x00, 0x00, 0x00, 0x00,
0x00, 0x00, 0x00, 0x00, 0x00, 0x00, 0x00, 0x00, 0x00, 0x00, 0x00, 0x00, 0x00, 0x00, 0x00, 0x00,
0x00, 0x00, 0x00, 0x00, 0x00, 0x00, 0x00, 0x00, 0x00, 0x00, 0x00, 0x00, 0x00, 0x00, 0x00, 0x00,
0x00, 0x00, 0x00, 0x00, 0x00, 0x00, 0x00, 0x00, 0x00, 0x00, 0x00, 0x00, 0x00, 0x00, 0x00, 0x00,
0x00, 0x00, 0x00, 0x00, 0x00, 0x00, 0x00, 0x00, 0x00, 0x00, 0x00, 0x00, 0x00, 0x00, 0x00, 0x00,
0x00, 0x00, 0x00, 0x00, 0x00, 0x00, 0x00, 0x00, 0x00, 0x00, 0x00, 0x00, 0x00, 0x00, 0x00, 0x00,
0x00, 0x00, 0x00, 0x00, 0x00, 0x00, 0x00, 0x00, 0x00, 0x00, 0x00, 0x00, 0x00, 0x00, 0x00, 0x00,
0x00, 0x00, 0x00, 0x00, 0x00, 0x00, 0x00, 0x00, 0x00, 0x00, 0x00, 0x00, 0x00, 0x00, 0x00, 0x00,
0x00, 0x00, 0x00, 0x00, 0x00, 0x00, 0x00, 0x00, 0x00, 0x00, 0x00, 0x00, 0x00, 0x00, 0x00, 0x00,
0x00, 0x00, 0x00, 0x00, 0x00, 0x00, 0x00, 0x00, 0x00, 0x00, 0x00, 0x00, 0x00, 0x00, 0x00, 0x00,
0x00, 0x00, 0x00, 0x00, 0x00, 0x00, 0x00, 0x00, 0x00, 0x00, 0x00, 0x00, 0x00, 0x00, 0x00, 0x00,
0x00, 0x00, 0x00, 0x00, 0x00, 0x00, 0x00, 0x00, 0x00, 0x00, 0x00, 0x00, 0x00, 0x00, 0x00, 0x00,
0x00, 0x00, 0x00, 0x00, 0x00, 0x00, 0x00, 0x00, 0x00, 0x00, 0x00, 0x00, 0x00, 0x00, 0x00, 0x00,
0x00, 0x00, 0x00, 0x00, 0x00, 0x00, 0x00, 0x00, 0x00, 0x00, 0x00, 0x00, 0x00, 0x00, 0x00, 0x00,
0x00, 0x00, 0x00, 0x00, 0x00, 0x00, 0x00, 0x00, 0x00, 0x00, 0x00, 0x00, 0x00, 0x00, 0x00, 0x00,
0x00, 0x00, 0x00, 0x00, 0x00, 0x00, 0x00, 0x00, 0x00, 0x00, 0x00, 0x00, 0x00, 0x00, 0x00, 0x00,
0x00, 0x00, 0x00, 0x00, 0x00, 0x00, 0x00, 0x00, 0x00, 0x00, 0x00, 0x00, 0x00, 0x00, 0x00, 0x00,
0x00, 0x00, 0x00, 0x00, 0x00, 0x00, 0x00, 0x00, 0x00, 0x00, 0x00, 0x00, 0x00, 0x00, 0x00, 0x00,
0x00, 0x00, 0x00, 0x00, 0x00, 0x00, 0x00, 0x00, 0x00, 0x00, 0x00, 0x00, 0x00, 0x00, 0x00, 0x00,
0x00, 0x00, 0x00, 0x17, 0x00, 0x00, 0x00, 0x00, 0x00, 0x00, 0x00, 0x07, 0x00, 0x00, 0x00, 0x00,
0x00, 0x00, 0x00, 0x00, 0x00, 0x00, 0x00, 0x00, 0x00, 0x00, 0x00, 0x00, 0x00, 0x00, 0x00, 0x00,
0x00, 0x00, 0x00, 0x00, 0x00, 0x00, 0x00, 0x00, 0x00, 0x00, 0x00, 0x00, 0x00, 0x00, 0x00, 0x00,
0x00, 0x00, 0x00, 0x00, 0x00, 0x00, 0x00, 0x00, 0x00, 0x00, 0x00, 0x00, 0x00, 0x00, 0x00, 0x00,
0x00, 0x00, 0x00, 0x00, 0x00, 0x00, 0x00, 0x00, 0x00, 0x00, 0x00, 0x00, 0x00, 0x00, 0x00, 0x00,
0x00, 0x00, 0x00, 0x00, 0x00, 0x00, 0x00, 0x00, 0x00, 0x00, 0x00, 0x00, 0x00, 0x00, 0x00, 0x00,
0x00, 0x00, 0x00, 0x00, 0x00, 0x00, 0x00, 0x00, 0x00, 0x00, 0x00, 0x00, 0x00, 0x00, 0x00, 0x00,
0x00, 0x00, 0x00, 0x00, 0x00, 0x00, 0x00, 0x00, 0x00, 0x00, 0x00, 0x00, 0x00, 0x00, 0x00, 0x00,
0x00, 0x00, 0x00, 0x00, 0x00, 0x00, 0x00, 0x00, 0x00, 0x00, 0x00, 0x00, 0x00, 0x00, 0x00, 0x00,
0x00, 0x00, 0x00, 0x00, 0x00, 0x00, 0x00, 0x00, 0x00, 0x00, 0x00, 0x00, 0x00, 0x00, 0x00, 0x00,
0x00, 0x00, 0x00, 0x00, 0x00, 0x00, 0x00, 0x00, 0x00, 0x00, 0x00, 0x00, 0x00, 0x00, 0x00, 0x00,
0x00, 0x00, 0x00, 0x00, 0x00, 0x00, 0x00, 0x00, 0x00, 0x00, 0x00, 0x00, 0x00, 0x00, 0x00, 0x00,
0x00, 0x00, 0x00, 0x00, 0x00, 0x00, 0x00, 0x00, 0x00, 0x00, 0x00, 0x00, 0x00, 0x00, 0x00, 0x00,
0x00, 0x00, 0x00, 0x00, 0x00, 0x00, 0x00, 0x00, 0x00, 0x00, 0x00, 0x00, 0x00, 0x00, 0x00, 0x00,
0x00, 0x00, 0x00, 0x00, 0x00, 0x00, 0x00, 0x00, 0x00, 0x00, 0x00, 0x00, 0x00, 0x00, 0x00, 0x00,
0x00, 0x00, 0x00, 0x00, 0x00, 0x00, 0x00, 0x00, 0x00, 0x00, 0x00, 0x00, 0x00, 0x00, 0x00, 0x00,
0x00, 0x00, 0x00, 0x00, 0x00, 0x00, 0x00, 0x00, 0x00, 0x00, 0x00, 0x00, 0x00, 0x00, 0x00, 0x00,
0x00, 0x00, 0x00, 0x00, 0x00, 0x00, 0x00, 0x00, 0x00, 0x00, 0x00, 0x00, 0x00, 0x00, 0x00, 0x00,
0x00, 0x00, 0x00, 0x00, 0x00, 0x00, 0x00, 0x00, 0x00, 0x00, 0x00, 0x00, 0x00, 0x00, 0x00, 0x00,
0x00, 0x00, 0x00, 0x00, 0x00, 0x00, 0x00, 0x00, 0x00, 0x00, 0x00, 0x00, 0x00, 0x00, 0x00, 0x00,
0x00, 0x00, 0x00, 0x00, 0x00, 0x00, 0x00, 0x00, 0x00, 0x00, 0x00, 0x00, 0x00, 0x00, 0x00, 0x00,
0x00, 0x00, 0x00, 0x00, 0x00, 0x00, 0x00, 0x00, 0x00, 0x00, 0x00, 0x00, 0x00, 0x00, 0x00, 0x00,
0x00, 0x00, 0x00, 0x00, 0x00, 0x00, 0x00, 0x00, 0x00, 0x00, 0x00, 0x00, 0x00, 0x00, 0x00, 0x00,
0x00, 0x00, 0x00, 0x00, 0x00, 0x00, 0x00, 0x00, 0x00, 0x00, 0x00, 0x00, 0x00, 0x00, 0x00, 0x00,
0x00, 0x00, 0x00, 0x00, 0x00, 0x00, 0x00, 0x00, 0x00, 0x00, 0x00, 0x00, 0x00, 0x00, 0x00, 0x00,
0x00, 0x00, 0x00, 0x00, 0x00, 0x00, 0x00, 0x00, 0x00, 0x00, 0x00, 0x00, 0x00, 0x00, 0x00, 0x00,
0x00, 0x00, 0x00, 0x00, 0x00, 0x00, 0x00, 0x00, 0x00, 0x00, 0x00, 0x00, 0x00, 0x00, 0x00, 0x00,
0x00, 0x00, 0x00, 0x00, 0x00, 0x00, 0x00, 0x00, 0x00, 0x00, 0x00, 0x00, 0x00, 0x00, 0x00, 0x00,
0x00, 0x00, 0x00, 0x00, 0x00, 0x00, 0x00, 0x00, 0x00, 0x00, 0x00, 0x00, 0x00, 0x00, 0x00, 0x00,
0x00, 0x00, 0x00, 0x00, 0x00, 0x00, 0x00, 0x00, 0x00, 0x00, 0x00, 0x00, 0x00, 0x00, 0x00, 0x00,
0x00, 0x00, 0x00, 0x00, 0x00, 0x00, 0x00, 0x00, 0x00, 0x00, 0x00, 0x00, 0x00, 0x00, 0x00, 0x00,
0x00, 0x00, 0x00, 0x00, 0x00, 0x00, 0x00, 0x00, 0x00, 0x00, 0x00, 0x00, 0x00, 0x00, 0x00, 0x00,
0x00, 0x00, 0x00, 0x48, 0x00, 0x00, 0x00, 0x47, 0x00, 0x00, 0x00, 0x16, 0x00, 0x00, 0x00, 0x10,
0x00, 0x00, 0x00, 0x42, 0x00, 0x00, 0x00, 0x3C, 0x00, 0x00, 0x00, 0x0C, 0x00, 0x00, 0x00, 0x08,
0x00, 0x00, 0x00, 0x34, 0x00, 0x00, 0x00, 0x13, 0x01, 0x01, 0x02, 0x79, 0x00, 0x00, 0x00, 0x2A,
0x00, 0x00, 0x00, 0x00, 0x00, 0x00, 0x00, 0x00, 0x00, 0x00, 0x00, 0x02, 0x00, 0x00, 0x00, 0x00,
0x00, 0x00, 0x00, 0x35, 0x00, 0x00, 0x00, 0x2A, 0x00, 0x00, 0x00, 0x03, 0x00, 0x00, 0x00, 0x00,
0x00, 0x00, 0x00, 0x1C, 0x00, 0x00, 0x00, 0x12, 0x00, 0x00, 0x00, 0x00, 0x00, 0x00, 0x00, 0x00,
0x00, 0x00, 0x00, 0x00, 0x00, 0x00, 0x00, 0x00, 0x00, 0x00, 0x00, 0x00, 0x00, 0x00, 0x00, 0x00,
0x00, 0x00, 0x00, 0x00, 0x00, 0x00, 0x00, 0x00, 0x00, 0x00, 0x00, 0x00, 0x00, 0x00, 0x00, 0x00,
0x02, 0x0A, 0x0E, 0xB4, 0x00, 0x00, 0x00, 0x47, 0x04, 0x1A, 0x26, 0xD6, 0x00, 0x00, 0x00, 0x6E,
0x00, 0x00, 0x00, 0x0E, 0x00, 0x00, 0x00, 0x00, 0x00, 0x00, 0x00, 0x2B, 0x00, 0x00, 0x00, 0x1F,
0x11, 0x4A, 0x66, 0xF1, 0x00, 0x00, 0x00, 0xAF, 0x22, 0x70, 0x92, 0xFE, 0x15, 0x23, 0x29, 0xEE,
0x00, 0x00, 0x00, 0x7B, 0x00, 0x00, 0x00, 0x74, 0x25, 0x3E, 0x44, 0xE1, 0x2C, 0x58, 0x62, 0xE3,
0x00, 0x00, 0x00, 0x00, 0x00, 0x00, 0x00, 0x00, 0x00, 0x00, 0x00, 0x24, 0x00, 0x00, 0x00, 0x1F,
0x00, 0x00, 0x00, 0x00, 0x00, 0x00, 0x00, 0x00, 0x00, 0x00, 0x00, 0x12, 0x00, 0x00, 0x00, 0x03,
0x00, 0x00, 0x00, 0x7D, 0x00, 0x00, 0x00, 0x62, 0x15, 0x27, 0x2B, 0xE3, 0x00, 0x01, 0x01, 0x9D,
0x00, 0x00, 0x00, 0x2A, 0x00, 0x00, 0x00, 0x07, 0x00, 0x00, 0x00, 0x3D, 0x00, 0x00, 0x00, 0x09,
0x00, 0x00, 0x00, 0x07, 0x00, 0x00, 0x00, 0x00, 0x00, 0x00, 0x00, 0x00, 0x00, 0x00, 0x00, 0x00,
0x00, 0x00, 0x00, 0x00, 0x00, 0x00, 0x00, 0x00, 0x00, 0x00, 0x00, 0x00, 0x00, 0x00, 0x00, 0x00,
0x00, 0x00, 0x00, 0x00, 0x00, 0x00, 0x00, 0x00, 0x00, 0x00, 0x00, 0x00, 0x00, 0x00, 0x00, 0x00,
0x00, 0x00, 0x00, 0x00, 0x00, 0x00, 0x00, 0x00, 0x00, 0x00, 0x00, 0x00, 0x00, 0x00, 0x00, 0x00,
0x00, 0x00, 0x00, 0x00, 0x00, 0x00, 0x00, 0x00, 0x00, 0x00, 0x00, 0x00, 0x00, 0x00, 0x00, 0x00,
0x00, 0x00, 0x00, 0x00, 0x00, 0x00, 0x00, 0x00, 0x00, 0x00, 0x00, 0x00, 0x00, 0x00, 0x00, 0x00,
0x00, 0x00, 0x00, 0x00, 0x00, 0x00, 0x00, 0x00, 0x00, 0x00, 0x00, 0x00, 0x00, 0x00, 0x00, 0x00,
0x00, 0x00, 0x00, 0x00, 0x00, 0x00, 0x00, 0x00, 0x00, 0x00, 0x00, 0x00, 0x00, 0x00, 0x00, 0x00,
0x00, 0x00, 0x00, 0x00, 0x00, 0x00, 0x00, 0x00, 0x00, 0x00, 0x00, 0x00, 0x00, 0x00, 0x00, 0x00,
0x00, 0x00, 0x00, 0x00, 0x00, 0x00, 0x00, 0x00, 0x00, 0x00, 0x00, 0x00, 0x00, 0x00, 0x00, 0x00,
0x00, 0x00, 0x00, 0x00, 0x00, 0x00, 0x00, 0x00, 0x00, 0x00, 0x00, 0x00, 0x00, 0x00, 0x00, 0x00,
0x00, 0x00, 0x00, 0x00, 0x00, 0x00, 0x00, 0x00, 0x00, 0x00, 0x00, 0x00, 0x00, 0x00, 0x00, 0x00,
0x00, 0x00, 0x00, 0x00, 0x00, 0x00, 0x00, 0x00, 0x00, 0x00, 0x00, 0x00, 0x00, 0x00, 0x00, 0x00,
0x00, 0x00, 0x00, 0x00, 0x00, 0x00, 0x00, 0x00, 0x00, 0x00, 0x00, 0x00, 0x00, 0x00, 0x00, 0x00,
0x00, 0x00, 0x00, 0x00, 0x00, 0x00, 0x00, 0x00, 0x00, 0x00, 0x00, 0x00, 0x00, 0x00, 0x00, 0x00,
0x00, 0x00, 0x00, 0x00, 0x00, 0x00, 0x00, 0x00, 0x00, 0x00, 0x00, 0x00, 0x00, 0x00, 0x00, 0x00,
0x59, 0x90, 0xA6, 0xFF, 0x70, 0xB5, 0xCA, 0xFF, 0x73, 0xD9, 0xFB, 0xFF, 0x5E, 0xB2, 0xCE, 0xFF,
0x5E, 0xC4, 0xDB, 0xFF, 0x23, 0x53, 0x61, 0xFE, 0x08, 0x21, 0x26, 0xF4, 0x00, 0x00, 0x00, 0xBD,
0x98, 0xDC, 0xFE, 0xFF, 0x37, 0x7F, 0xA1, 0xFF, 0xA5, 0xB7, 0xC4, 0xFF, 0x8A, 0xD1, 0xF4, 0xFF,
0x00, 0x00, 0x00, 0xD5, 0x00, 0x00, 0x00, 0x78, 0x08, 0x1E, 0x28, 0xD4, 0x00, 0x00, 0x00, 0x68,
0x04, 0x07, 0x08, 0xD5, 0x00, 0x00, 0x00, 0x83, 0x00, 0x00, 0x00, 0x75, 0x00, 0x00, 0x00, 0x3A,
0x00, 0x00, 0x00, 0x30, 0x00, 0x00, 0x00, 0x05, 0x00, 0x00, 0x00, 0x16, 0x00, 0x00, 0x00, 0x00,
0x00, 0x00, 0x00, 0x2C, 0x00, 0x00, 0x00, 0x0F, 0x00, 0x00, 0x00, 0x19, 0x00, 0x00, 0x00, 0x00,
0x00, 0x00, 0x00, 0x00, 0x00, 0x00, 0x00, 0x00, 0x00, 0x00, 0x00, 0x00, 0x00, 0x00, 0x00, 0x00,
0x10, 0x0F, 0x0F, 0xED, 0x6C, 0x8A, 0x99, 0xFF, 0x00, 0x00, 0x00, 0x9A, 0x00, 0x00, 0x00, 0xD5,
0x38, 0x64, 0x78, 0xEC, 0x01, 0x01, 0x01, 0x85, 0x1E, 0x2C, 0x33, 0xF5, 0x03, 0x05, 0x06, 0xA3,
0x00, 0x00, 0x00, 0x3C, 0x00, 0x00, 0x00, 0x73, 0x00, 0x00, 0x00, 0x10, 0x00, 0x00, 0x00, 0x26,
0x00, 0x00, 0x00, 0xA4, 0x00, 0x00, 0x00, 0x81, 0x00, 0x00, 0x00, 0x32, 0x00, 0x00, 0x00, 0x2B,
0x00, 0x00, 0x00, 0x2A, 0x00, 0x00, 0x00, 0x02, 0x00, 0x00, 0x00, 0x3B, 0x00, 0x00, 0x00, 0x07,
0x00, 0x00, 0x00, 0x00, 0x00, 0x00, 0x00, 0x00, 0x00, 0x00, 0x00, 0x00, 0x00, 0x00, 0x00, 0x00,
0x00, 0x00, 0x00, 0x33, 0x00, 0x00, 0x00, 0x07, 0x00, 0x00, 0x00, 0x19, 0x00, 0x00, 0x00, 0x03,
0x00, 0x00, 0x00, 0x00, 0x00, 0x00, 0x00, 0x00, 0x00, 0x00, 0x00, 0x00, 0x00, 0x00, 0x00, 0x00,
0x00, 0x00, 0x00, 0x00, 0x00, 0x00, 0x00, 0x00, 0x00, 0x00, 0x00, 0x00, 0x00, 0x00, 0x00, 0x00,
0x00, 0x00, 0x00, 0x00, 0x00, 0x00, 0x00, 0x00, 0x00, 0x00, 0x00, 0x00, 0x00, 0x00, 0x00, 0x00,
0x00, 0x00, 0x00, 0x00, 0x00, 0x00, 0x00, 0x00, 0x00, 0x00, 0x00, 0x00, 0x00, 0x00, 0x00, 0x00,
0x00, 0x00, 0x00, 0x00, 0x00, 0x00, 0x00, 0x00, 0x00, 0x00, 0x00, 0x00, 0x00, 0x00, 0x00, 0x00,
0x00, 0x00, 0x00, 0x00, 0x00, 0x00, 0x00, 0x00, 0x00, 0x00, 0x00, 0x00, 0x00, 0x00, 0x00, 0x00,
0x00, 0x00, 0x00, 0x00, 0x00, 0x00, 0x00, 0x00, 0x00, 0x00, 0x00, 0x00, 0x00, 0x00, 0x00, 0x00,
0x00, 0x00, 0x00, 0x00, 0x00, 0x00, 0x00, 0x00, 0x00, 0x00, 0x00, 0x00, 0x00, 0x00, 0x00, 0x00,
0x00, 0x00, 0x00, 0x00, 0x00, 0x00, 0x00, 0x00, 0x00, 0x00, 0x00, 0x00, 0x00, 0x00, 0x00, 0x00,
0x00, 0x00, 0x00, 0x00, 0x00, 0x00, 0x00, 0x00, 0x00, 0x00, 0x00, 0x00, 0x00, 0x00, 0x00, 0x00,
0x00, 0x00, 0x00, 0x00, 0x00, 0x00, 0x00, 0x00, 0x00, 0x00, 0x00, 0x00, 0x00, 0x00, 0x00, 0x00,
0x00, 0x00, 0x00, 0x00, 0x00, 0x00, 0x00, 0x00, 0x00, 0x00, 0x00, 0x00, 0x00, 0x00, 0x00, 0x00,
0x00, 0x00, 0x00, 0x00, 0x00, 0x00, 0x00, 0x00, 0x00, 0x00, 0x00, 0x00, 0x00, 0x00, 0x00, 0x00,
0x00, 0x00, 0x00, 0x00, 0x00, 0x00, 0x00, 0x00, 0x00, 0x00, 0x00, 0x00, 0x00, 0x00, 0x00, 0x00,
0x00, 0x00, 0x00, 0x00, 0x00, 0x00, 0x00, 0x00, 0x00, 0x00, 0x00, 0x00, 0x00, 0x00, 0x00, 0x00,
0x00, 0x00, 0x00, 0x00, 0x00, 0x00, 0x00, 0x00, 0x00, 0x00, 0x00, 0x00, 0x00, 0x00, 0x00, 0x00,
0x00, 0x00, 0x00, 0x00, 0x00, 0x00, 0x00, 0x00, 0x00, 0x00, 0x00, 0x00, 0x00, 0x00, 0x00, 0x00,
0x00, 0x00, 0x00, 0x00, 0x00, 0x00, 0x00, 0x00, 0x00, 0x00, 0x00, 0x00, 0x00, 0x00, 0x00, 0x00,
0x00, 0x00, 0x00, 0x00, 0x00, 0x00, 0x00, 0x00, 0x00, 0x00, 0x00, 0x00, 0x00, 0x00, 0x00, 0x00,
0x00, 0x00, 0x00, 0x00, 0x00, 0x00, 0x00, 0x00, 0x00, 0x00, 0x00, 0x00, 0x00, 0x00, 0x00, 0x00,
0x00, 0x00, 0x00, 0x00, 0x00, 0x00, 0x00, 0x00, 0x00, 0x00, 0x00, 0x00, 0x00, 0x00, 0x00, 0x00,
0x00, 0x00, 0x00, 0x00, 0x00, 0x00, 0x00, 0x00, 0x00, 0x00, 0x00, 0x00, 0x00, 0x00, 0x00, 0x00,
0x00, 0x00, 0x00, 0x00, 0x00, 0x00, 0x00, 0x00, 0x00, 0x00, 0x00, 0x00, 0x00, 0x00, 0x00, 0x00,
0x00, 0x00, 0x00, 0x00, 0x00, 0x00, 0x00, 0x00, 0x00, 0x00, 0x00, 0x00, 0x00, 0x00, 0x00, 0x00,
0x00, 0x00, 0x00, 0x00, 0x00, 0x00, 0x00, 0x00, 0x00, 0x00, 0x00, 0x00, 0x00, 0x00, 0x00, 0x00,
0x00, 0x00, 0x00, 0x00, 0x00, 0x00, 0x00, 0x00, 0x00, 0x00, 0x00, 0x00, 0x00, 0x00, 0x00, 0x00,
0x00, 0x00, 0x00, 0x00, 0x00, 0x00, 0x00, 0x00, 0x00, 0x00, 0x00, 0x00, 0x00, 0x00, 0x00, 0x00,
0x00, 0x00, 0x00, 0x00, 0x00, 0x00, 0x00, 0x00, 0x00, 0x00, 0x00, 0x00, 0x00, 0x00, 0x00, 0x00,
0x00, 0x00, 0x00, 0x00, 0x00, 0x00, 0x00, 0x00, 0x00, 0x00, 0x00, 0x00, 0x00, 0x00, 0x00, 0x00,
0x00, 0x00, 0x00, 0x00, 0x00, 0x00, 0x00, 0x00, 0x00, 0x00, 0x00, 0x00, 0x00, 0x00, 0x00, 0x00,
0x00, 0x00, 0x00, 0x00, 0x00, 0x00, 0x00, 0x00, 0x00, 0x00, 0x00, 0x00, 0x00, 0x00, 0x00, 0x00,
0x00, 0x00, 0x00, 0x00, 0x00, 0x00, 0x00, 0x00, 0x00, 0x00, 0x00, 0x00, 0x00, 0x00, 0x00, 0x00,
0x00, 0x00, 0x00, 0x00, 0x00, 0x00, 0x00, 0x00, 0x00, 0x00, 0x00, 0x00, 0x00, 0x00, 0x00, 0x00,
0x00, 0x00, 0x00, 0x00, 0x00, 0x00, 0x00, 0x00, 0x00, 0x00, 0x00, 0x00, 0x00, 0x00, 0x00, 0x00,
0x00, 0x00, 0x00, 0x00, 0x00, 0x00, 0x00, 0x00, 0x00, 0x00, 0x00, 0x00, 0x00, 0x00, 0x00, 0x00,
0x00, 0x00, 0x00, 0x00, 0x00, 0x00, 0x00, 0x00, 0x00, 0x00, 0x00, 0x00, 0x00, 0x00, 0x00, 0x00,
0x00, 0x00, 0x00, 0x00, 0x00, 0x00, 0x00, 0x00, 0x00, 0x00, 0x00, 0x00, 0x00, 0x00, 0x00, 0x00,
0x00, 0x00, 0x00, 0x00, 0x00, 0x00, 0x00, 0x00, 0x00, 0x00, 0x00, 0x00, 0x00, 0x00, 0x00, 0x00,
0x00, 0x00, 0x00, 0x00, 0x00, 0x00, 0x00, 0x00, 0x00, 0x00, 0x00, 0x00, 0x00, 0x00, 0x00, 0x00,
0x00, 0x00, 0x00, 0x00, 0x00, 0x00, 0x00, 0x00, 0x00, 0x00, 0x00, 0x00, 0x00, 0x00, 0x00, 0x00,
0x00, 0x00, 0x00, 0x00, 0x00, 0x00, 0x00, 0x00, 0x00, 0x00, 0x00, 0x00, 0x00, 0x00, 0x00, 0x00,
0x00, 0x00, 0x00, 0x00, 0x00, 0x00, 0x00, 0x00, 0x00, 0x00, 0x00, 0x00, 0x00, 0x00, 0x00, 0x00,
0x00, 0x00, 0x00, 0x00, 0x00, 0x00, 0x00, 0x00, 0x00, 0x00, 0x00, 0x00, 0x00, 0x00, 0x00, 0x00,
0x00, 0x00, 0x00, 0x00, 0x00, 0x00, 0x00, 0x00, 0x00, 0x00, 0x00, 0x00, 0x00, 0x00, 0x00, 0x00,
0x00, 0x00, 0x00, 0x00, 0x00, 0x00, 0x00, 0x00, 0x00, 0x00, 0x00, 0x00, 0x00, 0x00, 0x00, 0x00,
0x00, 0x00, 0x00, 0x00, 0x00, 0x00, 0x00, 0x00, 0x00, 0x00, 0x00, 0x00, 0x00, 0x00, 0x00, 0x00,
0x00, 0x00, 0x00, 0x00, 0x00, 0x00, 0x00, 0x00, 0x00, 0x00, 0x00, 0x00, 0x00, 0x00, 0x00, 0x00,
0x00, 0x00, 0x00, 0x00, 0x00, 0x00, 0x00, 0x00, 0x00, 0x00, 0x00, 0x00, 0x00, 0x00, 0x00, 0x00,
0x00, 0x00, 0x00, 0x00, 0x00, 0x00, 0x00, 0x00, 0x00, 0x00, 0x00, 0x00, 0x00, 0x00, 0x00, 0x00,
0x00, 0x00, 0x00, 0x00, 0x00, 0x00, 0x00, 0x00, 0x00, 0x00, 0x00, 0x00, 0x00, 0x00, 0x00, 0x00,
0x00, 0x00, 0x00, 0x00, 0x00, 0x00, 0x00, 0x00, 0x00, 0x00, 0x00, 0x00, 0x00, 0x00, 0x00, 0x00,
0x00, 0x00, 0x00, 0x00, 0x00, 0x00, 0x00, 0x00, 0x00, 0x00, 0x00, 0x00, 0x00, 0x00, 0x00, 0x00,
0x00, 0x00, 0x00, 0x00, 0x00, 0x00, 0x00, 0x00, 0x00, 0x00, 0x00, 0x00, 0x00, 0x00, 0x00, 0x00,
0x00, 0x00, 0x00, 0x00, 0x00, 0x00, 0x00, 0x00, 0x00, 0x00, 0x00, 0x00, 0x00, 0x00, 0x00, 0x00,
0x00, 0x00, 0x00, 0x00, 0x00, 0x00, 0x00, 0x00, 0x00, 0x00, 0x00, 0x00, 0x00, 0x00, 0x00, 0x00,
0x00, 0x00, 0x00, 0x00, 0x00, 0x00, 0x00, 0x00, 0x00, 0x00, 0x00, 0x00, 0x00, 0x00, 0x00, 0x00,
0x00, 0x00, 0x00, 0x00, 0x00, 0x00, 0x00, 0x00, 0x00, 0x00, 0x00, 0x00, 0x00, 0x00, 0x00, 0x00,
0x00, 0x00, 0x00, 0x00, 0x00, 0x00, 0x00, 0x00, 0x00, 0x00, 0x00, 0x00, 0x00, 0x00, 0x00, 0x00,
0x00, 0x00, 0x00, 0x00, 0x00, 0x00, 0x00, 0x00, 0x00, 0x00, 0x00, 0x00, 0x00, 0x00, 0x00, 0x00,
0x00, 0x00, 0x00, 0x00, 0x00, 0x00, 0x00, 0x00, 0x00, 0x00, 0x00, 0x00, 0x00, 0x00, 0x00, 0x00,
0x00, 0x00, 0x00, 0x00, 0x00, 0x00, 0x00, 0x00, 0x00, 0x00, 0x00, 0x00, 0x00, 0x00, 0x00, 0x00,
0x00, 0x00, 0x00, 0x00, 0x00, 0x00, 0x00, 0x00, 0x00, 0x00, 0x00, 0x00, 0x00, 0x00, 0x00, 0x00,
0x00, 0x00, 0x00, 0x00, 0x00, 0x00, 0x00, 0x00, 0x00, 0x00, 0x00, 0x00, 0x00, 0x00, 0x00, 0x00,
0x00, 0x00, 0x00, 0x00, 0x00, 0x00, 0x00, 0x00, 0x00, 0x00, 0x00, 0x00, 0x00, 0x00, 0x00, 0x00,
0x00, 0x00, 0x00, 0x00, 0x00, 0x00, 0x00, 0x00, 0x00, 0x00, 0x00, 0x00, 0x00, 0x00, 0x00, 0x00,
0x00, 0x00, 0x00, 0x00, 0x00, 0x00, 0x00, 0x00, 0x00, 0x00, 0x00, 0x00, 0x00, 0x00, 0x00, 0x00,
0x00, 0x00, 0x00, 0x00, 0x00, 0x00, 0x00, 0x00, 0x00, 0x00, 0x00, 0x00, 0x00, 0x00, 0x00, 0x00,
0x00, 0x00, 0x00, 0x00, 0x00, 0x00, 0x00, 0x00, 0x00, 0x00, 0x00, 0x00, 0x00, 0x00, 0x00, 0x00,
0x00, 0x00, 0x00, 0x00, 0x00, 0x00, 0x00, 0x00, 0x00, 0x00, 0x00, 0x00, 0x00, 0x00, 0x00, 0x00,
0x00, 0x00, 0x00, 0x00, 0x00, 0x00, 0x00, 0x00, 0x00, 0x00, 0x00, 0x00, 0x00, 0x00, 0x00, 0x00,
0x00, 0x00, 0x00, 0x00, 0x00, 0x00, 0x00, 0x00, 0x00, 0x00, 0x00, 0x00, 0x00, 0x00, 0x00, 0x00,
0x00, 0x00, 0x00, 0x00, 0x00, 0x00, 0x00, 0x00, 0x00, 0x00, 0x00, 0x00, 0x00, 0x00, 0x00, 0x00,
0x00, 0x00, 0x00, 0x00, 0x00, 0x00, 0x00, 0x00, 0x00, 0x00, 0x00, 0x00, 0x00, 0x00, 0x00, 0x00,
0x00, 0x00, 0x00, 0x00, 0x00, 0x00, 0x00, 0x00, 0x00, 0x00, 0x00, 0x00, 0x00, 0x00, 0x00, 0x00,
0x00, 0x00, 0x00, 0x00, 0x00, 0x00, 0x00, 0x00, 0x00, 0x00, 0x00, 0x00, 0x00, 0x00, 0x00, 0x00,
0x00, 0x00, 0x00, 0x00, 0x00, 0x00, 0x00, 0x00, 0x00, 0x00, 0x00, 0x00, 0x00, 0x00, 0x00, 0x00,
0x00, 0x00, 0x00, 0x00, 0x00, 0x00, 0x00, 0x00, 0x00, 0x00, 0x00, 0x00, 0x00, 0x00, 0x00, 0x00,
0x00, 0x00, 0x00, 0x00, 0x00, 0x00, 0x00, 0x00, 0x00, 0x00, 0x00, 0x00, 0x00, 0x00, 0x00, 0x00,
0x00, 0x00, 0x00, 0x00, 0x00, 0x00, 0x00, 0x00, 0x00, 0x00, 0x00, 0x00, 0x00, 0x00, 0x00, 0x00,
0x00, 0x00, 0x00, 0x00, 0x00, 0x00, 0x00, 0x00, 0x00, 0x00, 0x00, 0x00, 0x00, 0x00, 0x00, 0x00,
0x00, 0x00, 0x00, 0x00, 0x00, 0x00, 0x00, 0x00, 0x00, 0x00, 0x00, 0x00, 0x00, 0x00, 0x00, 0x00,
0x00, 0x00, 0x00, 0x00, 0x00, 0x00, 0x00, 0x00, 0x00, 0x00, 0x00, 0x00, 0x00, 0x00, 0x00, 0x00,
0x00, 0x00, 0x00, 0x00, 0x00, 0x00, 0x00, 0x00, 0x00, 0x00, 0x00, 0x00, 0x00, 0x00, 0x00, 0x00,
0x00, 0x00, 0x00, 0x00, 0x00, 0x00, 0x00, 0x00, 0x00, 0x00, 0x00, 0x00, 0x00, 0x00, 0x00, 0x00,
0x00, 0x00, 0x00, 0x00, 0x00, 0x00, 0x00, 0x00, 0x00, 0x00, 0x00, 0x00, 0x00, 0x00, 0x00, 0x00,
0x00, 0x00, 0x00, 0x00, 0x00, 0x00, 0x00, 0x00, 0x00, 0x00, 0x00, 0x00, 0x00, 0x00, 0x00, 0x00,
0x00, 0x00, 0x00, 0x00, 0x00, 0x00, 0x00, 0x00, 0x00, 0x00, 0x00, 0x00, 0x00, 0x00, 0x00, 0x00,
0x00, 0x00, 0x00, 0x00, 0x00, 0x00, 0x00, 0x00, 0x00, 0x00, 0x00, 0x00, 0x00, 0x00, 0x00, 0x00,
0x00, 0x00, 0x00, 0x00, 0x00, 0x00, 0x00, 0x00, 0x00, 0x00, 0x00, 0x00, 0x00, 0x00, 0x00, 0x00,
0x00, 0x00, 0x00, 0x00, 0x00, 0x00, 0x00, 0x00, 0x00, 0x00, 0x00, 0x00, 0x00, 0x00, 0x00, 0x00,
0x00, 0x00, 0x00, 0x00, 0x00, 0x00, 0x00, 0x00, 0x00, 0x00, 0x00, 0x00, 0x00, 0x00, 0x00, 0x00,
0x00, 0x00, 0x00, 0x00, 0x00, 0x00, 0x00, 0x00, 0x00, 0x00, 0x00, 0x00, 0x00, 0x00, 0x00, 0x00,
0x00, 0x00, 0x00, 0x00, 0x00, 0x00, 0x00, 0x00, 0x00, 0x00, 0x00, 0x00, 0x00, 0x00, 0x00, 0x00,
0x00, 0x00, 0x00, 0x00, 0x00, 0x00, 0x00, 0x00, 0x00, 0x00, 0x00, 0x00, 0x00, 0x00, 0x00, 0x00,
0x00, 0x00, 0x00, 0x00, 0x00, 0x00, 0x00, 0x00, 0x00, 0x00, 0x00, 0x00, 0x00, 0x00, 0x00, 0x00,
0x00, 0x00, 0x00, 0x00, 0x00, 0x00, 0x00, 0x00, 0x00, 0x00, 0x00, 0x00, 0x00, 0x00, 0x00, 0x00,
0x00, 0x00, 0x00, 0x00, 0x00, 0x00, 0x00, 0x00, 0x00, 0x00, 0x00, 0x00, 0x00, 0x00, 0x00, 0x00,
0x00, 0x00, 0x00, 0x00, 0x00, 0x00, 0x00, 0x00, 0x00, 0x00, 0x00, 0x00, 0x00, 0x00, 0x00, 0x00,
0x00, 0x00, 0x00, 0x00, 0x00, 0x00, 0x00, 0x00, 0x00, 0x00, 0x00, 0x00, 0x00, 0x00, 0x00, 0x00,
0x00, 0x00, 0x00, 0x00, 0x00, 0x00, 0x00, 0x00, 0x00, 0x00, 0x00, 0x00, 0x00, 0x00, 0x00, 0x00,
0x00, 0x00, 0x00, 0x00, 0x00, 0x00, 0x00, 0x00, 0x00, 0x00, 0x00, 0x00, 0x00, 0x00, 0x00, 0x00,
0x00, 0x00, 0x00, 0x00, 0x00, 0x00, 0x00, 0x00, 0x00, 0x00, 0x00, 0x00, 0x00, 0x00, 0x00, 0x00,
0x00, 0x00, 0x00, 0x00, 0x00, 0x00, 0x00, 0x00, 0x00, 0x00, 0x00, 0x00, 0x00, 0x00, 0x00, 0x00,
0x00, 0x00, 0x00, 0x00, 0x00, 0x00, 0x00, 0x00, 0x00, 0x00, 0x00, 0x00, 0x00, 0x00, 0x00, 0x00,
0x00, 0x00, 0x00, 0x00, 0x00, 0x00, 0x00, 0x00, 0x00, 0x00, 0x00, 0x00, 0x00, 0x00, 0x00, 0x00,
0x00, 0x00, 0x00, 0x00, 0x00, 0x00, 0x00, 0x00, 0x00, 0x00, 0x00, 0x00, 0x00, 0x00, 0x00, 0x00,
0x00, 0x00, 0x00, 0x00, 0x00, 0x00, 0x00, 0x00, 0x00, 0x00, 0x00, 0x00, 0x00, 0x00, 0x00, 0x00,
0x00, 0x00, 0x00, 0x00, 0x00, 0x00, 0x00, 0x00, 0x00, 0x00, 0x00, 0x00, 0x00, 0x00, 0x00, 0x00,
0x00, 0x00, 0x00, 0x00, 0x00, 0x00, 0x00, 0x00, 0x00, 0x00, 0x00, 0x00, 0x00, 0x00, 0x00, 0x00,
0x00, 0x00, 0x00, 0x00, 0x00, 0x00, 0x00, 0x00, 0x00, 0x00, 0x00, 0x00, 0x00, 0x00, 0x00, 0x00,
0x00, 0x00, 0x00, 0x00, 0x00, 0x00, 0x00, 0x00, 0x00, 0x00, 0x00, 0x00, 0x00, 0x00, 0x00, 0x00,
0x00, 0x00, 0x00, 0x00, 0x00, 0x00, 0x00, 0x00, 0x00, 0x00, 0x00, 0x00, 0x00, 0x00, 0x00, 0x00,
0x00, 0x00, 0x00, 0x00, 0x00, 0x00, 0x00, 0x05, 0x00, 0x00, 0x00, 0x00, 0x00, 0x00, 0x00, 0x0A,
0x00, 0x00, 0x00, 0x00, 0x00, 0x00, 0x00, 0x00, 0x00, 0x00, 0x00, 0x00, 0x00, 0x00, 0x00, 0x00,
0x00, 0x00, 0x00, 0x00, 0x00, 0x00, 0x00, 0x00, 0x00, 0x00, 0x00, 0x00, 0x00, 0x00, 0x00, 0x00,
0x00, 0x00, 0x00, 0x00, 0x00, 0x00, 0x00, 0x00, 0x00, 0x00, 0x00, 0x00, 0x00, 0x00, 0x00, 0x00,
0x00, 0x00, 0x00, 0x00, 0x00, 0x00, 0x00, 0x00, 0x00, 0x00, 0x00, 0x00, 0x00, 0x00, 0x00, 0x00,
0x00, 0x00, 0x00, 0x00, 0x00, 0x00, 0x00, 0x00, 0x00, 0x00, 0x00, 0x00, 0x00, 0x00, 0x00, 0x00,
0x00, 0x00, 0x00, 0x00, 0x00, 0x00, 0x00, 0x00, 0x00, 0x00, 0x00, 0x00, 0x00, 0x00, 0x00, 0x00,
0x00, 0x00, 0x00, 0x00, 0x00, 0x00, 0x00, 0x00, 0x00, 0x00, 0x00, 0x00, 0x00, 0x00, 0x00, 0x00,
0x00, 0x00, 0x00, 0x00, 0x00, 0x00, 0x00, 0x00, 0x00, 0x00, 0x00, 0x00, 0x00, 0x00, 0x00, 0x00,
0x00, 0x00, 0x00, 0x00, 0x00, 0x00, 0x00, 0x00, 0x00, 0x00, 0x00, 0x00, 0x00, 0x00, 0x00, 0x00,
0x00, 0x00, 0x00, 0x00, 0x00, 0x00, 0x00, 0x00, 0x00, 0x00, 0x00, 0x00, 0x00, 0x00, 0x00, 0x00,
0x00, 0x00, 0x00, 0x00, 0x00, 0x00, 0x00, 0x00, 0x00, 0x00, 0x00, 0x00, 0x00, 0x00, 0x00, 0x00,
0x00, 0x00, 0x00, 0x00, 0x00, 0x00, 0x00, 0x00, 0x00, 0x00, 0x00, 0x00, 0x00, 0x00, 0x00, 0x00,
0x00, 0x00, 0x00, 0x00, 0x00, 0x00, 0x00, 0x00, 0x00, 0x00, 0x00, 0x00, 0x00, 0x00, 0x00, 0x00,
0x00, 0x00, 0x00, 0x00, 0x00, 0x00, 0x00, 0x00, 0x00, 0x00, 0x00, 0x00, 0x00, 0x00, 0x00, 0x00,
0x00, 0x00, 0x00, 0x00, 0x00, 0x00, 0x00, 0x00, 0x00, 0x00, 0x00, 0x00, 0x00, 0x00, 0x00, 0x00,
0x00, 0x00, 0x00, 0x00, 0x00, 0x00, 0x00, 0x00, 0x00, 0x00, 0x00, 0x00, 0x00, 0x00, 0x00, 0x00,
0x00, 0x00, 0x00, 0x00, 0x00, 0x00, 0x00, 0x00, 0x00, 0x00, 0x00, 0x00, 0x00, 0x00, 0x00, 0x00,
0x00, 0x00, 0x00, 0x00, 0x00, 0x00, 0x00, 0x00, 0x00, 0x00, 0x00, 0x00, 0x00, 0x00, 0x00, 0x00,
0x00, 0x00, 0x00, 0x00, 0x00, 0x00, 0x00, 0x00, 0x00, 0x00, 0x00, 0x00, 0x00, 0x00, 0x00, 0x00,
0x00, 0x00, 0x00, 0x00, 0x00, 0x00, 0x00, 0x00, 0x00, 0x00, 0x00, 0x00, 0x00, 0x00, 0x00, 0x00,
0x00, 0x00, 0x00, 0x00, 0x00, 0x00, 0x00, 0x00, 0x00, 0x00, 0x00, 0x00, 0x00, 0x00, 0x00, 0x00,
0x00, 0x00, 0x00, 0x00, 0x00, 0x00, 0x00, 0x10, 0x00, 0x00, 0x00, 0x00, 0x00, 0x00, 0x00, 0x1B,
0x00, 0x00, 0x00, 0x00, 0x00, 0x00, 0x00, 0x00, 0x00, 0x00, 0x00, 0x00, 0x00, 0x00, 0x00, 0x00,
0x00, 0x00, 0x00, 0x02, 0x00, 0x00, 0x00, 0x2C, 0x00, 0x00, 0x00, 0x0A, 0x00, 0x00, 0x00, 0x3F,
0x00, 0x00, 0x00, 0x00, 0x00, 0x00, 0x00, 0x00, 0x00, 0x00, 0x00, 0x00, 0x00, 0x00, 0x00, 0x00,
0x00, 0x00, 0x00, 0x00, 0x00, 0x00, 0x00, 0x00, 0x00, 0x00, 0x00, 0x00, 0x00, 0x00, 0x00, 0x00,
0x00, 0x00, 0x00, 0x00, 0x00, 0x00, 0x00, 0x00, 0x00, 0x00, 0x00, 0x00, 0x00, 0x00, 0x00, 0x00,
0x00, 0x00, 0x00, 0x00, 0x00, 0x00, 0x00, 0x00, 0x00, 0x00, 0x00, 0x00, 0x00, 0x00, 0x00, 0x00,
0x00, 0x00, 0x00, 0x00, 0x00, 0x00, 0x00, 0x00, 0x00, 0x00, 0x00, 0x00, 0x00, 0x00, 0x00, 0x00,
0x00, 0x00, 0x00, 0x0C, 0x00, 0x00, 0x00, 0x47, 0x00, 0x00, 0x00, 0x0C, 0x00, 0x00, 0x00, 0x49,
0x00, 0x00, 0x00, 0x00, 0x00, 0x00, 0x00, 0x00, 0x00, 0x00, 0x00, 0x00, 0x00, 0x00, 0x00, 0x00,
0x00, 0x00, 0x00, 0x0B, 0x00, 0x00, 0x00, 0x49, 0x00, 0x00, 0x00, 0x0C, 0x00, 0x00, 0x00, 0x44,
0x00, 0x00, 0x00, 0x00, 0x00, 0x00, 0x00, 0x00, 0x00, 0x00, 0x00, 0x00, 0x00, 0x00, 0x00, 0x00,
0x00, 0x00, 0x00, 0x00, 0x00, 0x00, 0x00, 0x00, 0x00, 0x00, 0x00, 0x00, 0x00, 0x00, 0x00, 0x00,
0x00, 0x00, 0x00, 0x00, 0x00, 0x00, 0x00, 0x00, 0x00, 0x00, 0x00, 0x00, 0x00, 0x00, 0x00, 0x0C,
0x00, 0x00, 0x00, 0x02, 0x00, 0x00, 0x00, 0x09, 0x00, 0x00, 0x00, 0x1F, 0x00, 0x00, 0x00, 0x38,
0x00, 0x00, 0x00, 0x00, 0x00, 0x00, 0x00, 0x00, 0x00, 0x00, 0x00, 0x00, 0x00, 0x00, 0x00, 0x0A,
0x00, 0x00, 0x00, 0x00, 0x00, 0x00, 0x00, 0x05, 0x00, 0x00, 0x00, 0x1A, 0x00, 0x00, 0x00, 0x30,
0x00, 0x00, 0x00, 0x17, 0x00, 0x00, 0x00, 0x33, 0x00, 0x00, 0x00, 0x5A, 0x00, 0x00, 0x00, 0x8D,
0x00, 0x00, 0x00, 0x5E, 0x00, 0x00, 0x00, 0x8E, 0x00, 0x00, 0x00, 0xC6, 0x06, 0x08, 0x08, 0xEE,
0x00, 0x00, 0x00, 0x00, 0x00, 0x00, 0x00, 0x18, 0x00, 0x00, 0x00, 0x14, 0x00, 0x00, 0x00, 0x3B,
0x00, 0x00, 0x00, 0x4E, 0x00, 0x00, 0x00, 0x8F, 0x00, 0x00, 0x00, 0x8B, 0x00, 0x00, 0x00, 0xD9,
0x00, 0x00, 0x00, 0x2B, 0x00, 0x00, 0x00, 0x77, 0x00, 0x00, 0x00, 0x3D, 0x00, 0x00, 0x00, 0xA3,
0x00, 0x00, 0x00, 0xC9, 0x0E, 0x12, 0x11, 0xFA, 0x05, 0x07, 0x07, 0xF1, 0x26, 0x37, 0x37, 0xFF,
0x00, 0x00, 0x00, 0xC0, 0x04, 0x06, 0x06, 0xEB, 0x0A, 0x0F, 0x0E, 0xFD, 0x24, 0x37, 0x34, 0xFF,
0x18, 0x23, 0x23, 0xFF, 0x24, 0x38, 0x39, 0xFF, 0x27, 0x3D, 0x3E, 0xFF, 0x1B, 0x30, 0x31, 0xFF,
0x24, 0x36, 0x34, 0xFF, 0x24, 0x37, 0x34, 0xFF, 0x22, 0x33, 0x31, 0xFF, 0x22, 0x32, 0x2B, 0xFF,
0x21, 0x31, 0x2B, 0xFF, 0x40, 0x55, 0x59, 0xFF, 0x57, 0x77, 0x8D, 0xFF, 0x5E, 0x9A, 0xCE, 0xFF,
0x00, 0x00, 0x00, 0x12, 0x00, 0x00, 0x00, 0x1B, 0x00, 0x00, 0x00, 0x4F, 0x00, 0x00, 0x00, 0x6B,
0x00, 0x00, 0x00, 0x26, 0x00, 0x00, 0x00, 0x33, 0x00, 0x00, 0x00, 0x81, 0x00, 0x00, 0x00, 0x98,
0x00, 0x00, 0x00, 0xB9, 0x00, 0x00, 0x00, 0xD7, 0x13, 0x1C, 0x1D, 0xFF, 0x17, 0x26, 0x28, 0xFF,
0x01, 0x03, 0x02, 0xE8, 0x06, 0x0A, 0x0A, 0xF4, 0x1A, 0x30, 0x32, 0xFF, 0x21, 0x38, 0x3F, 0xFF,
0x00, 0x00, 0x00, 0x40, 0x00, 0x00, 0x00, 0x3B, 0x00, 0x00, 0x00, 0xAE, 0x00, 0x00, 0x00, 0xB8,
0x00, 0x00, 0x00, 0x3D, 0x00, 0x00, 0x00, 0x40, 0x00, 0x00, 0x00, 0xBD, 0x00, 0x00, 0x00, 0xC0,
0x0C, 0x12, 0x12, 0xFC, 0x11, 0x1A, 0x1C, 0xFF, 0x24, 0x3D, 0x43, 0xFF, 0x26, 0x3E, 0x44, 0xFF,
0x15, 0x23, 0x28, 0xFF, 0x16, 0x24, 0x28, 0xFF, 0x28, 0x43, 0x49, 0xFF, 0x25, 0x42, 0x48, 0xFF,
0x21, 0x3B, 0x3E, 0xFF, 0x1B, 0x37, 0x37, 0xFF, 0x1C, 0x31, 0x2E, 0xFF, 0x31, 0x46, 0x47, 0xFF,
0x1D, 0x35, 0x36, 0xFF, 0x1F, 0x36, 0x36, 0xFF, 0x49, 0x65, 0x71, 0xFF, 0x54, 0x77, 0x8C, 0xFF,
0x54, 0x7C, 0x98, 0xFF, 0x59, 0x90, 0xBE, 0xFF, 0x46, 0x8A, 0xCA, 0xFF, 0x43, 0x88, 0xC6, 0xFF,
0x48, 0x8A, 0xC2, 0xFF, 0x3C, 0x7E, 0xB9, 0xFF, 0x3C, 0x7B, 0xB6, 0xFF, 0x43, 0x8F, 0xC4, 0xFF,
0x26, 0x3C, 0x3B, 0xFF, 0x2C, 0x42, 0x43, 0xFF, 0x52, 0x7E, 0x9C, 0xFF, 0x4F, 0x7E, 0xA3, 0xFF,
0x32, 0x47, 0x46, 0xFF, 0x32, 0x49, 0x49, 0xFF, 0x54, 0x81, 0xAA, 0xFF, 0x5A, 0x88, 0xB0, 0xFF,
0x3F, 0x82, 0xBE, 0xFF, 0x47, 0x99, 0xCC, 0xFF, 0x44, 0xB8, 0xE7, 0xFF, 0x54, 0xCF, 0xF6, 0xFF,
0x58, 0xB0, 0xDE, 0xFF, 0x5D, 0xB8, 0xE4, 0xFF, 0x65, 0xD9, 0xFB, 0xFF, 0x6C, 0xDC, 0xFE, 0xFF,
0x00, 0x00, 0x00, 0x4D, 0x00, 0x00, 0x00, 0xBB, 0x00, 0x00, 0x00, 0x66, 0x05, 0x07, 0x07, 0xD5,
0x19, 0x25, 0x26, 0xFF, 0x24, 0x3C, 0x3D, 0xFF, 0x26, 0x3E, 0x3E, 0xFF, 0x20, 0x35, 0x34, 0xFF,
0x00, 0x00, 0x00, 0x8B, 0x0E, 0x17, 0x17, 0xEC, 0x00, 0x00, 0x00, 0xAB, 0x1A, 0x26, 0x26, 0xF9,
0x25, 0x44, 0x45, 0xFF, 0x24, 0x3A, 0x38, 0xFF, 0x29, 0x47, 0x4B, 0xFF, 0x27, 0x3F, 0x41, 0xFF,
0x24, 0x32, 0x31, 0xFF, 0x52, 0x77, 0x8E, 0xFF, 0x3F, 0x58, 0x61, 0xFF, 0x58, 0x98, 0xD3, 0xFF,
0x51, 0x96, 0xD5, 0xFF, 0x47, 0x8A, 0xC6, 0xFF, 0x4C, 0x8F, 0xCB, 0xFF, 0x4E, 0x8F, 0xCA, 0xFF,
0x51, 0x79, 0x95, 0xFF, 0x54, 0x97, 0xD6, 0xFF, 0x57, 0x87, 0xB4, 0xFF, 0x54, 0x96, 0xD5, 0xFF,
0x4E, 0x90, 0xCC, 0xFF, 0x4C, 0x8E, 0xC9, 0xFF, 0x50, 0x92, 0xCD, 0xFF, 0x50, 0x90, 0xCC, 0xFF,
0x00, 0x00, 0x00, 0xB6, 0x1C, 0x28, 0x2B, 0xFC, 0x00, 0x00, 0x00, 0xB8, 0x1C, 0x27, 0x2E, 0xFC,
0x30, 0x4D, 0x50, 0xFF, 0x2A, 0x41, 0x45, 0xFF, 0x31, 0x4C, 0x50, 0xFF, 0x32, 0x47, 0x48, 0xFF,
0x00, 0x00, 0x00, 0xB8, 0x1D, 0x29, 0x2A, 0xFC, 0x00, 0x00, 0x00, 0xB0, 0x21, 0x30, 0x31, 0xFC,
0x38, 0x4E, 0x4F, 0xFF, 0x44, 0x8B, 0xAE, 0xFF, 0x50, 0x9A, 0xC0, 0xFF, 0x56, 0xD0, 0xFF, 0xFF,
0x55, 0x87, 0xB8, 0xFF, 0x5E, 0x9D, 0xDB, 0xFF, 0x57, 0x98, 0xC7, 0xFF, 0x59, 0xA7, 0xE4, 0xFF,
0x56, 0x94, 0xD0, 0xFF, 0x51, 0x8F, 0xCA, 0xFF, 0x52, 0x9D, 0xD7, 0xFF, 0x57, 0xA3, 0xDA, 0xFF,
0x4E, 0xC0, 0xF7, 0xFF, 0x4A, 0xB9, 0xF0, 0xFF, 0x57, 0xCA, 0xFF, 0xFF, 0x52, 0xC5, 0xFC, 0xFF,
0x4C, 0xBC, 0xEE, 0xFF, 0x53, 0xC7, 0xF0, 0xFF, 0x58, 0xCD, 0xFF, 0xFF, 0x5D, 0xD4, 0xFF, 0xFF,
0x46, 0x89, 0xC5, 0xFF, 0x4A, 0x89, 0xC4, 0xFF, 0x46, 0x88, 0xC3, 0xFF, 0x45, 0x82, 0xBF, 0xFF,
0x47, 0x90, 0xC8, 0xFF, 0x3E, 0xC0, 0xEC, 0xFF, 0x3A, 0xAD, 0xE0, 0xFF, 0x3E, 0xC7, 0xF2, 0xFF,
0x4A, 0x88, 0xC4, 0xFF, 0x3F, 0x89, 0xC3, 0xFF, 0x4E, 0x88, 0xC6, 0xFF, 0x45, 0x99, 0xD3, 0xFF,
0x37, 0xB6, 0xE6, 0xFF, 0x47, 0xCA, 0xF5, 0xFF, 0x3A, 0xB9, 0xE6, 0xFF, 0x50, 0xC8, 0xF1, 0xFF,
0x46, 0xCF, 0xF7, 0xFF, 0x6A, 0xDF, 0xFF, 0xFF, 0x57, 0xD4, 0xF9, 0xFF, 0x54, 0xA0, 0xB2, 0xF0,
0x7E, 0xDE, 0xF8, 0xFF, 0x6D, 0xC1, 0xD8, 0xF9, 0x25, 0x3A, 0x41, 0xC6, 0x0D, 0x14, 0x15, 0xA6,
0x45, 0x9B, 0xB5, 0xF9, 0x03, 0x04, 0x04, 0xB8, 0x28, 0x52, 0x5E, 0xEC, 0x00, 0x00, 0x00, 0x8E,
0x00, 0x00, 0x00, 0x68, 0x00, 0x00, 0x00, 0x3C, 0x00, 0x00, 0x00, 0x2F, 0x00, 0x00, 0x00, 0x08,
0x4E, 0x87, 0xC4, 0xFF, 0x45, 0x98, 0xD2, 0xFF, 0x5A, 0xA3, 0xD7, 0xFF, 0x50, 0xAE, 0xDD, 0xFF,
0x43, 0xB6, 0xE3, 0xFF, 0x4D, 0xBC, 0xE4, 0xFF, 0x3D, 0xB3, 0xDD, 0xFF, 0x46, 0xB4, 0xDD, 0xFF,
0x6C, 0xD8, 0xFA, 0xFF, 0x81, 0xE0, 0xFC, 0xFF, 0x6D, 0xDF, 0xFF, 0xFF, 0x8F, 0xEC, 0xFF, 0xFF,
0x58, 0xC5, 0xE5, 0xFF, 0x35, 0xA7, 0xD4, 0xFF, 0xAB, 0xF7, 0xFF, 0xFF, 0x61, 0xC9, 0xEE, 0xFF,
0x1B, 0x3B, 0x46, 0xE8, 0x00, 0x00, 0x00, 0x80, 0x19, 0x3D, 0x4A, 0xE8, 0x00, 0x00, 0x00, 0x80,
0x00, 0x00, 0x00, 0x23, 0x00, 0x00, 0x00, 0x00, 0x00, 0x00, 0x00, 0x23, 0x00, 0x00, 0x00, 0x00,
0x14, 0x38, 0x47, 0xE9, 0x00, 0x00, 0x00, 0x81, 0x0C, 0x36, 0x47, 0xE8, 0x00, 0x00, 0x00, 0x7E,
0x00, 0x00, 0x00, 0x23, 0x00, 0x00, 0x00, 0x00, 0x00, 0x00, 0x00, 0x23, 0x00, 0x00, 0x00, 0x00,
0x00, 0x00, 0x00, 0x00, 0x00, 0x00, 0x00, 0x00, 0x00, 0x00, 0x00, 0x00, 0x00, 0x00, 0x00, 0x00,
0x00, 0x00, 0x00, 0x00, 0x00, 0x00, 0x00, 0x00, 0x00, 0x00, 0x00, 0x00, 0x00, 0x00, 0x00, 0x00,
0x00, 0x00, 0x00, 0x00, 0x00, 0x00, 0x00, 0x00, 0x00, 0x00, 0x00, 0x00, 0x00, 0x00, 0x00, 0x00,
0x00, 0x00, 0x00, 0x00, 0x00, 0x00, 0x00, 0x00, 0x00, 0x00, 0x00, 0x00, 0x00, 0x00, 0x00, 0x00,
0x00, 0x00, 0x00, 0x00, 0x00, 0x00, 0x00, 0x00, 0x00, 0x00, 0x00, 0x00, 0x00, 0x00, 0x00, 0x00,
0x00, 0x00, 0x00, 0x00, 0x00, 0x00, 0x00, 0x00, 0x00, 0x00, 0x00, 0x00, 0x00, 0x00, 0x00, 0x00,
0x00, 0x00, 0x00, 0x00, 0x00, 0x00, 0x00, 0x00, 0x00, 0x00, 0x00, 0x00, 0x00, 0x00, 0x00, 0x00,
0x00, 0x00, 0x00, 0x00, 0x00, 0x00, 0x00, 0x00, 0x00, 0x00, 0x00, 0x00, 0x00, 0x00, 0x00, 0x00,
0x00, 0x00, 0x00, 0x00, 0x00, 0x00, 0x00, 0x00, 0x00, 0x00, 0x00, 0x00, 0x00, 0x00, 0x00, 0x00,
0x00, 0x00, 0x00, 0x00, 0x00, 0x00, 0x00, 0x00, 0x00, 0x00, 0x00, 0x00, 0x00, 0x00, 0x00, 0x00,
0x00, 0x00, 0x00, 0x00, 0x00, 0x00, 0x00, 0x00, 0x00, 0x00, 0x00, 0x00, 0x00, 0x00, 0x00, 0x00,
0x00, 0x00, 0x00, 0x00, 0x00, 0x00, 0x00, 0x00, 0x00, 0x00, 0x00, 0x00, 0x00, 0x00, 0x00, 0x00,
0x00, 0x00, 0x00, 0x00, 0x00, 0x00, 0x00, 0x00, 0x00, 0x00, 0x00, 0x00, 0x00, 0x00, 0x00, 0x00,
0x00, 0x00, 0x00, 0x00, 0x00, 0x00, 0x00, 0x00, 0x00, 0x00, 0x00, 0x00, 0x00, 0x00, 0x00, 0x00,
0x00, 0x00, 0x00, 0x00, 0x00, 0x00, 0x00, 0x00, 0x00, 0x00, 0x00, 0x00, 0x00, 0x00, 0x00, 0x00,
0x00, 0x00, 0x00, 0x00, 0x00, 0x00, 0x00, 0x00, 0x00, 0x00, 0x00, 0x00, 0x00, 0x00, 0x00, 0x00,
0x00, 0x00, 0x00, 0x00, 0x00, 0x00, 0x00, 0x00, 0x00, 0x00, 0x00, 0x00, 0x00, 0x00, 0x00, 0x00,
0x00, 0x00, 0x00, 0x00, 0x00, 0x00, 0x00, 0x00, 0x00, 0x00, 0x00, 0x00, 0x00, 0x00, 0x00, 0x00,
0x00, 0x00, 0x00, 0x00, 0x00, 0x00, 0x00, 0x00, 0x00, 0x00, 0x00, 0x00, 0x00, 0x00, 0x00, 0x00,
0x00, 0x00, 0x00, 0x00, 0x00, 0x00, 0x00, 0x00, 0x00, 0x00, 0x00, 0x00, 0x00, 0x00, 0x00, 0x00,
0x00, 0x00, 0x00, 0x00, 0x00, 0x00, 0x00, 0x00, 0x00, 0x00, 0x00, 0x00, 0x00, 0x00, 0x00, 0x00,
0x00, 0x00, 0x00, 0x05, 0x00, 0x00, 0x00, 0x30, 0x00, 0x00, 0x00, 0x00, 0x00, 0x00, 0x00, 0x17,
0x00, 0x00, 0x00, 0x00, 0x00, 0x00, 0x00, 0x00, 0x00, 0x00, 0x00, 0x00, 0x00, 0x00, 0x00, 0x00,
0x00, 0x00, 0x00, 0x00, 0x00, 0x00, 0x00, 0x02, 0x00, 0x00, 0x00, 0x00, 0x00, 0x00, 0x00, 0x00,
0x00, 0x00, 0x00, 0x00, 0x00, 0x00, 0x00, 0x00, 0x00, 0x00, 0x00, 0x00, 0x00, 0x00, 0x00, 0x00,
0x00, 0x00, 0x00, 0x00, 0x00, 0x00, 0x00, 0x00, 0x00, 0x00, 0x00, 0x00, 0x00, 0x00, 0x00, 0x00,
0x00, 0x00, 0x00, 0x00, 0x00, 0x00, 0x00, 0x00, 0x00, 0x00, 0x00, 0x00, 0x00, 0x00, 0x00, 0x00,
0x00, 0x00, 0x00, 0x00, 0x00, 0x00, 0x00, 0x00, 0x00, 0x00, 0x00, 0x00, 0x00, 0x00, 0x00, 0x00,
0x00, 0x00, 0x00, 0x00, 0x00, 0x00, 0x00, 0x00, 0x00, 0x00, 0x00, 0x00, 0x00, 0x00, 0x00, 0x00,
0x00, 0x00, 0x00, 0x00, 0x00, 0x00, 0x00, 0x00, 0x00, 0x00, 0x00, 0x00, 0x00, 0x00, 0x00, 0x00,
0x00, 0x00, 0x00, 0x00, 0x00, 0x00, 0x00, 0x00, 0x00, 0x00, 0x00, 0x00, 0x00, 0x00, 0x00, 0x00,
0x00, 0x00, 0x00, 0x00, 0x00, 0x00, 0x00, 0x00, 0x00, 0x00, 0x00, 0x00, 0x00, 0x00, 0x00, 0x00,
0x00, 0x00, 0x00, 0x00, 0x00, 0x00, 0x00, 0x00, 0x00, 0x00, 0x00, 0x00, 0x00, 0x00, 0x00, 0x00,
0x00, 0x00, 0x00, 0x00, 0x00, 0x00, 0x00, 0x00, 0x00, 0x00, 0x00, 0x00, 0x00, 0x00, 0x00, 0x00,
0x00, 0x00, 0x00, 0x00, 0x00, 0x00, 0x00, 0x00, 0x00, 0x00, 0x00, 0x00, 0x00, 0x00, 0x00, 0x00,
0x00, 0x00, 0x00, 0x00, 0x00, 0x00, 0x00, 0x00, 0x00, 0x00, 0x00, 0x00, 0x00, 0x00, 0x00, 0x00,
0x00, 0x00, 0x00, 0x00, 0x00, 0x00, 0x00, 0x00, 0x00, 0x00, 0x00, 0x00, 0x00, 0x00, 0x00, 0x00,
0x00, 0x00, 0x00, 0x00, 0x00, 0x00, 0x00, 0x00, 0x00, 0x00, 0x00, 0x00, 0x00, 0x00, 0x00, 0x00,
0x00, 0x00, 0x00, 0x00, 0x00, 0x00, 0x00, 0x00, 0x00, 0x00, 0x00, 0x00, 0x00, 0x00, 0x00, 0x00,
0x00, 0x00, 0x00, 0x00, 0x00, 0x00, 0x00, 0x00, 0x00, 0x00, 0x00, 0x00, 0x00, 0x00, 0x00, 0x00,
0x00, 0x00, 0x00, 0x00, 0x00, 0x00, 0x00, 0x00, 0x00, 0x00, 0x00, 0x00, 0x00, 0x00, 0x00, 0x00,
0x00, 0x00, 0x00, 0x00, 0x00, 0x00, 0x00, 0x00, 0x00, 0x00, 0x00, 0x00, 0x00, 0x00, 0x00, 0x00,
0x00, 0x00, 0x00, 0x00, 0x00, 0x00, 0x00, 0x00, 0x00, 0x00, 0x00, 0x00, 0x00, 0x00, 0x00, 0x00,
0x00, 0x00, 0x00, 0x00, 0x00, 0x00, 0x00, 0x00, 0x00, 0x00, 0x00, 0x00, 0x00, 0x00, 0x00, 0x00,
0x00, 0x00, 0x00, 0x00, 0x00, 0x00, 0x00, 0x00, 0x00, 0x00, 0x00, 0x00, 0x00, 0x00, 0x00, 0x00,
0x00, 0x00, 0x00, 0x00, 0x00, 0x00, 0x00, 0x00, 0x00, 0x00, 0x00, 0x00, 0x00, 0x00, 0x00, 0x00,
0x00, 0x00, 0x00, 0x00, 0x00, 0x00, 0x00, 0x00, 0x00, 0x00, 0x00, 0x00, 0x00, 0x00, 0x00, 0x00,
0x00, 0x00, 0x00, 0x00, 0x00, 0x00, 0x00, 0x00, 0x00, 0x00, 0x00, 0x00, 0x00, 0x00, 0x00, 0x00,
0x00, 0x00, 0x00, 0x00, 0x00, 0x00, 0x00, 0x00, 0x00, 0x00, 0x00, 0x00, 0x00, 0x00, 0x00, 0x00,
0x00, 0x00, 0x00, 0x00, 0x00, 0x00, 0x00, 0x00, 0x00, 0x00, 0x00, 0x00, 0x00, 0x00, 0x00, 0x00,
0x00, 0x00, 0x00, 0x00, 0x00, 0x00, 0x00, 0x00, 0x00, 0x00, 0x00, 0x00, 0x00, 0x00, 0x00, 0x00,
0x00, 0x00, 0x00, 0x00, 0x00, 0x00, 0x00, 0x00, 0x00, 0x00, 0x00, 0x00, 0x00, 0x00, 0x00, 0x00,
0x00, 0x00, 0x00, 0x00, 0x00, 0x00, 0x00, 0x00, 0x00, 0x00, 0x00, 0x00, 0x00, 0x00, 0x00, 0x00,
0x00, 0x00, 0x00, 0x00, 0x00, 0x00, 0x00, 0x00, 0x00, 0x00, 0x00, 0x00, 0x00, 0x00, 0x00, 0x00,
0x00, 0x00, 0x00, 0x00, 0x00, 0x00, 0x00, 0x00, 0x00, 0x00, 0x00, 0x00, 0x00, 0x00, 0x00, 0x00,
0x00, 0x00, 0x00, 0x00, 0x00, 0x00, 0x00, 0x00, 0x00, 0x00, 0x00, 0x00, 0x00, 0x00, 0x00, 0x00,
0x00, 0x00, 0x00, 0x00, 0x00, 0x00, 0x00, 0x00, 0x00, 0x00, 0x00, 0x00, 0x00, 0x00, 0x00, 0x00,
0x00, 0x00, 0x00, 0x00, 0x00, 0x00, 0x00, 0x00, 0x00, 0x00, 0x00, 0x00, 0x00, 0x00, 0x00, 0x00,
0x00, 0x00, 0x00, 0x00, 0x00, 0x00, 0x00, 0x00, 0x00, 0x00, 0x00, 0x00, 0x00, 0x00, 0x00, 0x00,
0x00, 0x00, 0x00, 0x00, 0x00, 0x00, 0x00, 0x00, 0x00, 0x00, 0x00, 0x00, 0x00, 0x00, 0x00, 0x00,
0x00, 0x00, 0x00, 0x00, 0x00, 0x00, 0x00, 0x00, 0x00, 0x00, 0x00, 0x00, 0x00, 0x00, 0x00, 0x00,
0x00, 0x00, 0x00, 0x00, 0x00, 0x00, 0x00, 0x00, 0x00, 0x00, 0x00, 0x00, 0x00, 0x00, 0x00, 0x00,
0x00, 0x00, 0x00, 0x00, 0x00, 0x00, 0x00, 0x00, 0x00, 0x00, 0x00, 0x00, 0x00, 0x00, 0x00, 0x00,
0x00, 0x00, 0x00, 0x00, 0x00, 0x00, 0x00, 0x02, 0x00, 0x00, 0x00, 0x00, 0x00, 0x00, 0x00, 0x19,
0x00, 0x00, 0x00, 0x81, 0x17, 0x25, 0x2C, 0xC7, 0x00, 0x00, 0x00, 0x39, 0x00, 0x00, 0x00, 0x5B,
0x2D, 0x5D, 0x77, 0xD7, 0x2B, 0x59, 0x71, 0xD6, 0x00, 0x00, 0x00, 0x67, 0x00, 0x00, 0x00, 0x67,
0x00, 0x00, 0x00, 0x10, 0x00, 0x00, 0x00, 0x16, 0x00, 0x00, 0x00, 0x00, 0x00, 0x00, 0x00, 0x00,
0x00, 0x00, 0x00, 0x19, 0x00, 0x00, 0x00, 0x19, 0x00, 0x00, 0x00, 0x00, 0x00, 0x00, 0x00, 0x00,
0x2C, 0x59, 0x6F, 0xD6, 0x2B, 0x59, 0x6D, 0xD6, 0x00, 0x00, 0x00, 0x67, 0x00, 0x00, 0x00, 0x67,
0x2D, 0x5A, 0x6D, 0xD6, 0x2E, 0x5C, 0x6F, 0xD6, 0x00, 0x00, 0x00, 0x66, 0x00, 0x00, 0x00, 0x67,
0x00, 0x00, 0x00, 0x19, 0x00, 0x00, 0x00, 0x19, 0x00, 0x00, 0x00, 0x00, 0x00, 0x00, 0x00, 0x00,
0x00, 0x00, 0x00, 0x19, 0x00, 0x00, 0x00, 0x19, 0x00, 0x00, 0x00, 0x00, 0x00, 0x00, 0x00, 0x00,
0x00, 0x00, 0x00, 0x00, 0x00, 0x00, 0x00, 0x00, 0x00, 0x00, 0x00, 0x00, 0x00, 0x00, 0x00, 0x00,
0x00, 0x00, 0x00, 0x00, 0x00, 0x00, 0x00, 0x00, 0x00, 0x00, 0x00, 0x00, 0x00, 0x00, 0x00, 0x00,
0x00, 0x00, 0x00, 0x00, 0x00, 0x00, 0x00, 0x00, 0x00, 0x00, 0x00, 0x00, 0x00, 0x00, 0x00, 0x00,
0x00, 0x00, 0x00, 0x00, 0x00, 0x00, 0x00, 0x00, 0x00, 0x00, 0x00, 0x00, 0x00, 0x00, 0x00, 0x00,
0x00, 0x00, 0x00, 0x00, 0x00, 0x00, 0x00, 0x00, 0x00, 0x00, 0x00, 0x00, 0x00, 0x00, 0x00, 0x00,
0x00, 0x00, 0x00, 0x00, 0x00, 0x00, 0x00, 0x00, 0x00, 0x00, 0x00, 0x00, 0x00, 0x00, 0x00, 0x00,
0x00, 0x00, 0x00, 0x00, 0x00, 0x00, 0x00, 0x00, 0x00, 0x00, 0x00, 0x00, 0x00, 0x00, 0x00, 0x00,
0x00, 0x00, 0x00, 0x00, 0x00, 0x00, 0x00, 0x00, 0x00, 0x00, 0x00, 0x00, 0x00, 0x00, 0x00, 0x00,
0x32, 0x60, 0x71, 0xD6, 0x3C, 0x64, 0x72, 0xD6, 0x00, 0x00, 0x00, 0x67, 0x00, 0x00, 0x00, 0x67,
0x4D, 0x6B, 0x73, 0xD6, 0x4A, 0x6B, 0x74, 0xD7, 0x00, 0x00, 0x00, 0x67, 0x00, 0x00, 0x00, 0x68,
0x00, 0x00, 0x00, 0x19, 0x00, 0x00, 0x00, 0x19, 0x00, 0x00, 0x00, 0x00, 0x00, 0x00, 0x00, 0x00,
0x00, 0x00, 0x00, 0x19, 0x00, 0x00, 0x00, 0x22, 0x00, 0x00, 0x00, 0x00, 0x00, 0x00, 0x00, 0x21,
0x0E, 0x1D, 0x22, 0xB8, 0x00, 0x00, 0x00, 0x63, 0x00, 0x00, 0x00, 0x5D, 0x00, 0x00, 0x00, 0x3E,
0x00, 0x00, 0x00, 0x1B, 0x00, 0x00, 0x00, 0x00, 0x00, 0x00, 0x00, 0x1F, 0x00, 0x00, 0x00, 0x17,
0x00, 0x00, 0x00, 0x3E, 0x00, 0x00, 0x00, 0x5A, 0x00, 0x00, 0x00, 0x6C, 0x00, 0x02, 0x01, 0xBB,
0x00, 0x00, 0x00, 0x62, 0x00, 0x00, 0x00, 0x64, 0x04, 0x05, 0x05, 0xD1, 0x03, 0x05, 0x04, 0xD3,
0x00, 0x00, 0x00, 0x00, 0x00, 0x00, 0x00, 0x00, 0x00, 0x00, 0x00, 0x00, 0x00, 0x00, 0x00, 0x00,
0x00, 0x00, 0x00, 0x03, 0x00, 0x00, 0x00, 0x30, 0x00, 0x00, 0x00, 0x05, 0x00, 0x00, 0x00, 0x35,
0x00, 0x00, 0x00, 0x00, 0x00, 0x00, 0x00, 0x00, 0x00, 0x00, 0x00, 0x00, 0x00, 0x00, 0x00, 0x00,
0x00, 0x00, 0x00, 0x05, 0x00, 0x00, 0x00, 0x35, 0x00, 0x00, 0x00, 0x05, 0x00, 0x00, 0x00, 0x35,
0x02, 0x01, 0x01, 0x96, 0x38, 0x45, 0x47, 0xF9, 0x00, 0x00, 0x00, 0x9E, 0x54, 0x62, 0x64, 0xF9,
0x33, 0x48, 0x4B, 0xFF, 0x34, 0x45, 0x44, 0xFF, 0x68, 0x7E, 0x7E, 0xFF, 0x44, 0x56, 0x52, 0xFF,
0x00, 0x00, 0x00, 0x9D, 0x45, 0x52, 0x51, 0xF8, 0x00, 0x00, 0x00, 0x9D, 0x3F, 0x4A, 0x4A, 0xF8,
0x70, 0x7F, 0x7F, 0xFF, 0x56, 0x66, 0x67, 0xFF, 0x57, 0x6B, 0x62, 0xFF, 0x55, 0x67, 0x65, 0xFF,
0x00, 0x00, 0x00, 0x00, 0x00, 0x00, 0x00, 0x00, 0x00, 0x00, 0x00, 0x00, 0x00, 0x00, 0x00, 0x00,
0x00, 0x00, 0x00, 0x00, 0x00, 0x00, 0x00, 0x00, 0x00, 0x00, 0x00, 0x00, 0x00, 0x00, 0x00, 0x00,
0x00, 0x00, 0x00, 0x00, 0x00, 0x00, 0x00, 0x00, 0x00, 0x00, 0x00, 0x00, 0x00, 0x00, 0x00, 0x00,
0x00, 0x00, 0x00, 0x00, 0x00, 0x00, 0x00, 0x00, 0x00, 0x00, 0x00, 0x00, 0x00, 0x00, 0x00, 0x00,
0x00, 0x00, 0x00, 0x00, 0x00, 0x00, 0x00, 0x00, 0x00, 0x00, 0x00, 0x00, 0x00, 0x00, 0x00, 0x00,
0x00, 0x00, 0x00, 0x00, 0x00, 0x00, 0x00, 0x00, 0x00, 0x00, 0x00, 0x00, 0x00, 0x00, 0x00, 0x00,
0x00, 0x00, 0x00, 0x00, 0x00, 0x00, 0x00, 0x00, 0x00, 0x00, 0x00, 0x00, 0x00, 0x00, 0x00, 0x00,
0x00, 0x00, 0x00, 0x00, 0x00, 0x00, 0x00, 0x00, 0x00, 0x00, 0x00, 0x00, 0x00, 0x00, 0x00, 0x00,
0x00, 0x00, 0x00, 0x00, 0x00, 0x00, 0x00, 0x00, 0x00, 0x00, 0x00, 0x00, 0x00, 0x00, 0x00, 0x00,
0x00, 0x00, 0x00, 0x00, 0x00, 0x00, 0x00, 0x00, 0x00, 0x00, 0x00, 0x00, 0x00, 0x00, 0x00, 0x00,
0x00, 0x00, 0x00, 0x10, 0x00, 0x00, 0x00, 0x1A, 0x00, 0x00, 0x00, 0x3E, 0x00, 0x00, 0x00, 0x67,
0x00, 0x00, 0x00, 0x22, 0x00, 0x00, 0x00, 0x24, 0x00, 0x00, 0x00, 0x7B, 0x00, 0x00, 0x00, 0x7E,
0x00, 0x00, 0x00, 0x00, 0x00, 0x00, 0x00, 0x00, 0x00, 0x00, 0x00, 0x00, 0x00, 0x00, 0x00, 0x00,
0x00, 0x00, 0x00, 0x00, 0x00, 0x00, 0x00, 0x00, 0x00, 0x00, 0x00, 0x00, 0x00, 0x00, 0x00, 0x00,
0x00, 0x00, 0x00, 0x24, 0x00, 0x00, 0x00, 0x24, 0x00, 0x00, 0x00, 0x7E, 0x00, 0x00, 0x00, 0x7E,
0x00, 0x00, 0x00, 0x23, 0x00, 0x00, 0x00, 0x23, 0x00, 0x00, 0x00, 0x7E, 0x00, 0x00, 0x00, 0x7E,
0x00, 0x00, 0x00, 0x00, 0x00, 0x00, 0x00, 0x00, 0x00, 0x00, 0x00, 0x00, 0x00, 0x00, 0x00, 0x00,
0x00, 0x00, 0x00, 0x05, 0x00, 0x00, 0x00, 0x35, 0x00, 0x00, 0x00, 0x03, 0x00, 0x00, 0x00, 0x34,
0x00, 0x00, 0x00, 0x00, 0x00, 0x00, 0x00, 0x00, 0x00, 0x00, 0x00, 0x00, 0x00, 0x00, 0x00, 0x00,
0x00, 0x00, 0x00, 0x00, 0x00, 0x00, 0x00, 0x29, 0x00, 0x00, 0x00, 0x00, 0x00, 0x00, 0x00, 0x17,
0x00, 0x00, 0x00, 0x9F, 0x3B, 0x42, 0x3F, 0xF9, 0x00, 0x00, 0x00, 0x9C, 0x41, 0x4B, 0x47, 0xFD,
0x4B, 0x5D, 0x5B, 0xFF, 0x61, 0x9B, 0xB5, 0xFF, 0x71, 0xB7, 0xD1, 0xFF, 0x8F, 0xEE, 0xFF, 0xFF,
0x00, 0x00, 0x00, 0x7E, 0x2C, 0x3C, 0x42, 0xD9, 0x00, 0x00, 0x00, 0x41, 0x00, 0x00, 0x00, 0x70,
0x46, 0x73, 0x86, 0xEC, 0x47, 0x73, 0x84, 0xEC, 0x00, 0x00, 0x00, 0x83, 0x00, 0x00, 0x00, 0x85,
0x00, 0x00, 0x00, 0x00, 0x00, 0x00, 0x00, 0x00, 0x00, 0x00, 0x00, 0x00, 0x00, 0x00, 0x00, 0x00,
0x00, 0x00, 0x00, 0x00, 0x00, 0x00, 0x00, 0x02, 0x00, 0x00, 0x00, 0x00, 0x00, 0x00, 0x00, 0x00,
0x00, 0x00, 0x00, 0x24, 0x00, 0x00, 0x00, 0x23, 0x00, 0x00, 0x00, 0x7E, 0x00, 0x00, 0x00, 0x7E,
0x00, 0x00, 0x00, 0x24, 0x00, 0x00, 0x00, 0x22, 0x00, 0x00, 0x00, 0x7E, 0x00, 0x00, 0x00, 0x7B,
0x00, 0x00, 0x00, 0x14, 0x00, 0x00, 0x00, 0x20, 0x00, 0x00, 0x00, 0x00, 0x00, 0x00, 0x00, 0x00,
0x00, 0x00, 0x00, 0x26, 0x00, 0x00, 0x00, 0x26, 0x00, 0x00, 0x00, 0x00, 0x00, 0x00, 0x00, 0x00,
0x00, 0x00, 0x00, 0x19, 0x00, 0x00, 0x00, 0x0F, 0x00, 0x00, 0x00, 0x5F, 0x00, 0x00, 0x00, 0x30,
0x00, 0x00, 0x00, 0x00, 0x00, 0x00, 0x00, 0x00, 0x00, 0x00, 0x00, 0x0F, 0x00, 0x00, 0x00, 0x00,
0x00, 0x00, 0x00, 0x3E, 0x00, 0x00, 0x00, 0x3D, 0x00, 0x00, 0x00, 0xC0, 0x00, 0x00, 0x00, 0xBE,
0x00, 0x00, 0x00, 0x3B, 0x00, 0x00, 0x00, 0x45, 0x00, 0x00, 0x00, 0xBB, 0x00, 0x00, 0x00, 0xB4,
0x17, 0x25, 0x28, 0xFF, 0x19, 0x26, 0x2B, 0xFF, 0x27, 0x46, 0x4B, 0xFF, 0x28, 0x46, 0x4E, 0xFF,
0x13, 0x1F, 0x23, 0xFF, 0x0F, 0x18, 0x1B, 0xFD, 0x28, 0x47, 0x50, 0xFF, 0x2A, 0x4B, 0x56, 0xFF,
0x00, 0x00, 0x00, 0x3B, 0x00, 0x00, 0x00, 0x2B, 0x00, 0x00, 0x00, 0xA3, 0x00, 0x00, 0x00, 0x8B,
0x00, 0x00, 0x00, 0x1F, 0x00, 0x00, 0x00, 0x16, 0x00, 0x00, 0x00, 0x75, 0x00, 0x00, 0x00, 0x5D,
0x0B, 0x11, 0x13, 0xF8, 0x05, 0x07, 0x08, 0xEE, 0x30, 0x51, 0x5D, 0xFF, 0x2A, 0x4A, 0x56, 0xFF,
0x00, 0x00, 0x00, 0xE1, 0x00, 0x00, 0x00, 0xC9, 0x23, 0x3D, 0x49, 0xFF, 0x1E, 0x31, 0x3D, 0xFF,
0x30, 0x48, 0x4C, 0xFF, 0x2E, 0x47, 0x4C, 0xFF, 0x58, 0x87, 0xB0, 0xFF, 0x50, 0x83, 0xAC, 0xFF,
0x30, 0x4C, 0x50, 0xFF, 0x24, 0x43, 0x48, 0xFF, 0x4C, 0x7E, 0xA4, 0xFF, 0x5B, 0x88, 0xAA, 0xFF,
0x5E, 0xB5, 0xDE, 0xFF, 0x5D, 0xAA, 0xD8, 0xFF, 0x72, 0xD9, 0xFB, 0xFF, 0x71, 0xCE, 0xEE, 0xFF,
0x45, 0x8E, 0xC3, 0xFF, 0x3A, 0x7E, 0xB9, 0xFF, 0x63, 0xB6, 0xDF, 0xFF, 0x4F, 0x92, 0xC2, 0xFF,
0x24, 0x44, 0x4C, 0xFF, 0x28, 0x4A, 0x55, 0xFF, 0x55, 0x7F, 0x9D, 0xFF, 0x4B, 0x6E, 0x82, 0xFF,
0x2D, 0x52, 0x62, 0xFF, 0x33, 0x5B, 0x73, 0xFF, 0x42, 0x65, 0x77, 0xFF, 0x35, 0x5B, 0x6B, 0xFF,
0x35, 0x78, 0xB5, 0xFF, 0x41, 0x83, 0xBC, 0xFF, 0x3A, 0x77, 0xAE, 0xFF, 0x47, 0x88, 0xC2, 0xFF,
0x50, 0x8E, 0xC2, 0xFF, 0x55, 0x8B, 0xB3, 0xFF, 0x46, 0x89, 0xC5, 0xFF, 0x40, 0x87, 0xC4, 0xFF,
0x00, 0x00, 0x00, 0x0C, 0x00, 0x00, 0x00, 0x00, 0x00, 0x00, 0x00, 0x3F, 0x00, 0x00, 0x00, 0x24,
0x00, 0x00, 0x00, 0x00, 0x00, 0x00, 0x00, 0x00, 0x00, 0x00, 0x00, 0x12, 0x00, 0x00, 0x00, 0x00,
0x00, 0x00, 0x00, 0xA6, 0x00, 0x00, 0x00, 0x78, 0x10, 0x18, 0x1D, 0xF9, 0x01, 0x02, 0x02, 0xDE,
0x00, 0x00, 0x00, 0x47, 0x00, 0x00, 0x00, 0x24, 0x00, 0x00, 0x00, 0xAC, 0x00, 0x00, 0x00, 0x6E,
0x00, 0x00, 0x00, 0x00, 0x00, 0x00, 0x00, 0x00, 0x00, 0x00, 0x00, 0x00, 0x00, 0x00, 0x00, 0x00,
0x00, 0x00, 0x00, 0x00, 0x00, 0x00, 0x00, 0x00, 0x00, 0x00, 0x00, 0x00, 0x00, 0x00, 0x00, 0x00,
0x00, 0x00, 0x00, 0x0E, 0x00, 0x00, 0x00, 0x00, 0x00, 0x00, 0x00, 0x37, 0x00, 0x00, 0x00, 0x14,
0x00, 0x00, 0x00, 0x00, 0x00, 0x00, 0x00, 0x00, 0x00, 0x00, 0x00, 0x00, 0x00, 0x00, 0x00, 0x00,
0x32, 0x5B, 0x74, 0xFF, 0x2D, 0x4B, 0x5F, 0xFF, 0x31, 0x5A, 0x71, 0xFF, 0x34, 0x63, 0x83, 0xFF,
0x11, 0x1D, 0x25, 0xFA, 0x00, 0x00, 0x00, 0xD3, 0x3B, 0x6B, 0x8B, 0xFF, 0x29, 0x49, 0x5F, 0xFF,
0x4E, 0x7E, 0x9E, 0xFF, 0x3F, 0x6D, 0x87, 0xFF, 0x41, 0x88, 0xC5, 0xFF, 0x52, 0x8D, 0xBD, 0xFF,
0x34, 0x69, 0x8A, 0xFF, 0x3C, 0x78, 0xA4, 0xFF, 0x53, 0x88, 0xAD, 0xFF, 0x38, 0x77, 0xA2, 0xFF,
0x00, 0x00, 0x00, 0x88, 0x00, 0x00, 0x00, 0x3E, 0x03, 0x05, 0x06, 0xE0, 0x00, 0x00, 0x00, 0x8A,
0x00, 0x00, 0x00, 0x14, 0x00, 0x00, 0x00, 0x00, 0x00, 0x00, 0x00, 0x39, 0x00, 0x00, 0x00, 0x10,
0x2B, 0x53, 0x73, 0xFF, 0x03, 0x05, 0x06, 0xD7, 0x41, 0x85, 0xBE, 0xFF, 0x25, 0x45, 0x61, 0xFE,
0x00, 0x00, 0x00, 0x7A, 0x00, 0x00, 0x00, 0x2E, 0x00, 0x00, 0x00, 0xC1, 0x00, 0x00, 0x00, 0x5E,
0x69, 0xB4, 0xCC, 0xF6, 0x78, 0xC4, 0xE0, 0xFB, 0x07, 0x0B, 0x0C, 0x9F, 0x17, 0x20, 0x23, 0xB5,
0x82, 0xCD, 0xF0, 0xFF, 0x62, 0x9F, 0xC6, 0xFF, 0x46, 0x62, 0x6E, 0xE0, 0x68, 0x97, 0xAF, 0xFE,
0x00, 0x00, 0x00, 0x36, 0x00, 0x00, 0x00, 0x51, 0x00, 0x00, 0x00, 0x03, 0x00, 0x00, 0x00, 0x19,
0x00, 0x00, 0x00, 0x96, 0x25, 0x35, 0x3C, 0xE7, 0x00, 0x00, 0x00, 0x5F, 0x03, 0x04, 0x05, 0xCA,
0x3F, 0x76, 0x9D, 0xFF, 0x40, 0x7C, 0xAC, 0xFF, 0x44, 0x74, 0x90, 0xFF, 0x33, 0x62, 0x80, 0xFF,
0x4D, 0x8E, 0xCC, 0xFF, 0x43, 0x87, 0xC2, 0xFF, 0x40, 0x7F, 0xB4, 0xFF, 0x44, 0x8A, 0xC2, 0xFF,
0x45, 0x6B, 0x7E, 0xFF, 0x30, 0x51, 0x5E, 0xFF, 0x31, 0x4D, 0x58, 0xFF, 0x2B, 0x4A, 0x54, 0xFF,
0x39, 0x6C, 0x8E, 0xFF, 0x44, 0x88, 0xC2, 0xFF, 0x30, 0x5A, 0x73, 0xFF, 0x3F, 0x7E, 0xB6, 0xFF,
0x00, 0x00, 0x00, 0x00, 0x00, 0x00, 0x00, 0x0E, 0x00, 0x00, 0x00, 0x00, 0x00, 0x00, 0x00, 0x0E,
0x00, 0x00, 0x00, 0x4C, 0x02, 0x01, 0x01, 0xBC, 0x00, 0x00, 0x00, 0x4A, 0x03, 0x03, 0x03, 0xBB,
0x00, 0x00, 0x00, 0x00, 0x00, 0x00, 0x00, 0x0E, 0x00, 0x00, 0x00, 0x00, 0x00, 0x00, 0x00, 0x0E,
0x00, 0x00, 0x00, 0x4A, 0x02, 0x03, 0x03, 0xBB, 0x00, 0x00, 0x00, 0x4B, 0x03, 0x03, 0x03, 0xBC,
0x24, 0x37, 0x3F, 0xFF, 0x2B, 0x47, 0x50, 0xFF, 0x26, 0x38, 0x40, 0xFF, 0x28, 0x42, 0x4D, 0xFF,
0x2B, 0x50, 0x61, 0xFF, 0x48, 0x85, 0xBD, 0xFF, 0x2D, 0x51, 0x61, 0xFF, 0x54, 0x90, 0xC9, 0xFF,
0x25, 0x3B, 0x40, 0xFF, 0x2D, 0x48, 0x4E, 0xFF, 0x26, 0x3C, 0x41, 0xFF, 0x2D, 0x48, 0x4E, 0xFF,
0x30, 0x52, 0x61, 0xFF, 0x55, 0x90, 0xC9, 0xFF, 0x3A, 0x5B, 0x6B, 0xFF, 0x5D, 0x96, 0xCF, 0xFF,
0x42, 0x89, 0xC5, 0xFF, 0x45, 0x91, 0xCB, 0xFF, 0x44, 0x87, 0xBF, 0xFF, 0x4D, 0x94, 0xCE, 0xFF,
0x4F, 0x93, 0xC5, 0xFF, 0x4A, 0x91, 0xBD, 0xFF, 0x45, 0x8B, 0xC7, 0xFF, 0x4D, 0x97, 0xCC, 0xFF,
0x4C, 0x8F, 0xC6, 0xFF, 0x49, 0x8E, 0xC8, 0xFF, 0x4C, 0x8F, 0xC6, 0xFF, 0x4A, 0x92, 0xC8, 0xFF,
0x44, 0x89, 0xC3, 0xFF, 0x47, 0x90, 0xC6, 0xFF, 0x3E, 0x84, 0xBA, 0xFF, 0x49, 0x92, 0xC9, 0xFF,
0x42, 0x91, 0xC7, 0xFF, 0x43, 0x8E, 0xC0, 0xFF, 0x3D, 0x9A, 0xCC, 0xFF, 0x3F, 0x9F, 0xD9, 0xFF,
0x0E, 0x1C, 0x24, 0xED, 0x00, 0x00, 0x00, 0x89, 0x29, 0x5C, 0x7C, 0xFC, 0x00, 0x00, 0x00, 0xA1,
0x3D, 0xA5, 0xD7, 0xFF, 0x3B, 0xA9, 0xE1, 0xFF, 0x43, 0xAE, 0xDD, 0xFF, 0x3C, 0xB2, 0xE6, 0xFF,
0x2C, 0x82, 0xAE, 0xFF, 0x01, 0x04, 0x04, 0xAD, 0x32, 0x94, 0xC5, 0xFF, 0x02, 0x07, 0x0A, 0xB0,
0x49, 0x89, 0xC1, 0xFF, 0x4F, 0x93, 0xCA, 0xFF, 0x51, 0x8F, 0xC8, 0xFF, 0x53, 0x93, 0xCB, 0xFF,
0x41, 0x86, 0xBC, 0xFF, 0x45, 0x8D, 0xC3, 0xFF, 0x49, 0x8A, 0xC1, 0xFF, 0x47, 0x88, 0xBC, 0xFF,
0x54, 0x90, 0xC9, 0xFF, 0x5B, 0x98, 0xD0, 0xFF, 0x63, 0x9D, 0xD5, 0xFF, 0x64, 0x9B, 0xD4, 0xFF,
0x53, 0x91, 0xC9, 0xFF, 0x4E, 0x8D, 0xC3, 0xFF, 0x52, 0x8A, 0xC4, 0xFF, 0x58, 0x96, 0xCB, 0xFF,
0x4F, 0xBB, 0xE4, 0xFF, 0x44, 0xBE, 0xEE, 0xFF, 0x5A, 0xC0, 0xE5, 0xFF, 0x4E, 0xC5, 0xF1, 0xFF,
0x37, 0x9E, 0xCD, 0xFF, 0x03, 0x08, 0x0A, 0xB0, 0x3C, 0xA4, 0xCF, 0xFF, 0x02, 0x08, 0x0A, 0xB1,
0x5F, 0xC1, 0xE5, 0xFF, 0x4F, 0xC3, 0xF1, 0xFF, 0x6F, 0xCC, 0xED, 0xFF, 0x58, 0xC7, 0xF4, 0xFF,
0x3D, 0xA2, 0xCF, 0xFF, 0x03, 0x08, 0x0A, 0xB0, 0x37, 0x9A, 0xC8, 0xFF, 0x02, 0x07, 0x09, 0xAF,
0x00, 0x00, 0x00, 0x00, 0x00, 0x00, 0x00, 0x00, 0x00, 0x00, 0x00, 0x00, 0x00, 0x00, 0x00, 0x00,
0x00, 0x00, 0x00, 0x00, 0x00, 0x00, 0x00, 0x00, 0x00, 0x00, 0x00, 0x00, 0x00, 0x00, 0x00, 0x00,
0x00, 0x00, 0x00, 0x00, 0x00, 0x00, 0x00, 0x00, 0x00, 0x00, 0x00, 0x00, 0x00, 0x00, 0x00, 0x00,
0x00, 0x00, 0x00, 0x00, 0x00, 0x00, 0x00, 0x00, 0x00, 0x00, 0x00, 0x00, 0x00, 0x00, 0x00, 0x00,
0x00, 0x00, 0x00, 0x00, 0x00, 0x00, 0x00, 0x00, 0x00, 0x00, 0x00, 0x00, 0x00, 0x00, 0x00, 0x00,
0x00, 0x00, 0x00, 0x00, 0x00, 0x00, 0x00, 0x00, 0x00, 0x00, 0x00, 0x00, 0x00, 0x00, 0x00, 0x00,
0x00, 0x00, 0x00, 0x00, 0x00, 0x00, 0x00, 0x00, 0x00, 0x00, 0x00, 0x00, 0x00, 0x00, 0x00, 0x00,
0x00, 0x00, 0x00, 0x00, 0x00, 0x00, 0x00, 0x00, 0x00, 0x00, 0x00, 0x00, 0x00, 0x00, 0x00, 0x00,
0x00, 0x00, 0x00, 0x00, 0x00, 0x00, 0x00, 0x00, 0x00, 0x00, 0x00, 0x00, 0x00, 0x00, 0x00, 0x00,
0x00, 0x00, 0x00, 0x00, 0x00, 0x00, 0x00, 0x00, 0x00, 0x00, 0x00, 0x00, 0x00, 0x00, 0x00, 0x00,
0x00, 0x00, 0x00, 0x0A, 0x00, 0x00, 0x00, 0x00, 0x00, 0x00, 0x00, 0x19, 0x00, 0x00, 0x00, 0x00,
0x00, 0x00, 0x00, 0x00, 0x00, 0x00, 0x00, 0x00, 0x00, 0x00, 0x00, 0x00, 0x00, 0x00, 0x00, 0x00,
0x00, 0x00, 0x00, 0x00, 0x00, 0x00, 0x00, 0x00, 0x00, 0x00, 0x00, 0x00, 0x00, 0x00, 0x00, 0x00,
0x00, 0x00, 0x00, 0x00, 0x00, 0x00, 0x00, 0x00, 0x00, 0x00, 0x00, 0x00, 0x00, 0x00, 0x00, 0x00,
0x00, 0x00, 0x00, 0x00, 0x00, 0x00, 0x00, 0x00, 0x00, 0x00, 0x00, 0x00, 0x00, 0x00, 0x00, 0x00,
0x00, 0x00, 0x00, 0x00, 0x00, 0x00, 0x00, 0x00, 0x00, 0x00, 0x00, 0x00, 0x00, 0x00, 0x00, 0x00,
0x00, 0x00, 0x00, 0x00, 0x00, 0x00, 0x00, 0x00, 0x00, 0x00, 0x00, 0x00, 0x00, 0x00, 0x00, 0x00,
0x00, 0x00, 0x00, 0x00, 0x00, 0x00, 0x00, 0x00, 0x00, 0x00, 0x00, 0x00, 0x00, 0x00, 0x00, 0x00,
0x00, 0x00, 0x00, 0x00, 0x00, 0x00, 0x00, 0x00, 0x00, 0x00, 0x00, 0x00, 0x00, 0x00, 0x00, 0x00,
0x00, 0x00, 0x00, 0x00, 0x00, 0x00, 0x00, 0x00, 0x00, 0x00, 0x00, 0x00, 0x00, 0x00, 0x00, 0x00,
0x00, 0x00, 0x00, 0x00, 0x00, 0x00, 0x00, 0x00, 0x00, 0x00, 0x00, 0x00, 0x00, 0x00, 0x00, 0x00,
0x00, 0x00, 0x00, 0x00, 0x00, 0x00, 0x00, 0x00, 0x00, 0x00, 0x00, 0x00, 0x00, 0x00, 0x00, 0x00,
0x00, 0x00, 0x00, 0x00, 0x00, 0x00, 0x00, 0x00, 0x00, 0x00, 0x00, 0x00, 0x00, 0x00, 0x00, 0x00,
0x00, 0x00, 0x00, 0x00, 0x00, 0x00, 0x00, 0x00, 0x00, 0x00, 0x00, 0x00, 0x00, 0x00, 0x00, 0x00,
0x00, 0x00, 0x00, 0x00, 0x00, 0x00, 0x00, 0x00, 0x00, 0x00, 0x00, 0x00, 0x00, 0x00, 0x00, 0x00,
0x00, 0x00, 0x00, 0x00, 0x00, 0x00, 0x00, 0x00, 0x00, 0x00, 0x00, 0x00, 0x00, 0x00, 0x00, 0x00,
0x00, 0x00, 0x00, 0x00, 0x00, 0x00, 0x00, 0x00, 0x00, 0x00, 0x00, 0x00, 0x00, 0x00, 0x00, 0x00,
0x00, 0x00, 0x00, 0x00, 0x00, 0x00, 0x00, 0x00, 0x00, 0x00, 0x00, 0x00, 0x00, 0x00, 0x00, 0x00,
0x00, 0x00, 0x00, 0x00, 0x00, 0x00, 0x00, 0x00, 0x00, 0x00, 0x00, 0x00, 0x00, 0x00, 0x00, 0x00,
0x00, 0x00, 0x00, 0x00, 0x00, 0x00, 0x00, 0x00, 0x00, 0x00, 0x00, 0x00, 0x00, 0x00, 0x00, 0x00,
0x00, 0x00, 0x00, 0x00, 0x00, 0x00, 0x00, 0x00, 0x00, 0x00, 0x00, 0x00, 0x00, 0x00, 0x00, 0x00,
0x00, 0x00, 0x00, 0x00, 0x00, 0x00, 0x00, 0x00, 0x00, 0x00, 0x00, 0x00, 0x00, 0x00, 0x00, 0x00,
0x00, 0x00, 0x00, 0x2A, 0x00, 0x00, 0x00, 0x00, 0x00, 0x00, 0x00, 0x37, 0x00, 0x00, 0x00, 0x05,
0x00, 0x00, 0x00, 0x00, 0x00, 0x00, 0x00, 0x00, 0x00, 0x00, 0x00, 0x00, 0x00, 0x00, 0x00, 0x00,
0x00, 0x00, 0x00, 0x40, 0x00, 0x00, 0x00, 0x0A, 0x00, 0x00, 0x00, 0x42, 0x00, 0x00, 0x00, 0x0A,
0x00, 0x00, 0x00, 0x00, 0x00, 0x00, 0x00, 0x00, 0x00, 0x00, 0x00, 0x00, 0x00, 0x00, 0x00, 0x00,
0x00, 0x00, 0x00, 0x00, 0x00, 0x00, 0x00, 0x00, 0x00, 0x00, 0x00, 0x00, 0x00, 0x00, 0x00, 0x00,
0x00, 0x00, 0x00, 0x00, 0x00, 0x00, 0x00, 0x00, 0x00, 0x00, 0x00, 0x00, 0x00, 0x00, 0x00, 0x00,
0x00, 0x00, 0x00, 0x00, 0x00, 0x00, 0x00, 0x00, 0x00, 0x00, 0x00, 0x00, 0x00, 0x00, 0x00, 0x00,
0x00, 0x00, 0x00, 0x00, 0x00, 0x00, 0x00, 0x00, 0x00, 0x00, 0x00, 0x00, 0x00, 0x00, 0x00, 0x00,
0x00, 0x00, 0x00, 0x42, 0x00, 0x00, 0x00, 0x09, 0x00, 0x00, 0x00, 0x42, 0x00, 0x00, 0x00, 0x0A,
0x00, 0x00, 0x00, 0x00, 0x00, 0x00, 0x00, 0x00, 0x00, 0x00, 0x00, 0x00, 0x00, 0x00, 0x00, 0x00,
0x00, 0x00, 0x00, 0x42, 0x00, 0x00, 0x00, 0x09, 0x00, 0x00, 0x00, 0x41, 0x00, 0x00, 0x00, 0x0A,
0x00, 0x00, 0x00, 0x00, 0x00, 0x00, 0x00, 0x00, 0x00, 0x00, 0x00, 0x00, 0x00, 0x00, 0x00, 0x00,
0x00, 0x00, 0x00, 0x00, 0x00, 0x00, 0x00, 0x00, 0x00, 0x00, 0x00, 0x00, 0x00, 0x00, 0x00, 0x00,
0x00, 0x00, 0x00, 0x00, 0x00, 0x00, 0x00, 0x00, 0x00, 0x00, 0x00, 0x00, 0x00, 0x00, 0x00, 0x00,
0x00, 0x00, 0x00, 0x00, 0x00, 0x00, 0x00, 0x00, 0x00, 0x00, 0x00, 0x00, 0x00, 0x00, 0x00, 0x00,
0x00, 0x00, 0x00, 0x00, 0x00, 0x00, 0x00, 0x00, 0x00, 0x00, 0x00, 0x00, 0x00, 0x00, 0x00, 0x00,
0x00, 0x00, 0x00, 0x00, 0x00, 0x00, 0x00, 0x00, 0x00, 0x00, 0x00, 0x00, 0x00, 0x00, 0x00, 0x00,
0x00, 0x00, 0x00, 0x00, 0x00, 0x00, 0x00, 0x00, 0x00, 0x00, 0x00, 0x00, 0x00, 0x00, 0x00, 0x00,
0x00, 0x00, 0x00, 0x00, 0x00, 0x00, 0x00, 0x00, 0x00, 0x00, 0x00, 0x00, 0x00, 0x00, 0x00, 0x00,
0x00, 0x00, 0x00, 0x00, 0x00, 0x00, 0x00, 0x00, 0x00, 0x00, 0x00, 0x00, 0x00, 0x00, 0x00, 0x00,
0x00, 0x00, 0x00, 0x00, 0x00, 0x00, 0x00, 0x00, 0x00, 0x00, 0x00, 0x00, 0x00, 0x00, 0x00, 0x00,
0x00, 0x00, 0x00, 0x00, 0x00, 0x00, 0x00, 0x00, 0x00, 0x00, 0x00, 0x00, 0x00, 0x00, 0x00, 0x00,
0x00, 0x00, 0x00, 0x00, 0x00, 0x00, 0x00, 0x00, 0x00, 0x00, 0x00, 0x00, 0x00, 0x00, 0x00, 0x00,
0x00, 0x00, 0x00, 0x00, 0x00, 0x00, 0x00, 0x00, 0x00, 0x00, 0x00, 0x00, 0x00, 0x00, 0x00, 0x00,
0x00, 0x00, 0x00, 0x00, 0x00, 0x00, 0x00, 0x00, 0x00, 0x00, 0x00, 0x00, 0x00, 0x00, 0x00, 0x00,
0x00, 0x00, 0x00, 0x00, 0x00, 0x00, 0x00, 0x00, 0x00, 0x00, 0x00, 0x00, 0x00, 0x00, 0x00, 0x00,
0x00, 0x00, 0x00, 0x00, 0x00, 0x00, 0x00, 0x00, 0x00, 0x00, 0x00, 0x00, 0x00, 0x00, 0x00, 0x00,
0x00, 0x00, 0x00, 0x00, 0x00, 0x00, 0x00, 0x00, 0x00, 0x00, 0x00, 0x00, 0x00, 0x00, 0x00, 0x00,
0x00, 0x00, 0x00, 0x00, 0x00, 0x00, 0x00, 0x00, 0x00, 0x00, 0x00, 0x00, 0x00, 0x00, 0x00, 0x00,
0x00, 0x00, 0x00, 0x00, 0x00, 0x00, 0x00, 0x00, 0x00, 0x00, 0x00, 0x00, 0x00, 0x00, 0x00, 0x00,
0x00, 0x00, 0x00, 0x00, 0x00, 0x00, 0x00, 0x00, 0x00, 0x00, 0x00, 0x00, 0x00, 0x00, 0x00, 0x00,
0x00, 0x00, 0x00, 0x00, 0x00, 0x00, 0x00, 0x00, 0x00, 0x00, 0x00, 0x00, 0x00, 0x00, 0x00, 0x00,
0x00, 0x00, 0x00, 0x00, 0x00, 0x00, 0x00, 0x13, 0x00, 0x00, 0x00, 0x1D, 0x00, 0x00, 0x00, 0x39,
0x00, 0x00, 0x00, 0x56, 0x01, 0x02, 0x02, 0xC4, 0x00, 0x00, 0x00, 0x83, 0x06, 0x08, 0x08, 0xDF,
0x00, 0x00, 0x00, 0x6F, 0x00, 0x00, 0x00, 0x92, 0x06, 0x08, 0x07, 0xDB, 0x0D, 0x10, 0x0F, 0xEB,
0x00, 0x00, 0x00, 0xCC, 0x22, 0x29, 0x27, 0xFA, 0x29, 0x2F, 0x29, 0xFD, 0x44, 0x50, 0x45, 0xFF,
0x28, 0x3B, 0x3E, 0xFF, 0x30, 0x49, 0x4B, 0xFF, 0x2F, 0x40, 0x42, 0xFF, 0x31, 0x45, 0x42, 0xFF,
0x3E, 0x5D, 0x6E, 0xFF, 0x66, 0x9D, 0xD5, 0xFF, 0x4E, 0x6D, 0x7D, 0xFF, 0x76, 0xA8, 0xE5, 0xFF,
0x3B, 0x4A, 0x48, 0xFF, 0x31, 0x41, 0x39, 0xFF, 0x3A, 0x46, 0x3C, 0xFF, 0x36, 0x48, 0x49, 0xFF,
0x5C, 0x80, 0x9C, 0xFF, 0x7B, 0xAF, 0xE9, 0xFF, 0x7E, 0xA8, 0xD4, 0xFF, 0x92, 0xBE, 0xF0, 0xFF,
0x41, 0x4F, 0x4E, 0xFF, 0x44, 0x55, 0x4F, 0xFF, 0x43, 0x50, 0x4C, 0xFF, 0x41, 0x50, 0x47, 0xFF,
0x4B, 0x5A, 0x4E, 0xFF, 0x3D, 0x48, 0x38, 0xFF, 0x4B, 0x56, 0x46, 0xFF, 0x51, 0x65, 0x65, 0xFF,
0x63, 0x77, 0x77, 0xFF, 0x85, 0x98, 0x9A, 0xFF, 0xAE, 0xD2, 0xEC, 0xFF, 0xCF, 0xEA, 0xFF, 0xFF,
0x98, 0xB4, 0xC5, 0xFF, 0xBB, 0xD7, 0xF4, 0xFF, 0xD8, 0xED, 0xFF, 0xFF, 0xDA, 0xEA, 0xFE, 0xFF,
0x3D, 0x4C, 0x3F, 0xFF, 0x69, 0x91, 0xB4, 0xFF, 0x7F, 0xA6, 0xC6, 0xFF, 0x9C, 0xC4, 0xF4, 0xFF,
0x9A, 0xC4, 0xF4, 0xFF, 0x94, 0xC1, 0xEB, 0xFF, 0xA0, 0xCD, 0xEF, 0xFF, 0x66, 0xCB, 0xF0, 0xFF,
0xAB, 0xD3, 0xFF, 0xFF, 0xAF, 0xCC, 0xF3, 0xFF, 0xBB, 0xD7, 0xF8, 0xFF, 0xB7, 0xD5, 0xF5, 0xFF,
0x92, 0xCF, 0xF1, 0xFF, 0x5E, 0xC9, 0xF1, 0xFF, 0xB7, 0xE1, 0xF8, 0xFF, 0xC3, 0xEA, 0xF9, 0xFF,
0x6E, 0xA7, 0xDE, 0xFF, 0x68, 0x9F, 0xD8, 0xFF, 0x75, 0xA8, 0xE0, 0xFF, 0x6F, 0xA5, 0xDC, 0xFF,
0x5C, 0x90, 0xCC, 0xFF, 0x68, 0xA2, 0xD5, 0xFF, 0x67, 0x9A, 0xD4, 0xFF, 0x70, 0xAC, 0xDD, 0xFF,
0x75, 0xA7, 0xDE, 0xFF, 0x77, 0xAB, 0xE2, 0xFF, 0x8A, 0xB5, 0xE9, 0xFF, 0x7A, 0xA5, 0xDB, 0xFF,
0x69, 0x9C, 0xD5, 0xFF, 0x75, 0xBA, 0xDF, 0xFF, 0x6A, 0xA2, 0xD4, 0xFF, 0x8E, 0xDF, 0xF2, 0xFF,
0x77, 0xD5, 0xF2, 0xFF, 0x5B, 0xCC, 0xF5, 0xFF, 0x7D, 0xDB, 0xF7, 0xFF, 0x61, 0xD5, 0xFF, 0xFF,
0x3B, 0x95, 0xBE, 0xFD, 0x01, 0x04, 0x05, 0xA9, 0x37, 0x86, 0xA8, 0xFA, 0x00, 0x00, 0x00, 0xA0,
0x86, 0xE7, 0xFE, 0xFF, 0x63, 0xD8, 0xFF, 0xFF, 0x8F, 0xEF, 0xFF, 0xFF, 0x62, 0xC9, 0xEB, 0xFF,
0x22, 0x56, 0x6C, 0xF1, 0x00, 0x00, 0x00, 0x8D, 0x09, 0x17, 0x1D, 0xD5, 0x00, 0x00, 0x00, 0x6F,
0x7F, 0xBF, 0xE8, 0xFF, 0x78, 0xC6, 0xE9, 0xFF, 0x5E, 0xD1, 0xF4, 0xFF, 0x70, 0xDC, 0xFA, 0xFF,
0x8C, 0xE2, 0xF6, 0xFF, 0x9A, 0xF2, 0xFE, 0xFF, 0x8B, 0xEC, 0xFF, 0xFF, 0x9A, 0xFC, 0xFF, 0xFF,
0x74, 0xCF, 0xF4, 0xFF, 0x77, 0xC9, 0xE7, 0xFF, 0xBF, 0xD3, 0xD9, 0xFF, 0x7B, 0x94, 0x94, 0xFF,
0x5F, 0xAF, 0xC5, 0xFF, 0x47, 0x81, 0x8B, 0xFC, 0x3F, 0x54, 0x56, 0xFF, 0x14, 0x19, 0x1A, 0xFB,
0x99, 0xFC, 0xFF, 0xFF, 0x42, 0x79, 0x87, 0xF1, 0x71, 0xB8, 0xC1, 0xF8, 0x09, 0x0F, 0x0F, 0xB9,
0x00, 0x00, 0x00, 0x9D, 0x00, 0x00, 0x00, 0x42, 0x00, 0x00, 0x00, 0x59, 0x00, 0x00, 0x00, 0x1A,
0x0B, 0x11, 0x12, 0xD5, 0x00, 0x00, 0x00, 0x7E, 0x00, 0x00, 0x00, 0xD2, 0x00, 0x00, 0x00, 0x7A,
0x00, 0x00, 0x00, 0x2B, 0x00, 0x00, 0x00, 0x05, 0x00, 0x00, 0x00, 0x2B, 0x00, 0x00, 0x00, 0x05,
0x6E, 0xC8, 0xF8, 0xFF, 0x7A, 0xC4, 0xF5, 0xFF, 0x88, 0xE1, 0xFF, 0xFF, 0x8B, 0xDC, 0xFF, 0xFF,
0x88, 0xC5, 0xF2, 0xFF, 0xB1, 0xD8, 0xF3, 0xFF, 0x86, 0xCD, 0xF8, 0xFF, 0x8B, 0xC2, 0xE6, 0xFF,
0x4B, 0x79, 0x91, 0xEF, 0x65, 0x96, 0xAC, 0xF9, 0x00, 0x00, 0x00, 0x8F, 0x00, 0x00, 0x00, 0xAE,
0x93, 0xC4, 0xE1, 0xFF, 0x9E, 0xCA, 0xDD, 0xFF, 0x1C, 0x23, 0x27, 0xDB, 0x76, 0x8E, 0x97, 0xFD,
0xD5, 0xE8, 0xFA, 0xFF, 0xD1, 0xE4, 0xFB, 0xFF, 0x9A, 0xC3, 0xDD, 0xFF, 0xCF, 0xE5, 0xF7, 0xFF,
0xCD, 0xE3, 0xF8, 0xFF, 0xB6, 0xC6, 0xCA, 0xFF, 0xD0, 0xE6, 0xFD, 0xFF, 0xB0, 0xC7, 0xD6, 0xFF,
0x85, 0xAB, 0xBB, 0xFF, 0x9C, 0xB7, 0xC3, 0xFF, 0x91, 0xAD, 0xB3, 0xFF, 0x7D, 0x94, 0x92, 0xFF,
0xD2, 0xE7, 0xFA, 0xFF, 0xCC, 0xE4, 0xFF, 0xFF, 0xB6, 0xCC, 0xD6, 0xFF, 0xD0, 0xE8, 0xFF, 0xFF,
0x00, 0x00, 0x00, 0x2D, 0x00, 0x00, 0x00, 0x4B, 0x00, 0x00, 0x00, 0x00, 0x00, 0x00, 0x00, 0x17,
0x00, 0x00, 0x00, 0x90, 0x1C, 0x1F, 0x1E, 0xE4, 0x00, 0x00, 0x00, 0x5B, 0x04, 0x04, 0x04, 0xC8,
0x00, 0x00, 0x00, 0x00, 0x00, 0x00, 0x00, 0x0E, 0x00, 0x00, 0x00, 0x00, 0x00, 0x00, 0x00, 0x0E,
0x00, 0x00, 0x00, 0x4C, 0x02, 0x02, 0x02, 0xBC, 0x00, 0x00, 0x00, 0x4A, 0x04, 0x05, 0x05, 0xBB,
0x8A, 0x97, 0x92, 0xFF, 0x7B, 0x87, 0x7C, 0xFF, 0x68, 0x6E, 0x68, 0xFF, 0x72, 0x7D, 0x73, 0xFF,
0x96, 0xAA, 0xB1, 0xFF, 0xD8, 0xED, 0xFF, 0xFF, 0x88, 0x98, 0x99, 0xFF, 0xD6, 0xEB, 0xFF, 0xFF,
0x59, 0x5F, 0x57, 0xFF, 0x69, 0x74, 0x68, 0xFF, 0x55, 0x5F, 0x5A, 0xFF, 0x67, 0x72, 0x65, 0xFF,
0x7F, 0x8D, 0x88, 0xFF, 0xDE, 0xF0, 0xFF, 0xFF, 0x7F, 0x8C, 0x84, 0xFF, 0xDF, 0xEF, 0xFC, 0xFF,
0x7F, 0x91, 0x91, 0xFF, 0x5D, 0x7A, 0x7D, 0xFF, 0x81, 0x9C, 0xA4, 0xFF, 0x69, 0x8B, 0x93, 0xFF,
0x6B, 0x8D, 0x97, 0xFF, 0x68, 0x95, 0xA8, 0xFF, 0x64, 0x91, 0xA0, 0xFF, 0x68, 0xA5, 0xC1, 0xFF,
0xD0, 0xE5, 0xFB, 0xFF, 0xBD, 0xD8, 0xF2, 0xFF, 0xCD, 0xE3, 0xFC, 0xFF, 0xC6, 0xE0, 0xFF, 0xFF,
0x99, 0xC1, 0xDF, 0xFF, 0x67, 0xAE, 0xD4, 0xFF, 0xC8, 0xE2, 0xFF, 0xFF, 0x95, 0xCD, 0xF3, 0xFF,
0x2F, 0x51, 0x60, 0xF7, 0x00, 0x00, 0x00, 0xB4, 0x69, 0xBC, 0xE7, 0xFF, 0x27, 0x46, 0x59, 0xF0,
0x00, 0x00, 0x00, 0x57, 0x00, 0x00, 0x00, 0x1A, 0x00, 0x00, 0x00, 0x9B, 0x00, 0x00, 0x00, 0x3D,
0x66, 0xBF, 0xEE, 0xFF, 0x65, 0xB2, 0xDD, 0xFF, 0x64, 0xB9, 0xE9, 0xFF, 0x79, 0xCF, 0xFF, 0xFF,
0x0C, 0x13, 0x18, 0xD4, 0x00, 0x00, 0x00, 0x6B, 0x30, 0x55, 0x69, 0xF2, 0x00, 0x00, 0x00, 0x91,
0xD2, 0xE6, 0xFB, 0xFF, 0xC5, 0xE1, 0xFB, 0xFF, 0xD0, 0xE6, 0xFC, 0xFF, 0xC1, 0xE0, 0xFA, 0xFF,
0xCA, 0xE2, 0xFB, 0xFF, 0xB8, 0xDD, 0xFB, 0xFF, 0xD9, 0xEA, 0xFD, 0xFF, 0xC3, 0xE1, 0xFD, 0xFF,
0xDE, 0xEE, 0xFF, 0xFF, 0xD5, 0xEB, 0xFC, 0xFF, 0xDA, 0xED, 0xFD, 0xFF, 0xD4, 0xE9, 0xFA, 0xFF,
0xD9, 0xEA, 0xFA, 0xFF, 0xC9, 0xE4, 0xFB, 0xFF, 0xD1, 0xE6, 0xFA, 0xFF, 0xC7, 0xE3, 0xF9, 0xFF,
0x6D, 0xC6, 0xF3, 0xFF, 0x70, 0xD0, 0xFF, 0xFF, 0x74, 0xCF, 0xF9, 0xFF, 0x6C, 0xD2, 0xFF, 0xFF,
0x4D, 0x90, 0xB0, 0xFC, 0x01, 0x01, 0x01, 0xA4, 0x57, 0xA5, 0xCD, 0xFE, 0x04, 0x06, 0x07, 0xAD,
0x73, 0xD2, 0xFA, 0xFF, 0x68, 0xD4, 0xFE, 0xFF, 0x77, 0xD6, 0xFA, 0xFF, 0x6C, 0xD6, 0xFF, 0xFF,
0x5A, 0xB1, 0xDB, 0xFF, 0x04, 0x08, 0x0A, 0xB0, 0x5D, 0xB3, 0xD9, 0xFF, 0x05, 0x09, 0x0A, 0xB1,
0x00, 0x00, 0x00, 0x3E, 0x00, 0x00, 0x00, 0x07, 0x00, 0x00, 0x00, 0x36, 0x00, 0x00, 0x00, 0x05,
0x00, 0x00, 0x00, 0x00, 0x00, 0x00, 0x00, 0x00, 0x00, 0x00, 0x00, 0x00, 0x00, 0x00, 0x00, 0x00,
0x00, 0x00, 0x00, 0x2B, 0x00, 0x00, 0x00, 0x00, 0x00, 0x00, 0x00, 0x1F, 0x00, 0x00, 0x00, 0x00,
0x00, 0x00, 0x00, 0x00, 0x00, 0x00, 0x00, 0x00, 0x00, 0x00, 0x00, 0x00, 0x00, 0x00, 0x00, 0x00,
0x00, 0x00, 0x00, 0x00, 0x00, 0x00, 0x00, 0x00, 0x00, 0x00, 0x00, 0x00, 0x00, 0x00, 0x00, 0x00,
0x00, 0x00, 0x00, 0x00, 0x00, 0x00, 0x00, 0x00, 0x00, 0x00, 0x00, 0x00, 0x00, 0x00, 0x00, 0x00,
0x00, 0x00, 0x00, 0x00, 0x00, 0x00, 0x00, 0x00, 0x00, 0x00, 0x00, 0x00, 0x00, 0x00, 0x00, 0x00,
0x00, 0x00, 0x00, 0x00, 0x00, 0x00, 0x00, 0x00, 0x00, 0x00, 0x00, 0x00, 0x00, 0x00, 0x00, 0x00,
0x00, 0x00, 0x00, 0x11, 0x00, 0x00, 0x00, 0x00, 0x00, 0x00, 0x00, 0x00, 0x00, 0x00, 0x00, 0x00,
0x00, 0x00, 0x00, 0x00, 0x00, 0x00, 0x00, 0x00, 0x00, 0x00, 0x00, 0x00, 0x00, 0x00, 0x00, 0x00,
0x00, 0x00, 0x00, 0x00, 0x00, 0x00, 0x00, 0x00, 0x00, 0x00, 0x00, 0x00, 0x00, 0x00, 0x00, 0x00,
0x00, 0x00, 0x00, 0x00, 0x00, 0x00, 0x00, 0x00, 0x00, 0x00, 0x00, 0x00, 0x00, 0x00, 0x00, 0x00,
0x00, 0x00, 0x00, 0x00, 0x00, 0x00, 0x00, 0x00, 0x00, 0x00, 0x00, 0x00, 0x00, 0x00, 0x00, 0x00,
0x00, 0x00, 0x00, 0x00, 0x00, 0x00, 0x00, 0x00, 0x00, 0x00, 0x00, 0x00, 0x00, 0x00, 0x00, 0x00,
0x00, 0x00, 0x00, 0x00, 0x00, 0x00, 0x00, 0x00, 0x00, 0x00, 0x00, 0x00, 0x00, 0x00, 0x00, 0x00,
0x00, 0x00, 0x00, 0x00, 0x00, 0x00, 0x00, 0x00, 0x00, 0x00, 0x00, 0x00, 0x00, 0x00, 0x00, 0x00,
0x00, 0x00, 0x00, 0x00, 0x00, 0x00, 0x00, 0x00, 0x00, 0x00, 0x00, 0x00, 0x00, 0x00, 0x00, 0x00,
0x00, 0x00, 0x00, 0x00, 0x00, 0x00, 0x00, 0x00, 0x00, 0x00, 0x00, 0x00, 0x00, 0x00, 0x00, 0x00,
0x00, 0x00, 0x00, 0x00, 0x00, 0x00, 0x00, 0x00, 0x00, 0x00, 0x00, 0x00, 0x00, 0x00, 0x00, 0x00,
0x00, 0x00, 0x00, 0x00, 0x00, 0x00, 0x00, 0x00, 0x00, 0x00, 0x00, 0x00, 0x00, 0x00, 0x00, 0x00,
0x00, 0x00, 0x00, 0x00, 0x00, 0x00, 0x00, 0x00, 0x00, 0x00, 0x00, 0x00, 0x00, 0x00, 0x00, 0x00,
0x00, 0x00, 0x00, 0x00, 0x00, 0x00, 0x00, 0x00, 0x00, 0x00, 0x00, 0x00, 0x00, 0x00, 0x00, 0x00,
0x00, 0x00, 0x00, 0x00, 0x00, 0x00, 0x00, 0x00, 0x00, 0x00, 0x00, 0x00, 0x00, 0x00, 0x00, 0x00,
0x00, 0x00, 0x00, 0x00, 0x00, 0x00, 0x00, 0x00, 0x00, 0x00, 0x00, 0x00, 0x00, 0x00, 0x00, 0x00,
0x00, 0x00, 0x00, 0x00, 0x00, 0x00, 0x00, 0x00, 0x00, 0x00, 0x00, 0x00, 0x00, 0x00, 0x00, 0x00,
0x00, 0x00, 0x00, 0x00, 0x00, 0x00, 0x00, 0x00, 0x00, 0x00, 0x00, 0x00, 0x00, 0x00, 0x00, 0x00,
0x00, 0x00, 0x00, 0x00, 0x00, 0x00, 0x00, 0x00, 0x00, 0x00, 0x00, 0x00, 0x00, 0x00, 0x00, 0x00,
0x00, 0x00, 0x00, 0x00, 0x00, 0x00, 0x00, 0x00, 0x00, 0x00, 0x00, 0x00, 0x00, 0x00, 0x00, 0x00,
0x00, 0x00, 0x00, 0x00, 0x00, 0x00, 0x00, 0x00, 0x00, 0x00, 0x00, 0x00, 0x00, 0x00, 0x00, 0x00,
0x00, 0x00, 0x00, 0x00, 0x00, 0x00, 0x00, 0x00, 0x00, 0x00, 0x00, 0x00, 0x00, 0x00, 0x00, 0x00,
0x00, 0x00, 0x00, 0x00, 0x00, 0x00, 0x00, 0x00, 0x00, 0x00, 0x00, 0x00, 0x00, 0x00, 0x00, 0x00,
0x00, 0x00, 0x00, 0x00, 0x00, 0x00, 0x00, 0x00, 0x00, 0x00, 0x00, 0x00, 0x00, 0x00, 0x00, 0x00,
0x00, 0x00, 0x00, 0x00, 0x00, 0x00, 0x00, 0x00, 0x00, 0x00, 0x00, 0x10, 0x00, 0x00, 0x00, 0x00,
0x00, 0x00, 0x00, 0x00, 0x00, 0x00, 0x00, 0x00, 0x00, 0x00, 0x00, 0x00, 0x00, 0x00, 0x00, 0x00,
0x00, 0x00, 0x00, 0x1F, 0x00, 0x00, 0x00, 0x00, 0x00, 0x00, 0x00, 0x2D, 0x00, 0x00, 0x00, 0x03,
0x00, 0x00, 0x00, 0x00, 0x00, 0x00, 0x00, 0x00, 0x00, 0x00, 0x00, 0x00, 0x00, 0x00, 0x00, 0x00,
0x00, 0x00, 0x00, 0x00, 0x00, 0x00, 0x00, 0x00, 0x00, 0x00, 0x00, 0x00, 0x00, 0x00, 0x00, 0x00,
0x00, 0x00, 0x00, 0x00, 0x00, 0x00, 0x00, 0x00, 0x00, 0x00, 0x00, 0x00, 0x00, 0x00, 0x00, 0x00,
0x00, 0x00, 0x00, 0x00, 0x00, 0x00, 0x00, 0x00, 0x00, 0x00, 0x00, 0x00, 0x00, 0x00, 0x00, 0x00,
0x00, 0x00, 0x00, 0x00, 0x00, 0x00, 0x00, 0x00, 0x00, 0x00, 0x00, 0x00, 0x00, 0x00, 0x00, 0x00,
0x00, 0x00, 0x00, 0x39, 0x00, 0x00, 0x00, 0x08, 0x00, 0x00, 0x00, 0x3F, 0x00, 0x00, 0x00, 0x0A,
0x00, 0x00, 0x00, 0x00, 0x00, 0x00, 0x00, 0x00, 0x00, 0x00, 0x00, 0x00, 0x00, 0x00, 0x00, 0x00,
0x00, 0x00, 0x00, 0x42, 0x00, 0x00, 0x00, 0x0A, 0x00, 0x00, 0x00, 0x42, 0x00, 0x00, 0x00, 0x0A,
0x00, 0x00, 0x00, 0x00, 0x00, 0x00, 0x00, 0x00, 0x00, 0x00, 0x00, 0x00, 0x00, 0x00, 0x00, 0x00,
0x00, 0x00, 0x00, 0x00, 0x00, 0x00, 0x00, 0x00, 0x00, 0x00, 0x00, 0x00, 0x00, 0x00, 0x00, 0x00,
0x00, 0x00, 0x00, 0x00, 0x00, 0x00, 0x00, 0x00, 0x00, 0x00, 0x00, 0x00, 0x00, 0x00, 0x00, 0x00,
0x00, 0x00, 0x00, 0x00, 0x00, 0x00, 0x00, 0x00, 0x00, 0x00, 0x00, 0x00, 0x00, 0x00, 0x00, 0x00,
0x00, 0x00, 0x00, 0x00, 0x00, 0x00, 0x00, 0x00, 0x00, 0x00, 0x00, 0x00, 0x00, 0x00, 0x00, 0x00,
0x00, 0x00, 0x00, 0x00, 0x00, 0x00, 0x00, 0x00, 0x00, 0x00, 0x00, 0x00, 0x00, 0x00, 0x00, 0x00,
0x00, 0x00, 0x00, 0x00, 0x00, 0x00, 0x00, 0x00, 0x00, 0x00, 0x00, 0x00, 0x00, 0x00, 0x00, 0x00,
0x00, 0x00, 0x00, 0x00, 0x00, 0x00, 0x00, 0x00, 0x00, 0x00, 0x00, 0x00, 0x00, 0x00, 0x00, 0x00,
0x00, 0x00, 0x00, 0x00, 0x00, 0x00, 0x00, 0x00, 0x00, 0x00, 0x00, 0x00, 0x00, 0x00, 0x00, 0x00,
0x00, 0x00, 0x00, 0x00, 0x00, 0x00, 0x00, 0x00, 0x00, 0x00, 0x00, 0x00, 0x00, 0x00, 0x00, 0x00,
0x00, 0x00, 0x00, 0x00, 0x00, 0x00, 0x00, 0x00, 0x00, 0x00, 0x00, 0x00, 0x00, 0x00, 0x00, 0x00,
0x00, 0x00, 0x00, 0x00, 0x00, 0x00, 0x00, 0x00, 0x00, 0x00, 0x00, 0x00, 0x00, 0x00, 0x00, 0x00,
0x00, 0x00, 0x00, 0x00, 0x00, 0x00, 0x00, 0x00, 0x00, 0x00, 0x00, 0x00, 0x00, 0x00, 0x00, 0x00,
0x00, 0x00, 0x00, 0x00, 0x00, 0x00, 0x00, 0x00, 0x00, 0x00, 0x00, 0x00, 0x00, 0x00, 0x00, 0x00,
0x00, 0x00, 0x00, 0x00, 0x00, 0x00, 0x00, 0x00, 0x00, 0x00, 0x00, 0x00, 0x00, 0x00, 0x00, 0x00,
0x00, 0x00, 0x00, 0x00, 0x00, 0x00, 0x00, 0x00, 0x00, 0x00, 0x00, 0x00, 0x00, 0x00, 0x00, 0x00,
0x00, 0x00, 0x00, 0x00, 0x00, 0x00, 0x00, 0x00, 0x00, 0x00, 0x00, 0x00, 0x00, 0x00, 0x00, 0x00,
0x00, 0x00, 0x00, 0x00, 0x00, 0x00, 0x00, 0x00, 0x00, 0x00, 0x00, 0x00, 0x00, 0x00, 0x00, 0x00,
0x00, 0x00, 0x00, 0x00, 0x00, 0x00, 0x00, 0x00, 0x00, 0x00, 0x00, 0x00, 0x00, 0x00, 0x00, 0x00,
0x00, 0x00, 0x00, 0x00, 0x00, 0x00, 0x00, 0x00, 0x00, 0x00, 0x00, 0x00, 0x00, 0x00, 0x00, 0x00,
0x00, 0x00, 0x00, 0x00, 0x00, 0x00, 0x00, 0x00, 0x00, 0x00, 0x00, 0x00, 0x00, 0x00, 0x00, 0x00,
0x00, 0x00, 0x00, 0x00, 0x00, 0x00, 0x00, 0x00, 0x00, 0x00, 0x00, 0x00, 0x00, 0x00, 0x00, 0x00,
0x00, 0x00, 0x00, 0x00, 0x00, 0x00, 0x00, 0x00, 0x00, 0x00, 0x00, 0x00, 0x00, 0x00, 0x00, 0x00,
0x00, 0x00, 0x00, 0x00, 0x00, 0x00, 0x00, 0x00, 0x00, 0x00, 0x00, 0x00, 0x00, 0x00, 0x00, 0x00,
0x00, 0x00, 0x00, 0x00, 0x00, 0x00, 0x00, 0x00, 0x00, 0x00, 0x00, 0x00, 0x00, 0x00, 0x00, 0x00,
0x00, 0x00, 0x00, 0x00, 0x00, 0x00, 0x00, 0x00, 0x00, 0x00, 0x00, 0x00, 0x00, 0x00, 0x00, 0x00,
0x00, 0x00, 0x00, 0x00, 0x00, 0x00, 0x00, 0x00, 0x00, 0x00, 0x00, 0x00, 0x00, 0x00, 0x00, 0x00,
0x00, 0x00, 0x00, 0x00, 0x00, 0x00, 0x00, 0x00, 0x00, 0x00, 0x00, 0x00, 0x00, 0x00, 0x00, 0x00,
0x00, 0x00, 0x00, 0x00, 0x00, 0x00, 0x00, 0x00, 0x00, 0x00, 0x00, 0x00, 0x00, 0x00, 0x00, 0x00,
0x00, 0x00, 0x00, 0x00, 0x00, 0x00, 0x00, 0x00, 0x00, 0x00, 0x00, 0x00, 0x00, 0x00, 0x00, 0x00,
0x00, 0x00, 0x00, 0x00, 0x00, 0x00, 0x00, 0x00, 0x00, 0x00, 0x00, 0x00, 0x00, 0x00, 0x00, 0x00,
0x00, 0x00, 0x00, 0x00, 0x00, 0x00, 0x00, 0x00, 0x00, 0x00, 0x00, 0x00, 0x00, 0x00, 0x00, 0x00,
0x00, 0x00, 0x00, 0x00, 0x00, 0x00, 0x00, 0x00, 0x00, 0x00, 0x00, 0x00, 0x00, 0x00, 0x00, 0x00,
0x00, 0x00, 0x00, 0x00, 0x00, 0x00, 0x00, 0x00, 0x00, 0x00, 0x00, 0x00, 0x00, 0x00, 0x00, 0x00,
0x00, 0x00, 0x00, 0x00, 0x00, 0x00, 0x00, 0x00, 0x00, 0x00, 0x00, 0x00, 0x00, 0x00, 0x00, 0x00,
0x00, 0x00, 0x00, 0x00, 0x00, 0x00, 0x00, 0x00, 0x00, 0x00, 0x00, 0x00, 0x00, 0x00, 0x00, 0x00,
0x00, 0x00, 0x00, 0x00, 0x00, 0x00, 0x00, 0x00, 0x00, 0x00, 0x00, 0x00, 0x00, 0x00, 0x00, 0x00,
0x00, 0x00, 0x00, 0x00, 0x00, 0x00, 0x00, 0x00, 0x00, 0x00, 0x00, 0x00, 0x00, 0x00, 0x00, 0x00,
0x00, 0x00, 0x00, 0x00, 0x00, 0x00, 0x00, 0x00, 0x00, 0x00, 0x00, 0x00, 0x00, 0x00, 0x00, 0x00,
0x00, 0x00, 0x00, 0x00, 0x00, 0x00, 0x00, 0x00, 0x00, 0x00, 0x00, 0x00, 0x00, 0x00, 0x00, 0x00,
0x00, 0x00, 0x00, 0x00, 0x00, 0x00, 0x00, 0x00, 0x00, 0x00, 0x00, 0x00, 0x00, 0x00, 0x00, 0x00,
0x00, 0x00, 0x00, 0x00, 0x00, 0x00, 0x00, 0x00, 0x00, 0x00, 0x00, 0x00, 0x00, 0x00, 0x00, 0x00,
0x00, 0x00, 0x00, 0x08, 0x00, 0x00, 0x00, 0x33, 0x00, 0x00, 0x00, 0x0C, 0x00, 0x00, 0x00, 0x46,
0x00, 0x00, 0x00, 0x00, 0x00, 0x00, 0x00, 0x00, 0x00, 0x00, 0x00, 0x00, 0x00, 0x00, 0x00, 0x00,
0x00, 0x00, 0x00, 0x0C, 0x00, 0x00, 0x00, 0x49, 0x00, 0x00, 0x00, 0x0B, 0x00, 0x00, 0x00, 0x49,
0x00, 0x00, 0x00, 0x00, 0x00, 0x00, 0x00, 0x00, 0x00, 0x00, 0x00, 0x00, 0x00, 0x00, 0x00, 0x00,
0x00, 0x00, 0x00, 0x00, 0x00, 0x00, 0x00, 0x00, 0x00, 0x00, 0x00, 0x00, 0x00, 0x00, 0x00, 0x00,
0x00, 0x00, 0x00, 0x00, 0x00, 0x00, 0x00, 0x00, 0x00, 0x00, 0x00, 0x00, 0x00, 0x00, 0x00, 0x00,
0x00, 0x00, 0x00, 0x00, 0x00, 0x00, 0x00, 0x00, 0x00, 0x00, 0x00, 0x00, 0x00, 0x00, 0x00, 0x00,
0x00, 0x00, 0x00, 0x00, 0x00, 0x00, 0x00, 0x00, 0x00, 0x00, 0x00, 0x00, 0x00, 0x00, 0x00, 0x00,
0x00, 0x00, 0x00, 0x0C, 0x00, 0x00, 0x00, 0x47, 0x00, 0x00, 0x00, 0x07, 0x00, 0x00, 0x00, 0x39,
0x00, 0x00, 0x00, 0x00, 0x00, 0x00, 0x00, 0x00, 0x00, 0x00, 0x00, 0x00, 0x00, 0x00, 0x00, 0x00,
0x00, 0x00, 0x00, 0x00, 0x00, 0x00, 0x00, 0x25, 0x00, 0x00, 0x00, 0x00, 0x00, 0x00, 0x00, 0x15,
0x00, 0x00, 0x00, 0x00, 0x00, 0x00, 0x00, 0x00, 0x00, 0x00, 0x00, 0x00, 0x00, 0x00, 0x00, 0x00,
0x00, 0x00, 0x00, 0x00, 0x00, 0x00, 0x00, 0x00, 0x00, 0x00, 0x00, 0x00, 0x00, 0x00, 0x00, 0x00,
0x00, 0x00, 0x00, 0x00, 0x00, 0x00, 0x00, 0x00, 0x00, 0x00, 0x00, 0x00, 0x00, 0x00, 0x00, 0x00,
0x00, 0x00, 0x00, 0x00, 0x00, 0x00, 0x00, 0x00, 0x00, 0x00, 0x00, 0x00, 0x00, 0x00, 0x00, 0x00,
0x00, 0x00, 0x00, 0x00, 0x00, 0x00, 0x00, 0x00, 0x00, 0x00, 0x00, 0x00, 0x00, 0x00, 0x00, 0x00,
0x00, 0x00, 0x00, 0x00, 0x00, 0x00, 0x00, 0x00, 0x00, 0x00, 0x00, 0x00, 0x00, 0x00, 0x00, 0x00,
0x00, 0x00, 0x00, 0x00, 0x00, 0x00, 0x00, 0x00, 0x00, 0x00, 0x00, 0x00, 0x00, 0x00, 0x00, 0x00,
0x00, 0x00, 0x00, 0x00, 0x00, 0x00, 0x00, 0x00, 0x00, 0x00, 0x00, 0x00, 0x00, 0x00, 0x00, 0x00,
0x00, 0x00, 0x00, 0x00, 0x00, 0x00, 0x00, 0x00, 0x00, 0x00, 0x00, 0x00, 0x00, 0x00, 0x00, 0x00,
0x00, 0x00, 0x00, 0x00, 0x00, 0x00, 0x00, 0x00, 0x00, 0x00, 0x00, 0x00, 0x00, 0x00, 0x00, 0x00,
0x00, 0x00, 0x00, 0x00, 0x00, 0x00, 0x00, 0x00, 0x00, 0x00, 0x00, 0x00, 0x00, 0x00, 0x00, 0x00,
0x00, 0x00, 0x00, 0x00, 0x00, 0x00, 0x00, 0x00, 0x00, 0x00, 0x00, 0x00, 0x00, 0x00, 0x00, 0x00,
0x00, 0x00, 0x00, 0x00, 0x00, 0x00, 0x00, 0x00, 0x00, 0x00, 0x00, 0x00, 0x00, 0x00, 0x00, 0x00,
0x00, 0x00, 0x00, 0x00, 0x00, 0x00, 0x00, 0x00, 0x00, 0x00, 0x00, 0x00, 0x00, 0x00, 0x00, 0x00,
0x00, 0x00, 0x00, 0x00, 0x00, 0x00, 0x00, 0x00, 0x00, 0x00, 0x00, 0x00, 0x00, 0x00, 0x00, 0x00,
0x00, 0x00, 0x00, 0x00, 0x00, 0x00, 0x00, 0x00, 0x00, 0x00, 0x00, 0x00, 0x00, 0x00, 0x00, 0x00,
0x00, 0x00, 0x00, 0x00, 0x00, 0x00, 0x00, 0x00, 0x00, 0x00, 0x00, 0x00, 0x00, 0x00, 0x00, 0x00,
0x00, 0x00, 0x00, 0x00, 0x00, 0x00, 0x00, 0x00, 0x00, 0x00, 0x00, 0x00, 0x00, 0x00, 0x00, 0x00,
0x00, 0x00, 0x00, 0x00, 0x00, 0x00, 0x00, 0x00, 0x00, 0x00, 0x00, 0x00, 0x00, 0x00, 0x00, 0x00,
0x00, 0x00, 0x00, 0x00, 0x00, 0x00, 0x00, 0x00, 0x00, 0x00, 0x00, 0x00, 0x00, 0x00, 0x00, 0x00,
0x00, 0x00, 0x00, 0x00, 0x00, 0x00, 0x00, 0x00, 0x00, 0x00, 0x00, 0x00, 0x00, 0x00, 0x00, 0x00,
0x00, 0x00, 0x00, 0x00, 0x00, 0x00, 0x00, 0x07, 0x00, 0x00, 0x00, 0x00, 0x00, 0x00, 0x00, 0x00,
0x00, 0x00, 0x00, 0x00, 0x00, 0x00, 0x00, 0x00, 0x00, 0x00, 0x00, 0x00, 0x00, 0x00, 0x00, 0x00,
0x00, 0x00, 0x00, 0x00, 0x00, 0x00, 0x00, 0x00, 0x00, 0x00, 0x00, 0x00, 0x00, 0x00, 0x00, 0x00,
0x00, 0x00, 0x00, 0x00, 0x00, 0x00, 0x00, 0x00, 0x00, 0x00, 0x00, 0x00, 0x00, 0x00, 0x00, 0x00,
0x00, 0x00, 0x00, 0x00, 0x00, 0x00, 0x00, 0x00, 0x00, 0x00, 0x00, 0x00, 0x00, 0x00, 0x00, 0x00,
0x00, 0x00, 0x00, 0x00, 0x00, 0x00, 0x00, 0x00, 0x00, 0x00, 0x00, 0x00, 0x00, 0x00, 0x00, 0x00,
0x00, 0x00, 0x00, 0x00, 0x00, 0x00, 0x00, 0x00, 0x00, 0x00, 0x00, 0x00, 0x00, 0x00, 0x00, 0x00,
0x00, 0x00, 0x00, 0x00, 0x00, 0x00, 0x00, 0x00, 0x00, 0x00, 0x00, 0x00, 0x00, 0x00, 0x00, 0x00,
0x00, 0x00, 0x00, 0x00, 0x00, 0x00, 0x00, 0x00, 0x00, 0x00, 0x00, 0x00, 0x00, 0x00, 0x00, 0x00,
0x00, 0x00, 0x00, 0x00, 0x00, 0x00, 0x00, 0x00, 0x00, 0x00, 0x00, 0x00, 0x00, 0x00, 0x00, 0x00,
0x00, 0x00, 0x00, 0x00, 0x00, 0x00, 0x00, 0x00, 0x00, 0x00, 0x00, 0x00, 0x00, 0x00, 0x00, 0x00,
0x00, 0x00, 0x00, 0x89, 0x1B, 0x1E, 0x1E, 0xD4, 0x00, 0x00, 0x00, 0xB3, 0x2A, 0x34, 0x31, 0xFD,
0x39, 0x41, 0x40, 0xE8, 0x33, 0x39, 0x38, 0xE8, 0x79, 0x8E, 0x8A, 0xFF, 0x9B, 0xAD, 0xA8, 0xFF,
0x00, 0x00, 0x00, 0xB8, 0x28, 0x32, 0x2F, 0xFC, 0x00, 0x00, 0x00, 0xB7, 0x30, 0x3C, 0x39, 0xFC,
0x39, 0x4F, 0x4B, 0xFF, 0x6A, 0x7C, 0x77, 0xFF, 0x46, 0x5E, 0x59, 0xFF, 0x33, 0x4E, 0x46, 0xFF,
0x2C, 0x33, 0x2F, 0xE9, 0x27, 0x2F, 0x29, 0xE8, 0x88, 0x99, 0x8D, 0xFF, 0x72, 0x86, 0x75, 0xFF,
0x22, 0x29, 0x25, 0xE7, 0x20, 0x28, 0x23, 0xE8, 0x64, 0x78, 0x67, 0xFF, 0x60, 0x75, 0x65, 0xFF,
0x88, 0x96, 0x8A, 0xFF, 0x76, 0x86, 0x73, 0xFF, 0x9D, 0xB2, 0xB6, 0xFF, 0xC5, 0xD4, 0xD6, 0xFF,
0x65, 0x75, 0x61, 0xFF, 0x5B, 0x6C, 0x5A, 0xFF, 0xB8, 0xC8, 0xCE, 0xFF, 0xAD, 0xC1, 0xCA, 0xFF,
0x00, 0x00, 0x00, 0xB6, 0x2E, 0x3C, 0x38, 0xFB, 0x00, 0x00, 0x00, 0xA1, 0x24, 0x35, 0x33, 0xF5,
0x4D, 0x6C, 0x63, 0xFF, 0x3D, 0x61, 0x5B, 0xFF, 0x49, 0x71, 0x6F, 0xFF, 0x3E, 0x67, 0x69, 0xFF,
0x00, 0x00, 0x00, 0x7C, 0x17, 0x23, 0x24, 0xE4, 0x00, 0x00, 0x00, 0x56, 0x06, 0x0A, 0x0A, 0xC6,
0x46, 0x76, 0x7E, 0xFF, 0x3D, 0x6F, 0x75, 0xFF, 0x42, 0x73, 0x7C, 0xFF, 0x44, 0x7E, 0x87, 0xFF,
0xB0, 0xC8, 0xDB, 0xFF, 0xE8, 0xF7, 0xFF, 0xFF, 0xAE, 0xC7, 0xD3, 0xFF, 0xDD, 0xF1, 0xFF, 0xFF,
0xE2, 0xF3, 0xFF, 0xFF, 0xDF, 0xF2, 0xFF, 0xFF, 0xE4, 0xF2, 0xFF, 0xFF, 0xE0, 0xF0, 0xFF, 0xFF,
0x98, 0xB7, 0xBD, 0xFF, 0xE6, 0xF4, 0xFF, 0xFF, 0x66, 0x96, 0x9E, 0xFF, 0xE6, 0xF1, 0xF9, 0xFF,
0xDF, 0xEF, 0xFE, 0xFF, 0xE1, 0xF1, 0xFE, 0xFF, 0xE2, 0xF1, 0xFF, 0xFF, 0xE9, 0xF4, 0xFF, 0xFF,
0x1D, 0x25, 0x21, 0xE8, 0x1E, 0x25, 0x23, 0xE8, 0x57, 0x6D, 0x62, 0xFF, 0x57, 0x66, 0x5F, 0xFF,
0x1E, 0x22, 0x20, 0xE8, 0x1F, 0x26, 0x23, 0xE7, 0x56, 0x63, 0x57, 0xFF, 0x75, 0xB0, 0xC0, 0xFF,
0x56, 0x65, 0x58, 0xFF, 0x57, 0x64, 0x59, 0xFF, 0xA9, 0xBA, 0xC5, 0xFF, 0x94, 0xC3, 0xD6, 0xFF,
0x76, 0xAD, 0xBD, 0xFF, 0x80, 0xE0, 0xFF, 0xFF, 0x7A, 0xDA, 0xFF, 0xFF, 0x80, 0xDA, 0xFF, 0xFF,
0x0D, 0x15, 0x1A, 0xC0, 0x00, 0x00, 0x00, 0x60, 0x2A, 0x4C, 0x5C, 0xE9, 0x00, 0x00, 0x00, 0x7C,
0x00, 0x00, 0x00, 0x1A, 0x00, 0x00, 0x00, 0x00, 0x00, 0x00, 0x00, 0x22, 0x00, 0x00, 0x00, 0x00,
0x24, 0x46, 0x55, 0xE9, 0x00, 0x00, 0x00, 0x81, 0x27, 0x47, 0x55, 0xE8, 0x00, 0x00, 0x00, 0x7F,
0x00, 0x00, 0x00, 0x24, 0x00, 0x00, 0x00, 0x00, 0x00, 0x00, 0x00, 0x22, 0x00, 0x00, 0x00, 0x00,
0xE0, 0xF0, 0xFF, 0xFF, 0xBB, 0xE5, 0xFF, 0xFF, 0xE0, 0xEE, 0xFD, 0xFF, 0xC6, 0xE5, 0xFB, 0xFF,
0x8C, 0xDC, 0xFD, 0xFF, 0x97, 0xE2, 0xFE, 0xFF, 0xA7, 0xE1, 0xFB, 0xFF, 0xC2, 0xF3, 0xFF, 0xFF,
0xE3, 0xF1, 0xFD, 0xFF, 0xD9, 0xEE, 0xFA, 0xFF, 0xEA, 0xF5, 0xFD, 0xFF, 0xE1, 0xF0, 0xFD, 0xFF,
0xBF, 0xE7, 0xFA, 0xFF, 0xD7, 0xF1, 0xFD, 0xFF, 0xD6, 0xEB, 0xF9, 0xFF, 0xD6, 0xE7, 0xEE, 0xFF,
0x2F, 0x44, 0x4D, 0xEA, 0x00, 0x00, 0x00, 0x85, 0x62, 0x73, 0x7C, 0xF4, 0x00, 0x00, 0x00, 0xA1,
0x00, 0x00, 0x00, 0x26, 0x00, 0x00, 0x00, 0x00, 0x00, 0x00, 0x00, 0x49, 0x00, 0x00, 0x00, 0x23,
0xC7, 0xD7, 0xDE, 0xFE, 0x26, 0x28, 0x2A, 0xDA, 0xDC, 0xE9, 0xEA, 0xFF, 0xAA, 0xB5, 0xB3, 0xFF,
0x00, 0x00, 0x00, 0x9E, 0x00, 0x00, 0x00, 0x7C, 0x4D, 0x53, 0x51, 0xF1, 0x28, 0x2A, 0x29, 0xE4,
0x00, 0x00, 0x00, 0x37, 0x00, 0x00, 0x00, 0x9B, 0x00, 0x00, 0x00, 0x1E, 0x00, 0x00, 0x00, 0x69,
0x2B, 0x4A, 0x52, 0xF7, 0x4E, 0x8D, 0x9B, 0xFF, 0x0A, 0x0E, 0x0F, 0xD2, 0x47, 0x83, 0x90, 0xFF,
0x00, 0x00, 0x00, 0x0C, 0x00, 0x00, 0x00, 0x39, 0x00, 0x00, 0x00, 0x00, 0x00, 0x00, 0x00, 0x18,
0x00, 0x00, 0x00, 0x93, 0x1C, 0x30, 0x35, 0xED, 0x00, 0x00, 0x00, 0x4E, 0x00, 0x00, 0x00, 0xA5,
0x40, 0x87, 0x97, 0xFF, 0x94, 0xC1, 0xD2, 0xFF, 0x4A, 0x95, 0xAE, 0xFF, 0x48, 0x9B, 0xB6, 0xFF,
0xE8, 0xF4, 0xFF, 0xFF, 0xEB, 0xF5, 0xFE, 0xFF, 0x9A, 0xCC, 0xE0, 0xFF, 0xE1, 0xF0, 0xFD, 0xFF,
0x51, 0x95, 0xAA, 0xFF, 0x4D, 0xA4, 0xC2, 0xFF, 0x1E, 0x35, 0x3A, 0xEE, 0x54, 0xA1, 0xBB, 0xFF,
0x4D, 0xAA, 0xC9, 0xFF, 0x84, 0xCB, 0xE5, 0xFF, 0x64, 0xC3, 0xE0, 0xFF, 0x62, 0xC6, 0xE2, 0xFF,
0x00, 0x00, 0x00, 0x00, 0x00, 0x00, 0x00, 0x03, 0x00, 0x00, 0x00, 0x00, 0x00, 0x00, 0x00, 0x00,
0x00, 0x00, 0x00, 0x1D, 0x00, 0x00, 0x00, 0x51, 0x00, 0x00, 0x00, 0x03, 0x00, 0x00, 0x00, 0x1B,
0x00, 0x00, 0x00, 0x00, 0x00, 0x00, 0x00, 0x00, 0x00, 0x00, 0x00, 0x00, 0x00, 0x00, 0x00, 0x00,
0x00, 0x00, 0x00, 0x00, 0x00, 0x00, 0x00, 0x00, 0x00, 0x00, 0x00, 0x00, 0x00, 0x00, 0x00, 0x05,
0x00, 0x00, 0x00, 0x9D, 0x13, 0x1E, 0x20, 0xE0, 0x00, 0x00, 0x00, 0x44, 0x00, 0x00, 0x00, 0x82,
0x4C, 0x83, 0x92, 0xFE, 0x73, 0xD1, 0xED, 0xFF, 0x00, 0x00, 0x00, 0xC1, 0x20, 0x34, 0x3A, 0xEC,
0x00, 0x00, 0x00, 0x1D, 0x00, 0x00, 0x00, 0x4D, 0x00, 0x00, 0x00, 0x2C, 0x00, 0x00, 0x00, 0x72,
0x00, 0x00, 0x00, 0x81, 0x00, 0x00, 0x00, 0xA0, 0x01, 0x00, 0x00, 0x98, 0x00, 0x00, 0x00, 0x78,
0xE8, 0xF4, 0xFC, 0xFF, 0xE3, 0xF0, 0xFD, 0xFF, 0xEA, 0xF3, 0xFE, 0xFF, 0xE6, 0xF2, 0xFC, 0xFF,
0xDF, 0xEF, 0xFF, 0xFF, 0xD1, 0xE1, 0xE8, 0xFF, 0xE4, 0xF1, 0xFD, 0xFF, 0xE6, 0xF3, 0xFD, 0xFF,
0xC7, 0xE8, 0xF7, 0xFF, 0xEA, 0xF5, 0xFD, 0xFF, 0x6D, 0xCC, 0xED, 0xFF, 0x8E, 0xDF, 0xF6, 0xFF,
0xE3, 0xEE, 0xFE, 0xFF, 0xE9, 0xF1, 0xFE, 0xFF, 0xA6, 0xE5, 0xFA, 0xFF, 0xBA, 0xE6, 0xFC, 0xFF,
0xBB, 0xC7, 0xC2, 0xFF, 0xA7, 0xB3, 0xA5, 0xFF, 0xC5, 0xD6, 0xDC, 0xFF, 0x97, 0xA5, 0x9F, 0xFF,
0x8A, 0x97, 0x8C, 0xFF, 0x78, 0x85, 0x7A, 0xFF, 0x7E, 0x89, 0x7F, 0xFF, 0x72, 0x7B, 0x70, 0xFF,
0xEA, 0xF5, 0xFF, 0xFF, 0xE0, 0xEC, 0xF5, 0xFF, 0xCA, 0xEA, 0xFD, 0xFF, 0xD5, 0xED, 0xFD, 0xFF,
0xCA, 0xD7, 0xDE, 0xFF, 0xB4, 0xC1, 0xC4, 0xFF, 0xDD, 0xF3, 0xFF, 0xFF, 0xE0, 0xF5, 0xFF, 0xFF,
0x7D, 0xE7, 0xFF, 0xFF, 0x80, 0xE9, 0xFF, 0xFF, 0x4E, 0x87, 0x92, 0xFD, 0x65, 0xB3, 0xC4, 0xFF,
0x7A, 0xE1, 0xFC, 0xFF, 0x75, 0xDB, 0xFD, 0xFF, 0x78, 0xDA, 0xF5, 0xFF, 0x7F, 0xE4, 0xFF, 0xFF,
0x00, 0x00, 0x00, 0xB5, 0x03, 0x04, 0x05, 0xCF, 0x00, 0x00, 0x00, 0x59, 0x00, 0x00, 0x00, 0x60,
0x10, 0x1F, 0x23, 0xE4, 0x26, 0x45, 0x4C, 0xF2, 0x00, 0x00, 0x00, 0x7B, 0x00, 0x00, 0x00, 0x93,
0x7E, 0xDB, 0xFB, 0xFF, 0x81, 0xD7, 0xF7, 0xFF, 0x86, 0xE8, 0xFF, 0xFF, 0x85, 0xE6, 0xFF, 0xFF,
0x7F, 0xD5, 0xF6, 0xFF, 0x7E, 0xD1, 0xF5, 0xFF, 0x88, 0xE2, 0xFF, 0xFF, 0x89, 0xE2, 0xFF, 0xFF,
0x3E, 0x6A, 0x79, 0xF9, 0x4E, 0x7F, 0x92, 0xFC, 0x00, 0x00, 0x00, 0xA3, 0x00, 0x00, 0x00, 0xAC,
0x61, 0x92, 0xA6, 0xFF, 0x62, 0x94, 0xA4, 0xFF, 0x00, 0x00, 0x00, 0xB3, 0x00, 0x00, 0x00, 0xB8,
0x00, 0x00, 0x00, 0x00, 0x00, 0x00, 0x00, 0x00, 0x00, 0x00, 0x00, 0x00, 0x00, 0x00, 0x00, 0x00,
0x00, 0x00, 0x00, 0x00, 0x00, 0x00, 0x00, 0x00, 0x00, 0x00, 0x00, 0x00, 0x00, 0x00, 0x00, 0x00,
0x00, 0x00, 0x00, 0x00, 0x00, 0x00, 0x00, 0x00, 0x00, 0x00, 0x00, 0x00, 0x00, 0x00, 0x00, 0x00,
0x00, 0x00, 0x00, 0x00, 0x00, 0x00, 0x00, 0x00, 0x00, 0x00, 0x00, 0x00, 0x00, 0x00, 0x00, 0x00,
0x00, 0x00, 0x00, 0x00, 0x00, 0x00, 0x00, 0x00, 0x00, 0x00, 0x00, 0x00, 0x00, 0x00, 0x00, 0x00,
0x00, 0x00, 0x00, 0x00, 0x00, 0x00, 0x00, 0x00, 0x00, 0x00, 0x00, 0x00, 0x00, 0x00, 0x00, 0x00,
0x00, 0x00, 0x00, 0x00, 0x00, 0x00, 0x00, 0x00, 0x00, 0x00, 0x00, 0x00, 0x00, 0x00, 0x00, 0x00,
0x00, 0x00, 0x00, 0x00, 0x00, 0x00, 0x00, 0x00, 0x00, 0x00, 0x00, 0x00, 0x00, 0x00, 0x00, 0x00,
0x00, 0x00, 0x00, 0x00, 0x00, 0x00, 0x00, 0x00, 0x00, 0x00, 0x00, 0x00, 0x00, 0x00, 0x00, 0x00,
0x00, 0x00, 0x00, 0x00, 0x00, 0x00, 0x00, 0x00, 0x00, 0x00, 0x00, 0x00, 0x00, 0x00, 0x00, 0x00,
0x00, 0x00, 0x00, 0x00, 0x00, 0x00, 0x00, 0x00, 0x00, 0x00, 0x00, 0x00, 0x00, 0x00, 0x00, 0x00,
0x00, 0x00, 0x00, 0x00, 0x00, 0x00, 0x00, 0x00, 0x00, 0x00, 0x00, 0x00, 0x00, 0x00, 0x00, 0x00,
0x00, 0x00, 0x00, 0x00, 0x00, 0x00, 0x00, 0x00, 0x00, 0x00, 0x00, 0x00, 0x00, 0x00, 0x00, 0x00,
0x00, 0x00, 0x00, 0x00, 0x00, 0x00, 0x00, 0x00, 0x00, 0x00, 0x00, 0x00, 0x00, 0x00, 0x00, 0x00,
0x00, 0x00, 0x00, 0x00, 0x00, 0x00, 0x00, 0x00, 0x00, 0x00, 0x00, 0x00, 0x00, 0x00, 0x00, 0x00,
0x00, 0x00, 0x00, 0x00, 0x00, 0x00, 0x00, 0x00, 0x00, 0x00, 0x00, 0x00, 0x00, 0x00, 0x00, 0x00,
0x00, 0x00, 0x00, 0x00, 0x00, 0x00, 0x00, 0x00, 0x00, 0x00, 0x00, 0x00, 0x00, 0x00, 0x00, 0x00,
0x00, 0x00, 0x00, 0x00, 0x00, 0x00, 0x00, 0x00, 0x00, 0x00, 0x00, 0x00, 0x00, 0x00, 0x00, 0x00,
0x00, 0x00, 0x00, 0x00, 0x00, 0x00, 0x00, 0x00, 0x00, 0x00, 0x00, 0x00, 0x00, 0x00, 0x00, 0x00,
0x00, 0x00, 0x00, 0x00, 0x00, 0x00, 0x00, 0x00, 0x00, 0x00, 0x00, 0x00, 0x00, 0x00, 0x00, 0x00,
0x00, 0x00, 0x00, 0x00, 0x00, 0x00, 0x00, 0x00, 0x00, 0x00, 0x00, 0x00, 0x00, 0x00, 0x00, 0x00,
0x00, 0x00, 0x00, 0x00, 0x00, 0x00, 0x00, 0x00, 0x00, 0x00, 0x00, 0x00, 0x00, 0x00, 0x00, 0x00,
0x00, 0x00, 0x00, 0x00, 0x00, 0x00, 0x00, 0x00, 0x00, 0x00, 0x00, 0x00, 0x00, 0x00, 0x00, 0x00,
0x00, 0x00, 0x00, 0x02, 0x00, 0x00, 0x00, 0x14, 0x00, 0x00, 0x00, 0x08, 0x00, 0x00, 0x00, 0x2F,
0x00, 0x00, 0x00, 0x00, 0x00, 0x00, 0x00, 0x00, 0x00, 0x00, 0x00, 0x00, 0x00, 0x00, 0x00, 0x00,
0x00, 0x00, 0x00, 0x00, 0x00, 0x00, 0x00, 0x00, 0x00, 0x00, 0x00, 0x00, 0x00, 0x00, 0x00, 0x00,
0x00, 0x00, 0x00, 0x00, 0x00, 0x00, 0x00, 0x00, 0x00, 0x00, 0x00, 0x00, 0x00, 0x00, 0x00, 0x00,
0x00, 0x00, 0x00, 0x00, 0x00, 0x00, 0x00, 0x00, 0x00, 0x00, 0x00, 0x00, 0x00, 0x00, 0x00, 0x00,
0x00, 0x00, 0x00, 0x00, 0x00, 0x00, 0x00, 0x00, 0x00, 0x00, 0x00, 0x00, 0x00, 0x00, 0x00, 0x00,
0x00, 0x00, 0x00, 0x0A, 0x00, 0x00, 0x00, 0x39, 0x00, 0x00, 0x00, 0x03, 0x00, 0x00, 0x00, 0x22,
0x00, 0x00, 0x00, 0x00, 0x00, 0x00, 0x00, 0x00, 0x00, 0x00, 0x00, 0x00, 0x00, 0x00, 0x00, 0x00,
0x00, 0x00, 0x00, 0x00, 0x00, 0x00, 0x00, 0x09, 0x00, 0x00, 0x00, 0x00, 0x00, 0x00, 0x00, 0x00,
0x00, 0x00, 0x00, 0x00, 0x00, 0x00, 0x00, 0x00, 0x00, 0x00, 0x00, 0x00, 0x00, 0x00, 0x00, 0x00,
0x00, 0x00, 0x00, 0x00, 0x00, 0x00, 0x00, 0x00, 0x00, 0x00, 0x00, 0x00, 0x00, 0x00, 0x00, 0x00,
0x00, 0x00, 0x00, 0x00, 0x00, 0x00, 0x00, 0x00, 0x00, 0x00, 0x00, 0x00, 0x00, 0x00, 0x00, 0x00,
0x00, 0x00, 0x00, 0x00, 0x00, 0x00, 0x00, 0x00, 0x00, 0x00, 0x00, 0x00, 0x00, 0x00, 0x00, 0x00,
0x00, 0x00, 0x00, 0x00, 0x00, 0x00, 0x00, 0x00, 0x00, 0x00, 0x00, 0x00, 0x00, 0x00, 0x00, 0x00,
0x00, 0x00, 0x00, 0x00, 0x00, 0x00, 0x00, 0x00, 0x00, 0x00, 0x00, 0x00, 0x00, 0x00, 0x00, 0x00,
0x00, 0x00, 0x00, 0x00, 0x00, 0x00, 0x00, 0x00, 0x00, 0x00, 0x00, 0x00, 0x00, 0x00, 0x00, 0x00,
0x00, 0x00, 0x00, 0x00, 0x00, 0x00, 0x00, 0x00, 0x00, 0x00, 0x00, 0x00, 0x00, 0x00, 0x00, 0x00,
0x00, 0x00, 0x00, 0x00, 0x00, 0x00, 0x00, 0x00, 0x00, 0x00, 0x00, 0x00, 0x00, 0x00, 0x00, 0x00,
0x00, 0x00, 0x00, 0x00, 0x00, 0x00, 0x00, 0x00, 0x00, 0x00, 0x00, 0x00, 0x00, 0x00, 0x00, 0x00,
0x00, 0x00, 0x00, 0x00, 0x00, 0x00, 0x00, 0x00, 0x00, 0x00, 0x00, 0x00, 0x00, 0x00, 0x00, 0x00,
0x00, 0x00, 0x00, 0x00, 0x00, 0x00, 0x00, 0x00, 0x00, 0x00, 0x00, 0x00, 0x00, 0x00, 0x00, 0x00,
0x00, 0x00, 0x00, 0x00, 0x00, 0x00, 0x00, 0x00, 0x00, 0x00, 0x00, 0x00, 0x00, 0x00, 0x00, 0x00,
0x00, 0x00, 0x00, 0x00, 0x00, 0x00, 0x00, 0x00, 0x00, 0x00, 0x00, 0x00, 0x00, 0x00, 0x00, 0x00,
0x00, 0x00, 0x00, 0x00, 0x00, 0x00, 0x00, 0x00, 0x00, 0x00, 0x00, 0x00, 0x00, 0x00, 0x00, 0x00,
0x00, 0x00, 0x00, 0x00, 0x00, 0x00, 0x00, 0x00, 0x00, 0x00, 0x00, 0x00, 0x00, 0x00, 0x00, 0x00,
0x00, 0x00, 0x00, 0x00, 0x00, 0x00, 0x00, 0x00, 0x00, 0x00, 0x00, 0x00, 0x00, 0x00, 0x00, 0x00,
0x00, 0x00, 0x00, 0x00, 0x00, 0x00, 0x00, 0x00, 0x00, 0x00, 0x00, 0x00, 0x00, 0x00, 0x00, 0x00,
0x00, 0x00, 0x00, 0x00, 0x00, 0x00, 0x00, 0x00, 0x00, 0x00, 0x00, 0x00, 0x00, 0x00, 0x00, 0x00,
0x00, 0x00, 0x00, 0x00, 0x00, 0x00, 0x00, 0x00, 0x00, 0x00, 0x00, 0x00, 0x00, 0x00, 0x00, 0x00,
0x00, 0x00, 0x00, 0x00, 0x00, 0x00, 0x00, 0x00, 0x00, 0x00, 0x00, 0x00, 0x00, 0x00, 0x00, 0x00,
0x00, 0x00, 0x00, 0x00, 0x00, 0x00, 0x00, 0x00, 0x00, 0x00, 0x00, 0x00, 0x00, 0x00, 0x00, 0x00,
0x00, 0x00, 0x00, 0x00, 0x00, 0x00, 0x00, 0x00, 0x00, 0x00, 0x00, 0x00, 0x00, 0x00, 0x00, 0x00,
0x00, 0x00, 0x00, 0x00, 0x00, 0x00, 0x00, 0x00, 0x00, 0x00, 0x00, 0x00, 0x00, 0x00, 0x00, 0x00,
0x00, 0x00, 0x00, 0x00, 0x00, 0x00, 0x00, 0x00, 0x00, 0x00, 0x00, 0x00, 0x00, 0x00, 0x00, 0x00,
0x00, 0x00, 0x00, 0x00, 0x00, 0x00, 0x00, 0x00, 0x00, 0x00, 0x00, 0x00, 0x00, 0x00, 0x00, 0x00,
0x00, 0x00, 0x00, 0x00, 0x00, 0x00, 0x00, 0x00, 0x00, 0x00, 0x00, 0x00, 0x00, 0x00, 0x00, 0x00,
0x00, 0x00, 0x00, 0x00, 0x00, 0x00, 0x00, 0x00, 0x00, 0x00, 0x00, 0x00, 0x00, 0x00, 0x00, 0x00,
0x00, 0x00, 0x00, 0x00, 0x00, 0x00, 0x00, 0x00, 0x00, 0x00, 0x00, 0x00, 0x00, 0x00, 0x00, 0x00,
0x00, 0x00, 0x00, 0x00, 0x00, 0x00, 0x00, 0x00, 0x00, 0x00, 0x00, 0x00, 0x00, 0x00, 0x00, 0x00,
0x00, 0x00, 0x00, 0x00, 0x00, 0x00, 0x00, 0x00, 0x00, 0x00, 0x00, 0x00, 0x00, 0x00, 0x00, 0x00,
0x00, 0x00, 0x00, 0x00, 0x00, 0x00, 0x00, 0x00, 0x00, 0x00, 0x00, 0x00, 0x00, 0x00, 0x00, 0x00,
0x00, 0x00, 0x00, 0x00, 0x00, 0x00, 0x00, 0x00, 0x00, 0x00, 0x00, 0x05, 0x00, 0x00, 0x00, 0x0C,
0x00, 0x00, 0x00, 0x00, 0x00, 0x00, 0x00, 0x10, 0x00, 0x00, 0x00, 0x0C, 0x00, 0x00, 0x00, 0x1E,
0x00, 0x00, 0x00, 0x2C, 0x00, 0x00, 0x00, 0x40, 0x02, 0x03, 0x03, 0x77, 0x0C, 0x16, 0x19, 0xAA,
0x00, 0x00, 0x00, 0x42, 0x00, 0x00, 0x00, 0x56, 0x0C, 0x14, 0x15, 0xB1, 0x05, 0x09, 0x08, 0xBA,
0x00, 0x00, 0x00, 0x4A, 0x02, 0x05, 0x06, 0xB5, 0x00, 0x00, 0x00, 0x69, 0x02, 0x08, 0x0C, 0xD6,
0x08, 0x15, 0x1B, 0xE0, 0x00, 0x00, 0x00, 0x8B, 0x0A, 0x3D, 0x54, 0xFF, 0x00, 0x04, 0x05, 0xB1,
0x00, 0x00, 0x00, 0x9A, 0x06, 0x0F, 0x11, 0xED, 0x09, 0x0E, 0x0E, 0xD9, 0x14, 0x26, 0x27, 0xFC,
0x10, 0x5E, 0x83, 0xFF, 0x05, 0x1A, 0x22, 0xD5, 0x20, 0x73, 0x9D, 0xFF, 0x16, 0x4F, 0x6C, 0xF4,
0x01, 0x01, 0x01, 0x99, 0x15, 0x24, 0x2C, 0xEF, 0x00, 0x00, 0x00, 0x5D, 0x00, 0x00, 0x00, 0xA6,
0x4A, 0x7A, 0x93, 0xFF, 0x5B, 0x91, 0xA8, 0xFE, 0x0F, 0x16, 0x1C, 0xE5, 0x65, 0x90, 0xA9, 0xFF,
0x00, 0x00, 0x00, 0x1F, 0x00, 0x00, 0x00, 0x4C, 0x00, 0x00, 0x00, 0x00, 0x00, 0x00, 0x00, 0x20,
0x00, 0x00, 0x00, 0x9A, 0x00, 0x00, 0x00, 0xE6, 0x00, 0x00, 0x00, 0x70, 0x06, 0x03, 0x00, 0xD5,
0x47, 0x6D, 0x7A, 0xFF, 0x34, 0x51, 0x54, 0xFF, 0x92, 0xC8, 0xE4, 0xFF, 0x63, 0x82, 0x8C, 0xFF,
0x2B, 0x6E, 0x8B, 0xFF, 0x38, 0x6C, 0x86, 0xFF, 0x55, 0x95, 0xAD, 0xFF, 0x84, 0xC8, 0xDE, 0xFF,
0x45, 0x4D, 0x47, 0xFF, 0x5E, 0x96, 0x9F, 0xFF, 0x4E, 0x6E, 0x6B, 0xFF, 0x49, 0xD6, 0xEC, 0xFF,
0x92, 0xEA, 0xFF, 0xFF, 0x6C, 0xCE, 0xF6, 0xFF, 0x8A, 0xC5, 0xD1, 0xFF, 0xAF, 0xE3, 0xFF, 0xFF,
0x00, 0x00, 0x00, 0x33, 0x00, 0x00, 0x00, 0x18, 0x00, 0x00, 0x00, 0x47, 0x00, 0x00, 0x00, 0x12,
0x00, 0x00, 0x00, 0x23, 0x00, 0x00, 0x00, 0x2F, 0x00, 0x00, 0x00, 0x08, 0x00, 0x00, 0x00, 0x0A,
0x00, 0x00, 0x00, 0x7D, 0x00, 0x00, 0x00, 0x4B, 0x00, 0x02, 0x02, 0xCC, 0x04, 0x06, 0x06, 0xB5,
0x00, 0x00, 0x00, 0x42, 0x00, 0x00, 0x00, 0x36, 0x0D, 0x16, 0x1A, 0xB1, 0x09, 0x0F, 0x11, 0x99,
0x00, 0x00, 0x00, 0x38, 0x00, 0x00, 0x00, 0x3F, 0x00, 0x00, 0x00, 0x09, 0x00, 0x00, 0x00, 0x0E,
0x00, 0x00, 0x00, 0x45, 0x00, 0x00, 0x00, 0x47, 0x00, 0x00, 0x00, 0x14, 0x00, 0x00, 0x00, 0x19,
0x00, 0x00, 0x00, 0x1F, 0x00, 0x00, 0x00, 0x16, 0x00, 0x00, 0x00, 0x51, 0x00, 0x00, 0x00, 0x32,
0x00, 0x00, 0x00, 0x2F, 0x00, 0x00, 0x00, 0x48, 0x00, 0x00, 0x00, 0x6C, 0x05, 0x09, 0x0B, 0xAC,
0x47, 0x6E, 0x7A, 0xFE, 0x54, 0x9F, 0xB3, 0xFE, 0x6D, 0xD6, 0xE7, 0xFF, 0x27, 0x67, 0x75, 0xFF,
0x32, 0x67, 0x78, 0xFE, 0x0B, 0x14, 0x16, 0xD0, 0x01, 0x04, 0x05, 0xE9, 0x00, 0x00, 0x00, 0xA4,
0x2A, 0x60, 0x74, 0xFF, 0x00, 0x00, 0x00, 0xFC, 0x37, 0x7A, 0x9D, 0xFF, 0x00, 0x00, 0x00, 0xFD,
0x00, 0x00, 0x00, 0xE0, 0x00, 0x00, 0x00, 0xAA, 0x0F, 0x16, 0x1A, 0xF6, 0x32, 0x52, 0x60, 0xE8,
0x00, 0x00, 0x00, 0x69, 0x00, 0x00, 0x00, 0x4E, 0x00, 0x00, 0x00, 0x61, 0x00, 0x00, 0x00, 0x6C,
0x00, 0x00, 0x00, 0xA1, 0x0C, 0x2B, 0x3A, 0xF7, 0x01, 0x02, 0x01, 0xC8, 0x0C, 0x40, 0x5A, 0xFF,
0x00, 0x00, 0x00, 0x88, 0x00, 0x00, 0x00, 0xA9, 0x28, 0x46, 0x4E, 0xE1, 0x20, 0x33, 0x36, 0xED,
0x05, 0x0D, 0x0C, 0xEB, 0x14, 0x53, 0x6F, 0xFF, 0x24, 0x39, 0x36, 0xFD, 0x22, 0x5D, 0x74, 0xFF,
0x00, 0x00, 0x00, 0x00, 0x00, 0x00, 0x00, 0x26, 0x00, 0x00, 0x00, 0x07, 0x00, 0x00, 0x00, 0x3C,
0x00, 0x00, 0x00, 0x7F, 0x24, 0x33, 0x34, 0xE5, 0x02, 0x05, 0x05, 0xA6, 0x24, 0x50, 0x58, 0xFD,
0x00, 0x00, 0x00, 0x0C, 0x00, 0x00, 0x00, 0x3E, 0x00, 0x00, 0x00, 0x05, 0x00, 0x00, 0x00, 0x26,
0x01, 0x03, 0x03, 0xA0, 0x01, 0x02, 0x03, 0xD1, 0x00, 0x00, 0x00, 0x55, 0x00, 0x00, 0x00, 0x63,
0x57, 0xBA, 0xC7, 0xFF, 0x1F, 0x53, 0x5A, 0xFC, 0x0D, 0x28, 0x2D, 0xF0, 0x00, 0x00, 0x00, 0xBE,
0x09, 0x07, 0x08, 0xF4, 0x73, 0x81, 0x88, 0xFF, 0x00, 0x00, 0x00, 0xAC, 0x00, 0x00, 0x00, 0xD0,
0x00, 0x00, 0x00, 0x9E, 0x00, 0x00, 0x00, 0x5E, 0x00, 0x00, 0x00, 0x41, 0x00, 0x00, 0x00, 0x1D,
0x00, 0x00, 0x00, 0x48, 0x00, 0x00, 0x00, 0x6E, 0x00, 0x00, 0x00, 0x12, 0x00, 0x00, 0x00, 0x25,
0x00, 0x00, 0x00, 0x00, 0x00, 0x00, 0x00, 0x0E, 0x00, 0x00, 0x00, 0x00, 0x00, 0x00, 0x00, 0x00,
0x00, 0x00, 0x00, 0x19, 0x00, 0x00, 0x00, 0x1A, 0x00, 0x00, 0x00, 0x00, 0x00, 0x00, 0x00, 0x00,
0x00, 0x00, 0x00, 0x00, 0x00, 0x00, 0x00, 0x00, 0x00, 0x00, 0x00, 0x00, 0x00, 0x00, 0x00, 0x00,
0x00, 0x00, 0x00, 0x00, 0x00, 0x00, 0x00, 0x00, 0x00, 0x00, 0x00, 0x00, 0x00, 0x00, 0x00, 0x00,
0x00, 0x00, 0x00, 0x10, 0x00, 0x00, 0x00, 0x00, 0x00, 0x00, 0x00, 0x00, 0x00, 0x00, 0x00, 0x00,
0x00, 0x00, 0x00, 0x00, 0x00, 0x00, 0x00, 0x03, 0x00, 0x00, 0x00, 0x00, 0x00, 0x00, 0x00, 0x00,
0x00, 0x00, 0x00, 0x00, 0x00, 0x00, 0x00, 0x00, 0x00, 0x00, 0x00, 0x00, 0x00, 0x00, 0x00, 0x00,
0x00, 0x00, 0x00, 0x00, 0x00, 0x00, 0x00, 0x00, 0x00, 0x00, 0x00, 0x00, 0x00, 0x00, 0x00, 0x00,
0x84, 0xC9, 0xE8, 0xFF, 0x08, 0x1C, 0x24, 0xFB, 0x3A, 0x4E, 0x55, 0xFA, 0x28, 0x43, 0x4E, 0xFB,
0x02, 0x03, 0x05, 0xF7, 0x25, 0x3A, 0x4B, 0xFD, 0x00, 0x00, 0x00, 0xD8, 0x00, 0x00, 0x00, 0xD0,
0x00, 0x00, 0x00, 0xB1, 0x04, 0x05, 0x06, 0xD3, 0x00, 0x00, 0x00, 0x4E, 0x00, 0x00, 0x00, 0x69,
0x00, 0x00, 0x00, 0xA6, 0x00, 0x00, 0x00, 0x96, 0x00, 0x00, 0x00, 0x5C, 0x00, 0x00, 0x00, 0x71,
0x6F, 0xA9, 0xCA, 0xFF, 0x7F, 0xBA, 0xD7, 0xFF, 0x11, 0x16, 0x1A, 0xEF, 0x6A, 0x84, 0x91, 0xFF,
0x56, 0x7A, 0x87, 0xFF, 0x38, 0x67, 0x75, 0xFF, 0x6B, 0x84, 0x86, 0xFF, 0x71, 0xB7, 0xCE, 0xFF,
0x00, 0x00, 0x00, 0xCB, 0x2D, 0x2A, 0x1F, 0xFC, 0x07, 0x03, 0x00, 0xC6, 0x58, 0x8D, 0x8C, 0xFF,
0x4A, 0xA2, 0xAB, 0xFF, 0x88, 0xF4, 0xFF, 0xFF, 0x4C, 0xC6, 0xD3, 0xFF, 0x2D, 0x54, 0x58, 0xFF,
0x00, 0x00, 0x00, 0x14, 0x00, 0x00, 0x00, 0x1C, 0x00, 0x00, 0x00, 0x00, 0x00, 0x00, 0x00, 0x00,
0x00, 0x00, 0x00, 0x2E, 0x00, 0x00, 0x00, 0x73, 0x00, 0x00, 0x00, 0x2D, 0x00, 0x00, 0x00, 0x8D,
0x00, 0x00, 0x00, 0x00, 0x00, 0x00, 0x00, 0x03, 0x00, 0x00, 0x00, 0x00, 0x00, 0x00, 0x00, 0x00,
0x00, 0x00, 0x00, 0x2C, 0x00, 0x00, 0x00, 0x77, 0x00, 0x00, 0x00, 0x17, 0x00, 0x00, 0x00, 0x32,
0x1A, 0x31, 0x35, 0xDC, 0x3C, 0x8E, 0x9A, 0xFF, 0x0D, 0x1D, 0x21, 0xEE, 0x01, 0x05, 0x07, 0xE0,
0x0C, 0x20, 0x23, 0xF3, 0x00, 0x00, 0x00, 0xDF, 0x00, 0x00, 0x00, 0xA5, 0x00, 0x00, 0x00, 0x83,
0x00, 0x00, 0x00, 0xA7, 0x00, 0x00, 0x00, 0x7F, 0x00, 0x00, 0x00, 0x37, 0x00, 0x00, 0x00, 0x2B,
0x00, 0x00, 0x00, 0x46, 0x00, 0x00, 0x00, 0x29, 0x00, 0x00, 0x00, 0x13, 0x00, 0x00, 0x00, 0x00,
0x00, 0x00, 0x00, 0x00, 0x00, 0x00, 0x00, 0x0E, 0x00, 0x00, 0x00, 0x00, 0x00, 0x00, 0x00, 0x0E,
0x00, 0x00, 0x00, 0x4A, 0x04, 0x05, 0x05, 0xBB, 0x00, 0x00, 0x00, 0x4A, 0x05, 0x05, 0x05, 0xBB,
0x00, 0x00, 0x00, 0x00, 0x00, 0x00, 0x00, 0x0E, 0x00, 0x00, 0x00, 0x00, 0x00, 0x00, 0x00, 0x0E,
0x00, 0x00, 0x00, 0x4B, 0x05, 0x05, 0x05, 0xBB, 0x00, 0x00, 0x00, 0x4A, 0x05, 0x05, 0x05, 0xBB,
0x53, 0x5F, 0x59, 0xFF, 0x66, 0x70, 0x68, 0xFF, 0x55, 0x5E, 0x59, 0xFF, 0x5C, 0x6B, 0x66, 0xFF,
0x7F, 0x8C, 0x86, 0xFF, 0xD5, 0xEB, 0xFC, 0xFF, 0x78, 0x88, 0x85, 0xFF, 0xDB, 0xEF, 0xFD, 0xFF,
0x53, 0x5D, 0x5A, 0xFF, 0x62, 0x6F, 0x66, 0xFF, 0x57, 0x5E, 0x59, 0xFF, 0x63, 0x6F, 0x66, 0xFF,
0x7B, 0x89, 0x87, 0xFF, 0xDD, 0xF0, 0xFF, 0xFF, 0x7E, 0x8A, 0x88, 0xFF, 0xDD, 0xEE, 0xFD, 0xFF,
0x00, 0x00, 0x00, 0x00, 0x00, 0x00, 0x00, 0x11, 0x00, 0x00, 0x00, 0x1F, 0x00, 0x00, 0x00, 0x31,
0x00, 0x00, 0x00, 0x51, 0x02, 0x03, 0x02, 0xC0, 0x00, 0x00, 0x00, 0x75, 0x0A, 0x0C, 0x0A, 0xD6,
0x00, 0x00, 0x00, 0x76, 0x00, 0x00, 0x00, 0x8A, 0x20, 0x24, 0x21, 0xE0, 0x28, 0x2B, 0x25, 0xEA,
0x01, 0x01, 0x01, 0xBE, 0x35, 0x39, 0x2F, 0xF6, 0x45, 0x48, 0x3C, 0xFA, 0x5B, 0x5F, 0x4A, 0xFF,
0x4D, 0x56, 0x50, 0xFF, 0x5E, 0x6A, 0x5D, 0xFF, 0x59, 0x61, 0x51, 0xFF, 0x5C, 0x61, 0x49, 0xFF,
0x7C, 0x89, 0x83, 0xFF, 0xDC, 0xEE, 0xFE, 0xFF, 0x8A, 0x96, 0x8D, 0xFF, 0xE0, 0xF6, 0xFF, 0xFF,
0x60, 0x65, 0x51, 0xFF, 0x4E, 0x56, 0x42, 0xFF, 0x54, 0x55, 0x3C, 0xFF, 0x68, 0x71, 0x60, 0xFF,
0xA1, 0xB0, 0xB1, 0xFF, 0xE2, 0xF5, 0xFF, 0xFF, 0xD4, 0xE4, 0xEF, 0xFF, 0xE0, 0xF1, 0xFF, 0xFF,
0xD6, 0xEB, 0xFE, 0xFF, 0xD2, 0xE7, 0xFA, 0xFF, 0xE1, 0xF1, 0xFF, 0xFF, 0xD9, 0xED, 0xFD, 0xFF,
0xD8, 0xEB, 0xFC, 0xFF, 0xC0, 0xE2, 0xFA, 0xFF, 0xD8, 0xEB, 0xFE, 0xFF, 0xC1, 0xE3, 0xFC, 0xFF,
0xDD, 0xEE, 0xFF, 0xFF, 0xDB, 0xEE, 0xFE, 0xFF, 0xDE, 0xEF, 0xFF, 0xFF, 0xDB, 0xEC, 0xFE, 0xFF,
0xDB, 0xED, 0xFE, 0xFF, 0xCE, 0xE7, 0xFB, 0xFF, 0xD3, 0xE9, 0xFE, 0xFF, 0xCC, 0xE4, 0xFC, 0xFF,
0x77, 0xD4, 0xF9, 0xFF, 0x6C, 0xD6, 0xFF, 0xFF, 0x71, 0xCD, 0xF9, 0xFF, 0x6F, 0xD6, 0xFE, 0xFF,
0x63, 0xB9, 0xDC, 0xFF, 0x05, 0x09, 0x0A, 0xB2, 0x66, 0xBA, 0xDA, 0xFF, 0x05, 0x09, 0x0A, 0xB2,
0x78, 0xD3, 0xFB, 0xFF, 0x6B, 0xD3, 0xFF, 0xFF, 0x75, 0xD1, 0xF7, 0xFF, 0x69, 0xD2, 0xFF, 0xFF,
0x60, 0xB6, 0xD9, 0xFF, 0x05, 0x0A, 0x0B, 0xB1, 0x5D, 0xB7, 0xDC, 0xFF, 0x05, 0x09, 0x0B, 0xB0,
0xDB, 0xED, 0xFF, 0xFF, 0xDA, 0xEC, 0xFF, 0xFF, 0xDA, 0xEC, 0xFF, 0xFF, 0xDB, 0xEC, 0xFE, 0xFF,
0xD5, 0xE9, 0xFE, 0xFF, 0xC6, 0xE3, 0xFC, 0xFF, 0xD8, 0xE9, 0xFE, 0xFF, 0xBE, 0xE2, 0xFA, 0xFF,
0xD6, 0xEB, 0xFE, 0xFF, 0xD7, 0xEB, 0xFA, 0xFF, 0xD7, 0xEA, 0xFE, 0xFF, 0xD1, 0xE7, 0xFD, 0xFF,
0xD8, 0xEA, 0xFB, 0xFF, 0xA9, 0xDB, 0xF9, 0xFF, 0xCD, 0xE1, 0xFB, 0xFF, 0x72, 0xD0, 0xFB, 0xFF,
0x6E, 0xCC, 0xF5, 0xFF, 0x65, 0xD1, 0xFE, 0xFF, 0x60, 0xC7, 0xF5, 0xFF, 0x5F, 0xD1, 0xFF, 0xFF,
0x56, 0xAF, 0xD5, 0xFF, 0x04, 0x08, 0x09, 0xB0, 0x48, 0x9C, 0xC0, 0xFD, 0x02, 0x03, 0x03, 0xA9,
0x4F, 0xC7, 0xF9, 0xFF, 0x5D, 0xD7, 0xFF, 0xFF, 0x4A, 0xCC, 0xFD, 0xFF, 0x57, 0xD0, 0xFB, 0xFF,
0x38, 0x79, 0x92, 0xF9, 0x00, 0x00, 0x00, 0x9C, 0x1A, 0x33, 0x40, 0xE9, 0x00, 0x00, 0x00, 0x82,
0x70, 0x79, 0x6D, 0xFF, 0x67, 0x6D, 0x5F, 0xFF, 0x69, 0x71, 0x5F, 0xFF, 0x61, 0x67, 0x51, 0xFF,
0x63, 0x66, 0x53, 0xFF, 0x5B, 0x5A, 0x3E, 0xFF, 0x69, 0x6C, 0x57, 0xFF, 0x83, 0x8B, 0x83, 0xFF,
0xA7, 0xB5, 0xB4, 0xFF, 0xB5, 0xC3, 0xC3, 0xFF, 0xDA, 0xF2, 0xFF, 0xFF, 0xD2, 0xED, 0xFF, 0xFF,
0xCF, 0xDF, 0xE5, 0xFF, 0xE1, 0xF3, 0xFF, 0xFF, 0xD3, 0xED, 0xFF, 0xFF, 0xC6, 0xE6, 0xFC, 0xFF,
0x62, 0x66, 0x4F, 0xFF, 0xBD, 0xCF, 0xD1, 0xFF, 0xC2, 0xD6, 0xE0, 0xFF, 0xDC, 0xF2, 0xFF, 0xFF,
0xE7, 0xF7, 0xFF, 0xFF, 0xDB, 0xED, 0xFD, 0xFF, 0xD7, 0xEA, 0xFE, 0xFF, 0xDC, 0xEC, 0xFC, 0xFF,
0xE7, 0xF4, 0xFF, 0xFF, 0xDF, 0xED, 0xFE, 0xFF, 0xBB, 0xE3, 0xFC, 0xFF, 0xA4, 0xDD, 0xFA, 0xFF,
0xD7, 0xEC, 0xFE, 0xFF, 0xBB, 0xE0, 0xFA, 0xFF, 0x80, 0xD4, 0xF7, 0xFF, 0x5D, 0xCB, 0xF8, 0xFF,
0x80, 0xD1, 0xF3, 0xFF, 0x7F, 0xCF, 0xF2, 0xFF, 0x8C, 0xE0, 0xFF, 0xFF, 0x8C, 0xDD, 0xFF, 0xFF,
0x77, 0xCA, 0xF2, 0xFF, 0x75, 0xCB, 0xF4, 0xFF, 0x91, 0xE1, 0xFF, 0xFF, 0x98, 0xE6, 0xFF, 0xFF,
0x68, 0x91, 0xA1, 0xFF, 0x70, 0x98, 0xAB, 0xFF, 0x00, 0x00, 0x00, 0xB8, 0x00, 0x00, 0x00, 0xB4,
0x5F, 0x85, 0x99, 0xFD, 0x56, 0x75, 0x86, 0xFB, 0x00, 0x00, 0x00, 0xAE, 0x00, 0x00, 0x00, 0xA5,
0x7C, 0xD2, 0xF9, 0xFF, 0x80, 0xD9, 0xFF, 0xFF, 0x9C, 0xE5, 0xFF, 0xFF, 0x9B, 0xDC, 0xF9, 0xFF,
0x7B, 0xDC, 0xFF, 0xFF, 0x80, 0xE5, 0xFF, 0xFF, 0x82, 0xBF, 0xD7, 0xFF, 0x5A, 0x90, 0xA0, 0xFF,
0x40, 0x54, 0x5D, 0xF5, 0x22, 0x2B, 0x30, 0xEB, 0x00, 0x00, 0x00, 0x9A, 0x00, 0x00, 0x00, 0x86,
0x0B, 0x0E, 0x0F, 0xD9, 0x00, 0x00, 0x00, 0xC8, 0x00, 0x00, 0x00, 0x70, 0x00, 0x00, 0x00, 0x79,
0xDB, 0xEC, 0xFE, 0xFF, 0xD8, 0xE8, 0xFD, 0xFF, 0xDD, 0xEA, 0xFB, 0xFF, 0xA4, 0xDB, 0xFA, 0xFF,
0x9C, 0xD8, 0xF8, 0xFF, 0x50, 0xCB, 0xFA, 0xFF, 0x53, 0xCA, 0xF8, 0xFF, 0x50, 0xD0, 0xFE, 0xFF,
0x83, 0xD2, 0xF8, 0xFF, 0x53, 0xCB, 0xF5, 0xFF, 0x5B, 0xCF, 0xFD, 0xFF, 0x6A, 0xDD, 0xFF, 0xFF,
0x58, 0xD3, 0xFD, 0xFF, 0x60, 0xDC, 0xFF, 0xFF, 0x67, 0xD6, 0xF9, 0xFF, 0x34, 0x66, 0x78, 0xF9,
0x52, 0xD7, 0xFF, 0xFF, 0x42, 0x9C, 0xBD, 0xFE, 0x55, 0xD5, 0xFD, 0xFF, 0x14, 0x31, 0x3B, 0xE6,
0x01, 0x03, 0x04, 0xBF, 0x00, 0x00, 0x00, 0x59, 0x00, 0x00, 0x00, 0x85, 0x00, 0x00, 0x00, 0x2E,
0x2E, 0x66, 0x79, 0xF9, 0x00, 0x00, 0x00, 0xAE, 0x00, 0x00, 0x00, 0xBD, 0x00, 0x00, 0x00, 0x64,
0x00, 0x00, 0x00, 0x4C, 0x00, 0x00, 0x00, 0x14, 0x00, 0x00, 0x00, 0x21, 0x00, 0x00, 0x00, 0x03,
0x7D, 0xE0, 0xFF, 0xFF, 0x5D, 0xA7, 0xBF, 0xFF, 0x30, 0x4B, 0x53, 0xF2, 0x04, 0x06, 0x06, 0xCC,
0x1D, 0x32, 0x3B, 0xEC, 0x00, 0x00, 0x00, 0xB3, 0x00, 0x00, 0x00, 0x91, 0x00, 0x00, 0x00, 0x54,
0x00, 0x00, 0x00, 0xB6, 0x00, 0x00, 0x00, 0x8A, 0x00, 0x00, 0x00, 0x9F, 0x00, 0x00, 0x00, 0x9B,
0x00, 0x00, 0x00, 0x4C, 0x00, 0x00, 0x00, 0x1C, 0x00, 0x00, 0x00, 0x56, 0x00, 0x00, 0x00, 0x19,
0x00, 0x00, 0x00, 0x67, 0x00, 0x00, 0x00, 0x28, 0x00, 0x00, 0x00, 0x25, 0x00, 0x00, 0x00, 0x09,
0x00, 0x00, 0x00, 0x07, 0x00, 0x00, 0x00, 0x00, 0x00, 0x00, 0x00, 0x00, 0x00, 0x00, 0x00, 0x00,
0x00, 0x00, 0x00, 0x05, 0x00, 0x00, 0x00, 0x00, 0x00, 0x00, 0x00, 0x00, 0x00, 0x00, 0x00, 0x00,
0x00, 0x00, 0x00, 0x00, 0x00, 0x00, 0x00, 0x00, 0x00, 0x00, 0x00, 0x00, 0x00, 0x00, 0x00, 0x00,
0x00, 0x00, 0x00, 0x42, 0x00, 0x00, 0x00, 0x0A, 0x00, 0x00, 0x00, 0x42, 0x00, 0x00, 0x00, 0x09,
0x00, 0x00, 0x00, 0x00, 0x00, 0x00, 0x00, 0x00, 0x00, 0x00, 0x00, 0x00, 0x00, 0x00, 0x00, 0x00,
0x00, 0x00, 0x00, 0x42, 0x00, 0x00, 0x00, 0x0A, 0x00, 0x00, 0x00, 0x42, 0x00, 0x00, 0x00, 0x0A,
0x00, 0x00, 0x00, 0x00, 0x00, 0x00, 0x00, 0x00, 0x00, 0x00, 0x00, 0x00, 0x00, 0x00, 0x00, 0x00,
0x00, 0x00, 0x00, 0x00, 0x00, 0x00, 0x00, 0x00, 0x00, 0x00, 0x00, 0x00, 0x00, 0x00, 0x00, 0x00,
0x00, 0x00, 0x00, 0x00, 0x00, 0x00, 0x00, 0x00, 0x00, 0x00, 0x00, 0x00, 0x00, 0x00, 0x00, 0x00,
0x00, 0x00, 0x00, 0x00, 0x00, 0x00, 0x00, 0x00, 0x00, 0x00, 0x00, 0x00, 0x00, 0x00, 0x00, 0x00,
0x00, 0x00, 0x00, 0x00, 0x00, 0x00, 0x00, 0x00, 0x00, 0x00, 0x00, 0x00, 0x00, 0x00, 0x00, 0x00,
0x00, 0x00, 0x00, 0x41, 0x00, 0x00, 0x00, 0x0A, 0x00, 0x00, 0x00, 0x3D, 0x00, 0x00, 0x00, 0x0A,
0x00, 0x00, 0x00, 0x00, 0x00, 0x00, 0x00, 0x00, 0x00, 0x00, 0x00, 0x00, 0x00, 0x00, 0x00, 0x00,
0x00, 0x00, 0x00, 0x34, 0x00, 0x00, 0x00, 0x05, 0x00, 0x00, 0x00, 0x27, 0x00, 0x00, 0x00, 0x00,
0x00, 0x00, 0x00, 0x00, 0x00, 0x00, 0x00, 0x00, 0x00, 0x00, 0x00, 0x00, 0x00, 0x00, 0x00, 0x00,
0x00, 0x00, 0x00, 0x00, 0x00, 0x00, 0x00, 0x00, 0x00, 0x00, 0x00, 0x00, 0x00, 0x00, 0x00, 0x00,
0x00, 0x00, 0x00, 0x00, 0x00, 0x00, 0x00, 0x00, 0x00, 0x00, 0x00, 0x00, 0x00, 0x00, 0x00, 0x00,
0x00, 0x00, 0x00, 0x00, 0x00, 0x00, 0x00, 0x00, 0x00, 0x00, 0x00, 0x00, 0x00, 0x00, 0x00, 0x00,
0x00, 0x00, 0x00, 0x00, 0x00, 0x00, 0x00, 0x00, 0x00, 0x00, 0x00, 0x00, 0x00, 0x00, 0x00, 0x00,
0x00, 0x00, 0x00, 0x00, 0x00, 0x00, 0x00, 0x00, 0x00, 0x00, 0x00, 0x00, 0x00, 0x00, 0x00, 0x00,
0x00, 0x00, 0x00, 0x00, 0x00, 0x00, 0x00, 0x00, 0x00, 0x00, 0x00, 0x00, 0x00, 0x00, 0x00, 0x00,
0x00, 0x00, 0x00, 0x00, 0x00, 0x00, 0x00, 0x00, 0x00, 0x00, 0x00, 0x00, 0x00, 0x00, 0x00, 0x00,
0x00, 0x00, 0x00, 0x00, 0x00, 0x00, 0x00, 0x00, 0x00, 0x00, 0x00, 0x00, 0x00, 0x00, 0x00, 0x00,
0x00, 0x00, 0x00, 0x00, 0x00, 0x00, 0x00, 0x00, 0x00, 0x00, 0x00, 0x00, 0x00, 0x00, 0x00, 0x00,
0x00, 0x00, 0x00, 0x00, 0x00, 0x00, 0x00, 0x00, 0x00, 0x00, 0x00, 0x00, 0x00, 0x00, 0x00, 0x00,
0x00, 0x00, 0x00, 0x00, 0x00, 0x00, 0x00, 0x00, 0x00, 0x00, 0x00, 0x00, 0x00, 0x00, 0x00, 0x00,
0x00, 0x00, 0x00, 0x00, 0x00, 0x00, 0x00, 0x00, 0x00, 0x00, 0x00, 0x00, 0x00, 0x00, 0x00, 0x00,
0x00, 0x00, 0x00, 0x00, 0x00, 0x00, 0x00, 0x00, 0x00, 0x00, 0x00, 0x00, 0x00, 0x00, 0x00, 0x00,
0x00, 0x00, 0x00, 0x00, 0x00, 0x00, 0x00, 0x00, 0x00, 0x00, 0x00, 0x00, 0x00, 0x00, 0x00, 0x00,
0x00, 0x00, 0x00, 0x00, 0x00, 0x00, 0x00, 0x00, 0x00, 0x00, 0x00, 0x00, 0x00, 0x00, 0x00, 0x00,
0x00, 0x00, 0x00, 0x00, 0x00, 0x00, 0x00, 0x00, 0x00, 0x00, 0x00, 0x00, 0x00, 0x00, 0x00, 0x00,
0x00, 0x00, 0x00, 0x00, 0x00, 0x00, 0x00, 0x00, 0x00, 0x00, 0x00, 0x00, 0x00, 0x00, 0x00, 0x00,
0x00, 0x00, 0x00, 0x00, 0x00, 0x00, 0x00, 0x00, 0x00, 0x00, 0x00, 0x00, 0x00, 0x00, 0x00, 0x00,
0x00, 0x00, 0x00, 0x00, 0x00, 0x00, 0x00, 0x00, 0x00, 0x00, 0x00, 0x00, 0x00, 0x00, 0x00, 0x00,
0x00, 0x00, 0x00, 0x00, 0x00, 0x00, 0x00, 0x00, 0x00, 0x00, 0x00, 0x00, 0x00, 0x00, 0x00, 0x00,
0x00, 0x00, 0x00, 0x17, 0x00, 0x00, 0x00, 0x00, 0x00, 0x00, 0x00, 0x07, 0x00, 0x00, 0x00, 0x00,
0x00, 0x00, 0x00, 0x00, 0x00, 0x00, 0x00, 0x00, 0x00, 0x00, 0x00, 0x00, 0x00, 0x00, 0x00, 0x00,
0x00, 0x00, 0x00, 0x00, 0x00, 0x00, 0x00, 0x00, 0x00, 0x00, 0x00, 0x00, 0x00, 0x00, 0x00, 0x00,
0x00, 0x00, 0x00, 0x00, 0x00, 0x00, 0x00, 0x00, 0x00, 0x00, 0x00, 0x00, 0x00, 0x00, 0x00, 0x00,
0x00, 0x00, 0x00, 0x00, 0x00, 0x00, 0x00, 0x00, 0x00, 0x00, 0x00, 0x00, 0x00, 0x00, 0x00, 0x00,
0x00, 0x00, 0x00, 0x00, 0x00, 0x00, 0x00, 0x00, 0x00, 0x00, 0x00, 0x00, 0x00, 0x00, 0x00, 0x00,
0x00, 0x00, 0x00, 0x00, 0x00, 0x00, 0x00, 0x00, 0x00, 0x00, 0x00, 0x00, 0x00, 0x00, 0x00, 0x00,
0x00, 0x00, 0x00, 0x00, 0x00, 0x00, 0x00, 0x00, 0x00, 0x00, 0x00, 0x00, 0x00, 0x00, 0x00, 0x00,
0x00, 0x00, 0x00, 0x00, 0x00, 0x00, 0x00, 0x00, 0x00, 0x00, 0x00, 0x00, 0x00, 0x00, 0x00, 0x00,
0x00, 0x00, 0x00, 0x00, 0x00, 0x00, 0x00, 0x00, 0x00, 0x00, 0x00, 0x00, 0x00, 0x00, 0x00, 0x00,
0x00, 0x00, 0x00, 0x00, 0x00, 0x00, 0x00, 0x00, 0x00, 0x00, 0x00, 0x00, 0x00, 0x00, 0x00, 0x00,
0x00, 0x00, 0x00, 0x00, 0x00, 0x00, 0x00, 0x00, 0x00, 0x00, 0x00, 0x00, 0x00, 0x00, 0x00, 0x00,
0x00, 0x00, 0x00, 0x00, 0x00, 0x00, 0x00, 0x00, 0x00, 0x00, 0x00, 0x00, 0x00, 0x00, 0x00, 0x00,
0x00, 0x00, 0x00, 0x00, 0x00, 0x00, 0x00, 0x00, 0x00, 0x00, 0x00, 0x00, 0x00, 0x00, 0x00, 0x00,
0x00, 0x00, 0x00, 0x00, 0x00, 0x00, 0x00, 0x00, 0x00, 0x00, 0x00, 0x00, 0x00, 0x00, 0x00, 0x00,
0x00, 0x00, 0x00, 0x00, 0x00, 0x00, 0x00, 0x00, 0x00, 0x00, 0x00, 0x00, 0x00, 0x00, 0x00, 0x00,
0x00, 0x00, 0x00, 0x00, 0x00, 0x00, 0x00, 0x00, 0x00, 0x00, 0x00, 0x00, 0x00, 0x00, 0x00, 0x00,
0x00, 0x00, 0x00, 0x00, 0x00, 0x00, 0x00, 0x00, 0x00, 0x00, 0x00, 0x00, 0x00, 0x00, 0x00, 0x00,
0x00, 0x00, 0x00, 0x00, 0x00, 0x00, 0x00, 0x00, 0x00, 0x00, 0x00, 0x00, 0x00, 0x00, 0x00, 0x00,
0x00, 0x00, 0x00, 0x00, 0x00, 0x00, 0x00, 0x00, 0x00, 0x00, 0x00, 0x00, 0x00, 0x00, 0x00, 0x00,
0x00, 0x00, 0x00, 0x00, 0x00, 0x00, 0x00, 0x00, 0x00, 0x00, 0x00, 0x00, 0x00, 0x00, 0x00, 0x00,
0x00, 0x00, 0x00, 0x00, 0x00, 0x00, 0x00, 0x00, 0x00, 0x00, 0x00, 0x00, 0x00, 0x00, 0x00, 0x00,
0x00, 0x00, 0x00, 0x00, 0x00, 0x00, 0x00, 0x00, 0x00, 0x00, 0x00, 0x00, 0x00, 0x00, 0x00, 0x00,
0x00, 0x00, 0x00, 0x00, 0x00, 0x00, 0x00, 0x00, 0x00, 0x00, 0x00, 0x00, 0x00, 0x00, 0x00, 0x00,
0x00, 0x00, 0x00, 0x00, 0x00, 0x00, 0x00, 0x00, 0x00, 0x00, 0x00, 0x00, 0x00, 0x00, 0x00, 0x00,
0x00, 0x00, 0x00, 0x00, 0x00, 0x00, 0x00, 0x00, 0x00, 0x00, 0x00, 0x00, 0x00, 0x00, 0x00, 0x00,
0x00, 0x00, 0x00, 0x00, 0x00, 0x00, 0x00, 0x00, 0x00, 0x00, 0x00, 0x00, 0x00, 0x00, 0x00, 0x00,
0x00, 0x00, 0x00, 0x00, 0x00, 0x00, 0x00, 0x00, 0x00, 0x00, 0x00, 0x00, 0x00, 0x00, 0x00, 0x00,
0x00, 0x00, 0x00, 0x00, 0x00, 0x00, 0x00, 0x00, 0x00, 0x00, 0x00, 0x00, 0x00, 0x00, 0x00, 0x00,
0x00, 0x00, 0x00, 0x00, 0x00, 0x00, 0x00, 0x00, 0x00, 0x00, 0x00, 0x00, 0x00, 0x00, 0x00, 0x00,
0x00, 0x00, 0x00, 0x00, 0x00, 0x00, 0x00, 0x00, 0x00, 0x00, 0x00, 0x00, 0x00, 0x00, 0x00, 0x00,
0x00, 0x00, 0x00, 0x00, 0x00, 0x00, 0x00, 0x00, 0x00, 0x00, 0x00, 0x00, 0x00, 0x00, 0x00, 0x00,
0x00, 0x00, 0x00, 0x47, 0x00, 0x00, 0x00, 0x47, 0x00, 0x00, 0x00, 0x15, 0x00, 0x00, 0x00, 0x10,
0x00, 0x00, 0x00, 0x41, 0x00, 0x00, 0x00, 0x3A, 0x00, 0x00, 0x00, 0x0C, 0x00, 0x00, 0x00, 0x0C,
0x00, 0x00, 0x00, 0x33, 0x00, 0x00, 0x00, 0x13, 0x01, 0x01, 0x02, 0x78, 0x00, 0x00, 0x00, 0x2C,
0x00, 0x00, 0x00, 0x13, 0x00, 0x00, 0x00, 0x2B, 0x00, 0x00, 0x00, 0x2E, 0x01, 0x01, 0x02, 0x74,
0x00, 0x00, 0x00, 0x33, 0x00, 0x00, 0x00, 0x27, 0x00, 0x00, 0x00, 0x0E, 0x00, 0x00, 0x00, 0x0A,
0x00, 0x00, 0x00, 0x24, 0x00, 0x00, 0x00, 0x56, 0x00, 0x00, 0x00, 0x1D, 0x00, 0x00, 0x00, 0x69,
0x00, 0x00, 0x00, 0x3E, 0x00, 0x00, 0x00, 0x42, 0x0E, 0x17, 0x1B, 0xAA, 0x0E, 0x15, 0x16, 0xB1,
0x00, 0x00, 0x00, 0x57, 0x00, 0x00, 0x00, 0x9B, 0x05, 0x08, 0x08, 0xB9, 0x07, 0x0C, 0x0C, 0xD9,
0x02, 0x0A, 0x0E, 0xB3, 0x00, 0x00, 0x00, 0x4A, 0x04, 0x1A, 0x26, 0xD6, 0x00, 0x00, 0x00, 0x70,
0x00, 0x00, 0x00, 0x3D, 0x00, 0x00, 0x01, 0x92, 0x00, 0x00, 0x00, 0x45, 0x00, 0x00, 0x00, 0x75,
0x11, 0x4A, 0x66, 0xF1, 0x00, 0x00, 0x00, 0xAE, 0x22, 0x70, 0x92, 0xFE, 0x15, 0x23, 0x29, 0xEF,
0x00, 0x00, 0x00, 0x80, 0x00, 0x00, 0x00, 0x8D, 0x25, 0x3E, 0x44, 0xE0, 0x2C, 0x58, 0x62, 0xE2,
0x17, 0x27, 0x2E, 0xEC, 0x55, 0x88, 0xA0, 0xFF, 0x00, 0x00, 0x00, 0xC5, 0x10, 0x18, 0x1E, 0xF7,
0x54, 0x8C, 0xA4, 0xFE, 0x34, 0x5B, 0x68, 0xFF, 0x5D, 0x8C, 0xA5, 0xFF, 0x79, 0xB6, 0xD9, 0xFF,
0x00, 0x00, 0x00, 0xC3, 0x00, 0x00, 0x00, 0xF0, 0x15, 0x27, 0x2B, 0xEE, 0x00, 0x00, 0x00, 0xF6,
0x01, 0x00, 0x00, 0xFE, 0x56, 0x5B, 0x54, 0xFF, 0x0E, 0x06, 0x02, 0xFD, 0x6B, 0x79, 0x6E, 0xFF,
0x02, 0x05, 0x06, 0xB9, 0x06, 0x18, 0x1E, 0xE3, 0x03, 0x0A, 0x0E, 0xD8, 0x0C, 0x3A, 0x50, 0xFF,
0x00, 0x00, 0x00, 0x8A, 0x00, 0x00, 0x00, 0x2C, 0x00, 0x03, 0x04, 0xB3, 0x00, 0x00, 0x00, 0x49,
0x02, 0x0E, 0x12, 0xEE, 0x0E, 0x4D, 0x6E, 0xFF, 0x06, 0x17, 0x1F, 0xFC, 0x12, 0x62, 0x86, 0xFF,
0x03, 0x11, 0x18, 0xD7, 0x00, 0x00, 0x00, 0x84, 0x10, 0x42, 0x58, 0xF4, 0x00, 0x00, 0x00, 0xD1,
0x00, 0x00, 0x00, 0x00, 0x00, 0x00, 0x00, 0x00, 0x00, 0x00, 0x00, 0x15, 0x00, 0x00, 0x00, 0x0C,
0x00, 0x00, 0x00, 0x00, 0x00, 0x00, 0x00, 0x00, 0x00, 0x00, 0x00, 0x09, 0x00, 0x00, 0x00, 0x02,
0x00, 0x00, 0x00, 0x4D, 0x00, 0x00, 0x00, 0x43, 0x00, 0x01, 0x02, 0xB8, 0x0A, 0x13, 0x16, 0xB3,
0x00, 0x00, 0x00, 0x3B, 0x00, 0x00, 0x00, 0x24, 0x0A, 0x10, 0x13, 0xA1, 0x00, 0x00, 0x00, 0x5B,
0x1E, 0x38, 0x3D, 0xFF, 0x1C, 0x5C, 0x7A, 0xFF, 0x4C, 0x72, 0x7E, 0xFF, 0x3A, 0x7D, 0x97, 0xFF,
0x1B, 0x50, 0x6E, 0xFF, 0x25, 0x45, 0x56, 0xFF, 0x78, 0xBD, 0xD4, 0xFF, 0x6D, 0xC3, 0xDC, 0xFF,
0x59, 0x9D, 0xA8, 0xFF, 0x83, 0xE0, 0xFF, 0xFF, 0x58, 0xDA, 0xE9, 0xFF, 0x84, 0xBF, 0xD0, 0xFF,
0x57, 0xC2, 0xF0, 0xFF, 0x1B, 0x52, 0x68, 0xFC, 0x9E, 0xDD, 0xFD, 0xFF, 0x23, 0x66, 0x86, 0xFB,
0x41, 0x84, 0x9A, 0xFF, 0x31, 0x5C, 0x68, 0xFF, 0x1E, 0x58, 0x67, 0xFD, 0x01, 0x04, 0x04, 0xD4,
0x0E, 0x16, 0x19, 0xDB, 0x00, 0x00, 0x00, 0x70, 0x00, 0x00, 0x00, 0x8D, 0x00, 0x00, 0x00, 0x45,
0x00, 0x00, 0x00, 0xD0, 0x00, 0x00, 0x00, 0x7E, 0x00, 0x00, 0x00, 0xB3, 0x00, 0x00, 0x00, 0x4D,
0x00, 0x00, 0x00, 0x39, 0x00, 0x00, 0x00, 0x16, 0x00, 0x00, 0x00, 0x13, 0x00, 0x00, 0x00, 0x00,
0x59, 0x90, 0xA6, 0xFF, 0x70, 0xB5, 0xCA, 0xFF, 0x73, 0xD9, 0xFB, 0xFF, 0x5E, 0xB2, 0xCE, 0xFF,
0x5E, 0xC4, 0xDB, 0xFF, 0x23, 0x53, 0x61, 0xFC, 0x08, 0x21, 0x26, 0xF4, 0x00, 0x00, 0x00, 0xC0,
0x98, 0xDC, 0xFE, 0xFF, 0x37, 0x7F, 0xA1, 0xFF, 0xA5, 0xB7, 0xC4, 0xFF, 0x8A, 0xD1, 0xF4, 0xFF,
0x00, 0x00, 0x00, 0xD3, 0x00, 0x00, 0x00, 0x7D, 0x08, 0x1E, 0x28, 0xD3, 0x00, 0x00, 0x00, 0x6A,
0x04, 0x07, 0x08, 0xE7, 0x00, 0x00, 0x00, 0xE8, 0x00, 0x00, 0x00, 0xA4, 0x02, 0x04, 0x05, 0xCC,
0x2B, 0x36, 0x34, 0xFB, 0x6D, 0xC7, 0xCC, 0xFF, 0x24, 0x4B, 0x52, 0xFE, 0x0F, 0x26, 0x2A, 0xF1,
0x00, 0x00, 0x00, 0x61, 0x02, 0x02, 0x03, 0xA4, 0x00, 0x00, 0x00, 0x38, 0x00, 0x00, 0x00, 0x53,
0x01, 0x03, 0x04, 0xD2, 0x00, 0x00, 0x00, 0x9D, 0x00, 0x00, 0x00, 0x63, 0x00, 0x00, 0x00, 0x41,
0x10, 0x0F, 0x0F, 0xED, 0x6C, 0x8A, 0x99, 0xFF, 0x00, 0x00, 0x00, 0x9A, 0x00, 0x00, 0x00, 0xD5,
0x38, 0x64, 0x78, 0xEB, 0x01, 0x01, 0x01, 0x86, 0x1E, 0x2C, 0x33, 0xF5, 0x03, 0x05, 0x06, 0xA3,
0x00, 0x00, 0x00, 0x3C, 0x00, 0x00, 0x00, 0x74, 0x00, 0x00, 0x00, 0x0F, 0x00, 0x00, 0x00, 0x26,
0x00, 0x00, 0x00, 0xA3, 0x00, 0x00, 0x00, 0x81, 0x00, 0x00, 0x00, 0x32, 0x00, 0x00, 0x00, 0x2C,
0x00, 0x00, 0x00, 0x30, 0x00, 0x00, 0x00, 0x19, 0x00, 0x00, 0x00, 0x39, 0x00, 0x00, 0x00, 0x03,
0x00, 0x00, 0x00, 0x1A, 0x00, 0x00, 0x00, 0x11, 0x00, 0x00, 0x00, 0x00, 0x00, 0x00, 0x00, 0x00,
0x00, 0x00, 0x00, 0x33, 0x00, 0x00, 0x00, 0x07, 0x00, 0x00, 0x00, 0x19, 0x00, 0x00, 0x00, 0x02,
0x00, 0x00, 0x00, 0x00, 0x00, 0x00, 0x00, 0x00, 0x00, 0x00, 0x00, 0x00, 0x00, 0x00, 0x00, 0x00,
0x21, 0x52, 0x55, 0xFC, 0x07, 0x06, 0x08, 0xF5, 0x00, 0x00, 0x00, 0xBF, 0x00, 0x00, 0x00, 0xAB,
0x70, 0x86, 0x8F, 0xFF, 0x72, 0xB8, 0xDB, 0xFF, 0x00, 0x00, 0x00, 0xD1, 0x34, 0x4A, 0x56, 0xFC,
0x00, 0x00, 0x00, 0x5E, 0x00, 0x00, 0x00, 0x48, 0x00, 0x00, 0x00, 0x1C, 0x00, 0x00, 0x00, 0x11,
0x00, 0x00, 0x00, 0x6F, 0x00, 0x00, 0x00, 0xB4, 0x00, 0x00, 0x00, 0x25, 0x00, 0x00, 0x00, 0x4F,
0x05, 0x12, 0x1B, 0xC5, 0x00, 0x00, 0x00, 0x5B, 0x23, 0x3E, 0x4B, 0xEC, 0x00, 0x00, 0x00, 0x88,
0x00, 0x00, 0x00, 0x17, 0x00, 0x00, 0x00, 0x00, 0x00, 0x00, 0x00, 0x2E, 0x00, 0x00, 0x00, 0x02,
0x06, 0x09, 0x0A, 0xD8, 0x00, 0x00, 0x00, 0x92, 0x00, 0x00, 0x00, 0x6D, 0x00, 0x00, 0x00, 0x54,
0x00, 0x00, 0x00, 0x36, 0x00, 0x00, 0x00, 0x08, 0x00, 0x00, 0x00, 0x22, 0x00, 0x00, 0x00, 0x03,
0x00, 0x00, 0x00, 0x00, 0x00, 0x00, 0x00, 0x00, 0x00, 0x00, 0x00, 0x00, 0x00, 0x00, 0x00, 0x00,
0x00, 0x00, 0x00, 0x02, 0x00, 0x00, 0x00, 0x14, 0x00, 0x00, 0x00, 0x00, 0x00, 0x00, 0x00, 0x00,
0x00, 0x00, 0x00, 0x00, 0x00, 0x00, 0x00, 0x00, 0x00, 0x00, 0x00, 0x00, 0x00, 0x00, 0x00, 0x00,
0x00, 0x00, 0x00, 0x00, 0x00, 0x00, 0x00, 0x00, 0x00, 0x00, 0x00, 0x00, 0x00, 0x00, 0x00, 0x00,
0x00, 0x00, 0x00, 0x1D, 0x00, 0x00, 0x00, 0x19, 0x00, 0x00, 0x00, 0x00, 0x00, 0x00, 0x00, 0x00,
0x00, 0x00, 0x00, 0x0C, 0x00, 0x00, 0x00, 0x00, 0x00, 0x00, 0x00, 0x00, 0x00, 0x00, 0x00, 0x00,
0x00, 0x00, 0x00, 0x00, 0x00, 0x00, 0x00, 0x00, 0x00, 0x00, 0x00, 0x00, 0x00, 0x00, 0x00, 0x00,
0x00, 0x00, 0x00, 0x00, 0x00, 0x00, 0x00, 0x00, 0x00, 0x00, 0x00, 0x00, 0x00, 0x00, 0x00, 0x00,
0x00, 0x00, 0x00, 0x00, 0x00, 0x00, 0x00, 0x00, 0x00, 0x00, 0x00, 0x00, 0x00, 0x00, 0x00, 0x00,
0x00, 0x00, 0x00, 0x00, 0x00, 0x00, 0x00, 0x00, 0x00, 0x00, 0x00, 0x00, 0x00, 0x00, 0x00, 0x00,
0x00, 0x00, 0x00, 0x10, 0x00, 0x00, 0x00, 0x00, 0x00, 0x00, 0x00, 0x1D, 0x00, 0x00, 0x00, 0x00,
0x00, 0x00, 0x00, 0x00, 0x00, 0x00, 0x00, 0x00, 0x00, 0x00, 0x00, 0x00, 0x00, 0x00, 0x00, 0x00,
0x00, 0x00, 0x00, 0x00, 0x00, 0x00, 0x00, 0x00, 0x00, 0x00, 0x00, 0x00, 0x00, 0x00, 0x00, 0x00,
0x00, 0x00, 0x00, 0x00, 0x00, 0x00, 0x00, 0x00, 0x00, 0x00, 0x00, 0x00, 0x00, 0x00, 0x00, 0x00,
0x00, 0x00, 0x00, 0x00, 0x00, 0x00, 0x00, 0x00, 0x00, 0x00, 0x00, 0x00, 0x00, 0x00, 0x00, 0x00,
0x00, 0x00, 0x00, 0x00, 0x00, 0x00, 0x00, 0x00, 0x00, 0x00, 0x00, 0x00, 0x00, 0x00, 0x00, 0x00,
0x00, 0x00, 0x00, 0x21, 0x00, 0x00, 0x00, 0x00, 0x00, 0x00, 0x00, 0x16, 0x00, 0x00, 0x00, 0x00,
0x00, 0x00, 0x00, 0x00, 0x00, 0x00, 0x00, 0x00, 0x00, 0x00, 0x00, 0x00, 0x00, 0x00, 0x00, 0x00,
0x00, 0x00, 0x00, 0x05, 0x00, 0x00, 0x00, 0x00, 0x00, 0x00, 0x00, 0x00, 0x00, 0x00, 0x00, 0x00,
0x00, 0x00, 0x00, 0x00, 0x00, 0x00, 0x00, 0x00, 0x00, 0x00, 0x00, 0x00, 0x00, 0x00, 0x00, 0x00,
0x00, 0x00, 0x00, 0x00, 0x00, 0x00, 0x00, 0x00, 0x00, 0x00, 0x00, 0x00, 0x00, 0x00, 0x00, 0x00,
0x00, 0x00, 0x00, 0x00, 0x00, 0x00, 0x00, 0x00, 0x00, 0x00, 0x00, 0x00, 0x00, 0x00, 0x00, 0x00,
0x00, 0x00, 0x00, 0x00, 0x00, 0x00, 0x00, 0x00, 0x00, 0x00, 0x00, 0x00, 0x00, 0x00, 0x00, 0x00,
0x00, 0x00, 0x00, 0x00, 0x00, 0x00, 0x00, 0x00, 0x00, 0x00, 0x00, 0x00, 0x00, 0x00, 0x00, 0x00,
0x00, 0x00, 0x00, 0x00, 0x00, 0x00, 0x00, 0x00, 0x00, 0x00, 0x00, 0x00, 0x00, 0x00, 0x00, 0x00,
0x00, 0x00, 0x00, 0x00, 0x00, 0x00, 0x00, 0x00, 0x00, 0x00, 0x00, 0x00, 0x00, 0x00, 0x00, 0x00,
0x00, 0x00, 0x00, 0x00, 0x00, 0x00, 0x00, 0x00, 0x00, 0x00, 0x00, 0x00, 0x00, 0x00, 0x00, 0x00,
0x00, 0x00, 0x00, 0x00, 0x00, 0x00, 0x00, 0x00, 0x00, 0x00, 0x00, 0x00, 0x00, 0x00, 0x00, 0x00,
0x00, 0x00, 0x00, 0x00, 0x00, 0x00, 0x00, 0x00, 0x00, 0x00, 0x00, 0x00, 0x00, 0x00, 0x00, 0x00,
0x00, 0x00, 0x00, 0x00, 0x00, 0x00, 0x00, 0x00, 0x00, 0x00, 0x00, 0x00, 0x00, 0x00, 0x00, 0x00,
0x00, 0x00, 0x00, 0x00, 0x00, 0x00, 0x00, 0x00, 0x00, 0x00, 0x00, 0x00, 0x00, 0x00, 0x00, 0x00,
0x00, 0x00, 0x00, 0x00, 0x00, 0x00, 0x00, 0x00, 0x00, 0x00, 0x00, 0x00, 0x00, 0x00, 0x00, 0x00,
0x00, 0x00, 0x00, 0x00, 0x00, 0x00, 0x00, 0x00, 0x00, 0x00, 0x00, 0x00, 0x00, 0x00, 0x00, 0x00,
0x00, 0x00, 0x00, 0x00, 0x00, 0x00, 0x00, 0x00, 0x00, 0x00, 0x00, 0x00, 0x00, 0x00, 0x00, 0x00,
0x00, 0x00, 0x00, 0x00, 0x00, 0x00, 0x00, 0x00, 0x00, 0x00, 0x00, 0x00, 0x00, 0x00, 0x00, 0x00,
0x00, 0x00, 0x00, 0x00, 0x00, 0x00, 0x00, 0x00, 0x00, 0x00, 0x00, 0x00, 0x00, 0x00, 0x00, 0x00,
0x00, 0x00, 0x00, 0x00, 0x00, 0x00, 0x00, 0x00, 0x00, 0x00, 0x00, 0x00, 0x00, 0x00, 0x00, 0x00,
0x00, 0x00, 0x00, 0x00, 0x00, 0x00, 0x00, 0x00, 0x00, 0x00, 0x00, 0x00, 0x00, 0x00, 0x00, 0x00,
0x00, 0x00, 0x00, 0x00, 0x00, 0x00, 0x00, 0x00, 0x00, 0x00, 0x00, 0x00, 0x00, 0x00, 0x00, 0x00,
0x00, 0x00, 0x00, 0x00, 0x00, 0x00, 0x00, 0x00, 0x00, 0x00, 0x00, 0x00, 0x00, 0x00, 0x00, 0x00,
0x00, 0x00, 0x00, 0x00, 0x00, 0x00, 0x00, 0x00, 0x00, 0x00, 0x00, 0x00, 0x00, 0x00, 0x00, 0x00,
0x00, 0x00, 0x00, 0x00, 0x00, 0x00, 0x00, 0x00, 0x00, 0x00, 0x00, 0x00, 0x00, 0x00, 0x00, 0x00,
0x00, 0x00, 0x00, 0x00, 0x00, 0x00, 0x00, 0x00, 0x00, 0x00, 0x00, 0x00, 0x00, 0x00, 0x00, 0x00,
0x00, 0x00, 0x00, 0x00, 0x00, 0x00, 0x00, 0x00, 0x00, 0x00, 0x00, 0x00, 0x00, 0x00, 0x00, 0x00,
0x00, 0x00, 0x00, 0x00, 0x00, 0x00, 0x00, 0x00, 0x00, 0x00, 0x00, 0x00, 0x00, 0x00, 0x00, 0x00,
0x00, 0x00, 0x00, 0x00, 0x00, 0x00, 0x00, 0x00, 0x00, 0x00, 0x00, 0x00, 0x00, 0x00, 0x00, 0x00,
0x00, 0x00, 0x00, 0x00, 0x00, 0x00, 0x00, 0x00, 0x00, 0x00, 0x00, 0x00, 0x00, 0x00, 0x00, 0x00,
0x00, 0x00, 0x00, 0x00, 0x00, 0x00, 0x00, 0x00, 0x00, 0x00, 0x00, 0x00, 0x00, 0x00, 0x00, 0x00,
0x00, 0x00, 0x00, 0x00, 0x00, 0x00, 0x00, 0x00, 0x00, 0x00, 0x00, 0x00, 0x00, 0x00, 0x00, 0x00,
0x00, 0x00, 0x00, 0x00, 0x00, 0x00, 0x00, 0x00, 0x00, 0x00, 0x00, 0x00, 0x00, 0x00, 0x00, 0x00,
0x00, 0x00, 0x00, 0x00, 0x00, 0x00, 0x00, 0x00, 0x00, 0x00, 0x00, 0x00, 0x00, 0x00, 0x00, 0x00,
0x00, 0x00, 0x00, 0x00, 0x00, 0x00, 0x00, 0x00, 0x00, 0x00, 0x00, 0x00, 0x00, 0x00, 0x00, 0x00,
0x00, 0x00, 0x00, 0x00, 0x00, 0x00, 0x00, 0x00, 0x00, 0x00, 0x00, 0x00, 0x00, 0x00, 0x00, 0x00,
0x00, 0x00, 0x00, 0x00, 0x00, 0x00, 0x00, 0x00, 0x00, 0x00, 0x00, 0x00, 0x00, 0x00, 0x00, 0x00,
0x00, 0x00, 0x00, 0x00, 0x00, 0x00, 0x00, 0x00, 0x00, 0x00, 0x00, 0x00, 0x00, 0x00, 0x00, 0x00,
0x00, 0x00, 0x00, 0x00, 0x00, 0x00, 0x00, 0x00, 0x00, 0x00, 0x00, 0x00, 0x00, 0x00, 0x00, 0x00,
0x00, 0x00, 0x00, 0x00, 0x00, 0x00, 0x00, 0x00, 0x00, 0x00, 0x00, 0x00, 0x00, 0x00, 0x00, 0x00,
0x00, 0x00, 0x00, 0x00, 0x00, 0x00, 0x00, 0x00, 0x00, 0x00, 0x00, 0x00, 0x00, 0x00, 0x00, 0x00,
0x00, 0x00, 0x00, 0x00, 0x00, 0x00, 0x00, 0x00, 0x00, 0x00, 0x00, 0x00, 0x00, 0x00, 0x00, 0x00,
0x00, 0x00, 0x00, 0x00, 0x00, 0x00, 0x00, 0x00, 0x00, 0x00, 0x00, 0x00, 0x00, 0x00, 0x00, 0x00,
0x00, 0x00, 0x00, 0x00, 0x00, 0x00, 0x00, 0x00, 0x00, 0x00, 0x00, 0x00, 0x00, 0x00, 0x00, 0x00,
0x00, 0x00, 0x00, 0x00, 0x00, 0x00, 0x00, 0x00, 0x00, 0x00, 0x00, 0x00, 0x00, 0x00, 0x00, 0x00,
0x00, 0x00, 0x00, 0x00, 0x00, 0x00, 0x00, 0x00, 0x00, 0x00, 0x00, 0x00, 0x00, 0x00, 0x00, 0x00,
0x00, 0x00, 0x00, 0x00, 0x00, 0x00, 0x00, 0x00, 0x00, 0x00, 0x00, 0x00, 0x00, 0x00, 0x00, 0x00,
0x00, 0x00, 0x00, 0x00, 0x00, 0x00, 0x00, 0x00, 0x00, 0x00, 0x00, 0x00, 0x00, 0x00, 0x00, 0x00,
0x00, 0x00, 0x00, 0x00, 0x00, 0x00, 0x00, 0x00, 0x00, 0x00, 0x00, 0x00, 0x00, 0x00, 0x00, 0x00,
0x00, 0x00, 0x00, 0x00, 0x00, 0x00, 0x00, 0x00, 0x00, 0x00, 0x00, 0x00, 0x00, 0x00, 0x00, 0x00,
0x00, 0x00, 0x00, 0x00, 0x00, 0x00, 0x00, 0x00, 0x00, 0x00, 0x00, 0x00, 0x00, 0x00, 0x00, 0x00,
0x00, 0x00, 0x00, 0x00, 0x00, 0x00, 0x00, 0x00, 0x00, 0x00, 0x00, 0x00, 0x00, 0x00, 0x00, 0x00,
0x00, 0x00, 0x00, 0x00, 0x00, 0x00, 0x00, 0x00, 0x00, 0x00, 0x00, 0x00, 0x00, 0x00, 0x00, 0x00,
0x00, 0x00, 0x00, 0x00, 0x00, 0x00, 0x00, 0x00, 0x00, 0x00, 0x00, 0x00, 0x00, 0x00, 0x00, 0x00,
0x00, 0x00, 0x00, 0x00, 0x00, 0x00, 0x00, 0x00, 0x00, 0x00, 0x00, 0x00, 0x00, 0x00, 0x00, 0x00,
0x04, 0x00, 0x00, 0x00, 0x05, 0x00, 0x00, 0x00, 0x14, 0x00, 0x00, 0x00, 0x15, 0x00, 0x00, 0x00,
0x24, 0x00, 0x00, 0x00, 0x25, 0x00, 0x00, 0x00, 0x34, 0x00, 0x00, 0x00, 0x35, 0x00, 0x00, 0x00,
0xFF, 0xFF, 0xFF, 0xFF, 0xFF, 0xFF, 0xFF, 0xFF
