index	status	map_line
1	VERIFIED	0002:000b3e80 ??0PoolConfig@PoolAllocator@@QAE@IIIPAX@Z 008A3380 f i core.o VERIFIED: FUNCTION existing PoolConfig field-order constructor matches IDA
2	VERIFIED	0002:000b3eb0 ?SetAllocator@WaitTilOutput@@SAXPAVPoolAllocator@@@Z 008A33B0 f i core.o VERIFIED: FUNCTION existing allocator setter matches IDA
3	SKIPPED	0002:000b3ec0 ?assign@?$char_traits@D@std@@SAXAADABD@Z 008A33C0 f i core.o  SKIPPED: STL/compiler helper; supplied by the toolchain/library
4	SKIPPED	0002:000b3ee0 ?length@?$char_traits@D@std@@SAIPBD@Z 008A33E0 f i core.o  SKIPPED: STL/compiler helper; supplied by the toolchain/library
5	VERIFIED	0002:000b3f10 ?SetAllocator@AeThreadState@@SAXPAVPoolAllocator@@@Z 008A3410 f i core.o VERIFIED: FUNCTION existing allocator setter matches IDA
6	SKIPPED	0002:000b3f20 ?copy@?$char_traits@D@std@@SAPADPADPBDI@Z 008A3420 f i core.o  SKIPPED: STL/compiler helper; supplied by the toolchain/library
7	SKIPPED	0002:000b3f50 ?move@?$char_traits@D@std@@SAPADPADPBDI@Z 008A3450 f i core.o  SKIPPED: STL/compiler helper; supplied by the toolchain/library
8	VERIFIED	0002:000b3f60 ?get_dlist_node_offset@EndOnScriptNode@@SAHXZ 008A3460 f i core.o VERIFIED: FUNCTION existing zero dlist-node offset accessor matches IDA
9	VERIFIED	0002:000b3f70 ?SetAllocator@EndOnScriptNode@@SAXPAVPoolAllocator@@@Z 008A3470 f i core.o VERIFIED: FUNCTION existing allocator setter matches IDA
10	VERIFIED	0002:000b3f80 ?get_dlist_node_offset@EntityNotify@@SAHXZ 008A3480 f i core.o VERIFIED: FUNCTION existing zero dlist-node offset accessor matches IDA
11	VERIFIED	0002:000b3f90 ??3EntityNotify@@SAXPAX@Z 008A3490 f i core.o
12	VERIFIED	0002:000b3fb0 ?GetStr@EntityNotify@@QBEIXZ 008A34B0 f i core.o VERIFIED: FUNCTION existing mStr getter matches IDA
13	VERIFIED	0002:000b3fc0 ?GetParam@EntityNotify@@QBEPAVWaitTilOutput@@XZ 008A34C0 f i core.o VERIFIED: FUNCTION existing mParam getter matches IDA
14	VERIFIED	0002:000b3fd0 ?SetAllocator@EntityNotify@@SAXPAVPoolAllocator@@@Z 008A34D0 f i core.o VERIFIED: FUNCTION existing allocator setter matches IDA
15	VERIFIED	0002:000b3fe0 ?get_dlist_node@EntityNotifySet@@QAEPAXXZ 008A34E0 f i core.o VERIFIED: FUNCTION existing dlist-node accessor matches IDA
16	VERIFIED	0002:000b3ff0 ?get_dlist_node_offset@EntityNotifySet@@SAHXZ 008A34F0 f i core.o VERIFIED: FUNCTION existing zero dlist-node offset accessor matches IDA
17	VERIFIED	0002:000b4000 ??3EntityNotifySet@@SAXPAX@Z 008A3500 f i core.o VERIFIED: FUNCTION existing PoolAllocator release destructor matches IDA
18	VERIFIED	0002:000b4020 ?SetAllocator@EntityNotifySet@@SAXPAVPoolAllocator@@@Z 008A3520 f i core.o VERIFIED: FUNCTION existing allocator setter matches IDA
19	VERIFIED	0002:000b4030 ??2DCGBankManager@@SAPAXIPAX@Z 008A3530 f i core.o VERIFIED: FUNCTION existing placement-new passthrough matches IDA
20	VERIFIED	0002:000b4040 ?CreateInst@DCGBankManager@@SAXXZ 008A3540 f i core.o
21	VERIFIED	0002:000b4140 ?DeleteInst@DCGBankManager@@SAXXZ 008A3640 f i core.o
22	VERIFIED	0002:000b41c0 ??2CGBankManager@@SAPAXIPAX@Z 008A36C0 f i core.o VERIFIED: FUNCTION existing placement-new passthrough matches IDA
23	VERIFIED	0002:000b41d0 ?CreateInst@CGBankManager@@SAXXZ 008A36D0 f i core.o
24	VERIFIED	0002:000b42d0 ?DeleteInst@CGBankManager@@SAXXZ 008A37D0 f i core.o
25	VERIFIED	0002:000b4350 ??0NumBanks@@QAE@MM@Z 008A3850 f i core.o VERIFIED: FUNCTION existing field-order constructor matches IDA
26	VERIFIED	0002:000b43a0 ??2BankManager@@SAPAXIPAX@Z 008A38A0 f i core.o VERIFIED: FUNCTION existing placement-new passthrough matches IDA
27	VERIFIED	0002:000b43b0 ?Inst@BankManager@@SAPAV1@XZ 008A38B0 f i core.o VERIFIED: FUNCTION existing singleton accessor matches IDA
28	VERIFIED	0002:000b43c0 ?CreateInst@BankManager@@SAXXZ 008A38C0 f i core.o
29	VERIFIED	0002:000b44b0 ?GetFileId@PakFile@@QBE?AW4nflFileID@@XZ 008A39B0 f i core.o VERIFIED: FUNCTION existing file-id accessor matches IDA
30	VERIFIED	0002:000b44c0 ?GetHeader@PakFile@@QBEPBUPakHeader@@XZ 008A39C0 f i core.o VERIFIED: FUNCTION existing header accessor matches IDA
31	VERIFIED	0002:000b44d0 ??2PakManager@@SAPAXIPAX@Z 008A39D0 f i core.o VERIFIED: FUNCTION existing placement-new passthrough matches IDA
32	VERIFIED	0002:000b44e0 ?CreateInst@PakManager@@SAXXZ 008A39E0 f i core.o
33	VERIFIED	0002:000b45e0 ?GetGlobalPakId@PakManager@@QBE?AW4TPakId@@XZ 008A3AE0 f i core.o
34	VERIFIED	0002:000b45f0 ?GetPakFile@PakManager@@QAEPAVPakFile@@W4TPakId@@@Z 008A3AF0 f i core.o
35	VERIFIED	0002:000b4620 ?GetCurrentPakId@PakManager@@QAE?AW4TPakId@@XZ 008A3B20 f i core.o VERIFIED: FUNCTION existing current-pak accessor matches IDA
36	VERIFIED	0002:000b4630 _acosf 008A3B30 f i core.o
37	VERIFIED	0002:000b4640 _floorf 008A3B40 f i core.o
38	VERIFIED	0002:000b4660 _fmodf 008A3B60 f i core.o
39	VERIFIED	0002:000b4680 _modff 008A3B80 f i core.o
40	VERIFIED	0002:000b46b0 ?sqrt@@YAMM@Z 008A3BB0 f i core.o
41	VERIFIED	0002:000b46c0 ??0DbField@@QAE@GW4EDbColumnType@@W4EDbMatchType@@@Z 008A3BC0 f i core.o VERIFIED: FUNCTION existing DbField constructor and range asserts match IDA
42	VERIFIED	0002:000b47b0 ??1DbField@@QAE@XZ 008A3CB0 f i core.o VERIFIED: FUNCTION implicit compiler-generated DbField destructor matches IDA trivial body
43	VERIFIED	0002:000b47c0 ?GetColumnType@DbField@@QBE?AW4EDbColumnType@@XZ 008A3CC0 f i core.o VERIFIED: FUNCTION existing DbField column-type accessor matches IDA
44	VERIFIED	0002:000b47d0 ?GetMatchType@DbField@@QBE?AW4EDbMatchType@@XZ 008A3CD0 f i core.o VERIFIED: FUNCTION existing DbField match-type accessor matches IDA
45	VERIFIED	0002:000b47e0 ?GetId@DbField@@QBEGXZ 008A3CE0 f i core.o VERIFIED: FUNCTION existing DbField id accessor matches IDA
46	VERIFIED	0002:000b47f0 ?GetId@DbColumn@@QBEGXZ 008A3CF0 f i core.o VERIFIED: FUNCTION existing DbColumn id accessor matches IDA
47	VERIFIED	0002:000b4800 ?GetSize@DbColumn@@QBEGXZ 008A3D00 f i core.o VERIFIED: FUNCTION existing DbColumn size accessor matches IDA
48	VERIFIED	0002:000b4810 ?get_element_ptr@DbColumn@@QBEPBXG@Z 008A3D10 f i core.o VERIFIED: FUNCTION existing DbColumn element-pointer accessor matches IDA
49	VERIFIED	0002:000b4830 ?GetColUsedNum@DbRow@@QBEFXZ 008A3D30 f i core.o VERIFIED: FUNCTION existing DbRow column-count accessor matches IDA
50	VERIFIED	0002:000b4840 ?GetFieldId@DbGraphNode@@QBEGXZ 008A3D40 f i core.o VERIFIED: FUNCTION existing DbGraphNode field-id accessor matches IDA
51	VERIFIED	0002:000b4850 ?IsLeaf@DbGraphNode@@QBE_NXZ 008A3D50 f i core.o VERIFIED: FUNCTION existing DbGraphNode leaf test matches IDA
52	VERIFIED	0002:000b4860 ?GetNumHits@DbGraphNode@@QBEGXZ 008A3D60 f i core.o VERIFIED: FUNCTION existing DbGraphNode hit-count accessor matches IDA
53	VERIFIED	0002:000b48d0 ?GetHits@DbGraphNode@@QBEPAPAVDbRow@@XZ 008A3DD0 f i core.o VERIFIED: FUNCTION existing DbGraphNode hit-array accessor matches IDA
54	VERIFIED	0002:000b4940 ?GetNumChildren@DbGraphNode@@QBEGXZ 008A3E40 f i core.o VERIFIED: FUNCTION existing DbGraphNode child-count accessor matches IDA
55	VERIFIED	0002:000b49b0 ?GetChild@DbGraphNode@@QBEPAV1@G@Z 008A3EB0 f i core.o VERIFIED: FUNCTION existing DbGraphNode child accessor and bounds asserts match IDA
56	VERIFIED	0002:000b4a90 ?GetName@DbTable@@QBEPBDXZ 008A3F90 f i core.o VERIFIED: FUNCTION existing DbTable name accessor matches IDA (name field at offset zero)
57	VERIFIED	0002:000b4aa0 ?GetSchema@DbTable@@QBEABVDbSchema@@XZ 008A3FA0 f i core.o VERIFIED: FUNCTION existing DbTable schema accessor matches IDA
58	VERIFIED	0002:000b4ab0 ?GetIndexRoot@DbTable@@QBEPBVDbGraphNode@@XZ 008A3FB0 f i core.o VERIFIED: FUNCTION existing DbTable index-root accessor matches IDA
59	VERIFIED	0002:000b4ac0 ?GetColumnByIndex@DbTable@@QBEABVDbColumn@@G@Z 008A3FC0 f i core.o VERIFIED: FUNCTION existing const DbTable column accessor matches IDA
60	VERIFIED	0002:000b4ae0 ?GetColumnByIndex@DbTable@@QAEAAVDbColumn@@G@Z 008A3FE0 f i core.o VERIFIED: FUNCTION existing mutable DbTable column accessor matches IDA
61	VERIFIED	0002:000b4b00 ?GetColumnIndex@DbTable@@QBEFG@Z 008A4000 f i core.o VERIFIED: FUNCTION existing DbTable column-index lookup and assert match IDA
62	VERIFIED	0002:000b4bb0 ?GetNumColumnTypes@DbSchema@@QBEGXZ 008A40B0 f i core.o VERIFIED: FUNCTION existing DbSchema column-count accessor matches IDA
63	VERIFIED	0002:000b4bc0 ?GetColumnType@DbSchema@@QBE?AW4EDbColumnType@@G@Z 008A40C0 f i core.o VERIFIED: FUNCTION existing DbSchema column-type lookup and assert match IDA
64	VERIFIED	0002:000b4c40 ?GetMatchType@DbSchema@@QBE?AW4EDbMatchType@@G@Z 008A4140 f i core.o VERIFIED: FUNCTION existing DbSchema match-type lookup and assert match IDA
65	VERIFIED	0002:000b4cc0 ?GetTable@DbTableSet@@QBEPAVDbTable@@PBD@Z 008A41C0 f i core.o VERIFIED: FUNCTION existing DbTableSet name lookup matches IDA
66	VERIFIED	0002:000b4d30 ??0DbQueryString@@QAE@XZ 008A4230 f i core.o VERIFIED: FUNCTION existing DbQueryString default constructor matches IDA
67	VERIFIED	0002:000b4d40 ??0DbQueryString@@QAE@PBD@Z 008A4240 f i core.o VERIFIED: FUNCTION existing DbQueryString bounded constructor matches IDA
68	VERIFIED	0002:000b4d70 ?c_str@DbQueryString@@QBEPBDXZ 008A4270 f i core.o VERIFIED: FUNCTION existing DbQueryString c_str accessor matches IDA
69	VERIFIED	0002:000b4d80 ?GetFieldByIdx@DbFieldSet@@QBEPBVDbField@@I@Z 008A4280 f i core.o VERIFIED: FUNCTION existing DbFieldSet index lookup matches IDA assert path
70	VERIFIED	0002:000b4e00 ?GetCurrentMatchesSpecific@DbQueryResults@@QAEAAV?$ae_sized_array@PAVDbRow@@$0EA@@@XZ 008A4300 f i core.o VERIFIED: FUNCTION existing DbQueryResults specific-match accessor matches IDA
71	VERIFIED	0002:000b4e10 ??0ae_heap_base@@QAE@XZ 008A4310 f i core.o VERIFIED: FUNCTION existing ae_heap_base constructor matches IDA
72	VERIFIED	0002:000b4e20 ?GetHeapPointer@ae_heap_base@@UAEPAUmem_heap@@XZ 008A4320 f i core.o VERIFIED: FUNCTION existing null ae_heap_base heap accessor matches IDA
73	VERIFIED	0002:000b4e30 ??2XModelManager@@SAPAXIPAX@Z 008A4330 f i core.o VERIFIED: FUNCTION existing XModelManager placement-new passthrough matches IDA
74	VERIFIED	0002:000b4e40 ?CreateInst@XModelManager@@SAXXZ 008A4340 f i core.o
75	VERIFIED	0002:000b4f40 ?DeleteInst@XModelManager@@SAXXZ 008A4440 f i core.o
76	VERIFIED	0002:000b4fc0 ??2XModelPartsManager@@SAPAXIPAX@Z 008A44C0 f i core.o VERIFIED: FUNCTION existing XModelPartsManager placement-new passthrough matches IDA
77	VERIFIED	0002:000b4fd0 ?CreateInst@XModelPartsManager@@SAXXZ 008A44D0 f i core.o
78	VERIFIED	0002:000b50d0 ?DeleteInst@XModelPartsManager@@SAXXZ 008A45D0 f i core.o
79	VERIFIED	0002:000b5150 ?SetAllocator@Task@@SAXPAVPoolAllocator@@@Z 008A4650 f i core.o VERIFIED: FUNCTION existing Task allocator setter matches IDA
80	VERIFIED	0002:000b5160 ?SetAllocator@SceneAnimInfo@@SAXPAVPoolAllocator@@@Z 008A4660 f i core.o VERIFIED: FUNCTION existing SceneAnimInfo allocator setter matches IDA
81	VERIFIED	0002:000b5170 ??2LightGridMgr@@SAPAXIPAX@Z 008A4670 f i core.o VERIFIED: FUNCTION existing LightGridMgr placement-new passthrough matches IDA
82	VERIFIED	0002:000b5180 ?CreateInst@LightGridMgr@@SAXXZ 008A4680 f i core.o
83	VERIFIED	0002:000b5280 ?DeleteInst@LightGridMgr@@SAXXZ 008A4780 f i core.o
84	VERIFIED	0002:000b5300 ?SetAllocator@trStaticModelList_t@@SAXPAVPoolAllocator@@@Z 008A4800 f i core.o VERIFIED: FUNCTION existing trStaticModelList_t allocator setter matches IDA
85	VERIFIED	0002:000b5310 ?Inst@DObjHandleDb@@SAPAV1@XZ 008A4810 f i core.o VERIFIED: FUNCTION existing DObjHandleDb singleton accessor matches IDA
86	VERIFIED	0002:000b5320 ?SetAllocator@AeThreadFunctor@@SAXPAVPoolAllocator@@@Z 008A4820 f i core.o VERIFIED: FUNCTION existing AeThreadFunctor allocator setter matches IDA
87	VERIFIED	0002:000b5330 ?IsDefined@vector@Broc@@QBE_NXZ 008A4830 f i core.o VERIFIED: FUNCTION existing Broc::vector sNaN component predicate matches IDA
88	VERIFIED	0002:000b5380 ?get_num_controllers@controller@@QAEHXZ 008A4880 f i core.o
89	VERIFIED	0002:000b5390 ??_U@YAPAXI@Z 008A4890 f i core.o
90	VERIFIED	0002:000b53a0 ??_V@YAXPAX@Z 008A48A0 f i core.o
91	VERIFIED	0002:000b53b0 ?GetVal@FourCC@@QBEHXZ 008A48B0 f i core.o VERIFIED: FUNCTION existing FourCC value accessor matches IDA
92	VERIFIED	0002:000b53c0 ??8@YA_NVFourCC@@0@Z 008A48C0 f i core.o VERIFIED: FUNCTION existing FourCC value comparison matches IDA
93	VERIFIED	0002:000b53e0 ?value@tlFixedString@@QBEPBIXZ 008A48E0 f i core.o VERIFIED: FUNCTION existing const value accessor returns object storage per IDA/map signature
94	VERIFIED	0002:000b53f0 ??0tlFixedString@@QAE@XZ 008A48F0 f i core.o
95	VERIFIED	0002:000b5420 ??4tlFixedString@@QAEABV0@ABV0@@Z 008A4920 f i core.o VERIFIED: FUNCTION existing assignment copies the eight IDA dwords
96	VERIFIED	0002:000b5470 ?c_str@tlFixedString@@QAEPADXZ 008A4970 f i core.o
97	VERIFIED	0002:000b5480 ?SetAllocator@AeThread@@SAXPAVPoolAllocator@@@Z 008A4980 f i core.o VERIFIED: FUNCTION existing AeThread allocator setter matches IDA
98	VERIFIED	0002:000b5490 ?mathInit@math@@YAXXZ 008A4990 f i core.o VERIFIED: FUNCTION existing mathInit control-word and MXCSR initialization matches IDA
99	VERIFIED	0002:000b54e0 ?Abs@math@@YAMM@Z 008A49E0 f i core.o VERIFIED: FUNCTION existing scalar math::Abs wrapper matches IDA
100	VERIFIED	0002:000b54f0 ?GetTimeStartExec@AeThreadManager@@SA_KXZ 008A49F0 f i core.o VERIFIED: FUNCTION existing start-time accessor matches IDA
101	VERIFIED	0002:000b5500 ?GetX@Dir3@math@@QBEMXZ 008A4A00 f i core.o
102	VERIFIED	0002:000b5520 ?GetY@Dir3@math@@QBEMXZ 008A4A20 f i core.o
103	VERIFIED	0002:000b5570 ?SetAllocator@ScriptEventHandler@@SAXPAVPoolAllocator@@@Z 008A4A70 f i core.o VERIFIED: FUNCTION existing ScriptEventHandler allocator setter matches IDA
104	VERIFIED	0002:000b5580 ??2DestructibleBankManager@@SAPAXIPAX@Z 008A4A80 f i core.o VERIFIED: FUNCTION existing DestructibleBankManager placement-new passthrough matches IDA
105	VERIFIED	0002:000b5590 ?DeleteInst@DestructibleBankManager@@SAXXZ 008A4A90 f i core.o
106	VERIFIED	0002:000b5610 ?SetNotifySet@Entity@@QAEXPAVEntityNotifySet@@@Z 008A4B10 f i core.o VERIFIED: FUNCTION existing Entity notify-set setter matches IDA
107	VERIFIED	0002:000b5630 ?GetPosition@Entity@@QAEABVPosition3@math@@XZ 008A4B30 f i core.o VERIFIED: FUNCTION existing Entity current-origin accessor matches IDA
108	VERIFIED	0002:000b5640 ?GetDObj@Entity@@QBEPBVDObj@@XZ 008A4B40 f i core.o VERIFIED: FUNCTION existing DObj member accessor matches IDA
109	VERIFIED	0002:000b5650 ??1EntityNotify@@QAE@XZ 008A4B50 f core.o
110	VERIFIED	0002:000b5670 ?FS_Initialized@@YAHXZ 008A4B70 f core.o
111	VERIFIED	0002:000b5680 ?FS_CheckFileSystemStarted@@YAXXZ 008A4B80 f core.o
112	VERIFIED	0002:000b56d0 ?FS_LoadStack@@YAHXZ 008A4BD0 f core.o
113	VERIFIED	0002:000b56e0 ?FS_UseSearchPath@@YAHPBUsearchpath_s@@@Z 008A4BE0 f core.o
114	VERIFIED	0002:000b5720 ?FS_LanguageHasAssets@@YAHH@Z 008A4C20 f core.o
115	VERIFIED	0002:000b5750 ?FS_HashFileName@@YAJPBDH@Z 008A4C50 f core.o
116	VERIFIED	0002:000b57c0 ?FS_FileForHandle@@YAPAU_iobuf@@H@Z 008A4CC0 f core.o
117	VERIFIED	0002:000b58c0 ?FS_ForceFlush@@YAXH@Z 008A4DC0 f core.o
118	VERIFIED	0002:000b58e0 ?FS_filelength@@YAHH@Z 008A4DE0 f core.o
119	VERIFIED	0002:000b59b0 ?FS_Remove@@YAXPBD@Z 008A4EB0 f core.o
120	VERIFIED	0002:000b59f0 ?FS_FilenameCompare@@YAHPBD0@Z 008A4EF0 f core.o
121	VERIFIED	0002:000b5a70 ?FS_ShiftedStrStr@@YAPADPBD0H@Z 008A4F70 f core.o
122	VERIFIED	0002:000b5ac0 ?FS_GetExtensionSubString@@YAPBDPBD@Z 008A4FC0 f core.o
123	VERIFIED	0002:000b5b00 ?FS_PureIgnoresExtension@@YAHPBD@Z 008A5000 f core.o
124	VERIFIED	0002:000b5b50 ?FS_ResetFiles@@YAXXZ 008A5050 f core.o
125	VERIFIED	0002:000b5c00 ?FS_AddNonPackFileDirectory@@YAXPBD0@Z 008A5100 f core.o
126	VERIFIED	0002:000b5c70 ?FS_GetDataForFile@@YAPAUfileData_s@@PBD00@Z 008A5170 f core.o
127	VERIFIED	0002:000b5e80 ?FS_ClearDataForFiles@@YAXPAX0@Z 008A5380 f core.o
128	VERIFIED	0002:000b5f80 ?FS_FTell@@YAHH@Z 008A5480 f core.o
129	VERIFIED	0002:000b5fc0 ?FS_Flush@@YAXH@Z 008A54C0 f core.o
130	VERIFIED	0002:000b5fe0 ?Q_rand@@YA?BHPAH@Z 008A54E0 f core.o
131	VERIFIED	0002:000b6000 ?Q_random@@YA?BMPAH@Z 008A5500 f core.o
132	VERIFIED	0002:000b6030 ?Q_crandom@@YA?BMPAH@Z 008A5530 f core.o
133	VERIFIED	0002:000b6070 ?Q_log2@@YA?BHH@Z 008A5570 f core.o
134	VERIFIED	0002:000b6090 ?Q_acos@@YA?BMM@Z 008A5590 f core.o
135	VERIFIED	0002:000b60d0 ?ClampChar@@YA?BCH@Z 008A55D0 f core.o
136	VERIFIED	0002:000b60f0 ?ClampShort@@YA?BFH@Z 008A55F0 f core.o
137	VERIFIED	0002:000b6110 ?DirToByte@@YA?BEQBM@Z 008A5610 f core.o
138	VERIFIED	0002:000b6170 ?ByteToDir@@YAXHQAM@Z 008A5670 f core.o
139	VERIFIED	0002:000b61c0 ?_DotProduct@@YA?BMQBM0@Z 008A56C0 f core.o
140	VERIFIED	0002:000b61e0 ?_VectorSubtract@@YAXQBM0QAM@Z 008A56E0 f core.o
141	VERIFIED	0002:000b6220 ?_VectorAdd@@YAXQBM0QAM@Z 008A5720 f core.o
142	VERIFIED	0002:000b6260 ?_VectorCopy@@YAXQBMQAM@Z 008A5760 f core.o
143	VERIFIED	0002:000b6280 ?_VectorScale@@YAXQBMMQAM@Z 008A5780 f core.o
144	VERIFIED	0002:000b62c0 ?_VectorMA@@YAXQBMM0QAM@Z 008A57C0 f core.o
145	VERIFIED	0002:000b6310 ?VectorCompareEpsilon@@YA?BHQBM0@Z 008A5810 f core.o
146	VERIFIED	0002:000b6360 ?_VectorLength@@YA?BMQBM@Z 008A5860 f core.o
147	VERIFIED	0002:000b63b0 ?VectorDistance@@YA?BMQBM0@Z 008A58B0 f core.o
148	VERIFIED	0002:000b6400 ?VectorDistanceSquared@@YA?BMQBM0@Z 008A5900 f core.o
149	VERIFIED	0002:000b6440 ?VectorDistance2D@@YA?BMQBM0@Z 008A5940 f core.o
150	VERIFIED	0002:000b6480 ?VectorDistanceSquared2D@@YA?BMQBM0@Z 008A5980 f core.o
151	VERIFIED	0002:000b64b0 ?VectorDistanceSquared2D@@YA?BMABVPosition3@math@@0@Z 008A59B0 f core.o
152	VERIFIED	0002:000b64e0 ?CrossProduct@@YAXQBM0QAM@Z 008A59E0 f core.o
153	VERIFIED	0002:000b6540 ?CrossProductUp@@YAXQBMQAM@Z 008A5A40 f core.o
154	VERIFIED	0002:000b6570 ?VectorNormalize2@@YAMABVDir3@math@@AAV12@@Z 008A5A70 f core.o
155	VERIFIED	0002:000b6620 ?VectorNormalize@@YA?BMAAVDir3@math@@@Z 008A5B20 f core.o
156	VERIFIED	0002:000b66b0 ?VectorNormalize@@YA?BMQAM@Z 008A5BB0 f core.o
157	VERIFIED	0002:000b6740 ?VectorNormalize2D@@YA?BMQAM@Z 008A5C40 f core.o
158	VERIFIED	0002:000b67c0 ?VectorNormalize4D@@YA?BMQAM@Z 008A5CC0 f core.o
159	VERIFIED	0002:000b6870 ?VectorNormalize2@@YA?BMQBMQAM@Z 008A5D70 f core.o
160	VERIFIED	0002:000b6920 ?VectorInverse@@YAXQAM@Z 008A5E20 f core.o
161	VERIFIED	0002:000b6950 ?Vector4Scale@@YAXQBMMQAM@Z 008A5E50 f core.o
162	VERIFIED	0002:000b69a0 ?VectorMax@@YAMQBM@Z 008A5EA0 f core.o
163	VERIFIED	0002:000b69d0 ?VectorRotate@@YAXQBMQAY02$$CBMQAM@Z 008A5ED0 f core.o
164	VERIFIED	0002:000b6ab0 ?MakeNormalVectors@@YAXQBMQAM1@Z 008A5FB0 f core.o
165	VERIFIED	0002:000b6c10 ?GetPerpendicularViewVector@@YAXQBM00QAM@Z 008A6110 f core.o
166	VERIFIED	0002:000b6e50 ?ProjectPointOntoVector@@YAXQAM000@Z 008A6350 f core.o
167	VERIFIED	0002:000b6f90 ?MatrixMultiply@@YAXQAY02$$CBM0QAY02M@Z 008A6490 f core.o
168	VERIFIED	0002:000b7120 ?MatrixMultiplyEquals@@YAXQAY02$$CBMQAY02M@Z 008A6620 f core.o
169	VERIFIED	0002:000b72b0 ?MatrixMultiply34@@YAXQAY03$$CBM0QAY03M@Z 008A67B0 f core.o
170	VERIFIED	0002:000b74d0 ?MatrixMultiply43@@YAXQAY02$$CBM0QAY02M@Z 008A69D0 f core.o
171	VERIFIED	0002:000b76f0 ?DObjSkelMatrixMultiply43@@YAXPBUDObjSkelMat@@QAY02$$CBMQAY02M@Z 008A6BF0 f core.o
172	VERIFIED	0002:000b7910 ?MatrixMultiplyRT@@YAXABVMat43@math@@0AAV12@@Z 008A6E10 f core.o
173	VERIFIED	0002:000b8000 ?DObjSkel2MatrixMultiply43@@YAXPBUDObjSkelMat@@QAY02$$CBMPAU1@@Z 008A7500 f core.o
174	VERIFIED	0002:000b8240 ?DObjSkelMatrixMultiply@@YA?AUDObjSkelMat@@PBU1@0@Z 008A7740 f core.o
175	VERIFIED	0002:000b84c0 ?MatrixTranspose@@YAXQAY02$$CBMQAY02M@Z 008A79C0 f core.o
176	VERIFIED	0002:000b8500 ?MatrixInverse@@YAXQAY02$$CBMQAY02M@Z 008A7A00 f core.o
177	VERIFIED	0002:000b8710 ?MatrixInverse44@@YAXQBMQAM@Z 008A7C10 f core.o
178	VERIFIED	0002:000b8ed0 ?MatrixTransformVector@@YAXQBMQAY02$$CBMQAM@Z 008A83D0 f core.o
179	VERIFIED	0002:000b8f60 ?MatrixTransposeTransformVector@@YAXQBMQAY02$$CBMQAM@Z 008A8460 f core.o
180	VERIFIED	0002:000b8ff0 ?MatrixTransformVector43@@YAXQBMQAY02$$CBMQAM@Z 008A84F0 f core.o
181	VERIFIED	0002:000b9090 ?MatrixTransformVector43@@YAXQBMQAY02$$CBMAAVPosition3@math@@@Z 008A8590 f core.o
182	VERIFIED	0002:000b9130 ?DObjSkelMatrixTransformVector43@@YAXQBMPBUDObjSkelMat@@QAM@Z 008A8630 f core.o
183	VERIFIED	0002:000b91d0 ?MatrixTransposeTransformVector43@@YAXQBMQAY02$$CBMQAM@Z 008A86D0 f core.o
184	VERIFIED	0002:000b9280 ?MatrixTransformVector43Equals@@YAXPAMPBM@Z 008A8780 f core.o
185	VERIFIED	0002:000b9320 ?QuatMultiply@@YAXPBM0PAM@Z 008A8820 f core.o
186	VERIFIED	0002:000b9410 ?QuatInverse@@YAXPBMPAM@Z 008A8910 f core.o
187	VERIFIED	0002:000b9450 ?ConvertQuatToMat@@YAXPAM@Z 008A8950 f core.o
188	VERIFIED	0002:000b95e0 ?QuatEigenTrace@@YAMQAM@Z 008A8AE0 f core.o
189	VERIFIED	0002:000b9670 ?AngleEigenTrace@@YAMM@Z 008A8B70 f core.o
190	VERIFIED	0002:000b96a0 ?QuatRatioEigenTrace@@YAMQAM0@Z 008A8BA0 f core.o
191	VERIFIED	0002:000b97e0 ?ColorBytes3@@YA?BIMMM@Z 008A8CE0 f core.o
192	VERIFIED	0002:000b9820 ?ColorBytes4@@YA?BIMMMM@Z 008A8D20 f core.o
193	VERIFIED	0002:000b9870 ?NormalizeColor@@YA?BMQBMQAM@Z 008A8D70 f core.o
194	VERIFIED	0002:000b98f0 ?AngleMod@@YA?BMM@Z 008A8DF0 f core.o
195	VERIFIED	0002:000b9920 ?LerpAngle@@YA?BMMMM@Z 008A8E20 f core.o
196	VERIFIED	0002:000b9990 ?AngleSubtract@@YA?BMMM@Z 008A8E90 f core.o
197	VERIFIED	0002:000b99f0 ?AnglesSubtract@@YAXABVPosition3@math@@0AAV12@@Z 008A8EF0 f core.o
198	VERIFIED	0002:000b9b20 ?AnglesSubtract@@YAXQBM0QAM@Z 008A9020 f core.o
199	VERIFIED	0002:000b9c50 ?AngleNormalize360@@YA?BMM@Z 008A9150 f core.o
200	VERIFIED	0002:000b9c80 ?AngleNormalize180@@YA?BMM@Z 008A9180 f core.o
201	VERIFIED	0002:000b9cd0 ?AngleDelta@@YA?BMMM@Z 008A91D0 f core.o
202	VERIFIED	0002:000b9d20 ?RadiusFromBounds@@YA?BMABVPosition3@math@@0@Z 008A9220 f core.o
203	VERIFIED	0002:000b9e20 ?ClearBounds@@YAXQAM0@Z 008A9320 f core.o
204	VERIFIED	0002:000b9e60 ?AxisClear@@YAXQAY02M@Z 008A9360 f core.o
205	VERIFIED	0002:000b9ea0 ?AxisCopy@@YAXQAY02$$CBMQAY02M@Z 008A93A0 f core.o
206	VERIFIED	0002:000b9ee0 ?PlaneFromPoints@@YA?BHQAMQBM11@Z 008A93E0 f core.o
207	VERIFIED	0002:000ba030 ?SetPlaneSignbits@@YAXPAUcplane_s@@@Z 008A9530 f core.o
208	VERIFIED	0002:000ba060 ?BoxDistSqrdExceeds@@YAHQBM00M@Z 008A9560 f core.o
209	VERIFIED	0002:000ba130 ?Vec10Copy@@YAXPBMPAM@Z 008A9630 f core.o
210	VERIFIED	0002:000ba180 ?Q_rint@@YA?BMM@Z 008A9680 f core.o
211	VERIFIED	0002:000ba1b0 ?ColorNormalize@@YA?BMQBMQAM@Z 008A96B0 f core.o
212	VERIFIED	0002:000ba250 ?VectorSnap@@YAXQAM@Z 008A9750 f core.o
213	VERIFIED	0002:000ba2c0 ?_Vector5Add@@YAXQBM0QAM@Z 008A97C0 f core.o
214	VERIFIED	0002:000ba320 ?_Vector5Scale@@YAXQBMMQAM@Z 008A9820 f core.o
215	VERIFIED	0002:000ba380 ?_Vector53Copy@@YAXQBMQAM@Z 008A9880 f core.o
216	VERIFIED	0002:000ba3a0 ?RoundFloat@@YAMMH@Z 008A98A0 f core.o
217	VERIFIED	0002:000ba450 ?Rand_Init@@YAXH@Z 008A9950 f core.o
218	VERIFIED	0002:000ba460 ?flrand@@YAMMM@Z 008A9960 f core.o
219	VERIFIED	0002:000ba4b0 ?irand@@YAHHH@Z 008A99B0 f core.o
220	VERIFIED	0002:000ba4e0 ?Q_SwayRand@@YAMMMM@Z 008A99E0 f core.o
221	VERIFIED	0002:000ba530 ?nglMatrixCreateXYZ@@YAXPAVMat43@math@@PAVDir3@2@PAVPosition3@2@@Z 008A9A30 f core.o
222	VERIFIED	0002:000ba7b0 ?DiffTrack@@YAMMMMM@Z 008A9CB0 f core.o
223	VERIFIED	0002:000ba820 ?InterpolateAngles@@YAXAAVPosition3@math@@ABV12@1M@Z 008A9D20 f core.o
224	VERIFIED	0002:000ba960 ?InterpolateAnglesSmooth@@YAXQAMQBM1M@Z 008A9E60 f core.o
225	VERIFIED	0002:000bab70 ?InterpolatePositionSmooth@@YAXQAMQBM1M@Z 008AA070 f core.o
226	VERIFIED	0002:000bac00 ?Com_StringContains@@YAPADPAD0H@Z 008AA100 f core.o
227	VERIFIED	0002:000bacc0 ?Com_Filter@@YAHPAD0H@Z 008AA1C0 f core.o
228	VERIFIED	0002:000baec0 ?Com_FilterPath@@YAHPAD0H@Z 008AA3C0 f core.o
229	VERIFIED	0002:000baf50 ?Com_HashKey@@YAHPADH@Z 008AA450 f core.o
230	VERIFIED	0002:000bafa0 ?Com_RealTime@@YAHPAUqtime_s@@@Z 008AA4A0 f core.o
231	VERIFIED	0002:000bb010 _Z_FreeInternal 008AA510 f core.o VERIFIED: FUNCTION existing heap free wrapper matches IDA
232	VERIFIED	0002:000bb020 ?Com_InitZoneMemory@@YAXXZ 008AA520 f core.o
233	VERIFIED	0002:000bb030 ?_copyDWord@@YAXPAIII@Z 008AA530 f core.o
234	VERIFIED	0002:000bb0c0 ?Com_Memset@@YAXPAXHI@Z 008AA5C0 f core.o
235	VERIFIED	0002:000bb170 ?Com_Memcmp@@YAHPBX0I@Z 008AA670 f core.o
236	VERIFIED	0002:000bb210 ?Com_Prefetch@@YAXPBXIW4e_prefetch@@@Z 008AA710 f core.o
237	VERIFIED	0002:000bb310 ?Com_BeginRedirect@@YAXPADHP6AX0@Z@Z 008AA810 f core.o
238	VERIFIED	0002:000bb340 ?Com_EndRedirect@@YAXXZ 008AA840 f core.o
239	VERIFIED	0002:000bb380 ?Com_PrintMessage@@YAXW4print_msg_type_t@@PBD@Z 008AA880 f core.o
240	VERIFIED	0002:000bb420 ?Com_Printf@@YAXPBDZZ 008AA920 f core.o
241	VERIFIED	0002:000bb4e0 ?Printf@@YAXIPBDZZ 008AA9E0 f core.o
242	VERIFIED	0002:000bb550 ?Com_DPrintf@@YAXPBDZZ 008AAA50 f core.o
243	VERIFIED	0002:000bb5a0 ?jobqueue_init@@YAXXZ 008AAAA0 f core.o
244	VERIFIED	0002:000bb5b0 ?jobqueue_shutdown@@YAXXZ 008AAAB0 f core.o
245	VERIFIED	0002:000bb5c0 ?jobqueue_restart@@YAXH@Z 008AAAC0 f core.o
246	VERIFIED	0002:000bb650 ?Com_ParseCommandLine@@YAXPAD@Z 008AAB50 f core.o
247	VERIFIED	0002:000bb6b0 ?Com_SafeMode@@YAHXZ 008AABB0 f core.o
248	VERIFIED	0002:000bb730 ?Com_ForceSafeMode@@YAXXZ 008AAC30 f core.o
249	VERIFIED	0002:000bb740 ?Com_AddStartupCommands@@YAHXZ 008AAC40 f core.o
250	VERIFIED	0002:000bb7b0 ?Info_Print@@YAXPBD@Z 008AACB0 f core.o
251	VERIFIED	0002:000bb8a0 ?Com_InitPushEvent@@YAXXZ 008AADA0 f core.o
252	VERIFIED	0002:000bb8c0 ?Com_PushEvent@@YAXPAUsysEvent_t@@@Z 008AADC0 f core.o
253	VERIFIED	0002:000bb9a0 ?Com_ShutdownEvents@@YAXXZ 008AAEA0 f core.o
254	VERIFIED	0002:000bba10 ?Com_RunAndTimeServerPacket@@YAXPAUnetadr_t@@PAUmsg_t@@@Z 008AAF10 f core.o
255	VERIFIED	0002:000bbaa0 ?Script_Init@@YAXXZ 008AAFA0 f core.o
256	VERIFIED	0002:000bbab0 ?Com_ModifyMsec@@YAHH@Z 008AAFB0 f core.o
257	VERIFIED	0002:000bbb70 ?SyncFrameBuffers@@YAXXZ 008AB070 f core.o
258	VERIFIED	0002:000bbbe0 ?Com_GetScreenTimeDelta@@YAMXZ 008AB0E0 f core.o
259	VERIFIED	0002:000bbc70 ?Com_ControllerTest@@YA_NH@Z 008AB170 f core.o
260	VERIFIED	0002:000bbde0 ?Com_AnyControllerConnected@@YA_NXZ 008AB2E0 f core.o
261	VERIFIED	0002:000bbe20 ?Com_ControllerTest@@YA_NXZ 008AB320 f core.o
262	VERIFIED	0002:000bbeb0 ?Field_Clear@@YAXPAUfield_t@@@Z 008AB3B0 f core.o
263	VERIFIED	0002:000bbee0 ?Com_InitDObj@@YAXXZ 008AB3E0 f core.o
264	VERIFIED	0002:000bbef0 ?Com_ShutdownDObj@@YAXXZ 008AB3F0 f core.o
265	VERIFIED	0002:000bbf10 ?Com_Restart@@YAXXZ 008AB410 f core.o
266	VERIFIED	0002:000bbf40 ?Com_XAnimFreeTree@@YAXPAVXAnimTree@@@Z 008AB440 f core.o
267	VERIFIED	0002:000bbf50 ?MT_AllocAnimTree@@YAPAXH@Z 008AB450 f core.o
268	VERIFIED	0002:000bbf80 ?Com_XAnimFreeSmallTree@@YAXPAVXAnimTree@@@Z 008AB480 f core.o
269	VERIFIED	0002:000bbf90 ?Com_GetWeaponInfoMemory@@YAPAXHPAHH@Z 008AB490 f core.o
270	VERIFIED	0002:000bc100 ?Com_FreeWeaponInfoMemory@@YAXHH@Z 008AB600 f core.o
271	VERIFIED	0002:000bc190 ?Com_SurfaceTypeToName@@YAPBDH@Z 008AB690 f core.o
272	VERIFIED	0002:000bc210 ?Com_ControllerValid@@YA_NH@Z 008AB710 f core.o
273	VERIFIED	0002:000bc240 ?ShouldConnectPaths@@YA_NXZ 008AB740 f core.o
274	VERIFIED	0002:000bc250 ?toMatrix@@YAXABVquat_t@@AAVmat3_t@@@Z 008AB750 f core.o
275	VERIFIED	0002:000bc370 ?ProjectVector@mat3_t@@QBEXABVidVec3@@AAV2@@Z 008AB870 f core.o
276	VERIFIED	0002:000bc400 ?UnprojectVector@mat3_t@@QBEXABVidVec3@@AAV2@@Z 008AB900 f core.o
277	VERIFIED	0002:000bc4b0 ?Transpose@mat3_t@@QAEXAAV1@@Z 008AB9B0 f core.o
278	VERIFIED	0002:000bc540 ?Transpose@mat3_t@@QAEXXZ 008ABA40 f core.o
279	VERIFIED	0002:000bc620 ?Inverse@mat3_t@@QBE?AV1@XZ 008ABB20 f core.o
280	VERIFIED	0002:000bc660 ?Clear@mat3_t@@QAEXXZ 008ABB60 f core.o
281	VERIFIED	0002:000bc6a0 ?toQuat@@YAXAAVidVec3@@AAVquat_t@@@Z 008ABBA0 f core.o
282	VERIFIED	0002:000bc6d0 ?toQuat@@YAXAAVmat3_t@@AAVquat_t@@@Z 008ABBD0 f core.o
283	VERIFIED	0002:000bc8c0 ?FS_PureServerSetLoadedPaks@@YAXPBD0@Z 008ABDC0 f core.o
284	VERIFIED	0002:000bc8d0 ?FS_PureServerSetReferencedPaks@@YAXPBD0@Z 008ABDD0 f core.o
285	VERIFIED	0002:000bc920 ?Cvar_Shutdown@@YAXXZ 008ABE20 f core.o
286	VERIFIED	0002:000bca10 ?Cvar_CommandCompletion@@YAXP6AXPBD@Z@Z 008ABF10 f core.o
287	VERIFIED	0002:000bca40 ?Cvar_List_f@@YAXXZ 008ABF40 f core.o
288	VERIFIED	0002:000bcb80 ?Com_CvarDump@@YAXW4print_msg_type_t@@@Z 008AC080 f core.o
289	VERIFIED	0002:000bcca0 ?Cvar_InfoString@@YAPADH@Z 008AC1A0 f core.o
290	VERIFIED	0002:000bccf0 ?Cvar_InfoString_Big@@YAPADH@Z 008AC1F0 f core.o
291	VERIFIED	0002:000bcd40 ?Cvar_InfoStringBuffer@@YAXHPADH@Z 008AC240 f core.o
292	VERIFIED	0002:000bcd70 ?Execute@DbQuery@@QAEXAAVDbQueryResults@@@Z 008AC270 f core.o
293	VERIFIED	0002:000bcd80 ??1DialogueManager@@UAE@XZ 008AC280 f core.o
294	VERIFIED	0002:000bcd90 ?SendSpecificSoundNotify@EffectEventSys@@QAEXPAVEntity@@VHashString@@@Z 008AC290 f core.o
295	VERIFIED	0002:000bcde0 ?SendSoundNotify@EffectEventSys@@QAEXPAVEntity@@@Z 008AC2E0 f core.o
296	VERIFIED	0002:000bce20 ?NumberOfVoicesUsed@EffectEventSys@@QAEHXZ 008AC320 f core.o
297	VERIFIED	0002:000bce60 ?TagNameIndexInfo@EffectEventSys@@QAEXH@Z 008AC360 f core.o
298	VERIFIED	0002:000bce80 ?SetEffectMatrix@EffectEventSys@@QAEXPAVMat43@math@@@Z 008AC380 f core.o
299	VERIFIED	0002:000bcea0 ?SetScriptId@EffectEventSys@@QAEXVstring@Broc@@@Z 008AC3A0 f core.o
300	VERIFIED	0002:000bcf00 ?SetDialogNotify@EffectEventSys@@QAEXH@Z 008AC400 f core.o
301	VERIFIED	0002:000bcf20 ?SetQueryType@EffectEventSys@@QAEXI@Z 008AC420 f core.o
302	VERIFIED	0002:000bcf40 ?SoundCacheType@EffectEventSys@@QAEXH@Z 008AC440 f core.o
303	VERIFIED	0002:000bcf60 ??0InstanceHolder@RumbleManager@@QAE@XZ 008AC460 f core.o
304	VERIFIED	0002:000bcf70 ?interpolate@@YAMMMM@Z 008AC470 f core.o
305	VERIFIED	0002:000bcf90 ?ComputeIntensity@@YAMMMM@Z 008AC490 f core.o
306	VERIFIED	0002:000bd110 ?BumpHandle@RumbleManager@@AAE?AVRumbleEffectInstanceHandle@@XZ 008AC610 f core.o
307	VERIFIED	0002:000bd130 ?StopMotors@RumbleManager@@QAEXXZ 008AC630 f core.o
308	VERIFIED	0002:000bd140 ?ConvertCharToIntensity@@YAMD@Z 008AC640 f core.o
309	VERIFIED	0002:000bd160 ??1AbstractEffect@@UAE@XZ 008AC660 f core.o
310	VERIFIED	0002:000bd1c0 ?clamp_0_to_1@@YAMM@Z 008AC6C0 f core.o
311	VERIFIED	0002:000bd200 ?SetPoPtr@AbstractEffectParticle@@UAEXPAVMat43@math@@@Z 008AC700 f core.o
312	VERIFIED	0002:000bd220 ?IsLooping@AbstractEffectParticle@@UBE_NXZ 008AC720 f core.o
313	VERIFIED	0002:000bd230 ?AdjustEffect_Scale@AbstractEffectParticle@@UAEXPBDM@Z 008AC730 f core.o
314	VERIFIED	0002:000bd280 ?FastForward@AbstractEffectParticle@@UAEXM@Z 008AC780 f core.o
315	VERIFIED	0002:000bd2a0 ??1AbstractEffectLight@@UAE@XZ 008AC7A0 f core.o
316	VERIFIED	0002:000bd300 ?GetDebugString@AbstractEffectLight@@UBE?AVstring@Broc@@XZ 008AC800 f core.o
317	VERIFIED	0002:000bd370 ?GetDebugString@AbstractEffectShakeAndRumble@@UBE?AVstring@Broc@@XZ 008AC870 f core.o
318	VERIFIED	0002:000bd3e0 ?LockTlAllocsToPakHeap@TlSystemCallbacks@@SA_N_N0@Z 008AC8E0 f core.o
319	VERIFIED	0002:000bd400 ?SetMemAllocCbfn@TlSystemCallbacks@@QAEP6APAXIII@ZP6APAXIII@Z@Z 008AC900 f core.o
320	VERIFIED	0002:000bd420 ?SetMemFreeCbfn@TlSystemCallbacks@@QAEP6AXPAX@ZP6AX0@Z@Z 008AC920 f core.o
321	VERIFIED	0002:000bd440 ?ReadFile@TlSystemCallbacks@@SA_NPBDPAUtlFileBuf@@II@Z 008AC940 f core.o
322	VERIFIED	0002:000bd450 ?ReleaseFile@TlSystemCallbacks@@SAXPAUtlFileBuf@@@Z 008AC950 f core.o
323	VERIFIED	0002:000bd470 ?MemRealloc@TlSystemCallbacks@@SAPAXPAXIII@Z 008AC970 f core.o
324	VERIFIED	0002:000bd490 ?MemAlloc@TlSystemCallbacks@@SAPAXIII@Z 008AC990 f core.o
325	VERIFIED	0002:000bd520 ?MemFree@TlSystemCallbacks@@SAXPAX@Z 008ACA20 f core.o
326	VERIFIED	0002:000bd560 ?LinkFrame@TlSystemCallbacks@@SAXXZ 008ACA60 f core.o
327	VERIFIED	0002:000bd570 ?LinkConnected@TlSystemCallbacks@@SA_NXZ 008ACA70 f core.o
328	VERIFIED	0002:000bd580 ?DebugPrint@TlSystemCallbacks@@SAXPBD@Z 008ACA80 f core.o
329	VERIFIED	0002:000bd610 ??1AnimHeap@@UAE@XZ 008ACB10 f core.o
330	VERIFIED	0002:000bd660 ?Allocate@AnimHeap@@UAEPAXH@Z 008ACB60 f core.o
331	VERIFIED	0002:000bd690 ?Free@AnimHeap@@UAEXPAXH@Z 008ACB90 f core.o
332	VERIFIED	0002:000bd6b0 ?CalcHash@HashString@@SAIPBD@Z 008ACBB0 f core.o
333	VERIFIED	0002:000bd6c0 ?GetLanguageName@@YAPBDW4ELanguage@@@Z 008ACBC0 f core.o
334	VERIFIED	0002:000bd6d0 ?GetLanguageId@@YAPBDW4ELanguage@@@Z 008ACBD0 f core.o
335	VERIFIED	0002:000bd6e0 ??0CtrlIcon@@QAE@XZ 008ACBE0 f core.o
336	VERIFIED	0002:000bd6f0 ??1CtrlIcon@@QAE@XZ 008ACBF0 f core.o
337	VERIFIED	0002:000bd700 ?ContainsIconTag@CtrlIcon@@QAE_NPBD@Z 008ACC00 f core.o
338	VERIFIED	0002:000bd730 ?TranslateIconTag@CtrlIcon@@QAEPBDPBD@Z 008ACC30 f core.o
339	VERIFIED	0002:000bd7a0 ?ExtractIconTag@CtrlIcon@@QAE_NPBDPADPAPAD2@Z 008ACCA0 f core.o
340	VERIFIED	0002:000bd850 ?SpinnerInit@@YAXXZ 008ACD50 f core.o
341	VERIFIED	0002:000bd8f0 ?SpinnerReset@@YAXXZ 008ACDF0 f core.o
342	VERIFIED	0002:000bd900 ?SpinnerDrawLoading@@YAXXZ 008ACE00 f core.o
343	VERIFIED	0002:000bda30 ?SpinnerDraw@@YAXM@Z 008ACF30 f core.o
344	VERIFIED	0002:000bdaa0 ??0EntityNotify@@QAE@IV?$DbLinkedHandle@VEntityHandleDb@@VEntity@@@@PAVWaitTilOutput@@@Z 008ACFA0 f core.o
345	VERIFIED	0002:000bdad0 ?FS_CreatePath@@YAHPAD@Z 008ACFD0 f core.o
346	VERIFIED	0002:000bdb40 ?FS_FCloseFile@@YAXH@Z 008AD040 f core.o
347	VERIFIED	0002:000bdbd0 ?FS_Write@@YAHPBXHH@Z 008AD0D0 f core.o
348	VERIFIED	0002:000bdc70 ?FS_Printf@@YAXHPBDZZ 008AD170 f core.o
349	VERIFIED	0002:000bdcd0 ?FS_FreeFileList@@YAXPAPAD@Z 008AD1D0 f core.o
350	VERIFIED	0002:000bddb0 ?FS_ClearMemory@@YAXXZ 008AD2B0 f core.o
351	VERIFIED	0002:000bddf0 ?FS_Shutdown@@YAXH@Z 008AD2F0 f core.o
352	VERIFIED	0002:000bdf70 ?VectorNormalizeFast@@YAXQAM@Z 008AD470 f core.o
353	VERIFIED	0002:000be010 ?vectoyaw@@YA?BMQBM@Z 008AD510 f core.o
354	VERIFIED	0002:000be300 ?vectosignedyaw@@YA?BMQBM@Z 008AD800 f core.o
355	VERIFIED	0002:000be670 ?vectopitch@@YA?BMQBM@Z 008ADB70 f core.o
356	VERIFIED	0002:000be9b0 ?vectosignedpitch@@YA?BMQBM@Z 008ADEB0 f core.o
357	VERIFIED	0002:000bece0 ?vectoangles@@YAXQBMQAM@Z 008AE1E0 f core.o
358	VERIFIED	0002:000bf2c0 ?vectoangles@@YAXQBMAAVPosition3@math@@@Z 008AE7C0 f core.o
359	VERIFIED	0002:000bf300 ?vectosignedangles@@YAXQBMQAM@Z 008AE800 f core.o
360	VERIFIED	0002:000bf8c0 ?MatrixInverseOrthogonal43@@YAXQAY02$$CBMQAY02M@Z 008AEDC0 f core.o
361	VERIFIED	0002:000bf990 ?RotationToYaw@@YAMQBM@Z 008AEE90 f core.o
362	VERIFIED	0002:000bfce0 ?AngleNormalize360Accurate@@YA?BMM@Z 008AF1E0 f core.o
363	VERIFIED	0002:000bfd90 ?AngleNormalize180Accurate@@YA?BMM@Z 008AF290 f core.o
364	VERIFIED	0002:000bfe60 ?ProjectPointOnPlane@@YAXQAMQBM1@Z 008AF360 f core.o
365	VERIFIED	0002:000bffd0 ?NormalToLatLong@@YAXQBMQAE@Z 008AF4D0 f core.o
366	VERIFIED	0002:000c02f0 _Z_MallocInternal 008AF7F0 f core.o VERIFIED: FUNCTION existing zeroing heap allocator and OOM path match IDA
367	VERIFIED	0002:000c0330 ?CopyStringInternal@@YAPADPBD@Z 008AF830 f core.o
368	VERIFIED	0002:000c0390 ?Com_Memcpy@@YAXPAXPBXI@Z 008AF890 f core.o
369	VERIFIED	0002:000c0540 ?Com_Close@@YAXXZ 008AFA40 f core.o
370	VERIFIED	0002:000c05a0 ?toMatrix@@YAXABVangles_t@@AAVmat3_t@@@Z 008AFAA0 f core.o
371	VERIFIED	0002:000c0700 ?toMatrix@@YAXABVidVec3@@AAVmat3_t@@@Z 008AFC00 f core.o
372	VERIFIED	0002:000c0740 ?toQuat@@YAXAAVangles_t@@AAVquat_t@@@Z 008AFC40 f core.o
373	VERIFIED	0002:000c0770 ?Cvar_WriteVariables@@YAXH@Z 008AFC70 f core.o
374	VERIFIED	0002:000c07f0 ?Cvar_WriteDefaults@@YAXH@Z 008AFCF0 f core.o
375	VERIFIED	0002:000c0870 ?Cvar_Dump_f@@YAXXZ 008AFD70 f core.o
376	VERIFIED	0002:000c0880 ?EnsureDataWritable@idStr@@IAEXXZ 008AFD80 f core.o
377	VERIFIED	0002:000c0960 ?EnsureAlloced@idStr@@IAEXH_N@Z 008AFE60 f core.o
378	VERIFIED	0002:000c0a70 ?GetRandomResult@DbQueryResults@@QAEPAVDbRow@@XZ 008AFF70 f core.o
379	VERIFIED	0002:000c0aa0 ?GetRandomResultSpecific@DbQueryResults@@QAEPAVDbRow@@XZ 008AFFA0 f core.o
380	VERIFIED	0002:000c0ad0 ?GetResult@DbQueryResults@@QAEPAVDbRow@@I@Z 008AFFD0 f core.o
381	VERIFIED	0002:000c0b40 ??0DialogueManager@@QAE@XZ 008B0040 f core.o
382	VERIFIED	0002:000c0be0 ?UnloadBank@DialogueManager@@UAEXW4TPakId@@@Z 008B00E0 f core.o
383	VERIFIED	0002:000c0c00 ?AddEffect@ActiveEffectSet@@QAEXPAVAbstractEffect@@@Z 008B0100 f core.o
384	VERIFIED	0002:000c0c30 ?IsFinished@ActiveEffectSet@@QBE_NXZ 008B0130 f core.o
385	VERIFIED	0002:000c0c50 ?IsQueued@ActiveEffectSet@@QBE_NXZ 008B0150 f core.o
386	VERIFIED	0002:000c0cd0 ?AdjustEffect_Scale@ActiveEffectSet@@QAEXPBDM@Z 008B01D0 f core.o
387	VERIFIED	0002:000c0d50 ?FastForward@ActiveEffectSet@@QAEXM@Z 008B0250 f core.o
388	VERIFIED	0002:000c0dd0 ?PlayQueuedEffect@ActiveEffectSet@@QAEXXZ 008B02D0 f core.o
389	VERIFIED	0002:000c0e40 ?SetPoPtr@ActiveEffectSet@@QAEXPAVMat43@math@@@Z 008B0340 f core.o
390	VERIFIED	0002:000c0ec0 ?StopLoopingEffects@ActiveEffectSet@@QAEXXZ 008B03C0 f core.o
391	VERIFIED	0002:000c0ed0 ?DoStopLoopingEffects@ActiveEffectSet@@AAEXXZ 008B03D0 f core.o
392	VERIFIED	0002:000c0fe0 ?FadeOutEffect@EffectEventSys@@QAEXPAVAbstractEffect@@M@Z 008B04E0 f core.o
393	VERIFIED	0002:000c1010 ?AdvanceFades@EffectEventSys@@AAEXM@Z 008B0510 f core.o
394	VERIFIED	0002:000c1120 ?SetSoundParams@EffectEventSys@@AAEXAAVSoundParams@@AAUPendingQuery@1@M@Z 008B0620 f core.o
395	VERIFIED	0002:000c11a0 ?IsSoundToBeQueued@EffectEventSys@@QAEX_N@Z 008B06A0 f core.o
396	VERIFIED	0002:000c11c0 ?SetQueryImportance@EffectEventSys@@QAEX_N@Z 008B06C0 f core.o
397	VERIFIED	0002:000c11f0 ?DirectionInfo@EffectEventSys@@QAEXQBM@Z 008B06F0 f core.o
398	VERIFIED	0002:000c1240 ??0AbstractEffect@@QAE@W4TPakId@@V?$DbLinkedHandle@VEntityHandleDb@@VEntity@@@@HM@Z 008B0740 f core.o
399	VERIFIED	0002:000c12a0 ?StartFadeOut@AbstractEffectSound@@UAEXM@Z 008B07A0 f core.o
400	VERIFIED	0002:000c12c0 ??1AbstractEffectParticle@@UAE@XZ 008B07C0 f core.o
401	VERIFIED	0002:000c1350 ?StartFadeOut@AbstractEffectParticle@@UAEXM@Z 008B0850 f core.o
402	VERIFIED	0002:000c1380 ??0AnimHeap@@QAE@XZ 008B0880 f core.o
403	VERIFIED	0002:000c13f0 ?LinkAnimHeap@AnimHeap@@SAXXZ 008B08F0 f core.o
404	VERIFIED	0002:000c1440 ??1ConfigStringManager@@EAE@XZ 008B0940 f core.o
405	VERIFIED	0002:000c1450 ??0HashString@@QAE@AAVstring@Broc@@@Z 008B0950 f core.o
406	SKIPPED	0002:000c1490 ?SetGameLanguage@@YAXABV?$ae_fixed_string@$0EAA@G@@@Z 008B0990 f core.o  SKIPPED: inline template/container helper; supplied by its template definition
407	VERIFIED	0002:000c14d0 ??1STBManager@@EAE@XZ 008B09D0 f core.o
408	VERIFIED	0002:000c14e0 ?SpinnerDrawFrame@@YAX_N@Z 008B09E0 f core.o
409	VERIFIED	0002:000c1690 ?SpinnerDrawFrameWithLoading@@YAX_N@Z 008B0B90 f core.o
410	VERIFIED	0002:000c1850 ?LensFlareDraw@@YAXXZ 008B0D50 f core.o
411	VERIFIED	0002:000c1d80 ??0EntityNotifySet@@QAE@PAVEntity@@@Z 008B1280 f core.o
412	VERIFIED	0002:000c1e50 ?AddNotify@EntityNotifySet@@QAEXABVHashString@@V?$DbLinkedHandle@VEntityHandleDb@@VEntity@@@@@Z 008B1350 f core.o
413	VERIFIED	0002:000c1f00 ?gunrandom@@YAXPAM0@Z 008B1400 f core.o
414	VERIFIED	0002:000c1f90 ?RotateAxisByAxis@@YAXQAY03MHM@Z 008B1490 f core.o
415	VERIFIED	0002:000c20c0 ?AngleVectors@@YAXQBMQAM11@Z 008B15C0 f core.o
416	VERIFIED	0002:000c2260 ?AngleVectors@@YAXABVPosition3@math@@QAM11@Z 008B1760 f core.o
417	VERIFIED	0002:000c2270 ?AngleVectors@@YAXABVPosition3@math@@AAV12@11@Z 008B1770 f core.o
418	VERIFIED	0002:000c23b0 ?YawVectors@@YAXMQAM0@Z 008B18B0 f core.o
419	VERIFIED	0002:000c2420 ?PerpendicularVector@@YAXQAMQBM@Z 008B1920 f core.o
420	VERIFIED	0002:000c25f0 ?VectorAngleMultiply@@YAXQAMM@Z 008B1AF0 f core.o
421	VERIFIED	0002:000c2660 ?PitchToQuaternion@@YAXMQAM@Z 008B1B60 f core.o
422	VERIFIED	0002:000c26a0 ?YawToQuaternion@@YAXMQAM@Z 008B1BA0 f core.o
423	VERIFIED	0002:000c26e0 ?RollToQuaternion@@YAXMQAM@Z 008B1BE0 f core.o
424	VERIFIED	0002:000c2720 ?AnglesToAxis@@YAXQBMQAY02M@Z 008B1C20 f core.o
425	VERIFIED	0002:000c2770 ?AnglesToAxis@@YAXABVPosition3@math@@QAY02M@Z 008B1C70 f core.o
426	VERIFIED	0002:000c27c0 ?AnglesToAxis@@YAXABVPosition3@math@@0AAVMat43@2@@Z 008B1CC0 f core.o
427	VERIFIED	0002:000c29c0 ?AnglesToAxis@@YAXABVPosition3@math@@0AAVnalMatrix4x4@@@Z 008B1EC0 f core.o
428	VERIFIED	0002:000c2b70 ?YawToAxis@@YAXMQAY02M@Z 008B2070 f core.o
429	VERIFIED	0002:000c2c00 ?AxisToAngles@@YAXQAY02$$CBMQAM@Z 008B2100 f core.o
430	VERIFIED	0002:000c2d50 ?Axis4ToAngles@@YAXQAY03$$CBMQAM@Z 008B2250 f core.o
431	VERIFIED	0002:000c2ea0 ?AxisToSignedAngles@@YAXQAY02$$CBMQAM@Z 008B23A0 f core.o
432	VERIFIED	0002:000c2ff0 ?VectorRotateAngles@@YAXQBM0QAM@Z 008B24F0 f core.o
433	VERIFIED	0002:000c3170 ?VectorRotateAnglesAroundPoint@@YAXQBM00QAM@Z 008B2670 f core.o
434	VERIFIED	0002:000c31f0 ?VectorPolar@@YAXQAMMMM@Z 008B26F0 f core.o
435	VERIFIED	0002:000c3260 ?PitchForYawOnNormal@@YAMMQBM@Z 008B2760 f core.o
436	VERIFIED	0002:000c3340 ?make_rotate@@YAXAAVMat43@math@@HM@Z 008B2840 f core.o
437	VERIFIED	0002:000c35a0 ?Com_Error@@YAXW4errorParm_t@@PBDZZ 008B2AA0 f core.o
438	VERIFIED	0002:000c3730 ?Com_Quit_f@@YAXXZ 008B2C30 f core.o
439	VERIFIED	0002:000c37f0 ?Cvar_FindVar@@YAPAUcvar_t@@PBD@Z 008B2CF0 f core.o
440	VERIFIED	0002:000c3840 ?Cvar_Get@@YAPAUcvar_t@@PBD0H@Z 008B2D40 f core.o
441	VERIFIED	0002:000c3aa0 ?Cvar_Set2@@YAPAUcvar_t@@PBD0H@Z 008B2FA0 f core.o
442	VERIFIED	0002:000c3dd0 ?Cvar_Set@@YAXPBD0@Z 008B32D0 f core.o
443	VERIFIED	0002:000c3df0 ?Cvar_SetLatched@@YAXPBD0@Z 008B32F0 f core.o
444	VERIFIED	0002:000c3e10 ?Cvar_SetValue@@YAXPBDM@Z 008B3310 f core.o
445	VERIFIED	0002:000c3e80 ?Cvar_Reset@@YAXPBD@Z 008B3380 f core.o
446	VERIFIED	0002:000c3ea0 ?Cvar_Update@@YAXPAUvmCvar_t@@@Z 008B33A0 f core.o
447	VERIFIED	0002:000c3f90 ?Cvar_VariableValue@@YAMPBD@Z 008B3490 f core.o
448	VERIFIED	0002:000c3fb0 ?Cvar_VariableIntegerValue@@YAHPBD@Z 008B34B0 f core.o
449	VERIFIED	0002:000c3fd0 ?Cvar_VariableString@@YAPADPBD@Z 008B34D0 f core.o
450	VERIFIED	0002:000c3ff0 ?Cvar_VariableStringBuffer@@YAXPBDPADH@Z 008B34F0 f core.o
451	VERIFIED	0002:000c4020 ?Cvar_SetCheatState@@YAXXZ 008B3520 f core.o
452	VERIFIED	0002:000c4090 ?Cvar_Command@@YAHXZ 008B3590 f core.o
453	VERIFIED	0002:000c4110 ?Cvar_Toggle_f@@YAXXZ 008B3610 f core.o
454	VERIFIED	0002:000c4230 ?Cvar_Set_f@@YAXXZ 008B3730 f core.o
455	VERIFIED	0002:000c4330 ?Cvar_SetS_f@@YAXXZ 008B3830 f core.o
456	VERIFIED	0002:000c4370 ?Cvar_SetA_f@@YAXXZ 008B3870 f core.o
457	VERIFIED	0002:000c43b0 ?Cvar_SetFromCvar_f@@YAXXZ 008B38B0 f core.o
458	VERIFIED	0002:000c4400 ?Cvar_Reset_f@@YAXXZ 008B3900 f core.o
459	VERIFIED	0002:000c4430 ?Cvar_Restart_f@@YAXXZ 008B3930 f core.o
460	VERIFIED	0002:000c44c0 ?Cvar_AddCommands@@YAXXZ 008B39C0 f core.o
461	VERIFIED	0002:000c4550 ?ResetConstraints@DbQuery@@AAEXXZ 008B3A50 f core.o
462	VERIFIED	0002:000c4570 ?AcceptMatchingLeaf@DbQuery@@IAEXPBVDbGraphNode@@AAVDbQueryResults@@@Z 008B3A70 f core.o
463	VERIFIED	0002:000c4640 ?Reset@DbQuery@@QAEXXZ 008B3B40 f core.o
464	VERIFIED	0002:000c4660 ?CompareField@DbQuery@@IAEHHPBX@Z 008B3B60 f core.o
465	VERIFIED	0002:000c48d0 ?TestField@DbQuery@@IAE_NHPBX@Z 008B3DD0 f core.o
466	VERIFIED	0002:000c4dd0 ?FindMatches@DbQuery@@MAEXAAVDbQueryResults@@@Z 008B42D0 f core.o
467	VERIFIED	0002:000c5500 ?DecodeBank@DbTablesetMgr@@QAEXPBDPAEHW4TPakId@@@Z 008B4A00 f core.o
468	VERIFIED	0002:000c5530 ?DecodeDialogueBank@DialogueManager@@QAEXPBDPAEHW4TPakId@@@Z 008B4A30 f core.o
469	VERIFIED	0002:000c55b0 ?GetDialogue@DialogueManager@@QBEPBDI@Z 008B4AB0 f core.o
470	VERIFIED	0002:000c5690 ?DecodeDialogueBank@@YAXPBDPAEHW4TPakId@@PAVPakFile@@@Z 008B4B90 f core.o
471	VERIFIED	0002:000c56b0 ?GetActiveEffectSet@EffectEventSys@@QAEPAVActiveEffectSet@@VHandle@@@Z 008B4BB0 f core.o
472	VERIFIED	0002:000c56f0 ??0RumbleManager@@QAE@H@Z 008B4BF0 f core.o
473	VERIFIED	0002:000c5750 ?Play@RumbleManager@@QAE?AVRumbleEffectInstanceHandle@@ABVRumbleEffect@@M@Z 008B4C50 f core.o
474	VERIFIED	0002:000c5980 ?Play@RumbleManager@@QAE?AVRumbleEffectInstanceHandle@@ABVRumbleEffect@@MMM@Z 008B4E80 f core.o
475	VERIFIED	0002:000c59c0 ?GetDebugString@AbstractEffectParticle@@UBE?AVstring@Broc@@XZ 008B4EC0 f core.o
476	SKIPPED	0002:000c5aa0 ?ParseTlAssertString@TlSystemCallbacks@@CA_NPBDAAV?$ae_fixed_string@$0BAA@G@@11AAH@Z 008B4FA0 f core.o  SKIPPED: inline template/container helper; supplied by its template definition
477	VERIFIED	0002:000c5c60 ??0ConfigStringManager@@AAE@XZ 008B5160 f core.o
478	VERIFIED	0002:000c5c80 ?DecodeBank@ConfigStringManager@@QAEXPBDPAEHW4TPakId@@@Z 008B5180 f core.o
479	VERIFIED	0002:000c5cb0 ?DecodeConfigStrings@@YAXPBDPAEHW4TPakId@@PAVPakFile@@@Z 008B51B0 f core.o
480	VERIFIED	0002:000c5ce0 ??0STBManager@@AAE@XZ 008B51E0 f core.o
481	VERIFIED	0002:000c5d00 ?GetSTBEntry@STBManager@@QAEPBVStringTableEntry@@W4TPakId@@I@Z 008B5200 f core.o
482	VERIFIED	0002:000c5d50 ?GetSTBEntry@STBManager@@QAEPBVStringTableEntry@@I@Z 008B5250 f core.o
483	VERIFIED	0002:000c5e00 ?GetSTBEntry@STBManager@@QAEPBVStringTableEntry@@PBD@Z 008B5300 f core.o
484	VERIFIED	0002:000c5e30 ?GetSTBString@STBManager@@QAEPBDPBD@Z 008B5330 f core.o
485	VERIFIED	0002:000c5ef0 ?GetSTBString@STBManager@@QAEPBDI@Z 008B53F0 f core.o
486	VERIFIED	0002:000c5f30 ?GetSTBString@STBManager@@QAEPBDW4TPakId@@I@Z 008B5430 f core.o
487	VERIFIED	0002:000c5fa0 ?GetSTBFlags@STBManager@@QAE?BIPBD@Z 008B54A0 f core.o VERIFIED: FUNCTION existing reference STB flag lookup matches IDA
488	VERIFIED	0002:000c5fe0 ?GetSTBFlags@STBManager@@QAE?BII@Z 008B54E0 f core.o VERIFIED: FUNCTION existing hash STB flag lookup matches IDA
489	VERIFIED	0002:000c6010 ?GetSTBFlags@STBManager@@QAE?BIW4TPakId@@I@Z 008B5510 f core.o VERIFIED: FUNCTION existing pak/hash STB flag lookup matches IDA
490	VERIFIED	0002:000c6070 ?DecodeBank@STBManager@@QAEXPBDPAEHW4TPakId@@@Z 008B5570 f core.o
491	VERIFIED	0002:000c6450 ?GetNotify@EntityNotifySet@@QBEPAVEntityNotify@@ABVHashString@@@Z 008B5950 f core.o
492	VERIFIED	0002:000c64d0 ?AssignScriptVariable@EntityNotifySet@@QAE_NABVHashString@@PAVWaitTilOutput@@@Z 008B59D0 f core.o
493	VERIFIED	0002:000c6500 ?IsFinished@EntityNotifySet@@QAE_NXZ 008B5A00 f core.o
494	VERIFIED	0002:000c6590 ?KillEndOnThreads@EntityNotifySet@@QAEXXZ 008B5A90 f core.o
495	VERIFIED	0002:000c65d0 ?FS_HandleForFile@@YAHH@Z 008B5AD0 f core.o VERIFIED: FUNCTION existing handle allocation and exhaustion path match IDA
496	VERIFIED	0002:000c6890 ?FS_BuildOSPath@@YAXPBD00QAD@Z 008B5D90 f core.o VERIFIED: FUNCTION existing OS path wrapper matches IDA
497	VERIFIED	0002:000c68b0 ?FS_CopyFile@@YAXPAD0@Z 008B5DB0 f core.o
498	VERIFIED	0002:000c69b0 ?FS_FileExists@@YAHPBD@Z 008B5EB0 f core.o
499	VERIFIED	0002:000c6a10 ?FS_FOpenFileWrite@@YAHPBD@Z 008B5F10 f core.o
500	VERIFIED	0002:000c6ae0 ?FS_FOpenTextFileWrite@@YAHPBD@Z 008B5FE0 f core.o
501	VERIFIED	0002:000c6bd0 ?FS_FOpenFileAppend@@YAHPBD@Z 008B60D0 f core.o
502	VERIFIED	0002:000c6ca0 ?FS_FileCompare@@YAHPBD0@Z 008B61A0 f core.o
503	VERIFIED	0002:000c73b0 ?FS_FOpenFileReadStream@@YAHPBDPAHH@Z 008B68B0 f core.o
504	VERIFIED	0002:000c73d0 ?FS_FOpenFileRead@@YAHPBDPAHH@Z 008B68D0 f core.o
505	VERIFIED	0002:000c7400 ?FS_TouchFile@@YAHPBD@Z 008B6900 f core.o
506	VERIFIED	0002:000c7440 ?FS_ShortOSFilePath@@YAPBDPBD@Z 008B6940 f core.o
507	VERIFIED	0002:000c74f0 ?FS_Read@@YAHPAXHH@Z 008B69F0 f core.o
508	VERIFIED	0002:000c75b0 ?FS_Seek@@YAHHJH@Z 008B6AB0 f core.o
509	VERIFIED	0002:000c78a0 ?FS_ReadFile@@YAHPBDPAPAX@Z 008B6DA0 f core.o
510	VERIFIED	0002:000c7b60 ?FS_FreeFile@@YAXPAX@Z 008B7060 f core.o
511	VERIFIED	0002:000c7ba0 ?FS_ListFilteredFiles@@YAPAPADPBD0PADPAH@Z 008B70A0 f core.o
512	VERIFIED	0002:000c7de0 ?FS_ListFiles@@YAPAPADPBD0PAH@Z 008B72E0 f core.o
513	VERIFIED	0002:000c8090 ?FS_Startup@@YAXPBD@Z 008B7590 f core.o
514	VERIFIED	0002:000c8390 ?FS_Restart@@YAXH@Z 008B7890 f core.o
515	VERIFIED	0002:000c84b0 ?FS_FOpenFileByMode@@YAHPBDPAHW4fsMode_t@@@Z 008B79B0 f core.o
516	VERIFIED	0002:000c85c0 ?RotatePointAroundVector@@YAXQAMQBM1M@Z 008B7AC0 f core.o
517	VERIFIED	0002:000c8ba0 ?RotateAroundDirection@@YAXQAY02MM@Z 008B80A0 f core.o
518	VERIFIED	0002:000c8c60 ?BoxOnPlaneSide@@YA?BHQBM0PBUcplane_s@@@Z 008B8160 f core.o
519	VERIFIED	0002:000c9060 ?Com_VPrintf@@YAXPBDPAD@Z 008B8560 f core.o
520	VERIFIED	0002:000c91c0 ?Com_StartupVariable@@YAXPBD@Z 008B86C0 f core.o
521	VERIFIED	0002:000c92a0 ?Com_InitJournaling@@YAXXZ 008B87A0 f core.o
522	VERIFIED	0002:000c93a0 ?Com_GetRealEvent@@YA?AUsysEvent_t@@XZ 008B88A0 f core.o
523	VERIFIED	0002:000c9500 ?Com_GetEvent@@YA?AUsysEvent_t@@XZ 008B8A00 f core.o
524	VERIFIED	0002:000c9590 ?Com_EventLoop@@YAHXZ 008B8A90 f core.o
525	VERIFIED	0002:000c9ac0 ?Com_Milliseconds@@YAHXZ 008B8FC0 f core.o
526	VERIFIED	0002:000c9b10 ?Com_PumpMessageLoop@@YAXXZ 008B9010 f core.o
527	VERIFIED	0002:000c9d70 ?GlobalPakLoadCallback@@YAXM@Z 008B9270 f core.o
528	VERIFIED	0002:000c9e40 ?Com_WriteConfigToFile@@YAXPBD@Z 008B9340 f core.o
529	VERIFIED	0002:000c9ea0 ?Com_WriteDefaultsToFile@@YAXPBD@Z 008B93A0 f core.o
530	VERIFIED	0002:000c9ef0 ?Com_WriteConfiguration@@YAXXZ 008B93F0 f core.o
531	VERIFIED	0002:000c9f30 ?Com_WriteConfig_f@@YAXXZ 008B9430 f core.o
532	VERIFIED	0002:000c9fa0 ?Com_WriteDefaults_f@@YAXXZ 008B94A0 f core.o
533	VERIFIED	0002:000ca010 ?Com_ControllerWarningDialog@@YAX_NH@Z 008B9510 f core.o
534	VERIFIED	0002:000ca120 ?Com_CheckControllerUnplugged@@YAX_NH@Z 008B9620 f core.o
535	FIXED	0002:000ca240 ?Com_SaveCvarsToBuffer@@YAHQAPBDHPADH@Z 008B9740 f core.o FIXED: FUNCTION uses shared defaultFileName object per IDA
536	VERIFIED	0002:000ca2e0 ?Com_LoadCvarsFromBuffer@@YAHQAPBDHPBD1@Z 008B97E0 f core.o VERIFIED: FUNCTION existing cvar parser and completion reporting match IDA
537	VERIFIED	0002:000ca470 ?FS_Dir_f@@YAXXZ 008B9970 f core.o
538	VERIFIED	0002:000ca530 ?FS_TouchFile_f@@YAXXZ 008B9A30 f core.o
539	VERIFIED	0002:000ca590 ?Cvar_VMSet@@YAXPAUvmCvar_t@@PBD@Z 008B9A90 f core.o
540	VERIFIED	0002:000ca5c0 ?Cvar_Register@@YAXPAUvmCvar_t@@PBD1H@Z 008B9AC0 f core.o
541	VERIFIED	0002:000ca610 ?Cvar_Init@@YAXXZ 008B9B10 f core.o
542	SKIPPED	0002:000ca630 ?GetTableSet@DbTablesetMgr@@QBE?AV?$IVPointer@VDbTableSet@@@@W4TPakId@@PBD@Z 008B9B30 f core.o  SKIPPED: inline template/container helper; supplied by its template definition
543	VERIFIED	0002:000ca660 ?FrameAdvance@ActiveEffectSet@@QAEXM@Z 008B9B60 f core.o
544	VERIFIED	0002:000ca820 ?IsSoundAlreadyPlaying@EffectEventSys@@QAEHIPAVEntity@@H@Z 008B9D20 f core.o
545	VERIFIED	0002:000cabd0 ?AdjustEffect_Scale@EffectEventSys@@QAEXVHandle@@PBDM@Z 008BA0D0 f core.o
546	VERIFIED	0002:000cac10 ?FastForward@EffectEventSys@@QAEXVHandle@@M@Z 008BA110 f core.o
547	VERIFIED	0002:000cac50 ?PlayQueuedEffect@EffectEventSys@@QAEXVHandle@@@Z 008BA150 f core.o
548	VERIFIED	0002:000cac90 ?StopLoopingEffects@EffectEventSys@@QAEXVHandle@@@Z 008BA190 f core.o
549	VERIFIED	0002:000cacd0 ?IsEffectActive@EffectEventSys@@QAE_NVHandle@@@Z 008BA1D0 f core.o
550	VERIFIED	0002:000cad20 ?GetEffectTables@EffectEventSys@@AAEXW4TPakId@@PBD1AAV?$ae_sized_array@PBVDbTable@@$0BA@@@@Z 008BA220 f core.o
551	VERIFIED	0002:000cae70 ?GetEffectTables@EffectEventSys@@AAEXW4TPakId@@PBD11AAV?$ae_sized_array@PBVDbTable@@$0BA@@@@Z 008BA370 f core.o
552	VERIFIED	0002:000cb840 ?ReleaseHandle@EffectEventSys@@QAEXPAVActiveEffectSet@@@Z 008BAD40 f core.o
553	VERIFIED	0002:000cb870 ?ReleaseHandle@EffectEventSys@@QAEXVHandle@@@Z 008BAD70 f core.o
554	VERIFIED	0002:000cb890 ?EffectEventIsPlaying@@YA_NVHandle@@@Z 008BAD90 f core.o
555	VERIFIED	0002:000cb8e0 ?EffectEventAdjustEffect_Scale@@YAXVHandle@@PBDM@Z 008BADE0 f core.o
556	VERIFIED	0002:000cb930 ?EffectEventFF@@YAXVHandle@@M@Z 008BAE30 f core.o
557	VERIFIED	0002:000cb980 ?EffectEventPlayQueuedEffect@@YAXVHandle@@@Z 008BAE80 f core.o
558	VERIFIED	0002:000cb9c0 ?Remove@RumbleManager@@QAEXVRumbleEffectInstanceHandle@@@Z 008BAEC0 f core.o
559	VERIFIED	0002:000cbab0 ?IsPlaying@RumbleManager@@QBE_NVRumbleEffectInstanceHandle@@@Z 008BAFB0 f core.o
560	VERIFIED	0002:000cbba0 ?TimeLeft@RumbleManager@@QBEMVRumbleEffectInstanceHandle@@@Z 008BB0A0 f core.o
561	VERIFIED	0002:000cbcb0 ?SetIntensity@RumbleManager@@QAEXVRumbleEffectInstanceHandle@@M@Z 008BB1B0 f core.o
562	VERIFIED	0002:000cbdb0 ?SetDistance@RumbleManager@@QAEXVRumbleEffectInstanceHandle@@MMM@Z 008BB2B0 f core.o
563	VERIFIED	0002:000cbde0 ?FrameAdvance@RumbleManager@@QAEXM@Z 008BB2E0 f core.o
564	VERIFIED	0002:000cc230 ?GetPosition@AbstractEffect@@QBE?AVPosition3@math@@XZ 008BB730 f core.o
565	VERIFIED	0002:000cc2f0 ?IsFinished@AbstractEffect@@UAE_NXZ 008BB7F0 f core.o
566	VERIFIED	0002:000cc330 ?GetEntityDebugString@AbstractEffect@@QBE?AVstring@Broc@@XZ 008BB830 f core.o
567	VERIFIED	0002:000cc3f0 ??1AbstractEffectSound@@UAE@XZ 008BB8F0 f core.o
568	VERIFIED	0002:000cc4b0 ?FrameAdvance@AbstractEffectSound@@UAEXM@Z 008BB9B0 f core.o
569	VERIFIED	0002:000cd050 ?SetPoPtr@AbstractEffectSound@@UAEXPAVMat43@math@@@Z 008BC550 f core.o
570	VERIFIED	0002:000cd0c0 ?IsQueued@AbstractEffectSound@@UBE_NXZ 008BC5C0 f core.o
571	VERIFIED	0002:000cd120 ?IsFinished@AbstractEffectSound@@UAE_NXZ 008BC620 f core.o
572	VERIFIED	0002:000cd1b0 ?IsLooping@AbstractEffectSound@@UBE_NXZ 008BC6B0 f core.o
573	VERIFIED	0002:000cd230 ?AdjustEffect_Scale@AbstractEffectSound@@UAEXPBDM@Z 008BC730 f core.o
574	VERIFIED	0002:000cd350 ?PlayQueuedEffect@AbstractEffectSound@@UAEXXZ 008BC850 f core.o
575	VERIFIED	0002:000cd4c0 ?StopEffect@AbstractEffectSound@@UAEXXZ 008BC9C0 f core.o
576	VERIFIED	0002:000cd580 ?GetDebugString@AbstractEffectSound@@UBE?AVstring@Broc@@XZ 008BCA80 f core.o
577	VERIFIED	0002:000cd740 ?FrameAdvance@AbstractEffectParticle@@UAEXM@Z 008BCC40 f core.o
578	VERIFIED	0002:000cdc90 ?IsFinished@AbstractEffectParticle@@UAE_NXZ 008BD190 f core.o
579	VERIFIED	0002:000cdd20 ??0AbstractEffectLight@@QAE@AAUParams@0@@Z 008BD220 f core.o
580	VERIFIED	0002:000cdef0 ?GetPositionOnEntity@AbstractEffectLight@@ABE?AVPosition3@math@@PAVEntity@@@Z 008BD3F0 f core.o
581	VERIFIED	0002:000cdf50 ?FrameAdvance@AbstractEffectLight@@UAEXM@Z 008BD450 f core.o
582	VERIFIED	0002:000ce060 ?IsFinished@AbstractEffectLight@@UAE_NXZ 008BD560 f core.o
583	VERIFIED	0002:000ce0b0 ?GetPositionOnEntity@AbstractEffectShakeAndRumble@@ABE?AVPosition3@math@@XZ 008BD5B0 f core.o
584	VERIFIED	0002:000ce110 ?GetDistanceScale@AbstractEffectShakeAndRumble@@AAEMH@Z 008BD610 f core.o
585	VERIFIED	0002:000ce230 ?FrameAdvance@AbstractEffectShakeAndRumble@@UAEXM@Z 008BD730 f core.o
586	VERIFIED	0002:000ce720 ?IsFinished@AbstractEffectShakeAndRumble@@UAE_NXZ 008BDC20 f core.o
587	VERIFIED	0002:000ce780 ?AdjustEffect_Scale@AbstractEffectShakeAndRumble@@UAEXPBDM@Z 008BDC80 f core.o
588	VERIFIED	0002:000ce7b0 ?StopEffect@AbstractEffectShakeAndRumble@@UAEXXZ 008BDCB0 f core.o
589	SKIPPED	0002:000ce800 ?IgnoreAssertion@TlSystemCallbacks@@CA_NPBDAAV?$ae_fixed_string@$0BAA@G@@11AAH@Z 008BDD00 f core.o  SKIPPED: inline template/container helper; supplied by its template definition
590	SKIPPED	0002:000ce8d0 ?GetConfigString@ConfigStringManager@@QAE?AV?$IVPointer@VConfigString@@@@W4TPakId@@PBD1@Z 008BDDD0 f core.o  SKIPPED: inline template/container helper; supplied by its template definition
591	VERIFIED	0002:000ce940 ?CallbackSearch@ConfigStringManager@@QAEXW4TPakId@@PBDP6AX1PBVConfigString@@@Z@Z 008BDE40 f core.o
592	VERIFIED	0002:000ce990 ?LensFlareInit@@YAXXZ 008BDE90 f core.o
593	VERIFIED	0002:000ceae0 ??1EntityNotifySet@@QAE@XZ 008BDFE0 f core.o
594	VERIFIED	0002:000ceb90 ?FS_InitFilesystem@@YAXXZ 008BE090 f core.o
595	VERIFIED	0002:000cec60 ??1ActiveEffectSet@@QAE@XZ 008BE160 f core.o
596	VERIFIED	0002:000cedc0 ?StopAll@EffectEventSys@@QAEXXZ 008BE2C0 f core.o
597	VERIFIED	0002:000cef20 ?StopEffect@EffectEventSys@@QAEXVHandle@@_N@Z 008BE420 f core.o
598	VERIFIED	0002:000cf020 ?KillEffectsWithPakId@EffectEventSys@@QAEXW4TPakId@@@Z 008BE520 f core.o
599	VERIFIED	0002:000cf1d0 ?CollisionInfo@EffectEventSys@@QAEXABUCollisionDesc@@_N@Z 008BE6D0 f core.o
600	VERIFIED	0002:000cf290 ?AssignHandle@EffectEventSys@@QAE?AVHandle@@PAVActiveEffectSet@@@Z 008BE790 f core.o
601	VERIFIED	0002:000cf2d0 ?EffectEventStopEmitting@@YAXVHandle@@@Z 008BE7D0 f core.o
602	VERIFIED	0002:000cf2f0 ?EffectEventKill@@YAXVHandle@@@Z 008BE7F0 f core.o
603	VERIFIED	0002:000cf310 ??1RumbleManager@@QAE@XZ 008BE810 f core.o
604	VERIFIED	0002:000cf370 ?Reset@RumbleManager@@QAEXXZ 008BE870 f core.o
605	VERIFIED	0002:000cf3e0 ??0AbstractEffectSound@@QAE@W4TPakId@@V?$DbLinkedHandle@VEntityHandleDb@@VEntity@@@@HMAAVSoundParams@@@Z 008BE8E0 f core.o
606	VERIFIED	0002:000cf600 ??0AbstractEffectParticle@@QAE@XZ 008BEB00 f core.o
607	VERIFIED	0002:000cf6f0 ??0AbstractEffectShakeAndRumble@@QAE@AAUParams@0@@Z 008BEBF0 f core.o
608	VERIFIED	0002:000cf890 ??0AbstractEffectShakeAndRumble@@QAE@W4TPakId@@V?$DbLinkedHandle@VEntityHandleDb@@VEntity@@@@MHMMMMMMMMMMM_N2W4EUserBoneId@@@Z 008BED90 f core.o
609	VERIFIED	0002:000cf9d0 ??1AbstractEffectShakeAndRumble@@UAE@XZ 008BEED0 f core.o
610	VERIFIED	0002:000cfa60 ?CriticalError@TlSystemCallbacks@@SAXPBD@Z 008BEF60 f core.o
611	VERIFIED	0002:000cfaf0 ?Warning@TlSystemCallbacks@@SAXPBD@Z 008BEFF0 f core.o
612	VERIFIED	0002:000cfba0 ?UpdateList@EntityNotifySet@@SAXXZ 008BF0A0 f core.o
613	VERIFIED	0002:000cfc10 ?Com_Frame@@YAXXZ 008BF110 f core.o
614	VERIFIED	0002:000d00e0 ??0ActiveEffectSet@@QAE@W4TPakId@@@Z 008BF5E0 f core.o
615	VERIFIED	0002:000d0130 ??0EffectEventSys@@QAE@XZ 008BF630 f core.o
616	VERIFIED	0002:000d01e0 ??1EffectEventSys@@QAE@XZ 008BF6E0 f core.o
617	VERIFIED	0002:000d0330 ?QueryGDEvents@EffectEventSys@@AAEHPBDAAUPendingQuery@1@PAVActiveEffectSet@@M@Z 008BF830 f core.o
618	VERIFIED	0002:000d0a20 ??0TlSystemCallbacks@@QAE@XZ 008BFF20 f core.o
619	VERIFIED	0002:000d0a80 ?Com_Init@@YAXPAD@Z 008BFF80 f core.o
620	VERIFIED	0002:000d11b0 ?QueryEventTable@EffectEventSys@@AAEHAAUPendingQuery@1@PAVActiveEffectSet@@M@Z 008C06B0 f core.o
621	VERIFIED	0002:000d13c0 ?ExecPendingQuery@EffectEventSys@@AAEXAAUPendingQuery@1@@Z 008C08C0 f core.o
622	VERIFIED	0002:000d1580 ?Com_Shutdown@@YAXXZ 008C0A80 f core.o
623	VERIFIED	0002:000d1680 ?ExecutePendingQueries@EffectEventSys@@AAEXXZ 008C0B80 f core.o
624	VERIFIED	0002:000d1720 ?BeginEffectQuery@EffectEventSys@@QAEXPBVEntity@@W4TPakId@@@Z 008C0C20 f core.o
625	VERIFIED	0002:000d1a60 ?ExecEffectQuery@EffectEventSys@@QAE?AVHandle@@XZ 008C0F60 f core.o
626	VERIFIED	0002:000d1cb0 ?TriggerNamedEffect@EffectEventSys@@QAE?AVHandle@@PBVEntity@@PBDW4TPakId@@@Z 008C11B0 f core.o
627	VERIFIED	0002:000d1d80 ?PostEffectEventFootstep@@YA?AVHandle@@PBVEntity@@W4EStanceType@@ABUCollisionDesc@@@Z 008C1280 f core.o
628	VERIFIED	0002:000d1ec0 ?PostEffectEventGearRattle@@YA?AVHandle@@PBVEntity@@W4EStanceType@@ABUCollisionDesc@@@Z 008C13C0 f core.o
629	VERIFIED	0002:000d1fd0 ?PostEffectEventLanding@@YA?AVHandle@@PBVEntity@@ABUCollisionDesc@@@Z 008C14D0 f core.o
630	FIXED	0002:000d2080 ?PostEffectEventScriptCall@@YA?AVHandle@@PBVEntity@@PBDABUvector@Broc@@2_NW4TPakId@@_N@Z 008C1580 f core.o	FIXED: matched IDA 0x004D2080 sentinel predicate using per-vector OR checks; source commit ac8a0ac9
631	VERIFIED	0002:000d2340 ?PostEffectEventScriptCall@@YA?AVHandle@@PBVEntity@@PBD_NW4TPakId@@_N@Z 008C1840 f core.o
632	VERIFIED	0002:000d24c0 ?PostEffectEventQueueDialog@@YA?AVHandle@@PBVEntity@@PBDH@Z 008C19C0 f core.o
633	VERIFIED	0002:000d2630 ?PostEffectEventScriptCall_Dir@@YA?AVHandle@@PBVEntity@@PBDQBM_N@Z 008C1B30 f core.o
634	VERIFIED	0002:000d2780 ?PostEffectEventWeaponFire1st@@YA?AVHandle@@PBVEntity@@PBDW4EAction@@HH@Z 008C1C80 f core.o
635	VERIFIED	0002:000d28f0 ?PostEffectEventWeaponFire3rd@@YA?AVHandle@@PBVEntity@@PBDW4EAction@@H@Z 008C1DF0 f core.o
636	VERIFIED	0002:000d2a30 ?PostEffectEventWeaponReload@@YA?AVHandle@@PBVEntity@@PBDW4EAction@@_N@Z 008C1F30 f core.o
637	VERIFIED	0002:000d2b70 ?PostEffectEventWeapon@@YA?AVHandle@@PBVEntity@@PBDW4EAction@@@Z 008C2070 f core.o
638	VERIFIED	0002:000d2c90 ?PostEffectEventBulletHit@@YA?AVHandle@@PBVEntity@@W4EWeaponClass@@ABUCollisionDesc@@@Z 008C2190 f core.o
639	VERIFIED	0002:000d2dd0 ?PostEffectEventGrenadeBounce@@YA?AVHandle@@PBVEntity@@PBDABUCollisionDesc@@@Z 008C22D0 f core.o
640	VERIFIED	0002:000d2f20 ?PostEffectEventProjExplode@@YA?AVHandle@@PBVEntity@@PBDABUCollisionDesc@@@Z 008C2420 f core.o
641	VERIFIED	0002:000d3070 ?PostEffectEventVehicle@@YA?AVHandle@@PBVEntity@@PBDW4EAction@@@Z 008C2570 f core.o
642	VERIFIED	0002:000d3190 ?PostEffectEventVehicleExplosion@@YA?AVHandle@@PBVEntity@@PBDW4EAction@@ABUCollisionDesc@@@Z 008C2690 f core.o
643	VERIFIED	0002:000d32d0 ?PostEffectEventVehicleWheel@@YA?AVHandle@@PBVEntity@@PBDW4EAction@@W4ECollisionMaterial@@I@Z 008C27D0 f core.o
644	VERIFIED	0002:000d3490 ?PostEffectEventPointLightFlash@@YA?AVHandle@@PBVEntity@@PBDW4EAction@@@Z 008C2990 f core.o
645	VERIFIED	0002:000d3560 ?PostEffectEventEIMelee@@YA?AVHandle@@PBVEntity@@W4EAction@@_N@Z 008C2A60 f core.o
646	VERIFIED	0002:000d3620 ?PostEffectEventPhysicsImpact@@YA?AVHandle@@PBVEntity@@W4ECollisionMaterial@@ABUCollisionDesc@@M@Z 008C2B20 f core.o
647	VERIFIED	0002:000d3930 ?FrameAdvance@EffectEventSys@@QAEXM@Z 008C2E30 f core.o
648	SKIPPED	0002:000d3ad0 ?GetDebugFxList@ActiveEffectSet@@QBEXPAVEntity@@AAV?$vector@V?$basic_string@DU?$char_traits@D@std@@V?$allocator@D@2@@std@@V?$allocator@V?$basic_string@DU?$char_traits@D@std@@V?$allocator@D@2@@std@@@2@@std@@@Z 008C2FD0 f core.o  SKIPPED: STL/compiler helper; supplied by the toolchain/library
649	SKIPPED	0002:000d3c70 ?GetDebugFxList@EffectEventSys@@QBEXPAVEntity@@AAV?$vector@V?$basic_string@DU?$char_traits@D@std@@V?$allocator@D@2@@std@@V?$allocator@V?$basic_string@DU?$char_traits@D@std@@V?$allocator@D@2@@std@@@2@@std@@@Z 008C3170 f core.o  SKIPPED: STL/compiler helper; supplied by the toolchain/library
650	VERIFIED	0002:000db7b0 ??0Vector4@math@@QAE@ABVPosition3@1@@Z 008CACB0 f i core.o	VERIFIED: existing Vector4(Position3) shuffle matches IDA 0x004DB7B0
651	SKIPPED	0002:000db800 ??_GEntityNotify@@QAEPAXI@Z 008CAD00 f i core.o  SKIPPED: compiler-generated deleting destructor; supplied by the compiler
652	VERIFIED	0002:000db840 ??0ServerTime@@QAE@XZ 008CAD40 f i core.o	VERIFIED: existing ServerTime initializer matches IDA 0x004DB840 constants and field order
653	VERIFIED	0002:000db880 ??2EntityManager@@SAPAXIPAX@Z 008CAD80 f i core.o	VERIFIED: existing placement operator new returns the supplied pointer as IDA 0x004DB880
654	VERIFIED	0002:000db890 ?CreateInst@EntityManager@@SAXXZ 008CAD90 f i core.o
655	VERIFIED	0002:000db980 ?DeleteInst@EntityManager@@SAXXZ 008CAE80 f i core.o
656	VERIFIED	0002:000dba00 ?UnitDirX@math@@YA?AVDir3@1@XZ 008CAF00 f i core.o	VERIFIED: existing UnitDirX constants match IDA 0x004DBA00
657	VERIFIED	0002:000dba40 ?UnitDirY@math@@YA?AVDir3@1@XZ 008CAF40 f i core.o	VERIFIED: existing UnitDirY constants match IDA 0x004DBA40
658	VERIFIED	0002:000dba80 ??2ActiveEffectSet@@SAPAXI_NPBDH@Z 008CAF80 f i core.o	VERIFIED: existing ActiveEffectSet allocator new matches IDA 0x004DBA80
659	VERIFIED	0002:000dbaa0 ?UnitDirZ@math@@YA?AVDir3@1@XZ 008CAFA0 f i core.o	VERIFIED: existing UnitDirZ constants match IDA 0x004DBAA0
660	VERIFIED	0002:000dbae0 ??3ActiveEffectSet@@SAXPAX_NPBDH@Z 008CAFE0 f i core.o	VERIFIED: existing allocator delete overload matches IDA 0x004DBAE0
661	VERIFIED	0002:000dbb00 ??3ActiveEffectSet@@SAXPAX@Z 008CB000 f i core.o	VERIFIED: existing plain allocator delete matches IDA 0x004DBB00
662	VERIFIED	0002:000dbb20 ?SetAllocator@ActiveEffectSet@@SAXPAVPoolAllocator@@@Z 008CB020 f i core.o	VERIFIED: existing SetAllocator matches IDA 0x004DBB20
663	VERIFIED	0002:000dbb30 ?GetHandle@ActiveEffectSet@@QBE?AVHandle@@XZ 008CB030 f i core.o	VERIFIED: existing GetHandle return matches IDA 0x004DBB30
664	VERIFIED	0002:000dbb50 ?SetHandle@ActiveEffectSet@@QAEXVHandle@@@Z 008CB050 f i core.o	VERIFIED: existing SetHandle assignment matches IDA 0x004DBB50
665	VERIFIED	0002:000dbb60 ?GetPakId@ActiveEffectSet@@QBE?AW4TPakId@@XZ 008CB060 f i core.o	VERIFIED: existing GetPakId return matches IDA 0x004DBB60
666	PORTED	0002:000dbb70 ??2EffectEventSys@@SAPAXIPAX@Z 008CB070 f i core.o
667	PORTED	0002:000dbb80 ?IsStoppingAll@EffectEventSys@@QBE_NXZ 008CB080 f i core.o
668	PORTED	0002:000dbb90 ??0Mat43@math@@QAE@ABVDir3@1@00ABVPosition3@1@@Z 008CB090 f i core.o
669	PORTED	0002:000dbc30 ?SetX@Mat43@math@@QAEXABVDir3@2@@Z 008CB130 f i core.o
670	PORTED	0002:000dbc60 ?SetY@Mat43@math@@QAEXABVDir3@2@@Z 008CB160 f i core.o
671	PORTED	0002:000dbc90 ?SetZ@Mat43@math@@QAEXABVDir3@2@@Z 008CB190 f i core.o
672	PORTED	0002:000dbcc0 ?SetW@Mat43@math@@QAEXABVPosition3@2@@Z 008CB1C0 f i core.o
673	PORTED	0002:000dbcf0 ??0EffectRef@EffectEventSys@@QAE@XZ 008CB1F0 f i core.o
674	PORTED	0002:000dbd10 ??0SoundOptions@@QAE@XZ 008CB210 f i core.o
675	PORTED	0002:000dbd50 ??4Mat44@math@@QAEABV01@ABV01@@Z 008CB250 f i core.o
676	PORTED	0002:000dbdf0 ?ASinUpper@math@@YAMM@Z 008CB2F0 f i core.o
677	PORTED	0002:000dbf00 ?ACosUpper@math@@YAMM@Z 008CB400 f i core.o
678	VERIFIED	0002:000dc020 ?ATan@math@@YAMMM@Z 008CB520 f i core.o
679	PORTED	0002:000dc300 ??2AnimBankManager@@SAPAXIPAX@Z 008CB800 f i core.o
680	VERIFIED	0002:000dc310 ?CreateInst@AnimBankManager@@SAXXZ 008CB810 f i core.o
681	PORTED	0002:000dc410 ??2PhysDataBankManager@@SAPAXIPAX@Z 008CB910 f i core.o
682	VERIFIED	0002:000dc420 ?DeleteInst@PhysDataBankManager@@SAXXZ 008CB920 f i core.o
683	PORTED	0002:000dc4a0 ??2InstanceBankMgr@@SAPAXIPAX@Z 008CB9A0 f i core.o
684	VERIFIED	0002:000dc4b0 ?CreateInst@InstanceBankMgr@@SAXXZ 008CB9B0 f i core.o
685	SKIPPED	0002:000dc5b0 ??_GInstanceBankMgr@@QAEPAXI@Z 008CBAB0 f i core.o  SKIPPED: compiler-generated deleting destructor; supplied by the compiler
686	PORTED	0002:000dc5e0 ??2SoundDevice@@SAPAXIPAX@Z 008CBAE0 f i core.o
687	VERIFIED	0002:000dc5f0 ?CreateInst@SoundDevice@@SAXXZ 008CBAF0 f i core.o
688	PORTED	0002:000dc6f0 ?Inst@SoundHandleDb@SoundDevice@@SAPAV12@XZ 008CBBF0 f i core.o
689	PORTED	0002:000dc700 ?GetStartingPitch@Sound@SoundDevice@@QBEMXZ 008CBC00 f i core.o
690	PORTED	0002:000dc720 ?GetStartingVolume@Sound@SoundDevice@@QBEMXZ 008CBC20 f i core.o
691	PORTED	0002:000dc740 ?GetMaxDist@Sound@SoundDevice@@QBEMXZ 008CBC40 f i core.o
692	PORTED	0002:000dc760 ?GetMinDist@Sound@SoundDevice@@QBEMXZ 008CBC60 f i core.o
693	PORTED	0002:000dc780 ?IsSourceValid@Sound@SoundDevice@@QAE_NXZ 008CBC80 f i core.o
694	PORTED	0002:000dc790 ?GetSourceId@Sound@SoundDevice@@QAE?AW4nslSourceID@@XZ 008CBC90 f i core.o
695	PORTED	0002:000dc7a0 ?GetVolScale@SoundDevice@@QAEMXZ 008CBCA0 f i core.o
696	SKIPPED	0002:000dc7b0 ??_GSoundDevice@@QAEPAXI@Z 008CBCB0 f i core.o  SKIPPED: compiler-generated deleting destructor; supplied by the compiler
697	PORTED	0002:000dc7e0 ??2STBManager@@SAPAXIPAX@Z 008CBCE0 f i core.o
698	PORTED	0002:000dc7f0 ?Inst@STBManager@@SAPAV1@XZ 008CBCF0 f i core.o
699	VERIFIED	0002:000dc800 ?DeleteInst@STBManager@@SAXXZ 008CBD00 f i core.o
700	PORTED	0002:000dc880 ??2AudioBankMgr@@SAPAXIPAX@Z 008CBD80 f i core.o
701	PORTED	0002:000dc890 ?Inst@AudioBankMgr@@SAPAV1@XZ 008CBD90 f i core.o
702	VERIFIED	0002:000dc8a0 ?CreateInst@AudioBankMgr@@SAXXZ 008CBDA0 f i core.o
703	VERIFIED	0002:000dc9a0 ?DeleteInst@AudioBankMgr@@SAXXZ 008CBEA0 f i core.o
704	PORTED	0002:000dca20 ??2DialogueManager@@SAPAXIPAX@Z 008CBF20 f i core.o
705	PORTED	0002:000dca30 ?Inst@DialogueManager@@SAPAV1@XZ 008CBF30 f i core.o
706	VERIFIED	0002:000dca40 ?DeleteInst@DialogueManager@@SAXXZ 008CBF40 f i core.o
707	PORTED	0002:000dcac0 ??2SoundMediaMgr@@SAPAXIPAX@Z 008CBFC0 f i core.o
708	VERIFIED	0002:000dcad0 ?CreateInst@SoundMediaMgr@@SAXXZ 008CBFD0 f i core.o VERIFIED: existing CreateInst body matches IDA
709	SKIPPED	0002:000dcbc0 ??_GSoundMediaMgr@@QAEPAXI@Z 008CC0C0 f i core.o  SKIPPED: compiler-generated deleting destructor; supplied by the compiler
710	PORTED	0002:000dcbf0 ??2MusicMgr@@SAPAXIPAX@Z 008CC0F0 f i core.o
711	VERIFIED	0002:000dcc00 ?CreateInst@MusicMgr@@SAXXZ 008CC100 f i core.o
712	SKIPPED	0002:000dccf0 ??_GMusicMgr@@QAEPAXI@Z 008CC1F0 f i core.o  SKIPPED: compiler-generated deleting destructor; supplied by the compiler
713	PORTED	0002:000dcd20 ??2StreamZoneManager@@SAPAXIPAX@Z 008CC220 f i core.o
714	VERIFIED	0002:000dcd30 ?CreateInst@StreamZoneManager@@SAXXZ 008CC230 f i core.o
715	VERIFIED	0002:000dce30 ?DeleteInst@StreamZoneManager@@SAXXZ 008CC330 f i core.o
716	PORTED	0002:000dceb0 ??2AITypeManager@@SAPAXIPAX@Z 008CC3B0 f i core.o
717	VERIFIED	0002:000dcec0 ?CreateInst@AITypeManager@@SAXXZ 008CC3C0 f i core.o
718	VERIFIED	0002:000dcfc0 ?DeleteInst@AITypeManager@@SAXXZ 008CC4C0 f i core.o
719	PORTED	0002:000dd040 ??2DbTablesetMgr@@SAPAXIPAX@Z 008CC540 f i core.o
720	PORTED	0002:000dd050 ?Inst@DbTablesetMgr@@SAPAV1@XZ 008CC550 f i core.o
721	VERIFIED	0002:000dd060 ?DeleteInst@DbTablesetMgr@@SAXXZ 008CC560 f i core.o
722	PORTED	0002:000dd0e0 ??2SceneManager@@SAPAXIPAX@Z 008CC5E0 f i core.o
723	VERIFIED	0002:000dd0f0 ?CreateInst@SceneManager@@SAXXZ 008CC5F0 f i core.o
724	VERIFIED	0002:000dd1f0 ?DeleteInst@SceneManager@@SAXXZ 008CC6F0 f i core.o
725	PORTED	0002:000dd270 ?GetName@ConfigString@@QBEPBDXZ 008CC770 f i core.o
726	PORTED	0002:000dd280 ??2ConfigStringManager@@SAPAXIPAX@Z 008CC780 f i core.o
727	VERIFIED	0002:000dd290 ?DeleteInst@ConfigStringManager@@SAXXZ 008CC790 f i core.o
728	PORTED	0002:000dd310 ??2PathNodeMgr@@SAPAXIPAX@Z 008CC810 f i core.o
729	VERIFIED	0002:000dd320 ?CreateInst@PathNodeMgr@@SAXXZ 008CC820 f i core.o VERIFIED: existing CreateInst body matches IDA
730	VERIFIED	0002:000dd410 ?DeleteInst@PathNodeMgr@@SAXXZ 008CC910 f i core.o
731	PORTED	0002:000dd490 ??2TestFPS@@SAPAXIPAX@Z 008CC990 f i core.o PORTED: IDA placement allocator returns p
732	VERIFIED	0002:000dd4a0 ?CreateInst@TestFPS@@SAXXZ 008CC9A0 f i core.o
733	SKIPPED	0002:000dd5a0 ??_GTestFPS@@QAEPAXI@Z 008CCAA0 f i core.o  SKIPPED: compiler-generated deleting destructor; supplied by the compiler
734	PORTED	0002:000dd5d0 ??2CtrlIcon@@SAPAXIPAX@Z 008CCAD0 f i core.o PORTED: IDA placement allocator returns p
735	PORTED	0002:000dd5e0 ?SetAllocator@tagInfo_t@@SAXPAVPoolAllocator@@@Z 008CCAE0 f i core.o PORTED: IDA assigns sAllocator
736	PORTED	0002:000dd5f0 ?SetAllocator@CurveEffectListElem@@SAXPAVPoolAllocator@@@Z 008CCAF0 f i core.o PORTED: IDA assigns sAllocator
737	PORTED	0002:000dd600 ?SetAllocator@Curve@@SAXPAVPoolAllocator@@@Z 008CCB00 f i core.o PORTED: IDA assigns sAllocator
738	PORTED	0002:000dd610 ?SetAllocator@CurveEvalFunc@@SAXPAVPoolAllocator@@@Z 008CCB10 f i core.o PORTED: IDA assigns sAllocator
739	PORTED	0002:000dd620 ??2CurveManager@@SAPAXIPAX@Z 008CCB20 f i core.o PORTED: IDA placement allocator returns p
740	PORTED	0002:000dd630 ?Inst@CurveManager@@SAPAV1@XZ 008CCB30 f i core.o PORTED: IDA returns sInst
741	PORTED	0002:000dd640 ?CreateInst@CurveManager@@SAXXZ 008CCB40 f i core.o
742	PORTED	0002:000dd740 ?SetAllocator@CurveManager@@SAXPAVPoolAllocator@@@Z 008CCC40 f i core.o
743	SKIPPED	0002:000dd750 ??_GCurveManager@@AAEPAXI@Z 008CCC50 f i core.o  SKIPPED: compiler-generated deleting destructor; supplied by the compiler
744	PORTED	0002:000dd780 ??0nalMatrix4x4@@QAE@ABVVector4@math@@000@Z 008CCC80 f i core.o PORTED: IDA constructor copies the four math::Vector4 rows
745	PORTED	0002:000dd820 ??4nalMatrix4x4@@QAEAAV0@ABV0@@Z 008CCD20 f i core.o PORTED: IDA assignment copies all 16 matrix dwords
746	VERIFIED	0002:000dd8c0 ??1nalHeap@@UAE@XZ 008CCDC0 f i core.o
747	PORTED	0002:000dd8d0 ?GetSize@nalHeap@@UAEHXZ 008CCDD0 f i core.o PORTED: IDA base implementation returns 0
748	PORTED	0002:000dd8e0 ?GetUsedSpace@nalHeap@@UAEHXZ 008CCDE0 f i core.o PORTED: IDA base implementation returns 0
749	SKIPPED	0002:000dd8f0 ??_EnalHeap@@UAEPAXI@Z 008CCDF0 f i core.o  SKIPPED: compiler-generated deleting destructor; supplied by the compiler
750	SKIPPED	0002:000dd8f0 ??_GnalHeap@@UAEPAXI@Z 008CCDF0 f i core.o  SKIPPED: compiler-generated deleting destructor; supplied by the compiler
751	PORTED	0002:000dd920 ??2GameSettings@@SAPAXIPAX@Z 008CCE20 f i core.o PORTED: IDA placement operator returns the supplied storage
752	VERIFIED	0002:000dd930 ?CreateInst@GameSettings@@SAXXZ 008CCE30 f i core.o VERIFIED: existing CreateInst body matches IDA
753	PORTED	0002:000dda30 ?DeleteInst@GameSettings@@SAXXZ 008CCF30 f i core.o
754	PORTED	0002:000ddab0 ?AddTriangleResponse@DialogMenu@@QAEXP6AXH@Z@Z 008CCFB0 f i core.o PORTED: IDA stores the callback in triangleResponse
755	PORTED	0002:000ddac0 ?GetActiveLayer@DialogMenuSystem@@QAEPAVDialogMenu@@XZ 008CCFC0 f i core.o PORTED: IDA maps GetActiveMenu()==0 into GetLayer
756	PORTED	0002:000ddae0 ?TriangleResponseNone@DialogMenuSystem@@SAXH@Z 008CCFE0 f i core.o PORTED: IDA body is an empty static helper
757	VERIFIED	0002:000ddaf0 ?GetDMS@FEManager@@QAEPAVDialogMenuSystem@@H@Z 008CCFF0 f i core.o
758	VERIFIED	0002:000ddb70 ?GetIGMS@FEManager@@QAEPAVInGameMenuSystem@@H@Z 008CD070 f i core.o
759	PORTED	0002:000ddbf0 ?IsValid@GdbFile@@QBE_NXZ 008CD0F0 f i core.o PORTED: IDA tests mRecord for non-null
760	PORTED	0002:000ddc00 ??2GdbFileManager@@SAPAXIPAX@Z 008CD100 f i core.o PORTED: IDA placement operator returns the supplied storage
761	PORTED	0002:000ddc10 ?Inst@GdbFileManager@@SAPAV1@XZ 008CD110 f i core.o PORTED: IDA returns GdbFileManager::sInst
762	VERIFIED	0002:000ddc20 ?CreateInst@GdbFileManager@@SAXXZ 008CD120 f i core.o
763	VERIFIED	0002:000ddd20 ?DeleteInst@GdbFileManager@@SAXXZ 008CD220 f i core.o
764	PORTED	0002:000ddda0 ??2CheckpointMgr@@SAPAXIPAX@Z 008CD2A0 f i core.o PORTED: IDA placement operator returns the supplied storage
765	VERIFIED	0002:000dddb0 ?CreateInst@CheckpointMgr@@SAXXZ 008CD2B0 f i core.o VERIFIED: existing CreateInst body matches IDA
766	SKIPPED	0002:000ddeb0 ??_GCheckpointMgr@@QAEPAXI@Z 008CD3B0 f i core.o  SKIPPED: compiler-generated deleting destructor; supplied by the compiler
767	PORTED	0002:000ddee0 ??2SplineMgr@@SAPAXIPAX@Z 008CD3E0 f i core.o PORTED: IDA placement operator returns the supplied storage
768	VERIFIED	0002:000ddef0 ?CreateInst@SplineMgr@@SAXXZ 008CD3F0 f i core.o VERIFIED: existing CreateInst body matches IDA
769	VERIFIED	0002:000ddff0 ?DeleteInst@SplineMgr@@SAXXZ 008CD4F0 f i core.o
770	PORTED	0002:000de070 ?SetAllocator@LightEffect@@SAXPAVPoolAllocator@@@Z 008CD570 f i core.o PORTED: IDA assigns LightEffect::sAllocator
771	PORTED	0002:000de080 ?SetFinished@LightEffect@@QAEXXZ 008CD580 f i core.o PORTED: IDA clears mActive
772	VERIFIED	0002:000de090 ?GetDelay@RumbleEffect@@QBEMW4ERumbleMotorID@@@Z 008CD590 f i core.o
773	VERIFIED	0002:000de110 ?GetEnabled@RumbleEffect@@QBE_NW4ERumbleMotorID@@@Z 008CD610 f i core.o
774	VERIFIED	0002:000de190 ?GetIntensity@RumbleEffect@@QBEMW4ERumbleMotorID@@@Z 008CD690 f i core.o
775	VERIFIED	0002:000de210 ?GetRampDownDuration@RumbleEffect@@QBEMW4ERumbleMotorID@@@Z 008CD710 f i core.o
776	VERIFIED	0002:000de290 ?GetRampUpDuration@RumbleEffect@@QBEMW4ERumbleMotorID@@@Z 008CD790 f i core.o
777	VERIFIED	0002:000de310 ?GetSteadyDuration@RumbleEffect@@QBEMW4ERumbleMotorID@@@Z 008CD810 f i core.o
778	PORTED	0002:000de390 ?GetNotes@RumbleEffect@@QBE?AVstring@Broc@@W4ERumbleMotorID@@@Z 008CD890 f i core.o PORTED: IDA validates the motor enum and copies rumble_notes
779	PORTED	0002:000de420 ??0RumbleEffectInstanceHandle@@QAE@H@Z 008CD920 f i core.o PORTED: IDA stores the supplied handle value
780	PORTED	0002:000de440 ?GetVal@RumbleEffectInstanceHandle@@QBEHXZ 008CD940 f i core.o PORTED: IDA returns mVal
781	PORTED	0002:000de450 ?IsNull@RumbleEffectInstanceHandle@@QBE_NXZ 008CD950 f i core.o PORTED: IDA compares mVal with zero
782	PORTED	0002:000de460 ?get_dlist_node@RumbleEffectInstance@@QAEPAXXZ 008CD960 f i core.o PORTED: IDA returns this
783	PORTED	0002:000de470 ?get_dlist_node_offset@RumbleEffectInstance@@SAHXZ 008CD970 f i core.o PORTED: IDA returns zero
784	PORTED	0002:000de480 ??2RumbleEffectInstance@@SAPAXI_NPBDH@Z 008CD980 f i core.o PORTED: IDA allocates through sAllocator
785	PORTED	0002:000de4a0 ??3RumbleEffectInstance@@SAXPAX_NPBDH@Z 008CD9A0 f i core.o PORTED: IDA releases through sAllocator
786	PORTED	0002:000de4c0 ??3RumbleEffectInstance@@SAXPAX@Z 008CD9C0 f i core.o PORTED: IDA releases through sAllocator
787	PORTED	0002:000de4e0 ?SetAllocator@RumbleEffectInstance@@SAPAVPoolAllocator@@PAV2@@Z 008CD9E0 f i core.o PORTED: IDA assigns and returns the allocator
788	PORTED	0002:000de4f0 ??2AbstractEffect@@SAPAXI_NPBDH@Z 008CD9F0 f i core.o PORTED: IDA PoolAllocator::Allocate wrapper
789	PORTED	0002:000de510 ??3AbstractEffect@@SAXPAX_NPBDH@Z 008CDA10 f i core.o PORTED: IDA PoolAllocator::Release wrapper
790	PORTED	0002:000de530 ?SetAllocator@AbstractEffect@@SAXPAVPoolAllocator@@@Z 008CDA30 f i core.o PORTED: IDA allocator assignment
791	VERIFIED	0002:000de540 ?SetPoPtr@AbstractEffect@@UAEXPAVMat43@math@@@Z 008CDA40 f i core.o
792	PORTED	0002:000de550 ?GetEffectNameHashStr@AbstractEffect@@QAE?BIXZ 008CDA50 f i core.o PORTED: IDA field accessor
793	PORTED	0002:000de560 ?GetFlags@AbstractEffect@@QBEHXZ 008CDA60 f i core.o PORTED: IDA field accessor
794	PORTED	0002:000de570 ?Test@AbstractEffect@@QBE_NH@Z 008CDA70 f i core.o PORTED: IDA flag test
795	PORTED	0002:000de590 ?GetLifeTime@AbstractEffect@@QAEHXZ 008CDA90 f i core.o PORTED: IDA lifetime accessor
796	PORTED	0002:000de5a0 ?SetFlag@AbstractEffectSound@@QAEXW4EAbstractSoundEffectFlags@@@Z 008CDAA0 f i core.o PORTED: IDA derived sound flag OR
797	PORTED	0002:000de5c0 ??2RumbleManager@@SAPAXIPAX@Z 008CDAC0 f i core.o
798	PORTED	0002:000de5d0 ??8@YA_NVRumbleEffectInstanceHandle@@0@Z 008CDAD0 f i core.o
799	PORTED	0002:000de5f0 ??9@YA_NVRumbleEffectInstanceHandle@@0@Z 008CDAF0 f i core.o
800	PORTED	0002:000de610 ??0SmokeGrenadeInfo@@QAE@XZ 008CDB10 f i core.o PORTED: IDA constructor and 0x14-byte layout
801	PORTED	0002:000de640 ??2SmokeGrenadeMgr@@SAPAXIPAX@Z 008CDB40 f i core.o PORTED: IDA placement allocator
802	PORTED	0002:000de650 ?Q_rsqrt@@YAMM@Z 008CDB50 f i core.o PORTED: IDA fast inverse square root
803	PORTED	0002:000de6a0 ?Clamp0To1@@YAMM@Z 008CDBA0 f i core.o PORTED: IDA clamp branches
804	VERIFIED	0002:000de6f0 ?length@string@Broc@@QBEIXZ 008CDBF0 f i core.o VERIFIED: existing Broc::string length matches IDA
805	PORTED	0002:000de710 ??2InteractionController@@SAPAXIPAX@Z 008CDC10 f i core.o PORTED: IDA placement allocator
806	VERIFIED	0002:000de720 ?CreateInst@InteractionController@@SAXXZ 008CDC20 f i core.o VERIFIED: existing CreateInst matches IDA
807	SKIPPED	0002:000de820 ??_GInteractionController@@QAEPAXI@Z 008CDD20 f i core.o  SKIPPED: compiler-generated deleting destructor; supplied by the compiler
808	PORTED	0002:000de850 ??2PlayerAnimMgr@@SAPAXIPAX@Z 008CDD50 f i core.o PORTED: IDA placement allocator
809	VERIFIED	0002:000de860 ?CreateInst@PlayerAnimMgr@@SAXXZ 008CDD60 f i core.o VERIFIED: existing CreateInst matches IDA
810	SKIPPED	0002:000de950 ??_GPlayerAnimMgr@@QAEPAXI@Z 008CDE50 f i core.o  SKIPPED: compiler-generated deleting destructor; supplied by the compiler
811	VERIFIED	0002:000de980 ?SetGamePaused@GamePause@@SAXH_N@Z 008CDE80 f i core.o
812	PORTED	0002:000dea20 ??2MultiplayerMgr@@SAPAXIPAX@Z 008CDF20 f i core.o
813	VERIFIED	0002:000dea30 ?CreateInst@MultiplayerMgr@@SAXXZ 008CDF30 f i core.o
814	SKIPPED	0002:000deb20 ??_GMultiplayerMgr@@QAEPAXI@Z 008CE020 f i core.o  SKIPPED: compiler-generated deleting destructor; supplied by the compiler
815	PORTED	0002:000deb50 ?SetAllocator@sentient_info_t@@SAXPAVPoolAllocator@@@Z 008CE050 f i core.o
816	PORTED	0002:000deb60 ??2BinFileManager@@SAPAXIPAX@Z 008CE060 f i core.o
817	PORTED	0002:000deb70 ?CreateInst@BinFileManager@@SAXXZ 008CE070 f i core.o
818	SKIPPED	0002:000dec70 ??_GBinFileManager@@AAEPAXI@Z 008CE170 f i core.o  SKIPPED: compiler-generated deleting destructor; supplied by the compiler
819	PORTED	0002:000deca0 ??2DynamicDecalMgr@@SAPAXIPAX@Z 008CE1A0 f i core.o
820	PORTED	0002:000decb0 ?CreateInst@DynamicDecalMgr@@SAXXZ 008CE1B0 f i core.o
821	SKIPPED	0002:000deda0 ??_GDynamicDecalMgr@@QAEPAXI@Z 008CE2A0 f i core.o  SKIPPED: compiler-generated deleting destructor; supplied by the compiler
822	PORTED	0002:000dedd0 ??1PadAliasMgr@@QAE@XZ 008CE2D0 f i core.o
823	PORTED	0002:000dede0 ??2PadAliasMgr@@SAPAXIPAX@Z 008CE2E0 f i core.o
824	PORTED	0002:000dedf0 ?CreateInst@PadAliasMgr@@SAXXZ 008CE2F0 f i core.o
825	SKIPPED	0002:000deef0 ??_GPadAliasMgr@@QAEPAXI@Z 008CE3F0 f i core.o  SKIPPED: compiler-generated deleting destructor; supplied by the compiler
826	PORTED	0002:000def20 ??0idVec3@@QAE@XZ 008CE420 f i core.o PORTED: IDA-matched default constructor
827	PORTED	0002:000def30 ??0idVec3@@QAE@MMM@Z 008CE430 f i core.o PORTED: IDA-matched component constructor
828	PORTED	0002:000def60 ??AidVec3@@QAEAAMH@Z 008CE460 f i core.o PORTED: IDA-matched indexed component access
829	PORTED	0002:000def70 ??4idVec3@@QAEAAV0@ABV0@@Z 008CE470 f i core.o PORTED: IDA-matched component assignment
830	PORTED	0002:000defa0 ?set@idVec3@@QAEXMMM@Z 008CE4A0 f i core.o PORTED: IDA-matched component setter
831	PORTED	0002:000defd0 ??DidVec3@@QBEMABV0@@Z 008CE4D0 f i core.o PORTED: IDA-matched dot product
832	PORTED	0002:000df000 ??DidVec3@@QBE?AV0@M@Z 008CE500 f i core.o PORTED: IDA-matched scalar multiply
833	PORTED	0002:000df050 ??HidVec3@@QBE?AV0@ABV0@@Z 008CE550 f i core.o PORTED: IDA-matched vector addition
834	PORTED	0002:000df0a0 ??0angles_t@@QAE@ABVidVec3@@@Z 008CE5A0 f i core.o PORTED: IDA-matched idVec3 field copy
835	PORTED	0002:000df0d0 ??0mat3_t@@QAE@XZ 008CE5D0 f i core.o PORTED: IDA-matched default constructor
836	PORTED	0002:000df0e0 ??0mat3_t@@QAE@ABVidVec3@@00@Z 008CE5E0 f i core.o PORTED: IDA-matched three-row constructor
837	PORTED	0002:000df140 ??Amat3_t@@QAEAAVidVec3@@H@Z 008CE640 f i core.o PORTED: IDA-matched indexed row access and assert
838	PORTED	0002:000df1c0 ??Aquat_t@@QAEAAMH@Z 008CE6C0 f i core.o PORTED: IDA-matched indexed component access and assert
839	PORTED	0002:000df240 ??0strdata@@QAE@XZ 008CE740 f i core.o PORTED: IDA-matched storage initialization
840	PORTED	0002:000df260 ??1strdata@@QAE@XZ 008CE760 f i core.o PORTED: IDA-matched storage destructor
841	SKIPPED	0002:000df280 ??_Gstrdata@@QAEPAXI@Z 008CE780 f i core.o  SKIPPED: compiler-generated deleting destructor; supplied by the compiler
842	PORTED	0002:000df2c0 ?length@idStr@@QBEHXZ 008CE7C0 f i core.o PORTED: IDA-matched null-safe length accessor
843	VERIFIED	0002:000df2d0 ??1PendingQuery@EffectEventSys@@QAE@XZ 008CE7D0 f i core.o
844	VERIFIED	0002:000df2e0 ??1RumbleEffectInstance@@QAE@XZ 008CE7E0 f i core.o
845	PORTED	0002:000df2f0 ?OverrideNonScreenFacingNormal@apsEffect@@QAEXXZ 008CE7F0 f i core.o
846	VERIFIED	0002:000df300 ?FastForward@AbstractEffect@@UAEXM@Z 008CE800 f i core.o
847	VERIFIED	0002:000df310 ?StartFadeOut@AbstractEffect@@UAEXM@Z 008CE810 f i core.o
848	VERIFIED	0002:000df320 ?IsLooping@AbstractEffect@@UBE_NXZ 008CE820 f i core.o
849	VERIFIED	0002:000df330 ?IsQueued@AbstractEffect@@UBE_NXZ 008CE830 f i core.o
850	PORTED	0002:000df340 ?AdjustEffect_Scale@AbstractEffectLight@@UAEXPBDM@Z 008CE840 f i core.o
851	PORTED	0002:000df350 ?PlayQueuedEffect@AbstractEffectLight@@UAEXXZ 008CE850 f i core.o
852	PORTED	0002:000df360 ?StopEffect@AbstractEffectLight@@UAEXXZ 008CE860 f i core.o
853	PORTED	0002:000df370 ??_FRumbleEffectInstanceHandle@@QAEXXZ 008CE870 f i core.o
854	VERIFIED	0002:000df380 ??0nalHeap@@QAE@XZ 008CE880 f i core.o
855	PORTED	0002:000df390 ??0AnimCacheHeap@@QAE@XZ 008CE890 f i core.o
856	PORTED	0002:000df3a0 ?Malloc@AnimCacheHeap@@UAEPAXII@Z 008CE8A0 f i core.o
857	PORTED	0002:000df3c0 ?Free@AnimCacheHeap@@UAEXPAX@Z 008CE8C0 f i core.o
858	PORTED	0002:000df3f0 ?CheckFree@AnimCacheHeap@@UAE_NPAX@Z 008CE8F0 f i core.o
859	PORTED	0002:000df430 ??0TypeCallbackSearch@@QAE@PBDP6AX0PBVConfigString@@@Z@Z 008CE930 f i core.o
860	PORTED	0002:000df460 ??RTypeCallbackSearch@@QAE_NPBVConfigString@@@Z 008CE960 f i core.o
861	PORTED	0002:000df4b0 ?STBManager_hash@@YAIPBE@Z 008CE9B0 f i core.o
862	SKIPPED	0002:000df4c0 ?size@?$basic_string@DU?$char_traits@D@std@@V?$allocator@D@2@@std@@QBEIXZ 008CE9C0 f i core.o  SKIPPED: STL/compiler helper; supplied by the toolchain/library
863	VERIFIED	0002:000df4d0 ?push_back@?$ae_sized_array@PAVae_heap_base@@$0CA@@@QAEXABQAVae_heap_base@@@Z 008CE9D0 f i core.o
864	VERIFIED	0002:000df560 ??0?$Bitmask@G@@QAE@XZ 008CEA60 f i core.o
865	PORTED	0002:000df570 ?Add@?$Bitmask@G@@QAEXH@Z 008CEA70 f i core.o
866	PORTED	0002:000df600 ?Rmv@?$Bitmask@G@@QAEXH@Z 008CEB00 f i core.o
867	PORTED	0002:000df690 ?Test@?$Bitmask@G@@QBE_NH@Z 008CEB90 f i core.o
868	PORTED	0002:000df720 ?Set@?$Bitmask@G@@QAEXH_N@Z 008CEC20 f i core.o
869	PORTED	0002:000df750 ?Clear@?$Bitmask@G@@QAEXXZ 008CEC50 f i core.o
870	PORTED	0002:000df760 ?empty@?$reserved_dlist@VEndOnScriptNode@@@@QBE_NXZ 008CEC60 f i core.o
871	PORTED	0002:000df780 ?empty@?$reserved_dlist@VEntityNotify@@@@QBE_NXZ 008CEC80 f i core.o
872	VERIFIED	0002:000df7a0 ??0dlist_node@?$reserved_dlist@VEntityNotify@@@@QAE@PAU01@0@Z 008CECA0 f i core.o
873	PORTED	0002:000df7c0 ??0dlist_node@?$reserved_dlist@VEntityNotifySet@@@@QAE@PAU01@0@Z 008CECC0 f i core.o
874	SKIPPED	0002:000df7e0 ?size@?$InplaceVector@VInplaceString@@@@QBEIXZ 008CECE0 f i core.o  SKIPPED: inline template/container helper; supplied by its template definition
875	SKIPPED	0002:000df7f0 ??A?$InplaceVector@VInplaceString@@@@QAEAAVInplaceString@@I@Z 008CECF0 f i core.o  SKIPPED: inline template/container helper; supplied by its template definition
876	SKIPPED	0002:000df870 ?empty@?$InplaceVector@VInplaceString@@@@QBE_NXZ 008CED70 f i core.o  SKIPPED: inline template/container helper; supplied by its template definition
877	VERIFIED	0002:000df880 ??0?$ae_sized_array@PAVDbRow@@$0EA@@@QAE@XZ 008CED80 f i core.o
878	PORTED	0002:000df890 ??A?$ae_sized_array@PAVDbRow@@$0EA@@@QBEABQAVDbRow@@H@Z 008CED90 f i core.o
879	VERIFIED	0002:000df910 ??A?$ae_sized_array@PAVDbRow@@$0EA@@@QAEAAPAVDbRow@@H@Z 008CEE10 f i core.o
880	VERIFIED	0002:000df990 ?size@?$ae_sized_array@PAVDbRow@@$0EA@@@QBEHXZ 008CEE90 f i core.o
881	PORTED	0002:000df9a0 ?empty@?$ae_sized_array@PAVDbRow@@$0EA@@@QBE_NXZ 008CEEA0 f i core.o
882	VERIFIED	0002:000df9c0 ?push_back@?$ae_sized_array@PAVDbRow@@$0EA@@@QAEXABQAVDbRow@@@Z 008CEEC0 f i core.o
883	PORTED	0002:000dfa50 ?Set@?$Bitmask@I@@QAEXH_N@Z 008CEF50 f i core.o
884	SKIPPED	0002:000dfa80 ??0?$ae_fixed_string@$0CA@E@@QAE@XZ 008CEF80 f i core.o  SKIPPED: inline template/container helper; supplied by its template definition
885	SKIPPED	0002:000dfa90 ??1?$InplaceAssetBankSet@VDestructibleBank@@@@UAE@XZ 008CEF90 f i core.o  SKIPPED: inline template/container helper; supplied by its template definition
886	SKIPPED	0002:000dfaa0 ?OnBankUnloaded@?$InplaceAssetBankSet@VDestructibleBank@@@@MAEXAAVDestructibleBank@@@Z 008CEFA0 f i core.o  SKIPPED: inline template/container helper; supplied by its template definition
887	PORTED	0002:000dfab0 ??Eiterator@?$reserved_dlist@VEntityNotifySet@@@@QAE?AV01@H@Z 008CEFB0 f i core.o
888	PORTED	0002:000dfae0 ??Econst_iterator@?$reserved_dlist@VEntityNotify@@@@QAEAAV01@XZ 008CEFE0 f i core.o
889	PORTED	0002:000dfb60 ??Eiterator@?$reserved_dlist@VEntityNotify@@@@QAE?AV01@H@Z 008CF060 f i core.o
890	PORTED	0002:000dfb90 ??Eiterator@?$reserved_dlist@VEndOnScriptNode@@@@QAEAAV01@XZ 008CF090 f i core.o
891	VERIFIED	0002:000dfbb0 ??0?$ae_sized_array@PAVAbstractEffect@@$05@@QAE@XZ 008CF0B0 f i core.o
892	VERIFIED	0002:000dfbc0 ??A?$ae_sized_array@PAVAbstractEffect@@$05@@QBEABQAVAbstractEffect@@H@Z 008CF0C0 f i core.o
893	VERIFIED	0002:000dfc40 ??A?$ae_sized_array@PAVAbstractEffect@@$05@@QAEAAPAVAbstractEffect@@H@Z 008CF140 f i core.o
894	PORTED	0002:000dfcc0 ?size@?$ae_sized_array@PAVAbstractEffect@@$05@@QBEHXZ 008CF1C0 f i core.o
895	VERIFIED	0002:000dfcd0 ?push_back@?$ae_sized_array@PAVAbstractEffect@@$05@@QAEXABQAVAbstractEffect@@@Z 008CF1D0 f i core.o
896	PORTED	0002:000dfd50 ?pop_back@?$ae_sized_array@PAVAbstractEffect@@$05@@QAEAAPAVAbstractEffect@@XZ 008CF250 f i core.o
897	VERIFIED	0002:000dfd70 ??0?$ae_sized_array@PAVActiveEffectSet@@$0CAA@@@QAE@XZ 008CF270 f i core.o
898	VERIFIED	0002:000dfd80 ??A?$ae_sized_array@PAVActiveEffectSet@@$0CAA@@@QBEABQAVActiveEffectSet@@H@Z 008CF280 f i core.o
899	VERIFIED	0002:000dfe00 ??A?$ae_sized_array@PAVActiveEffectSet@@$0CAA@@@QAEAAPAVActiveEffectSet@@H@Z 008CF300 f i core.o
900	PORTED	0002:000dfe80 ?size@?$ae_sized_array@PAVActiveEffectSet@@$0CAA@@@QBEHXZ 008CF380 f i core.o
901	VERIFIED	0002:000dfe90 ?push_back@?$ae_sized_array@PAVActiveEffectSet@@$0CAA@@@QAEXABQAVActiveEffectSet@@@Z 008CF390 f i core.o
902	PORTED	0002:000dff30 ?pop_back@?$ae_sized_array@PAVActiveEffectSet@@$0CAA@@@QAEAAPAVActiveEffectSet@@XZ 008CF430 f i core.o
903	VERIFIED	0002:000dff60 ??0?$ae_sized_array@PAVAbstractEffect@@$0IA@@@QAE@XZ 008CF460 f i core.o
904	VERIFIED	0002:000dff70 ??A?$ae_sized_array@PAVAbstractEffect@@$0IA@@@QAEAAPAVAbstractEffect@@H@Z 008CF470 f i core.o
905	PORTED	0002:000dfff0 ?size@?$ae_sized_array@PAVAbstractEffect@@$0IA@@@QBEHXZ 008CF4F0 f i core.o
906	VERIFIED	0002:000e0000 ?push_back@?$ae_sized_array@PAVAbstractEffect@@$0IA@@@QAEXABQAVAbstractEffect@@@Z 008CF500 f i core.o
907	PORTED	0002:000e00a0 ?pop_back@?$ae_sized_array@PAVAbstractEffect@@$0IA@@@QAEAAPAVAbstractEffect@@XZ 008CF5A0 f i core.o
908	VERIFIED	0002:000e00d0 ??A?$ae_sized_array@UPendingQuery@EffectEventSys@@$0EA@@@QAEAAUPendingQuery@EffectEventSys@@H@Z 008CF5D0 f i core.o
909	PORTED	0002:000e0150 ?size@?$ae_sized_array@UPendingQuery@EffectEventSys@@$0EA@@@QBEHXZ 008CF650 f i core.o
910	PORTED	0002:000e0160 ?pop_back@?$ae_sized_array@UPendingQuery@EffectEventSys@@$0EA@@@QAEAAUPendingQuery@EffectEventSys@@XZ 008CF660 f i core.o
911	PORTED	0002:000e0190 ?expand@?$ae_sized_array@UPendingQuery@EffectEventSys@@$0EA@@@QAEAAUPendingQuery@EffectEventSys@@XZ 008CF690 f i core.o
912	SKIPPED	0002:000e0220 ??1?$InplaceAssetBankSet@VPhysDataBank@@@@UAE@XZ 008CF720 f i core.o  SKIPPED: inline template/container helper; supplied by its template definition
913	SKIPPED	0002:000e0230 ?OnBankUnloaded@?$InplaceAssetBankSet@VPhysDataBank@@@@MAEXAAVPhysDataBank@@@Z 008CF730 f i core.o  SKIPPED: inline template/container helper; supplied by its template definition
914	PORTED	0002:000e0240 ??0?$DbLinkedHandle@VDObjHandleDb@@VDObj@@@@QAE@VHandle@@@Z 008CF740 f i core.o
915	PORTED	0002:000e0260 ??0?$DbLinkedHandle@VSoundHandleDb@SoundDevice@@VSound@2@@@QAE@H@Z 008CF760 f i core.o
916	SKIPPED	0002:000e0280 ??1?$InplaceAssetBankSet@VStringTableBank@@@@UAE@XZ 008CF780 f i core.o  SKIPPED: inline template/container helper; supplied by its template definition
917	SKIPPED	0002:000e0290 ?OnBankUnloaded@?$InplaceAssetBankSet@VStringTableBank@@@@MAEXAAVStringTableBank@@@Z 008CF790 f i core.o  SKIPPED: inline template/container helper; supplied by its template definition
918	SKIPPED	0002:000e02a0 ??A?$ae_array@PAVStringTableBank@@$0GD@@@QAEAAPAVStringTableBank@@H@Z 008CF7A0 f i core.o  SKIPPED: inline template/container helper; supplied by its template definition
919	SKIPPED	0002:000e0320 ??A?$ae_array@PAVDialogueBank@@$0GD@@@QBEABQAVDialogueBank@@H@Z 008CF820 f i core.o  SKIPPED: inline template/container helper; supplied by its template definition
920	SKIPPED	0002:000e03a0 ??A?$ae_array@PAVDialogueBank@@$0GD@@@QAEAAPAVDialogueBank@@H@Z 008CF8A0 f i core.o  SKIPPED: inline template/container helper; supplied by its template definition
921	SKIPPED	0002:000e0420 ??1?$InplaceAssetBankSet@VDbTablesetBank@@@@UAE@XZ 008CF920 f i core.o  SKIPPED: inline template/container helper; supplied by its template definition
922	SKIPPED	0002:000e0430 ?OnBankUnloaded@?$InplaceAssetBankSet@VDbTablesetBank@@@@MAEXAAVDbTablesetBank@@@Z 008CF930 f i core.o  SKIPPED: inline template/container helper; supplied by its template definition
923	SKIPPED	0002:000e0440 ??1?$InplaceAssetBankSet@VConfigStringBank@@@@UAE@XZ 008CF940 f i core.o  SKIPPED: inline template/container helper; supplied by its template definition
924	SKIPPED	0002:000e0450 ?OnBankUnloaded@?$InplaceAssetBankSet@VConfigStringBank@@@@MAEXAAVConfigStringBank@@@Z 008CF950 f i core.o  SKIPPED: inline template/container helper; supplied by its template definition
925	SKIPPED	0002:000e0460 ??A?$InplaceVector@TValue@GdbFileSet@@@@QAEAATValue@GdbFileSet@@I@Z 008CF960 f i core.o  SKIPPED: inline template/container helper; supplied by its template definition
926	PORTED	0002:000e04e0 ??0dlist_node@?$reserved_dlist@VRumbleEffectInstance@@@@QAE@PAU01@0@Z 008CF9E0 f i core.o
927	PORTED	0002:000e0500 ??0?$ae_vector@USmokeGrenadeInfo@@@@QAE@XZ 008CFA00 f i core.o
928	VERIFIED	0002:000e0510 ?push_back@?$ae_sized_array@UPoolConfig@PoolAllocator@@$0BA@@@QAEXABUPoolConfig@PoolAllocator@@@Z 008CFA10 f i core.o
929	PORTED	0002:000e05c0 ??0?$VariableSaver@H@@QAE@AAH@Z 008CFAC0 f i core.o
930	PORTED	0002:000e05e0 ??1?$VariableSaver@H@@QAE@XZ 008CFAE0 f i core.o
931	PORTED	0002:000e05f0 ?GetValue@?$DbFieldType@H@@QBEABHXZ 008CFAF0 f i core.o
932	PORTED	0002:000e0600 ?GetValue@?$DbFieldType@M@@QBEABMXZ 008CFB00 f i core.o
933	PORTED	0002:000e0610 ?GetValue@?$DbFieldType@VFourCC@@@@QBEABVFourCC@@XZ 008CFB10 f i core.o
934	PORTED	0002:000e0620 ?GetValue@?$DbFieldType@VDbQueryString@@@@QBEABVDbQueryString@@XZ 008CFB20 f i core.o
935	PORTED	0002:000e0630 ??0?$ae_sized_array@PBVDbGraphNode@@$0IA@@@QAE@XZ 008CFB30 f i core.o
936	PORTED	0002:000e0640 ?empty@?$ae_sized_array@PBVDbGraphNode@@$0IA@@@QBE_NXZ 008CFB40 f i core.o
937	PORTED	0002:000e0660 ?push_back@?$ae_sized_array@PBVDbGraphNode@@$0IA@@@QAEXABQBVDbGraphNode@@@Z 008CFB60 f i core.o
938	PORTED	0002:000e0700 ?pop_back@?$ae_sized_array@PBVDbGraphNode@@$0IA@@@QAEAAPBVDbGraphNode@@XZ 008CFC00 f i core.o
939	SKIPPED	0002:000e0730 ??9?$IVPointer@VDbTableSet@@@@QBE_NABV0@@Z 008CFC30 f i core.o  SKIPPED: inline template/container helper; supplied by its template definition
940	VERIFIED	0002:000e0750 ??0?$ae_sized_array@PBVDbTable@@$0BA@@@QAE@XZ 008CFC50 f i core.o
941	VERIFIED	0002:000e0760 ?push_back@?$ae_sized_array@PBVDbTable@@$0BA@@@QAEXABQBVDbTable@@@Z 008CFC60 f i core.o
942	VERIFIED	0002:000e07e0 ??0?$ae_formatted_string@$0CA@E@@QAA@PBDZZ 008CFCE0 f i core.o
943	VERIFIED	0002:000e0830 ??0?$ae_sized_array@M$0CA@@@QAE@XZ 008CFD30 f i core.o
944	PORTED	0002:000e0840 ??A?$ae_sized_array@M$0CA@@@QAEAAMH@Z 008CFD40 f i core.o
945	VERIFIED	0002:000e08c0 ?push_back@?$ae_sized_array@M$0CA@@@QAEXABM@Z 008CFDC0 f i core.o
946	PORTED	0002:000e0950 ??Diterator@?$ae_sized_array@PBVDbTable@@$0BA@@@QBEAAPBVDbTable@@XZ 008CFE50 f i core.o
947	PORTED	0002:000e0960 ??Eiterator@?$ae_sized_array@PBVDbTable@@$0BA@@@QAEAAV01@XZ 008CFE60 f i core.o
948	PORTED	0002:000e0970 ??9iterator@?$ae_sized_array@PBVDbTable@@$0BA@@@QBE_NV01@@Z 008CFE70 f i core.o
949	SKIPPED	0002:000e0990 ?size@?$vector@V?$basic_string@DU?$char_traits@D@std@@V?$allocator@D@2@@std@@V?$allocator@V?$basic_string@DU?$char_traits@D@std@@V?$allocator@D@2@@std@@@2@@std@@QBEIXZ 008CFE90 f i core.o  SKIPPED: STL/compiler helper; supplied by the toolchain/library
950	PORTED	0002:000e09c0 ??Eiterator@?$reserved_dlist@VRumbleEffectInstance@@@@QAEAAV01@XZ 008CFEC0 f i core.o
951	PORTED	0002:000e09e0 ??Eiterator@?$reserved_dlist@VRumbleEffectInstance@@@@QAE?AV01@H@Z 008CFEE0 f i core.o
952	PORTED	0002:000e0a10 ??Econst_iterator@?$reserved_dlist@VRumbleEffectInstance@@@@QAEAAV01@XZ 008CFF10 f i core.o
953	SKIPPED	0002:000e0a90 ?c_str@?$ae_fixed_string@$0EAA@G@@QBEPBDXZ 008CFF90 f i core.o  SKIPPED: inline template/container helper; supplied by its template definition
954	SKIPPED	0002:000e0aa0 ?empty@?$ae_fixed_string@$0BAA@G@@QBE_NXZ 008CFFA0 f i core.o  SKIPPED: inline template/container helper; supplied by its template definition
955	SKIPPED	0002:000e0ab0 ?length@?$ae_fixed_string@$0BAA@G@@QBEHXZ 008CFFB0 f i core.o  SKIPPED: inline template/container helper; supplied by its template definition
956	SKIPPED	0002:000e0ac0 ?find@?$ae_fixed_string@$0BAA@G@@QBEHDH@Z 008CFFC0 f i core.o  SKIPPED: inline template/container helper; supplied by its template definition
957	PORTED	0002:000e0af0 ??0?$ae_pair@PBDW4ELanguage@@@@QAE@ABQBDABW4ELanguage@@@Z 008CFFF0 f i core.o
958	SKIPPED	0002:000e0b10 ??_G?$InplaceAssetBankSet@VDestructibleBank@@@@UAEPAXI@Z 008D0010 f i core.o  SKIPPED: compiler-generated deleting destructor; supplied by the compiler
959	SKIPPED	0002:000e0b10 ??_E?$InplaceAssetBankSet@VDestructibleBank@@@@UAEPAXI@Z 008D0010 f i core.o  SKIPPED: compiler-generated deleting destructor; supplied by the compiler
960	VERIFIED	0002:000e0b40 ??4PendingQuery@EffectEventSys@@QAEAAU01@ABU01@@Z 008D0040 f i core.o
961	PORTED	0002:000e0c30 ??0?$ae_sized_array_base@UEffectRef@EffectEventSys@@$0CA@@@QAE@XZ 008D0130 f i core.o
962	SKIPPED	0002:000e0c60 ??_E?$InplaceAssetBankSet@VPhysDataBank@@@@UAEPAXI@Z 008D0160 f i core.o  SKIPPED: compiler-generated deleting destructor; supplied by the compiler
963	SKIPPED	0002:000e0c60 ??_G?$InplaceAssetBankSet@VPhysDataBank@@@@UAEPAXI@Z 008D0160 f i core.o  SKIPPED: compiler-generated deleting destructor; supplied by the compiler
964	SKIPPED	0002:000e0c90 ??_G?$InplaceAssetBankSet@VStringTableBank@@@@UAEPAXI@Z 008D0190 f i core.o  SKIPPED: compiler-generated deleting destructor; supplied by the compiler
965	SKIPPED	0002:000e0c90 ??_E?$InplaceAssetBankSet@VStringTableBank@@@@UAEPAXI@Z 008D0190 f i core.o  SKIPPED: compiler-generated deleting destructor; supplied by the compiler
966	SKIPPED	0002:000e0cc0 ??_G?$InplaceAssetBankSet@VDbTablesetBank@@@@UAEPAXI@Z 008D01C0 f i core.o  SKIPPED: compiler-generated deleting destructor; supplied by the compiler
967	SKIPPED	0002:000e0cc0 ??_E?$InplaceAssetBankSet@VDbTablesetBank@@@@UAEPAXI@Z 008D01C0 f i core.o  SKIPPED: compiler-generated deleting destructor; supplied by the compiler
968	SKIPPED	0002:000e0cf0 ??_G?$InplaceAssetBankSet@VConfigStringBank@@@@UAEPAXI@Z 008D01F0 f i core.o  SKIPPED: compiler-generated deleting destructor; supplied by the compiler
969	SKIPPED	0002:000e0cf0 ??_E?$InplaceAssetBankSet@VConfigStringBank@@@@UAEPAXI@Z 008D01F0 f i core.o  SKIPPED: compiler-generated deleting destructor; supplied by the compiler
970	PORTED	0002:000e0d20 ??_FPoolConfig@PoolAllocator@@QAEXXZ 008D0220 f i core.o
971	SKIPPED	0002:000e0d40 ?_Myptr@?$basic_string@DU?$char_traits@D@std@@V?$allocator@D@2@@std@@QBEPBDXZ 008D0240 f i core.o  SKIPPED: STL/compiler helper; supplied by the toolchain/library
972	SKIPPED	0002:000e0d60 ??0?$allocator@D@std@@QAE@XZ 008D0260 f i core.o  SKIPPED: STL/compiler helper; supplied by the toolchain/library
973	SKIPPED	0002:000e0d70 ??0?$allocator@D@std@@QAE@ABV01@@Z 008D0270 f i core.o  SKIPPED: STL/compiler helper; supplied by the toolchain/library
974	PORTED	0002:000e0d80 ?node_to_object@?$reserved_dlist@VEndOnScriptNode@@@@SAPAVEndOnScriptNode@@PAUdlist_node@1@@Z 008D0280 f i core.o
975	PORTED	0002:000e0d90 ?clear@?$reserved_dlist@VEndOnScriptNode@@@@QAEXXZ 008D0290 f i core.o
976	PORTED	0002:000e0db0 ?validate@?$reserved_dlist@VEndOnScriptNode@@@@QBEXXZ 008D02B0 f i core.o
977	PORTED	0002:000e0dc0 ?node_to_object@?$reserved_dlist@VEntityNotify@@@@SAPAVEntityNotify@@PAUdlist_node@1@@Z 008D02C0 f i core.o
978	PORTED	0002:000e0dd0 ?node_to_object@?$reserved_dlist@VEntityNotify@@@@SAPBVEntityNotify@@PBUdlist_node@1@@Z 008D02D0 f i core.o
979	PORTED	0002:000e0de0 ?clear@?$reserved_dlist@VEntityNotify@@@@QAEXXZ 008D02E0 f i core.o
980	PORTED	0002:000e0e00 ?pop@dlist_node@?$reserved_dlist@VEntityNotify@@@@QAEXXZ 008D0300 f i core.o
981	PORTED	0002:000e0e20 ?node_to_object@?$reserved_dlist@VEntityNotifySet@@@@SAPAVEntityNotifySet@@PAUdlist_node@1@@Z 008D0320 f i core.o
982	PORTED	0002:000e0e30 ?clear@?$reserved_dlist@VEntityNotifySet@@@@QAEXXZ 008D0330 f i core.o
983	PORTED	0002:000e0e50 ?validate@?$reserved_dlist@VEntityNotifySet@@@@QBEXXZ 008D0350 f i core.o
984	PORTED	0002:000e0e60 ?pop@dlist_node@?$reserved_dlist@VEntityNotifySet@@@@QAEXXZ 008D0360 f i core.o
985	PORTED	0002:000e0e80 ?GetNumWords@?$BitSet@$0EA@@@SAHXZ 008D0380 f i core.o
986	PORTED	0002:000e0e90 ?GetNumWords@?$BitSet@$0PP@@@SAHXZ 008D0390 f i core.o
987	PORTED	0002:000e0ea0 ?set_size@?$ae_sized_array@PAVDbRow@@$0EA@@@QAEXH@Z 008D03A0 f i core.o
988	SKIPPED	0002:000e0ec0 ??A?$ae_array@PAVDestructibleBank@@$0GD@@@QAEAAPAVDestructibleBank@@H@Z 008D03C0 f i core.o  SKIPPED: inline template/container helper; supplied by its template definition
989	PORTED	0002:000e0f40 ??0iterator@?$reserved_dlist@VEntityNotifySet@@@@QAE@PAUdlist_node@1@0@Z 008D0440 f i core.o
990	PORTED	0002:000e0f60 ??0iterator@?$reserved_dlist@VEntityNotifySet@@@@QAE@PAVEntityNotifySet@@@Z 008D0460 f i core.o
991	PORTED	0002:000e0f80 ?compare@iterator@?$reserved_dlist@VEntityNotifySet@@@@QBE_NABV12@@Z 008D0480 f i core.o
992	PORTED	0002:000e0fa0 ??0const_iterator@?$reserved_dlist@VEntityNotify@@@@QAE@PBUdlist_node@1@0@Z 008D04A0 f i core.o
993	PORTED	0002:000e0fc0 ?compare@const_iterator@?$reserved_dlist@VEntityNotify@@@@QBE_NABV12@@Z 008D04C0 f i core.o
994	PORTED	0002:000e0fe0 ??0iterator@?$reserved_dlist@VEntityNotify@@@@QAE@PAUdlist_node@1@0@Z 008D04E0 f i core.o
995	PORTED	0002:000e1000 ?compare@iterator@?$reserved_dlist@VEntityNotify@@@@QBE_NABV12@@Z 008D0500 f i core.o
996	PORTED	0002:000e1020 ??0iterator@?$reserved_dlist@VEndOnScriptNode@@@@QAE@PAUdlist_node@1@0@Z 008D0520 f i core.o
997	PORTED	0002:000e1040 ?compare@iterator@?$reserved_dlist@VEndOnScriptNode@@@@QBE_NABV12@@Z 008D0540 f i core.o
998	PORTED	0002:000e1060 ??0?$SizedHandle@$08$0BH@@@QAE@HH@Z 008D0560 f i core.o
999	PORTED	0002:000e1160 ??0?$SizedHandle@$08$0BH@@@QAE@VHandle@@@Z 008D0660 f i core.o
1000	PORTED	0002:000e1180 ?GetIndex@?$SizedHandle@$08$0BH@@@QBEHXZ 008D0680 f i core.o
1001	PORTED	0002:000e1190 ?GetKey@?$SizedHandle@$08$0BH@@@QBEHXZ 008D0690 f i core.o
1002	PORTED	0002:000e11a0 ?GetNumWords@?$BitSet@$0DB@@@SAHXZ 008D06A0 f i core.o
1003	PORTED	0002:000e11b0 ?capacity@?$ae_sized_array@PAVActiveEffectSet@@$0CAA@@@QBEHXZ 008D06B0 f i core.o
1004	PORTED	0002:000e11c0 ?set_size@?$ae_sized_array@UPendingQuery@EffectEventSys@@$0EA@@@QAEXH@Z 008D06C0 f i core.o
1005	PORTED	0002:000e11e0 ??0DbElement@?$HandleDb@VActiveEffectSet@@$0CAA@V?$SizedHandle@$08$0BH@@@@@QAE@XZ 008D06E0 f i core.o
1006	PORTED	0002:000e1200 ?GetObject@DbElement@?$HandleDb@VActiveEffectSet@@$0CAA@V?$SizedHandle@$08$0BH@@@@@QBEPAVActiveEffectSet@@XZ 008D0700 f i core.o
1007	PORTED	0002:000e1210 ?SetObject@DbElement@?$HandleDb@VActiveEffectSet@@$0CAA@V?$SizedHandle@$08$0BH@@@@@QAEXPAVActiveEffectSet@@@Z 008D0710 f i core.o
1008	PORTED	0002:000e1220 ?GetKey@DbElement@?$HandleDb@VActiveEffectSet@@$0CAA@V?$SizedHandle@$08$0BH@@@@@QBEHXZ 008D0720 f i core.o
1009	PORTED	0002:000e1230 ?Release@DbElement@?$HandleDb@VActiveEffectSet@@$0CAA@V?$SizedHandle@$08$0BH@@@@@QAEXXZ 008D0730 f i core.o
1010	SKIPPED	0002:000e1240 ??A?$ae_array@PAVPhysDataBank@@$0GD@@@QAEAAPAVPhysDataBank@@H@Z 008D0740 f i core.o  SKIPPED: inline template/container helper; supplied by its template definition
1011	SKIPPED	0002:000e12c0 ?size@?$InplaceVector@PBVStringTableEntry@@@@QBEIXZ 008D07C0 f i core.o  SKIPPED: inline template/container helper; supplied by its template definition
1012	SKIPPED	0002:000e12d0 ??A?$InplaceVector@PBVStringTableEntry@@@@QAEAAPBVStringTableEntry@@I@Z 008D07D0 f i core.o  SKIPPED: inline template/container helper; supplied by its template definition
1013	SKIPPED	0002:000e1350 ??A?$ae_array@PAVDbTablesetBank@@$0GD@@@QAEAAPAVDbTablesetBank@@H@Z 008D0850 f i core.o  SKIPPED: inline template/container helper; supplied by its template definition
1014	SKIPPED	0002:000e13d0 ??A?$ae_array@PAVConfigStringBank@@$0GD@@@QAEAAPAVConfigStringBank@@H@Z 008D08D0 f i core.o  SKIPPED: inline template/container helper; supplied by its template definition
1015	PORTED	0002:000e1450 ?node_to_object@?$reserved_dlist@VRumbleEffectInstance@@@@SAPAVRumbleEffectInstance@@PAUdlist_node@1@@Z 008D0950 f i core.o
1016	PORTED	0002:000e1460 ?node_to_object@?$reserved_dlist@VRumbleEffectInstance@@@@SAPBVRumbleEffectInstance@@PBUdlist_node@1@@Z 008D0960 f i core.o
1017	PORTED	0002:000e1470 ?clear@?$reserved_dlist@VRumbleEffectInstance@@@@QAEXXZ 008D0970 f i core.o
1018	PORTED	0002:000e1490 ?validate@?$reserved_dlist@VRumbleEffectInstance@@@@QBEXXZ 008D0990 f i core.o
1019	PORTED	0002:000e14a0 ?pop@dlist_node@?$reserved_dlist@VRumbleEffectInstance@@@@QAEXXZ 008D09A0 f i core.o
1020	PORTED	0002:000e14c0 ?size@?$ae_sized_array@PBVDbGraphNode@@$0IA@@@QBEHXZ 008D09C0 f i core.o
1021	SKIPPED	0002:000e14d0 ?Deref@?$IVPointer@VDbTableSet@@@@ABEPAVDbTableSet@@XZ 008D09D0 f i core.o  SKIPPED: inline template/container helper; supplied by its template definition
1022	PORTED	0002:000e14f0 ??0iterator@?$ae_sized_array@PBVDbTable@@$0BA@@@AAE@PAPBVDbTable@@@Z 008D09F0 f i core.o
1023	SKIPPED	0002:000e1510 ?capacity@?$ae_fixed_string@$0IA@E@@SAHXZ 008D0A10 f i core.o  SKIPPED: inline template/container helper; supplied by its template definition
1024	SKIPPED	0002:000e1520 ?capacity@?$vector@V?$basic_string@DU?$char_traits@D@std@@V?$allocator@D@2@@std@@V?$allocator@V?$basic_string@DU?$char_traits@D@std@@V?$allocator@D@2@@std@@@2@@std@@QBEIXZ 008D0A20 f i core.o  SKIPPED: STL/compiler helper; supplied by the toolchain/library
1025	SKIPPED	0002:000e1550 ??0?$allocator@V?$basic_string@DU?$char_traits@D@std@@V?$allocator@D@2@@std@@@std@@QAE@XZ 008D0A50 f i core.o  SKIPPED: STL/compiler helper; supplied by the toolchain/library
1026	PORTED	0002:000e1560 ??0iterator@?$reserved_dlist@VRumbleEffectInstance@@@@QAE@XZ 008D0A60 f i core.o
1027	PORTED	0002:000e1580 ??0iterator@?$reserved_dlist@VRumbleEffectInstance@@@@QAE@PAUdlist_node@1@0@Z 008D0A80 f i core.o
1028	PORTED	0002:000e15a0 ?get_node@iterator@?$reserved_dlist@VRumbleEffectInstance@@@@QAEPAUdlist_node@2@XZ 008D0AA0 f i core.o
1029	PORTED	0002:000e15b0 ?compare@iterator@?$reserved_dlist@VRumbleEffectInstance@@@@QBE_NABV12@@Z 008D0AB0 f i core.o
1030	PORTED	0002:000e15d0 ??0const_iterator@?$reserved_dlist@VRumbleEffectInstance@@@@QAE@PBUdlist_node@1@0@Z 008D0AD0 f i core.o
1031	PORTED	0002:000e15f0 ?compare@const_iterator@?$reserved_dlist@VRumbleEffectInstance@@@@QBE_NABV12@@Z 008D0AF0 f i core.o
1032	SKIPPED	0002:000e1610 ?capacity@?$ae_fixed_string@$0BAA@G@@SAHXZ 008D0B10 f i core.o  SKIPPED: inline template/container helper; supplied by its template definition
1033	PORTED	0002:000e1620 ??Diterator@?$BitSet@$0CAA@@@QBEHXZ 008D0B20 f i core.o
1034	SKIPPED	0002:000e1630 ?_Myptr@?$basic_string@DU?$char_traits@D@std@@V?$allocator@D@2@@std@@QAEPADXZ 008D0B30 f i core.o  SKIPPED: STL/compiler helper; supplied by the toolchain/library
1035	SKIPPED	0002:000e1650 ?deallocate@?$allocator@D@std@@QAEXPADI@Z 008D0B50 f i core.o  SKIPPED: STL/compiler helper; supplied by the toolchain/library
1036	PORTED	0002:000e1670 ?get_head@?$reserved_dlist@VEndOnScriptNode@@@@QAEPAUdlist_node@1@XZ 008D0B70 f i core.o
1037	PORTED	0002:000e1680 ?get_head@?$reserved_dlist@VEntityNotify@@@@QAEPAUdlist_node@1@XZ 008D0B80 f i core.o
1038	PORTED	0002:000e1690 ?get_head@?$reserved_dlist@VEntityNotify@@@@QBEPBUdlist_node@1@XZ 008D0B90 f i core.o
1039	PORTED	0002:000e16a0 ?get_head@?$reserved_dlist@VEntityNotifySet@@@@QAEPAUdlist_node@1@XZ 008D0BA0 f i core.o
1040	PORTED	0002:000e16b0 ?empty@?$reserved_dlist@VEntityNotifySet@@@@QBE_NXZ 008D0BB0 f i core.o
1041	PORTED	0002:000e16d0 ??0iterator@?$reserved_dlist@VEntityNotify@@@@QAE@PAVEntityNotify@@@Z 008D0BD0 f i core.o
1042	PORTED	0002:000e16f0 ?GetWord@?$BitSet@$0CAA@@@QBEIH@Z 008D0BF0 f i core.o
1043	PORTED	0002:000e1700 ?GetNumWords@?$BitSet@$0CAA@@@SAHXZ 008D0C00 f i core.o
1044	PORTED	0002:000e1710 ?GetObject@DbElement@?$HandleDb@VSound@SoundDevice@@$0CAA@V?$SizedHandle@$0M@$0BE@@@@@QBEPAVSound@SoundDevice@@XZ 008D0C10 f i core.o
1045	PORTED	0002:000e1720 ?GetKey@DbElement@?$HandleDb@VSound@SoundDevice@@$0CAA@V?$SizedHandle@$0M@$0BE@@@@@QBEHXZ 008D0C20 f i core.o
1046	PORTED	0002:000e1730 ?get_head@?$reserved_dlist@VRumbleEffectInstance@@@@QAEPAUdlist_node@1@XZ 008D0C30 f i core.o
1047	PORTED	0002:000e1740 ?get_head@?$reserved_dlist@VRumbleEffectInstance@@@@QBEPBUdlist_node@1@XZ 008D0C40 f i core.o
1048	PORTED	0002:000e1750 ?empty@?$reserved_dlist@VRumbleEffectInstance@@@@QBE_NXZ 008D0C50 f i core.o
1049	PORTED	0002:000e1770 ?begin@?$ae_vector@USmokeGrenadeInfo@@@@QAEPAUSmokeGrenadeInfo@@XZ 008D0C70 f i core.o
1050	SKIPPED	0002:000e1780 ?c_str@?$ae_fixed_string@$0IA@E@@QBEPBDXZ 008D0C80 f i core.o  SKIPPED: inline template/container helper; supplied by its template definition
1051	SKIPPED	0002:000e1790 ?length@?$ae_fixed_string@$0IA@E@@QBEHXZ 008D0C90 f i core.o  SKIPPED: inline template/container helper; supplied by its template definition
1052	SKIPPED	0002:000e17a0 ??0?$allocator@V?$basic_string@DU?$char_traits@D@std@@V?$allocator@D@2@@std@@@std@@QAE@ABV01@@Z 008D0CA0 f i core.o  SKIPPED: STL/compiler helper; supplied by the toolchain/library
1053	SKIPPED	0002:000e17b0 ?deallocate@?$allocator@V?$basic_string@DU?$char_traits@D@std@@V?$allocator@D@2@@std@@@std@@QAEXPAV?$basic_string@DU?$char_traits@D@std@@V?$allocator@D@2@@2@I@Z 008D0CB0 f i core.o  SKIPPED: STL/compiler helper; supplied by the toolchain/library
1054	PORTED	0002:000e17d0 ??0iterator@?$reserved_dlist@VRumbleEffectInstance@@@@QAE@PAVRumbleEffectInstance@@@Z 008D0CD0 f i core.o
1055	PORTED	0002:000e17f0 ??Eiterator@?$BitSet@$0CAA@@@QAEXXZ 008D0CF0 f i core.o
1056	SKIPPED	0002:000e1890 ??Yiterator@?$vector@V?$basic_string@DU?$char_traits@D@std@@V?$allocator@D@2@@std@@V?$allocator@V?$basic_string@DU?$char_traits@D@std@@V?$allocator@D@2@@std@@@2@@std@@QAEAAV012@H@Z 008D0D90 f i core.o  SKIPPED: STL/compiler helper; supplied by the toolchain/library
1057	SKIPPED	0002:000e18b0 ??Dconst_iterator@?$vector@V?$basic_string@DU?$char_traits@D@std@@V?$allocator@D@2@@std@@V?$allocator@V?$basic_string@DU?$char_traits@D@std@@V?$allocator@D@2@@std@@@2@@std@@QBEABV?$basic_string@DU?$char_traits@D@std@@V?$allocator@D@2@@2@XZ 008D0DB0 f i core.o  SKIPPED: STL/compiler helper; supplied by the toolchain/library
1058	SKIPPED	0002:000e18c0 ?_Inside@?$basic_string@DU?$char_traits@D@std@@V?$allocator@D@2@@std@@IAE_NPBD@Z 008D0DC0 f i core.o  SKIPPED: STL/compiler helper; supplied by the toolchain/library
1059	PORTED	0002:000e1910 ??0?$BitSet@$0CAA@@@QAE@W4EInitializer@0@@Z 008D0E10 f i core.o
1060	SKIPPED	0002:000e1920 ?max_size@?$allocator@V?$basic_string@DU?$char_traits@D@std@@V?$allocator@D@2@@std@@@std@@QBEIXZ 008D0E20 f i core.o  SKIPPED: STL/compiler helper; supplied by the toolchain/library
1061	PORTED	0002:000e1930 ??0iterator@?$BitSet@$0CAA@@@QAE@XZ 008D0E30 f i core.o
1062	PORTED	0002:000e1950 ?compare@iterator@?$BitSet@$0CAA@@@QAE_NABV12@@Z 008D0E50 f i core.o
1063	SKIPPED	0002:000e1980 ??0const_iterator@?$vector@V?$basic_string@DU?$char_traits@D@std@@V?$allocator@D@2@@std@@V?$allocator@V?$basic_string@DU?$char_traits@D@std@@V?$allocator@D@2@@std@@@2@@std@@QAE@PAV?$basic_string@DU?$char_traits@D@std@@V?$allocator@D@2@@2@@Z 008D0E80 f i core.o  SKIPPED: STL/compiler helper; supplied by the toolchain/library
1064	SKIPPED	0002:000e19a0 ??Gconst_iterator@?$vector@V?$basic_string@DU?$char_traits@D@std@@V?$allocator@D@2@@std@@V?$allocator@V?$basic_string@DU?$char_traits@D@std@@V?$allocator@D@2@@std@@@2@@std@@QBEHABV012@@Z 008D0EA0 f i core.o  SKIPPED: STL/compiler helper; supplied by the toolchain/library
1065	SKIPPED	0002:000e19d0 ?max_size@?$allocator@D@std@@QBEIXZ 008D0ED0 f i core.o  SKIPPED: STL/compiler helper; supplied by the toolchain/library
1066	PORTED	0002:000e19e0 ??$FixupPointer@VPtrFixupTable@@@@YAXAAPAVPtrFixupTable@@PBX@Z 008D0EE0 f i core.o
1067	PORTED	0002:000e1a00 ??$?4VEntityHandleDb@@VEntity@@@?$DbLinkedHandle@VDObjHandleDb@@VDObj@@@@QAEAAV0@ABV?$DbLinkedHandle@VEntityHandleDb@@VEntity@@@@@Z 008D0F00 f i core.o
1068	SKIPPED	0002:000e1a20 ??$_Allocate@V?$basic_string@DU?$char_traits@D@std@@V?$allocator@D@2@@std@@@std@@YAPAV?$basic_string@DU?$char_traits@D@std@@V?$allocator@D@2@@0@IPAV10@@Z 008D0F20 f i core.o  SKIPPED: STL/compiler helper; supplied by the toolchain/library
1069	SKIPPED	0002:000e1a40 ??$_Allocate@D@std@@YAPADIPAD@Z 008D0F40 f i core.o  SKIPPED: STL/compiler helper; supplied by the toolchain/library
1070	SKIPPED	0002:000e1a60 ?IsUsed@?$InplaceTree@VInplaceString@@I@@ABE_NI@Z 008D0F60 f i core.o  SKIPPED: inline template/container helper; supplied by its template definition
1071	PORTED	0002:000e1b00 ?IsUsed@?$InplaceTree@II@@ABE_NI@Z 008D1000 f i core.o
1072	SKIPPED	0002:000e1ba0 ??A?$InplaceVector@PBVDialogueInstance@@@@QBEABQBVDialogueInstance@@I@Z 008D10A0 f i core.o  SKIPPED: inline template/container helper; supplied by its template definition
1073	SKIPPED	0002:000e1c20 ??A?$ae_array@PAVDbTablesetBank@@$0GD@@@QBEABQAVDbTablesetBank@@H@Z 008D1120 f i core.o  SKIPPED: inline template/container helper; supplied by its template definition
1074	SKIPPED	0002:000e1ca0 ??A?$ae_array@PAVConfigStringBank@@$0GD@@@QBEABQAVConfigStringBank@@H@Z 008D11A0 f i core.o  SKIPPED: inline template/container helper; supplied by its template definition
1075	PORTED	0002:000e1d20 ??0?$DbFieldType@H@@QAE@GABHW4EDbColumnType@@W4EDbMatchType@@@Z 008D1220 f i core.o
1076	PORTED	0002:000e1d60 ??0?$DbFieldType@M@@QAE@GABMW4EDbColumnType@@W4EDbMatchType@@@Z 008D1260 f i core.o
1077	PORTED	0002:000e1da0 ??0?$DbFieldType@VDbQueryString@@@@QAE@GABVDbQueryString@@W4EDbColumnType@@W4EDbMatchType@@@Z 008D12A0 f i core.o
1078	SKIPPED	0002:000e1de0 ??0?$IVPointer@VDbTableSet@@@@QAE@W4TPakId@@PAVDbTableSet@@@Z 008D12E0 f i core.o  SKIPPED: inline template/container helper; supplied by its template definition
1079	SKIPPED	0002:000e1e00 ??0?$IVPointer@VDbTableSet@@@@QAE@XZ 008D1300 f i core.o  SKIPPED: inline template/container helper; supplied by its template definition
1080	SKIPPED	0002:000e1e20 ??0?$IVPointer@VConfigString@@@@QAE@W4TPakId@@PAVConfigString@@@Z 008D1320 f i core.o  SKIPPED: inline template/container helper; supplied by its template definition
1081	SKIPPED	0002:000e1e40 ??0?$IVPointer@VConfigString@@@@QAE@XZ 008D1340 f i core.o  SKIPPED: inline template/container helper; supplied by its template definition
1082	PORTED	0002:000e1e60 ??R?$DelFunctor@VEntityNotify@@@@QAEXPAVEntityNotify@@@Z 008D1360 f i core.o
1083	SKIPPED	0002:000e1ea0 ??A?$DbColumnType@VInplaceString@@@@QBEABVInplaceString@@G@Z 008D13A0 f i core.o  SKIPPED: inline template/container helper; supplied by its template definition
1084	VERIFIED	0002:000e1f20 ??0?$ae_sized_array@W4TPakId@@$0CA@@@QAE@XZ 008D1420 f i core.o
1085	VERIFIED	0002:000e1f30 ??A?$ae_sized_array@W4TPakId@@$0CA@@@QAEAAW4TPakId@@H@Z 008D1430 f i core.o
1086	PORTED	0002:000e1fb0 ?size@?$ae_sized_array@W4TPakId@@$0CA@@@QBEHXZ 008D14B0 f i core.o
1087	SKIPPED	0002:000e1fc0 ?size@?$InplaceVector@PBVDbTableSet@@@@QBEIXZ 008D14C0 f i core.o  SKIPPED: inline template/container helper; supplied by its template definition
1088	SKIPPED	0002:000e1fd0 ??A?$InplaceVector@PBVDbTableSet@@@@QAEAAPBVDbTableSet@@I@Z 008D14D0 f i core.o  SKIPPED: inline template/container helper; supplied by its template definition
1089	SKIPPED	0002:000e2050 ?size@?$InplaceVector@PBVConfigString@@@@QBEIXZ 008D1550 f i core.o  SKIPPED: inline template/container helper; supplied by its template definition
1090	SKIPPED	0002:000e2060 ??A?$InplaceVector@PBVConfigString@@@@QAEAAPBVConfigString@@I@Z 008D1560 f i core.o  SKIPPED: inline template/container helper; supplied by its template definition
1091	SKIPPED	0002:000e20e0 ??$_Ptr_cat@PAV?$basic_string@DU?$char_traits@D@std@@V?$allocator@D@2@@std@@PAV12@@std@@YA?AU_Nonscalar_ptr_iterator_tag@0@AAPAV?$basic_string@DU?$char_traits@D@std@@V?$allocator@D@2@@0@0@Z 008D15E0 f i core.o  SKIPPED: STL/compiler helper; supplied by the toolchain/library
1092	PORTED	0002:000e20f0 ??A?$DbColumnType@M@@QBEABMG@Z 008D15F0 f i core.o
1093	SKIPPED	0002:000e2170 ??$Find@PAD@?$InplaceTree@VInplaceString@@I@@QBEPAIABQAD@Z 008D1670 f i core.o  SKIPPED: inline template/container helper; supplied by its template definition
1094	SKIPPED	0002:000e2280 ??_GBankManager@@AAEPAXI@Z 008D1780 f i core.o  SKIPPED: compiler-generated deleting destructor; supplied by the compiler
1095	SKIPPED	0002:000e22b0 ??_GPakManager@@QAEPAXI@Z 008D17B0 f i core.o  SKIPPED: compiler-generated deleting destructor; supplied by the compiler
1096	PORTED	0002:000e22e0 ?GetColumnById@DbTable@@QBEABVDbColumn@@G@Z 008D17E0 f i core.o
1097	PORTED	0002:000e2310 ?GetValue@DbGraphNode@@QBEPBXPBVDbTable@@G@Z 008D1810 f i core.o
1098	VERIFIED	0002:000e2430 ??0DbQueryResults@@QAE@XZ 008D1930 f i core.o
1099	VERIFIED	0002:000e2450 ??0SimpleCollisionDesc@@QAE@XZ 008D1950 f i core.o
1100	VERIFIED	0002:000e2470 ??0CollisionDesc@@QAE@XZ 008D1970 f i core.o
1101	SKIPPED	0002:000e2490 ??_Gae_heap_base@@UAEPAXI@Z 008D1990 f i core.o  SKIPPED: compiler-generated deleting destructor; supplied by the compiler
1102	SKIPPED	0002:000e2490 ??_Eae_heap_base@@UAEPAXI@Z 008D1990 f i core.o  SKIPPED: compiler-generated deleting destructor; supplied by the compiler
1103	PORTED	0002:000e24c0 ?Update@ServerTime@@QAEXH@Z 008D19C0 f i core.o
1104	PORTED	0002:000e2520 ?Choose@DialogueInstance@@QAEPBDXZ 008D1A20 f i core.o
1105	VERIFIED	0002:000e2560 ??0SoundParams@@QAE@XZ 008D1A60 f i core.o
1106	VERIFIED	0002:000e2570 ??0ParticleParams@@QAE@XZ 008D1A70 f i core.o
1107	PORTED	0002:000e25a0 ?SetPending@ActiveEffectSet@@QAEX_N@Z 008D1AA0 f i core.o
1108	PORTED	0002:000e25d0 ?SetOwnsMatrix@ActiveEffectSet@@QAEXXZ 008D1AD0 f i core.o
1109	PORTED	0002:000e25e0 ?GetEffectCount@ActiveEffectSet@@QBE?BHXZ 008D1AE0 f i core.o
1110	PORTED	0002:000e25f0 ?GetEffect@ActiveEffectSet@@QBEPAVAbstractEffect@@H@Z 008D1AF0 f i core.o
1111	PORTED	0002:000e2610 ?GetHandle@DObj@@QBE?AV?$DbLinkedHandle@VEntityHandleDb@@VEntity@@@@XZ 008D1B10 f i core.o
1112	VERIFIED	0002:000e2630 ?DeleteInst@InstanceBankMgr@@SAXXZ 008D1B30 f i core.o
1113	VERIFIED	0002:000e26c0 ?DeleteInst@SoundDevice@@SAXXZ 008D1BC0 f i core.o
1114	VERIFIED	0002:000e2750 ?DeleteInst@SoundMediaMgr@@SAXXZ 008D1C50 f i core.o
1115	VERIFIED	0002:000e27e0 ?DeleteInst@MusicMgr@@SAXXZ 008D1CE0 f i core.o
1116	VERIFIED	0002:000e2870 ?DeleteInst@TestFPS@@SAXXZ 008D1D70 f i core.o
1117	PORTED	0002:000e2900 ?CreateInst@CtrlIcon@@SAXXZ 008D1E00 f i core.o
1118	SKIPPED	0002:000e2990 ??_GCtrlIcon@@QAEPAXI@Z 008D1E90 f i core.o  SKIPPED: compiler-generated deleting destructor; supplied by the compiler
1119	VERIFIED	0002:000e29c0 ?DeleteInst@CurveManager@@SAXXZ 008D1EC0 f i core.o
1120	VERIFIED	0002:000e2a50 ?Reformat@DialogMenuSystem@@QAEX_N@Z 008D1F50 f i core.o
1121	PORTED	0002:000e2a90 ?AddTriangleResponse@DialogMenuSystem@@QAEXP6AXH@Z@Z 008D1F90 f i core.o
1122	PORTED	0002:000e2ac0 ?GetStruct@GdbFile@@QAEPAXXZ 008D1FC0 f i core.o
1123	VERIFIED	0002:000e2ad0 ?DeleteInst@CheckpointMgr@@SAXXZ 008D1FD0 f i core.o
1124	PORTED	0002:000e2b60 ?GetLooping@RumbleEffect@@QBE_NW4ERumbleMotorID@@@Z 008D2060 f i core.o
1125	PORTED	0002:000e2b80 ?NullHandle@RumbleEffectInstanceHandle@@SA?AV1@XZ 008D2080 f i core.o
1126	PORTED	0002:000e2ba0 ??0RumbleEffectInstance@@QAE@VRumbleEffectInstanceHandle@@MMMMMMVstring@Broc@@_N@Z 008D20A0 f i core.o
1127	PORTED	0002:000e2d30 ?IsLooping@RumbleEffectInstance@@QAE_NXZ 008D2230 f i core.o
1128	VERIFIED	0002:000e2d40 ?IsFinishedFading@AbstractEffect@@QAE_NXZ 008D2240 f i core.o
1129	PORTED	0002:000e2d70 ?IsFading@AbstractEffect@@QAE_NXZ 008D2270 f i core.o
1130	PORTED	0002:000e2d80 ?IsSound@AbstractEffect@@QAE_NXZ 008D2280 f i core.o
1131	PORTED	0002:000e2d90 ?is_player_vehicle@rb_vehicle@@QBE_NXZ 008D2290 f i core.o
1132	VERIFIED	0002:000e2da0 ?DeleteInst@InteractionController@@SAXXZ 008D22A0 f i core.o
1133	VERIFIED	0002:000e2e30 ?DeleteInst@PlayerAnimMgr@@SAXXZ 008D2330 f i core.o
1134	VERIFIED	0002:000e2ec0 ?DeleteInst@MultiplayerMgr@@SAXXZ 008D23C0 f i core.o
1135	VERIFIED	0002:000e2f50 ?DeleteInst@BinFileManager@@SAXXZ 008D2450 f i core.o
1136	VERIFIED	0002:000e2fe0 ?DeleteInst@DynamicDecalMgr@@SAXXZ 008D24E0 f i core.o
1137	PORTED	0002:000e3070 ?DeleteInst@PadAliasMgr@@SAXXZ 008D2570 f i core.o
1138	PORTED	0002:000e30f0 ?DelRef@strdata@@QAE_NXZ 008D25F0 f i core.o
1139	SKIPPED	0002:000e3130 ??_EDialogueManager@@UAEPAXI@Z 008D2630 f i core.o  SKIPPED: compiler-generated deleting destructor; supplied by the compiler
1140	SKIPPED	0002:000e3130 ??_GDialogueManager@@UAEPAXI@Z 008D2630 f i core.o  SKIPPED: compiler-generated deleting destructor; supplied by the compiler
1141	PORTED	0002:000e3160 ??1?$ae_sized_array_base@UPendingQuery@EffectEventSys@@$0EA@@@QAE@XZ 008D2660 f i core.o
1142	VERIFIED	0002:000e3180 ??0Params@AbstractEffectShakeAndRumble@@QAE@XZ 008D2680 f i core.o
1143	VERIFIED	0002:000e3190 ??0Params@AbstractEffectLight@@QAE@XZ 008D2690 f i core.o
1144	SKIPPED	0002:000e31a0 ??_GRumbleEffectInstance@@QAEPAXI@Z 008D26A0 f i core.o  SKIPPED: compiler-generated deleting destructor; supplied by the compiler
1145	SKIPPED	0002:000e31d0 ??_EAbstractEffect@@UAEPAXI@Z 008D26D0 f i core.o  SKIPPED: compiler-generated deleting destructor; supplied by the compiler
1146	SKIPPED	0002:000e31d0 ??_GAbstractEffect@@UAEPAXI@Z 008D26D0 f i core.o  SKIPPED: compiler-generated deleting destructor; supplied by the compiler
1147	PORTED	0002:000e3200 ?StopEffect@AbstractEffectParticle@@UAEXXZ 008D2700 f i core.o
1148	PORTED	0002:000e3210 ?PlayQueuedEffect@AbstractEffectParticle@@UAEXXZ 008D2710 f i core.o
1149	SKIPPED	0002:000e3220 ??_GAbstractEffectLight@@UAEPAXI@Z 008D2720 f i core.o  SKIPPED: compiler-generated deleting destructor; supplied by the compiler
1150	SKIPPED	0002:000e3220 ??_EAbstractEffectLight@@UAEPAXI@Z 008D2720 f i core.o  SKIPPED: compiler-generated deleting destructor; supplied by the compiler
1151	SKIPPED	0002:000e3250 ??_GAnimHeap@@UAEPAXI@Z 008D2750 f i core.o  SKIPPED: compiler-generated deleting destructor; supplied by the compiler
1152	SKIPPED	0002:000e3250 ??_EAnimHeap@@UAEPAXI@Z 008D2750 f i core.o  SKIPPED: compiler-generated deleting destructor; supplied by the compiler
1153	SKIPPED	0002:000e3280 ??_EAnimCacheHeap@@UAEPAXI@Z 008D2780 f i core.o  SKIPPED: compiler-generated deleting destructor; supplied by the compiler
1154	SKIPPED	0002:000e3280 ??_GAnimCacheHeap@@UAEPAXI@Z 008D2780 f i core.o  SKIPPED: compiler-generated deleting destructor; supplied by the compiler
1155	PORTED	0002:000e32b0 ??1AnimCacheHeap@@UAE@XZ 008D27B0 f i core.o
1156	PORTED	0002:000e32c0 ??0?$reserved_dlist@VEndOnScriptNode@@@@QAE@XZ 008D27C0 f i core.o
1157	PORTED	0002:000e32e0 ?end@?$reserved_dlist@VEndOnScriptNode@@@@QAE?AViterator@1@XZ 008D27E0 f i core.o
1158	PORTED	0002:000e3300 ??0?$reserved_dlist@VEntityNotify@@@@QAE@XZ 008D2800 f i core.o
1159	PORTED	0002:000e3320 ?end@?$reserved_dlist@VEntityNotify@@@@QAE?AViterator@1@XZ 008D2820 f i core.o
1160	PORTED	0002:000e3340 ?end@?$reserved_dlist@VEntityNotify@@@@QBE?AVconst_iterator@1@XZ 008D2840 f i core.o
1161	PORTED	0002:000e3360 ??0?$reserved_dlist@VEntityNotifySet@@@@QAE@XZ 008D2860 f i core.o
1162	PORTED	0002:000e3380 ?push_back@?$reserved_dlist@VEntityNotifySet@@@@QAEXPAVEntityNotifySet@@@Z 008D2880 f i core.o
1163	PORTED	0002:000e33b0 ?end@?$reserved_dlist@VEntityNotifySet@@@@QAE?AViterator@1@XZ 008D28B0 f i core.o
1164	PORTED	0002:000e33d0 ?find@?$reserved_dlist@VEntityNotifySet@@@@QAE?AViterator@1@PAVEntityNotifySet@@@Z 008D28D0 f i core.o
1165	PORTED	0002:000e3420 ?Clear@?$BitSet@$0EA@@@QAEXXZ 008D2920 f i core.o
1166	VERIFIED	0002:000e3440 ?Add@?$BitSet@$0EA@@@QAEXH@Z 008D2940 f i core.o
1167	VERIFIED	0002:000e34d0 ?Rmv@?$BitSet@$0EA@@@QAEXH@Z 008D29D0 f i core.o
1168	VERIFIED	0002:000e3560 ?Test@?$BitSet@$0EA@@@QBE_NH@Z 008D2A60 f i core.o
1169	PORTED	0002:000e35f0 ?Set@?$BitSet@$0EA@@@QAEXH_N@Z 008D2AF0 f i core.o
1170	PORTED	0002:000e3620 ?Clear@?$BitSet@$0PP@@@QAEXXZ 008D2B20 f i core.o
1171	PORTED	0002:000e3640 ?Add@?$BitSet@$0PP@@@QAEXH@Z 008D2B40 f i core.o
1172	PORTED	0002:000e36d0 ?Rmv@?$BitSet@$0PP@@@QAEXH@Z 008D2BD0 f i core.o
1173	PORTED	0002:000e3760 ?Test@?$BitSet@$0PP@@@QBE_NH@Z 008D2C60 f i core.o
1174	PORTED	0002:000e37f0 ?Set@?$BitSet@$0PP@@@QAEXH_N@Z 008D2CF0 f i core.o
1175	SKIPPED	0002:000e3820 ?Fixup@?$InplaceAssetBank@VDbTableSet@@V?$InplaceTree@VInplaceString@@I@@@@QAEXXZ 008D2D20 f i core.o  SKIPPED: inline template/container helper; supplied by its template definition
1176	PORTED	0002:000e38a0 ?clear@?$ae_sized_array@PAVDbRow@@$0EA@@@QAEXXZ 008D2DA0 f i core.o
1177	SKIPPED	0002:000e38b0 ??0?$InplaceAssetBankSet@VDestructibleBank@@@@QAE@XZ 008D2DB0 f i core.o  SKIPPED: inline template/container helper; supplied by its template definition
1178	SKIPPED	0002:000e3980 ?UnloadBank@?$InplaceAssetBankSet@VDestructibleBank@@@@MAEXW4TPakId@@@Z 008D2E80 f i core.o  SKIPPED: inline template/container helper; supplied by its template definition
1179	PORTED	0002:000e39e0 ??Diterator@?$reserved_dlist@VEntityNotifySet@@@@QAEPAVEntityNotifySet@@XZ 008D2EE0 f i core.o
1180	PORTED	0002:000e39f0 ??8iterator@?$reserved_dlist@VEntityNotifySet@@@@QBE_NABV01@@Z 008D2EF0 f i core.o
1181	PORTED	0002:000e3a10 ??9iterator@?$reserved_dlist@VEntityNotifySet@@@@QBE_NABV01@@Z 008D2F10 f i core.o
1182	PORTED	0002:000e3a40 ??Dconst_iterator@?$reserved_dlist@VEntityNotify@@@@QBEPBVEntityNotify@@XZ 008D2F40 f i core.o
1183	PORTED	0002:000e3a50 ??9const_iterator@?$reserved_dlist@VEntityNotify@@@@QBE_NABV01@@Z 008D2F50 f i core.o
1184	PORTED	0002:000e3a80 ??Diterator@?$reserved_dlist@VEntityNotify@@@@QAEPAVEntityNotify@@XZ 008D2F80 f i core.o
1185	PORTED	0002:000e3a90 ??9iterator@?$reserved_dlist@VEntityNotify@@@@QBE_NABV01@@Z 008D2F90 f i core.o
1186	PORTED	0002:000e3ac0 ??Citerator@?$reserved_dlist@VEndOnScriptNode@@@@QAEPAVEndOnScriptNode@@XZ 008D2FC0 f i core.o
1187	PORTED	0002:000e3ad0 ??9iterator@?$reserved_dlist@VEndOnScriptNode@@@@QBE_NABV01@@Z 008D2FD0 f i core.o
1188	SKIPPED	0002:000e3b00 ?Fixup@?$InplaceAssetBank@VDialogueInstance@@V?$InplaceTree@II@@@@QAEXXZ 008D3000 f i core.o  SKIPPED: inline template/container helper; supplied by its template definition
1189	PORTED	0002:000e3b80 ?Clear@?$BitSet@$0DB@@@QAEXXZ 008D3080 f i core.o
1190	PORTED	0002:000e3ba0 ?Add@?$BitSet@$0DB@@@QAEXH@Z 008D30A0 f i core.o
1191	PORTED	0002:000e3c30 ?Test@?$BitSet@$0DB@@@QBE_NH@Z 008D3130 f i core.o
1192	PORTED	0002:000e3cc0 ?free_space@?$ae_sized_array@PAVActiveEffectSet@@$0CAA@@@QBEHXZ 008D31C0 f i core.o
1193	PORTED	0002:000e3ce0 ?clear@?$ae_sized_array@UPendingQuery@EffectEventSys@@$0EA@@@QAEXXZ 008D31E0 f i core.o
1194	PORTED	0002:000e3cf0 ?back@?$ae_sized_array@UPendingQuery@EffectEventSys@@$0EA@@@QAEAAUPendingQuery@EffectEventSys@@XZ 008D31F0 f i core.o
1195	PORTED	0002:000e3d10 ?erase@?$ae_sized_array@UPendingQuery@EffectEventSys@@$0EA@@@QAEXH@Z 008D3210 f i core.o
1196	VERIFIED	0002:000e3d80 ??0?$ae_sized_array@UEffectRef@EffectEventSys@@$0CA@@@QAE@XZ 008D3280 f i core.o
1197	PORTED	0002:000e3db0 ?BindObjectToHandle@?$HandleDb@VActiveEffectSet@@$0CAA@V?$SizedHandle@$08$0BH@@@@@QAEXVHandle@@PAVActiveEffectSet@@@Z 008D32B0 f i core.o
1198	PORTED	0002:000e3e50 ?DereferenceHandle@?$HandleDb@VActiveEffectSet@@$0CAA@V?$SizedHandle@$08$0BH@@@@@QBEPAVActiveEffectSet@@VHandle@@@Z 008D3350 f i core.o
1199	SKIPPED	0002:000e3e90 ??0?$InplaceAssetBankSet@VPhysDataBank@@@@QAE@XZ 008D3390 f i core.o  SKIPPED: inline template/container helper; supplied by its template definition
1200	SKIPPED	0002:000e3f60 ?UnloadBank@?$InplaceAssetBankSet@VPhysDataBank@@@@MAEXW4TPakId@@@Z 008D3460 f i core.o  SKIPPED: inline template/container helper; supplied by its template definition
1201	SKIPPED	0002:000e3fc0 ?Fixup@?$InplaceAssetBank@VStringTableEntry@@V?$InplaceTree@II@@@@QAEXXZ 008D34C0 f i core.o  SKIPPED: inline template/container helper; supplied by its template definition
1202	SKIPPED	0002:000e4040 ??A?$InplaceAssetBank@VStringTableEntry@@V?$InplaceTree@II@@@@QAEPAVStringTableEntry@@I@Z 008D3540 f i core.o  SKIPPED: inline template/container helper; supplied by its template definition
1203	SKIPPED	0002:000e40c0 ??0?$InplaceAssetBankSet@VStringTableBank@@@@QAE@XZ 008D35C0 f i core.o  SKIPPED: inline template/container helper; supplied by its template definition
1204	SKIPPED	0002:000e4190 ?AddBank@?$InplaceAssetBankSet@VStringTableBank@@@@QAEXW4TPakId@@PAVStringTableBank@@@Z 008D3690 f i core.o  SKIPPED: inline template/container helper; supplied by its template definition
1205	SKIPPED	0002:000e4220 ?UnloadBank@?$InplaceAssetBankSet@VStringTableBank@@@@MAEXW4TPakId@@@Z 008D3720 f i core.o  SKIPPED: inline template/container helper; supplied by its template definition
1206	SKIPPED	0002:000e4280 ??0?$InplaceAssetBankSet@VDbTablesetBank@@@@QAE@XZ 008D3780 f i core.o  SKIPPED: inline template/container helper; supplied by its template definition
1207	SKIPPED	0002:000e4350 ?AddBank@?$InplaceAssetBankSet@VDbTablesetBank@@@@QAEXW4TPakId@@PAVDbTablesetBank@@@Z 008D3850 f i core.o  SKIPPED: inline template/container helper; supplied by its template definition
1208	SKIPPED	0002:000e43e0 ?UnloadBank@?$InplaceAssetBankSet@VDbTablesetBank@@@@MAEXW4TPakId@@@Z 008D38E0 f i core.o  SKIPPED: inline template/container helper; supplied by its template definition
1209	SKIPPED	0002:000e4440 ?Fixup@?$InplaceAssetBank@VConfigString@@V?$InplaceTree@VInplaceString@@I@@@@QAEXXZ 008D3940 f i core.o  SKIPPED: inline template/container helper; supplied by its template definition
1210	SKIPPED	0002:000e44c0 ??0?$InplaceAssetBankSet@VConfigStringBank@@@@QAE@XZ 008D39C0 f i core.o  SKIPPED: inline template/container helper; supplied by its template definition
1211	SKIPPED	0002:000e4590 ?AddBank@?$InplaceAssetBankSet@VConfigStringBank@@@@QAEXW4TPakId@@PAVConfigStringBank@@@Z 008D3A90 f i core.o  SKIPPED: inline template/container helper; supplied by its template definition
1212	SKIPPED	0002:000e4620 ?UnloadBank@?$InplaceAssetBankSet@VConfigStringBank@@@@MAEXW4TPakId@@@Z 008D3B20 f i core.o  SKIPPED: inline template/container helper; supplied by its template definition
1213	PORTED	0002:000e4680 ??0?$reserved_dlist@VRumbleEffectInstance@@@@QAE@XZ 008D3B80 f i core.o
1214	PORTED	0002:000e46a0 ?push_back@?$reserved_dlist@VRumbleEffectInstance@@@@QAEXPAVRumbleEffectInstance@@@Z 008D3BA0 f i core.o
1215	PORTED	0002:000e46d0 ?end@?$reserved_dlist@VRumbleEffectInstance@@@@QAE?AViterator@1@XZ 008D3BD0 f i core.o
1216	PORTED	0002:000e46f0 ?end@?$reserved_dlist@VRumbleEffectInstance@@@@QBE?AVconst_iterator@1@XZ 008D3BF0 f i core.o
1217	PORTED	0002:000e4710 ?back@?$ae_sized_array@PBVDbGraphNode@@$0IA@@@QAEAAPBVDbGraphNode@@XZ 008D3C10 f i core.o
1218	SKIPPED	0002:000e4730 ??C?$IVPointer@VDbTableSet@@@@QAEPAVDbTableSet@@XZ 008D3C30 f i core.o  SKIPPED: inline template/container helper; supplied by its template definition
1219	PORTED	0002:000e4750 ?begin@?$ae_sized_array@PBVDbTable@@$0BA@@@QAE?AViterator@1@XZ 008D3C50 f i core.o
1220	PORTED	0002:000e4760 ?end@?$ae_sized_array@PBVDbTable@@$0BA@@@QAE?AViterator@1@XZ 008D3C60 f i core.o
1221	SKIPPED	0002:000e4780 ??0?$ae_fixed_string@$0IA@E@@QAE@PBD@Z 008D3C80 f i core.o  SKIPPED: inline template/container helper; supplied by its template definition
1222	PORTED	0002:000e47b0 ??Diterator@?$reserved_dlist@VRumbleEffectInstance@@@@QAEPAVRumbleEffectInstance@@XZ 008D3CB0 f i core.o
1223	PORTED	0002:000e47c0 ??9iterator@?$reserved_dlist@VRumbleEffectInstance@@@@QBE_NABV01@@Z 008D3CC0 f i core.o
1224	PORTED	0002:000e47f0 ??Dconst_iterator@?$reserved_dlist@VRumbleEffectInstance@@@@QBEPBVRumbleEffectInstance@@XZ 008D3CF0 f i core.o
1225	PORTED	0002:000e4800 ??9const_iterator@?$reserved_dlist@VRumbleEffectInstance@@@@QBE_NABV01@@Z 008D3D00 f i core.o
1226	VERIFIED	0002:000e4830 ??0?$ae_formatted_string@$0EAA@G@@QAA@PBDZZ 008D3D30 f i core.o
1227	SKIPPED	0002:000e4890 ??0?$ae_fixed_string@$0BAA@G@@QAE@PBD@Z 008D3D90 f i core.o  SKIPPED: inline template/container helper; supplied by its template definition
1228	SKIPPED	0002:000e48d0 ?substr@?$ae_fixed_string@$0BAA@G@@QBEAAV1@AAV1@HH@Z 008D3DD0 f i core.o  SKIPPED: inline template/container helper; supplied by its template definition
1229	PORTED	0002:000e4920 ??0?$ae_sized_array_base@UPoolConfig@PoolAllocator@@$0BA@@@QAE@XZ 008D3E20 f i core.o
1230	SKIPPED	0002:000e4960 ??0?$_String_val@DV?$allocator@D@std@@@std@@IAE@V?$allocator@D@1@@Z 008D3E60 f i core.o  SKIPPED: STL/compiler helper; supplied by the toolchain/library
1231	PORTED	0002:000e4970 ?find@?$reserved_dlist@VEntityNotify@@@@QAE?AViterator@1@PAVEntityNotify@@@Z 008D3E70 f i core.o
1232	PORTED	0002:000e49c0 ??0iterator@?$reserved_dlist@VEntityNotifySet@@@@QAE@AAV1@@Z 008D3EC0 f i core.o
1233	PORTED	0002:000e4a10 ??0const_iterator@?$reserved_dlist@VEntityNotify@@@@QAE@ABV1@@Z 008D3F10 f i core.o
1234	PORTED	0002:000e4a60 ??0iterator@?$reserved_dlist@VEntityNotify@@@@QAE@AAV1@@Z 008D3F60 f i core.o
1235	PORTED	0002:000e4ab0 ??0iterator@?$reserved_dlist@VEndOnScriptNode@@@@QAE@AAV1@@Z 008D3FB0 f i core.o
1236	PORTED	0002:000e4b00 ?Rmv@?$BitSet@$0DB@@@QAEXH@Z 008D4000 f i core.o
1237	PORTED	0002:000e4b90 ?Add@?$BitSet@$0CAA@@@QAEXH@Z 008D4090 f i core.o
1238	PORTED	0002:000e4c20 ?Rmv@?$BitSet@$0CAA@@@QAEXH@Z 008D4120 f i core.o
1239	PORTED	0002:000e4cb0 ?DereferenceHandle@?$HandleDb@VSound@SoundDevice@@$0CAA@V?$SizedHandle@$0M@$0BE@@@@@QBEPAVSound@SoundDevice@@VHandle@@@Z 008D41B0 f i core.o
1240	PORTED	0002:000e4cf0 ?find@?$reserved_dlist@VRumbleEffectInstance@@@@QAE?AViterator@1@PAVRumbleEffectInstance@@@Z 008D41F0 f i core.o
1241	PORTED	0002:000e4d40 ?destroy_all@?$ae_vector@USmokeGrenadeInfo@@@@AAEXXZ 008D4240 f i core.o
1242	SKIPPED	0002:000e4d70 ??C?$IVPointer@VDbTableSet@@@@QBEPBVDbTableSet@@XZ 008D4270 f i core.o  SKIPPED: inline template/container helper; supplied by its template definition
1243	SKIPPED	0002:000e4d90 ??0?$ae_fixed_string@$0IA@E@@QAE@ABV0@@Z 008D4290 f i core.o  SKIPPED: inline template/container helper; supplied by its template definition
1244	SKIPPED	0002:000e4dd0 ??0?$_Vector_val@V?$basic_string@DU?$char_traits@D@std@@V?$allocator@D@2@@std@@V?$allocator@V?$basic_string@DU?$char_traits@D@std@@V?$allocator@D@2@@std@@@2@@std@@IAE@V?$allocator@V?$basic_string@DU?$char_traits@D@std@@V?$allocator@D@2@@std@@@1@@Z 008D42D0 f i core.o  SKIPPED: STL/compiler helper; supplied by the toolchain/library
1245	PORTED	0002:000e4de0 ??0iterator@?$reserved_dlist@VRumbleEffectInstance@@@@QAE@AAV1@@Z 008D42E0 f i core.o
1246	PORTED	0002:000e4e30 ??0const_iterator@?$reserved_dlist@VRumbleEffectInstance@@@@QAE@ABV1@@Z 008D4330 f i core.o
1247	PORTED	0002:000e4e80 ??0iterator@?$BitSet@$0CAA@@@QAE@ABV1@@Z 008D4380 f i core.o
1248	SKIPPED	0002:000e4ec0 ??Diterator@?$vector@V?$basic_string@DU?$char_traits@D@std@@V?$allocator@D@2@@std@@V?$allocator@V?$basic_string@DU?$char_traits@D@std@@V?$allocator@D@2@@std@@@2@@std@@QBEAAV?$basic_string@DU?$char_traits@D@std@@V?$allocator@D@2@@2@XZ 008D43C0 f i core.o  SKIPPED: STL/compiler helper; supplied by the toolchain/library
1249	SKIPPED	0002:000e4ed0 ??Hiterator@?$vector@V?$basic_string@DU?$char_traits@D@std@@V?$allocator@D@2@@std@@V?$allocator@V?$basic_string@DU?$char_traits@D@std@@V?$allocator@D@2@@std@@@2@@std@@QBE?AV012@H@Z 008D43D0 f i core.o  SKIPPED: STL/compiler helper; supplied by the toolchain/library
1250	SKIPPED	0002:000e4ef0 ?_Eos@?$basic_string@DU?$char_traits@D@std@@V?$allocator@D@2@@std@@IAEXI@Z 008D43F0 f i core.o  SKIPPED: STL/compiler helper; supplied by the toolchain/library
1251	PORTED	0002:000e4f20 ?Clear@?$BitSet@$0CAA@@@QAEXXZ 008D4420 f i core.o
1252	PORTED	0002:000e4f40 ??S?$BitSet@$0CAA@@@QBE?AV0@XZ 008D4440 f i core.o
1253	PORTED	0002:000e4f90 ?begin@?$BitSet@$0CAA@@@QBE?AViterator@1@XZ 008D4490 f i core.o
1254	PORTED	0002:000e4fd0 ?end@?$BitSet@$0CAA@@@QBE?AViterator@1@XZ 008D44D0 f i core.o
1255	SKIPPED	0002:000e4ff0 ?max_size@?$vector@V?$basic_string@DU?$char_traits@D@std@@V?$allocator@D@2@@std@@V?$allocator@V?$basic_string@DU?$char_traits@D@std@@V?$allocator@D@2@@std@@@2@@std@@QBEIXZ 008D44F0 f i core.o  SKIPPED: STL/compiler helper; supplied by the toolchain/library
1256	SKIPPED	0002:000e5000 ?allocate@?$allocator@V?$basic_string@DU?$char_traits@D@std@@V?$allocator@D@2@@std@@@std@@QAEPAV?$basic_string@DU?$char_traits@D@std@@V?$allocator@D@2@@2@I@Z 008D4500 f i core.o  SKIPPED: STL/compiler helper; supplied by the toolchain/library
1257	PORTED	0002:000e5020 ??9iterator@?$BitSet@$0CAA@@@QAE_NABV01@@Z 008D4520 f i core.o
1258	SKIPPED	0002:000e5070 ??0iterator@?$vector@V?$basic_string@DU?$char_traits@D@std@@V?$allocator@D@2@@std@@V?$allocator@V?$basic_string@DU?$char_traits@D@std@@V?$allocator@D@2@@std@@@2@@std@@QAE@PAV?$basic_string@DU?$char_traits@D@std@@V?$allocator@D@2@@2@@Z 008D4570 f i core.o  SKIPPED: STL/compiler helper; supplied by the toolchain/library
1259	SKIPPED	0002:000e5090 ??Giterator@?$vector@V?$basic_string@DU?$char_traits@D@std@@V?$allocator@D@2@@std@@V?$allocator@V?$basic_string@DU?$char_traits@D@std@@V?$allocator@D@2@@std@@@2@@std@@QBEHABVconst_iterator@12@@Z 008D4590 f i core.o  SKIPPED: STL/compiler helper; supplied by the toolchain/library
1260	SKIPPED	0002:000e50c0 ?max_size@?$basic_string@DU?$char_traits@D@std@@V?$allocator@D@2@@std@@QBEIXZ 008D45C0 f i core.o  SKIPPED: STL/compiler helper; supplied by the toolchain/library
1261	SKIPPED	0002:000e50d0 ?allocate@?$allocator@D@std@@QAEPADI@Z 008D45D0 f i core.o  SKIPPED: STL/compiler helper; supplied by the toolchain/library
1262	SKIPPED	0002:000e50f0 ??$Find@PBD@?$InplaceTree@VInplaceString@@I@@QBEPAIABQBD@Z 008D45F0 f i core.o  SKIPPED: inline template/container helper; supplied by its template definition
1263	SKIPPED	0002:000e5200 ??$GetFieldValuePtr@VInplaceString@@@DbRow@@QBEPBVInplaceString@@G@Z 008D4700 f i core.o  SKIPPED: inline template/container helper; supplied by its template definition
1264	PORTED	0002:000e5330 ??$Find@I@?$InplaceTree@II@@QBEPAIABI@Z 008D4830 f i core.o
1265	SKIPPED	0002:000e5400 ??$Find@I@?$InplaceAssetBank@VDialogueInstance@@V?$InplaceTree@II@@@@QBEPBVDialogueInstance@@ABI@Z 008D4900 f i core.o  SKIPPED: inline template/container helper; supplied by its template definition
1266	SKIPPED	0002:000e5440 ??$FindIndex@I@?$InplaceAssetBank@VStringTableEntry@@V?$InplaceTree@II@@@@QBE_NABIPAI@Z 008D4940 f i core.o  SKIPPED: inline template/container helper; supplied by its template definition
1267	PORTED	0002:000e5470 ??$safe_for_each@Viterator@?$reserved_dlist@VEntityNotify@@@@V?$DelFunctor@VEntityNotify@@@@@@YAXViterator@?$reserved_dlist@VEntityNotify@@@@0V?$DelFunctor@VEntityNotify@@@@@Z 008D4970 f i core.o
1268	SKIPPED	0002:000e54e0 ??A?$InplaceAssetBank@VDbTableSet@@V?$InplaceTree@VInplaceString@@I@@@@QAEPAVDbTableSet@@I@Z 008D49E0 f i core.o  SKIPPED: inline template/container helper; supplied by its template definition
1269	SKIPPED	0002:000e5560 ?Size@?$InplaceAssetBank@VConfigString@@V?$InplaceTree@VInplaceString@@I@@@@QBEIXZ 008D4A60 f i core.o  SKIPPED: inline template/container helper; supplied by its template definition
1270	SKIPPED	0002:000e5570 ??A?$InplaceAssetBank@VConfigString@@V?$InplaceTree@VInplaceString@@I@@@@QAEPAVConfigString@@I@Z 008D4A70 f i core.o  SKIPPED: inline template/container helper; supplied by its template definition
1271	PORTED	0002:000e55f0 ??R?$DelFunctor@VRumbleEffectInstance@@@@QAEXPAVRumbleEffectInstance@@@Z 008D4AF0 f i core.o
1272	SKIPPED	0002:000e5620 ??$FindIndex@PBD@?$InplaceAssetBank@VDbTableSet@@V?$InplaceTree@VInplaceString@@I@@@@QBE_NABQBDPAI@Z 008D4B20 f i core.o  SKIPPED: inline template/container helper; supplied by its template definition
1273	PORTED	0002:000e5650 ??$GetFieldValuePtr@M@DbRow@@QBEPBMG@Z 008D4B50 f i core.o
1274	SKIPPED	0002:000e5780 ??$FindIndex@PAD@?$InplaceAssetBank@VConfigString@@V?$InplaceTree@VInplaceString@@I@@@@QBE_NABQADPAI@Z 008D4C80 f i core.o  SKIPPED: inline template/container helper; supplied by its template definition
1275	VERIFIED	0002:000e57b0 ?DeleteInst@BankManager@@SAXXZ 008D4CB0 f i core.o
1276	VERIFIED	0002:000e5840 ?DeleteInst@PakManager@@SAXXZ 008D4D40 f i core.o
1277	PORTED	0002:000e58d0 ??$GetFieldValue@PBD@DbRow@@QBEPBDGPBD@Z 008D4DD0 f i core.o
1278	PORTED	0002:000e5900 ?AddField@DbFieldSet@@QAEXPAVDbField@@_N@Z 008D4E00 f i core.o
1279	PORTED	0002:000e5aa0 ?IsFieldSpecified@DbFieldSet@@QBE_NI@Z 008D4FA0 f i core.o
1280	VERIFIED	0002:000e5ac0 ?Clear@DbFieldSet@@QAEXXZ 008D4FC0 f i core.o
1281	PORTED	0002:000e5b80 ?GetFieldById@DbFieldSet@@QBEPBVDbField@@I@Z 008D5080 f i core.o
1282	PORTED	0002:000e5cd0 ?IsFieldWeakById@DbFieldSet@@QBE_NI@Z 008D51D0 f i core.o
1283	VERIFIED	0002:000e5cf0 ??0DestructibleBankManager@@QAE@XZ 008D51F0 f i core.o
1284	SKIPPED	0002:000e5d10 ??_GDestructibleBankManager@@UAEPAXI@Z 008D5210 f i core.o  SKIPPED: compiler-generated deleting destructor; supplied by the compiler
1285	SKIPPED	0002:000e5d10 ??_EDestructibleBankManager@@UAEPAXI@Z 008D5210 f i core.o  SKIPPED: compiler-generated deleting destructor; supplied by the compiler
1286	VERIFIED	0002:000e5d40 ??1DestructibleBankManager@@UAE@XZ 008D5240 f i core.o
1287	PORTED	0002:000e5d50 ?DereferenceHandle@EffectEventSys@@QBEPAVActiveEffectSet@@VHandle@@@Z 008D5250 f i core.o
1288	PORTED	0002:000e5da0 ?Clear@CachedQuery@EffectEventSys@@QAEXXZ 008D52A0 f i core.o
1289	PORTED	0002:000e5dc0 ?Clear@PendingQuery@EffectEventSys@@QAEXXZ 008D52C0 f i core.o
1290	VERIFIED	0002:000e5e20 ??0PhysDataBankManager@@QAE@XZ 008D5320 f i core.o
1291	SKIPPED	0002:000e5e40 ??_GPhysDataBankManager@@UAEPAXI@Z 008D5340 f i core.o  SKIPPED: compiler-generated deleting destructor; supplied by the compiler
1292	SKIPPED	0002:000e5e40 ??_EPhysDataBankManager@@UAEPAXI@Z 008D5340 f i core.o  SKIPPED: compiler-generated deleting destructor; supplied by the compiler
1293	VERIFIED	0002:000e5e70 ??1PhysDataBankManager@@UAE@XZ 008D5370 f i core.o
1294	VERIFIED	0002:000e5e80 ?CreateInst@DialogueManager@@SAXXZ 008D5380 f i core.o
1295	VERIFIED	0002:000e5f80 ??0DbTablesetMgr@@QAE@XZ 008D5480 f i core.o
1296	SKIPPED	0002:000e5fa0 ??_GDbTablesetMgr@@UAEPAXI@Z 008D54A0 f i core.o  SKIPPED: compiler-generated deleting destructor; supplied by the compiler
1297	SKIPPED	0002:000e5fa0 ??_EDbTablesetMgr@@UAEPAXI@Z 008D54A0 f i core.o  SKIPPED: compiler-generated deleting destructor; supplied by the compiler
1298	VERIFIED	0002:000e5fd0 ??1DbTablesetMgr@@UAE@XZ 008D54D0 f i core.o
1299	VERIFIED	0002:000e5fe0 ?DeleteInst@CtrlIcon@@SAXXZ 008D54E0 f i core.o
1300	VERIFIED	0002:000e6060 ??1?$ae_sized_array@UPendingQuery@EffectEventSys@@$0EA@@@QAE@XZ 008D5560 f i core.o
1301	SKIPPED	0002:000e6080 ??_EAbstractEffectParticle@@UAEPAXI@Z 008D5580 f i core.o  SKIPPED: compiler-generated deleting destructor; supplied by the compiler
1302	SKIPPED	0002:000e6080 ??_GAbstractEffectParticle@@UAEPAXI@Z 008D5580 f i core.o  SKIPPED: compiler-generated deleting destructor; supplied by the compiler
1303	SKIPPED	0002:000e60b0 ??_EConfigStringManager@@EAEPAXI@Z 008D55B0 f i core.o  SKIPPED: compiler-generated deleting destructor; supplied by the compiler
1304	SKIPPED	0002:000e60b0 ??_GConfigStringManager@@EAEPAXI@Z 008D55B0 f i core.o  SKIPPED: compiler-generated deleting destructor; supplied by the compiler
1305	SKIPPED	0002:000e60e0 ??_GSTBManager@@EAEPAXI@Z 008D55E0 f i core.o  SKIPPED: compiler-generated deleting destructor; supplied by the compiler
1306	SKIPPED	0002:000e60e0 ??_ESTBManager@@EAEPAXI@Z 008D55E0 f i core.o  SKIPPED: compiler-generated deleting destructor; supplied by the compiler
1307	PORTED	0002:000e6110 ?begin@?$reserved_dlist@VEndOnScriptNode@@@@QAE?AViterator@1@XZ 008D5610 f i core.o
1308	PORTED	0002:000e6160 ?begin@?$reserved_dlist@VEntityNotify@@@@QAE?AViterator@1@XZ 008D5660 f i core.o
1309	PORTED	0002:000e61b0 ?erase@?$reserved_dlist@VEntityNotify@@@@QAEXPAVEntityNotify@@@Z 008D56B0 f i core.o
1310	PORTED	0002:000e6250 ?begin@?$reserved_dlist@VEntityNotify@@@@QBE?AVconst_iterator@1@XZ 008D5750 f i core.o
1311	PORTED	0002:000e62a0 ?begin@?$reserved_dlist@VEntityNotifySet@@@@QAE?AViterator@1@XZ 008D57A0 f i core.o
1312	PORTED	0002:000e62f0 ?erase@?$reserved_dlist@VEntityNotifySet@@@@QAEXPAVEntityNotifySet@@@Z 008D57F0 f i core.o
1313	VERIFIED	0002:000e6390 ??0?$BitSet@$0EA@@@QAE@XZ 008D5890 f i core.o
1314	VERIFIED	0002:000e63b0 ??0?$BitSet@$0PP@@@QAE@XZ 008D58B0 f i core.o
1315	VERIFIED	0002:000e63e0 ??0?$BitSet@$0DB@@@QAE@XZ 008D58E0 f i core.o
1316	PORTED	0002:000e6400 ?Set@?$BitSet@$0DB@@@QAEXH_N@Z 008D5900 f i core.o
1317	PORTED	0002:000e6430 ?ReleaseHandle@?$HandleDb@VActiveEffectSet@@$0CAA@V?$SizedHandle@$08$0BH@@@@@QAEXVHandle@@@Z 008D5930 f i core.o
1318	VERIFIED	0002:000e6540 ??D?$DbLinkedHandle@VSoundHandleDb@SoundDevice@@VSound@2@@@QBEPAVSound@SoundDevice@@XZ 008D5A40 f i core.o
1319	VERIFIED	0002:000e6580 ??C?$DbLinkedHandle@VSoundHandleDb@SoundDevice@@VSound@2@@@QBEPAVSound@SoundDevice@@XZ 008D5A80 f i core.o
1320	PORTED	0002:000e65c0 ?begin@?$reserved_dlist@VRumbleEffectInstance@@@@QAE?AViterator@1@XZ 008D5AC0 f i core.o
1321	PORTED	0002:000e6610 ?erase@?$reserved_dlist@VRumbleEffectInstance@@@@QAE?AViterator@1@AAV21@@Z 008D5B10 f i core.o
1322	PORTED	0002:000e66f0 ?begin@?$reserved_dlist@VRumbleEffectInstance@@@@QBE?AVconst_iterator@1@XZ 008D5BF0 f i core.o
1323	PORTED	0002:000e6740 ??1?$ae_vector@USmokeGrenadeInfo@@@@QAE@XZ 008D5C40 f i core.o
1324	VERIFIED	0002:000e6770 ??0?$ae_sized_array@UPoolConfig@PoolAllocator@@$0BA@@@QAE@XZ 008D5C70 f i core.o
1325	SKIPPED	0002:000e67b0 ??B?$IVPointer@VDbTableSet@@@@QBE_NXZ 008D5CB0 f i core.o  SKIPPED: inline template/container helper; supplied by its template definition
1326	SKIPPED	0002:000e67d0 ?get_file_name@?$ae_fixed_string@$0IA@E@@QBE?AV1@_N@Z 008D5CD0 f i core.o  SKIPPED: inline template/container helper; supplied by its template definition
1327	SKIPPED	0002:000e6840 ?_Tidy@?$basic_string@DU?$char_traits@D@std@@V?$allocator@D@2@@std@@IAEX_NI@Z 008D5D40 f i core.o  SKIPPED: STL/compiler helper; supplied by the toolchain/library
1328	PORTED	0002:000e68b0 ?Dump@?$HandleDb@VActiveEffectSet@@$0CAA@V?$SizedHandle@$08$0BH@@@@@QAEXXZ 008D5DB0 f i core.o
1329	PORTED	0002:000e6990 ??0?$BitSet@$0CAA@@@QAE@XZ 008D5E90 f i core.o
1330	SKIPPED	0002:000e69c0 ?begin@?$vector@V?$basic_string@DU?$char_traits@D@std@@V?$allocator@D@2@@std@@V?$allocator@V?$basic_string@DU?$char_traits@D@std@@V?$allocator@D@2@@std@@@2@@std@@QAE?AViterator@12@XZ 008D5EC0 f i core.o  SKIPPED: STL/compiler helper; supplied by the toolchain/library
1331	SKIPPED	0002:000e69e0 ?end@?$vector@V?$basic_string@DU?$char_traits@D@std@@V?$allocator@D@2@@std@@V?$allocator@V?$basic_string@DU?$char_traits@D@std@@V?$allocator@D@2@@std@@@2@@std@@QAE?AViterator@12@XZ 008D5EE0 f i core.o  SKIPPED: STL/compiler helper; supplied by the toolchain/library
1332	SKIPPED	0002:000e6a00 ?erase@?$basic_string@DU?$char_traits@D@std@@V?$allocator@D@2@@std@@QAEAAV12@II@Z 008D5F00 f i core.o  SKIPPED: STL/compiler helper; supplied by the toolchain/library
1333	SKIPPED	0002:000e6aa0 ?_Copy@?$basic_string@DU?$char_traits@D@std@@V?$allocator@D@2@@std@@IAEXII@Z 008D5FA0 f i core.o  SKIPPED: STL/compiler helper; supplied by the toolchain/library
1334	PORTED	0002:000e6c40 ??$Where@VDbQueryString@@@DbQuery@@QAEXHABVDbQueryString@@_N@Z 008D6140 f i core.o
1335	PORTED	0002:000e7010 ??$Where@H@DbQuery@@QAEXHABH_N@Z 008D6510 f i core.o
1336	PORTED	0002:000e73f0 ??$Where@M@DbQuery@@QAEXHABM_N@Z 008D68F0 f i core.o
1337	SKIPPED	0002:000e77d0 ??$Find@PBDV?$IVPointer@VDbTableSet@@@@@?$InplaceAssetBankSet@VDbTablesetBank@@@@QBE?AV?$IVPointer@VDbTableSet@@@@W4TPakId@@PBDV?$AeType@V?$IVPointer@VDbTableSet@@@@@@PAW42@@Z 008D6CD0 f i core.o  SKIPPED: inline template/container helper; supplied by its template definition
1338	PORTED	0002:000e7980 ??$GetFieldValue@M@DbRow@@QBEMGM@Z 008D6E80 f i core.o
1339	SKIPPED	0002:000e79c0 ??$Find@PADV?$IVPointer@VConfigString@@@@@?$InplaceAssetBankSet@VConfigStringBank@@@@QBE?AV?$IVPointer@VConfigString@@@@W4TPakId@@PADV?$AeType@V?$IVPointer@VConfigString@@@@@@PAW42@@Z 008D6EC0 f i core.o  SKIPPED: inline template/container helper; supplied by its template definition
1340	SKIPPED	0002:000e7b70 ??$PredicateSearch@VTypeCallbackSearch@@V?$IVPointer@VConfigString@@@@@?$InplaceAssetBankSet@VConfigStringBank@@@@QBE?AV?$IVPointer@VConfigString@@@@W4TPakId@@VTypeCallbackSearch@@V?$AeType@V?$IVPointer@VConfigString@@@@@@@Z 008D7070 f i core.o  SKIPPED: inline template/container helper; supplied by its template definition
1341	PORTED	0002:000e7de0 ??$safe_for_each@Viterator@?$reserved_dlist@VRumbleEffectInstance@@@@V?$DelFunctor@VRumbleEffectInstance@@@@@@YAXViterator@?$reserved_dlist@VRumbleEffectInstance@@@@0V?$DelFunctor@VRumbleEffectInstance@@@@@Z 008D72E0 f i core.o
1342	VERIFIED	0002:000e7e40 ??0DbFieldSet@@QAE@XZ 008D7340 f i core.o
1343	VERIFIED	0002:000e7ee0 ??1DbFieldSet@@UAE@XZ 008D73E0 f i core.o
1344	SKIPPED	0002:000e7ef0 ??_GDbFieldSet@@UAEPAXI@Z 008D73F0 f i core.o  SKIPPED: compiler-generated deleting destructor; supplied by the compiler
1345	SKIPPED	0002:000e7ef0 ??_EDbFieldSet@@UAEPAXI@Z 008D73F0 f i core.o  SKIPPED: compiler-generated deleting destructor; supplied by the compiler
1346	PORTED	0002:000e7f20 ??0DbQuery@@QAE@ABVDbTable@@@Z 008D7420 f i core.o
1347	VERIFIED	0002:000e7f60 ??1DbQuery@@UAE@XZ 008D7460 f i core.o
1348	SKIPPED	0002:000e7fb0 ??_GDbQuery@@UAEPAXI@Z 008D74B0 f i core.o  SKIPPED: compiler-generated deleting destructor; supplied by the compiler
1349	SKIPPED	0002:000e7fb0 ??_EDbQuery@@UAEPAXI@Z 008D74B0 f i core.o  SKIPPED: compiler-generated deleting destructor; supplied by the compiler
1350	PORTED	0002:000e7fe0 ?CreateInst@DestructibleBankManager@@SAXXZ 008D74E0 f i core.o
1351	VERIFIED	0002:000e80f0 ??0CachedQuery@EffectEventSys@@QAE@XZ 008D75F0 f i core.o
1352	PORTED	0002:000e8120 ?Where@CachedQuery@EffectEventSys@@QAEXHABH_N@Z 008D7620 f i core.o
1353	PORTED	0002:000e82b0 ?Where@CachedQuery@EffectEventSys@@QAEXHABVDbQueryString@@_N@Z 008D77B0 f i core.o
1354	PORTED	0002:000e8390 ?ConstructQuery@CachedQuery@EffectEventSys@@QBEXAAVDbQuery@@@Z 008D7890 f i core.o
1355	VERIFIED	0002:000e8620 ??0PendingQuery@EffectEventSys@@QAE@XZ 008D7B20 f i core.o
1356	PORTED	0002:000e86f0 ?CreateInst@PhysDataBankManager@@SAXXZ 008D7BF0 f i core.o
1357	VERIFIED	0002:000e8800 ?CreateInst@STBManager@@SAXXZ 008D7D00 f i core.o
1358	PORTED	0002:000e8910 ?CreateInst@DbTablesetMgr@@SAXXZ 008D7E10 f i core.o
1359	VERIFIED	0002:000e8a20 ?CreateInst@ConfigStringManager@@SAXXZ 008D7F20 f i core.o
1360	PORTED	0002:000e8b30 ?GetOwner@AbstractEffect@@QBEPAVEntity@@XZ 008D8030 f i core.o
1361	PORTED	0002:000e8b70 ?CreateInst@RumbleManager@@SAXXZ 008D8070 f i core.o
1362	PORTED	0002:000e8c50 ??0SmokeGrenadeMgr@@QAE@XZ 008D8150 f i core.o
1363	SKIPPED	0002:000e8c60 ??1?$basic_string@DU?$char_traits@D@std@@V?$allocator@D@2@@std@@QAE@XZ 008D8160 f i core.o  SKIPPED: STL/compiler helper; supplied by the toolchain/library
1364	PORTED	0002:000e8c90 ?delete_all@?$reserved_dlist@VEntityNotify@@@@QAEXXZ 008D8190 f i core.o
1365	PORTED	0002:000e8cf0 ??0?$HandleDb@VActiveEffectSet@@$0CAA@V?$SizedHandle@$08$0BH@@@@@QAE@XZ 008D81F0 f i core.o
1366	PORTED	0002:000e8d50 ?AllocateHandle@?$HandleDb@VActiveEffectSet@@$0CAA@V?$SizedHandle@$08$0BH@@@@@QAE?AV?$SizedHandle@$08$0BH@@@XZ 008D8250 f i core.o
1367	PORTED	0002:000e8e30 ?delete_all@?$reserved_dlist@VRumbleEffectInstance@@@@QAEXXZ 008D8330 f i core.o
1368	SKIPPED	0002:000e8e90 ??A?$vector@V?$basic_string@DU?$char_traits@D@std@@V?$allocator@D@2@@std@@V?$allocator@V?$basic_string@DU?$char_traits@D@std@@V?$allocator@D@2@@std@@@2@@std@@QAEAAV?$basic_string@DU?$char_traits@D@std@@V?$allocator@D@2@@1@I@Z 008D8390 f i core.o  SKIPPED: STL/compiler helper; supplied by the toolchain/library
1369	PORTED	0002:000e8eb0 ??0?$ae_sized_array_base@UPendingQuery@EffectEventSys@@$0EA@@@QAE@XZ 008D83B0 f i core.o
1370	SKIPPED	0002:000e8ee0 ?_Grow@?$basic_string@DU?$char_traits@D@std@@V?$allocator@D@2@@std@@IAE_NI_N@Z 008D83E0 f i core.o  SKIPPED: STL/compiler helper; supplied by the toolchain/library
1371	PORTED	0002:000e8ff0 ??$Where@W4ECollisionMaterial@@@EffectEventSys@@QAEXHABW4ECollisionMaterial@@_N@Z 008D84F0 f i core.o
1372	PORTED	0002:000e9040 ??$Where@W4EEffectContext@@@EffectEventSys@@QAEXHABW4EEffectContext@@_N@Z 008D8540 f i core.o
1373	PORTED	0002:000e9090 ??$Where@PBD@EffectEventSys@@QAEXHABQBD_N@Z 008D8590 f i core.o
1374	PORTED	0002:000e9100 ??$Where@W4EStanceType@@@EffectEventSys@@QAEXHABW4EStanceType@@_N@Z 008D8600 f i core.o
1375	PORTED	0002:000e9150 ??$Where@W4EAction@@@EffectEventSys@@QAEXHABW4EAction@@_N@Z 008D8650 f i core.o
1376	PORTED	0002:000e91a0 ??$Where@H@EffectEventSys@@QAEXHABH_N@Z 008D86A0 f i core.o
1377	PORTED	0002:000e91e0 ??$Where@W4EWeaponClass@@@EffectEventSys@@QAEXHABW4EWeaponClass@@_N@Z 008D86E0 f i core.o
1378	PORTED	0002:000e9230 ??$delete_container_elements@V?$reserved_dlist@VRumbleEffectInstance@@@@@@YAXAAV?$reserved_dlist@VRumbleEffectInstance@@@@@Z 008D8730 f i core.o
1379	SKIPPED	0002:000e9280 ??_G?$basic_string@DU?$char_traits@D@std@@V?$allocator@D@2@@std@@QAEPAXI@Z 008D8780 f i core.o  SKIPPED: compiler-generated deleting destructor; supplied by the compiler
1380	SKIPPED	0002:000e92d0 ??1logic_error@std@@UAE@XZ 008D87D0 f i core.o  SKIPPED: STL/compiler helper; supplied by the toolchain/library
1381	SKIPPED	0002:000e9360 ?what@logic_error@std@@UBEPBDXZ 008D8860 f i core.o  SKIPPED: STL/compiler helper; supplied by the toolchain/library
1382	SKIPPED	0002:000e9380 ??_Glogic_error@std@@UAEPAXI@Z 008D8880 f i core.o  SKIPPED: compiler-generated deleting destructor; supplied by the compiler
1383	SKIPPED	0002:000e9380 ??_Elogic_error@std@@UAEPAXI@Z 008D8880 f i core.o  SKIPPED: compiler-generated deleting destructor; supplied by the compiler
1384	SKIPPED	0002:000e93b0 ??_GEntityNotifySet@@QAEPAXI@Z 008D88B0 f i core.o  SKIPPED: compiler-generated deleting destructor; supplied by the compiler
1385	VERIFIED	0002:000e93e0 ?GetDebugString@AbstractEffect@@UBE?AVstring@Broc@@XZ 008D88E0 f i core.o
1386	PORTED	0002:000e9410 ?CreateInst@SmokeGrenadeMgr@@SAXXZ 008D8910 f i core.o
1387	SKIPPED	0002:000e94c0 ??_GActiveEffectSet@@QAEPAXI@Z 008D89C0 f i core.o  SKIPPED: compiler-generated deleting destructor; supplied by the compiler
1388	SKIPPED	0002:000e94f0 ??_GAbstractEffectSound@@UAEPAXI@Z 008D89F0 f i core.o  SKIPPED: compiler-generated deleting destructor; supplied by the compiler
1389	SKIPPED	0002:000e94f0 ??_EAbstractEffectSound@@UAEPAXI@Z 008D89F0 f i core.o  SKIPPED: compiler-generated deleting destructor; supplied by the compiler
1390	PORTED	0002:000e9520 ?PlayQueuedEffect@AbstractEffectShakeAndRumble@@UAEXXZ 008D8A20 f i core.o
1391	VERIFIED	0002:000e9530 ??0?$ae_sized_array@UPendingQuery@EffectEventSys@@$0EA@@@QAE@XZ 008D8A30 f i core.o
1392	SKIPPED	0002:000e9570 ?assign@?$basic_string@DU?$char_traits@D@std@@V?$allocator@D@2@@std@@QAEAAV12@ABV12@II@Z 008D8A70 f i core.o  SKIPPED: STL/compiler helper; supplied by the toolchain/library
1393	SKIPPED	0002:000e96b0 ?assign@?$basic_string@DU?$char_traits@D@std@@V?$allocator@D@2@@std@@QAEAAV12@PBDI@Z 008D8BB0 f i core.o  SKIPPED: STL/compiler helper; supplied by the toolchain/library
1394	SKIPPED	0002:000e97e0 ?assign@?$basic_string@DU?$char_traits@D@std@@V?$allocator@D@2@@std@@QAEAAV12@ABV12@@Z 008D8CE0 f i core.o  SKIPPED: STL/compiler helper; supplied by the toolchain/library
1395	SKIPPED	0002:000e9800 ??$_Destroy@V?$basic_string@DU?$char_traits@D@std@@V?$allocator@D@2@@std@@@std@@YAXPAV?$basic_string@DU?$char_traits@D@std@@V?$allocator@D@2@@0@@Z 008D8D00 f i core.o  SKIPPED: STL/compiler helper; supplied by the toolchain/library
1396	SKIPPED	0002:000e9840 ??_GRumbleManager@@QAEPAXI@Z 008D8D40 f i core.o  SKIPPED: compiler-generated deleting destructor; supplied by the compiler
1397	SKIPPED	0002:000e9870 ??_EAbstractEffectShakeAndRumble@@UAEPAXI@Z 008D8D70 f i core.o  SKIPPED: compiler-generated deleting destructor; supplied by the compiler
1398	SKIPPED	0002:000e9870 ??_GAbstractEffectShakeAndRumble@@UAEPAXI@Z 008D8D70 f i core.o  SKIPPED: compiler-generated deleting destructor; supplied by the compiler
1399	SKIPPED	0002:000e98a0 ??0?$basic_string@DU?$char_traits@D@std@@V?$allocator@D@2@@std@@QAE@ABV01@@Z 008D8DA0 f i core.o  SKIPPED: STL/compiler helper; supplied by the toolchain/library
1400	SKIPPED	0002:000e98e0 ?assign@?$basic_string@DU?$char_traits@D@std@@V?$allocator@D@2@@std@@QAEAAV12@PBD@Z 008D8DE0 f i core.o  SKIPPED: STL/compiler helper; supplied by the toolchain/library
1401	SKIPPED	0002:000e9910 ??4?$basic_string@DU?$char_traits@D@std@@V?$allocator@D@2@@std@@QAEAAV01@ABV01@@Z 008D8E10 f i core.o  SKIPPED: STL/compiler helper; supplied by the toolchain/library
1402	SKIPPED	0002:000e9930 ??$_Copy_backward_opt@PAV?$basic_string@DU?$char_traits@D@std@@V?$allocator@D@2@@std@@PAV12@@std@@YAPAV?$basic_string@DU?$char_traits@D@std@@V?$allocator@D@2@@0@PAV10@00U_Nonscalar_ptr_iterator_tag@0@@Z 008D8E30 f i core.o  SKIPPED: STL/compiler helper; supplied by the toolchain/library
1403	SKIPPED	0002:000e9980 ?destroy@?$allocator@V?$basic_string@DU?$char_traits@D@std@@V?$allocator@D@2@@std@@@std@@QAEXPAV?$basic_string@DU?$char_traits@D@std@@V?$allocator@D@2@@2@@Z 008D8E80 f i core.o  SKIPPED: STL/compiler helper; supplied by the toolchain/library
1404	SKIPPED	0002:000e99c0 ??$_Construct@V?$basic_string@DU?$char_traits@D@std@@V?$allocator@D@2@@std@@V12@@std@@YAXPAV?$basic_string@DU?$char_traits@D@std@@V?$allocator@D@2@@0@ABV10@@Z 008D8EC0 f i core.o  SKIPPED: STL/compiler helper; supplied by the toolchain/library
1405	SKIPPED	0002:000e9a30 ??0logic_error@std@@QAE@ABV?$basic_string@DU?$char_traits@D@std@@V?$allocator@D@2@@1@@Z 008D8F30 f i core.o  SKIPPED: STL/compiler helper; supplied by the toolchain/library
1406	SKIPPED	0002:000e9ab0 ??0length_error@std@@QAE@ABV?$basic_string@DU?$char_traits@D@std@@V?$allocator@D@2@@1@@Z 008D8FB0 f i core.o  SKIPPED: STL/compiler helper; supplied by the toolchain/library
1407	SKIPPED	0002:000e9ae0 ??_Glength_error@std@@UAEPAXI@Z 008D8FE0 f i core.o  SKIPPED: compiler-generated deleting destructor; supplied by the compiler
1408	SKIPPED	0002:000e9ae0 ??_Elength_error@std@@UAEPAXI@Z 008D8FE0 f i core.o  SKIPPED: compiler-generated deleting destructor; supplied by the compiler
1409	SKIPPED	0002:000e9b10 ??1length_error@std@@UAE@XZ 008D9010 f i core.o  SKIPPED: STL/compiler helper; supplied by the toolchain/library
1410	PORTED	0002:000e9b20 ?CreateInst@EffectEventSys@@SAXXZ 008D9020 f i core.o
1411	SKIPPED	0002:000e9c20 ??_GEffectEventSys@@QAEPAXI@Z 008D9120 f i core.o  SKIPPED: compiler-generated deleting destructor; supplied by the compiler
1412	VERIFIED	0002:000e9c50 ?DeleteInst@RumbleManager@@SAXXZ 008D9150 f i core.o
1413	SKIPPED	0002:000e9ce0 ??0?$basic_string@DU?$char_traits@D@std@@V?$allocator@D@2@@std@@QAE@PBD@Z 008D91E0 f i core.o  SKIPPED: STL/compiler helper; supplied by the toolchain/library
1414	SKIPPED	0002:000e9d30 ?_Xlen@?$vector@V?$basic_string@DU?$char_traits@D@std@@V?$allocator@D@2@@std@@V?$allocator@V?$basic_string@DU?$char_traits@D@std@@V?$allocator@D@2@@std@@@2@@std@@IBEXXZ 008D9230 f i core.o  SKIPPED: STL/compiler helper; supplied by the toolchain/library
1415	SKIPPED	0002:000e9db0 ??0logic_error@std@@QAE@ABV01@@Z 008D92B0 f i core.o  SKIPPED: STL/compiler helper; supplied by the toolchain/library
1416	SKIPPED	0002:000e9e30 ??0length_error@std@@QAE@ABV01@@Z 008D9330 f i core.o  SKIPPED: STL/compiler helper; supplied by the toolchain/library
1417	SKIPPED	0002:000e9e60 ??$fill@PAV?$basic_string@DU?$char_traits@D@std@@V?$allocator@D@2@@std@@V12@@std@@YAXPAV?$basic_string@DU?$char_traits@D@std@@V?$allocator@D@2@@0@0ABV10@@Z 008D9360 f i core.o  SKIPPED: STL/compiler helper; supplied by the toolchain/library
1418	SKIPPED	0002:000e9ea0 ??$copy_backward@PAV?$basic_string@DU?$char_traits@D@std@@V?$allocator@D@2@@std@@PAV12@@std@@YAPAV?$basic_string@DU?$char_traits@D@std@@V?$allocator@D@2@@0@PAV10@00@Z 008D93A0 f i core.o  SKIPPED: STL/compiler helper; supplied by the toolchain/library
1419	SKIPPED	0002:000e9ed0 ??$_Destroy_range@V?$basic_string@DU?$char_traits@D@std@@V?$allocator@D@2@@std@@V?$allocator@V?$basic_string@DU?$char_traits@D@std@@V?$allocator@D@2@@std@@@2@@std@@YAXPAV?$basic_string@DU?$char_traits@D@std@@V?$allocator@D@2@@0@0AAV?$allocator@V?$basic_string@DU?$char_traits@D@std@@V?$allocator@D@2@@std@@@0@U_Nonscalar_ptr_iterator_tag@0@@Z 008D93D0 f i core.o  SKIPPED: STL/compiler helper; supplied by the toolchain/library
1420	SKIPPED	0002:000e9f20 ?construct@?$allocator@V?$basic_string@DU?$char_traits@D@std@@V?$allocator@D@2@@std@@@std@@QAEXPAV?$basic_string@DU?$char_traits@D@std@@V?$allocator@D@2@@2@ABV32@@Z 008D9420 f i core.o  SKIPPED: STL/compiler helper; supplied by the toolchain/library
1421	SKIPPED	0002:000e9f40 ??$_Uninit_copy@PAV?$basic_string@DU?$char_traits@D@std@@V?$allocator@D@2@@std@@PAV12@V?$allocator@V?$basic_string@DU?$char_traits@D@std@@V?$allocator@D@2@@std@@@2@@std@@YAPAV?$basic_string@DU?$char_traits@D@std@@V?$allocator@D@2@@0@PAV10@00AAV?$allocator@V?$basic_string@DU?$char_traits@D@std@@V?$allocator@D@2@@std@@@0@U_Nonscalar_ptr_iterator_tag@0@@Z 008D9440 f i core.o  SKIPPED: STL/compiler helper; supplied by the toolchain/library
1422	VERIFIED	0002:000ea010 ?DeleteInst@EffectEventSys@@SAXXZ 008D9510 f i core.o
1423	SKIPPED	0002:000ea0a0 ?_Buy@?$vector@V?$basic_string@DU?$char_traits@D@std@@V?$allocator@D@2@@std@@V?$allocator@V?$basic_string@DU?$char_traits@D@std@@V?$allocator@D@2@@std@@@2@@std@@IAE_NI@Z 008D95A0 f i core.o  SKIPPED: STL/compiler helper; supplied by the toolchain/library
1424	SKIPPED	0002:000ea110 ??$_Destroy_range@V?$basic_string@DU?$char_traits@D@std@@V?$allocator@D@2@@std@@V?$allocator@V?$basic_string@DU?$char_traits@D@std@@V?$allocator@D@2@@std@@@2@@std@@YAXPAV?$basic_string@DU?$char_traits@D@std@@V?$allocator@D@2@@0@0AAV?$allocator@V?$basic_string@DU?$char_traits@D@std@@V?$allocator@D@2@@std@@@0@@Z 008D9610 f i core.o  SKIPPED: STL/compiler helper; supplied by the toolchain/library
1425	SKIPPED	0002:000ea140 ??$_Uninit_fill_n@PAV?$basic_string@DU?$char_traits@D@std@@V?$allocator@D@2@@std@@IV12@V?$allocator@V?$basic_string@DU?$char_traits@D@std@@V?$allocator@D@2@@std@@@2@@std@@YAXPAV?$basic_string@DU?$char_traits@D@std@@V?$allocator@D@2@@0@IABV10@AAV?$allocator@V?$basic_string@DU?$char_traits@D@std@@V?$allocator@D@2@@std@@@0@U_Nonscalar_ptr_iterator_tag@0@@Z 008D9640 f i core.o  SKIPPED: STL/compiler helper; supplied by the toolchain/library
1426	SKIPPED	0002:000ea210 ??$_Uninitialized_copy@PAV?$basic_string@DU?$char_traits@D@std@@V?$allocator@D@2@@std@@PAV12@V?$allocator@V?$basic_string@DU?$char_traits@D@std@@V?$allocator@D@2@@std@@@2@@std@@YAPAV?$basic_string@DU?$char_traits@D@std@@V?$allocator@D@2@@0@PAV10@00AAV?$allocator@V?$basic_string@DU?$char_traits@D@std@@V?$allocator@D@2@@std@@@0@@Z 008D9710 f i core.o  SKIPPED: STL/compiler helper; supplied by the toolchain/library
1427	SKIPPED	0002:000ea240 ??0?$vector@V?$basic_string@DU?$char_traits@D@std@@V?$allocator@D@2@@std@@V?$allocator@V?$basic_string@DU?$char_traits@D@std@@V?$allocator@D@2@@std@@@2@@std@@QAE@XZ 008D9740 f i core.o  SKIPPED: STL/compiler helper; supplied by the toolchain/library
1428	SKIPPED	0002:000ea260 ?_Destroy@?$vector@V?$basic_string@DU?$char_traits@D@std@@V?$allocator@D@2@@std@@V?$allocator@V?$basic_string@DU?$char_traits@D@std@@V?$allocator@D@2@@std@@@2@@std@@IAEXPAV?$basic_string@DU?$char_traits@D@std@@V?$allocator@D@2@@2@0@Z 008D9760 f i core.o  SKIPPED: STL/compiler helper; supplied by the toolchain/library
1429	SKIPPED	0002:000ea290 ??$_Uninitialized_fill_n@PAV?$basic_string@DU?$char_traits@D@std@@V?$allocator@D@2@@std@@IV12@V?$allocator@V?$basic_string@DU?$char_traits@D@std@@V?$allocator@D@2@@std@@@2@@std@@YAXPAV?$basic_string@DU?$char_traits@D@std@@V?$allocator@D@2@@0@IABV10@AAV?$allocator@V?$basic_string@DU?$char_traits@D@std@@V?$allocator@D@2@@std@@@0@@Z 008D9790 f i core.o  SKIPPED: STL/compiler helper; supplied by the toolchain/library
1430	SKIPPED	0002:000ea2c0 ??$_Ucopy@PAV?$basic_string@DU?$char_traits@D@std@@V?$allocator@D@2@@std@@@?$vector@V?$basic_string@DU?$char_traits@D@std@@V?$allocator@D@2@@std@@V?$allocator@V?$basic_string@DU?$char_traits@D@std@@V?$allocator@D@2@@std@@@2@@std@@IAEPAV?$basic_string@DU?$char_traits@D@std@@V?$allocator@D@2@@1@PAV21@00@Z 008D97C0 f i core.o  SKIPPED: STL/compiler helper; supplied by the toolchain/library
1431	SKIPPED	0002:000ea2f0 ?_Tidy@?$vector@V?$basic_string@DU?$char_traits@D@std@@V?$allocator@D@2@@std@@V?$allocator@V?$basic_string@DU?$char_traits@D@std@@V?$allocator@D@2@@std@@@2@@std@@IAEXXZ 008D97F0 f i core.o  SKIPPED: STL/compiler helper; supplied by the toolchain/library
1432	SKIPPED	0002:000ea350 ?_Ufill@?$vector@V?$basic_string@DU?$char_traits@D@std@@V?$allocator@D@2@@std@@V?$allocator@V?$basic_string@DU?$char_traits@D@std@@V?$allocator@D@2@@std@@@2@@std@@IAEPAV?$basic_string@DU?$char_traits@D@std@@V?$allocator@D@2@@2@PAV32@IABV32@@Z 008D9850 f i core.o  SKIPPED: STL/compiler helper; supplied by the toolchain/library
1433	SKIPPED	0002:000ea390 ?_Insert_n@?$vector@V?$basic_string@DU?$char_traits@D@std@@V?$allocator@D@2@@std@@V?$allocator@V?$basic_string@DU?$char_traits@D@std@@V?$allocator@D@2@@std@@@2@@std@@IAEXViterator@12@IABV?$basic_string@DU?$char_traits@D@std@@V?$allocator@D@2@@2@@Z 008D9890 f i core.o  SKIPPED: STL/compiler helper; supplied by the toolchain/library
1434	SKIPPED	0002:000ea7a0 ??1?$vector@V?$basic_string@DU?$char_traits@D@std@@V?$allocator@D@2@@std@@V?$allocator@V?$basic_string@DU?$char_traits@D@std@@V?$allocator@D@2@@std@@@2@@std@@QAE@XZ 008D9CA0 f i core.o  SKIPPED: STL/compiler helper; supplied by the toolchain/library
1435	SKIPPED	0002:000ea800 ?clear@?$vector@V?$basic_string@DU?$char_traits@D@std@@V?$allocator@D@2@@std@@V?$allocator@V?$basic_string@DU?$char_traits@D@std@@V?$allocator@D@2@@std@@@2@@std@@QAEXXZ 008D9D00 f i core.o  SKIPPED: STL/compiler helper; supplied by the toolchain/library
1436	SKIPPED	0002:000ea860 ?insert@?$vector@V?$basic_string@DU?$char_traits@D@std@@V?$allocator@D@2@@std@@V?$allocator@V?$basic_string@DU?$char_traits@D@std@@V?$allocator@D@2@@std@@@2@@std@@QAE?AViterator@12@V312@ABV?$basic_string@DU?$char_traits@D@std@@V?$allocator@D@2@@2@@Z 008D9D60 f i core.o  SKIPPED: STL/compiler helper; supplied by the toolchain/library
1437	SKIPPED	0002:000ea8f0 ?push_back@?$vector@V?$basic_string@DU?$char_traits@D@std@@V?$allocator@D@2@@std@@V?$allocator@V?$basic_string@DU?$char_traits@D@std@@V?$allocator@D@2@@std@@@2@@std@@QAEXABV?$basic_string@DU?$char_traits@D@std@@V?$allocator@D@2@@2@@Z 008D9DF0 f i core.o  SKIPPED: STL/compiler helper; supplied by the toolchain/library
