index	status	map_line
1	VERIFIED	0002:00048920 ??0Color@@QAE@XZ 00837E20 f i g.o
2	VERIFIED	0002:00048930 ??0Color@@QAE@MMMM@Z 00837E30 f i g.o
3	VERIFIED	0002:00048970 ??0Color@@QAE@ABV0@@Z 00837E70 f i g.o
4	VERIFIED	0002:000489a0 ??4Color@@QAEAAV0@ABV0@@Z 00837EA0 f i g.o
5	VERIFIED	0002:000489d0 ?Inst@DebugRender@@SAPAV1@XZ 00837ED0 f i g.o
6	SKIPPED	0002:000489e0 ??2@YAPAXIPAX@Z 00837EE0 f i g.o  SKIPPED: STL/compiler helper; supplied by the toolchain/library
7	SKIPPED	0002:000489f0 ??3@YAXPAX0@Z 00837EF0 f i g.o  SKIPPED: STL/compiler helper; supplied by the toolchain/library
8	SKIPPED	0002:00048a00 ?c_str@InplaceString@@QBEPBDXZ 00837F00 f i g.o  SKIPPED: inline template/container helper; supplied by its template definition
9	SKIPPED	0002:00048a10 ??BInplaceString@@QBEPBDXZ 00837F10 f i g.o  SKIPPED: inline template/container helper; supplied by its template definition
10	SKIPPED	0002:00048a20 ??MInplaceString@@QBE_NPBD@Z 00837F20 f i g.o  SKIPPED: inline template/container helper; supplied by its template definition
11	SKIPPED	0002:00048a50 ??8InplaceString@@QBE_NPBD@Z 00837F50 f i g.o  SKIPPED: inline template/container helper; supplied by its template definition
12	SKIPPED	0002:00048a80 ??9InplaceString@@QBE_NPBD@Z 00837F80 f i g.o  SKIPPED: inline template/container helper; supplied by its template definition
13	VERIFIED	0002:00048ab0 ?Inst@StreamZoneManager@@SAPAV1@XZ 00837FB0 f i g.o
14	VERIFIED	0002:00048ac0 ?GetLastCellNum@StreamZoneManager@@QBEHXZ 00837FC0 f i g.o
15	VERIFIED	0002:00048ad0 ?GetInitialCell@StreamZoneManager@@QBEHXZ 00837FD0 f i g.o
16	VERIFIED	0002:00048ae0 ?GetInitialPosition@StreamZoneManager@@QBE?AVPosition3@math@@XZ 00837FE0 f i g.o
17	VERIFIED	0002:00048b20 ?Inst@ServerTime@@SAPAV1@XZ 00838020 f i g.o
18	VERIFIED	0002:00048b30 ?GetTickMSec@ServerTime@@QBEHXZ 00838030 f i g.o
19	VERIFIED	0002:00048b40 ?GetTickDelta@ServerTime@@QBEMXZ 00838040 f i g.o
20	VERIFIED	0002:00048b50 ?Init@StatusBar@@YAXXZ 00838050 f g.o
21	VERIFIED	0002:00048b70 ?RenderResources@MemGraph@@YAXXZ 00838070 f g.o
22	VERIFIED	0002:00048b80 ?Init@DObjHandleDb@@QAEXXZ 00838080 f g.o
23	VERIFIED	0002:00048bb0 ?Player_CheckFriendlyFireUse@@YA_NPAVPlayerState@@@Z 008380B0 f g.o
24	VERIFIED	0002:00048bd0 ?G_SetClientSound@@YAXPAVEntity@@@Z 008380D0 f g.o
25	VERIFIED	0002:00048be0 ?GetEntityTouchTriggerType@@YAHPAVEntity@@@Z 008380E0 f g.o
26	VERIFIED	0002:00048e40 ?G_RunClient@@YAXPAVEntity@@@Z 00838340 f g.o
27	VERIFIED	0002:00048e50 ?G_SetClientContents@@YAXPAVEntity@@@Z 00838350 f g.o
28	VERIFIED	0002:00048f00 ?ClientInactivityTimer@@YAHPAVEntity@@@Z 00838400 f g.o
29	VERIFIED	0002:00048f10 ?ClientSpectatorInactivityTimer@@YAHPAVEntity@@@Z 00838410 f g.o
30	VERIFIED	0002:00048f20 ?ClientIntermissionThink@@YAXPAVEntity@@PAUusercmd_s@@@Z 00838420 f g.o
31	VERIFIED	0002:00048f50 ?IntermissionClientEndFrame@@YAXPAVEntity@@@Z 00838450 f g.o
32	VERIFIED	0002:00048fb0 ?G_ClientCanSpectateTeam@@YAHPAVEntity@@W4team_t@@@Z 008384B0 f g.o
33	VERIFIED	0002:00048fe0 ?GetFollowPlayerState@@YAHHPAVPlayerState@@@Z 008384E0 f g.o
34	VERIFIED	0002:00049060 ?G_GetActorProneInfo@@YAPAUactor_prone_info_t@@PAUactor_s@@@Z 00838560 f g.o
35	VERIFIED	0002:000490d0 ?G_InitActorProneInfo@@YAXPAUactor_s@@@Z 008385D0 f g.o
36	VERIFIED	0002:00049100 ?G_ActorExitProne@@YAXPAUactor_s@@H@Z 00838600 f g.o
37	VERIFIED	0002:000491d0 ?G_ReduceOriginError@@YAXQAM0M@Z 008386D0 f g.o
38	VERIFIED	0002:000492b0 ?G_ReduceAnglesError@@YAXQAM0MM@Z 008387B0 f g.o
39	VERIFIED	0002:00049350 ?GScr_GetStartOrigin@@YAXXZ 00838850 f g.o
40	VERIFIED	0002:00049360 ?GScr_GetStartAngles@@YAXXZ 00838860 f g.o
41	VERIFIED	0002:00049370 ?GScr_GetCycleOriginOffset@@YAXXZ 00838870 f g.o
42	VERIFIED	0002:00049380 ?G_SetupSpawnPoint@@YAXPAVEntity@@@Z 00838880 f g.o
43	VERIFIED	0002:000493b0 ?SP_info_player_start@@YAXPAVEntity@@@Z 008388B0 f g.o
44	VERIFIED	0002:00049410 ?SP_intermission@@YAXPAVEntity@@@Z 00838910 f g.o
45	VERIFIED	0002:00049440 ?SP_deathmatch@@YAXPAVEntity@@@Z 00838940 f g.o
46	VERIFIED	0002:00049490 ?SP_teamdeathmatch@@YAXPAVEntity@@@Z 00838990 f g.o
47	VERIFIED	0002:000494e0 ?SP_ctf_allies_primary@@YAXPAVEntity@@@Z 008389E0 f g.o
48	VERIFIED	0002:00049530 ?SP_ctf_allies_secondary@@YAXPAVEntity@@@Z 00838A30 f g.o
49	VERIFIED	0002:00049580 ?SP_ctf_axis_primary@@YAXPAVEntity@@@Z 00838A80 f g.o
50	VERIFIED	0002:000495d0 ?SP_ctf_axis_secondary@@YAXPAVEntity@@@Z 00838AD0 f g.o
51	VERIFIED	0002:00049620 ?SP_hq_allies_primary@@YAXPAVEntity@@@Z 00838B20 f g.o
52	VERIFIED	0002:00049670 ?SP_hq_allies_secondary@@YAXPAVEntity@@@Z 00838B70 f g.o
53	VERIFIED	0002:000496c0 ?SP_hq_axis_primary@@YAXPAVEntity@@@Z 00838BC0 f g.o
54	VERIFIED	0002:00049710 ?SP_hq_axis_secondary@@YAXPAVEntity@@@Z 00838C10 f g.o
55	VERIFIED	0002:00049760 ?HQ_Point@@YAXPAVEntity@@@Z 00838C60 f g.o
56	VERIFIED	0002:000497b0 ?SP_single_ctf_allies@@YAXPAVEntity@@@Z 00838CB0 f g.o
57	VERIFIED	0002:00049800 ?SP_single_ctf_axis@@YAXPAVEntity@@@Z 00838D00 f g.o
58	VERIFIED	0002:00049850 ?SP_dom_allies@@YAXPAVEntity@@@Z 00838D50 f g.o
59	VERIFIED	0002:000498a0 ?SP_dom_axis@@YAXPAVEntity@@@Z 00838DA0 f g.o
60	VERIFIED	0002:000498f0 ?SP_war_allies@@YAXPAVEntity@@@Z 00838DF0 f g.o
61	VERIFIED	0002:00049940 ?SP_war_axis@@YAXPAVEntity@@@Z 00838E40 f g.o
62	VERIFIED	0002:00049990 ?SP_sd_allies@@YAXPAVEntity@@@Z 00838E90 f g.o
63	VERIFIED	0002:000499e0 ?SP_sd_axis@@YAXPAVEntity@@@Z 00838EE0 f g.o
64	VERIFIED	0002:00049a30 ?SetClientOrigin@@YAXPAVEntity@@QBM@Z 00838F30 f g.o
65	VERIFIED	0002:00049bc0 ?SetClientViewAngle@@YAXPAVEntity@@QBM@Z 008390C0 f g.o
66	VERIFIED	0002:00049f50 ?respawn@@YAXPAVEntity@@@Z 00839450 f g.o
67	VERIFIED	0002:00049f60 ?ChangePlayersMaxHealth@@YAXH@Z 00839460 f g.o
68	VERIFIED	0002:0004a000 ?G_SetPlayerSize@@YAXXZ 00839500 f g.o
69	VERIFIED	0002:0004a050 ?G_AddLean@@YAXPAVEntity@@QAM@Z 00839550 f g.o
70	VERIFIED	0002:0004a190 ?G_FindInvalidatedNode@@YAHPAVEntity@@PBUPathNode@PathNodes@@@Z 00839690 f g.o
71	VERIFIED	0002:0004a230 ?G_UpdateInvalidatedNode@@YAXPAVEntity@@@Z 00839730 f g.o
72	VERIFIED	0002:0004a240 ?CheatsOk@@YAHPAVEntity@@@Z 00839740 f g.o
73	VERIFIED	0002:0004a290 ?ConcatArgs@@YAPADH@Z 00839790 f g.o
74	VERIFIED	0002:0004a340 ?SanitizeString@@YAXPAD0@Z 00839840 f g.o
75	VERIFIED	0002:0004a390 ?Cmd_Take_f@@YAXPAVEntity@@@Z 00839890 f g.o
76	VERIFIED	0002:0004a780 ?Cmd_Invinc_f@@YAXPAVEntity@@@Z 00839C80 f g.o
77	VERIFIED	0002:0004a7a0 ?Cmd_God_f@@YAXPAVEntity@@@Z 00839CA0 f g.o
78	VERIFIED	0002:0004a850 ?Cmd_Notarget_f@@YAXPAVEntity@@@Z 00839D50 f g.o
79	VERIFIED	0002:0004a900 ?Cmd_Noclip_f@@YAXPAVEntity@@@Z 00839E00 f g.o
80	VERIFIED	0002:0004a9c0 ?Cmd_UFO_f@@YAXPAVEntity@@@Z 00839EC0 f g.o
81	VERIFIED	0002:0004aa60 ?G_canPickupMelee@@YAHPAVEntity@@@Z 00839F60 f g.o
82	VERIFIED	0002:0004aab0 ?Cmd_SetSpawnPoint_f@@YAXPAVEntity@@@Z 00839FB0 f g.o
83	VERIFIED	0002:0004aaf0 ?Cmd_NGLStats_f@@YAXXZ 00839FF0 f g.o
84	VERIFIED	0002:0004ab00 ?Cmd_NGLStatDisplay_f@@YAXXZ 0083A000 f g.o
85	VERIFIED	0002:0004ab10 ?Cmd_ProfileShaders_f@@YAXXZ 0083A010 f g.o
86	VERIFIED	0002:0004ab20 ?Cmd_ProfileNodes_f@@YAXXZ 0083A020 f g.o
87	VERIFIED	0002:0004ab30 ?Cmd_NGLFPSDisplay_f@@YAXXZ 0083A030 f g.o
88	VERIFIED	0002:0004ab50 ?Cmd_Wireframe_f@@YAXXZ 0083A050 f g.o
89	VERIFIED	0002:0004ab70 ?Cmd_Fullbright_f@@YAXXZ 0083A070 f g.o
90	VERIFIED	0002:0004ab90 ?Cmd_SolidColor_f@@YAXXZ 0083A090 f g.o
91	VERIFIED	0002:0004abb0 ?Cmd_TextureSize_f@@YAXXZ 0083A0B0 f g.o
92	VERIFIED	0002:0004abd0 ?Cmd_TextureMip_f@@YAXXZ 0083A0D0 f g.o
93	VERIFIED	0002:0004ac10 ?Cmd_TextureTiling_f@@YAXXZ 0083A110 f g.o
94	VERIFIED	0002:0004ac30 ?Cmd_ToggleShader_f@@YAXXZ 0083A130 f g.o
95	VERIFIED	0002:0004ac90 ?Cmd_TestFPS@@YAXXZ 0083A190 f g.o
96	VERIFIED	0002:0004acb0 ?Cmd_KillSound@@YAXXZ 0083A1B0 f g.o
97	VERIFIED	0002:0004acc0 ?Cmd_MemPools_f@@YAXXZ 0083A1C0 f g.o
98	VERIFIED	0002:0004ad10 ?Cmd_ShotProf_f@@YAXXZ 0083A210 f g.o
99	VERIFIED	0002:0004ad60 ?Cmd_BuilderTest_f@@YAXXZ 0083A260 f g.o
100	VERIFIED	0002:0004ade0 ?Cmd_ClientCommandCompletion@@YAXP6AXPBD@Z@Z 0083A2E0 f g.o
101	VERIFIED	0002:0004ae30 ?Cmd_Thread_Debug_f@@YAXXZ 0083A330 f g.o
102	VERIFIED	0002:0004ae40 ?Cmd_EntityStats_f@@YAXXZ 0083A340 f g.o
103	VERIFIED	0002:0004aea0 ?Cmd_PFXStats_f@@YAXXZ 0083A3A0 f g.o
104	VERIFIED	0002:0004af10 ?handleDeathInvulnerability@@YAXPAVEntity@@HH@Z 0083A410 f g.o
105	VERIFIED	0002:0004af20 ?CheckArmor@@YAHPAVEntity@@HH@Z 0083A420 f g.o
106	VERIFIED	0002:0004af50 ?G_GetHitLocationString@@YAIW4hitLocation_t@@@Z 0083A450 f g.o
107	VERIFIED	0002:0004b0f0 ?HudElem_Alloc@@YAPAUgame_hudelem_s@@XZ 0083A5F0 f g.o
108	VERIFIED	0002:0004b120 ?HudElem_UpdateClient@@YAXPAUClient@@H@Z 0083A620 f g.o
109	VERIFIED	0002:0004b130 ?Fill_Clip@@YAXPAVPlayerState@@H@Z 0083A630 f g.o
110	VERIFIED	0002:0004b1a0 ?Add_Ammo@@YAHPAVEntity@@HHH@Z 0083A6A0 f g.o
111	VERIFIED	0002:0004b560 ?ClearRegisteredItems@@YAXXZ 0083AA60 f g.o
112	VERIFIED	0002:0004b580 ?SaveRegisteredItems@@YAXXZ 0083AA80 f g.o
113	VERIFIED	0002:0004b630 ?RegisterItem@@YAXHH@Z 0083AB30 f g.o
114	VERIFIED	0002:0004b6f0 ?IsItemRegistered@@YAHH@Z 0083ABF0 f g.o
115	VERIFIED	0002:0004b750 ?G_GetServerSnapTime@@YAHXZ 0083AC50 f g.o
116	VERIFIED	0002:0004b760 ?G_Printf@@YAXPBDZZ 0083AC60 f g.o
117	VERIFIED	0002:0004b790 ?G_DPrintf@@YAXPBDZZ 0083AC90 f g.o
118	VERIFIED	0002:0004b7d0 ?G_Error@@YAXPBDZZ 0083ACD0 f g.o
119	VERIFIED	0002:0004b840 ?G_Error_Localized@@YAXPBDZZ 0083AD40 f g.o
120	VERIFIED	0002:0004b8b0 ?G_EndGame@@YAXXZ 0083ADB0 f g.o
121	VERIFIED	0002:0004b8c0 ?G_RegisterCvars@@YAXXZ 0083ADC0 f g.o
122	VERIFIED	0002:0004b950 ?InitCvars@@YAXH@Z 0083AE50 f g.o
123	VERIFIED	0002:0004b9f0 ?G_CheckReloadStatus@@YAXXZ 0083AEF0 f g.o
124	VERIFIED	0002:0004ba00 ?G_RunPreFrame@@YAXH@Z 0083AF00 f g.o
125	VERIFIED	0002:0004ba30 ?UpdateCVars@@YAXXZ 0083AF30 f g.o
126	VERIFIED	0002:0004ba90 ?G_SendClientMessages@@YAXXZ 0083AF90 f g.o
127	VERIFIED	0002:0004bab0 ?GetScratchPad@@YAPAXXZ 0083AFB0 f g.o
128	VERIFIED	0002:0004bac0 ?InvalidateTurretCaches@@YAXXZ 0083AFC0 f g.o
129	VERIFIED	0002:0004bad0 ?SP_sound_blend@@YAXPAVEntity@@@Z 0083AFD0 f g.o
130	VERIFIED	0002:0004bb10 ?G_InitTurrets@@YAXXZ 0083B010 f g.o
131	VERIFIED	0002:0004bb30 ?turret_clientaim@@YAXPAVEntity@@0@Z 0083B030 f g.o
132	VERIFIED	0002:0004be60 ?turret_IsFiringInternal@@YAHH@Z 0083B360 f g.o
133	VERIFIED	0002:0004be70 ?turret_IsFiring@@YAHPAVEntity@@@Z 0083B370 f g.o
134	VERIFIED	0002:0004bed0 ?turret_SetTargetEnt@@YAXPAVEntity@@0@Z 0083B3D0 f g.o
135	VERIFIED	0002:0004bf80 ?turret_behind@@YAHPAVEntity@@0@Z 0083B480 f g.o
136	VERIFIED	0002:0004c100 ?G_IsTurretUsable@@YAHPAVEntity@@0@Z 0083B600 f g.o
137	VERIFIED	0002:0004c1b0 ?G_MissileLandAngles@@YAXPAVEntity@@PAUtrace_t@@AAVPosition3@math@@H@Z 0083B6B0 f g.o
138	VERIFIED	0002:0004c390 ?G_LaunchMissile@@YAXPAVEntity@@H@Z 0083B890 f g.o
139	VERIFIED	0002:0004c3f0 ?G_IncomingMissile@@YAXPAVEntity@@H@Z 0083B8F0 f g.o
140	VERIFIED	0002:0004c430 ?G_DelayMissile@@YAXPAVEntity@@H@Z 0083B930 f g.o
141	VERIFIED	0002:0004c4b0 ?G_MissileDie@@YAXPAVEntity@@00HH@Z 0083B9B0 f g.o
142	VERIFIED	0002:0004c4e0 ?G_PredictBounceMissile@@YAXPBVEntity@@PAUtrajectory_t@@PAUtrace_t@@H@Z 0083B9E0 f g.o
143	VERIFIED	0002:0004c6b0 ?Die_MineDamaged@@YAXPAVEntity@@00HHHQBM1W4hitLocation_t@@@Z 0083BBB0 f g.o
144	VERIFIED	0002:0004c6e0 ?G_CreateRotationMatrix@@YAXQBMQAY02M@Z 0083BBE0 f g.o
145	VERIFIED	0002:0004c710 ?G_TransposeMatrix@@YAXQAY02M0@Z 0083BC10 f g.o
146	VERIFIED	0002:0004c750 ?G_RotatePoint@@YAXAAVPosition3@math@@QAY02M@Z 0083BC50 f g.o
147	VERIFIED	0002:0004c7e0 ?UpdatePaths@@YAXPAVEntity@@@Z 0083BCE0 f g.o
148	VERIFIED	0002:0004c830 ?finishSpawningKeyedMover@@YAXPAVEntity@@H@Z 0083BD30 f g.o
149	VERIFIED	0002:0004c8c0 ?Static_Pain@@YAXPAVEntity@@0HQBMH1W4hitLocation_t@@@Z 0083BDC0 f g.o
150	VERIFIED	0002:0004ca80 ?use_trigger_use@@YAXPAVEntity@@00@Z 0083BF80 f g.o
151	VERIFIED	0002:0004cae0 ?Scr_FreeFields@@YAXPBUsaveField_t@@PAE@Z 0083BFE0 f g.o
152	VERIFIED	0002:0004cb30 ?Scr_FreeSentientFields@@YAXPAUsentient_s@@@Z 0083C030 f g.o
153	VERIFIED	0002:0004cb50 ?Scr_FreeActorFields@@YAXPAUactor_s@@@Z 0083C050 f g.o
154	VERIFIED	0002:0004cb70 ?GScr_AllocHash@@YA?AVHashString@@PBD@Z 0083C070 f g.o
155	VERIFIED	0002:0004cba0 ?GScr_LoadConsts@@YAXXZ 0083C0A0 f g.o
156	VERIFIED	0002:0004cc00 ?GScr_LoadScriptAndLabel@@YAHPBD0H@Z 0083C100 f g.o
157	VERIFIED	0002:0004cd20 ?GScr_LoadSingleAnimScript@@YAXPAUscr_animscript_t@@PBD@Z 0083C220 f g.o
158	VERIFIED	0002:0004cd70 ?GScr_FixupBroAnimScriptHooks@@YAXXZ 0083C270 f g.o
159	VERIFIED	0002:0004cd90 ?GScr_AddFieldsForVehicleNode@@YAXXZ 0083C290 f g.o
160	VERIFIED	0002:0004cdd0 ?GScr_FreeScripts@@YAXXZ 0083C2D0 f g.o
161	VERIFIED	0002:0004cde0 ?Scr_ConstructMessageString@@YAXHPADHW4conMsgType_t@@@Z 0083C2E0 f g.o
162	VERIFIED	0002:0004ce30 ?Scr_LocalizationError@@YAXHPBD@Z 0083C330 f g.o
163	VERIFIED	0002:0004ce40 ?G_GetHintStringIndex@@YAHPAHPBD@Z 0083C340 f g.o
164	VERIFIED	0002:0004cf00 ?G_InitObjectives@@YAXXZ 0083C400 f g.o
165	VERIFIED	0002:0004d2b0 ?SP_script_prop_collmap@@YAXPAVEntity@@@Z 0083C7B0 f g.o
166	VERIFIED	0002:0004d2d0 ?G_SetupProps@@YAXXZ 0083C7D0 f g.o
167	VERIFIED	0002:0004d2e0 ?VEH_GetInfo@@YAPAUvehicle_info_t@@H@Z 0083C7E0 f g.o
168	VERIFIED	0002:0004d2f0 ?Is4WheeledVehicle@@YA_NPAVEntity@@@Z 0083C7F0 f g.o
169	VERIFIED	0002:0004d320 ?IsVehicleTank@@YA_NPAVEntity@@@Z 0083C820 f g.o
170	VERIFIED	0002:0004d370 ?VEH_ParseSpecificField@@YAHPAEPBDH@Z 0083C870 f g.o
171	VERIFIED	0002:0004d480 ?VEH_GetVehicleInfo@@YAFPBD@Z 0083C980 f g.o
172	VERIFIED	0002:0004d4e0 ?VEH_GetPlayerVehicleInfo@@YAFPBD@Z 0083C9E0 f g.o
173	VERIFIED	0002:0004d8c0 ?VEH_SetupCollmap@@YAXPAVEntity@@@Z 0083CDC0 f g.o
174	VERIFIED	0002:0004d8f0 ?VEH_JoltBody@@YAXPAVEntity@@ABVPosition3@math@@MMM@Z 0083CDF0 f g.o
175	VERIFIED	0002:0004dbd0 ?VEH_StopWheelEffects@@YAXPAVEntity@@@Z 0083D0D0 f g.o
176	VERIFIED	0002:0004dc50 ?VEH_StopAllEffects@@YAXPAVEntity@@@Z 0083D150 f g.o
177	VERIFIED	0002:0004dd00 ?VEH_Backup@@YAXPAVEntity@@@Z 0083D200 f g.o
178	VERIFIED	0002:0004e440 ?VEH_AcquirePlayerFollowSlot@@YA_NPAVEntity@@0@Z 0083D940 f g.o
179	VERIFIED	0002:0004e6a0 ?VEH_GetPlayerFollowGoalPosition@@YAAAY02$$CBMPBVEntity@@0@Z 0083DBA0 f g.o
180	VERIFIED	0002:0004ec90 ?ParseVehicleConfigString@@YAXPBDPBVConfigString@@@Z 0083E190 f g.o
181	VERIFIED	0002:0004efd0 ?G_FreeScrVehicleInfo@@YAXXZ 0083E4D0 f g.o
182	VERIFIED	0002:0004f010 ?G_GetVehicleInfoIndex@@YAFPBD@Z 0083E510 f g.o
183	VERIFIED	0002:0004f100 ?G_GetVehicleInfoName@@YAPBDF@Z 0083E600 f g.o
184	VERIFIED	0002:0004f1d0 ?G_GetVehicleInfo@@YAPAUvehicle_info_t@@PAUscr_vehicle_t@@@Z 0083E6D0 f g.o
185	VERIFIED	0002:0004f1f0 ?G_IsVehicleImmune@@YAHPAVEntity@@H@Z 0083E6F0 f g.o
186	VERIFIED	0002:0004f290 ?G_GetNonPVSTankInfo@@YAHQAMV?$DbLinkedHandle@VEntityHandleDb@@VEntity@@@@@Z 0083E790 f g.o
187	VERIFIED	0002:0004f2a0 ?G_GetVehicleOccupantCount@@YAHPAVEntity@@@Z 0083E7A0 f g.o
188	VERIFIED	0002:0004f330 ?IsVehFlipped@@YA_NPAVEntity@@@Z 0083E830 f g.o
189	VERIFIED	0002:0004f3a0 ?VEH_GetMaxSpeed@@YAMPAUscr_vehicle_t@@@Z 0083E8A0 f g.o
190	VERIFIED	0002:0004f3d0 ?Scr_Vehicle_CalcSpeed@@YAMPBUscr_vehicle_t@@@Z 0083E8D0 f g.o
191	VERIFIED	0002:0004f470 ?G_FreeVehicleSeat@@YAXPAVEntity@@0H@Z 0083E970 f g.o
192	VERIFIED	0002:0004f480 ?G_RequestVehicleSeat@@YAHPAVEntity@@0ABVHashString@@_N@Z 0083E980 f g.o
193	VERIFIED	0002:0004f490 ?G_RequestVehicleBestSeat@@YAHPAVEntity@@0_N11@Z 0083E990 f g.o
194	VERIFIED	0002:0004f4a0 ?G_StealVehicleSeat@@YAHPAVEntity@@0H_N@Z 0083E9A0 f g.o
195	VERIFIED	0002:0004f4b0 ?Scr_Vehicle_OccupantStartEntering@@YAXPAUscr_vehicle_t@@PBVEntity@@H@Z 0083E9B0 f g.o
196	VERIFIED	0002:0004f4c0 ?Scr_Vehicle_OccupantIsSeat@@YAXPAUscr_vehicle_t@@PBVEntity@@H@Z 0083E9C0 f g.o
197	VERIFIED	0002:0004f4d0 ?Scr_Vehicle_OccupantStartExiting@@YAXPAUscr_vehicle_t@@PBVEntity@@H@Z 0083E9D0 f g.o
198	VERIFIED	0002:0004f4e0 ?Scr_Vehicle_OccupantIsOut@@YAXPAUscr_vehicle_t@@PAVEntity@@H@Z 0083E9E0 f g.o
199	VERIFIED	0002:0004f4f0 ?GetRouteStage@scr_vehicle_t@@QAEPAUvehicleAnimStage_t@@HH@Z 0083E9F0 f g.o
200	VERIFIED	0002:0004f520 ?GetStageAnim@scr_vehicle_t@@QAEHPAUClient@@@Z 0083EA20 f g.o
201	VERIFIED	0002:0004f560 ?GetAnimSpeedScale@scr_vehicle_t@@QAEMPAUClient@@@Z 0083EA60 f g.o
202	VERIFIED	0002:0004f580 ?GetEntryRoute@scr_vehicle_t@@QAEHHH_N@Z 0083EA80 f g.o
203	VERIFIED	0002:0004f620 ?GetSwitchPosRoute@scr_vehicle_t@@QAEHHH_N@Z 0083EB20 f g.o
204	VERIFIED	0002:0004f680 ?GetThrottle@scr_vehicle_t@@QAEMXZ 0083EB80 f g.o
205	VERIFIED	0002:0004f6a0 ?Mantled@scr_vehicle_t@@QAEXPAVEntity@@@Z 0083EBA0 f g.o
206	VERIFIED	0002:0004f720 ?GetMantleHintStringIndex@scr_vehicle_t@@QAEHXZ 0083EC20 f g.o
207	VERIFIED	0002:0004f790 ?SP_script_vehicle_collmap@@YAXPAVEntity@@@Z 0083EC90 f g.o
208	VERIFIED	0002:0004f7b0 ?vehicle_FreeDynamicBuffers@@YAXXZ 0083ECB0 f g.o
209	VERIFIED	0002:0004f7e0 ?Scr_Vehicle_DamageScale@@YAMPAVEntity@@00QBMH@Z 0083ECE0 f g.o
210	VERIFIED	0002:0004fb30 ?VEH_GetVehicleInfo@@YAPAUvehicle_info_t@@H@Z 0083F030 f g.o
211	VERIFIED	0002:0004fb90 ?VEH_VehicleTouchesMine@@YA_NPAVEntity@@PAVEntityState@@@Z 0083F090 f g.o
212	VERIFIED	0002:0004fce0 ?G_ResetEntryPointHintIndicies@@YAXXZ 0083F1E0 f g.o
213	VERIFIED	0002:0004fd10 ?G_SpawnString@@YAHIPBDPAPBD@Z 0083F210 f g.o
214	VERIFIED	0002:0004fd50 ?G_SpawnString@@YA_NIPAPBD@Z 0083F250 f g.o
215	VERIFIED	0002:0004fd90 ?G_SpawnFloat@@YAHIMPAM@Z 0083F290 f g.o
216	VERIFIED	0002:0004fe00 ?G_SpawnInt@@YAHIHPAH@Z 0083F300 f g.o
217	VERIFIED	0002:0004fe60 ?G_SpawnVector@@YAHIPBMPAM@Z 0083F360 f g.o
218	VERIFIED	0002:0004fee0 ?prepare_spawns@@YAXXZ 0083F3E0 f g.o
219	VERIFIED	0002:0004ff20 ?G_SetEntityScriptVariable@@YAXPBD0PAVEntity@@@Z 0083F420 f g.o
220	VERIFIED	0002:0004ff30 ?G_ParseEntityField@@YAXPBD0PAVEntity@@@Z 0083F430 f g.o
221	VERIFIED	0002:000500f0 ?G_DuplicateEntityFields@@YAXPAVEntity@@PBV1@@Z 0083F5F0 f g.o
222	VERIFIED	0002:00050200 ?G_CallSpawn@@YAXXZ 0083F700 f g.o
223	VERIFIED	0002:00050240 ?G_NewString@@YAGPBD@Z 0083F740 f g.o
224	VERIFIED	0002:00050290 ?GScr_AddFieldsForEntity@@YAXXZ 0083F790 f g.o
225	VERIFIED	0002:000502e0 ?GScr_AddFieldsForRadiant@@YAXXZ 0083F7E0 f g.o
226	VERIFIED	0002:00050330 ?Scr_SetGenericField@@YAXPAEW4fieldtype_t@@H@Z 0083F830 f g.o
227	VERIFIED	0002:00050380 ?Scr_SetObjectField@@YAXIHH@Z 0083F880 f g.o
228	VERIFIED	0002:000503d0 ?Scr_GetEntityField@@YAXHH@Z 0083F8D0 f g.o
229	VERIFIED	0002:00050420 ?Scr_GetObjectField@@YAXIHH@Z 0083F920 f g.o
230	VERIFIED	0002:00050470 ?Scr_FreeEntity@@YAXPAVEntity@@@Z 0083F970 f g.o
231	VERIFIED	0002:000504c0 ?Scr_FreeHudElem@@YAXPAUgame_hudelem_s@@@Z 0083F9C0 f g.o
232	VERIFIED	0002:000504d0 ?Scr_AddHudElem@@YAXPAUgame_hudelem_s@@@Z 0083F9D0 f g.o
233	VERIFIED	0002:000504e0 ?G_SpawnGEntityFromSpawnVars@@YAXXZ 0083F9E0 f g.o
234	VERIFIED	0002:00050530 ?G_AddSpawnVarToken@@YAPADPBD@Z 0083FA30 f g.o
235	VERIFIED	0002:000505a0 ?SP_worldspawn@@YAXXZ 0083FAA0 f g.o
236	VERIFIED	0002:000507d0 ?ValidForGametype@@YA_NXZ 0083FCD0 f g.o
237	VERIFIED	0002:000508b0 ?game_dllEntry@@YAXP6AHHZZ@Z 0083FDB0 f g.o
238	VERIFIED	0002:000508c0 ?PASSFLOAT@@YAHM@Z 0083FDC0 f g.o
239	VERIFIED	0002:000508e0 ?g_Trace@@YAXPAUtrace_t@@ABVPosition3@math@@111ABUcollision_context_t@@@Z 0083FDE0 f g.o
240	VERIFIED	0002:00050910 ?g_TraceCapsule@@YAXPAUtrace_t@@ABVPosition3@math@@111ABUcollision_context_t@@@Z 0083FE10 f g.o
241	VERIFIED	0002:00050940 ?TraceDebugLine@@YAXABVPosition3@math@@0HV?$DbLinkedHandle@VEntityHandleDb@@VEntity@@@@@Z 0083FE40 f g.o
242	VERIFIED	0002:000509c0 ?g_SightTraceToEntity@@YAHABVPosition3@math@@000V?$DbLinkedHandle@VEntityHandleDb@@VEntity@@@@ABUcollision_context_t@@@Z 0083FEC0 f g.o
243	VERIFIED	0002:000509f0 ?g_LocationalTrace@@YAXPAUtrace_t@@ABVPosition3@math@@1ABUcollision_context_t@@PAEM@Z 0083FEF0 f g.o
244	VERIFIED	0002:00050a50 ?g_LinkEntity@@YAXPAVEntity@@@Z 0083FF50 f g.o
245	VERIFIED	0002:00050ab0 ?g_UnlinkEntity@@YAXPAVEntity@@@Z 0083FFB0 f g.o
246	VERIFIED	0002:00050ac0 ?g_EntityContact@@YAHABVPosition3@math@@0PBVEntity@@@Z 0083FFC0 f g.o
247	VERIFIED	0002:00050ae0 ?g_EntityContactCapsule@@YAHABVPosition3@math@@0PBVEntity@@@Z 0083FFE0 f g.o
248	VERIFIED	0002:00050cf0 ?g_AddDebugString@@YAXQBM0MPBD@Z 008401F0 f g.o
249	VERIFIED	0002:00050d10 ?g_AddDebugLine@@YAXQBM00HHH@Z 00840210 f g.o
250	VERIFIED	0002:00050d40 ?g_XAnimGetRoot@@YA?AUscr_anim_s@@PAVXAnimTree@@@Z 00840240 f g.o
251	VERIFIED	0002:00050d70 ?XAnimClearTreeGoalWeights@@YAXPAVXAnimTree@@Uscr_anim_s@@M@Z 00840270 f g.o
252	VERIFIED	0002:00050df0 ?XAnimClearGoalWeight@@YAXPAVXAnimTree@@Uscr_anim_s@@M@Z 008402F0 f g.o
253	VERIFIED	0002:00050e70 ?XAnimClearTreeGoalWeightsStrict@@YAXPAVXAnimTree@@Uscr_anim_s@@M@Z 00840370 f g.o
254	VERIFIED	0002:00050ef0 ?XAnimSetAnimRate@@YAXPAVXAnimTree@@Uscr_anim_s@@M@Z 008403F0 f g.o
255	VERIFIED	0002:00050f70 ?XAnimSetTime@@YAXPAVXAnimTree@@Uscr_anim_s@@M@Z 00840470 f g.o
256	VERIFIED	0002:00050ff0 ?XAnimHasTime@@YAHUscr_anim_s@@@Z 008404F0 f g.o
257	VERIFIED	0002:00051020 ?XAnimIsPrimitive@@YAHUscr_anim_s@@@Z 00840520 f g.o
258	VERIFIED	0002:00051050 ?XAnimGetLength@@YAMUscr_anim_s@@@Z 00840550 f g.o
259	VERIFIED	0002:00051080 ?XAnimCalcAbsDelta@@YAXPAVXAnimTree@@Uscr_anim_s@@QAM2@Z 00840580 f g.o
260	VERIFIED	0002:00051100 ?XAnimGetRelDelta@@YAXUscr_anim_s@@QAM1MM@Z 00840600 f g.o
261	VERIFIED	0002:00051140 ?XAnimGetAbsDelta@@YAXUscr_anim_s@@QAM1M@Z 00840640 f g.o
262	VERIFIED	0002:00051170 ?XAnimIsLooped@@YAHUscr_anim_s@@@Z 00840670 f g.o
263	VERIFIED	0002:000511a0 ?XAnimNotetrackExists@@YA_NUscr_anim_s@@ABI@Z 008406A0 f g.o
264	VERIFIED	0002:000511d0 ?XAnimGetTime@@YAMPAVXAnimTree@@Uscr_anim_s@@@Z 008406D0 f g.o
265	VERIFIED	0002:00051250 ?XAnimGetWeight@@YAMPAVXAnimTree@@Uscr_anim_s@@@Z 00840750 f g.o
266	VERIFIED	0002:000512d0 ?XAnimHasFinished@@YAHPAVXAnimTree@@Uscr_anim_s@@@Z 008407D0 f g.o
267	VERIFIED	0002:00051350 ?XAnimGetNumChildren@@YAHUscr_anim_s@@@Z 00840850 f g.o
268	VERIFIED	0002:00051380 ?XAnimGetChildAt@@YA?AUscr_anim_s@@U1@H@Z 00840880 f g.o
269	VERIFIED	0002:000513b0 ?XAnimGetAnimName@@YAPBDUscr_anim_s@@@Z 008408B0 f g.o
270	VERIFIED	0002:000513e0 ?Com_GetWeaponInfoMemory@@YAPAXHPAH@Z 008408E0 f g.o
271	VERIFIED	0002:00051400 ?Com_FreeWeaponInfoMemory@@YAXH@Z 00840900 f g.o
272	VERIFIED	0002:00051420 ?g_CompressZLIB@@YAHPAXPAH0H@Z 00840920 f g.o
273	VERIFIED	0002:00051440 ?g_UnCompressZLIB@@YAHPAXPAH0H@Z 00840940 f g.o
274	VERIFIED	0002:00051450 ?InitSentientTrigger@@YAXPAVEntity@@@Z 00840950 f g.o
275	VERIFIED	0002:000514f0 ?multi_wait@@YAXPAVEntity@@H@Z 008409F0 f g.o
276	VERIFIED	0002:00051510 ?multi_trigger@@YAXPAVEntity@@0@Z 00840A10 f g.o
277	VERIFIED	0002:000515c0 ?Use_Multi@@YAXPAVEntity@@00@Z 00840AC0 f g.o
278	VERIFIED	0002:000515e0 ?hurt_use@@YAXPAVEntity@@00@Z 00840AE0 f g.o
279	VERIFIED	0002:00051650 ?Respond_trigger_damage@@YAHPAVEntity@@H@Z 00840B50 f g.o
280	VERIFIED	0002:00051730 ?SP_trigger_lookat@@YAXPAVEntity@@@Z 00840C30 f g.o
281	VERIFIED	0002:00051770 ?SP_trigger_mount_no_brush@@YAXPAVEntity@@H@Z 00840C70 f g.o
282	VERIFIED	0002:000517f0 ?GetVehicleNode@@YAPAUvehicle_node_t@@H@Z 00840CF0 f g.o
283	VERIFIED	0002:00051800 ?VP_SetScriptVariable@@YAXPBD0PAUvehicle_node_t@@@Z 00840D00 f g.o
284	VERIFIED	0002:00051950 ?VP_GetNodeIndex@@YAFABVstring@Broc@@QAM@Z 00840E50 f g.o
285	VERIFIED	0002:000523e0 ?G_InitVehiclePaths@@YAXXZ 008418E0 f g.o
286	VERIFIED	0002:000523f0 ?G_FreeVehiclePaths@@YAXXZ 008418F0 f g.o
287	VERIFIED	0002:00052440 ?G_SetupVehiclePaths@@YAXXZ 00841940 f g.o
288	VERIFIED	0002:000526d0 ?G_VehInitPathPos@@YAXPAUvehicle_pathpos_t@@@Z 00841BD0 f g.o
289	VERIFIED	0002:00052840 ?G_VehFreePathPos@@YAXPAUvehicle_pathpos_t@@@Z 00841D40 f g.o
290	VERIFIED	0002:00052870 ?G_VehSetUpPathPos@@YAXPAUvehicle_pathpos_t@@F@Z 00841D70 f g.o
291	VERIFIED	0002:00052a10 ?G_VehSetSwitchNode@@YAXPAUvehicle_pathpos_t@@FF@Z 00841F10 f g.o
292	VERIFIED	0002:00052bc0 ?Initialize@VehicleNodeAllocator@@QAEXXZ 008420C0 f g.o
293	VERIFIED	0002:00052c10 ?AllocNode@VehicleNodeAllocator@@QAEPAUvehicle_node_t@@XZ 00842110 f g.o
294	VERIFIED	0002:00052d60 ?SnapVectorTowards@@YAXQAM0@Z 00842260 f g.o
295	VERIFIED	0002:00052d70 ?Bullet_Endpos@@YAMMQAMPBUweaponParms@@@Z 00842270 f g.o
296	VERIFIED	0002:00053310 ?Damage_Falloff@@YAMMMMHH@Z 00842810 f g.o
297	VERIFIED	0002:000533b0 ?Bullet_ShouldGoThroughFriend@@YA_NPBVEntity@@0@Z 008428B0 f g.o
298	VERIFIED	0002:000533c0 ?Weapon_ItemHealth_Fire@@YAXPAVEntity@@HPAUweaponParms@@@Z 008428C0 f g.o
299	VERIFIED	0002:00053420 ?LogAccuracyHit@@YAHPAVEntity@@0@Z 00842920 f g.o
300	VERIFIED	0002:000534f0 ?CalcMuzzlePoint@@YAXPAVEntity@@AAVPosition3@math@@@Z 008429F0 f g.o
301	VERIFIED	0002:00053620 ?CalcMuzzlePoints@@YAXPAVEntity@@PAUweaponParms@@@Z 00842B20 f g.o
302	VERIFIED	0002:000536f0 ?ADS_IS_ACTIVE@@YAHXZ 00842BF0 f g.o
303	VERIFIED	0002:00053700 ?G_FindConfigstringIndex@@YAHPBDHHH0@Z 00842C00 f g.o
304	VERIFIED	0002:000538f0 ?G_LocalizedStringIndex@@YAHPBD@Z 00842DF0 f g.o
305	VERIFIED	0002:00053960 ?G_ShaderIndex@@YAHPBD@Z 00842E60 f g.o
306	VERIFIED	0002:00053a20 ?G_EffectIndex@@YAHPBD@Z 00842F20 f g.o
307	VERIFIED	0002:00053a90 ?G_ShellShockIndex@@YAHPBD@Z 00842F90 f g.o
308	VERIFIED	0002:00053b00 ?G_SoundAliasIndex@@YAEPBD@Z 00843000 f g.o
309	VERIFIED	0002:00053b70 ?G_GetGameId@@YAIPAVEntity@@@Z 00843070 f g.o
310	VERIFIED	0002:00053b80 ?G_GetEntAnimTree@@YAPAVXAnimTree@@PAVEntity@@@Z 00843080 f g.o
311	VERIFIED	0002:00053bc0 ?G_SetModelIndex@@YAXPAVEntity@@H@Z 008430C0 f g.o
312	VERIFIED	0002:00053be0 ?G_EntIsLinkedTo@@YAHPAVEntity@@0@Z 008430E0 f g.o
313	VERIFIED	0002:00053c10 ?Think_GeneralLink@@YAXPAVEntity@@H@Z 00843110 f g.o
314	VERIFIED	0002:00053c30 ?G_DObjUpdateServerTime@@YA_NPAVEntity@@H_N@Z 00843130 f g.o
315	VERIFIED	0002:00053dc0 ?G_DObjCalcPose@@YAXPAVEntity@@@Z 008432C0 f g.o
316	VERIFIED	0002:00053e80 ?G_DObjCalcBone@@YAXPAVEntity@@H@Z 00843380 f g.o
317	VERIFIED	0002:00053f40 ?G_DObjGetLocalBoneIndexMatrix@@YAPBUDObjSkelMat@@PAVEntity@@H@Z 00843440 f g.o
318	VERIFIED	0002:00053f70 ?G_DObjGetWorldBoneIndexMatrix@@YA_NPAVEntity@@HPAUDObjSkelMat@@@Z 00843470 f g.o
319	VERIFIED	0002:00054000 ?G_DObjGetLocalTagMatrix@@YAPBUDObjSkelMat@@PAVEntity@@I@Z 00843500 f g.o
320	VERIFIED	0002:00054040 ?G_DObjGetWorldTagMatrix@@YAHPAVEntity@@IPAUDObjSkelMat@@@Z 00843540 f g.o
321	VERIFIED	0002:00054080 ?vtos@@YAPADQBM@Z 00843580 f g.o
322	VERIFIED	0002:000540d0 ?vtos@@YAPADABVPosition3@math@@@Z 008435D0 f g.o
323	VERIFIED	0002:00054120 ?G_Spawn@@YAPAVEntity@@W4TPakId@@@Z 00843620 f g.o
324	VERIFIED	0002:000541a0 ??0EntityDeathTask@@QAE@V?$DbLinkedHandle@VEntityHandleDb@@VEntity@@@@@Z 008436A0 f g.o
325	VERIFIED	0002:000541d0 ?G_AddPredictableEvent@@YAXPAVEntity@@HH@Z 008436D0 f g.o
326	VERIFIED	0002:00054200 ?G_AddEvent@@YAXPAVEntity@@HH@Z 00843700 f g.o
327	VERIFIED	0002:000543b0 ?G_RegisterSoundWait@@YAXPAVEntity@@HGH@Z 008438B0 f g.o
328	VERIFIED	0002:000543c0 ?RegisterEffectWait@@YAXPAVEntity@@H@Z 008438C0 f g.o
329	VERIFIED	0002:00054440 ?G_SetOrigin@@YAXPAVEntity@@QBM@Z 00843940 f g.o
330	VERIFIED	0002:000545b0 ?G_SetOrigin@@YAXPAVEntity@@ABVPosition3@math@@@Z 00843AB0 f g.o
331	VERIFIED	0002:00054720 ?G_SetAngle@@YAXPAVEntity@@QBM@Z 00843C20 f g.o
332	VERIFIED	0002:00054890 ?G_SetAngle@@YAXPAVEntity@@ABVPosition3@math@@@Z 00843D90 f g.o
333	VERIFIED	0002:00054a00 ?G_SetConstString@@YAXPAGPBD@Z 00843F00 f g.o
334	VERIFIED	0002:00054a50 ?G_GetEntityTypeName@@YAPBDPAVEntity@@@Z 00843F50 f g.o
335	VERIFIED	0002:00054a70 ?G_CleanupAnimTrees@@YAXXZ 00843F70 f g.o
336	VERIFIED	0002:00054af0 ?UseLiveGrenade@@YAXPAVEntity@@00@Z 00843FF0 f g.o
337	VERIFIED	0002:00054b00 ?Compact@EntityHandleDb@@QAEXXZ 00844000 f g.o
338	VERIFIED	0002:00054bc0 ?Find@EntityHandleDb@@QBE?AVconst_iterator@?$ae_sized_array@PAVEntity@@$0BAAA@@@HVstring@Broc@@V23@1@Z 008440C0 f g.o
339	VERIFIED	0002:00054c80 ?Find@EntityHandleDb@@QBE?AVconst_iterator@?$ae_sized_array@PAVEntity@@$0BAAA@@@HGV23@0@Z 00844180 f g.o
340	VERIFIED	0002:00054cc0 ?Find@EntityHandleDb@@QBE?AVconst_iterator@?$ae_sized_array@PAVEntity@@$0BAAA@@@HVHashString@@V23@1@Z 008441C0 f g.o
341	VERIFIED	0002:00054d00 ?Player_UpdateFriendlyOverlay@@YAXPAVEntity@@@Z 00844200 f g.o
342	VERIFIED	0002:000551c0 ?P_DamageFeedback@@YAXPAVEntity@@@Z 008446C0 f g.o
343	VERIFIED	0002:00055380 ?HealthRegen@@YAXPAVEntity@@M@Z 00844880 f g.o
344	VERIFIED	0002:000554e0 ?SpectatorThink@@YAXPAVEntity@@PAUusercmd_s@@@Z 008449E0 f g.o
345	VERIFIED	0002:00055600 ?G_ActorEnterProne@@YAXPAUactor_s@@H@Z 00844B00 f g.o
346	VERIFIED	0002:00055780 ?G_FinishSetupSpawnPoint@@YAXPAVEntity@@H@Z 00844C80 f g.o
347	VERIFIED	0002:00055a40 ?BodySink@@YAXPAVEntity@@H@Z 00844F40 f g.o
348	VERIFIED	0002:00055a90 ?G_UpdateHeadHitEnt@@YAXPAVEntity@@@Z 00844F90 f g.o
349	VERIFIED	0002:00055bb0 ?G_RemoveHeadHitEnt@@YAXPAVEntity@@@Z 008450B0 f g.o
350	VERIFIED	0002:00055c10 ?G_AddInvalidatedNode@@YAXPAVEntity@@PAUPathNode@PathNodes@@@Z 00845110 f g.o
351	VERIFIED	0002:00055df0 ?G_RmvInvalidatedNode@@YAXPAVEntity@@PBUPathNode@PathNodes@@@Z 008452F0 f g.o
352	VERIFIED	0002:00055e80 ?G_setfog@@YAXPBD@Z 00845380 f g.o
353	VERIFIED	0002:00055f40 ?Cmd_Fogswitch_f@@YAXXZ 00845440 f g.o
354	VERIFIED	0002:00055f60 ?Cmd_GiveAll_f@@YAXPAVEntity@@@Z 00845460 f g.o
355	VERIFIED	0002:00056010 ?Cmd_Where_f@@YAXPAVEntity@@@Z 00845510 f g.o
356	VERIFIED	0002:00056080 ?Cmd_LockPVS_f@@YAXXZ 00845580 f g.o
357	VERIFIED	0002:00056120 ?Cmd_LockPVSFlash_f@@YAXXZ 00845620 f g.o
358	VERIFIED	0002:00056160 ?StopFollowing@@YAXPAVEntity@@@Z 00845660 f g.o
359	VERIFIED	0002:00056330 ?ParseHitLocDmgTableEntry@@YAXPBDPBVConfigString@@@Z 00845830 f g.o
360	VERIFIED	0002:000563e0 ?G_ParseHitLocDmgTable@@YAXXZ 008458E0 f g.o
361	VERIFIED	0002:00056400 ?LookAtKiller@@YAXPAVEntity@@00@Z 00845900 f g.o
362	VERIFIED	0002:00056520 ?SentientApplyPhysicsDamage@@YAXPAVEntity@@0HHQBM1W4hitLocation_t@@H@Z 00845A20 f g.o
363	VERIFIED	0002:00056b80 ?Corpse_Die@@YAXPAVEntity@@00HHHQBM1W4hitLocation_t@@@Z 00846080 f g.o
364	VERIFIED	0002:00056bb0 ?CanDamage@@YAHPAVEntity@@QBM0@Z 008460B0 f g.o
365	VERIFIED	0002:00056fb0 ?G_DebugLine@@YAXQBM00HH@Z 008464B0 f g.o
366	VERIFIED	0002:00056fe0 ?G_DebugAxis@@YAXABVMat43@math@@MH@Z 008464E0 f g.o
367	VERIFIED	0002:000570c0 ?G_DebugBox@@YAXQBM00HHH@Z 008465C0 f g.o
368	VERIFIED	0002:00057170 ?G_DebugCircleEx@@YAXQBMM00HH@Z 00846670 f g.o
369	VERIFIED	0002:000572f0 ?G_DebugCircle2Ex@@YAXQBMM00HH@Z 008467F0 f g.o
370	VERIFIED	0002:000574b0 ?G_DebugArc@@YAXQBMMMM0HH@Z 008469B0 f g.o
371	VERIFIED	0002:00057610 ?HudElem_Free@@YAXPAUgame_hudelem_s@@@Z 00846B10 f g.o
372	VERIFIED	0002:00057720 ?HudElem_DestroyAll@@YAXXZ 00846C20 f g.o
373	VERIFIED	0002:00057760 ?RespawnItem@@YAXPAVEntity@@H@Z 00846C60 f g.o
374	VERIFIED	0002:00057810 ?Drop_Kit@@YAXPAVEntity@@H@Z 00846D10 f g.o
375	VERIFIED	0002:00057a10 ?Use_Item@@YAXPAVEntity@@00@Z 00846F10 f g.o
376	VERIFIED	0002:00057a30 ?G_BounceItem@@YAXPAVEntity@@PAUtrace_t@@@Z 00846F30 f g.o
377	VERIFIED	0002:00057f30 ?G_FreeEntities@@YAXXZ 00847430 f g.o
378	VERIFIED	0002:00057f60 ?G_LoadAnimTreeInstances@@YAX_N@Z 00847460 f g.o
379	VERIFIED	0002:00057f90 ?G_FreeAnimTreeInstances@@YAXXZ 00847490 f g.o
380	VERIFIED	0002:00057fc0 ?G_ClearLowHunk@@YAXXZ 008474C0 f g.o
381	VERIFIED	0002:00057fe0 ?G_ShutdownGame@@YAXH@Z 008474E0 f g.o
382	VERIFIED	0002:00058120 ?G_CheckLoadGame@@YAXHH@Z 00847620 f g.o
383	VERIFIED	0002:000581c0 ?G_XAnimUpdateEnt@@YAXPAVEntity@@@Z 008476C0 f g.o
384	VERIFIED	0002:00058200 ?G_SetEntityOceanHeight@@YAXPAVEntity@@@Z 00847700 f g.o
385	VERIFIED	0002:00058270 ?UpdatePlayer@@YAXXZ 00847770 f g.o
386	VERIFIED	0002:00058730 ?SP_info_notnull@@YAXPAVEntity@@@Z 00847C30 f g.o
387	VERIFIED	0002:00058750 ?SP_info_notnull_big@@YAXPAVEntity@@@Z 00847C50 f g.o
388	VERIFIED	0002:00058770 ?TeleportPlayer@@YAXPAVEntity@@QBM1@Z 00847C70 f g.o
389	VERIFIED	0002:000587a0 ?G_SpawnSoundBlend@@YAPAVEntity@@XZ 00847CA0 f g.o
390	VERIFIED	0002:00058820 ?G_SetSoundBlend@@YAXPAVEntity@@HHM@Z 00847D20 f g.o
391	VERIFIED	0002:00058970 ?use_corona@@YAXPAVEntity@@00@Z 00847E70 f g.o
392	VERIFIED	0002:000589a0 ?Turret_FillWeaponParms@@YAHPAVEntity@@0PAUweaponParms@@H@Z 00847EA0 f g.o
393	VERIFIED	0002:00058b30 ?clamp_playerbehindgun@@YAXPAVEntity@@0@Z 00848030 f g.o
394	VERIFIED	0002:00058ce0 ?turret_CanTargetPoint@@YAHPAVEntity@@ABVPosition3@math@@QAM2@Z 008481E0 f g.o
395	VERIFIED	0002:00058ef0 ?turret_CanTargetSentient@@YAHPAVEntity@@PAUsentient_s@@QAM22@Z 008483F0 f g.o
396	VERIFIED	0002:00059330 ?turret_think_init@@YAXPAVEntity@@H@Z 00848830 f g.o
397	VERIFIED	0002:00059680 ?SP_turret_XAnimPrecache@@YAXPBD@Z 00848B80 f g.o
398	VERIFIED	0002:00059780 ?misc_spawner_use@@YAXPAVEntity@@00@Z 00848C80 f g.o
399	VERIFIED	0002:000597b0 ?SP_misc_spawner@@YAXPAVEntity@@@Z 00848CB0 f g.o
400	VERIFIED	0002:00059800 ?G_MissileTrace@@YAXPAUtrace_t@@ABVPosition3@math@@1V?$DbLinkedHandle@VEntityHandleDb@@VEntity@@@@HPAE@Z 00848D00 f g.o
401	VERIFIED	0002:000598d0 ?G_PredictMissile@@YAHPBVEntity@@HQAMHPAH@Z 00848DD0 f g.o
402	VERIFIED	0002:00059bf0 ?SetMoverState@@YAXPAVEntity@@W4moverState_t@@H@Z 008490F0 f g.o
403	VERIFIED	0002:0005a420 ?MatchTeam@@YAXPAVEntity@@W4moverState_t@@H@Z 00849920 f g.o
404	VERIFIED	0002:0005a470 ?MatchTeamReverseAngleOnSlaves@@YAXPAVEntity@@W4moverState_t@@H@Z 00849970 f g.o
405	VERIFIED	0002:0005a4e0 ?ReturnToPos1@@YAXPAVEntity@@H@Z 008499E0 f g.o
406	VERIFIED	0002:0005a500 ?ReturnToPos2@@YAXPAVEntity@@H@Z 00849A00 f g.o
407	VERIFIED	0002:0005a520 ?GotoPos3@@YAXPAVEntity@@H@Z 00849A20 f g.o
408	VERIFIED	0002:0005a540 ?IsBinaryMoverBlocked@@YAHPAVEntity@@00@Z 00849A40 f g.o
409	VERIFIED	0002:0005a700 ?InitMover@@YAXPAVEntity@@@Z 00849C00 f g.o
410	VERIFIED	0002:0005aaa0 ?InitMoverRotate@@YAXPAVEntity@@@Z 00849FA0 f g.o
411	VERIFIED	0002:0005ae60 ?Think_SpawnNewDoorTrigger@@YAXPAVEntity@@H@Z 0084A360 f g.o
412	VERIFIED	0002:0005b110 ?Think_SpawnNewAutoDoorTrigger@@YAXPAVEntity@@H@Z 0084A610 f g.o
413	VERIFIED	0002:0005b140 ?Think_MatchTeam@@YAXPAVEntity@@H@Z 0084A640 f g.o
414	VERIFIED	0002:0005b160 ?Use_Static@@YAXPAVEntity@@00@Z 0084A660 f g.o
415	VERIFIED	0002:0005b190 ?SP_func_static@@YAXPAVEntity@@@Z 0084A690 f g.o
416	VERIFIED	0002:0005b2c0 ?Use_Func_Rotate@@YAXPAVEntity@@00@Z 0084A7C0 f g.o
417	VERIFIED	0002:0005b300 ?SP_func_rotating@@YAXPAVEntity@@@Z 0084A800 f g.o
418	VERIFIED	0002:0005b3d0 ?SP_func_bobbing@@YAXPAVEntity@@@Z 0084A8D0 f g.o
419	VERIFIED	0002:0005b5b0 ?SP_func_pendulum@@YAXPAVEntity@@@Z 0084AAB0 f g.o
420	VERIFIED	0002:0005b760 ?SP_func_door_rotating@@YAXPAVEntity@@@Z 0084AC60 f g.o
421	VERIFIED	0002:0005ba30 ?trigger_use@@YAXPAVEntity@@@Z 0084AF30 f g.o
422	VERIFIED	0002:0005bd90 ?SP_skyportal@@YAXPAVEntity@@@Z 0084B290 f g.o
423	VERIFIED	0002:0005bf80 ?GScr_LoadScripts@@YAX_N@Z 0084B480 f g.o
424	VERIFIED	0002:0005bff0 ?GScr_GetEntAnimTree@@YAPAVXAnimTree@@PAVEntity@@@Z 0084B4F0 f g.o
425	VERIFIED	0002:0005c0c0 ?InitScriptMover@@YAXPAVEntity@@@Z 0084B5C0 f g.o
426	VERIFIED	0002:0005c290 ?SP_script_brushmodel@@YAXPAVEntity@@@Z 0084B790 f g.o
427	VERIFIED	0002:0005c310 ?SP_script_origin@@YAXPAVEntity@@@Z 0084B810 f g.o
428	VERIFIED	0002:0005c3a0 ?VEH_DebugBox@@YAXABVPosition3@math@@MMMM@Z 0084B8A0 f g.o
429	VERIFIED	0002:0005c5f0 ?prepare_collision_objects@@YAXPAVEntity@@ABVPosition3@math@@1MHAAUproximity_data_t@@AAVTouchEntityData@@@Z 0084BAF0 f g.o
430	VERIFIED	0002:0005c7f0 ?VEH_UpdateWheelParticleEffects@@YAXPAVEntity@@H@Z 0084BCF0 f g.o
431	VERIFIED	0002:0005ca30 ?VEH_FillFollowHistoryBuffer@@YAXPAUscr_vehicle_t@@@Z 0084BF30 f g.o
432	VERIFIED	0002:0005ce60 ?VEH_FindValidDismountSpot@@YAHPAVEntity@@QAM110_N@Z 0084C360 f g.o
433	VERIFIED	0002:0005e1d0 ?G_InitScrVehicles@@YAXXZ 0084D6D0 f g.o
434	VERIFIED	0002:0005e240 ?G_FreeScrVehicles@@YAXXZ 0084D740 f g.o
435	VERIFIED	0002:0005e290 ?G_UpdateVehicleTags@@YAXPAVEntity@@@Z 0084D790 f g.o
436	VERIFIED	0002:0005e900 ?G_GetVehicleInfo@@YAPAUvehicle_info_t@@PAVEntity@@@Z 0084DE00 f g.o
437	VERIFIED	0002:0005e930 ?G_GetVehicleSeatCount@@YAHPAVEntity@@@Z 0084DE30 f g.o
438	VERIFIED	0002:0005e9b0 ?Scr_Vehicle_Pain@@YAXPAVEntity@@0HQBMH1W4hitLocation_t@@@Z 0084DEB0 f g.o
439	VERIFIED	0002:0005ea80 ?ReleasePhysics@scr_vehicle_t@@QAEXPAVEntity@@@Z 0084DF80 f g.o
440	SKIPPED	0002:0005eab0 ?G_ReplaceSpawnVars@@YAXABV?$InplaceVector@V?$InplaceTreeElement@IVInplaceString@@@@@@@Z 0084DFB0 f g.o  SKIPPED: inline template/container helper; supplied by its template definition
441	VERIFIED	0002:0005ebb0 ?g_SightTrace@@YAXPAHABVPosition3@math@@111ABUcollision_context_t@@@Z 0084E0B0 f g.o
442	VERIFIED	0002:0005ebf0 ?g_SightTraceCapsule@@YAXPAHABVPosition3@math@@111ABUcollision_context_t@@@Z 0084E0F0 f g.o
443	VERIFIED	0002:0005f030 ?G_VehUpdatePathPos@@YAHPAVEntity@@PAUvehicle_pathpos_t@@_NHH@Z 0084E530 f g.o
444	VERIFIED	0002:0005f210 ?SP_create_info_vehicle_node@@YAPAUvehicle_node_t@@XZ 0084E710 f g.o
445	VERIFIED	0002:0005f2b0 ?FreeAll@VehicleNodeAllocator@@QAEXXZ 0084E7B0 f g.o
446	VERIFIED	0002:0005f350 ?shotgunrandom@@YAXPAM0MM@Z 0084E850 f g.o
447	VERIFIED	0002:0005f3b0 ?Bullet_Endpos@@YAMMQAMPBUweaponParms@@MM@Z 0084E8B0 f g.o
448	VERIFIED	0002:0005f980 ?Weapon_Mine_Test@@YA_NPAVEntity@@PAUweaponParms@@PAVPosition3@math@@PAVDir3@4@@Z 0084EE80 f g.o
449	VERIFIED	0002:0005fb40 ?Weapon_ItemAmmo_Fire@@YAXPAVEntity@@HPAUweaponParms@@@Z 0084F040 f g.o
450	VERIFIED	0002:0005fe90 ?Weapon_ArtilleryStrike_Fire@@YAXPAVEntity@@MPAUweaponParms@@@Z 0084F390 f g.o
451	VERIFIED	0002:00060190 ?G_EntUnlink@@YAXPAVEntity@@@Z 0084F690 f g.o
452	VERIFIED	0002:00060330 ?G_UpdateTagInfo@@YAXPAVEntity@@H@Z 0084F830 f g.o
453	VERIFIED	0002:000603d0 ?G_UpdateTagInfoOfChildren@@YAXPAVEntity@@H@Z 0084F8D0 f g.o
454	VERIFIED	0002:00060410 ?G_SetMovedir@@YAXAAVPosition3@math@@0@Z 0084F910 f g.o
455	VERIFIED	0002:00060540 ?G_EntUnlinkFree@@YAXPAVEntity@@@Z 0084FA40 f g.o
456	VERIFIED	0002:00060570 ?G_FreeEntity@@YAXPAVEntity@@H@Z 0084FA70 f g.o
457	VERIFIED	0002:00060660 ?Update@EntityDeathTask@@UAEXPAVEntity@@M@Z 0084FB60 f g.o
458	VERIFIED	0002:00060690 ?G_TempEntity@@YAPAVEntity@@QBMH@Z 0084FB90 f g.o
459	VERIFIED	0002:00060780 ?G_DelayFreeAnimTree@@YAXPAVXAnimTree@@@Z 0084FC80 f g.o
460	VERIFIED	0002:000607f0 ?G_DelayClearAnimTree@@YAXPAVXAnimTree@@@Z 0084FCF0 f g.o
461	VERIFIED	0002:00060860 ?Render@StatusBar@@YAXXZ 0084FD60 f g.o
462	VERIFIED	0002:00060c50 ?DebugDumpEnts@@YAXHPAVEntity@@@Z 00850150 f g.o
463	VERIFIED	0002:00060d70 ?Init@EntityHandleDb@@QAEXXZ 00850270 f g.o
464	VERIFIED	0002:00060d80 ?Find@EntityHandleDb@@QBEPAVEntity@@HG@Z 00850280 f g.o
465	VERIFIED	0002:00060dd0 ?Find@EntityHandleDb@@QBEPAVEntity@@HVHashString@@@Z 008502D0 f g.o
466	VERIFIED	0002:00060e30 ?Find@EntityHandleDb@@QBEPAVEntity@@HABVstring@Broc@@@Z 00850330 f g.o
467	VERIFIED	0002:00060e90 ?Find@EntityHandleDb@@QBEXHABVstring@Broc@@AAV?$ae_sized_array@PAVEntity@@$0BAAA@@@@Z 00850390 f g.o
468	VERIFIED	0002:00060ec0 ?Find@EntityHandleDb@@QBEXHVHashString@@AAV?$ae_sized_array@PAVEntity@@$0BAAA@@@@Z 008503C0 f g.o
469	VERIFIED	0002:00060ee0 ?Find@EntityHandleDb@@QBEXHGAAV?$ae_sized_array@PAVEntity@@$0BAAA@@@@Z 008503E0 f g.o
470	VERIFIED	0002:00060f00 ?SpectatorClientEndFrame@@YAXPAVEntity@@@Z 00850400 f g.o
471	VERIFIED	0002:000610f0 ?G_Animscripted@@YAXPAVEntity@@QBM1Uscr_anim_s@@2IW4animScrMode_t@@MM@Z 008505F0 f g.o
472	VERIFIED	0002:00061830 ?SelectNearestDeathmatchSpawnPoint@@YAPAVEntity@@QBM@Z 00850D30 f g.o
473	VERIFIED	0002:00061930 ?Cmd_SetViewpos_f@@YAXPAVEntity@@@Z 00850E30 f g.o
474	VERIFIED	0002:00061b10 ?G_DebugBox@@YAXQAMMMMMHH@Z 00851010 f g.o
475	VERIFIED	0002:00061bd0 ?G_DebugSphere@@YAXQBMM0HHH@Z 008510D0 f g.o
476	VERIFIED	0002:00061cb0 ?G_DebugCircle@@YAXQBMM0HHH@Z 008511B0 f g.o
477	VERIFIED	0002:00061d50 ?FinishSpawningItem@@YAXPAVEntity@@H@Z 00851250 f g.o
478	VERIFIED	0002:000620f0 ?misc_EntInfo@@YAXPAVEntity@@@Z 008515F0 f g.o
479	VERIFIED	0002:00062350 ?SP_info_null@@YAXPAVEntity@@@Z 00851850 f g.o
480	VERIFIED	0002:00062370 ?SP_light@@YAXPAVEntity@@@Z 00851870 f g.o
481	VERIFIED	0002:00062390 ?SP_misc_model@@YAXPAVEntity@@@Z 00851890 f g.o
482	VERIFIED	0002:000623b0 ?SP_corona@@YAXPAVEntity@@@Z 008518B0 f g.o
483	VERIFIED	0002:000623d0 ?turret_canuse_auto@@YAHPAVEntity@@PAUactor_s@@@Z 008518D0 f g.o
484	VERIFIED	0002:00062810 ?turret_canuse_manual@@YAHPAVEntity@@PAUactor_s@@@Z 00851D10 f g.o
485	VERIFIED	0002:00062930 ?turret_canuse@@YAHPAUactor_s@@PAVEntity@@@Z 00851E30 f g.o
486	VERIFIED	0002:00062a60 ?Concussive_think@@YAXPAVEntity@@H@Z 00851F60 f g.o
487	VERIFIED	0002:00062b50 ?ReturnToPos1Rotate@@YAXPAVEntity@@H@Z 00852050 f g.o
488	VERIFIED	0002:00062ba0 ?Reached_BinaryMover@@YAXPAVEntity@@@Z 008520A0 f g.o
489	VERIFIED	0002:00062fe0 ?SP_func_door@@YAXPAVEntity@@@Z 008524E0 f g.o
490	VERIFIED	0002:00063730 ?ParseVehiclePhysicsConfigString@@YAXPBDPBVConfigString@@@Z 00852C30 f g.o
491	VERIFIED	0002:000639d0 ?G_ParseScrVehicleInfo@@YAXXZ 00852ED0 f g.o
492	VERIFIED	0002:00063a20 ?push_entity@@YA_NPAVEntity@@0@Z 00852F20 f g.o
493	VERIFIED	0002:000640d0 ?Svcmd_EntityList_f@@YAXXZ 008535D0 f g.o
494	VERIFIED	0002:000641a0 ?InitTrigger@@YAXPAVEntity@@@Z 008536A0 f g.o
495	VERIFIED	0002:00064240 ?SP_trigger_multiple@@YAXPAVEntity@@@Z 00853740 f g.o
496	VERIFIED	0002:00064350 ?SP_trigger_friendlychain@@YAXPAVEntity@@@Z 00853850 f g.o
497	VERIFIED	0002:000643a0 ?hurt_think@@YAXPAVEntity@@H@Z 008538A0 f g.o
498	VERIFIED	0002:000643e0 ?SP_trigger_hurt@@YAXPAVEntity@@@Z 008538E0 f g.o
499	VERIFIED	0002:000644b0 ?SP_trigger_once@@YAXPAVEntity@@@Z 008539B0 f g.o
500	VERIFIED	0002:000644f0 ?SP_trigger_damage@@YAXPAVEntity@@@Z 008539F0 f g.o
501	VERIFIED	0002:000646b0 ?SP_trigger_mount@@YAXPAVEntity@@@Z 00853BB0 f g.o
502	VERIFIED	0002:00064980 ?G_DrawVehiclePaths@@YAXXZ 00853E80 f g.o
503	VERIFIED	0002:00064c40 ?G_UpdateTags@@YAXPAVEntity@@H@Z 00854140 f g.o
504	VERIFIED	0002:00064c70 ?G_GetModel@@YAPAXPBDW4TPakId@@@Z 00854170 f g.o
505	SKIPPED	0002:00064cf0 ?XModelChildrenToLocal@@YAXV?$IVPointer@VXModel@@@@PAUDObjSkelMat@@H@Z 008541F0 f g.o  SKIPPED: inline template/container helper; supplied by its template definition
506	SKIPPED	0002:00065290 ?XModelChildrenToModel@@YAXV?$IVPointer@VXModel@@@@PAUDObjSkelMat@@H@Z 00854790 f g.o  SKIPPED: inline template/container helper; supplied by its template definition
507	VERIFIED	0002:000655c0 ?G_PickTarget@@YAPAVEntity@@G@Z 00854AC0 f g.o
508	VERIFIED	0002:00065650 ?Svcmd_ListEntities_f@@YAXXZ 00854B50 f g.o
509	VERIFIED	0002:00065710 ?Render@MemGraph@@YAXXZ 00854C10 f g.o
510	VERIFIED	0002:00066350 ?Validate@EntityHandleDb@@AAEXXZ 00855850 f g.o
511	VERIFIED	0002:00066460 ?Release@EntityHandleDb@@QAEXAAVEntity@@@Z 00855960 f g.o
512	VERIFIED	0002:000664a0 ?Player_UpdateLookAtEntity@@YAXPAVEntity@@@Z 008559A0 f g.o
513	VERIFIED	0002:00066a90 ?G_GetActorProneInfoFromEntHandle@@YAPAUactor_prone_info_t@@V?$DbLinkedHandle@VEntityHandleDb@@VEntity@@@@@Z 00855F90 f g.o
514	VERIFIED	0002:00066b50 ?G_GetClientActorProneInfoFromEntHandle@@YAPAUactor_prone_info_t@@V?$DbLinkedHandle@VEntityHandleDb@@VEntity@@@@@Z 00856050 f g.o
515	VERIFIED	0002:00066be0 ?G_Animscripted_Think@@YAXPAVEntity@@@Z 008560E0 f g.o
516	VERIFIED	0002:00066e00 ?SpotWouldTelefrag@@YA_NABVPosition3@math@@@Z 00856300 f g.o
517	VERIFIED	0002:00066f40 ?SelectRandomDeathmatchSpawnPoint@@YAPAVEntity@@XZ 00856440 f g.o
518	VERIFIED	0002:00067040 ?SelectSpawnPoint@@YAPAVEntity@@QBMQAM1@Z 00856540 f g.o
519	VERIFIED	0002:000670d0 ?SelectInitialSpawnPoint@@YAPAVEntity@@QAM0@Z 008565D0 f g.o
520	VERIFIED	0002:000671f0 ?Client_Touch@@YAXPAVEntity@@0H@Z 008566F0 f g.o
521	VERIFIED	0002:000673b0 ?ClientConnect@@YAPADV?$DbLinkedHandle@VEntityHandleDb@@VEntity@@@@@Z 008568B0 f g.o
522	VERIFIED	0002:00067570 ?ClientBegin@@YAXV?$DbLinkedHandle@VEntityHandleDb@@VEntity@@@@@Z 00856A70 f g.o
523	VERIFIED	0002:00067610 ?ClientDisconnect@@YAXV?$DbLinkedHandle@VEntityHandleDb@@VEntity@@@@@Z 00856B10 f g.o
524	VERIFIED	0002:000676e0 ?Cmd_MenuResponse_f@@YAXPAVEntity@@@Z 00856BE0 f g.o
525	VERIFIED	0002:000677e0 ?UpdateShotProf@@YAXM@Z 00856CE0 f g.o
526	VERIFIED	0002:000678c0 ?ClientCommand@@YAXV?$DbLinkedHandle@VEntityHandleDb@@VEntity@@@@@Z 00856DC0 f g.o
527	VERIFIED	0002:000679f0 ?Cmd_FollowCycle_f@@YAHPAVEntity@@H@Z 00856EF0 f g.o
528	VERIFIED	0002:00067bd0 ?G_FindTeams@@YAXXZ 008570D0 f g.o
529	VERIFIED	0002:00067dd0 ?G_RunThink@@YAXPAVEntity@@H@Z 008572D0 f g.o
530	VERIFIED	0002:00067ed0 ?ShowEntityInfo@@YAXXZ 008573D0 f g.o
531	VERIFIED	0002:00067ff0 ?G_DrawEntityBBoxes@@YAXXZ 008574F0 f g.o
532	VERIFIED	0002:00068c60 ?DebugDumpAnims@@YAXXZ 00858160 f g.o
533	VERIFIED	0002:00068d00 ?G_LoadLevel@@YAXH@Z 00858200 f g.o
534	VERIFIED	0002:00068e30 ?register_dobj@@YAXV?$DbLinkedHandle@VEntityHandleDb@@VEntity@@@@@Z 00858330 f g.o
535	VERIFIED	0002:00068ef0 ?unregister_dobj@@YAXV?$DbLinkedHandle@VEntityHandleDb@@VEntity@@@@@Z 008583F0 f g.o
536	VERIFIED	0002:00068fb0 ?init_dobj_trackers@@YAXXZ 008584B0 f g.o
537	VERIFIED	0002:00068fe0 ?DObjSetNotRenderedFlag@@YAXXZ 008584E0 f g.o
538	VERIFIED	0002:000690b0 ?UpdateAnims@@YAXH@Z 008585B0 f g.o
539	VERIFIED	0002:00069360 ?G_BounceMissile@@YAHPAVEntity@@PAUtrace_t@@@Z 00858860 f g.o
540	VERIFIED	0002:00069720 ?Touch_Mine@@YAXPAVEntity@@0H@Z 00858C20 f g.o
541	VERIFIED	0002:000697f0 ?Touch_Mine_Not_Owner@@YAXPAVEntity@@0H@Z 00858CF0 f g.o
542	VERIFIED	0002:00069840 ?Think_EnableMine@@YAXPAVEntity@@H@Z 00858D40 f g.o
543	VERIFIED	0002:000698c0 ?G_TestEntityPosition@@YAPAVEntity@@PAV1@ABVPosition3@math@@@Z 00858DC0 f g.o
544	VERIFIED	0002:00069a80 ?G_TryPushingEntity@@YAHPAVEntity@@0ABVPosition3@math@@1@Z 00858F80 f g.o
545	VERIFIED	0002:0006a1c0 ?Prop_SetupCollmap@@YA_NPAVEntity@@@Z 008596C0 f g.o
546	VERIFIED	0002:0006a250 ?render_sphere@@YAXABVPosition3@math@@MABVColor@@@Z 00859750 f g.o
547	VERIFIED	0002:0006a290 ?render_aabb@@YAXABVPosition3@math@@0ABVColor@@@Z 00859790 f g.o
548	VERIFIED	0002:0006a370 ?VEH_SetPosition@@YAXPAVEntity@@ABVPosition3@math@@11@Z 00859870 f g.o
549	VERIFIED	0002:0006aac0 ?VEH_SlideMove@@YAHPAVEntity@@HH@Z 00859FC0 f g.o
550	VERIFIED	0002:0006b3c0 ?collide_sphere@@YA_NPAVEntity@@ABUproximity_data_t@@ABVTouchEntityData@@ABVPosition3@math@@MAAV45@@Z 0085A8C0 f g.o
551	VERIFIED	0002:0006c240 ?VEH_Slide@@YAHPAVEntity@@HHHH@Z 0085B740 f g.o
552	VERIFIED	0002:0006c9e0 ?VEH_InvalidateCaches@@YAXXZ 0085BEE0 f g.o
553	VERIFIED	0002:0006cb00 ?Svcmd_VehicleList_f@@YAXXZ 0085C000 f g.o
554	VERIFIED	0002:0006cf00 ?VEH_ReleasePlayerFollowSlot@@YAXPAVEntity@@0@Z 0085C400 f g.o
555	VERIFIED	0002:0006d2b0 ?VEH_NetAltWeaponStatus@@YAXPAVEntity@@H@Z 0085C7B0 f g.o
556	VERIFIED	0002:0006dbf0 ?G_SetupScrVehicles@@YAXXZ 0085D0F0 f g.o
557	VERIFIED	0002:0006dc50 ?G_FreeVehicle@@YAXPAVEntity@@@Z 0085D150 f g.o
558	VERIFIED	0002:0006dea0 ?G_FreeVehicleRefs@@YAXPAVEntity@@@Z 0085D3A0 f g.o
559	VERIFIED	0002:0006df60 ?G_VehicleClientThink@@YAXH@Z 0085D460 f g.o
560	VERIFIED	0002:0006e040 ?G_IsVehicleUnusable@@YAPAVEntity@@PAV1@@Z 0085D540 f g.o
561	VERIFIED	0002:0006e0b0 ?G_IsPlayerInVehicle@@YA_NPAVEntity@@@Z 0085D5B0 f g.o
562	VERIFIED	0002:0006e150 ?G_IsPlayerDrivingVehicle@@YA_NPAVEntity@@@Z 0085D650 f g.o
563	VERIFIED	0002:0006e200 ?G_IsPlayerVehicleGunner@@YA_NPAVEntity@@@Z 0085D700 f g.o
564	VERIFIED	0002:0006e270 ?G_CanPlayerBeDamagedInVehicle@@YA_NPAVEntity@@@Z 0085D770 f g.o
565	VERIFIED	0002:0006e310 ?G_GetTankIndex@@YA_NV?$DbLinkedHandle@VEntityHandleDb@@VEntity@@@@PAHPA_N@Z 0085D810 f g.o
566	VERIFIED	0002:0006e540 ?G_GetTankEntNum@@YA?AV?$DbLinkedHandle@VEntityHandleDb@@VEntity@@@@H@Z 0085DA40 f g.o
567	VERIFIED	0002:0006e640 ?push_in_world@@YA_NAAVPosition3@math@@MABUproximity_data_t@@AAVTouchEntityData@@@Z 0085DB40 f g.o
568	VERIFIED	0002:0006f2a0 ?IsPhysicsStable@scr_vehicle_t@@QAE_NXZ 0085E7A0 f g.o
569	VERIFIED	0002:0006f300 ?IsPhysicsPaused@scr_vehicle_t@@QAE_NXZ 0085E800 f g.o
570	VERIFIED	0002:0006f350 ?IsOppositeTeamInVehicle@scr_vehicle_t@@QAE_NH@Z 0085E850 f g.o
571	VERIFIED	0002:0006f3c0 ?AssignPhysics@scr_vehicle_t@@QAEXPAVEntity@@@Z 0085E8C0 f g.o
572	VERIFIED	0002:0006f460 ?LetHatchClose@scr_vehicle_t@@QAE_NXZ 0085E960 f g.o
573	VERIFIED	0002:0006f4f0 ?GetAverageWheelSpeed@scr_vehicle_t@@QAEMXZ 0085E9F0 f g.o
574	VERIFIED	0002:0006f680 ?CanUseVehicle@scr_vehicle_t@@QAE_NPAVEntity@@AAMAAH@Z 0085EB80 f g.o
575	VERIFIED	0002:0006f9f0 ?G_EntryPointSeatAssociation@@YAHPAVEntity@@H@Z 0085EEF0 f g.o
576	VERIFIED	0002:0006fa60 ?CanMantleVehicle@scr_vehicle_t@@QAE_NPAVEntity@@@Z 0085EF60 f g.o
577	VERIFIED	0002:0006fd50 ?GetEntryHintStringIndex@scr_vehicle_t@@QAEHPAVEntity@@H@Z 0085F250 f g.o
578	VERIFIED	0002:0006ff60 ?vehicle_InitDynamicBuffers@@YAXH@Z 0085F460 f g.o
579	VERIFIED	0002:00070210 ?DebugRender@scr_vehicle_t@@QAEXXZ 0085F710 f g.o
580	VERIFIED	0002:00070490 ?VEH_GetPlayerVehicleInfo@@YAPAUvehicle_info_t@@XZ 0085F990 f g.o
581	VERIFIED	0002:00070500 ?G_DuplicateScriptFields@@YAXPAVEntity@@PBV1@@Z 0085FA00 f g.o
582	VERIFIED	0002:00070600 ?Scr_NotifyFromEnt@@YAXPAVEntity@@VHashString@@0@Z 0085FB00 f g.o
583	VERIFIED	0002:000706b0 ?Scr_Notify@@YAXPAVEntity@@VHashString@@I@Z 0085FBB0 f g.o
584	VERIFIED	0002:00070780 ?ConsoleCommand@@YAHXZ 0085FC80 f g.o
585	VERIFIED	0002:00070840 ?G_Trigger@@YAXPAVEntity@@0@Z 0085FD40 f g.o
586	VERIFIED	0002:00070970 ?Touch_Multi@@YAXPAVEntity@@0H@Z 0085FE70 f g.o
587	VERIFIED	0002:00070990 ?Touch_FriendlyChain@@YAXPAVEntity@@0H@Z 0085FE90 f g.o
588	VERIFIED	0002:00070a10 ?Activate_trigger_damage@@YAXPAVEntity@@0HH@Z 0085FF10 f g.o
589	VERIFIED	0002:00070b30 ?Use_trigger_damage@@YAXPAVEntity@@00@Z 00860030 f g.o
590	VERIFIED	0002:00070b50 ?Pain_trigger_damage@@YAXPAVEntity@@0HQBMH1W4hitLocation_t@@@Z 00860050 f g.o
591	VERIFIED	0002:00070b90 ?Die_trigger_damage@@YAXPAVEntity@@00HHHQBM1W4hitLocation_t@@@Z 00860090 f g.o
592	VERIFIED	0002:00070bd0 ?G_CheckHitTriggerDamage@@YAXPAVEntity@@ABVPosition3@math@@1HH@Z 008600D0 f g.o
593	VERIFIED	0002:00070d70 ?G_GrenadeTouchTriggerDamage@@YAXPAVEntity@@ABVPosition3@math@@1HH@Z 00860270 f g.o
594	VERIFIED	0002:00070f20 ?Touch_trigger_mount@@YAXPAVEntity@@0H@Z 00860420 f g.o
595	VERIFIED	0002:00070f40 ?G_CheckPointInsideTriggerMount@@YAHPAVEntity@@QAMPAH@Z 00860440 f g.o
596	VERIFIED	0002:00071100 ?update_trigger_notifies@@YAXXZ 00860600 f g.o
597	VERIFIED	0002:000712a0 ?Bullet_Fire_Fake_Extended@@YAXV?$DbLinkedHandle@VEntityHandleDb@@VEntity@@@@PAVEntity@@QAMQBMHHPAUweaponParms@@0M@Z 008607A0 f g.o
598	VERIFIED	0002:00071ba0 ?Weapon_Revive_Test@@YA_NPAVEntity@@PAUweaponParms@@PAPAV1@@Z 008610A0 f g.o
599	VERIFIED	0002:000720e0 ?Weapon_Revive@@YAXPAVEntity@@HPAUweaponParms@@@Z 008615E0 f g.o
600	VERIFIED	0002:00072130 ?Spotting@@YAXPAVEntity@@@Z 00861630 f g.o
601	VERIFIED	0002:00072370 ?G_DObjUpdate@@YAXPAVEntity@@_N@Z 00861870 f g.o
602	VERIFIED	0002:000728b0 ?G_SetModel@@YAXPAVEntity@@PBDW4TPakId@@H@Z 00861DB0 f g.o
603	VERIFIED	0002:00072ae0 ?G_EntDetach@@YAHPAVEntity@@PBD1@Z 00861FE0 f g.o
604	VERIFIED	0002:00072c70 ?G_EntDetachAll@@YAXPAVEntity@@@Z 00862170 f g.o
605	VERIFIED	0002:000735e0 ?G_DObjSetLocalBoneIndex@@YAHPAVEntity@@QAHHQBM2_N@Z 00862AE0 f g.o
606	VERIFIED	0002:00073610 ?G_DObjSetLocalBoneIndex@@YAHPAVEntity@@QAHHABVPosition3@math@@ABVMat33@3@_N@Z 00862B10 f g.o
607	VERIFIED	0002:00073640 ?G_DObjSetLocalTag@@YAHPAVEntity@@QAHIQBM2_N@Z 00862B40 f g.o
608	VERIFIED	0002:00073680 ?G_DObjSetControlTagAngles@@YAHPAVEntity@@QAHIQAM@Z 00862B80 f g.o
609	VERIFIED	0002:000736c0 ?G_FreeEntityRefs@@YAXPAVEntity@@@Z 00862BC0 f g.o
610	VERIFIED	0002:000737e0 ?AssignHandle@EntityHandleDb@@QAEXAAVEntity@@@Z 00862CE0 f g.o
611	VERIFIED	0002:00073c40 ?Player_UpdateActivate@@YAXPAVEntity@@@Z 00863140 f g.o
612	VERIFIED	0002:00073d90 ?Player_GetActivateEnt@@YAHPAVEntity@@QAUuseList_t@@@Z 00863290 f g.o
613	VERIFIED	0002:00074710 ?G_TouchEnts@@YAXPAVEntity@@HQAV?$DbLinkedHandle@VEntityHandleDb@@VEntity@@@@@Z 00863C10 f g.o
614	VERIFIED	0002:000748a0 ?G_TouchVehicles@@YAXPAVEntity@@ABVPosition3@math@@PAVTouchEntityData@@ABUcollision_context_t@@@Z 00863DA0 f g.o
615	VERIFIED	0002:00074c90 ?G_DoTouchTriggers@@YAXPAVEntity@@ABVPosition3@math@@PAVTouchEntityData@@ABUcollision_context_t@@@Z 00864190 f g.o
616	VERIFIED	0002:00074fe0 ?player_die@@YAXPAVEntity@@00HHHQBM1W4hitLocation_t@@@Z 008644E0 f g.o
617	VERIFIED	0002:000750b0 ?SpawnHelmet@@YAPAVEntity@@PAV1@QBM1M@Z 008645B0 f g.o
618	VERIFIED	0002:00075590 ?G_FinishDamage@@YAXPAVEntity@@00QBM1HHHW4hitLocation_t@@@Z 00864A90 f g.o
619	VERIFIED	0002:00075910 ?Pickup_Health@@YAHPAVEntity@@0@Z 00864E10 f g.o
620	VERIFIED	0002:00075a70 ?LaunchItem@@YAPAVEntity@@W4TPakId@@PBUgitem_s@@QAM22PAV1@@Z 00864F70 f g.o
621	VERIFIED	0002:00075d20 ?Drop_Item@@YAPAVEntity@@PAV1@PBUgitem_s@@MH@Z 00865220 f g.o
622	VERIFIED	0002:00075e40 ?Drop_Weapon@@YAPAVEntity@@PAV1@HPBD@Z 00865340 f g.o
623	VERIFIED	0002:00076400 ?G_SpawnItem@@YAXPAVEntity@@PBUgitem_s@@@Z 00865900 f g.o
624	VERIFIED	0002:00076720 ?G_RunItem@@YAXPAVEntity@@H@Z 00865C20 f g.o
625	VERIFIED	0002:00076ae0 ?G_InitGame@@YAHHHHH@Z 00865FE0 f g.o
626	VERIFIED	0002:00077450 ?commit_dobjects@@YAXXZ 00866950 f g.o
627	VERIFIED	0002:000776f0 ?G_ClientStopUsingTurret@@YAXPAVEntity@@@Z 00866BF0 f g.o
628	VERIFIED	0002:00077870 ?turret_UpdateTargetAngles@@YAHPAVEntity@@QAMH@Z 00866D70 f g.o
629	VERIFIED	0002:00077b10 ?turret_SetState@@YAXPAVEntity@@H@Z 00867010 f g.o
630	VERIFIED	0002:00077ba0 ?turret_ClearTargetEnt@@YAXPAVEntity@@@Z 008670A0 f g.o
631	VERIFIED	0002:00077c10 ?turret_ReturnToDefaultPos@@YAHPAVEntity@@H@Z 00867110 f g.o
632	VERIFIED	0002:00077ca0 ?turret_random_aim@@YAHPAVEntity@@@Z 008671A0 f g.o
633	VERIFIED	0002:00077f60 ?turret_aimat_Sentient_Internal@@YAHPAVEntity@@PAUsentient_s@@HHQAM@Z 00867460 f g.o
634	VERIFIED	0002:00078270 ?turret_aimat_Sentient@@YAHPAVEntity@@PAUsentient_s@@HH@Z 00867770 f g.o
635	VERIFIED	0002:00078460 ?turret_aimat_Ent@@YAHPAVEntity@@0H@Z 00867960 f g.o
636	VERIFIED	0002:000784c0 ?turret_isTargetVisable@@YAHPAVEntity@@0PAM@Z 008679C0 f g.o
637	VERIFIED	0002:00078710 ?turret_findBestTarget@@YAPAUsentient_s@@PAVEntity@@@Z 00867C10 f g.o
638	VERIFIED	0002:000788c0 ?turret_think_auto_nonai@@YAXPAVEntity@@@Z 00867DC0 f g.o
639	VERIFIED	0002:00078a10 ?turret_think_auto@@YAHPAVEntity@@PAUactor_s@@@Z 00867F10 f g.o
640	VERIFIED	0002:000791f0 ?turret_think_manual@@YAHPAVEntity@@PAUactor_s@@@Z 008686F0 f g.o
641	VERIFIED	0002:00079460 ?turret_think@@YAXPAVEntity@@H@Z 00868960 f g.o
642	VERIFIED	0002:00079790 ?turret_controller@@YAXPAVEntity@@QAH@Z 00868C90 f g.o
643	VERIFIED	0002:00079970 ?G_FreeTurret@@YAXPAVEntity@@@Z 00868E70 f g.o
644	VERIFIED	0002:00079a40 ?turret_use@@YAXPAVEntity@@00@Z 00868F40 f g.o
645	VERIFIED	0002:00079d90 ?G_SpawnTurret@@YAXPAVEntity@@PBD@Z 00869290 f g.o
646	VERIFIED	0002:0007a660 ?SP_turret@@YAXPAVEntity@@@Z 00869B60 f g.o
647	VERIFIED	0002:0007a700 ?misc_spawner_think@@YAXPAVEntity@@H@Z 00869C00 f g.o
648	FIXED	0002:0007a760 ?fire_grenade@@YAPAVEntity@@PAV1@QAM1HH@Z 00869C60 f g.o FIXED: smoke grenade origin NaN assert exception requested; source 0becf3da
649	VERIFIED	0002:0007abc0 ?fire_rifle_grenade@@YAPAVEntity@@PAV1@QAMH_N@Z 0086A0C0 f g.o
650	VERIFIED	0002:0007b0e0 ?fire_mine@@YAPAVEntity@@PAV1@QAM1H@Z 0086A5E0 f g.o
651	VERIFIED	0002:0007b500 ?fire_rocket@@YAPAVEntity@@PAV1@QAM1M@Z 0086AA00 f g.o
652	VERIFIED	0002:0007b8a0 ?fire_artillery@@YAPAVEntity@@PAV1@QAMH@Z 0086ADA0 f g.o
653	VERIFIED	0002:0007bb40 ?G_SetAnimTree@@YAXPAVEntity@@PAVAnimTree@@@Z 0086B040 f g.o
654	VERIFIED	0002:0007bc20 ?Reached_ScriptMover@@YAXPAVEntity@@@Z 0086B120 f g.o
655	VERIFIED	0002:0007bd80 ?SP_script_model@@YAXPAVEntity@@@Z 0086B280 f g.o
656	VERIFIED	0002:0007c110 ?debug_render@@YAXXZ 0086B610 f g.o
657	VERIFIED	0002:0007c4f0 ?VEH_GroundPlant@@YAXPAVEntity@@HH@Z 0086B9F0 f g.o
658	VERIFIED	0002:0007e030 ?VEH_UpdateGunnerAim@@YAXPAVEntity@@@Z 0086D530 f g.o
659	VERIFIED	0002:0007e990 ?VEH_UpdateControllers@@YAXPAVEntity@@H@Z 0086DE90 f g.o
660	VERIFIED	0002:0007f630 ?VEH_UpdateOverHeat@@YAXPAVEntity@@H@Z 0086EB30 f g.o
661	VERIFIED	0002:0007f8b0 ?VEH_UpdatePath@@YAXPAVEntity@@H@Z 0086EDB0 f g.o
662	VERIFIED	0002:0007ffb0 ?VEH_UnlinkPlayer@@YAXPAVEntity@@_N@Z 0086F4B0 f g.o
663	VERIFIED	0002:000807d0 ?VEH_UnlinkPlayerDropped@@YAXPAVEntity@@@Z 0086FCD0 f g.o
664	VERIFIED	0002:00080860 ?VEH_PlayerInteractionExit@@YAXXZ 0086FD60 f g.o
665	VERIFIED	0002:00080880 ?G_IsVehicleUsable@@YAHPAVEntity@@0_N@Z 0086FD80 f g.o
666	VERIFIED	0002:00080970 ?Scr_Vehicle_Controller@@YAXPAVEntity@@QAH@Z 0086FE70 f g.o
667	VERIFIED	0002:00080ac0 ?Scr_Vehicle_Init@@YAXPAVEntity@@H@Z 0086FFC0 f g.o
668	VERIFIED	0002:00080cf0 ?VEH_RotateWheels@@YAXPAVEntity@@PAUvehicle_info_t@@@Z 008701F0 f g.o
669	VERIFIED	0002:00080da0 ?Scr_Vehicle_Use@@YAXPAVEntity@@00@Z 008702A0 f g.o
670	VERIFIED	0002:000811f0 ?Scr_Vehicle_GetOut@@YAXPAVEntity@@0H@Z 008706F0 f g.o
671	VERIFIED	0002:00081280 ?G_CallEntitySpawnFunction@@YAXPAVEntity@@@Z 00870780 f g.o
672	VERIFIED	0002:00081350 ?G_CallSpawnEntity@@YAHPAVEntity@@@Z 00870850 f g.o
673	VERIFIED	0002:000814a0 ?Bullet_Fire_Fake@@YAXPAVEntity@@MHPAUweaponParms@@0M@Z 008709A0 f g.o
674	VERIFIED	0002:00081500 ?Spread_Fire_Fake@@YAXPAVEntity@@MMQBMHMMH@Z 00870A00 f g.o
675	VERIFIED	0002:000816e0 ?weapon_grenadelauncher_fire@@YAPAVEntity@@PAV1@HPAUweaponParms@@@Z 00870BE0 f g.o
676	VERIFIED	0002:000818a0 ?weapon_mine_fire@@YAPAVEntity@@PAV1@HPAUweaponParms@@@Z 00870DA0 f g.o
677	VERIFIED	0002:00081930 ?Weapon_RocketLauncher_Fire@@YAXPAVEntity@@MPAUweaponParms@@M_N@Z 00870E30 f g.o
678	VERIFIED	0002:00081b60 ?Weapon_Artillery_Fire@@YAXPAVEntity@@MPAUweaponParms@@M@Z 00871060 f g.o
679	VERIFIED	0002:00081e00 ?Weapon_ArtilleryStrike_Launch@@YAXPAVEntity@@PAUweaponParms@@QAMH@Z 00871300 f g.o
680	VERIFIED	0002:00082020 ?G_EntAttach@@YAHPAVEntity@@PBD1HW4TPakId@@@Z 00871520 f g.o
681	VERIFIED	0002:00082270 ?G_CalcTagParentAxis@@YAXPAVEntity@@QAY02M@Z 00871770 f g.o
682	VERIFIED	0002:000823c0 ?G_CalcTagParentRelAxis@@YAXPAVEntity@@QAY02M@Z 008718C0 f g.o
683	VERIFIED	0002:00082440 ?G_CalcTagAxis@@YAXPAVEntity@@H@Z 00871940 f g.o
684	VERIFIED	0002:00082540 ?G_SetFixedLink@@YAXPAVEntity@@H@Z 00871A40 f g.o
685	VERIFIED	0002:00082780 ?G_SetPlayerFixedLink@@YAXPAVEntity@@@Z 00871C80 f g.o
686	VERIFIED	0002:00082b50 ?G_GeneralLink@@YAXPAVEntity@@@Z 00872050 f g.o
687	VERIFIED	0002:00082c10 ?Player_UpdateCursorHints@@YAXPAVEntity@@@Z 00872110 f g.o
688	VERIFIED	0002:00083480 ?G_LinkClient@@YAXPAVEntity@@@Z 00872980 f g.o
689	VERIFIED	0002:00083560 ?Cmd_Kill_f@@YAXPAVEntity@@@Z 00872A60 f g.o
690	VERIFIED	0002:000835b0 ?Cmd_DropWeapon_f@@YAXPAVEntity@@@Z 00872AB0 f g.o
691	VERIFIED	0002:000835f0 ?TossClientItems@@YAXPAVEntity@@@Z 00872AF0 f g.o
692	VERIFIED	0002:00083760 ?PlayerDead@@YAXPAVEntity@@00HHHQBM1W4hitLocation_t@@@Z 00872C60 f g.o
693	VERIFIED	0002:00083e10 ?G_Damage@@YAXPAVEntity@@00QBM1HHHW4hitLocation_t@@H@Z 00873310 f g.o
694	VERIFIED	0002:00084ac0 ?G_RadiusDamage@@YAHQBMPAVEntity@@1MMM1H@Z 00873FC0 f g.o
695	VERIFIED	0002:000859c0 ?Touch_Item@@YAXPAVEntity@@0H@Z 00874EC0 f g.o
696	VERIFIED	0002:00085f20 ?UpdateLinkedEntities@@YAXABV?$ae_sized_array@V?$DbLinkedHandle@VEntityHandleDb@@VEntity@@@@$0DOI@@@@Z 00875420 f g.o
697	VERIFIED	0002:00085ff0 ?G_ExplodeMissile@@YAXPAVEntity@@H@Z 008754F0 f g.o
698	VERIFIED	0002:00086fb0 ?G_MoverTeam@@YAXPAVEntity@@@Z 008764B0 f g.o
699	VERIFIED	0002:000875f0 ?G_RunMover@@YAXPAVEntity@@H@Z 00876AF0 f g.o
700	VERIFIED	0002:000877a0 ?Blocked_Door@@YAXPAVEntity@@0@Z 00876CA0 f g.o
701	VERIFIED	0002:00087890 ?Blocked_DoorRotate@@YAXPAVEntity@@0@Z 00876D90 f g.o
702	FIXED	0002:00088280 ?G_SpawnVehicle@@YAHPAVEntity@@PBDH@Z 00877780 f g.o FIXED: corrected parenthesized vehicle-slot bounds test; source f1c42598
703	VERIFIED	0002:00088420 ?ChiefMammalInChargeOfVehicleDamageAndPushOut@@YAXPAVEntity@@@Z 00877920 f g.o
704	VERIFIED	0002:000888d0 ?Scr_Vehicle_Touch@@YAXPAVEntity@@0H@Z 00877DD0 f g.o
705	VERIFIED	0002:00088be0 ?Scr_Vehicle_Die@@YAXPAVEntity@@00HHHQBM1W4hitLocation_t@@@Z 008780E0 f g.o
706	VERIFIED	0002:00088ce0 ?SP_script_vehicle@@YAXPAVEntity@@@Z 008781E0 f g.o
707	VERIFIED	0002:00088ed0 ?VEH_RespawnVehicle@@YAXPAVEntity@@@Z 008783D0 f g.o
708	VERIFIED	0002:000890c0 ?CollisionDamage@scr_vehicle_t@@QAEXPAVEntity@@ABVPosition3@math@@1M@Z 008785C0 f g.o
709	VERIFIED	0002:00089110 ?hurt_touch@@YAXPAVEntity@@0H@Z 00878610 f g.o
710	VERIFIED	0002:000891c0 ?Weapon_Melee@@YAXPAVEntity@@PAUweaponParms@@@Z 008786C0 f g.o
711	VERIFIED	0002:00089a70 ?Bullet_Fire_Extended@@YAXV?$DbLinkedHandle@VEntityHandleDb@@VEntity@@@@PAVEntity@@QAMQBMHHPBUweaponParms@@0M@Z 00878F70 f g.o
712	VERIFIED	0002:0008aa50 ?FireWeaponMelee@@YAXPAVEntity@@@Z 00879F50 f g.o
713	VERIFIED	0002:0008aff0 ?G_EntLinkTo@@YAHPAVEntity@@0PBD@Z 0087A4F0 f g.o
714	VERIFIED	0002:0008b030 ?G_EntLinkTo@@YAHPAVEntity@@0I@Z 0087A530 f g.o
715	VERIFIED	0002:0008b070 ?G_EntLinkToWithOffsetHash@@YAHPAVEntity@@0IQBM1_N@Z 0087A570 f g.o
716	VERIFIED	0002:0008b160 ?G_EntLinkToWithOffset@@YAHPAVEntity@@0PBDQBM2_N@Z 0087A660 f g.o
717	VERIFIED	0002:0008b250 ?HeadHitEnt_Pain@@YAXPAVEntity@@0HQBMH1W4hitLocation_t@@@Z 0087A750 f g.o
718	VERIFIED	0002:0008b2c0 ?HeadHitEnt_Die@@YAXPAVEntity@@00HHHQBM1W4hitLocation_t@@@Z 0087A7C0 f g.o
719	VERIFIED	0002:0008b2f0 ?Cmd_Give_f@@YAXPAVEntity@@@Z 0087A7F0 f g.o
720	VERIFIED	0002:0008b4e0 ?Touch_Item_Auto@@YAXPAVEntity@@0H@Z 0087A9E0 f g.o
721	VERIFIED	0002:0008b520 ?G_MissileImpact@@YAXPAVEntity@@PAUtrace_t@@QAMQBM@Z 0087AA20 f g.o
722	VERIFIED	0002:0008bde0 ?G_RunMissile@@YAXPAVEntity@@H@Z 0087B2E0 f g.o
723	VERIFIED	0002:0008c770 ?Use_BinaryMover@@YAXPAVEntity@@00@Z 0087BC70 f g.o
724	VERIFIED	0002:0008c970 ?Touch_DoorTrigger@@YAXPAVEntity@@0H@Z 0087BE70 f g.o
725	VERIFIED	0002:0008ca50 ?G_TryDoor@@YAXPAVEntity@@00@Z 0087BF50 f g.o
726	VERIFIED	0002:0008cb90 ?G_Activate@@YAXPAVEntity@@0@Z 0087C090 f g.o
727	VERIFIED	0002:0008cc10 ?G_VehiclePopOut@@YAXPAVEntity@@@Z 0087C110 f g.o
728	VERIFIED	0002:0008ce20 ?SetAnimRouteStage@scr_vehicle_t@@QAE_NPAVEntity@@0HH@Z 0087C320 f g.o
729	VERIFIED	0002:0008d200 ?UpdateAnimRoute@scr_vehicle_t@@QAEXPAVEntity@@0@Z 0087C700 f g.o
730	VERIFIED	0002:0008d730 ?G_BulletFireSpread@@YAXPBVEntity@@PAV1@PBUweaponParms@@HM1MH@Z 0087CC30 f g.o
731	VERIFIED	0002:0008d980 ?Bullet_Fire@@YAXPAVEntity@@MHPAUweaponParms@@0M@Z 0087CE80 f g.o
732	VERIFIED	0002:0008dae0 ?FireWeapon@@YAXPAVEntity@@@Z 0087CFE0 f g.o
733	VERIFIED	0002:0008de60 ?ClientEvents@@YAXPAVEntity@@H@Z 0087D360 f g.o
734	VERIFIED	0002:0008e1e0 ?ClientThink_real@@YAXPAVEntity@@@Z 0087D6E0 f g.o
735	VERIFIED	0002:0008eb30 ?ClientThink@@YAXV?$DbLinkedHandle@VEntityHandleDb@@VEntity@@@@@Z 0087E030 f g.o
736	VERIFIED	0002:0008ebf0 ?game_vmMain@@YAHHHHHHHHH@Z 0087E0F0 f g.o
737	VERIFIED	0002:0008f270 ?UpdateEntities@@YAXAAV?$ae_sized_array@V?$DbLinkedHandle@VEntityHandleDb@@VEntity@@@@$0DOI@@@H@Z 0087E770 f g.o
738	VERIFIED	0002:0008f340 ?Fire_Lead@@YAXPAVEntity@@0HH@Z 0087E840 f g.o
739	VERIFIED	0002:0008f570 ?turret_shoot_internal@@YAXPAVEntity@@0@Z 0087EA70 f g.o
740	VERIFIED	0002:0008f630 ?turret_track@@YAXPAVEntity@@0@Z 0087EB30 f g.o
741	VERIFIED	0002:0008f8d0 ?turret_think_client@@YAXPAVEntity@@@Z 0087EDD0 f g.o
742	VERIFIED	0002:0008f9d0 ?turret_shoot@@YAXPAVEntity@@0@Z 0087EED0 f g.o
743	VERIFIED	0002:00090080 ?VEH_FireGunnerWeapon@@YAXPAVEntity@@H@Z 0087F580 f g.o
744	VERIFIED	0002:00090a60 ?VEH_LinkPlayer@@YAXPAVEntity@@0HHH@Z 0087FF60 f g.o
745	VERIFIED	0002:00090ea0 ?VEH_PlayerInteractionEntry@@YAXPAVEntity@@@Z 008803A0 f g.o
746	VERIFIED	0002:00090ed0 ?Scr_Vehicle_Think@@YAXPAVEntity@@H@Z 008803D0 f g.o
747	VERIFIED	0002:000918e0 ?Scr_Vehicle_GetIn@@YAXPAVEntity@@0HHH@Z 00880DE0 f g.o
748	VERIFIED	0002:00091980 ?Scr_Vehicle_SeatChange@@YAHPAVEntity@@H@Z 00880E80 f g.o
749	VERIFIED	0002:00091b60 ?ClientEndFrame@@YAXPAVEntity@@H@Z 00881060 f g.o
750	VERIFIED	0002:00091f10 ?ClientSpawn@@YAXPAVEntity@@QBM1_N2@Z 00881410 f g.o
751	VERIFIED	0002:00092600 ?G_RunFrame@@YAXH@Z 00881B00 f g.o
752	VERIFIED	0002:000a4fd0 ?check_for_decal@trace_t@@QAEXM@Z 008944D0 f i g.o
753	VERIFIED	0002:000a4ff0 ?decal_ok@trace_t@@QAE_NXZ 008944F0 f i g.o
754	VERIFIED	0002:000a5000 ?Inst@CGBankManager@@SAPAV1@XZ 00894500 f i g.o
755	VERIFIED	0002:000a5010 ?get_dlist_node_offset@PakFile@@SAHXZ 00894510 f i g.o
756	VERIFIED	0002:000a5020 ?Inst@PakManager@@SAPAV1@XZ 00894520 f i g.o
757	VERIFIED	0002:000a5030 ?ToggleEnabled@PakManager@@QAEXXZ 00894530 f i g.o
758	VERIFIED	0002:000a5040 ?GetActivePaks@PakManager@@QBEABV?$reserved_dlist@VPakFile@@@@XZ 00894540 f i g.o
759	VERIFIED	0002:000a5050 ?SetProgressCallback@PakManager@@QAEXP6AXM@Z@Z 00894550 f i g.o
760	VERIFIED	0002:000a5070 _ceilf 00894570 f i g.o
761	VERIFIED	0002:000a5090 _cosf 00894590 f i g.o
762	VERIFIED	0002:000a50a0 _fabsf 008945A0 f i g.o
763	VERIFIED	0002:000a50b0 _powf 008945B0 f i g.o
764	VERIFIED	0002:000a50d0 _sinf 008945D0 f i g.o
765	VERIFIED	0002:000a50e0 _sqrtf 008945E0 f i g.o
766	VERIFIED	0002:000a50f0 _tanf 008945F0 f i g.o
767	VERIFIED	0002:000a5100 ?ceil@@YAMM@Z 00894600 f i g.o
768	VERIFIED	0002:000a5120 ?cos@@YAMM@Z 00894620 f i g.o
769	VERIFIED	0002:000a5130 ?GetClient@apsCommon@@SAPAVapsClient@@XZ 00894630 f i g.o
770	VERIFIED	0002:000a5140 ?fabs@@YAMM@Z 00894640 f i g.o
771	VERIFIED	0002:000a5150 ?pow@@YAMMM@Z 00894650 f i g.o
772	VERIFIED	0002:000a5170 ?GetXModelParts@XModel@@QAEPAVXModelParts@@H@Z 00894670 f i g.o
773	VERIFIED	0002:000a51d0 ?GetXModelParts@XModel@@QBEPBVXModelParts@@H@Z 008946D0 f i g.o
774	VERIFIED	0002:000a5230 ?GetName@XModel@@QBEPBDXZ 00894730 f i g.o
775	VERIFIED	0002:000a5240 ?Inst@XModelManager@@SAPAV1@XZ 00894740 f i g.o
776	VERIFIED	0002:000a5250 ??2Task@@SAPAXI_NPBDH@Z 00894750 f i g.o
777	VERIFIED	0002:000a5270 ??3Task@@SAXPAX_NPBDH@Z 00894770 f i g.o
778	VERIFIED	0002:000a5290 ??2Task@@SAPAXI@Z 00894790 f i g.o
779	VERIFIED	0002:000a52b0 ??3Task@@SAXPAX@Z 008947B0 f i g.o
780	VERIFIED	0002:000a52d0 ??1Task@@UAE@XZ 008947D0 f i g.o
781	VERIFIED	0002:000a52e0 ?Update@Task@@UAEXPAVEntity@@M@Z 008947E0 f i g.o
782	SKIPPED	0002:000a52f0 ??_GTask@@UAEPAXI@Z 008947F0 f i g.o  SKIPPED: compiler-generated deleting destructor; supplied by the compiler
783	SKIPPED	0002:000a52f0 ??_ETask@@UAEPAXI@Z 008947F0 f i g.o  SKIPPED: compiler-generated deleting destructor; supplied by the compiler
784	VERIFIED	0002:000a5320 ??1TaskFunctor@@UAE@XZ 00894820 f i g.o
785	VERIFIED	0002:000a5330 ?GetHandler@XAnimUpdateTask@@SAPAVTaskHandler@@XZ 00894830 f i g.o
786	VERIFIED	0002:000a5340 ?GetHandler@AnimationUpdateTask@@SAPAVTaskHandler@@XZ 00894840 f i g.o
787	VERIFIED	0002:000a5350 ?Inst@AnimBankManager@@SAPAV1@XZ 00894850 f i g.o
788	VERIFIED	0002:000a5360 ?Inst@PhysDataBankManager@@SAPAV1@XZ 00894860 f i g.o
789	VERIFIED	0002:000a5370 ?get_is_locked@controller@@QAE_NXZ 00894870 f i g.o
790	VERIFIED	0002:000a5380 ?get_locked_port@controller@@QAEHXZ 00894880 f i g.o
791	SKIPPED	0002:000a5390 ??2@YAPAXI@Z 00894890 f i g.o  SKIPPED: STL/compiler helper; supplied by the toolchain/library
792	SKIPPED	0002:000a53a0 ??3@YAXPAX@Z 008948A0 f i g.o  SKIPPED: STL/compiler helper; supplied by the toolchain/library
793	VERIFIED	0002:000a53b0 ?tlGetTick@@YA_KXZ 008948B0 f i g.o
794	VERIFIED	0002:000a53e0 ?value@tlFixedString@@QAEPAIXZ 008948E0 f i g.o
795	VERIFIED	0002:000a53f0 ??0tlFixedString@@QAE@PBD@Z 008948F0 f i g.o
796	VERIFIED	0002:000a54b0 ??0SimpleCollisionDesc@@QAE@ABVPosition3@math@@0@Z 008949B0 f i g.o
797	VERIFIED	0002:000a5510 ??0CollisionDesc@@QAE@ABVPosition3@math@@0W4ECollisionMaterial@@@Z 00894A10 f i g.o
798	VERIFIED	0002:000a5570 ?cdl_to_native@@YAQAMABVPosition3@math@@@Z 00894A70 f i g.o
799	VERIFIED	0002:000a5580 ?cdl_to_native@@YAQAMABVDir3@math@@@Z 00894A80 f i g.o
800	VERIFIED	0002:000a5590 ?Sqrt@math@@YAMM@Z 00894A90 f i g.o
801	VERIFIED	0002:000a55a0 ?RSqrt@math@@YAMM@Z 00894AA0 f i g.o
802	VERIFIED	0002:000a55c0 ??0Dir3@math@@QAE@XZ 00894AC0 f i g.o
803	VERIFIED	0002:000a55d0 ??0Dir3@math@@QAE@MMM@Z 00894AD0 f i g.o
804	VERIFIED	0002:000a5640 ??0Dir3@math@@QAE@M@Z 00894B40 f i g.o
805	VERIFIED	0002:000a56a0 ?GetZ@Dir3@math@@QBEMXZ 00894BA0 f i g.o
806	VERIFIED	0002:000a56f0 ?SetZ@Dir3@math@@QAEXM@Z 00894BF0 f i g.o
807	VERIFIED	0002:000a5730 ??ADir3@math@@QAEAAMI@Z 00894C30 f i g.o
808	VERIFIED	0002:000a5740 ??ADir3@math@@QBEABMI@Z 00894C40 f i g.o
809	VERIFIED	0002:000a5750 ?GetLerpAngles@EntityState@@QBE?BVPosition3@math@@XZ 00894C50 f i g.o
810	VERIFIED	0002:000a5790 ??0Position3@math@@QAE@XZ 00894C90 f i g.o
811	VERIFIED	0002:000a57a0 ??0Position3@math@@QAE@MMM@Z 00894CA0 f i g.o
812	VERIFIED	0002:000a5810 ??2WaitTilOutput@@SAPAXI_NPBDH@Z 00894D10 f i g.o
813	VERIFIED	0002:000a5830 ??0Position3@math@@QAE@M@Z 00894D30 f i g.o
814	VERIFIED	0002:000a5890 ??3WaitTilOutput@@SAXPAX_NPBDH@Z 00894D90 f i g.o
815	VERIFIED	0002:000a58b0 ?GetX@Position3@math@@QBEMXZ 00894DB0 f i g.o
816	VERIFIED	0002:000a58d0 ?GetY@Position3@math@@QBEMXZ 00894DD0 f i g.o
817	VERIFIED	0002:000a5920 ??1WaitTilOutput@@UAE@XZ 00894E20 f i g.o
818	VERIFIED	0002:000a5930 ?GetZ@Position3@math@@QBEMXZ 00894E30 f i g.o
819	SKIPPED	0002:000a5980 ??_GWaitTilOutput@@UAEPAXI@Z 00894E80 f i g.o  SKIPPED: compiler-generated deleting destructor; supplied by the compiler
820	SKIPPED	0002:000a5980 ??_EWaitTilOutput@@UAEPAXI@Z 00894E80 f i g.o  SKIPPED: compiler-generated deleting destructor; supplied by the compiler
821	VERIFIED	0002:000a59b0 ?SetX@Position3@math@@QAEXM@Z 00894EB0 f i g.o
822	VERIFIED	0002:000a59f0 ?SetY@Position3@math@@QAEXM@Z 00894EF0 f i g.o
823	VERIFIED	0002:000a5a30 ?SetZ@Position3@math@@QAEXM@Z 00894F30 f i g.o
824	VERIFIED	0002:000a5a70 ??APosition3@math@@QAEAAMI@Z 00894F70 f i g.o
825	VERIFIED	0002:000a5a80 ??APosition3@math@@QBEABMI@Z 00894F80 f i g.o
826	VERIFIED	0002:000a5a90 ??0Vector4@math@@QAE@XZ 00894F90 f i g.o
827	VERIFIED	0002:000a5aa0 ??0Vector4@math@@QAE@MMMM@Z 00894FA0 f i g.o
828	VERIFIED	0002:000a5b10 ??0Vector4@math@@QAE@M@Z 00895010 f i g.o
829	VERIFIED	0002:000a5b70 ?get_dlist_node@EntityNotify@@QAEPAXXZ 00895070 f i g.o
830	VERIFIED	0002:000a5b80 ?GetX@Vector4@math@@QBEMXZ 00895080 f i g.o
831	VERIFIED	0002:000a5ba0 ?GetY@Vector4@math@@QBEMXZ 008950A0 f i g.o
832	VERIFIED	0002:000a5bf0 ??2EntityNotify@@SAPAXI_NPBDH@Z 008950F0 f i g.o
833	VERIFIED	0002:000a5c10 ?GetZ@Vector4@math@@QBEMXZ 00895110 f i g.o
834	VERIFIED	0002:000a5c60 ??3EntityNotify@@SAXPAX_NPBDH@Z 00895160 f i g.o
835	VERIFIED	0002:000a5c80 ?GetW@Vector4@math@@QBEMXZ 00895180 f i g.o
836	VERIFIED	0002:000a5cd0 ??4Dir3@math@@QAEABV01@ABVPosition3@1@@Z 008951D0 f i g.o
837	VERIFIED	0002:000a5cf0 ??0Dir3@math@@QAE@ABVPosition3@1@@Z 008951F0 f i g.o
838	VERIFIED	0002:000a5d10 ??0Dir3@math@@QAE@ABVVector4@1@@Z 00895210 f i g.o
839	VERIFIED	0002:000a5d30 ??0vector@Broc@@QAE@XZ 00895230 f i g.o
840	VERIFIED	0002:000a5d70 ??0Dir3@math@@QAE@ABUPacked@01@@Z 00895270 f i g.o
841	VERIFIED	0002:000a5de0 ?Set@vector@Broc@@QAEXMMM@Z 008952E0 f i g.o
842	VERIFIED	0002:000a5e10 ??4Position3@math@@QAEABV01@ABUPacked@01@@Z 00895310 f i g.o
843	VERIFIED	0002:000a5e80 ??0vector@Broc@@QAE@MMM@Z 00895380 f i g.o
844	VERIFIED	0002:000a5eb0 ??0Position3@math@@QAE@ABVDir3@1@@Z 008953B0 f i g.o
845	VERIFIED	0002:000a5ed0 ??0Position3@math@@QAE@ABUPacked@01@@Z 008953D0 f i g.o
846	VERIFIED	0002:000a5f40 ??0Vector4@math@@QAE@ABVDir3@1@@Z 00895440 f i g.o
847	VERIFIED	0002:000a5f80 ??0Vector4@math@@QAE@ABUConstant@01@@Z 00895480 f i g.o
848	VERIFIED	0002:000a5fb0 ??Gmath@@YA?AVDir3@0@ABV10@@Z 008954B0 f i g.o
849	VERIFIED	0002:000a5ff0 ??Gmath@@YA?AVPosition3@0@ABV10@@Z 008954F0 f i g.o
850	VERIFIED	0002:000a6030 ??Gmath@@YA?AVVector4@0@ABV10@@Z 00895530 f i g.o
851	VERIFIED	0002:000a6070 ?Length@math@@YAMABVDir3@1@@Z 00895570 f i g.o
852	VERIFIED	0002:000a60d0 ?AbsSquared@math@@YAMABVDir3@1@@Z 008955D0 f i g.o
853	VERIFIED	0002:000a6130 ?AbsSquared@math@@YAMABVPosition3@1@@Z 00895630 f i g.o
854	VERIFIED	0002:000a6190 ?Abs@math@@YAMABVDir3@1@@Z 00895690 f i g.o
855	VERIFIED	0002:000a61f0 ?Abs@math@@YAMABVPosition3@1@@Z 008956F0 f i g.o
856	VERIFIED	0002:000a6250 ??0entity@Broc@@QAE@I@Z 00895750 f i g.o
857	VERIFIED	0002:000a6270 ??0entity@Broc@@QAE@ABV01@@Z 00895770 f i g.o
858	VERIFIED	0002:000a6290 ?GetHandle@entity@Broc@@QBEIXZ 00895790 f i g.o
859	VERIFIED	0002:000a62a0 ?AbsValue@math@@YA?AVVector4@1@ABV21@@Z 008957A0 f i g.o
860	VERIFIED	0002:000a62e0 ?Ceil@math@@YA?AVVector4@1@ABV21@@Z 008957E0 f i g.o
861	VERIFIED	0002:000a6330 ?GetAllocator@Block@BackupStack@AeThread@@SAPAVPoolAllocator@@XZ 00895830 f i g.o
862	VERIFIED	0002:000a6340 ?Inst@AeThreadManager@@SAPAV1@XZ 00895840 f i g.o
863	VERIFIED	0002:000a6350 ??8math@@YA_NABVPosition3@0@0@Z 00895850 f i g.o
864	VERIFIED	0002:000a6430 ??0ScriptEventParams@@QAE@XZ 00895930 f i g.o
865	VERIFIED	0002:000a64b0 ??9math@@YA_NABVPosition3@0@0@Z 008959B0 f i g.o
866	VERIFIED	0002:000a6590 ?Inst@DestructibleBankManager@@SAPAV1@XZ 00895A90 f i g.o
867	VERIFIED	0002:000a65a0 ??Hmath@@YA?AVDir3@0@ABV10@ABVPosition3@0@@Z 00895AA0 f i g.o
868	VERIFIED	0002:000a65e0 ??Hmath@@YA?AVPosition3@0@ABV10@ABVDir3@0@@Z 00895AE0 f i g.o
869	VERIFIED	0002:000a6620 ?GetNotifySet@Entity@@QAEPAVEntityNotifySet@@XZ 00895B20 f i g.o
870	VERIFIED	0002:000a6630 ??Hmath@@YA?AVPosition3@0@ABV10@0@Z 00895B30 f i g.o
871	VERIFIED	0002:000a6670 ??Hmath@@YA?AVVector4@0@ABV10@0@Z 00895B70 f i g.o
872	VERIFIED	0002:000a66b0 ??Gmath@@YA?AVDir3@0@ABV10@ABVPosition3@0@@Z 00895BB0 f i g.o
873	VERIFIED	0002:000a66f0 ??Gmath@@YA?AVPosition3@0@ABV10@ABVDir3@0@@Z 00895BF0 f i g.o
874	VERIFIED	0002:000a6730 ??Gmath@@YA?AVPosition3@0@ABV10@0@Z 00895C30 f i g.o
875	VERIFIED	0002:000a6770 ??Kmath@@YA?AVDir3@0@ABV10@M@Z 00895C70 f i g.o
876	VERIFIED	0002:000a67b0 ?GetHandle@Entity@@QBE?AV?$DbLinkedHandle@VEntityHandleDb@@VEntity@@@@XZ 00895CB0 f i g.o
877	VERIFIED	0002:000a67d0 ?SetEntityArrayIndex@Entity@@QAEXH@Z 00895CD0 f i g.o
878	VERIFIED	0002:000a67f0 ?GetEntityArrayIndex@Entity@@QBEHXZ 00895CF0 f i g.o
879	VERIFIED	0002:000a6800 ?GetPakId@Entity@@QBE?AW4TPakId@@XZ 00895D00 f i g.o
880	VERIFIED	0002:000a6820 ?GetDObj@Entity@@QAEPAVDObj@@XZ 00895D20 f i g.o
881	VERIFIED	0002:000a6830 ??Dmath@@YA?AVDir3@0@ABV10@M@Z 00895D30 f i g.o
882	VERIFIED	0002:000a6870 ??Dmath@@YA?AVDir3@0@MABV10@@Z 00895D70 f i g.o
883	SKIPPED	0002:000a68b0 ?SetDestructible@Entity@@QAEXV?$IVPointer@VDestructible@@@@@Z 00895DB0 f i g.o  SKIPPED: inline template/container helper; supplied by its template definition
884	SKIPPED	0002:000a68e0 ?GetDestructible@Entity@@QAE?AV?$IVPointer@VDestructible@@@@XZ 00895DE0 f i g.o  SKIPPED: inline template/container helper; supplied by its template definition
885	VERIFIED	0002:000a6910 ??Dmath@@YA?AVPosition3@0@ABV10@M@Z 00895E10 f i g.o
886	VERIFIED	0002:000a6950 ??Dmath@@YA?AVPosition3@0@MABV10@@Z 00895E50 f i g.o
887	VERIFIED	0002:000a6990 ?Inst@EntityManager@@SAPAV1@XZ 00895E90 f i g.o
888	VERIFIED	0002:000a69a0 ??Dmath@@YAMABVDir3@0@0@Z 00895EA0 f i g.o
889	VERIFIED	0002:000a6a00 ??Dmath@@YAMABVDir3@0@ABVPosition3@0@@Z 00895F00 f i g.o
890	VERIFIED	0002:000a6a60 ?GetPlayer@EntityManager@@QAEPAVEntity@@H@Z 00895F60 f i g.o
891	VERIFIED	0002:000a6ae0 ?GetWorld@EntityManager@@QAEPAVEntity@@XZ 00895FE0 f i g.o
892	VERIFIED	0002:000a6af0 ?GetPlayer@@YAPAVEntity@@H@Z 00895FF0 f i g.o
893	VERIFIED	0002:000a6b10 ??Dmath@@YAMABVPosition3@0@ABVDir3@0@@Z 00896010 f i g.o
894	VERIFIED	0002:000a6b70 ?IsLocalPlayer@@YA_NPAVEntity@@@Z 00896070 f i g.o
895	VERIFIED	0002:000a6b90 ?GetWorld@@YAPAVEntity@@XZ 00896090 f i g.o
896	VERIFIED	0002:000a6ba0 ?GetPlayerIndex@@YAHPAVEntity@@@Z 008960A0 f i g.o
897	VERIFIED	0002:000a6bc0 ?Mul@math@@YA?AVVector4@1@ABV21@0@Z 008960C0 f i g.o
898	VERIFIED	0002:000a6c00 ?Cross@math@@YA?AVDir3@1@ABV21@0@Z 00896100 f i g.o
899	VERIFIED	0002:000a6c70 ?Min@math@@YA?AVPosition3@1@ABV21@0@Z 00896170 f i g.o
900	VERIFIED	0002:000a6cb0 ?Max@math@@YA?AVPosition3@1@ABV21@0@Z 008961B0 f i g.o
901	VERIFIED	0002:000a6cf0 ??_0Dir3@math@@QAEABV01@M@Z 008961F0 f i g.o
902	VERIFIED	0002:000a6d30 ??YPosition3@math@@QAEABV01@ABVDir3@1@@Z 00896230 f i g.o
903	VERIFIED	0002:000a6d70 ??YPosition3@math@@QAEABV01@ABV01@@Z 00896270 f i g.o
904	VERIFIED	0002:000a6db0 ??XPosition3@math@@QAEABV01@M@Z 008962B0 f i g.o
905	VERIFIED	0002:000a6df0 ??_0Position3@math@@QAEABV01@M@Z 008962F0 f i g.o
906	VERIFIED	0002:000a6e30 ??ZVector4@math@@QAEABV01@ABV01@@Z 00896330 f i g.o
907	VERIFIED	0002:000a6e70 ?DeclareUnit@math@@YA?AVDir3@1@ABV21@@Z 00896370 f i g.o
908	VERIFIED	0002:000a6ea0 ?Unitize@math@@YA?AVDir3@1@ABV21@@Z 008963A0 f i g.o
909	VERIFIED	0002:000a6f20 ?Dir3_Zero@math@@YA?AVDir3@1@XZ 00896420 f i g.o
910	VERIFIED	0002:000a6f60 ?Position3_Zero@math@@YA?AVPosition3@1@XZ 00896460 f i g.o
911	VERIFIED	0002:000a6fa0 ??0Mat33@math@@QAE@XZ 008964A0 f i g.o
912	VERIFIED	0002:000a6fb0 ??0Mat33@math@@QAE@ABVDir3@1@00@Z 008964B0 f i g.o
913	VERIFIED	0002:000a7030 ?GetX@Mat33@math@@QBEABVDir3@2@XZ 00896530 f i g.o
914	VERIFIED	0002:000a7040 ?GetY@Mat33@math@@QBEABVDir3@2@XZ 00896540 f i g.o
915	VERIFIED	0002:000a7050 ?GetZ@Mat33@math@@QBEABVDir3@2@XZ 00896550 f i g.o
916	VERIFIED	0002:000a7060 ??0Mat43@math@@QAE@XZ 00896560 f i g.o
917	VERIFIED	0002:000a7070 ?GetX@Mat43@math@@QBEABVDir3@2@XZ 00896570 f i g.o
918	VERIFIED	0002:000a7080 ?GetY@Mat43@math@@QBEABVDir3@2@XZ 00896580 f i g.o
919	VERIFIED	0002:000a7090 ?GetZ@Mat43@math@@QBEABVDir3@2@XZ 00896590 f i g.o
920	VERIFIED	0002:000a70a0 ?GetW@Mat43@math@@QBEABVPosition3@2@XZ 008965A0 f i g.o
921	VERIFIED	0002:000a70b0 ?GetX@Mat43@math@@QAEAAVDir3@2@XZ 008965B0 f i g.o
922	VERIFIED	0002:000a70c0 ?GetY@Mat43@math@@QAEAAVDir3@2@XZ 008965C0 f i g.o
923	VERIFIED	0002:000a70d0 ?GetZ@Mat43@math@@QAEAAVDir3@2@XZ 008965D0 f i g.o
924	VERIFIED	0002:000a70e0 ?GetW@Mat43@math@@QAEAAVPosition3@2@XZ 008965E0 f i g.o
925	VERIFIED	0002:000a70f0 ??0Mat44@math@@QAE@XZ 008965F0 f i g.o
926	VERIFIED	0002:000a7100 ??0Mat33@math@@QAE@ABV01@@Z 00896600 f i g.o
927	VERIFIED	0002:000a7180 ??4Mat33@math@@QAEABV01@ABV01@@Z 00896680 f i g.o
928	VERIFIED	0002:000a7200 ??0Mat43@math@@QAE@ABUPacked@01@@Z 00896700 f i g.o
929	VERIFIED	0002:000a7360 ??0Mat43@math@@QAE@ABVMat33@1@ABVPosition3@1@@Z 00896860 f i g.o
930	VERIFIED	0002:000a7400 ??0Mat43@math@@QAE@ABV01@@Z 00896900 f i g.o
931	VERIFIED	0002:000a74a0 ??4Mat43@math@@QAEABV01@ABV01@@Z 008969A0 f i g.o
932	VERIFIED	0002:000a7540 ?Inst@EffectEventSys@@SAPAV1@XZ 00896A40 f i g.o
933	VERIFIED	0002:000a7550 ?Inst@TaskSys@@SAPAV1@XZ 00896A50 f i g.o
934	VERIFIED	0002:000a7560 ?Clear@PlayerStateEvents@@QAEXXZ 00896A60 f i g.o
935	VERIFIED	0002:000a75a0 ??0NodeHandle@PathNodes@@QAE@XZ 00896AA0 f i g.o
936	VERIFIED	0002:000a75b0 ?Mul@math@@YA?AVPosition3@1@ABV21@ABVMat43@1@@Z 00896AB0 f i g.o
937	VERIFIED	0002:000a7630 ??0NodeHandle@PathNodes@@QAE@H@Z 00896B30 f i g.o
938	VERIFIED	0002:000a7650 ?GetZoneIndex@NodeHandle@PathNodes@@QBEGXZ 00896B50 f i g.o
939	VERIFIED	0002:000a7660 ?NullHandle@NodeHandle@PathNodes@@SA?AV12@XZ 00896B60 f i g.o
940	VERIFIED	0002:000a7670 ?IsAssigned@NodeHandle@PathNodes@@QBE_NXZ 00896B70 f i g.o
941	VERIFIED	0002:000a7690 ??8NodeHandle@PathNodes@@QBE_NABV01@@Z 00896B90 f i g.o
942	VERIFIED	0002:000a76b0 ??BNodeHandle@PathNodes@@QBE_NXZ 00896BB0 f i g.o
943	VERIFIED	0002:000a76e0 ??Dmath@@YA?AVPosition3@0@ABV10@ABVMat43@0@@Z 00896BE0 f i g.o
944	VERIFIED	0002:000a7760 ??2tagInfo_t@@SAPAXI_NPBDH@Z 00896C60 f i g.o
945	VERIFIED	0002:000a7780 ??3tagInfo_t@@SAXPAX_NPBDH@Z 00896C80 f i g.o
946	VERIFIED	0002:000a77a0 ??3tagInfo_t@@SAXPAX@Z 00896CA0 f i g.o
947	VERIFIED	0002:000a77c0 ?Mul@math@@YA?AVMat33@1@ABV21@0@Z 00896CC0 f i g.o
948	VERIFIED	0002:000a7920 ?IsPlayerFullySeatedInVehicle@@YA_NPAVEntity@@@Z 00896E20 f i g.o
949	VERIFIED	0002:000a79e0 ?Clear@LerpedVariables@scr_vehicle_t@@QAEXXZ 00896EE0 f i g.o
950	VERIFIED	0002:000a7a10 ?IsVehicleSpotted@@YA_NPAVEntity@@@Z 00896F10 f i g.o
951	VERIFIED	0002:000a7a60 ?Sentient_EnemyTeam@@YA?AW4team_t@@W41@@Z 00896F60 f i g.o
952	VERIFIED	0002:000a7af0 ?Actor_IsMeleeInteractable@@YA_NPBUactor_s@@@Z 00896FF0 f i g.o
953	VERIFIED	0002:000a7bc0 ?Mul@math@@YA?AVMat43@1@ABV21@0@Z 008970C0 f i g.o
954	VERIFIED	0002:000a7d90 ??Dmath@@YA?AVMat43@0@ABV10@0@Z 00897290 f i g.o
955	VERIFIED	0002:000a7f60 ??XMat33@math@@QAEABV01@ABV01@@Z 00897460 f i g.o
956	VERIFIED	0002:000a80a0 ?Inv@math@@YA?AVMat43@1@ABV21@@Z 008975A0 f i g.o
957	VERIFIED	0002:000a81e0 ?Inst@InteractionController@@SAPAV1@H@Z 008976E0 f i g.o
958	VERIFIED	0002:000a8260 ?IsInteracting@InteractionController@@QBEHXZ 00897760 f i g.o
959	VERIFIED	0002:000a8270 ?SetFlag@InteractionController@@QAEXIH@Z 00897770 f i g.o
960	VERIFIED	0002:000a82a0 ?IsFlagged@InteractionController@@QBEHI@Z 008977A0 f i g.o
961	VERIFIED	0002:000a82c0 ??Kmath@@YA?AVPosition3@0@ABV10@ABVMat43@0@@Z 008977C0 f i g.o
962	VERIFIED	0002:000a83b0 ?Inst@SmokeGrenadeMgr@@SAPAV1@XZ 008978B0 f i g.o
963	VERIFIED	0002:000a83c0 ?Cos@math@@YA?AVVector4@1@ABV21@0@Z 008978C0 f i g.o
964	VERIFIED	0002:000a84d0 ?Compare_all_lt@math@@YA_NABVPosition3@1@0@Z 008979D0 f i g.o
965	VERIFIED	0002:000a8520 ?Inst@SoundDevice@@SAPAV1@XZ 00897A20 f i g.o
966	VERIFIED	0002:000a8530 ??0Quaternion@math@@QAE@XZ 00897A30 f i g.o
967	VERIFIED	0002:000a8540 ??0Quaternion@math@@QAE@MMMM@Z 00897A40 f i g.o
968	VERIFIED	0002:000a85b0 ??Dmath@@YA?AVQuaternion@0@ABV10@M@Z 00897AB0 f i g.o
969	VERIFIED	0002:000a85f0 ?DeclareUnit@math@@YA?AVQuaternion@1@ABV21@@Z 00897AF0 f i g.o
970	VERIFIED	0002:000a8620 ?GetQuaternion@math@@YA?AVQuaternion@1@ABVMat33@1@@Z 00897B20 f i g.o
971	VERIFIED	0002:000a8a50 ?GetPlayerState@@YAAAVPlayerState@@H@Z 00897F50 f i g.o
972	VERIFIED	0002:000a8a70 ?SetDelay@RumbleEffect@@QAEXW4ERumbleMotorID@@M@Z 00897F70 f i g.o
973	VERIFIED	0002:000a8b60 ?SetEnabled@RumbleEffect@@QAEXW4ERumbleMotorID@@_N@Z 00898060 f i g.o
974	VERIFIED	0002:000a8be0 ?SetIntensity@RumbleEffect@@QAEXW4ERumbleMotorID@@M@Z 008980E0 f i g.o
975	VERIFIED	0002:000a8ce0 ?SetRampDownDuration@RumbleEffect@@QAEXW4ERumbleMotorID@@M@Z 008981E0 f i g.o
976	VERIFIED	0002:000a8dd0 ?SetRampUpDuration@RumbleEffect@@QAEXW4ERumbleMotorID@@M@Z 008982D0 f i g.o
977	VERIFIED	0002:000a8ec0 ?SetSteadyDuration@RumbleEffect@@QAEXW4ERumbleMotorID@@M@Z 008983C0 f i g.o
978	VERIFIED	0002:000a8fb0 ?Initialize@RumbleEffect@@AAEXXZ 008984B0 f i g.o
979	VERIFIED	0002:000a9010 ??1RumbleData@RumbleEffect@@QAE@XZ 00898510 f i g.o
980	VERIFIED	0002:000a9020 ?GetCameraMode@Camera@@QAE?AW4ECameraModes@@XZ 00898520 f i g.o
981	VERIFIED	0002:000a9030 ?GetVehicleCameraMode@Camera@@QAE?AW4EVehicleCameraMode@@XZ 00898530 f i g.o
982	VERIFIED	0002:000a9040 ?GetLastViewAngles@Camera@@QAEMH@Z 00898540 f i g.o
983	VERIFIED	0002:000a9060 ?Inst@TestFPS@@SAPAV1@XZ 00898560 f i g.o
984	VERIFIED	0002:000a9070 ?IsTesting@TestFPS@@QAE_NXZ 00898570 f i g.o
985	VERIFIED	0002:000a9080 ?IsGamePaused@GamePause@@SA_NH@Z 00898580 f i g.o
986	VERIFIED	0002:000a9100 ??0Handle@@QAE@H@Z 00898600 f i g.o
987	VERIFIED	0002:000a9120 ?NullHandle@Handle@@SA?AV1@XZ 00898620 f i g.o
988	VERIFIED	0002:000a9140 ?IsUnassigned@Handle@@QBE_NXZ 00898640 f i g.o
989	VERIFIED	0002:000a9150 ?GetVal@Handle@@QBEIXZ 00898650 f i g.o
990	VERIFIED	0002:000a9160 ??8@YA_NVHandle@@0@Z 00898660 f i g.o
991	VERIFIED	0002:000a9180 ??9@YA_NVHandle@@0@Z 00898680 f i g.o
992	VERIFIED	0002:000a91a0 ?start@cdl_proftimer@@QAEXXZ 008986A0 f i g.o
993	VERIFIED	0002:000a91e0 ?stop@cdl_proftimer@@QAEXXZ 008986E0 f i g.o
994	VERIFIED	0002:000a9230 ??0nalMatrix4x4@@QAE@XZ 00898730 f i g.o
995	VERIFIED	0002:000a9240 ?nalQuaternionFromMatrix@@YA?AVQuaternion@math@@ABVnalMatrix4x4@@@Z 00898740 f i g.o
996	VERIFIED	0002:000a9670 ??0nalPositionOrientation@@QAE@ABVDir3@math@@ABVQuaternion@2@@Z 00898B70 f i g.o
997	VERIFIED	0002:000a96d0 ??0nalPositionOrientation@@QAE@ABVnalMatrix4x4@@@Z 00898BD0 f i g.o
998	VERIFIED	0002:000a9700 ??0MPEntityHandle@@QAE@XZ 00898C00 f i g.o
999	VERIFIED	0002:000a9710 ??0MPEntityHandle@@QAE@ABV0@@Z 00898C10 f i g.o
1000	VERIFIED	0002:000a9730 ?GetPeerEntityIndex@MPEntityHandle@@QBEGXZ 00898C30 f i g.o
1001	VERIFIED	0002:000a9740 ?GetValue@MPEntityHandle@@QBEGXZ 00898C40 f i g.o
1002	VERIFIED	0002:000a9750 ?IsAssigned@MPEntityHandle@@QBE_NXZ 00898C50 f i g.o
1003	VERIFIED	0002:000a9760 ??4MPEntityHandle@@QAEAAV0@ABV0@@Z 00898C60 f i g.o
1004	VERIFIED	0002:000a9780 ?Inst@MultiplayerMgr@@SAPAV1@XZ 00898C80 f i g.o
1005	VERIFIED	0002:000a9790 ?GetPeer@MultiplayerMgr@@QAEPAVMPPeer@@XZ 00898C90 f i g.o
1006	VERIFIED	0002:000a97a0 ??_H@YGXPAXIHP6EPAX0@Z@Z 00898CA0 f i g.o
1007	VERIFIED	0002:000a97d0 ?Inst@PathNodeMgr@@SAPAV1@XZ 00898CD0 f i g.o
1008	VERIFIED	0002:000a97e0 ?GetTotalNodeCount@PathNodeMgr@@QBEHXZ 00898CE0 f i g.o
1009	VERIFIED	0002:000a9860 ?GetNode@PathNodeMgr@@QAEPAUPathNode@PathNodes@@ABVNodeHandle@3@@Z 00898D60 f i g.o
1010	VERIFIED	0002:000a9920 ?Inst@CheckpointMgr@@SAPAV1@XZ 00898E20 f i g.o
1011	VERIFIED	0002:000a9930 ?CheckpointSaveExists@CheckpointMgr@@QAE_NXZ 00898E30 f i g.o
1012	VERIFIED	0002:000a9940 ?IsRestoringCheckpoint@CheckpointMgr@@QBE_NXZ 00898E40 f i g.o
1013	VERIFIED	0002:000a9960 ?GetPlayerPosition@CheckpointMgr@@QBEAAY02$$CBMXZ 00898E60 f i g.o
1014	VERIFIED	0002:000a9970 ?get_flag@rigid_body@@QBE?BII@Z 00898E70 f i g.o
1015	VERIFIED	0002:000a9990 ?is_stable@rigid_body@@QBE?BIXZ 00898E90 f i g.o
1016	VERIFIED	0002:000a99a0 ?get_wheel_flag@rigid_body_constraint_wheel@@QBE?BIW4wheel_flags_e@1@@Z 00898EA0 f i g.o
1017	VERIFIED	0002:000a99c0 ?get_hitp_loc@rigid_body_constraint_wheel@@QBE?BVDir3@math@@XZ 00898EC0 f i g.o
1018	VERIFIED	0002:000a99f0 ?get_wheel_vel@rigid_body_constraint_wheel@@QBE?BMXZ 00898EF0 f i g.o
1019	VERIFIED	0002:000a9a00 ?IS_NAN@@YA_NABM@Z 00898F00 f i g.o
1020	VERIFIED	0002:000a9a30 ?random@@YAMXZ 00898F30 f i g.o
1021	VERIFIED	0002:000a9a50 ?FastRound@@YAHM@Z 00898F50 f i g.o
1022	VERIFIED	0002:000a9a70 ?Q_fabs@@YAMM@Z 00898F70 f i g.o
1023	VERIFIED	0002:000a9a90 ?LittleShort@@YAFF@Z 00898F90 f i g.o
1024	VERIFIED	0002:000a9aa0 ?LittleLong@@YAHH@Z 00898FA0 f i g.o
1025	VERIFIED	0002:000a9ab0 ?LittleFloat@@YAMM@Z 00898FB0 f i g.o
1026	VERIFIED	0002:000a9ac0 ?Clear@usercmd_s@@QAEXXZ 00898FC0 f i g.o
1027	VERIFIED	0002:000a9b10 ??0trajectory_t@@QAE@XZ 00899010 f i g.o
1028	VERIFIED	0002:000a9b50 ??0HashString@@QAE@XZ 00899050 f i g.o
1029	VERIFIED	0002:000a9b60 ??0HashString@@QAE@PBD@Z 00899060 f i g.o
1030	VERIFIED	0002:000a9b90 ??0HashString@@QAE@H@Z 00899090 f i g.o
1031	VERIFIED	0002:000a9bb0 ?NullHash@HashString@@SAIXZ 008990B0 f i g.o
1032	VERIFIED	0002:000a9bc0 ?GetHash@HashString@@QBEIXZ 008990C0 f i g.o
1033	VERIFIED	0002:000a9bd0 ?Compare@HashString@@SA_NABV1@0@Z 008990D0 f i g.o
1034	VERIFIED	0002:000a9bf0 ??8@YA_NABVHashString@@0@Z 008990F0 f i g.o
1035	VERIFIED	0002:000a9c10 ??9@YA_NABVHashString@@0@Z 00899110 f i g.o
1036	VERIFIED	0002:000a9c30 ??8@YA_NABVHashString@@I@Z 00899130 f i g.o
1037	VERIFIED	0002:000a9c50 ??9@YA_NABVHashString@@I@Z 00899150 f i g.o
1038	VERIFIED	0002:000a9c70 ?GetBuff@Block@string@Broc@@QAEPADXZ 00899170 f i g.o
1039	VERIFIED	0002:000a9c80 ??Astring@Broc@@QAEDI@Z 00899180 f i g.o
1040	VERIFIED	0002:000a9cb0 ?c_str@string@Broc@@QBEPBDXZ 008991B0 f i g.o
1041	VERIFIED	0002:000a9cd0 ?IsDefined@string@Broc@@QBE_NXZ 008991D0 f i g.o
1042	VERIFIED	0002:000a9ce0 ?SetUndefined@string@Broc@@QAEXXZ 008991E0 f i g.o
1043	VERIFIED	0002:000a9d00 ?is_empty@string@Broc@@QBE_NXZ 00899200 f i g.o
1044	VERIFIED	0002:000a9d20 ??9Broc@@YA_NABVstring@0@0@Z 00899220 f i g.o
1045	VERIFIED	0002:000a9d40 ?Inst@EntityHandleDb@@SAPAV1@XZ 00899240 f i g.o
1046	VERIFIED	0002:000a9d50 ?GetActiveList@EntityHandleDb@@QBEABV?$ae_sized_array@PAVEntity@@$0BAAA@@@XZ 00899250 f i g.o
1047	VERIFIED	0002:000a9d60 ?Inst@TimerRenderBars@@SAPAV1@XZ 00899260 f i g.o
1048	VERIFIED	0002:000a9d70 ?ToggleActive@TimerRenderBars@@QAEXXZ 00899270 f i g.o
1049	VERIFIED	0002:000a9d80 ?IsActive@TimerRenderBars@@QBEHXZ 00899280 f i g.o
1050	VERIFIED	0002:000a9d90 ?Inst@ConfigStringManager@@SAPAV1@XZ 00899290 f i g.o
1051	VERIFIED	0002:000a9da0 ?Inst@RumbleManager@@SAPAV1@H@Z 008992A0 f i g.o
1052	VERIFIED	0002:000a9e20 ??1RumbleEffect@@QAE@XZ 00899320 f i g.o
1053	VERIFIED	0002:000a9e40 ?Inst@SceneManager@@SAPAV1@XZ 00899340 f i g.o
1054	SKIPPED	0002:000a9e50 ?GetPersistantStorage@SceneManager@@QAEPAV?$InplaceVector@E@@XZ 00899350 f i g.o  SKIPPED: inline template/container helper; supplied by its template definition
1055	VERIFIED	0002:000a9e60 ?Inst@PlayerAnimMgr@@SAPAV1@XZ 00899360 f i g.o
1056	VERIFIED	0002:000a9e70 ?Inst@DynamicDecalMgr@@SAPAV1@XZ 00899370 f i g.o
1057	VERIFIED	0002:000a9e80 ?get_throttle@rb_vehicle@@QBEMXZ 00899380 f i g.o
1058	VERIFIED	0002:000a9e90 ?get_steer_factor@rb_vehicle@@QBEMXZ 00899390 f i g.o
1059	VERIFIED	0002:000a9ea0 ?get_forward_vel@rb_vehicle@@QBEMXZ 008993A0 f i g.o
1060	VERIFIED	0002:000a9eb0 ?get_parameter@rb_vehicle@@QBEPAVvehicle_rb_parameter@@XZ 008993B0 f i g.o
1061	VERIFIED	0002:000a9ec0 ?get_chassis_rbinf@rb_vehicle@@QBEPBVrb_extra_info@@XZ 008993C0 f i g.o
1062	VERIFIED	0002:000a9ed0 ?get_flag@rb_vehicle@@ABE?BIW4rb_vehicle_model_flags_e@1@@Z 008993D0 f i g.o
1063	VERIFIED	0002:000a9ef0 ?get_wheel@rb_vehicle@@QAEPAVrigid_body_constraint_wheel@@H@Z 008993F0 f i g.o
1064	VERIFIED	0002:000a9f10 ?get_braking@rb_vehicle@@QBE?BIXZ 00899410 f i g.o
1065	VERIFIED	0002:000a9f20 ?get_max_speed@rb_vehicle@@QBE?BMXZ 00899420 f i g.o
1066	VERIFIED	0002:000a9f30 ?GetEntity@MPPlayer@@QAEPAVEntity@@XZ 00899430 f i g.o
1067	VERIFIED	0002:000a9f50 ??1level_locals_t@@QAE@XZ 00899450 f i g.o
1068	VERIFIED	0002:000a9f60 ??0sentient_s@@QAE@XZ 00899460 f i g.o
1069	VERIFIED	0002:000a9f90 ??1?$TaskFunctor1@VAnimationUpdateTask@@M@@UAE@XZ 00899490 f i g.o
1070	VERIFIED	0002:000a9fa0 ??1?$TaskFunctor1@VXAnimUpdateTask@@M@@UAE@XZ 008994A0 f i g.o
1071	VERIFIED	0002:000a9fb0 ??0turretInfo_t@@QAE@XZ 008994B0 f i g.o
1072	VERIFIED	0002:000a9fc0 ??0hash_const_t@@QAE@XZ 008994C0 f i g.o
1073	VERIFIED	0002:000aa460 ??0str_const_t@@QAE@XZ 00899960 f i g.o
1074	VERIFIED	0002:000ab280 ??1str_const_t@@QAE@XZ 0089A780 f i g.o
1075	VERIFIED	0002:000abf00 ??0scr_animscript_t@@QAE@XZ 0089B400 f i g.o
1076	VERIFIED	0002:000abf20 ??1scr_animscript_t@@QAE@XZ 0089B420 f i g.o
1077	VERIFIED	0002:000abf30 ?Inst@PadAliasMgr@@SAPAV1@XZ 0089B430 f i g.o
1078	VERIFIED	0002:000abf40 ?GetCtx@PadAliasMgr@@QAEAAUContext@1@W4EPadAliasContext@@@Z 0089B440 f i g.o
1079	VERIFIED	0002:000abf60 ?vehSqr@@YAMM@Z 0089B460 f i g.o
1080	VERIFIED	0002:000abf70 ??0vehicle_physic_t@@QAE@XZ 0089B470 f i g.o
1081	VERIFIED	0002:000abf80 ??0vehicle_node_t@@QAE@XZ 0089B480 f i g.o
1082	VERIFIED	0002:000abff0 ??1vehicle_node_t@@QAE@XZ 0089B4F0 f i g.o
1083	VERIFIED	0002:000ac060 ??0debug_sphere@@QAE@XZ 0089B560 f i g.o
1084	VERIFIED	0002:000ac070 ??0debug_sphere@@QAE@ABVPosition3@math@@MABVColor@@@Z 0089B570 f i g.o
1085	VERIFIED	0002:000ac130 ??0debug_aabb@@QAE@XZ 0089B630 f i g.o
1086	VERIFIED	0002:000ac140 ??0debug_aabb@@QAE@ABVPosition3@math@@0ABVColor@@@Z 0089B640 f i g.o
1087	VERIFIED	0002:000ac1c0 ??0vehicle_node_t@@QAE@ABU0@@Z 0089B6C0 f i g.o
1088	VERIFIED	0002:000ac310 ??4vehicle_node_t@@QAEAAU0@ABU0@@Z 0089B810 f i g.o
1089	SKIPPED	0002:000ac420 ??_Gvehicle_node_t@@QAEPAXI@Z 0089B920 f i g.o  SKIPPED: compiler-generated deleting destructor; supplied by the compiler
1090	VERIFIED	0002:000ac450 ??1DObjModel@@QAE@XZ 0089B950 f i g.o
1091	VERIFIED	0002:000ac460 ??0tagInfo_t@@QAE@XZ 0089B960 f i g.o
1092	SKIPPED	0002:000ac470 ??_GEntity@@QAEPAXI@Z 0089B970 f i g.o  SKIPPED: compiler-generated deleting destructor; supplied by the compiler
1093	VERIFIED	0002:000ac4a0 ??A?$ae_sized_array@PAVae_heap_base@@$0CA@@@QAEAAPAVae_heap_base@@H@Z 0089B9A0 f i g.o
1094	VERIFIED	0002:000ac520 ?size@?$ae_sized_array@PAVae_heap_base@@$0CA@@@QBEHXZ 0089BA20 f i g.o
1095	VERIFIED	0002:000ac530 ?RegisterDebugCallback@?$HandleDb@VEntity@@$0FEA@V?$SizedHandle@$0M@$0BE@@@@@QAEXP6AXHPAVEntity@@@Z@Z 0089BA30 f i g.o
1096	VERIFIED	0002:000ac550 ??0?$ae_sized_array@PAVEntity@@$0BAAA@@@QAE@XZ 0089BA50 f i g.o
1097	VERIFIED	0002:000ac560 ??A?$ae_sized_array@PAVEntity@@$0BAAA@@@QAEAAPAVEntity@@H@Z 0089BA60 f i g.o
1098	VERIFIED	0002:000ac5e0 ?size@?$ae_sized_array@PAVEntity@@$0BAAA@@@QBEHXZ 0089BAE0 f i g.o
1099	VERIFIED	0002:000ac5f0 ?push_back@?$ae_sized_array@PAVEntity@@$0BAAA@@@QAEXABQAVEntity@@@Z 0089BAF0 f i g.o
1100	VERIFIED	0002:000ac690 ?pop_back@?$ae_sized_array@PAVEntity@@$0BAAA@@@QAEAAPAVEntity@@XZ 0089BB90 f i g.o
1101	VERIFIED	0002:000ac6c0 ??0?$DbLinkedHandle@VEntityHandleDb@@VEntity@@@@QAE@H@Z 0089BBC0 f i g.o
1102	VERIFIED	0002:000ac6e0 ??0?$DbLinkedHandle@VEntityHandleDb@@VEntity@@@@QAE@VHandle@@@Z 0089BBE0 f i g.o
1103	VERIFIED	0002:000ac700 ??4?$DbLinkedHandle@VEntityHandleDb@@VEntity@@@@QAEAAV0@VHandle@@@Z 0089BC00 f i g.o
1104	SKIPPED	0002:000ac720 ?c_str@?$ae_fixed_string@$0EA@E@@QAEPADXZ 0089BC20 f i g.o  SKIPPED: inline template/container helper; supplied by its template definition
1105	SKIPPED	0002:000ac730 ?length@?$ae_fixed_string@$0EA@E@@QBEHXZ 0089BC30 f i g.o  SKIPPED: inline template/container helper; supplied by its template definition
1106	SKIPPED	0002:000ac740 ?rfind@?$ae_fixed_string@$0EA@E@@QBEHD@Z 0089BC40 f i g.o  SKIPPED: inline template/container helper; supplied by its template definition
1107	SKIPPED	0002:000ac770 ?c_str@?$ae_fixed_string@$0BAA@G@@QAEPADXZ 0089BC70 f i g.o  SKIPPED: inline template/container helper; supplied by its template definition
1108	VERIFIED	0002:000ac780 ?size@?$cdl_array@Ucdl_object_t@@@@QBEIXZ 0089BC80 f i g.o
1109	VERIFIED	0002:000ac790 ??A?$cdl_array@Ucdl_object_t@@@@QBEABUcdl_object_t@@I@Z 0089BC90 f i g.o
1110	SKIPPED	0002:000ac7e0 ??A?$ae_array@PAVCGBank@@$0GD@@@QAEAAPAVCGBank@@H@Z 0089BCE0 f i g.o  SKIPPED: inline template/container helper; supplied by its template definition
1111	VERIFIED	0002:000ac860 ??0?$phys_static_array@Uproxy_obj_t@@$0BAA@@@QAE@XZ 0089BD60 f i g.o
1112	VERIFIED	0002:000ac880 ??A?$phys_static_array@Uproxy_obj_t@@$0BAA@@@QBEABUproxy_obj_t@@H@Z 0089BD80 f i g.o
1113	VERIFIED	0002:000ac8e0 ?get_count@?$phys_static_array@Uproxy_obj_t@@$0BAA@@@QBE?BHXZ 0089BDE0 f i g.o
1114	VERIFIED	0002:000ac8f0 ??0?$phys_static_array@Ubounded_proxy_obj_t@@$0IA@@@QAE@XZ 0089BDF0 f i g.o
1115	VERIFIED	0002:000ac910 ??A?$phys_static_array@Ubounded_proxy_obj_t@@$0IA@@@QBEABUbounded_proxy_obj_t@@H@Z 0089BE10 f i g.o
1116	VERIFIED	0002:000ac970 ?get_count@?$phys_static_array@Ubounded_proxy_obj_t@@$0IA@@@QBE?BHXZ 0089BE70 f i g.o
1117	SKIPPED	0002:000ac980 ??A?$InplaceVector@UPacked@Mat43@math@@@@QAEAAUPacked@Mat43@math@@I@Z 0089BE80 f i g.o  SKIPPED: inline template/container helper; supplied by its template definition
1118	SKIPPED	0002:000aca10 ?size@?$InplaceVector@VXBoneHierarchy@@@@QBEIXZ 0089BF10 f i g.o  SKIPPED: inline template/container helper; supplied by its template definition
1119	SKIPPED	0002:000aca20 ??A?$InplaceVector@VXBoneHierarchy@@@@QAEAAVXBoneHierarchy@@I@Z 0089BF20 f i g.o  SKIPPED: inline template/container helper; supplied by its template definition
1120	SKIPPED	0002:000acaa0 ??A?$InplaceVector@VXBoneHierarchy@@@@QBEABVXBoneHierarchy@@I@Z 0089BFA0 f i g.o  SKIPPED: inline template/container helper; supplied by its template definition
1121	SKIPPED	0002:000acb20 ??A?$InplaceVector@E@@QAEAAEI@Z 0089C020 f i g.o  SKIPPED: inline template/container helper; supplied by its template definition
1122	SKIPPED	0002:000acba0 ??A?$InplaceVector@PAUnglMesh@@@@QAEAAPAUnglMesh@@I@Z 0089C0A0 f i g.o  SKIPPED: inline template/container helper; supplied by its template definition
1123	VERIFIED	0002:000acc20 ??0?$Bitmask@I@@QAE@XZ 0089C120 f i g.o
1124	VERIFIED	0002:000acc30 ?Add@?$Bitmask@I@@QAEXH@Z 0089C130 f i g.o
1125	VERIFIED	0002:000accc0 ?Rmv@?$Bitmask@I@@QAEXH@Z 0089C1C0 f i g.o
1126	VERIFIED	0002:000acd50 ?Test@?$Bitmask@I@@QBE_NH@Z 0089C250 f i g.o
1127	VERIFIED	0002:000acde0 ?IsEmpty@?$Bitmask@I@@QBE_NXZ 0089C2E0 f i g.o
1128	VERIFIED	0002:000acdf0 ?Clear@?$Bitmask@I@@QAEXXZ 0089C2F0 f i g.o
1129	SKIPPED	0002:000ace00 ??0?$IVPointer@VXModel@@@@QAE@XZ 0089C300 f i g.o  SKIPPED: inline template/container helper; supplied by its template definition
1130	SKIPPED	0002:000ace20 ?clear@?$IVPointer@VXModel@@@@QAEXXZ 0089C320 f i g.o  SKIPPED: inline template/container helper; supplied by its template definition
1131	SKIPPED	0002:000ace40 ?c_str@?$ae_fixed_string@$0CA@E@@QAEPADXZ 0089C340 f i g.o  SKIPPED: inline template/container helper; supplied by its template definition
1132	SKIPPED	0002:000ace50 ?to_lower@?$ae_fixed_string@$0CA@E@@QAEXXZ 0089C350 f i g.o  SKIPPED: inline template/container helper; supplied by its template definition
1133	SKIPPED	0002:000ace60 ?size@?$InplaceVector@UXAnimEntry@@@@QBEIXZ 0089C360 f i g.o  SKIPPED: inline template/container helper; supplied by its template definition
1134	SKIPPED	0002:000ace70 ?size@?$InplaceVector@VAnimTree@@@@QBEIXZ 0089C370 f i g.o  SKIPPED: inline template/container helper; supplied by its template definition
1135	SKIPPED	0002:000ace80 ??0?$IVPointer@VPhysData@@@@QAE@XZ 0089C380 f i g.o  SKIPPED: inline template/container helper; supplied by its template definition
1136	VERIFIED	0002:000acea0 ??0?$DbLinkedHandle@VTaskSys@@VTask@@@@QAE@H@Z 0089C3A0 f i g.o
1137	VERIFIED	0002:000acec0 ??4?$DbLinkedHandle@VTaskSys@@VTask@@@@QAEAAV0@VHandle@@@Z 0089C3C0 f i g.o
1138	SKIPPED	0002:000acee0 ??0?$pair@IPBD@std@@QAE@XZ 0089C3E0 f i g.o  SKIPPED: STL/compiler helper; supplied by the toolchain/library
1139	VERIFIED	0002:000acf00 ??Econst_iterator@?$reserved_dlist@VPakFile@@@@QAEAAV01@XZ 0089C400 f i g.o
1140	VERIFIED	0002:000acf80 ??0iterator@?$BitSet@$0FEA@@@QAE@XZ 0089C480 f i g.o
1141	VERIFIED	0002:000acfa0 ??Diterator@?$BitSet@$0FEA@@@QBEHXZ 0089C4A0 f i g.o
1142	VERIFIED	0002:000acfb0 ??Dconst_iterator@?$ae_sized_array@PAVEntity@@$0BAAA@@@QBEABQAVEntity@@XZ 0089C4B0 f i g.o
1143	VERIFIED	0002:000acfc0 ??Econst_iterator@?$ae_sized_array@PAVEntity@@$0BAAA@@@QAEAAV01@XZ 0089C4C0 f i g.o
1144	VERIFIED	0002:000acfd0 ??9const_iterator@?$ae_sized_array@PAVEntity@@$0BAAA@@@QBE_NV01@@Z 0089C4D0 f i g.o
1145	VERIFIED	0002:000acff0 ??A?$ae_sized_array@V?$DbLinkedHandle@VEntityHandleDb@@VEntity@@@@$0BAA@@@QAEAAV?$DbLinkedHandle@VEntityHandleDb@@VEntity@@@@H@Z 0089C4F0 f i g.o
1146	VERIFIED	0002:000ad070 ??A?$ae_sized_array@V?$DbLinkedHandle@VEntityHandleDb@@VEntity@@@@$0EA@@@QAEAAV?$DbLinkedHandle@VEntityHandleDb@@VEntity@@@@H@Z 0089C570 f i g.o
1147	VERIFIED	0002:000ad0f0 ??0?$ae_sized_array@PAVEntity@@$0IA@@@QAE@XZ 0089C5F0 f i g.o
1148	VERIFIED	0002:000ad100 ??A?$ae_sized_array@PAVEntity@@$0IA@@@QAEAAPAVEntity@@H@Z 0089C600 f i g.o
1149	VERIFIED	0002:000ad180 ?size@?$ae_sized_array@PAVEntity@@$0IA@@@QBEHXZ 0089C680 f i g.o
1150	VERIFIED	0002:000ad190 ?push_back@?$ae_sized_array@PAVEntity@@$0IA@@@QAEXABQAVEntity@@@Z 0089C690 f i g.o
1151	VERIFIED	0002:000ad230 ??Diterator@?$ae_sized_array@PAVEntity@@$0BAAA@@@QBEAAPAVEntity@@XZ 0089C730 f i g.o
1152	VERIFIED	0002:000ad240 ??Eiterator@?$ae_sized_array@PAVEntity@@$0BAAA@@@QAEAAV01@XZ 0089C740 f i g.o
1153	VERIFIED	0002:000ad250 ??9iterator@?$ae_sized_array@PAVEntity@@$0BAAA@@@QBE_NV01@@Z 0089C750 f i g.o
1154	SKIPPED	0002:000ad270 ?c_str@?$ae_fixed_string@$0CAA@G@@QAEPADXZ 0089C770 f i g.o  SKIPPED: inline template/container helper; supplied by its template definition
1155	SKIPPED	0002:000ad280 ??Diterator@?$ae_sized_array@V?$ae_fixed_string@$0CAA@G@@$0EA@@@QBEAAV?$ae_fixed_string@$0CAA@G@@XZ 0089C780 f i g.o  SKIPPED: inline template/container helper; supplied by its template definition
1156	SKIPPED	0002:000ad290 ??Eiterator@?$ae_sized_array@V?$ae_fixed_string@$0CAA@G@@$0EA@@@QAEAAV01@XZ 0089C790 f i g.o  SKIPPED: inline template/container helper; supplied by its template definition
1157	SKIPPED	0002:000ad2a0 ??9iterator@?$ae_sized_array@V?$ae_fixed_string@$0CAA@G@@$0EA@@@QBE_NV01@@Z 0089C7A0 f i g.o  SKIPPED: inline template/container helper; supplied by its template definition
1158	VERIFIED	0002:000ad2c0 ??0?$ae_pair@PBDP6AXXZ@@QAE@ABQBDABQ6AXXZ@Z 0089C7C0 f i g.o
1159	VERIFIED	0002:000ad2e0 ??0?$ae_pair@PBDP6AXPAVEntity@@@Z@@QAE@ABQBDABQ6AXPAVEntity@@@Z@Z 0089C7E0 f i g.o
1160	SKIPPED	0002:000ad300 ??0?$ae_fixed_string@$0EAA@G@@QAE@XZ 0089C800 f i g.o  SKIPPED: inline template/container helper; supplied by its template definition
1161	SKIPPED	0002:000ad320 ?c_str@?$ae_fixed_string@$0EAA@G@@QAEPADXZ 0089C820 f i g.o  SKIPPED: inline template/container helper; supplied by its template definition
1162	SKIPPED	0002:000ad330 ?capacity@?$ae_fixed_string@$0EAA@G@@SAHXZ 0089C830 f i g.o  SKIPPED: inline template/container helper; supplied by its template definition
1163	SKIPPED	0002:000ad340 ?size@?$InplaceVector@V?$InplaceTreeElement@IVInplaceString@@@@@@QBEIXZ 0089C840 f i g.o  SKIPPED: inline template/container helper; supplied by its template definition
1164	SKIPPED	0002:000ad350 ??A?$InplaceVector@V?$InplaceTreeElement@IVInplaceString@@@@@@QBEABV?$InplaceTreeElement@IVInplaceString@@@@I@Z 0089C850 f i g.o  SKIPPED: inline template/container helper; supplied by its template definition
1165	VERIFIED	0002:000ad3d0 ?Init@?$cFreeList@VEntity@@@@QAEXH@Z 0089C8D0 f i g.o
1166	VERIFIED	0002:000ad490 ?Shutdown@?$cFreeList@VEntity@@@@QAEXXZ 0089C990 f i g.o
1167	VERIFIED	0002:000ad540 ?Free@?$cFreeList@VEntity@@@@QAEXPAVEntity@@@Z 0089CA40 f i g.o
1168	VERIFIED	0002:000ad560 ?Init@?$cFreeList@VDObj@@@@QAEXH@Z 0089CA60 f i g.o
1169	VERIFIED	0002:000ad620 ?Shutdown@?$cFreeList@VDObj@@@@QAEXXZ 0089CB20 f i g.o
1170	VERIFIED	0002:000ad6d0 ?Init@?$cFreeList@UDSkel@@@@QAEXH@Z 0089CBD0 f i g.o
1171	VERIFIED	0002:000ad790 ?Shutdown@?$cFreeList@UDSkel@@@@QAEXXZ 0089CC90 f i g.o
1172	VERIFIED	0002:000ad840 ?Init@?$cFreeList@UDSkelMax@@@@QAEXH@Z 0089CD40 f i g.o
1173	VERIFIED	0002:000ad900 ?Shutdown@?$cFreeList@UDSkelMax@@@@QAEXXZ 0089CE00 f i g.o
1174	VERIFIED	0002:000ad9b0 ?Init@?$cFreeList@UDSkel4@@@@QAEXH@Z 0089CEB0 f i g.o
1175	VERIFIED	0002:000ada70 ?Shutdown@?$cFreeList@UDSkel4@@@@QAEXXZ 0089CF70 f i g.o
1176	VERIFIED	0002:000adb20 ?Init@?$cFreeList@VtrRefEntity@@@@QAEXH@Z 0089D020 f i g.o
1177	VERIFIED	0002:000adbe0 ?Shutdown@?$cFreeList@VtrRefEntity@@@@QAEXXZ 0089D0E0 f i g.o
1178	VERIFIED	0002:000adc90 ??0?$ae_vector@V?$DbLinkedHandle@VEntityHandleDb@@VEntity@@@@@@QAE@XZ 0089D190 f i g.o
1179	VERIFIED	0002:000adca0 ?size@?$ae_vector@V?$DbLinkedHandle@VEntityHandleDb@@VEntity@@@@@@QBEHXZ 0089D1A0 f i g.o
1180	VERIFIED	0002:000adcb0 ??A?$ae_vector@V?$DbLinkedHandle@VEntityHandleDb@@VEntity@@@@@@QAEAAV?$DbLinkedHandle@VEntityHandleDb@@VEntity@@@@H@Z 0089D1B0 f i g.o
1181	VERIFIED	0002:000add30 ??A?$ae_sized_array@V?$DbLinkedHandle@VEntityHandleDb@@VEntity@@@@$0DOI@@@QBEABV?$DbLinkedHandle@VEntityHandleDb@@VEntity@@@@H@Z 0089D230 f i g.o
1182	VERIFIED	0002:000addb0 ?size@?$ae_sized_array@V?$DbLinkedHandle@VEntityHandleDb@@VEntity@@@@$0DOI@@@QBEHXZ 0089D2B0 f i g.o
1183	VERIFIED	0002:000addc0 ?push_back@?$ae_sized_array@V?$DbLinkedHandle@VEntityHandleDb@@VEntity@@@@$0DOI@@@QAEXABV?$DbLinkedHandle@VEntityHandleDb@@VEntity@@@@@Z 0089D2C0 f i g.o
1184	SKIPPED	0002:000ade60 ?c_str@?$ae_fixed_string@$0IA@E@@QAEPADXZ 0089D360 f i g.o  SKIPPED: inline template/container helper; supplied by its template definition
1185	VERIFIED	0002:000ade70 ??0?$ae_vector@Udebug_sphere@@@@QAE@XZ 0089D370 f i g.o
1186	VERIFIED	0002:000ade80 ?size@?$ae_vector@Udebug_sphere@@@@QBEHXZ 0089D380 f i g.o
1187	VERIFIED	0002:000ade90 ??A?$ae_vector@Udebug_sphere@@@@QAEAAUdebug_sphere@@H@Z 0089D390 f i g.o
1188	VERIFIED	0002:000adf10 ??0?$ae_vector@Udebug_aabb@@@@QAE@XZ 0089D410 f i g.o
1189	VERIFIED	0002:000adf20 ?size@?$ae_vector@Udebug_aabb@@@@QBEHXZ 0089D420 f i g.o
1190	VERIFIED	0002:000adf30 ??A?$ae_vector@Udebug_aabb@@@@QAEAAUdebug_aabb@@H@Z 0089D430 f i g.o
1191	VERIFIED	0002:000adfb0 ??0?$ae_pair@PBDI@@QAE@ABQBDABI@Z 0089D4B0 f i g.o
1192	VERIFIED	0002:000adfd0 ??0?$ae_sized_array@H$0CN@@@QAE@XZ 0089D4D0 f i g.o
1193	VERIFIED	0002:000adfe0 ??A?$ae_sized_array@H$0CN@@@QAEAAHH@Z 0089D4E0 f i g.o
1194	VERIFIED	0002:000ae060 ?size@?$ae_sized_array@H$0CN@@@QBEHXZ 0089D560 f i g.o
1195	VERIFIED	0002:000ae070 ?push_back@?$ae_sized_array@H$0CN@@@QAEXABH@Z 0089D570 f i g.o
1196	VERIFIED	0002:000ae100 ?pop_back@?$ae_sized_array@H$0CN@@@QAEAAHXZ 0089D600 f i g.o
1197	VERIFIED	0002:000ae130 ??0TaskFunctor@@QAE@XZ 0089D630 f i g.o
1198	VERIFIED	0002:000ae140 ??4debug_sphere@@QAEAAU0@ABU0@@Z 0089D640 f i g.o
1199	VERIFIED	0002:000ae190 ??4debug_aabb@@QAEAAU0@ABU0@@Z 0089D690 f i g.o
1200	VERIFIED	0002:000ae210 ??0?$SizedHandle@$0M@$0BE@@@QAE@HH@Z 0089D710 f i g.o
1201	VERIFIED	0002:000ae310 ??0?$SizedHandle@$0M@$0BE@@@QAE@VHandle@@@Z 0089D810 f i g.o
1202	VERIFIED	0002:000ae330 ?GetIndex@?$SizedHandle@$0M@$0BE@@@QBEHXZ 0089D830 f i g.o
1203	VERIFIED	0002:000ae340 ?GetKey@?$SizedHandle@$0M@$0BE@@@QBEHXZ 0089D840 f i g.o
1204	VERIFIED	0002:000ae350 ?GetWord@?$BitSet@$0FEA@@@QBEIH@Z 0089D850 f i g.o
1205	VERIFIED	0002:000ae360 ?GetNumWords@?$BitSet@$0FEA@@@SAHXZ 0089D860 f i g.o
1206	VERIFIED	0002:000ae370 ??0DbElement@?$HandleDb@VEntity@@$0FEA@V?$SizedHandle@$0M@$0BE@@@@@QAE@XZ 0089D870 f i g.o
1207	VERIFIED	0002:000ae390 ?GetObject@DbElement@?$HandleDb@VEntity@@$0FEA@V?$SizedHandle@$0M@$0BE@@@@@QBEPAVEntity@@XZ 0089D890 f i g.o
1208	VERIFIED	0002:000ae3a0 ?SetObject@DbElement@?$HandleDb@VEntity@@$0FEA@V?$SizedHandle@$0M@$0BE@@@@@QAEXPAVEntity@@@Z 0089D8A0 f i g.o
1209	VERIFIED	0002:000ae3b0 ?GetKey@DbElement@?$HandleDb@VEntity@@$0FEA@V?$SizedHandle@$0M@$0BE@@@@@QBEHXZ 0089D8B0 f i g.o
1210	VERIFIED	0002:000ae3c0 ?Release@DbElement@?$HandleDb@VEntity@@$0FEA@V?$SizedHandle@$0M@$0BE@@@@@QAEXXZ 0089D8C0 f i g.o
1211	VERIFIED	0002:000ae3d0 ??0DbElement@?$HandleDb@VDObj@@$0FEA@V?$SizedHandle@$0M@$0BE@@@@@QAE@XZ 0089D8D0 f i g.o
1212	SKIPPED	0002:000ae3f0 ?capacity@?$ae_fixed_string@$0EA@E@@SAHXZ 0089D8F0 f i g.o  SKIPPED: inline template/container helper; supplied by its template definition
1213	SKIPPED	0002:000ae400 ??0?$ae_fixed_string@$0BAA@G@@QAE@XZ 0089D900 f i g.o  SKIPPED: inline template/container helper; supplied by its template definition
1214	VERIFIED	0002:000ae420 ?size@?$cdl_array@E@@QBEIXZ 0089D920 f i g.o
1215	VERIFIED	0002:000ae430 ?size@?$cdl_array@UcdlPlane@@@@QBEIXZ 0089D930 f i g.o
1216	VERIFIED	0002:000ae440 ?size@?$cdl_array@Ucdl_brush_t@@@@QBEIXZ 0089D940 f i g.o
1217	VERIFIED	0002:000ae450 ?size@?$cdl_array@Ucdl_vinfo_t@@@@QBEIXZ 0089D950 f i g.o
1218	VERIFIED	0002:000ae460 ?size@?$cdl_array@Uvi4@@@@QBEIXZ 0089D960 f i g.o
1219	VERIFIED	0002:000ae470 ?size@?$cdl_array@Ucdl_patch_t@@@@QBEIXZ 0089D970 f i g.o
1220	VERIFIED	0002:000ae480 ?node_to_object@?$reserved_dlist@VPakFile@@@@SAPBVPakFile@@PBUdlist_node@1@@Z 0089D980 f i g.o
1221	VERIFIED	0002:000ae490 ?call_destructors@?$phys_static_array@Uproxy_obj_t@@$0BAA@@@AAEXXZ 0089D990 f i g.o
1222	VERIFIED	0002:000ae4a0 ?call_destructors@?$phys_static_array@Ubounded_proxy_obj_t@@$0IA@@@AAEXXZ 0089D9A0 f i g.o
1223	VERIFIED	0002:000ae4b0 ?reset_buffer@?$phys_static_array@Ubounded_proxy_obj_t@@$0IA@@@AAEXXZ 0089D9B0 f i g.o
1224	SKIPPED	0002:000ae4c0 ?Deref@?$IVPointer@VXModel@@@@ABEPAVXModel@@XZ 0089D9C0 f i g.o  SKIPPED: inline template/container helper; supplied by its template definition
1225	SKIPPED	0002:000ae4e0 ?capacity@?$ae_fixed_string@$0CA@E@@SAHXZ 0089D9E0 f i g.o  SKIPPED: inline template/container helper; supplied by its template definition
1226	SKIPPED	0002:000ae4f0 ?Deref@?$IVPointer@VPhysData@@@@ABEPAVPhysData@@XZ 0089D9F0 f i g.o  SKIPPED: inline template/container helper; supplied by its template definition
1227	VERIFIED	0002:000ae510 ??0dlist_node@?$reserved_dlist@VWaitTilOutput@@@@QAE@PAU01@0@Z 0089DA10 f i g.o
1228	VERIFIED	0002:000ae530 ?validate@?$reserved_dlist@VEntityNotify@@@@QBEXXZ 0089DA30 f i g.o
1229	SKIPPED	0002:000ae540 ?Deref@?$IVPointer@VDestructible@@@@ABEPAVDestructible@@XZ 0089DA40 f i g.o  SKIPPED: inline template/container helper; supplied by its template definition
1230	VERIFIED	0002:000ae560 ??0const_iterator@?$reserved_dlist@VPakFile@@@@QAE@PBUdlist_node@1@0@Z 0089DA60 f i g.o
1231	VERIFIED	0002:000ae580 ?compare@const_iterator@?$reserved_dlist@VPakFile@@@@QBE_NABV12@@Z 0089DA80 f i g.o
1232	VERIFIED	0002:000ae5a0 ?compare@iterator@?$BitSet@$0FEA@@@QAE_NABV12@@Z 0089DAA0 f i g.o
1233	VERIFIED	0002:000ae5d0 ??0const_iterator@?$ae_sized_array@PAVEntity@@$0BAAA@@@AAE@PBQAVEntity@@@Z 0089DAD0 f i g.o
1234	VERIFIED	0002:000ae5f0 ??0?$ae_sized_array_base@V?$DbLinkedHandle@VEntityHandleDb@@VEntity@@@@$0BAA@@@QAE@XZ 0089DAF0 f i g.o
1235	VERIFIED	0002:000ae600 ??0?$ae_sized_array_base@V?$DbLinkedHandle@VEntityHandleDb@@VEntity@@@@$0EA@@@QAE@XZ 0089DB00 f i g.o
1236	VERIFIED	0002:000ae610 ??0iterator@?$ae_sized_array@PAVEntity@@$0BAAA@@@AAE@PAPAVEntity@@@Z 0089DB10 f i g.o
1237	SKIPPED	0002:000ae630 ??0?$ae_fixed_string@$0CAA@G@@QAE@XZ 0089DB30 f i g.o  SKIPPED: inline template/container helper; supplied by its template definition
1238	SKIPPED	0002:000ae650 ??0iterator@?$ae_sized_array@V?$ae_fixed_string@$0CAA@G@@$0EA@@@AAE@PAV?$ae_fixed_string@$0CAA@G@@@Z 0089DB50 f i g.o  SKIPPED: inline template/container helper; supplied by its template definition
1239	VERIFIED	0002:000ae670 ?end@?$ae_vector@V?$DbLinkedHandle@VEntityHandleDb@@VEntity@@@@@@QAEPAV?$DbLinkedHandle@VEntityHandleDb@@VEntity@@@@XZ 0089DB70 f i g.o
1240	VERIFIED	0002:000ae680 ?construct_array@?$ae_vector@V?$DbLinkedHandle@VEntityHandleDb@@VEntity@@@@@@AAEPAV?$DbLinkedHandle@VEntityHandleDb@@VEntity@@@@HH@Z 0089DB80 f i g.o
1241	VERIFIED	0002:000ae6d0 ?capacity@?$ae_sized_array@V?$DbLinkedHandle@VEntityHandleDb@@VEntity@@@@$0DOI@@@QBEHXZ 0089DBD0 f i g.o
1242	VERIFIED	0002:000ae6e0 ??0?$ae_sized_array_base@V?$DbLinkedHandle@VEntityHandleDb@@VEntity@@@@$0DOI@@@QAE@XZ 0089DBE0 f i g.o
1243	SKIPPED	0002:000ae6f0 ??0?$ae_fixed_string@$0IA@E@@QAE@XZ 0089DBF0 f i g.o  SKIPPED: inline template/container helper; supplied by its template definition
1244	VERIFIED	0002:000ae700 ?construct_array@?$ae_vector@Udebug_sphere@@@@AAEPAUdebug_sphere@@HH@Z 0089DC00 f i g.o
1245	VERIFIED	0002:000ae750 ?construct_array@?$ae_vector@Udebug_aabb@@@@AAEPAUdebug_aabb@@HH@Z 0089DC50 f i g.o
1246	VERIFIED	0002:000ae780 ??0?$BitSet@$0FEA@@@QAE@W4EInitializer@0@@Z 0089DC80 f i g.o
1247	VERIFIED	0002:000ae790 ?Clear@?$BitSet@$0FEA@@@QAEXXZ 0089DC90 f i g.o
1248	VERIFIED	0002:000ae7b0 ?get_head@?$reserved_dlist@VPakFile@@@@QBEPBUdlist_node@1@XZ 0089DCB0 f i g.o
1249	VERIFIED	0002:000ae7c0 ?empty@?$reserved_dlist@VPakFile@@@@QBE_NXZ 0089DCC0 f i g.o
1250	VERIFIED	0002:000ae7e0 ?validate@?$reserved_dlist@VPakFile@@@@QBEXXZ 0089DCE0 f i g.o
1251	VERIFIED	0002:000ae7f0 ?begin@?$ae_vector@V?$DbLinkedHandle@VEntityHandleDb@@VEntity@@@@@@QAEPAV?$DbLinkedHandle@VEntityHandleDb@@VEntity@@@@XZ 0089DCF0 f i g.o
1252	VERIFIED	0002:000ae800 ?construct_array@?$ae_vector@V?$DbLinkedHandle@VEntityHandleDb@@VEntity@@@@@@AAEPAV?$DbLinkedHandle@VEntityHandleDb@@VEntity@@@@H@Z 0089DD00 f i g.o
1253	VERIFIED	0002:000ae850 ?begin@?$ae_vector@Udebug_sphere@@@@QAEPAUdebug_sphere@@XZ 0089DD50 f i g.o
1254	VERIFIED	0002:000ae860 ?end@?$ae_vector@Udebug_sphere@@@@QAEPAUdebug_sphere@@XZ 0089DD60 f i g.o
1255	VERIFIED	0002:000ae870 ?construct_array@?$ae_vector@Udebug_sphere@@@@AAEPAUdebug_sphere@@H@Z 0089DD70 f i g.o
1256	VERIFIED	0002:000ae8c0 ?begin@?$ae_vector@Udebug_aabb@@@@QAEPAUdebug_aabb@@XZ 0089DDC0 f i g.o
1257	VERIFIED	0002:000ae8d0 ?end@?$ae_vector@Udebug_aabb@@@@QAEPAUdebug_aabb@@XZ 0089DDD0 f i g.o
1258	VERIFIED	0002:000ae8f0 ?construct_array@?$ae_vector@Udebug_aabb@@@@AAEPAUdebug_aabb@@H@Z 0089DDF0 f i g.o
1259	VERIFIED	0002:000ae920 ??$SinCos@$02$0A@$02$0A@@math@@YA?AVVector4@0@ABV10@@Z 0089DE20 f i g.o
1260	VERIFIED	0002:000aea60 ??$tl_clamp@MMM@@YAMABM00@Z 0089DF60 f i g.o
1261	VERIFIED	0002:000aea90 ??$ae_max@H@@YAHABH0@Z 0089DF90 f i g.o
1262	VERIFIED	0002:000aeab0 ??$ae_min@H@@YAHABH0@Z 0089DFB0 f i g.o
1263	VERIFIED	0002:000aead0 ??$PakDelete@Uvehicle_follow@@@@YAXW4TPakId@@PAUvehicle_follow@@_N@Z 0089DFD0 f i g.o
1264	SKIPPED	0002:000aeb00 ?IsUsed@?$InplaceTree@VInplaceString@@V1@@@ABE_NI@Z 0089E000 f i g.o  SKIPPED: inline template/container helper; supplied by its template definition
1265	VERIFIED	0002:000aeba0 ??_9@$B3AE 0089E0A0 f i g.o
1266	VERIFIED	0002:000aebb0 ?inside_aabb_aabb@@YA_NABVPosition3@math@@000@Z 0089E0B0 f i g.o
1267	VERIFIED	0002:000aec20 ?Clear@trace_t@@QAEXXZ 0089E120 f i g.o
1268	VERIFIED	0002:000aecb0 ??0cdl_cinfo1@@QAE@XZ 0089E1B0 f i g.o
1269	VERIFIED	0002:000aecc0 ?get_center_local@cdl_object_t@@QBE?BVPosition3@math@@XZ 0089E1C0 f i g.o
1270	VERIFIED	0002:000aed30 ?get_box_radius@cdl_object_t@@QBE?AVDir3@math@@XZ 0089E230 f i g.o
1271	VERIFIED	0002:000aeda0 ?get_max@cdl_object_t@@QBE?AVPosition3@math@@XZ 0089E2A0 f i g.o
1272	VERIFIED	0002:000aee40 ?size@DCGSet@@QBEIXZ 0089E340 f i g.o
1273	VERIFIED	0002:000aee50 ?get_object@DCGSet@@QBEABUcdl_object_t@@G@Z 0089E350 f i g.o
1274	VERIFIED	0002:000aef00 ?size@CGBank@@QBEIXZ 0089E400 f i g.o
1275	VERIFIED	0002:000aef10 ?get_object@CGBank@@QBEABUcdl_object_t@@G@Z 0089E410 f i g.o
1276	VERIFIED	0002:000aefc0 ?GetBank@CGBankManager@@QAEPAVCGBank@@W4TPakId@@@Z 0089E4C0 f i g.o
1277	VERIFIED	0002:000aefe0 ??0collision_context_t@@QAE@XZ 0089E4E0 f i g.o
1278	VERIFIED	0002:000af020 ?filter@collision_context_t@@UBE_NPAVEntity@@@Z 0089E520 f i g.o
1279	VERIFIED	0002:000af030 ??0collision_context_t@@QAE@V?$DbLinkedHandle@VEntityHandleDb@@VEntity@@@@H@Z 0089E530 f i g.o
1280	VERIFIED	0002:000af070 ??0collision_context_t@@QAE@V?$DbLinkedHandle@VEntityHandleDb@@VEntity@@@@0H@Z 0089E570 f i g.o
1281	VERIFIED	0002:000af0c0 ??0collision_context_t@@QAE@H@Z 0089E5C0 f i g.o
1282	VERIFIED	0002:000af100 ?GetNumBones@XModelParts@@QBEHXZ 0089E600 f i g.o
1283	VERIFIED	0002:000af110 ?GetNumBones@XModel@@QBEHH@Z 0089E610 f i g.o
1284	VERIFIED	0002:000af150 ?IsActive@Task@@QBE_NXZ 0089E650 f i g.o
1285	SKIPPED	0002:000af160 ??_GTaskFunctor@@UAEPAXI@Z 0089E660 f i g.o  SKIPPED: compiler-generated deleting destructor; supplied by the compiler
1286	SKIPPED	0002:000af160 ??_ETaskFunctor@@UAEPAXI@Z 0089E660 f i g.o  SKIPPED: compiler-generated deleting destructor; supplied by the compiler
1287	VERIFIED	0002:000af190 ??0DObjModel@@QAE@XZ 0089E690 f i g.o
1288	VERIFIED	0002:000af1c0 ?native_to_cdl_pos3@@YA?BVPosition3@math@@QBM@Z 0089E6C0 f i g.o
1289	VERIFIED	0002:000af230 ?native_to_cdl_dir3@@YA?BVDir3@math@@QBM@Z 0089E730 f i g.o
1290	VERIFIED	0002:000af2a0 ?SetLerpOrigin@EntityState@@QAEXABVPosition3@math@@@Z 0089E7A0 f i g.o
1291	VERIFIED	0002:000af3a0 ?AssignHandle@Entity@@QAEXVHandle@@@Z 0089E8A0 f i g.o
1292	VERIFIED	0002:000af3c0 ?Clear@PlayerState@@QAEX_N@Z 0089E8C0 f i g.o
1293	VERIFIED	0002:000af940 ?Clear@clientPersistent_t@@QAEXXZ 0089EE40 f i g.o
1294	VERIFIED	0002:000afa70 ?Clear@Client@@QAEX_N0@Z 0089EF70 f i g.o
1295	VERIFIED	0002:000afd00 ??0clientPersistent_t@@QAE@XZ 0089F200 f i g.o
1296	VERIFIED	0002:000afd10 ??0trace_t@@QAE@XZ 0089F210 f i g.o
1297	VERIFIED	0002:000afd20 ?Clear@trigger_info_t@@QAEXXZ 0089F220 f i g.o
1298	VERIFIED	0002:000afd40 ?Clear@level_locals_t@@QAEXXZ 0089F240 f i g.o
1299	VERIFIED	0002:000b0000 ??0player_collision_context_t@@QAE@V?$DbLinkedHandle@VEntityHandleDb@@VEntity@@@@H@Z 0089F500 f i g.o
1300	VERIFIED	0002:000b0040 ??0VehicleNodeAllocator@@QAE@XZ 0089F540 f i g.o
1301	VERIFIED	0002:000b0090 ??_F?$DbLinkedHandle@VEntityHandleDb@@VEntity@@@@QAEXXZ 0089F590 f i g.o
1302	VERIFIED	0002:000b00a0 ?FreeInteraction@InteractionController@@QAEXXZ 0089F5A0 f i g.o
1303	VERIFIED	0002:000b00d0 ??0RumbleData@RumbleEffect@@QAE@XZ 0089F5D0 f i g.o
1304	VERIFIED	0002:000b00f0 ??0pmove_t@@QAE@XZ 0089F5F0 f i g.o
1305	VERIFIED	0002:000b01f0 ?FastSinCos@@YAXMPAM0@Z 0089F6F0 f i g.o
1306	VERIFIED	0002:000b02a0 ?AnglesToForward@@YAXQBMQAM@Z 0089F7A0 f i g.o
1307	VERIFIED	0002:000b03a0 ?AnglesToForward@@YAXABVPosition3@math@@AAVDir3@2@@Z 0089F8A0 f i g.o
1308	VERIFIED	0002:000b0440 ?AnglesToUp@@YAXQBMQAM@Z 0089F940 f i g.o
1309	VERIFIED	0002:000b0540 ?is_physics_paused@rb_vehicle@@QBE_NXZ 0089FA40 f i g.o
1310	VERIFIED	0002:000b0550 ?is_attached_path@rb_vehicle@@QBE_NXZ 0089FA50 f i g.o
1311	VERIFIED	0002:000b0560 ?is_driving_path@rb_vehicle@@QBE_NXZ 0089FA60 f i g.o
1312	VERIFIED	0002:000b0570 ??0__unnamed@level_locals_t@@QAE@XZ 0089FA70 f i g.o
1313	VERIFIED	0002:000b0580 ??0trigger_info_t@@QAE@XZ 0089FA80 f i g.o
1314	VERIFIED	0002:000b05a0 ??0__unnamed@scr_data_t@@QAE@XZ 0089FAA0 f i g.o
1315	VERIFIED	0002:000b08a0 ??1__unnamed@scr_data_t@@QAE@XZ 0089FDA0 f i g.o
1316	VERIFIED	0002:000b0b50 ??0corpseInfo_t@@QAE@XZ 008A0050 f i g.o
1317	VERIFIED	0002:000b0b60 ??0local_physic_s@@QAE@XZ 008A0060 f i g.o
1318	VERIFIED	0002:000b0b70 ??0vehicle_pathpos_t@@QAE@XZ 008A0070 f i g.o
1319	VERIFIED	0002:000b0ba0 ??1vehicle_pathpos_t@@QAE@XZ 008A00A0 f i g.o
1320	VERIFIED	0002:000b0bc0 ??0TouchEntityData@@QAE@XZ 008A00C0 f i g.o
1321	VERIFIED	0002:000b0be0 ??0vehicle_pathpos_t@@QAE@ABU0@@Z 008A00E0 f i g.o
1322	VERIFIED	0002:000b0ca0 ??4vehicle_pathpos_t@@QAEAAU0@ABU0@@Z 008A01A0 f i g.o
1323	SKIPPED	0002:000b0d60 ??_EEntityDeathTask@@UAEPAXI@Z 008A0260 f i g.o  SKIPPED: compiler-generated deleting destructor; supplied by the compiler
1324	SKIPPED	0002:000b0d60 ??_GEntityDeathTask@@UAEPAXI@Z 008A0260 f i g.o  SKIPPED: compiler-generated deleting destructor; supplied by the compiler
1325	VERIFIED	0002:000b0d90 ??1EntityDeathTask@@UAE@XZ 008A0290 f i g.o
1326	VERIFIED	0002:000b0da0 ?GetObject@?$HandleDb@VEntity@@$0FEA@V?$SizedHandle@$0M@$0BE@@@@@QBEPAVEntity@@H@Z 008A02A0 f i g.o
1327	VERIFIED	0002:000b0e20 ?BindObjectToHandle@?$HandleDb@VEntity@@$0FEA@V?$SizedHandle@$0M@$0BE@@@@@QAEXVHandle@@PAVEntity@@@Z 008A0320 f i g.o
1328	VERIFIED	0002:000b0ec0 ?end@?$BitSet@$0FEA@@@QBE?AViterator@1@XZ 008A03C0 f i g.o
1329	VERIFIED	0002:000b0ee0 ?begin@?$ae_sized_array@PAVEntity@@$0BAAA@@@QAE?AViterator@1@XZ 008A03E0 f i g.o
1330	VERIFIED	0002:000b0ef0 ?end@?$ae_sized_array@PAVEntity@@$0BAAA@@@QAE?AViterator@1@XZ 008A03F0 f i g.o
1331	VERIFIED	0002:000b0f10 ?begin@?$ae_sized_array@PAVEntity@@$0BAAA@@@QBE?AVconst_iterator@1@XZ 008A0410 f i g.o
1332	VERIFIED	0002:000b0f20 ?end@?$ae_sized_array@PAVEntity@@$0BAAA@@@QBE?AVconst_iterator@1@XZ 008A0420 f i g.o
1333	SKIPPED	0002:000b0f40 ??0?$ae_fixed_string@$0EA@E@@QAE@PBD@Z 008A0440 f i g.o  SKIPPED: inline template/container helper; supplied by its template definition
1334	SKIPPED	0002:000b0f70 ?substr@?$ae_fixed_string@$0EA@E@@QBEAAV1@AAV1@HH@Z 008A0470 f i g.o  SKIPPED: inline template/container helper; supplied by its template definition
1335	VERIFIED	0002:000b0fb0 ??0?$ae_formatted_string@$0BAA@G@@QAA@PBDZZ 008A04B0 f i g.o
1336	VERIFIED	0002:000b1010 ??A?$cdl_array@E@@QBEABEI@Z 008A0510 f i g.o
1337	VERIFIED	0002:000b1060 ??A?$cdl_array@UcdlPlane@@@@QBEABUcdlPlane@@I@Z 008A0560 f i g.o
1338	VERIFIED	0002:000b10b0 ??A?$cdl_array@Ucdl_brush_t@@@@QBEABUcdl_brush_t@@I@Z 008A05B0 f i g.o
1339	VERIFIED	0002:000b1100 ??A?$cdl_array@Ucdl_vinfo_t@@@@QBEABUcdl_vinfo_t@@I@Z 008A0600 f i g.o
1340	VERIFIED	0002:000b1150 ??A?$cdl_array@Uvi4@@@@QBEABUvi4@@I@Z 008A0650 f i g.o
1341	VERIFIED	0002:000b11a0 ??A?$cdl_array@Ucdl_patch_t@@@@QBEABUcdl_patch_t@@I@Z 008A06A0 f i g.o
1342	VERIFIED	0002:000b11f0 ?end@?$reserved_dlist@VPakFile@@@@QBE?AVconst_iterator@1@XZ 008A06F0 f i g.o
1343	VERIFIED	0002:000b1210 ??1?$phys_static_array@Uproxy_obj_t@@$0BAA@@@QAE@XZ 008A0710 f i g.o
1344	VERIFIED	0002:000b1220 ??1?$phys_static_array@Ubounded_proxy_obj_t@@$0IA@@@QAE@XZ 008A0720 f i g.o
1345	VERIFIED	0002:000b1230 ?remove_all@?$phys_static_array@Ubounded_proxy_obj_t@@$0IA@@@QAEXXZ 008A0730 f i g.o
1346	SKIPPED	0002:000b1240 ??D?$IVPointer@VXModel@@@@QAEPAVXModel@@XZ 008A0740 f i g.o  SKIPPED: inline template/container helper; supplied by its template definition
1347	SKIPPED	0002:000b1260 ??C?$IVPointer@VXModel@@@@QAEPAVXModel@@XZ 008A0760 f i g.o  SKIPPED: inline template/container helper; supplied by its template definition
1348	SKIPPED	0002:000b1280 ??0?$ae_fixed_string@$0CA@E@@QAE@PBD@Z 008A0780 f i g.o  SKIPPED: inline template/container helper; supplied by its template definition
1349	SKIPPED	0002:000b12b0 ??C?$IVPointer@VPhysData@@@@QAEPAVPhysData@@XZ 008A07B0 f i g.o  SKIPPED: inline template/container helper; supplied by its template definition
1350	VERIFIED	0002:000b12d0 ?push_back@?$reserved_dlist@VEntityNotify@@@@QAEXPAVEntityNotify@@@Z 008A07D0 f i g.o
1351	SKIPPED	0002:000b1300 ??C?$IVPointer@VDestructible@@@@QAEPAVDestructible@@XZ 008A0800 f i g.o  SKIPPED: inline template/container helper; supplied by its template definition
1352	VERIFIED	0002:000b1320 ??Cconst_iterator@?$reserved_dlist@VPakFile@@@@QBEPBVPakFile@@XZ 008A0820 f i g.o
1353	VERIFIED	0002:000b1330 ??9const_iterator@?$reserved_dlist@VPakFile@@@@QBE_NABV01@@Z 008A0830 f i g.o
1354	VERIFIED	0002:000b1360 ??Eiterator@?$BitSet@$0FEA@@@QAEXXZ 008A0860 f i g.o
1355	VERIFIED	0002:000b1400 ??9iterator@?$BitSet@$0FEA@@@QAE_NABV01@@Z 008A0900 f i g.o
1356	VERIFIED	0002:000b1450 ??0?$ae_sized_array@V?$DbLinkedHandle@VEntityHandleDb@@VEntity@@@@$0BAA@@@QAE@XZ 008A0950 f i g.o
1357	VERIFIED	0002:000b1470 ??0?$ae_sized_array@V?$DbLinkedHandle@VEntityHandleDb@@VEntity@@@@$0EA@@@QAE@XZ 008A0970 f i g.o
1358	SKIPPED	0002:000b1490 ?begin@?$ae_sized_array@V?$ae_fixed_string@$0CAA@G@@$0EA@@@QAE?AViterator@1@XZ 008A0990 f i g.o  SKIPPED: inline template/container helper; supplied by its template definition
1359	SKIPPED	0002:000b14a0 ?end@?$ae_sized_array@V?$ae_fixed_string@$0CAA@G@@$0EA@@@QAE?AViterator@1@XZ 008A09A0 f i g.o  SKIPPED: inline template/container helper; supplied by its template definition
1360	VERIFIED	0002:000b14c0 ?pop_back@?$ae_vector@V?$DbLinkedHandle@VEntityHandleDb@@VEntity@@@@@@QAEXXZ 008A09C0 f i g.o
1361	VERIFIED	0002:000b14d0 ??0?$ae_sized_array@V?$DbLinkedHandle@VEntityHandleDb@@VEntity@@@@$0DOI@@@QAE@XZ 008A09D0 f i g.o
1362	VERIFIED	0002:000b14f0 ?free_space@?$ae_sized_array@V?$DbLinkedHandle@VEntityHandleDb@@VEntity@@@@$0DOI@@@QBEHXZ 008A09F0 f i g.o
1363	VERIFIED	0002:000b1510 ??0?$TaskFunctor1@VAnimationUpdateTask@@M@@QAE@P8AnimationUpdateTask@@AEXPAVEntity@@M@ZABM@Z 008A0A10 f i g.o
1364	VERIFIED	0002:000b1540 ?Update@?$TaskFunctor1@VAnimationUpdateTask@@M@@UAEXPAVTask@@PAVEntity@@@Z 008A0A40 f i g.o
1365	SKIPPED	0002:000b1560 ??_G?$TaskFunctor1@VAnimationUpdateTask@@M@@UAEPAXI@Z 008A0A60 f i g.o  SKIPPED: compiler-generated deleting destructor; supplied by the compiler
1366	SKIPPED	0002:000b1560 ??_E?$TaskFunctor1@VAnimationUpdateTask@@M@@UAEPAXI@Z 008A0A60 f i g.o  SKIPPED: compiler-generated deleting destructor; supplied by the compiler
1367	VERIFIED	0002:000b1590 ??0?$TaskFunctor1@VXAnimUpdateTask@@M@@QAE@P8XAnimUpdateTask@@AEXPAVEntity@@M@ZABM@Z 008A0A90 f i g.o
1368	VERIFIED	0002:000b15c0 ?Update@?$TaskFunctor1@VXAnimUpdateTask@@M@@UAEXPAVTask@@PAVEntity@@@Z 008A0AC0 f i g.o
1369	SKIPPED	0002:000b15e0 ??_G?$TaskFunctor1@VXAnimUpdateTask@@M@@UAEPAXI@Z 008A0AE0 f i g.o  SKIPPED: compiler-generated deleting destructor; supplied by the compiler
1370	SKIPPED	0002:000b15e0 ??_E?$TaskFunctor1@VXAnimUpdateTask@@M@@UAEPAXI@Z 008A0AE0 f i g.o  SKIPPED: compiler-generated deleting destructor; supplied by the compiler
1371	VERIFIED	0002:000b1610 ??0?$ae_formatted_string@$0IA@E@@QAA@PBDZZ 008A0B10 f i g.o
1372	VERIFIED	0002:000b1660 ?back@?$ae_sized_array@H$0CN@@@QAEAAHXZ 008A0B60 f i g.o
1373	VERIFIED	0002:000b1680 ??0WaitTilOutput@@QAE@XZ 008A0B80 f i g.o
1374	SKIPPED	0002:000b16a0 ??0?$ae_sized_array_base@V?$ae_fixed_string@$0CAA@G@@$0EA@@@QAE@XZ 008A0BA0 f i g.o  SKIPPED: inline template/container helper; supplied by its template definition
1375	VERIFIED	0002:000b16d0 ?DereferenceHandle@?$HandleDb@VEntity@@$0FEA@V?$SizedHandle@$0M@$0BE@@@@@QBEPAVEntity@@VHandle@@@Z 008A0BD0 f i g.o
1376	VERIFIED	0002:000b1720 ??0?$BitSet@$0FEA@@@QAE@XZ 008A0C20 f i g.o
1377	VERIFIED	0002:000b1750 ?Add@?$BitSet@$0FEA@@@QAEXH@Z 008A0C50 f i g.o
1378	VERIFIED	0002:000b17e0 ?Rmv@?$BitSet@$0FEA@@@QAEXH@Z 008A0CE0 f i g.o
1379	VERIFIED	0002:000b1870 ??S?$BitSet@$0FEA@@@QBE?AV0@XZ 008A0D70 f i g.o
1380	SKIPPED	0002:000b18c0 ??C?$IVPointer@VXModel@@@@QBEPBVXModel@@XZ 008A0DC0 f i g.o  SKIPPED: inline template/container helper; supplied by its template definition
1381	SKIPPED	0002:000b18e0 ??C?$IVPointer@VPhysData@@@@QBEPBVPhysData@@XZ 008A0DE0 f i g.o  SKIPPED: inline template/container helper; supplied by its template definition
1382	SKIPPED	0002:000b1900 ??C?$IVPointer@VDestructible@@@@QBEPBVDestructible@@XZ 008A0E00 f i g.o  SKIPPED: inline template/container helper; supplied by its template definition
1383	VERIFIED	0002:000b1920 ??0const_iterator@?$reserved_dlist@VPakFile@@@@QAE@ABV1@@Z 008A0E20 f i g.o
1384	VERIFIED	0002:000b1970 ??0iterator@?$BitSet@$0FEA@@@QAE@ABV1@@Z 008A0E70 f i g.o
1385	VERIFIED	0002:000b19b0 ?destroy_all@?$ae_vector@V?$DbLinkedHandle@VEntityHandleDb@@VEntity@@@@@@AAEXXZ 008A0EB0 f i g.o
1386	VERIFIED	0002:000b19e0 ?destroy_all@?$ae_vector@Udebug_sphere@@@@AAEXXZ 008A0EE0 f i g.o
1387	VERIFIED	0002:000b1a10 ?destroy_all@?$ae_vector@Udebug_aabb@@@@AAEXXZ 008A0F10 f i g.o
1388	VERIFIED	0002:000b1a40 ??$EntityHandleDb_Find@Vstring@Broc@@@@YAXHVstring@Broc@@AAV?$ae_sized_array@PAVEntity@@$0BAAA@@@@Z 008A0F40 f i g.o
1389	VERIFIED	0002:000b1b00 ??$EntityHandleDb_Find@VHashString@@@@YAXHVHashString@@AAV?$ae_sized_array@PAVEntity@@$0BAAA@@@@Z 008A1000 f i g.o
1390	VERIFIED	0002:000b1b60 ??$EntityHandleDb_Find@G@@YAXHGAAV?$ae_sized_array@PAVEntity@@$0BAAA@@@@Z 008A1060 f i g.o
1391	SKIPPED	0002:000b1bc0 ??$Find@PBD@?$InplaceTree@VInplaceString@@V1@@@QBEPAVInplaceString@@ABQBD@Z 008A10C0 f i g.o  SKIPPED: inline template/container helper; supplied by its template definition
1392	VERIFIED	0002:000b1cd0 ??0?$WaitTilOutputInst1@Vstring@Broc@@@@QAE@ABVstring@Broc@@@Z 008A11D0 f i g.o
1393	VERIFIED	0002:000b1d40 ?AssignData@?$WaitTilOutputInst1@Vstring@Broc@@@@UAEXPAVWaitTilOutput@@@Z 008A1240 f i g.o
1394	VERIFIED	0002:000b1de0 ?GetSize@?$WaitTilOutputInst1@Vstring@Broc@@@@UAEHXZ 008A12E0 f i g.o
1395	VERIFIED	0002:000b1df0 ??0?$WaitTilOutputInst2@Vstring@Broc@@V12@@@QAE@ABVstring@Broc@@0@Z 008A12F0 f i g.o
1396	VERIFIED	0002:000b1e70 ?AssignData@?$WaitTilOutputInst2@Vstring@Broc@@V12@@@UAEXPAVWaitTilOutput@@@Z 008A1370 f i g.o
1397	VERIFIED	0002:000b1f50 ?GetSize@?$WaitTilOutputInst2@Vstring@Broc@@V12@@@UAEHXZ 008A1450 f i g.o
1398	SKIPPED	0002:000b1f60 ??_G?$WaitTilOutputInst1@Vstring@Broc@@@@UAEPAXI@Z 008A1460 f i g.o  SKIPPED: compiler-generated deleting destructor; supplied by the compiler
1399	SKIPPED	0002:000b1f60 ??_E?$WaitTilOutputInst1@Vstring@Broc@@@@UAEPAXI@Z 008A1460 f i g.o  SKIPPED: compiler-generated deleting destructor; supplied by the compiler
1400	VERIFIED	0002:000b1f90 ??1?$WaitTilOutputInst1@Vstring@Broc@@@@UAE@XZ 008A1490 f i g.o
1401	SKIPPED	0002:000b1ff0 ??_G?$WaitTilOutputInst2@Vstring@Broc@@V12@@@UAEPAXI@Z 008A14F0 f i g.o  SKIPPED: compiler-generated deleting destructor; supplied by the compiler
1402	SKIPPED	0002:000b1ff0 ??_E?$WaitTilOutputInst2@Vstring@Broc@@V12@@@UAEPAXI@Z 008A14F0 f i g.o  SKIPPED: compiler-generated deleting destructor; supplied by the compiler
1403	VERIFIED	0002:000b2020 ??1?$WaitTilOutputInst2@Vstring@Broc@@V12@@@UAE@XZ 008A1520 f i g.o
1404	VERIFIED	0002:000b2090 ??0proximity_data_t@@QAE@XZ 008A1590 f i g.o
1405	VERIFIED	0002:000b2170 ?AddNotify@AeThreadManager@@QAEXPAVEntityNotify@@@Z 008A1670 f i g.o
1406	VERIFIED	0002:000b21a0 ??0PlayerState@@QAE@XZ 008A16A0 f i g.o
1407	VERIFIED	0002:000b2210 ??0RumbleEffect@@QAE@XZ 008A1710 f i g.o
1408	VERIFIED	0002:000b2290 ??1proximity_data_t@@QAE@XZ 008A1790 f i g.o
1409	VERIFIED	0002:000b22a0 ??AConfigString@@QBEPBDPBD@Z 008A17A0 f i g.o
1410	VERIFIED	0002:000b22d0 ??0level_locals_t@@QAE@XZ 008A17D0 f i g.o
1411	VERIFIED	0002:000b2340 ??0scr_data_t@@QAE@XZ 008A1840 f i g.o
1412	VERIFIED	0002:000b23c0 ??1scr_data_t@@QAE@XZ 008A18C0 f i g.o
1413	VERIFIED	0002:000b2430 ??0vehicle_backup_s@@QAE@XZ 008A1930 f i g.o
1414	VERIFIED	0002:000b2460 ??1vehicle_backup_s@@QAE@XZ 008A1960 f i g.o
1415	VERIFIED	0002:000b2480 ??0?$HandleDb@VEntity@@$0FEA@V?$SizedHandle@$0M@$0BE@@@@@QAE@XZ 008A1980 f i g.o
1416	VERIFIED	0002:000b24f0 ?GetAllocatedIndices@?$HandleDb@VEntity@@$0FEA@V?$SizedHandle@$0M@$0BE@@@@@QBE?AV?$BitSet@$0FEA@@@XZ 008A19F0 f i g.o
1417	VERIFIED	0002:000b2510 ?ReleaseHandle@?$HandleDb@VEntity@@$0FEA@V?$SizedHandle@$0M@$0BE@@@@@QAEXVHandle@@@Z 008A1A10 f i g.o
1418	VERIFIED	0002:000b2630 ?begin@?$BitSet@$0FEA@@@QBE?AViterator@1@XZ 008A1B30 f i g.o
1419	VERIFIED	0002:000b2670 ??D?$DbLinkedHandle@VEntityHandleDb@@VEntity@@@@QBEPAVEntity@@XZ 008A1B70 f i g.o
1420	VERIFIED	0002:000b26b0 ??C?$DbLinkedHandle@VEntityHandleDb@@VEntity@@@@QBEPAVEntity@@XZ 008A1BB0 f i g.o
1421	VERIFIED	0002:000b26f0 ??0?$HandleDb@VDObj@@$0FEA@V?$SizedHandle@$0M@$0BE@@@@@QAE@XZ 008A1BF0 f i g.o
1422	VERIFIED	0002:000b2760 ?begin@?$reserved_dlist@VPakFile@@@@QBE?AVconst_iterator@1@XZ 008A1C60 f i g.o
1423	SKIPPED	0002:000b27b0 ??B?$IVPointer@VXModel@@@@QBE_NXZ 008A1CB0 f i g.o  SKIPPED: inline template/container helper; supplied by its template definition
1424	SKIPPED	0002:000b27d0 ??7?$IVPointer@VXModel@@@@QBE_NXZ 008A1CD0 f i g.o  SKIPPED: inline template/container helper; supplied by its template definition
1425	SKIPPED	0002:000b27f0 ??B?$IVPointer@VPhysData@@@@QBE_NXZ 008A1CF0 f i g.o  SKIPPED: inline template/container helper; supplied by its template definition
1426	SKIPPED	0002:000b2810 ??7?$IVPointer@VPhysData@@@@QBE_NXZ 008A1D10 f i g.o  SKIPPED: inline template/container helper; supplied by its template definition
1427	SKIPPED	0002:000b2830 ??B?$IVPointer@VDestructible@@@@QBE_NXZ 008A1D30 f i g.o  SKIPPED: inline template/container helper; supplied by its template definition
1428	VERIFIED	0002:000b2850 ??0?$WaitTilOutputInst1@I@@QAE@ABI@Z 008A1D50 f i g.o
1429	VERIFIED	0002:000b2880 ?AssignData@?$WaitTilOutputInst1@I@@UAEXPAVWaitTilOutput@@@Z 008A1D80 f i g.o
1430	VERIFIED	0002:000b2930 ?GetSize@?$WaitTilOutputInst1@I@@UAEHXZ 008A1E30 f i g.o
1431	SKIPPED	0002:000b2940 ??_G?$WaitTilOutputInst1@I@@UAEPAXI@Z 008A1E40 f i g.o  SKIPPED: compiler-generated deleting destructor; supplied by the compiler
1432	SKIPPED	0002:000b2940 ??_E?$WaitTilOutputInst1@I@@UAEPAXI@Z 008A1E40 f i g.o  SKIPPED: compiler-generated deleting destructor; supplied by the compiler
1433	VERIFIED	0002:000b2970 ??1?$WaitTilOutputInst1@I@@UAE@XZ 008A1E70 f i g.o
1434	VERIFIED	0002:000b2980 ??0?$WaitTilOutputInst1@Ventity@Broc@@@@QAE@ABVentity@Broc@@@Z 008A1E80 f i g.o
1435	VERIFIED	0002:000b29b0 ?AssignData@?$WaitTilOutputInst1@Ventity@Broc@@@@UAEXPAVWaitTilOutput@@@Z 008A1EB0 f i g.o
1436	VERIFIED	0002:000b2a60 ?GetSize@?$WaitTilOutputInst1@Ventity@Broc@@@@UAEHXZ 008A1F60 f i g.o
1437	SKIPPED	0002:000b2a70 ??_G?$WaitTilOutputInst1@Ventity@Broc@@@@UAEPAXI@Z 008A1F70 f i g.o  SKIPPED: compiler-generated deleting destructor; supplied by the compiler
1438	SKIPPED	0002:000b2a70 ??_E?$WaitTilOutputInst1@Ventity@Broc@@@@UAEPAXI@Z 008A1F70 f i g.o  SKIPPED: compiler-generated deleting destructor; supplied by the compiler
1439	VERIFIED	0002:000b2aa0 ??1?$WaitTilOutputInst1@Ventity@Broc@@@@UAE@XZ 008A1FA0 f i g.o
1440	VERIFIED	0002:000b2ab0 ??0?$WaitTilOutputInst2@HVentity@Broc@@@@QAE@ABHABVentity@Broc@@@Z 008A1FB0 f i g.o
1441	VERIFIED	0002:000b2ae0 ?AssignData@?$WaitTilOutputInst2@HVentity@Broc@@@@UAEXPAVWaitTilOutput@@@Z 008A1FE0 f i g.o
1442	VERIFIED	0002:000b2ba0 ?GetSize@?$WaitTilOutputInst2@HVentity@Broc@@@@UAEHXZ 008A20A0 f i g.o
1443	SKIPPED	0002:000b2bb0 ??_E?$WaitTilOutputInst2@HVentity@Broc@@@@UAEPAXI@Z 008A20B0 f i g.o  SKIPPED: compiler-generated deleting destructor; supplied by the compiler
1444	SKIPPED	0002:000b2bb0 ??_G?$WaitTilOutputInst2@HVentity@Broc@@@@UAEPAXI@Z 008A20B0 f i g.o  SKIPPED: compiler-generated deleting destructor; supplied by the compiler
1445	VERIFIED	0002:000b2be0 ??1?$WaitTilOutputInst2@HVentity@Broc@@@@UAE@XZ 008A20E0 f i g.o
1446	SKIPPED	0002:000b2bf0 ??0?$ae_sized_array@V?$ae_fixed_string@$0CAA@G@@$0EA@@@QAE@XZ 008A20F0 f i g.o  SKIPPED: inline template/container helper; supplied by its template definition
1447	VERIFIED	0002:000b2c30 ??1?$ae_vector@V?$DbLinkedHandle@VEntityHandleDb@@VEntity@@@@@@QAE@XZ 008A2130 f i g.o
1448	VERIFIED	0002:000b2c60 ?reserve@?$ae_vector@V?$DbLinkedHandle@VEntityHandleDb@@VEntity@@@@@@QAEXH@Z 008A2160 f i g.o
1449	VERIFIED	0002:000b2ce0 ?push_back@?$ae_vector@V?$DbLinkedHandle@VEntityHandleDb@@VEntity@@@@@@QAEXABV?$DbLinkedHandle@VEntityHandleDb@@VEntity@@@@@Z 008A21E0 f i g.o
1450	VERIFIED	0002:000b2d90 ??1?$ae_vector@Udebug_sphere@@@@QAE@XZ 008A2290 f i g.o
1451	VERIFIED	0002:000b2dc0 ?push_back@?$ae_vector@Udebug_sphere@@@@QAEXABUdebug_sphere@@@Z 008A22C0 f i g.o
1452	VERIFIED	0002:000b2f50 ??1?$ae_vector@Udebug_aabb@@@@QAE@XZ 008A2450 f i g.o
1453	VERIFIED	0002:000b2f80 ?push_back@?$ae_vector@Udebug_aabb@@@@QAEXABUdebug_aabb@@@Z 008A2480 f i g.o
1454	VERIFIED	0002:000b3130 ?Dump@?$HandleDb@VEntity@@$0FEA@V?$SizedHandle@$0M@$0BE@@@@@QAEXXZ 008A2630 f i g.o
1455	VERIFIED	0002:000b3220 ?resize@?$ae_vector@V?$DbLinkedHandle@VEntityHandleDb@@VEntity@@@@@@QAEXH@Z 008A2720 f i g.o
1456	VERIFIED	0002:000b32d0 ?resize@?$ae_vector@Udebug_sphere@@@@QAEXH@Z 008A27D0 f i g.o
1457	VERIFIED	0002:000b3420 ?resize@?$ae_vector@Udebug_aabb@@@@QAEXH@Z 008A2920 f i g.o
1458	VERIFIED	0002:000b3560 ??$Notify@Vstring@Broc@@@Entity@@QAEXVHashString@@ABVstring@Broc@@@Z 008A2A60 f i g.o
1459	VERIFIED	0002:000b3660 ??$Notify@Vstring@Broc@@V12@@Entity@@QAEXVHashString@@ABVstring@Broc@@1@Z 008A2B60 f i g.o
1460	VERIFIED	0002:000b3760 ?Notify@Entity@@QAEXVHashString@@ABI@Z 008A2C60 f i g.o
1461	VERIFIED	0002:000b38a0 ?Notify@Entity@@QAEXVHashString@@ABVentity@Broc@@@Z 008A2DA0 f i g.o
1462	VERIFIED	0002:000b39e0 ?Notify@Entity@@QAEXVHashString@@ABHABVentity@Broc@@11@Z 008A2EE0 f i g.o
1463	VERIFIED	0002:000b3b40 ?Notify@Entity@@QAEXVHashString@@ABHABVentity@Broc@@11QBM@Z 008A3040 f i g.o
1464	VERIFIED	0002:000b3cd0 ??0Client@@QAE@XZ 008A31D0 f i g.o
1465	VERIFIED	0002:000b3d40 ??0DObjHandleDb@@QAE@XZ 008A3240 f i g.o
1466	VERIFIED	0002:000b3d50 ??0EntityHandleDb@@QAE@XZ 008A3250 f i g.o
1467	VERIFIED	0002:000b3d70 ?AllocateHandle@?$HandleDb@VEntity@@$0FEA@V?$SizedHandle@$0M@$0BE@@@@@QAE?AV?$SizedHandle@$0M@$0BE@@@XZ 008A3270 f i g.o
1468	VERIFIED	0002:000b3e50 ?clear@?$ae_vector@V?$DbLinkedHandle@VEntityHandleDb@@VEntity@@@@@@QAEXXZ 008A3350 f i g.o
1469	VERIFIED	0002:000b3e60 ?clear@?$ae_vector@Udebug_sphere@@@@QAEXXZ 008A3360 f i g.o
1470	VERIFIED	0002:000b3e70 ?clear@?$ae_vector@Udebug_aabb@@@@QAEXXZ 008A3370 f i g.o
