ida_ea	name	signature	source_cpp
0x0072C480	?Stop@MultiplayerMgr@@QAEXXZ	public: void __thiscall MultiplayerMgr::Stop(void)	
0x0072C4A0	?HandleDiscError@MultiplayerMgr@@QAEXXZ	public: void __thiscall MultiplayerMgr::HandleDiscError(void)	
0x0072C4B0	?setSendInterval@MultiplayerMgr@@QAEXH@Z	public: void __thiscall MultiplayerMgr::setSendInterval(int)	
0x0072C4D0	?getSendInterval@MultiplayerMgr@@QBEMXZ	public: float __thiscall MultiplayerMgr::getSendInterval(void)const 	
0x0072C4E0	?AddTestClient@MultiplayerMgr@@QAEHXZ	public: int __thiscall MultiplayerMgr::AddTestClient(void)	
0x0072C4F0	?GetDroppedItemType@MultiplayerMgr@@QAE?AW4EDroppedItemTypes@@W4itemType_t@@@Z	public: enum EDroppedItemTypes __thiscall MultiplayerMgr::GetDroppedItemType(enum itemType_t)	
0x0072C530	?getLocalTime@MultiplayerMgr@@QAE?AVsTime@knet@kuju@@XZ	public: class kuju::knet::sTime __thiscall MultiplayerMgr::getLocalTime(void)	
0x0072C610	?publish@MPLogSubscriber@MultiplayerMgr@@EAEXQBD00I0@Z	private: virtual void __thiscall MultiplayerMgr::MPLogSubscriber::publish(char const * const,char const * const,char const * const,unsigned int,char const * const)	
0x0072C6F0	?oneOffCheckLinkStatus@MultiplayerMgr@@QAE_NXZ	public: bool __thiscall MultiplayerMgr::oneOffCheckLinkStatus(void)	
0x0072C700	?updateLinkStatus@MultiplayerMgr@@QAEXXZ	public: void __thiscall MultiplayerMgr::updateLinkStatus(void)	
0x0072C780	?getLinkStatus@MultiplayerMgr@@QAE_NXZ	public: bool __thiscall MultiplayerMgr::getLinkStatus(void)	
0x0072C790	?getValidNetConnection@MultiplayerMgr@@QAE_NPBD@Z	public: bool __thiscall MultiplayerMgr::getValidNetConnection(char const *)	
0x0072C7D0	?FromLobby@MultiplayerMgr@@QAE_NXZ	public: bool __thiscall MultiplayerMgr::FromLobby(void)	
0x0072C7E0	?GetVoipGroup@@YA?AW4EVoipGroup@@H@Z	enum EVoipGroup __cdecl GetVoipGroup(int)	
0x0072C820	??2MPPeer@@SAPAXI@Z	public: static void * __cdecl MPPeer::operator new(unsigned int)	
0x0072C840	??3MPPeer@@SAXPAX@Z	public: static void __cdecl MPPeer::operator delete(void *)	
0x0072C850	?LeaveSession@MPPeer@@QAEXXZ	public: void __thiscall MPPeer::LeaveSession(void)	
0x0072C870	?CancelJoin@MPPeer@@QAEXXZ	public: void __thiscall MPPeer::CancelJoin(void)	
0x0072C890	?GetSessionStatus@MPPeer@@QAE?AW4bdSessionStatus@bdSession@@XZ	public: enum bdSession::bdSessionStatus __thiscall MPPeer::GetSessionStatus(void)	
0x0072C8A0	?GetPlayerManager@MPPeer@@QAEPAVMPPlayerManager@@XZ	public: class MPPlayerManager * __thiscall MPPeer::GetPlayerManager(void)	
0x0072C8B0	?IsHost@MPPeer@@QAE_NXZ	public: bool __thiscall MPPeer::IsHost(void)	
0x0072C8D0	?IsPlayerTalking@MPPeer@@QAE_NPAVMPPlayer@@H@Z	public: bool __thiscall MPPeer::IsPlayerTalking(class MPPlayer *,int)	
0x0072C940	?onSessionConnectFail@MPPeer@@EAEXXZ	private: virtual void __thiscall MPPeer::onSessionConnectFail(void)	
0x0072CA00	?IsQosComplete@MPPeer@@QAE_NH@Z	public: bool __thiscall MPPeer::IsQosComplete(int)	
0x0072CA20	?IsQosSuccessful@MPPeer@@QAE_NH@Z	public: bool __thiscall MPPeer::IsQosSuccessful(int)	
0x0072CA50	?GetQosPing@MPPeer@@QAEHH@Z	public: int __thiscall MPPeer::GetQosPing(int)	
0x0072CA90	?DeleteQosProbes@MPPeer@@QAEXXZ	public: void __thiscall MPPeer::DeleteQosProbes(void)	
0x0072CAC0	?FindAvailableQosSlot@MPPeer@@QAEHXZ	public: int __thiscall MPPeer::FindAvailableQosSlot(void)	
0x0072CAE0	?DebugPrintTTYSessionInfo@MPPeer@@QAEXXZ	public: void __thiscall MPPeer::DebugPrintTTYSessionInfo(void)	
0x0072CAF0	?Start@MPLanDiscovery@@QAEXXZ	public: void __thiscall MPLanDiscovery::Start(void)	
0x0072CB60	?IsDone@MPLanDiscovery@@QAE_NXZ	public: bool __thiscall MPLanDiscovery::IsDone(void)	
0x0072CB90	?GetNumResults@MPLanDiscovery@@QBEIXZ	public: unsigned int __thiscall MPLanDiscovery::GetNumResults(void)const 	
0x0072CBA0	?getAnimIndex@MPPlayer@@SAPAUMP_ANIM_INDEX@@HHH_N@Z	public: static struct MP_ANIM_INDEX * __cdecl MPPlayer::getAnimIndex(int,int,int,bool)	
0x0072CC20	?Reset@MPPlayer@@QAEX_N@Z	public: void __thiscall MPPlayer::Reset(bool)	
0x0072CE70	?IsValid@MPPlayer@@SA_NE@Z	public: static bool __cdecl MPPlayer::IsValid(unsigned char)	
0x0072CE80	?GetNullId@MPPlayer@@SAEXZ	public: static unsigned char __cdecl MPPlayer::GetNullId(void)	
0x0072CE90	?SetId@MPPlayer@@QAEXE@Z	public: void __thiscall MPPlayer::SetId(unsigned char)	
0x0072CEA0	?GetId@MPPlayer@@QBEEXZ	public: unsigned char __thiscall MPPlayer::GetId(void)const 	
0x0072CEB0	?GetPlayerAnimationPackFlags@MPPlayer@@IAEHPAVPlayerState@@H@Z	protected: int __thiscall MPPlayer::GetPlayerAnimationPackFlags(class PlayerState *,int)	
0x0072D070	?PlayPartialAnimationRate@?A0x26f4efd5@@YAXPAVDObj@@PAUMP_ANIM_INDEX@@IMM_N@Z	void __cdecl `anonymous namespace'::PlayPartialAnimationRate(class DObj *,struct MP_ANIM_INDEX *,unsigned int,float,float,bool)	
0x0072D0E0	?StopPartialAnimation@?A0x26f4efd5@@YAXPAVDObj@@I@Z	void __cdecl `anonymous namespace'::StopPartialAnimation(class DObj *,unsigned int)	
0x0072D100	?PlayAnimFlagAnim@MPPlayer@@IAEXPAVDObj@@IHHH_NMM11@Z	protected: void __thiscall MPPlayer::PlayAnimFlagAnim(class DObj *,unsigned int,int,int,int,bool,float,float,bool,bool)	
0x0072D210	?SwingAngles@MPPlayer@@IAEXMMMMAAMAAHHM@Z	protected: void __thiscall MPPlayer::SwingAngles(float,float,float,float,float &,int &,int,float)	
0x0072D390	?StepLegsYaw@MPPlayer@@IAEXVsTime@knet@kuju@@HMMM@Z	protected: void __thiscall MPPlayer::StepLegsYaw(class kuju::knet::sTime,int,float,float,float)	
0x0072D9A0	?ChooseFootYawSide@MPPlayer@@IAEHM@Z	protected: int __thiscall MPPlayer::ChooseFootYawSide(float)	
0x0072DAD0	?CalcLegsAnim@MPPlayer@@IAEHPAVEntity@@QAMM_N@Z	protected: int __thiscall MPPlayer::CalcLegsAnim(class Entity *,float * const,float,bool)	
0x0072DD70	?GroundSurfaceType@MPPlayer@@IAEHH@Z	protected: int __thiscall MPPlayer::GroundSurfaceType(int)	
0x0072DDE0	?FootstepEvent@MPPlayer@@IAEHH@Z	protected: int __thiscall MPPlayer::FootstepEvent(int)	
0x0072DE40	?UpdateInGamePlayerInfo@MPPlayer@@QAEX_N0@Z	public: void __thiscall MPPlayer::UpdateInGamePlayerInfo(bool,bool)	
0x0072DF50	?SetPosition@MPPlayer@@QAEXQBM@Z	public: void __thiscall MPPlayer::SetPosition(float const * const)	
0x0072DFA0	?GetPosition@MPPlayer@@QBEXAAY02M@Z	public: void __thiscall MPPlayer::GetPosition(float (&)[3])const 	
0x0072DFD0	?GetAngles@MPPlayer@@QBEXAAY02M@Z	public: void __thiscall MPPlayer::GetAngles(float (&)[3])const 	
0x0072DFF0	?FreeEntity@?A0x26f4efd5@@YAXPAVEntity@@@Z	void __cdecl `anonymous namespace'::FreeEntity(class Entity *)	
0x0072E020	?GetItemList@MPPlayerItems@@AAEAAV?$ae_vector@UsDroppedItem@MPPlayerItems@@@@W4EDroppedItemTypes@@@Z	private: class ae_vector<struct MPPlayerItems::sDroppedItem> & __thiscall MPPlayerItems::GetItemList(enum EDroppedItemTypes)	
0x0072E050	?GetSeatState@@YAHPAUscr_vehicle_t@@H@Z	int __cdecl GetSeatState(struct scr_vehicle_t *,int)	
0x0072E110	?SetSeatState@@YAXPAUscr_vehicle_t@@HH@Z	void __cdecl SetSeatState(struct scr_vehicle_t *,int,int)	
0x0072E190	??1MPVehicle@@QAE@XZ	public: __thiscall MPVehicle::~MPVehicle(void)	
0x0072E1A0	?ClearOccupants@MPVehicle@@QAEXXZ	public: void __thiscall MPVehicle::ClearOccupants(void)	
0x0072E1C0	?Reset@MPVehicle@@QAEX_N@Z	public: void __thiscall MPVehicle::Reset(bool)	
0x0072E430	?IsValid@MPVehicle@@SA_NE@Z	public: static bool __cdecl MPVehicle::IsValid(unsigned char)	
0x0072E440	?GetNullId@MPVehicle@@SAEXZ	public: static unsigned char __cdecl MPVehicle::GetNullId(void)	
0x0072E450	?SetId@MPVehicle@@QAEXE@Z	public: void __thiscall MPVehicle::SetId(unsigned char)	
0x0072E460	?GetId@MPVehicle@@QBEEXZ	public: unsigned char __thiscall MPVehicle::GetId(void)const 	
0x0072E470	?IsOccupied@MPVehicle@@QBE_NXZ	public: bool __thiscall MPVehicle::IsOccupied(void)const 	
0x0072E480	?IsFullyOccupied@MPVehicle@@QBE_NXZ	public: bool __thiscall MPVehicle::IsFullyOccupied(void)const 	
0x0072E4A0	?IsSeatOccupied@MPVehicle@@QBE_NH_N@Z	public: bool __thiscall MPVehicle::IsSeatOccupied(int,bool)const 	
0x0072E4D0	?SetGunnerState@MPVehicle@@QAEXH@Z	public: void __thiscall MPVehicle::SetGunnerState(int)	
0x0072E510	?OnModified@MPVehicle@@QAEXXZ	public: void __thiscall MPVehicle::OnModified(void)	
0x0072E5C0	?GetInVehicle@MPVehicle@@QAEXPAVMPPlayer@@HHH@Z	public: void __thiscall MPVehicle::GetInVehicle(class MPPlayer *,int,int,int)	
0x0072E780	?SeatChange@MPVehicle@@QAEXPAVMPPlayer@@H@Z	public: void __thiscall MPVehicle::SeatChange(class MPPlayer *,int)	
0x0072E8A0	?IsACorpse@@YA_NPBVEntity@@@Z	bool __cdecl IsACorpse(class Entity const *)	
0x0072E8D0	?AddingLocalPlayer@MPPlayerManager@@QBE_NXZ	public: bool __thiscall MPPlayerManager::AddingLocalPlayer(void)const 	
0x0072E8E0	?GetPlayerEntity@MPPlayerManager@@QAEPAVEntity@@E@Z	public: class Entity * __thiscall MPPlayerManager::GetPlayerEntity(unsigned char)	
0x0072E970	?GetPlayerName@MPPlayerManager@@QAEPBDE@Z	public: char const * __thiscall MPPlayerManager::GetPlayerName(unsigned char)	
0x0072E9E0	?GetLocalPlayer@MPPlayerManager@@QAEPAVMPPlayer@@H@Z	public: class MPPlayer * __thiscall MPPlayerManager::GetLocalPlayer(int)	
0x0072EA10	?AnyLocalPlayers@MPPlayerManager@@QAE_NXZ	public: bool __thiscall MPPlayerManager::AnyLocalPlayers(void)	
0x0072EA30	?IsLocalId@MPPlayerManager@@QAE_NH@Z	public: bool __thiscall MPPlayerManager::IsLocalId(int)	
0x0072EA80	?IsLocalPlayer@MPPlayerManager@@QAE_NQBVEntity@@@Z	public: bool __thiscall MPPlayerManager::IsLocalPlayer(class Entity const * const)	
0x0072EB80	?GetLocalId@MPPlayerManager@@QAEHPBVMPPlayer@@@Z	public: int __thiscall MPPlayerManager::GetLocalId(class MPPlayer const *)	
0x0072EBB0	?AddAcceptCallback@MPPlayerManager@@AAEXHP81@AEXABVbdReceivedMessage@@@Z@Z	private: void __thiscall MPPlayerManager::AddAcceptCallback(int,void (__thiscall MPPlayerManager::*)(class bdReceivedMessage const &))	
0x0072EC30	?HandleKickPlayer@MPPlayerManager@@AAEXABVbdReceivedMessage@@@Z	private: void __thiscall MPPlayerManager::HandleKickPlayer(class bdReceivedMessage const &)	
0x0072EC40	?VehicleEventAddToQueue@MPPlayerManager@@AAEXW4MPVehicleEventType@@EIEHHH@Z	private: void __thiscall MPPlayerManager::VehicleEventAddToQueue(enum MPVehicleEventType,unsigned char,unsigned int,unsigned char,int,int,int)	
0x0072ED50	?DropHotJoiningPlayers@MPPlayerManager@@QAEXXZ	public: void __thiscall MPPlayerManager::DropHotJoiningPlayers(void)	
0x0072ED90	?getPlayerIndex@MPPlayerManager@@QAEEH@Z	public: unsigned char __thiscall MPPlayerManager::getPlayerIndex(int)	
0x0072EDB0	?AddVehicle@MPPlayerManager@@QAEXPAVEntity@@@Z	public: void __thiscall MPPlayerManager::AddVehicle(class Entity *)	
0x0072EEB0	?GetVehicle@MPPlayerManager@@QAEPAVMPVehicle@@PBVEntity@@@Z	public: class MPVehicle * __thiscall MPPlayerManager::GetVehicle(class Entity const *)	
0x0072EF50	?GetVehicle@MPPlayerManager@@QAEPAVMPVehicle@@E@Z	public: class MPVehicle * __thiscall MPPlayerManager::GetVehicle(unsigned char)	
0x0072EFE0	?GetVehicleFromOccupant@MPPlayerManager@@QAEPAVMPVehicle@@PBVMPPlayer@@@Z	public: class MPVehicle * __thiscall MPPlayerManager::GetVehicleFromOccupant(class MPPlayer const *)	
0x0072F060	?ClearStateVariables@MPPlayerManager@@AAEXXZ	private: void __thiscall MPPlayerManager::ClearStateVariables(void)	
0x0072F190	?IsGuest@MPPlayerManager@@QAE_NH@Z	public: bool __thiscall MPPlayerManager::IsGuest(int)	
0x0072F1A0	?PickPlayerTeam@MPPlayerManager@@AAEHQAVMPPlayer@@@Z	private: int __thiscall MPPlayerManager::PickPlayerTeam(class MPPlayer * const)	
0x0072F240	?SendConsistencyUpdates@MPPlayerManager@@QAEXXZ	public: void __thiscall MPPlayerManager::SendConsistencyUpdates(void)	
0x0072F250	?DecodeAnimMatrix@@YAXPBDPAEHW4TPakId@@PAVPakFile@@@Z	void __cdecl DecodeAnimMatrix(char const *,unsigned char *,int,enum TPakId,class PakFile *)	
0x0072F380	?Reboot@MPUIInterface@@SAXXZ	public: static void __cdecl MPUIInterface::Reboot(void)	
0x0072F3B0	?SetMapRotation@sServerCreateParams@@QAEXE@Z	public: void __thiscall sServerCreateParams::SetMapRotation(unsigned char)	
0x0072F470	?IsLANGame@MPUIInterface@@SA?B_NXZ	public: static bool const __cdecl MPUIInterface::IsLANGame(void)	
0x0072F480	?IsOnlineGame@MPUIInterface@@SA?B_NXZ	public: static bool const __cdecl MPUIInterface::IsOnlineGame(void)	
0x0072F490	?IsLocalGame@MPUIInterface@@SA?B_NXZ	public: static bool const __cdecl MPUIInterface::IsLocalGame(void)	
0x0072F4A0	?CancelJoin@MPUIInterface@@SAXXZ	public: static void __cdecl MPUIInterface::CancelJoin(void)	
0x0072F520	?SetQueryParams@MPUIInterface@@SAXAAUsServerQueryParams@@@Z	public: static void __cdecl MPUIInterface::SetQueryParams(struct sServerQueryParams &)	
0x0072F540	?GameListingStart@MPUIInterface@@SA_NXZ	public: static bool __cdecl MPUIInterface::GameListingStart(void)	
0x0072F730	?IsGameListingComplete@MPUIInterface@@SA?B_NXZ	public: static bool const __cdecl MPUIInterface::IsGameListingComplete(void)	
0x0072F760	?GameListingEnd@MPUIInterface@@SAXXZ	public: static void __cdecl MPUIInterface::GameListingEnd(void)	
0x0072F770	?GetGameTypeString@MPUIInterface@@SAPBDK@Z	public: static char const * __cdecl MPUIInterface::GetGameTypeString(unsigned long)	
0x0072F7D0	?GetGameTypeShortString@MPUIInterface@@SAPBDK@Z	public: static char const * __cdecl MPUIInterface::GetGameTypeShortString(unsigned long)	
0x0072F830	?GetMapString@MPUIInterface@@SAPBDK@Z	public: static char const * __cdecl MPUIInterface::GetMapString(unsigned long)	
0x0072F8A0	?GetMapRotationString@MPUIInterface@@SAPBDK@Z	public: static char const * __cdecl MPUIInterface::GetMapRotationString(unsigned long)	
0x0072F900	?GetTimeLimitCount@MPUIInterface@@SA?BHXZ	public: static int const __cdecl MPUIInterface::GetTimeLimitCount(void)	
0x0072F910	?GetTimeLimit@MPUIInterface@@SA?BHK@Z	public: static int const __cdecl MPUIInterface::GetTimeLimit(unsigned long)	
0x0072F970	?GetScoreLimitCount@MPUIInterface@@SA?BHW4eGameType@@@Z	public: static int const __cdecl MPUIInterface::GetScoreLimitCount(enum eGameType)	
0x0072FA00	?GetScoreLimit@MPUIInterface@@SA?BHKW4eGameType@@@Z	public: static int const __cdecl MPUIInterface::GetScoreLimit(unsigned long,enum eGameType)	
0x0072FB10	?GetRoundLimitCount@MPUIInterface@@SA?BHXZ	public: static int const __cdecl MPUIInterface::GetRoundLimitCount(void)	
0x0072FB20	?GetRoundLimit@MPUIInterface@@SA?BHK@Z	public: static int const __cdecl MPUIInterface::GetRoundLimit(unsigned long)	
0x0072FB80	?GetMaxPlayersCount@MPUIInterface@@SA?BHXZ	public: static int const __cdecl MPUIInterface::GetMaxPlayersCount(void)	
0x0072FB90	?GetMaxPlayers@MPUIInterface@@SA?BHK@Z	public: static int const __cdecl MPUIInterface::GetMaxPlayers(unsigned long)	
0x0072FBF0	?GetRespawnTimeCount@MPUIInterface@@SA?BHXZ	public: static int const __cdecl MPUIInterface::GetRespawnTimeCount(void)	
0x0072FC00	?GetRespawnTime@MPUIInterface@@SA?BHK@Z	public: static int const __cdecl MPUIInterface::GetRespawnTime(unsigned long)	
0x0072FC60	?GetReturnMenu@MPUIInterface@@SA?BHXZ	public: static int const __cdecl MPUIInterface::GetReturnMenu(void)	
0x0072FC70	?GetOptionFromValue@MPUIInterface@@SA?BHW4eSetting@1@HW4eGameType@@@Z	public: static int const __cdecl MPUIInterface::GetOptionFromValue(enum MPUIInterface::eSetting,int,enum eGameType)	
0x0072FF40	?InSession@MPUIInterface@@SA?B_NXZ	public: static bool const __cdecl MPUIInterface::InSession(void)	
0x0072FF60	?QueryFromID@MPUIInterface@@SAXPAUXNKID@@@Z	public: static void __cdecl MPUIInterface::QueryFromID(struct XNKID *)	
0x0072FFF0	?StartDevice@MPUIInterface@@SAXXZ	public: static void __cdecl MPUIInterface::StartDevice(void)	
0x00730000	?PlatformStart@MPUIInterface@@SAXXZ	public: static void __cdecl MPUIInterface::PlatformStart(void)	
0x00730080	?PlatformStop@MPUIInterface@@SAXXZ	public: static void __cdecl MPUIInterface::PlatformStop(void)	
0x00730090	?NextRoundMapChanges@MPUIInterface@@SA_NXZ	public: static bool __cdecl MPUIInterface::NextRoundMapChanges(void)	
0x007300A0	?NextRoundMapRestart@MPUIInterface@@SA_NXZ	public: static bool __cdecl MPUIInterface::NextRoundMapRestart(void)	
0x007300D0	?NextRoundServerParams@MPUIInterface@@SAXXZ	public: static void __cdecl MPUIInterface::NextRoundServerParams(void)	
0x00730220	?getLocalAddresses@MPUIInterface@@SAXAAV?$bdArray@VbdInetAddr@@@@@Z	public: static void __cdecl MPUIInterface::getLocalAddresses(class bdArray<class bdInetAddr> &)	
0x00730230	?Logging@MPUIInterface@@SAX_N@Z	public: static void __cdecl MPUIInterface::Logging(bool)	
0x00730240	?SetServerParams@MPUIInterface@@SAXABUsServerCreateParams@@@Z	public: static void __cdecl MPUIInterface::SetServerParams(struct sServerCreateParams const &)	
0x00730260	??0MPPlayerSet@@QAE@W4eDefaultSets@0@@Z	public: __thiscall MPPlayerSet::MPPlayerSet(enum MPPlayerSet::eDefaultSets)	
0x007302D0	?highestPlayerIndex@MPPlayerSet@@QBEKXZ	public: unsigned long __thiscall MPPlayerSet::highestPlayerIndex(void)const 	
0x00730350	?lowestPlayerIndex@MPPlayerSet@@QBEKXZ	public: unsigned long __thiscall MPPlayerSet::lowestPlayerIndex(void)const 	
0x007303F0	?debugString@MPPlayerSet@@QBEPBDXZ	public: char const * __thiscall MPPlayerSet::debugString(void)const 	
0x00730490	?numberOfPlayers@MPPlayerSet@@QBEKXZ	public: unsigned long __thiscall MPPlayerSet::numberOfPlayers(void)const 	
0x00730500	??1MPGameInfo@@UAE@XZ	public: virtual __thiscall MPGameInfo::~MPGameInfo(void)	
0x00730510	?getSlots@MPGameInfo@@QBEXAAE000@Z	public: void __thiscall MPGameInfo::getSlots(unsigned char &,unsigned char &,unsigned char &,unsigned char &)const 	
0x00730540	?updateSlots@MPGameInfo@@QAEXDDDD@Z	public: void __thiscall MPGameInfo::updateSlots(char,char,char,char)	
0x007305B0	?sleepSeconds@cThreadSleep@@SAXK@Z	public: static void __cdecl cThreadSleep::sleepSeconds(unsigned long)	
0x007305C0	?sleepMilliseconds@cThreadSleep@@SAXK@Z	public: static void __cdecl cThreadSleep::sleepMilliseconds(unsigned long)	
0x007305D0	?Me@MPOptionsScreenMenu@@SAPAV1@XZ	public: static class MPOptionsScreenMenu * __cdecl MPOptionsScreenMenu::Me(void)	
0x007305E0	??0MPOptionsScreenMenu@@QAE@PAVFEMenuSystem@@@Z	public: __thiscall MPOptionsScreenMenu::MPOptionsScreenMenu(class FEMenuSystem *)	
0x00730630	??1MPOptionsScreenMenu@@UAE@XZ	public: virtual __thiscall MPOptionsScreenMenu::~MPOptionsScreenMenu(void)	
0x00730690	?SetPanelFile@MPOptionsScreenMenu@@UAEXPAVPanelFile@@@Z	public: virtual void __thiscall MPOptionsScreenMenu::SetPanelFile(class PanelFile *)	
0x007309B0	?PanelFileUnloaded@MPOptionsScreenMenu@@UAEXPAVPanelFile@@@Z	public: virtual void __thiscall MPOptionsScreenMenu::PanelFileUnloaded(class PanelFile *)	
0x007309D0	?OnActivate@MPOptionsScreenMenu@@UAEXXZ	public: virtual void __thiscall MPOptionsScreenMenu::OnActivate(void)	
0x00730AC0	?Draw@MPOptionsScreenMenu@@UAEXXZ	public: virtual void __thiscall MPOptionsScreenMenu::Draw(void)	
0x00730AF0	?Update@MPOptionsScreenMenu@@UAEXM@Z	public: virtual void __thiscall MPOptionsScreenMenu::Update(float)	
0x00730B00	?SaveOptions@MPOptionsScreenMenu@@AAE_NXZ	private: bool __thiscall MPOptionsScreenMenu::SaveOptions(void)	
0x00730BC0	?OnUp@MPOptionsScreenMenu@@UAEXH@Z	public: virtual void __thiscall MPOptionsScreenMenu::OnUp(int)	
0x00730C50	?OnDown@MPOptionsScreenMenu@@UAEXH@Z	public: virtual void __thiscall MPOptionsScreenMenu::OnDown(int)	
0x00730CE0	?OnTriangle@MPOptionsScreenMenu@@UAEXH@Z	public: virtual void __thiscall MPOptionsScreenMenu::OnTriangle(int)	
0x00730D10	?Select@MPOptionsScreenMenu@@UAEXH@Z	public: virtual void __thiscall MPOptionsScreenMenu::Select(int)	
0x00730D20	?OnCross@MPOptionsScreenMenu@@UAEXH@Z	public: virtual void __thiscall MPOptionsScreenMenu::OnCross(int)	
0x00730D30	?UpdateWidescreen@MPOptionsScreenMenu@@UAEX_N@Z	public: virtual void __thiscall MPOptionsScreenMenu::UpdateWidescreen(bool)	
0x00730D70	?Me@MPOptionsSoundMenu@@SAPAV1@XZ	public: static class MPOptionsSoundMenu * __cdecl MPOptionsSoundMenu::Me(void)	
0x00730D80	??0MPOptionsSoundMenu@@QAE@PAVFEMenuSystem@@@Z	public: __thiscall MPOptionsSoundMenu::MPOptionsSoundMenu(class FEMenuSystem *)	
0x00730DE0	??1MPOptionsSoundMenu@@UAE@XZ	public: virtual __thiscall MPOptionsSoundMenu::~MPOptionsSoundMenu(void)	
0x00730E40	?SetPanelFile@MPOptionsSoundMenu@@UAEXPAVPanelFile@@@Z	public: virtual void __thiscall MPOptionsSoundMenu::SetPanelFile(class PanelFile *)	
0x007311F0	?PanelFileUnloaded@MPOptionsSoundMenu@@UAEXPAVPanelFile@@@Z	public: virtual void __thiscall MPOptionsSoundMenu::PanelFileUnloaded(class PanelFile *)	
0x00731210	?Draw@MPOptionsSoundMenu@@UAEXXZ	public: virtual void __thiscall MPOptionsSoundMenu::Draw(void)	
0x00731240	?Update@MPOptionsSoundMenu@@UAEXM@Z	public: virtual void __thiscall MPOptionsSoundMenu::Update(float)	
0x00731250	?SetOptions@MPOptionsSoundMenu@@AAEXXZ	private: void __thiscall MPOptionsSoundMenu::SetOptions(void)	
0x00731320	?OnUp@MPOptionsSoundMenu@@UAEXH@Z	public: virtual void __thiscall MPOptionsSoundMenu::OnUp(int)	
0x007313B0	?OnDown@MPOptionsSoundMenu@@UAEXH@Z	public: virtual void __thiscall MPOptionsSoundMenu::OnDown(int)	
0x00731440	?ButtonHeldAction@MPOptionsSoundMenu@@UAEXXZ	public: virtual void __thiscall MPOptionsSoundMenu::ButtonHeldAction(void)	
0x007314B0	?SaveOptions@MPOptionsSoundMenu@@AAE_NXZ	private: bool __thiscall MPOptionsSoundMenu::SaveOptions(void)	
0x00731560	?UpdateWidescreen@MPOptionsSoundMenu@@UAEX_N@Z	public: virtual void __thiscall MPOptionsSoundMenu::UpdateWidescreen(bool)	
0x007315A0	?Me@MPOptionsControlsMenu@@SAPAV1@XZ	public: static class MPOptionsControlsMenu * __cdecl MPOptionsControlsMenu::Me(void)	
0x007315B0	??0MPOptionsControlsMenu@@QAE@PAVFEMenuSystem@@@Z	public: __thiscall MPOptionsControlsMenu::MPOptionsControlsMenu(class FEMenuSystem *)	
0x00731600	??1MPOptionsControlsMenu@@UAE@XZ	public: virtual __thiscall MPOptionsControlsMenu::~MPOptionsControlsMenu(void)	
0x00731660	?SetPanelFile@MPOptionsControlsMenu@@UAEXPAVPanelFile@@@Z	public: virtual void __thiscall MPOptionsControlsMenu::SetPanelFile(class PanelFile *)	
0x00731B00	?PanelFileUnloaded@MPOptionsControlsMenu@@UAEXPAVPanelFile@@@Z	public: virtual void __thiscall MPOptionsControlsMenu::PanelFileUnloaded(class PanelFile *)	
0x00731B20	?Draw@MPOptionsControlsMenu@@UAEXXZ	public: virtual void __thiscall MPOptionsControlsMenu::Draw(void)	
0x00731B50	?Update@MPOptionsControlsMenu@@UAEXM@Z	public: virtual void __thiscall MPOptionsControlsMenu::Update(float)	
0x00731B60	?SetOptions@MPOptionsControlsMenu@@AAEXXZ	private: void __thiscall MPOptionsControlsMenu::SetOptions(void)	
0x00731CA0	?OnUp@MPOptionsControlsMenu@@UAEXH@Z	public: virtual void __thiscall MPOptionsControlsMenu::OnUp(int)	
0x00731D90	?OnDown@MPOptionsControlsMenu@@UAEXH@Z	public: virtual void __thiscall MPOptionsControlsMenu::OnDown(int)	
0x00731E80	?ButtonHeldAction@MPOptionsControlsMenu@@UAEXXZ	public: virtual void __thiscall MPOptionsControlsMenu::ButtonHeldAction(void)	
0x00731EF0	?SaveOptions@MPOptionsControlsMenu@@AAE_NXZ	private: bool __thiscall MPOptionsControlsMenu::SaveOptions(void)	
0x007320F0	?UpdateWidescreen@MPOptionsControlsMenu@@UAEX_N@Z	public: virtual void __thiscall MPOptionsControlsMenu::UpdateWidescreen(bool)	
0x00732130	?Me@MPOptionsGameplayMenu@@SAPAV1@XZ	public: static class MPOptionsGameplayMenu * __cdecl MPOptionsGameplayMenu::Me(void)	
0x00732140	??0MPOptionsGameplayMenu@@QAE@PAVFEMenuSystem@@@Z	public: __thiscall MPOptionsGameplayMenu::MPOptionsGameplayMenu(class FEMenuSystem *)	
0x00732190	??1MPOptionsGameplayMenu@@UAE@XZ	public: virtual __thiscall MPOptionsGameplayMenu::~MPOptionsGameplayMenu(void)	
0x007321F0	?Draw@MPOptionsGameplayMenu@@UAEXXZ	public: virtual void __thiscall MPOptionsGameplayMenu::Draw(void)	
0x00732220	?SetPanelFile@MPOptionsGameplayMenu@@UAEXPAVPanelFile@@@Z	public: virtual void __thiscall MPOptionsGameplayMenu::SetPanelFile(class PanelFile *)	
0x00732540	?PanelFileUnloaded@MPOptionsGameplayMenu@@UAEXPAVPanelFile@@@Z	public: virtual void __thiscall MPOptionsGameplayMenu::PanelFileUnloaded(class PanelFile *)	
0x00732560	?OnUp@MPOptionsGameplayMenu@@UAEXH@Z	public: virtual void __thiscall MPOptionsGameplayMenu::OnUp(int)	
0x007325F0	?OnDown@MPOptionsGameplayMenu@@UAEXH@Z	public: virtual void __thiscall MPOptionsGameplayMenu::OnDown(int)	
0x00732680	?SetOptions@MPOptionsGameplayMenu@@AAEXXZ	private: void __thiscall MPOptionsGameplayMenu::SetOptions(void)	
0x00732720	?Update@MPOptionsGameplayMenu@@UAEXM@Z	public: virtual void __thiscall MPOptionsGameplayMenu::Update(float)	
0x00732730	?SaveOptions@MPOptionsGameplayMenu@@AAE_NXZ	private: bool __thiscall MPOptionsGameplayMenu::SaveOptions(void)	
0x00732890	?UpdateWidescreen@MPOptionsGameplayMenu@@UAEX_N@Z	public: virtual void __thiscall MPOptionsGameplayMenu::UpdateWidescreen(bool)	
0x007328D0	?Me@MPOptionsPreferencesMenu@@SAPAV1@XZ	public: static class MPOptionsPreferencesMenu * __cdecl MPOptionsPreferencesMenu::Me(void)	
0x007328E0	??0MPOptionsPreferencesMenu@@QAE@PAVFEMenuSystem@@@Z	public: __thiscall MPOptionsPreferencesMenu::MPOptionsPreferencesMenu(class FEMenuSystem *)	
0x00732940	??1MPOptionsPreferencesMenu@@UAE@XZ	public: virtual __thiscall MPOptionsPreferencesMenu::~MPOptionsPreferencesMenu(void)	
0x007329A0	?SetPanelFile@MPOptionsPreferencesMenu@@UAEXPAVPanelFile@@@Z	public: virtual void __thiscall MPOptionsPreferencesMenu::SetPanelFile(class PanelFile *)	
0x00732F30	?PanelFileUnloaded@MPOptionsPreferencesMenu@@UAEXPAVPanelFile@@@Z	public: virtual void __thiscall MPOptionsPreferencesMenu::PanelFileUnloaded(class PanelFile *)	
0x00732F50	?Draw@MPOptionsPreferencesMenu@@UAEXXZ	public: virtual void __thiscall MPOptionsPreferencesMenu::Draw(void)	
0x00732F80	?Update@MPOptionsPreferencesMenu@@UAEXM@Z	public: virtual void __thiscall MPOptionsPreferencesMenu::Update(float)	
0x00732F90	?SetOptions@MPOptionsPreferencesMenu@@AAEXXZ	private: void __thiscall MPOptionsPreferencesMenu::SetOptions(void)	
0x00733050	?SaveOptions@MPOptionsPreferencesMenu@@AAE_NXZ	private: bool __thiscall MPOptionsPreferencesMenu::SaveOptions(void)	
0x007331E0	?OnUp@MPOptionsPreferencesMenu@@UAEXH@Z	public: virtual void __thiscall MPOptionsPreferencesMenu::OnUp(int)	
0x00733280	?OnDown@MPOptionsPreferencesMenu@@UAEXH@Z	public: virtual void __thiscall MPOptionsPreferencesMenu::OnDown(int)	
0x00733320	?OnTriangle@MPOptionsPreferencesMenu@@UAEXH@Z	public: virtual void __thiscall MPOptionsPreferencesMenu::OnTriangle(int)	
0x00733350	?UpdateWidescreen@MPOptionsPreferencesMenu@@UAEX_N@Z	public: virtual void __thiscall MPOptionsPreferencesMenu::UpdateWidescreen(bool)	
0x00733390	?Me@MPProfileEditMenu@@SAPAV1@XZ	public: static class MPProfileEditMenu * __cdecl MPProfileEditMenu::Me(void)	
0x007333A0	?Draw@MPProfileEditMenu@@UAEXXZ	public: virtual void __thiscall MPProfileEditMenu::Draw(void)	
0x007333D0	?Update@MPProfileEditMenu@@UAEXM@Z	public: virtual void __thiscall MPProfileEditMenu::Update(float)	
0x00733400	?SetPanelFile@MPProfileEditMenu@@UAEXPAVPanelFile@@@Z	public: virtual void __thiscall MPProfileEditMenu::SetPanelFile(class PanelFile *)	
0x00733640	?PanelFileUnloaded@MPProfileEditMenu@@UAEXPAVPanelFile@@@Z	public: virtual void __thiscall MPProfileEditMenu::PanelFileUnloaded(class PanelFile *)	
0x00733670	?OnUp@MPProfileEditMenu@@UAEXH@Z	public: virtual void __thiscall MPProfileEditMenu::OnUp(int)	
0x007336F0	?OnDown@MPProfileEditMenu@@UAEXH@Z	public: virtual void __thiscall MPProfileEditMenu::OnDown(int)	
0x00733770	?OnTriangle@MPProfileEditMenu@@UAEXH@Z	public: virtual void __thiscall MPProfileEditMenu::OnTriangle(int)	
0x007337A0	?DialogResponseOk@MPProfileEditMenu@@SA_NH@Z	public: static bool __cdecl MPProfileEditMenu::DialogResponseOk(int)	
0x007337B0	?Select@MPProfileEditMenu@@UAEXH@Z	public: virtual void __thiscall MPProfileEditMenu::Select(int)	
0x00733820	?OnCross@MPProfileEditMenu@@UAEXH@Z	public: virtual void __thiscall MPProfileEditMenu::OnCross(int)	
0x00733890	?ButtonHeldAction@MPProfileEditMenu@@UAEXXZ	public: virtual void __thiscall MPProfileEditMenu::ButtonHeldAction(void)	
0x007338D0	?UpdateWidescreen@MPProfileEditMenu@@UAEX_N@Z	public: virtual void __thiscall MPProfileEditMenu::UpdateWidescreen(bool)	
0x00733910	?Me@MPProfileMainMenu@@SAPAV1@XZ	public: static class MPProfileMainMenu * __cdecl MPProfileMainMenu::Me(void)	
0x00733920	??0MPProfileMainMenu@@QAE@PAVFEMenuSystem@@@Z	public: __thiscall MPProfileMainMenu::MPProfileMainMenu(class FEMenuSystem *)	
0x007339D0	??1MPProfileMainMenu@@UAE@XZ	public: virtual __thiscall MPProfileMainMenu::~MPProfileMainMenu(void)	
0x00733A60	?Draw@MPProfileMainMenu@@UAEXXZ	public: virtual void __thiscall MPProfileMainMenu::Draw(void)	
0x00733A90	?ClearEntries@MPProfileMainMenu@@QAEXXZ	public: void __thiscall MPProfileMainMenu::ClearEntries(void)	
0x00733AF0	?LoadProfileData@MPProfileMainMenu@@SAXXZ	public: static void __cdecl MPProfileMainMenu::LoadProfileData(void)	
0x00733B20	?UpdateWidescreen@MPProfileMainMenu@@UAEX_N@Z	public: virtual void __thiscall MPProfileMainMenu::UpdateWidescreen(bool)	
0x00733B60	?SetPanelFile@MPProfileMainMenu@@UAEXPAVPanelFile@@@Z	public: virtual void __thiscall MPProfileMainMenu::SetPanelFile(class PanelFile *)	
0x00733D80	?OnCross@MPProfileMainMenu@@UAEXH@Z	public: virtual void __thiscall MPProfileMainMenu::OnCross(int)	
0x00733D90	?CreateProfile@MPProfileMainMenu@@QAEXXZ	public: void __thiscall MPProfileMainMenu::CreateProfile(void)	
0x00733DB0	?LoadProfilesDone@MPProfileMainMenu@@QAEXXZ	public: void __thiscall MPProfileMainMenu::LoadProfilesDone(void)	
0x00733EB0	?OnSelectionChange@MPProfileMainMenu@@AAEXXZ	private: void __thiscall MPProfileMainMenu::OnSelectionChange(void)	
0x007341E0	?OnUp@MPProfileMainMenu@@UAEXH@Z	public: virtual void __thiscall MPProfileMainMenu::OnUp(int)	
0x00734220	?ButtonHeldAction@MPProfileMainMenu@@UAEXXZ	public: virtual void __thiscall MPProfileMainMenu::ButtonHeldAction(void)	
0x00734250	?DialogResponseProfileLoadOk@MPProfileMainMenu@@SA_NH@Z	public: static bool __cdecl MPProfileMainMenu::DialogResponseProfileLoadOk(int)	
0x00734270	?DialogResponseProfileEdit@MPProfileMainMenu@@SA_NH@Z	public: static bool __cdecl MPProfileMainMenu::DialogResponseProfileEdit(int)	
0x00734280	?DialogResponseDeleteCancel@MPProfileMainMenu@@SA_NH@Z	public: static bool __cdecl MPProfileMainMenu::DialogResponseDeleteCancel(int)	
0x00734290	?DialogResponseSaveSuccess@MPProfileMainMenu@@SA_NH@Z	public: static bool __cdecl MPProfileMainMenu::DialogResponseSaveSuccess(int)	
0x007342B0	?DialogResponseDeleteSuccess@MPProfileMainMenu@@SA_NH@Z	public: static bool __cdecl MPProfileMainMenu::DialogResponseDeleteSuccess(int)	
0x007342D0	?DialogResponseNoMemCard@MPProfileMainMenu@@SA_NH@Z	public: static bool __cdecl MPProfileMainMenu::DialogResponseNoMemCard(int)	
0x007342E0	??0cBezier@kuju@@QAE@XZ	public: __thiscall kuju::cBezier::cBezier(void)	
0x007342F0	?reset@cBezier@kuju@@QAEXABVPosition3@math@@ABVDir3@4@01@Z	public: void __thiscall kuju::cBezier::reset(class math::Position3 const &,class math::Dir3 const &,class math::Position3 const &,class math::Dir3 const &)	
0x007343A0	?position@cBezier@kuju@@QBE?AVPosition3@math@@M@Z	public: class math::Position3 __thiscall kuju::cBezier::position(float)const 	
0x00734480	?speed@cBezier@kuju@@QBE?AVDir3@math@@M@Z	public: class math::Dir3 __thiscall kuju::cBezier::speed(float)const 	
0x00734560	?speed@cBezierTrajectoryInterpolator@kuju@@QBE?AVDir3@math@@M@Z	public: class math::Dir3 __thiscall kuju::cBezierTrajectoryInterpolator::speed(float)const 	
0x00734660	?ScoreForStat@PlayerStats@@YAHHH@Z	int __cdecl PlayerStats::ScoreForStat(int,int)	
0x007346D0	?TotalScoreForStats@PlayerStats@@YAHQAF@Z	int __cdecl PlayerStats::TotalScoreForStats(short * const)	
0x007347C0	?TotalScoreForSingleStat@PlayerStats@@YAHHH@Z	int __cdecl PlayerStats::TotalScoreForSingleStat(int,int)	
0x007347E0	?IsStatSpecificToAPlayerClass@PlayerStats@@YA_NH@Z	bool __cdecl PlayerStats::IsStatSpecificToAPlayerClass(int)	
0x00734850	?GetStatSpecificToAPlayerClass@PlayerStats@@YA?AW4EPlayerClass@@H@Z	enum EPlayerClass __cdecl PlayerStats::GetStatSpecificToAPlayerClass(int)	
0x007348B0	??1cVoiceManager@kvoicemanager@kuju@@UAE@XZ	public: virtual __thiscall kuju::kvoicemanager::cVoiceManager::~cVoiceManager(void)	
0x007348C0	?loadIRXModules@cVoiceManager@kvoicemanager@kuju@@QAEXXZ	public: void __thiscall kuju::kvoicemanager::cVoiceManager::loadIRXModules(void)	
0x007348D0	?setRemoteListeners@cVoiceManager@kvoicemanager@kuju@@QAEXAAVMPPlayerSet@@@Z	public: void __thiscall kuju::kvoicemanager::cVoiceManager::setRemoteListeners(class MPPlayerSet &)	
0x007348F0	?receiveVoiceData@cVoiceManager@kvoicemanager@kuju@@UAEXKPAEK@Z	public: virtual void __thiscall kuju::kvoicemanager::cVoiceManager::receiveVoiceData(unsigned long,unsigned char *,unsigned long)	
0x00734910	?startSystem@cVoiceManager@kvoicemanager@kuju@@AAEXXZ	private: void __thiscall kuju::kvoicemanager::cVoiceManager::startSystem(void)	
0x00734950	?stopSystem@cVoiceManager@kvoicemanager@kuju@@AAEXXZ	private: void __thiscall kuju::kvoicemanager::cVoiceManager::stopSystem(void)	
0x00734960	?startLoopback@cVoiceManager@kvoicemanager@kuju@@AAEXXZ	private: void __thiscall kuju::kvoicemanager::cVoiceManager::startLoopback(void)	
0x00734970	?stopLoopback@cVoiceManager@kvoicemanager@kuju@@AAEXXZ	private: void __thiscall kuju::kvoicemanager::cVoiceManager::stopLoopback(void)	
0x00734980	?updateLoopback@cVoiceManager@kvoicemanager@kuju@@AAEXXZ	private: void __thiscall kuju::kvoicemanager::cVoiceManager::updateLoopback(void)	
0x00734990	?getDiagnostics@cVoiceManager@kvoicemanager@kuju@@QAEXPAUsDiagnostics@123@ABVsTime@knet@3@@Z	public: void __thiscall kuju::kvoicemanager::cVoiceManager::getDiagnostics(struct kuju::kvoicemanager::cVoiceManager::sDiagnostics *,class kuju::knet::sTime const &)	
0x007349F0	?initialise@cVoiceNetworkManager@knetuser@kuju@@QAEXXZ	public: void __thiscall kuju::knetuser::cVoiceNetworkManager::initialise(void)	
0x00734C30	?deinitialise@cVoiceNetworkManager@knetuser@kuju@@QAEXXZ	public: void __thiscall kuju::knetuser::cVoiceNetworkManager::deinitialise(void)	
0x00734C40	?addPacket@cVoiceNetworkManager@knetuser@kuju@@AAEXPAUsVoicePacket@123@K@Z	private: void __thiscall kuju::knetuser::cVoiceNetworkManager::addPacket(struct kuju::knetuser::cVoiceNetworkManager::sVoicePacket *,unsigned long)	
0x00734D50	?seqIDInList@cVoiceNetworkManager@knetuser@kuju@@AAEIKK@Z	private: unsigned int __thiscall kuju::knetuser::cVoiceNetworkManager::seqIDInList(unsigned long,unsigned long)	
0x00734D90	?flushFirstPacketInList@cVoiceNetworkManager@knetuser@kuju@@AAEXKI@Z	private: void __thiscall kuju::knetuser::cVoiceNetworkManager::flushFirstPacketInList(unsigned long,unsigned int)	
0x00734EC0	?check_for_looped@cVoiceNetworkManager@knetuser@kuju@@QAEXXZ	public: void __thiscall kuju::knetuser::cVoiceNetworkManager::check_for_looped(void)	
0x00734FA0	?addVoicePendingDispatchPacket@cVoiceNetworkManager@knetuser@kuju@@AAEXPAUsVoicePendingDispatchPacket@123@@Z	private: void __thiscall kuju::knetuser::cVoiceNetworkManager::addVoicePendingDispatchPacket(struct kuju::knetuser::cVoiceNetworkManager::sVoicePendingDispatchPacket *)	
0x00735080	?discardVoicePendingDispatchPacket@cVoiceNetworkManager@knetuser@kuju@@AAEXPAUsVoicePendingDispatchPacket@123@@Z	private: void __thiscall kuju::knetuser::cVoiceNetworkManager::discardVoicePendingDispatchPacket(struct kuju::knetuser::cVoiceNetworkManager::sVoicePendingDispatchPacket *)	
0x00735250	?checkForPendingPacketsAwaitingHandling@cVoiceNetworkManager@knetuser@kuju@@AAEXABVsTime@knet@3@@Z	private: void __thiscall kuju::knetuser::cVoiceNetworkManager::checkForPendingPacketsAwaitingHandling(class kuju::knet::sTime const &)	
0x007352C0	?determineClosestDestination@cVoiceNetworkManager@knetuser@kuju@@AAEXPAUsVoicePendingDispatchPacket@123@AAEAAM@Z	private: void __thiscall kuju::knetuser::cVoiceNetworkManager::determineClosestDestination(struct kuju::knetuser::cVoiceNetworkManager::sVoicePendingDispatchPacket *,unsigned char &,float &)	
0x00735400	?getRoutePlayerContiguous@cVoiceNetworkManager@knetuser@kuju@@AAEEEEE@Z	private: unsigned char __thiscall kuju::knetuser::cVoiceNetworkManager::getRoutePlayerContiguous(unsigned char,unsigned char,unsigned char)	
0x007355E0	?getDiagnostics@cVoiceNetworkManager@knetuser@kuju@@QAEXPAUsDiagnostics@123@ABVsTime@knet@3@@Z	public: void __thiscall kuju::knetuser::cVoiceNetworkManager::getDiagnostics(struct kuju::knetuser::cVoiceNetworkManager::sDiagnostics *,class kuju::knet::sTime const &)	
0x007357F0	?GetLocalPlayerId@MultiplayerMgr@@QBEHH@Z	public: int __thiscall MultiplayerMgr::GetLocalPlayerId(int)const 	
0x00735880	?IsHost@MultiplayerMgr@@QAE_NXZ	public: bool __thiscall MultiplayerMgr::IsHost(void)	
0x007358A0	?IsLocalClientHost@MultiplayerMgr@@QAE_NH@Z	public: bool __thiscall MultiplayerMgr::IsLocalClientHost(int)	
0x007358E0	?AddVehicle@MultiplayerMgr@@QAEXPAVEntity@@@Z	public: void __thiscall MultiplayerMgr::AddVehicle(class Entity *)	
0x00735990	?IsVoteOngoing@MultiplayerMgr@@QAE_NXZ	public: bool __thiscall MultiplayerMgr::IsVoteOngoing(void)	
0x007359C0	?DropHotJoiningPlayers@MultiplayerMgr@@QAEXXZ	public: void __thiscall MultiplayerMgr::DropHotJoiningPlayers(void)	
0x00735A00	?ConnectToSession@MPPeer@@QAEXV?$bdReference@VbdCommonAddr@@@@ABUXNKID@@ABUXNKEY@@@Z	public: void __thiscall MPPeer::ConnectToSession(class bdReference<class bdCommonAddr>,struct XNKID const &,struct XNKEY const &)	
0x00735A70	?GetConnectionByIndex@MPPeer@@QAE?AV?$bdReference@VbdConnection@@@@I@Z	public: class bdReference<class bdConnection> __thiscall MPPeer::GetConnectionByIndex(unsigned int)	
0x00735AA0	?IsLocalPlayer@MPPeer@@QAE_NPAVEntity@@@Z	public: bool __thiscall MPPeer::IsLocalPlayer(class Entity *)	
0x00735AB0	?onSessionJoinRefused@MPPeer@@EAEXV?$bdReference@VbdBitBuffer@@@@@Z	private: virtual void __thiscall MPPeer::onSessionJoinRefused(class bdReference<class bdBitBuffer>)	
0x00735B80	?UpdateQosProbe@MPPeer@@QAEXV?$bdReference@VbdCommonAddr@@@@_NM@Z	public: void __thiscall MPPeer::UpdateQosProbe(class bdReference<class bdCommonAddr>,bool,float)	
0x00735BF0	?onQoSProbeSuccess@MPPeer@@EAEXABVbdQoSProbeInfo@@@Z	private: virtual void __thiscall MPPeer::onQoSProbeSuccess(class bdQoSProbeInfo const &)	
0x00735C40	?onQoSProbeFail@MPPeer@@EAEXV?$bdReference@VbdCommonAddr@@@@@Z	private: virtual void __thiscall MPPeer::onQoSProbeFail(class bdReference<class bdCommonAddr>)	
0x00735CC0	?FindActiveQosProbe@MPPeer@@QAEHV?$bdReference@VbdCommonAddr@@@@ABUXNKID@@ABUXNKEY@@@Z	public: int __thiscall MPPeer::FindActiveQosProbe(class bdReference<class bdCommonAddr>,struct XNKID const &,struct XNKEY const &)	
0x00735DE0	?onSessionDisconnect@MPPeer@@EAEXV?$bdReference@VbdConnection@@@@@Z	private: virtual void __thiscall MPPeer::onSessionDisconnect(class bdReference<class bdConnection>)	
0x00735E50	??0MPLanDiscovery@@QAE@XZ	public: __thiscall MPLanDiscovery::MPLanDiscovery(void)	
0x00735EE0	??1MPLanDiscovery@@UAE@XZ	public: virtual __thiscall MPLanDiscovery::~MPLanDiscovery(void)	
0x00735F60	?onDiscovery@MPLanDiscovery@@MAEXV?$bdReference@VbdGameInfo@@@@@Z	protected: virtual void __thiscall MPLanDiscovery::onDiscovery(class bdReference<class bdGameInfo>)	
0x00735FF0	?IsValid@MPPlayer@@QBE_NXZ	public: bool __thiscall MPPlayer::IsValid(void)const 	
0x00736010	?IsConnected@MPPlayer@@QBE_NXZ	public: bool __thiscall MPPlayer::IsConnected(void)const 	
0x00736030	?IsLocalPlayer@MPPlayer@@QBE_NXZ	public: bool __thiscall MPPlayer::IsLocalPlayer(void)const 	
0x007360E0	?SetInvalid@MPPlayer@@QAEXXZ	public: void __thiscall MPPlayer::SetInvalid(void)	
0x00736110	?SetConnection@MPPlayer@@QAEXV?$bdReference@VbdConnection@@@@@Z	public: void __thiscall MPPlayer::SetConnection(class bdReference<class bdConnection>)	
0x00736190	?GetConnection@MPPlayer@@QBE?AV?$bdReference@VbdConnection@@@@XZ	public: class bdReference<class bdConnection> __thiscall MPPlayer::GetConnection(void)const 	
0x007361B0	?AnimEvent@MPPlayer@@QAEXHHH@Z	public: void __thiscall MPPlayer::AnimEvent(int,int,int)	
0x00736380	?AnimEventSpecial@MPPlayer@@QAEXH@Z	public: void __thiscall MPPlayer::AnimEventSpecial(int)	
0x00736470	?HandleFootstepSounds@MPPlayer@@IAEXXZ	protected: void __thiscall MPPlayer::HandleFootstepSounds(void)	
0x007365F0	?SetAngles@MPPlayer@@QAEXQBM@Z	public: void __thiscall MPPlayer::SetAngles(float const * const)	
0x00736670	?DebugRender@MPPlayer@@QAEXXZ	public: void __thiscall MPPlayer::DebugRender(void)	
0x00736EC0	?SetInvalid@MPVehicle@@QAEXXZ	public: void __thiscall MPVehicle::SetInvalid(void)	
0x00736EE0	?IsPhysicsPaused@MPVehicle@@QBE_NXZ	public: bool __thiscall MPVehicle::IsPhysicsPaused(void)const 	
0x00736F10	?UpdateFromLocalVehicle@MPVehicle@@QAEXXZ	public: void __thiscall MPVehicle::UpdateFromLocalVehicle(void)	
0x00737030	?GetOutOfVehicle@MPVehicle@@QAEXPAVMPPlayer@@H_N@Z	public: void __thiscall MPVehicle::GetOutOfVehicle(class MPPlayer *,int,bool)	
0x00737210	?RespawnVehicle@MPVehicle@@QAEXXZ	public: void __thiscall MPVehicle::RespawnVehicle(void)	
0x00737290	?RelinkOccupant@MPVehicle@@QAEXPAVMPPlayer@@@Z	public: void __thiscall MPVehicle::RelinkOccupant(class MPPlayer *)	
0x007373F0	?AddLocalPlayer@MPPlayerManager@@QAEXH@Z	public: void __thiscall MPPlayerManager::AddLocalPlayer(int)	
0x007375E0	?GetPlayer@MPPlayerManager@@QAEPAVMPPlayer@@E@Z	public: class MPPlayer * __thiscall MPPlayerManager::GetPlayer(unsigned char)	
0x007376B0	?GetPlayer@MPPlayerManager@@QAEPAVMPPlayer@@QBVEntity@@@Z	public: class MPPlayer * __thiscall MPPlayerManager::GetPlayer(class Entity const * const)	
0x00737770	?GetPlayer@MPPlayerManager@@QAEPAVMPPlayer@@V?$bdReference@VbdConnection@@@@@Z	public: class MPPlayer * __thiscall MPPlayerManager::GetPlayer(class bdReference<class bdConnection>)	
0x00737830	?GetPlayerIndex@MPPlayerManager@@QAEHQBVEntity@@@Z	public: int __thiscall MPPlayerManager::GetPlayerIndex(class Entity const * const)	
0x007378D0	?GetPlayerInfo@MPPlayerManager@@QAEIPAD@Z	public: unsigned int __thiscall MPPlayerManager::GetPlayerInfo(char *)	
0x00737930	?SendAll@MPPlayerManager@@QAEXV?$bdReference@VbdMessage@@@@_N1@Z	public: void __thiscall MPPlayerManager::SendAll(class bdReference<class bdMessage>,bool,bool)	
0x007379F0	?CountOtherEnemiesInRange@MPPlayerManager@@QAEHPBVMPPlayer@@H@Z	public: int __thiscall MPPlayerManager::CountOtherEnemiesInRange(class MPPlayer const *,int)	
0x00737B90	?SendHost@MPPlayerManager@@QAE_NV?$bdReference@VbdMessage@@@@_N@Z	public: bool __thiscall MPPlayerManager::SendHost(class bdReference<class bdMessage>,bool)	
0x00737C20	?SendPlayer@MPPlayerManager@@QAEXPBVMPPlayer@@V?$bdReference@VbdMessage@@@@_N@Z	public: void __thiscall MPPlayerManager::SendPlayer(class MPPlayer const *,class bdReference<class bdMessage>,bool)	
0x00737DA0	?acceptSession@MPPlayerManager@@EAE_NABVbdReceivedMessage@@@Z	private: virtual bool __thiscall MPPlayerManager::acceptSession(class bdReceivedMessage const &)	
0x007380C0	?DispatchBufferedMessages@MPPlayerManager@@QAEXXZ	public: void __thiscall MPPlayerManager::DispatchBufferedMessages(void)	
0x007381B0	?FlushBufferedMessages@MPPlayerManager@@QAEXV?$bdReference@VbdConnection@@@@@Z	public: void __thiscall MPPlayerManager::FlushBufferedMessages(class bdReference<class bdConnection>)	
0x007383C0	?onSessionConnectRequest@MPPlayerManager@@EAE_NV?$bdReference@VbdBitBuffer@@@@QAVbdBitBuffer@@@Z	private: virtual bool __thiscall MPPlayerManager::onSessionConnectRequest(class bdReference<class bdBitBuffer>,class bdBitBuffer * const)	
0x007383F0	?RemovePlayerFromSession@MPPlayerManager@@QAEXPAVMPPlayer@@@Z	public: void __thiscall MPPlayerManager::RemovePlayerFromSession(class MPPlayer *)	
0x00738440	?SendCallVote@MPPlayerManager@@AAEXQAVMPPlayer@@@Z	private: void __thiscall MPPlayerManager::SendCallVote(class MPPlayer * const)	
0x00738680	?HandleAARMapVoteRequest@MPPlayerManager@@AAEXABVbdReceivedMessage@@@Z	private: void __thiscall MPPlayerManager::HandleAARMapVoteRequest(class bdReceivedMessage const &)	
0x00738860	?HandleAARGameModeVoteRequest@MPPlayerManager@@AAEXABVbdReceivedMessage@@@Z	private: void __thiscall MPPlayerManager::HandleAARGameModeVoteRequest(class bdReceivedMessage const &)	
0x00738A40	?HandleVoteEnded@MPPlayerManager@@AAEXABVbdReceivedMessage@@@Z	private: void __thiscall MPPlayerManager::HandleVoteEnded(class bdReceivedMessage const &)	
0x00738B90	?HandleSessionID@MPPlayerManager@@AAEXABVbdReceivedMessage@@@Z	private: void __thiscall MPPlayerManager::HandleSessionID(class bdReceivedMessage const &)	
0x00738C60	?HandleVoiceCommUpdate@MPPlayerManager@@AAEXABVbdReceivedMessage@@@Z	private: void __thiscall MPPlayerManager::HandleVoiceCommUpdate(class bdReceivedMessage const &)	
0x00738DD0	?HandleJoinableFlag@MPPlayerManager@@AAEXABVbdReceivedMessage@@@Z	private: void __thiscall MPPlayerManager::HandleJoinableFlag(class bdReceivedMessage const &)	
0x00738EC0	?HandleSDHostBombRequest@MPPlayerManager@@AAEXABVbdReceivedMessage@@@Z	private: void __thiscall MPPlayerManager::HandleSDHostBombRequest(class bdReceivedMessage const &)	
0x00739000	?HandleSDBombOperationEvent@MPPlayerManager@@AAEXABVbdReceivedMessage@@@Z	private: void __thiscall MPPlayerManager::HandleSDBombOperationEvent(class bdReceivedMessage const &)	
0x00739160	?HandleSDBombExplosion@MPPlayerManager@@AAEXABVbdReceivedMessage@@@Z	private: void __thiscall MPPlayerManager::HandleSDBombExplosion(class bdReceivedMessage const &)	
0x00739260	?HandleWeaponChange@MPPlayerManager@@AAEXABVbdReceivedMessage@@@Z	private: void __thiscall MPPlayerManager::HandleWeaponChange(class bdReceivedMessage const &)	
0x00739350	?HandleAreaCaptured@MPPlayerManager@@AAEXABVbdReceivedMessage@@@Z	private: void __thiscall MPPlayerManager::HandleAreaCaptured(class bdReceivedMessage const &)	
0x007394A0	?ResetVehicleEventSequenceIds@MPPlayerManager@@QAEXXZ	public: void __thiscall MPPlayerManager::ResetVehicleEventSequenceIds(void)	
0x00739510	?VehicleEventProcessEvent@MPPlayerManager@@AAE_NPAUMPVehicleEvent@@@Z	private: bool __thiscall MPPlayerManager::VehicleEventProcessEvent(struct MPVehicleEvent *)	
0x007397A0	?VehicleEventProcessAllEvents@MPPlayerManager@@AAEXXZ	private: void __thiscall MPPlayerManager::VehicleEventProcessAllEvents(void)	
0x007397E0	?HandleGameState@MPPlayerManager@@AAEXABVbdReceivedMessage@@@Z	private: void __thiscall MPPlayerManager::HandleGameState(class bdReceivedMessage const &)	
0x00739A90	?HandleGameScore@MPPlayerManager@@AAEXABVbdReceivedMessage@@@Z	private: void __thiscall MPPlayerManager::HandleGameScore(class bdReceivedMessage const &)	
0x00739BC0	?HandleGameStateDOM@MPPlayerManager@@AAEXABVbdReceivedMessage@@@Z	private: void __thiscall MPPlayerManager::HandleGameStateDOM(class bdReceivedMessage const &)	
0x00739D60	?HandleVoiceData@MPPlayerManager@@AAEXABVbdReceivedMessage@@@Z	private: void __thiscall MPPlayerManager::HandleVoiceData(class bdReceivedMessage const &)	
0x00739E90	?HandleMute@MPPlayerManager@@AAEXABVbdReceivedMessage@@@Z	private: void __thiscall MPPlayerManager::HandleMute(class bdReceivedMessage const &)	
0x00739FA0	?ClientConnect@MPPlayerManager@@AAEXQAVMPPlayer@@QBM1@Z	private: void __thiscall MPPlayerManager::ClientConnect(class MPPlayer * const,float const * const,float const * const)	
0x0073A370	?ClientDisconnect@MPPlayerManager@@AAEXQAVMPPlayer@@_N@Z	private: void __thiscall MPPlayerManager::ClientDisconnect(class MPPlayer * const,bool)	
0x0073A4B0	?allPlayers@MPPlayerManager@@QAE?AVMPPlayerSet@@XZ	public: class MPPlayerSet __thiscall MPPlayerManager::allPlayers(void)	
0x0073A590	?allPlayersButMe@MPPlayerManager@@QAE?AVMPPlayerSet@@H@Z	public: class MPPlayerSet __thiscall MPPlayerManager::allPlayersButMe(int)	
0x0073A650	?allPlayersButLocal@MPPlayerManager@@QAE?AVMPPlayerSet@@XZ	public: class MPPlayerSet __thiscall MPPlayerManager::allPlayersButLocal(void)	
0x0073A700	?Send@MPPlayerManager@@QAEXV?$bdReference@VbdMessage@@@@VMPPlayerSet@@_N@Z	public: void __thiscall MPPlayerManager::Send(class bdReference<class bdMessage>,class MPPlayerSet,bool)	
0x0073A880	?SerializeGameState@MPPlayerManager@@QAEXV?$bdReference@VbdBitBuffer@@@@@Z	public: void __thiscall MPPlayerManager::SerializeGameState(class bdReference<class bdBitBuffer>)	
0x0073A8A0	?DeserializeGameState@MPPlayerManager@@QAEXV?$bdReference@VbdBitBuffer@@@@@Z	public: void __thiscall MPPlayerManager::DeserializeGameState(class bdReference<class bdBitBuffer>)	
0x0073A8C0	?LocalPlayerExitGame@MPPlayerManager@@QAEXXZ	public: void __thiscall MPPlayerManager::LocalPlayerExitGame(void)	
0x0073A980	?GetCurrentPlayerCount@MPPlayerManager@@QAEHXZ	public: int __thiscall MPPlayerManager::GetCurrentPlayerCount(void)	
0x0073A9F0	?HandleRequestPlayerState@MPPlayerManager@@AAEXABVbdReceivedMessage@@@Z	private: void __thiscall MPPlayerManager::HandleRequestPlayerState(class bdReceivedMessage const &)	
0x0073AA30	?WritePosition@MPUtility@@YAXV?$bdReference@VbdBitBuffer@@@@QBM@Z	void __cdecl MPUtility::WritePosition(class bdReference<class bdBitBuffer>,float const * const)	
0x0073AAE0	?WritePositionDelta@MPUtility@@YAXV?$bdReference@VbdBitBuffer@@@@MM@Z	void __cdecl MPUtility::WritePositionDelta(class bdReference<class bdBitBuffer>,float,float)	
0x0073AB50	?ReadPositionDelta@MPUtility@@YA_NV?$bdReference@VbdBitBuffer@@@@MAAM@Z	bool __cdecl MPUtility::ReadPositionDelta(class bdReference<class bdBitBuffer>,float,float &)	
0x0073ABF0	?WritePosition@MPUtility@@YAXV?$bdReference@VbdBitBuffer@@@@ABVPosition3@math@@@Z	void __cdecl MPUtility::WritePosition(class bdReference<class bdBitBuffer>,class math::Position3 const &)	
0x0073ACA0	?ReadPosition@MPUtility@@YA_NV?$bdReference@VbdBitBuffer@@@@QAM@Z	bool __cdecl MPUtility::ReadPosition(class bdReference<class bdBitBuffer>,float * const)	
0x0073AD70	?WriteSnappedPosition@MPUtility@@YAXV?$bdReference@VbdBitBuffer@@@@QBM@Z	void __cdecl MPUtility::WriteSnappedPosition(class bdReference<class bdBitBuffer>,float const * const)	
0x0073AE10	?WriteSnappedPosition@MPUtility@@YAXV?$bdReference@VbdBitBuffer@@@@ABVPosition3@math@@@Z	void __cdecl MPUtility::WriteSnappedPosition(class bdReference<class bdBitBuffer>,class math::Position3 const &)	
0x0073AEB0	?ReadSnappedPosition@MPUtility@@YA_NV?$bdReference@VbdBitBuffer@@@@QAM@Z	bool __cdecl MPUtility::ReadSnappedPosition(class bdReference<class bdBitBuffer>,float * const)	
0x0073AFB0	?WriteNormal@MPUtility@@YAXV?$bdReference@VbdBitBuffer@@@@QBM@Z	void __cdecl MPUtility::WriteNormal(class bdReference<class bdBitBuffer>,float const * const)	
0x0073B020	?WriteNormal@MPUtility@@YAXV?$bdReference@VbdBitBuffer@@@@ABVDir3@math@@@Z	void __cdecl MPUtility::WriteNormal(class bdReference<class bdBitBuffer>,class math::Dir3 const &)	
0x0073B090	?ReadNormal@MPUtility@@YA_NV?$bdReference@VbdBitBuffer@@@@QAM@Z	bool __cdecl MPUtility::ReadNormal(class bdReference<class bdBitBuffer>,float * const)	
0x0073B120	?WriteAngles@MPUtility@@YAXV?$bdReference@VbdBitBuffer@@@@QBM@Z	void __cdecl MPUtility::WriteAngles(class bdReference<class bdBitBuffer>,float const * const)	
0x0073B1F0	?WriteAngles@MPUtility@@YAXV?$bdReference@VbdBitBuffer@@@@ABVDir3@math@@@Z	void __cdecl MPUtility::WriteAngles(class bdReference<class bdBitBuffer>,class math::Dir3 const &)	
0x0073B2C0	?ReadAngles@MPUtility@@YA_NV?$bdReference@VbdBitBuffer@@@@QAM@Z	bool __cdecl MPUtility::ReadAngles(class bdReference<class bdBitBuffer>,float * const)	
0x0073B400	?WriteVector@MPUtility@@YAXV?$bdReference@VbdBitBuffer@@@@QBM@Z	void __cdecl MPUtility::WriteVector(class bdReference<class bdBitBuffer>,float const * const)	
0x0073B4D0	?ReadVector@MPUtility@@YA_NV?$bdReference@VbdBitBuffer@@@@QAM@Z	bool __cdecl MPUtility::ReadVector(class bdReference<class bdBitBuffer>,float * const)	
0x0073B600	?WriteCompressedVector@MPUtility@@YAXV?$bdReference@VbdBitBuffer@@@@QBM@Z	void __cdecl MPUtility::WriteCompressedVector(class bdReference<class bdBitBuffer>,float const * const)	
0x0073B770	?ReadCompressedVector@MPUtility@@YA_NV?$bdReference@VbdBitBuffer@@@@QAM@Z	bool __cdecl MPUtility::ReadCompressedVector(class bdReference<class bdBitBuffer>,float * const)	
0x0073B930	?WriteAnglesYawPitch@MPUtility@@YAXV?$bdReference@VbdBitBuffer@@@@QBM@Z	void __cdecl MPUtility::WriteAnglesYawPitch(class bdReference<class bdBitBuffer>,float const * const)	
0x0073B9E0	?WriteAnglesYawPitch@MPUtility@@YAXV?$bdReference@VbdBitBuffer@@@@ABVDir3@math@@@Z	void __cdecl MPUtility::WriteAnglesYawPitch(class bdReference<class bdBitBuffer>,class math::Dir3 const &)	
0x0073BA90	?ReadAnglesYawPitch@MPUtility@@YA_NV?$bdReference@VbdBitBuffer@@@@QAM@Z	bool __cdecl MPUtility::ReadAnglesYawPitch(class bdReference<class bdBitBuffer>,float * const)	
0x0073BB90	?WriteAngle@MPUtility@@YAXV?$bdReference@VbdBitBuffer@@@@M@Z	void __cdecl MPUtility::WriteAngle(class bdReference<class bdBitBuffer>,float)	
0x0073BC10	?ReadAngle@MPUtility@@YA_NV?$bdReference@VbdBitBuffer@@@@AAM@Z	bool __cdecl MPUtility::ReadAngle(class bdReference<class bdBitBuffer>,float &)	
0x0073BCB0	?WriteEntityHandle@MPUtility@@YAXV?$bdReference@VbdBitBuffer@@@@VMPEntityHandle@@@Z	void __cdecl MPUtility::WriteEntityHandle(class bdReference<class bdBitBuffer>,class MPEntityHandle)	
0x0073BD20	?ReadEntityHandle@MPUtility@@YA_NV?$bdReference@VbdBitBuffer@@@@AAVMPEntityHandle@@@Z	bool __cdecl MPUtility::ReadEntityHandle(class bdReference<class bdBitBuffer>,class MPEntityHandle &)	
0x0073BDB0	?WritePlayerId@MPUtility@@YAXV?$bdReference@VbdBitBuffer@@@@E@Z	void __cdecl MPUtility::WritePlayerId(class bdReference<class bdBitBuffer>,unsigned char)	
0x0073BE10	?ReadPlayerId@MPUtility@@YA_NV?$bdReference@VbdBitBuffer@@@@AAE@Z	bool __cdecl MPUtility::ReadPlayerId(class bdReference<class bdBitBuffer>,unsigned char &)	
0x0073BE90	?WriteVehicleId@MPUtility@@YAXV?$bdReference@VbdBitBuffer@@@@E@Z	void __cdecl MPUtility::WriteVehicleId(class bdReference<class bdBitBuffer>,unsigned char)	
0x0073BEF0	?ReadSeatIndex@MPUtility@@YA_NV?$bdReference@VbdBitBuffer@@@@AAH@Z	bool __cdecl MPUtility::ReadSeatIndex(class bdReference<class bdBitBuffer>,int &)	
0x0073BF70	?WriteSeatIndex@MPUtility@@YAXV?$bdReference@VbdBitBuffer@@@@H@Z	void __cdecl MPUtility::WriteSeatIndex(class bdReference<class bdBitBuffer>,int)	
0x0073BFD0	?ReadEntryPoint@MPUtility@@YA_NV?$bdReference@VbdBitBuffer@@@@AAH@Z	bool __cdecl MPUtility::ReadEntryPoint(class bdReference<class bdBitBuffer>,int &)	
0x0073C050	?WriteEntryPoint@MPUtility@@YAXV?$bdReference@VbdBitBuffer@@@@H@Z	void __cdecl MPUtility::WriteEntryPoint(class bdReference<class bdBitBuffer>,int)	
0x0073C0B0	?ReadVehicleId@MPUtility@@YA_NV?$bdReference@VbdBitBuffer@@@@AAE@Z	bool __cdecl MPUtility::ReadVehicleId(class bdReference<class bdBitBuffer>,unsigned char &)	
0x0073C130	?WritePlayerClass@MPUtility@@YAXV?$bdReference@VbdBitBuffer@@@@H@Z	void __cdecl MPUtility::WritePlayerClass(class bdReference<class bdBitBuffer>,int)	
0x0073C190	?ReadPlayerClass@MPUtility@@YA_NV?$bdReference@VbdBitBuffer@@@@AAH@Z	bool __cdecl MPUtility::ReadPlayerClass(class bdReference<class bdBitBuffer>,int &)	
0x0073C200	?WritePlayerTeam@MPUtility@@YAXV?$bdReference@VbdBitBuffer@@@@W4team_t@@@Z	void __cdecl MPUtility::WritePlayerTeam(class bdReference<class bdBitBuffer>,enum team_t)	
0x0073C280	?ReadPlayerTeam@MPUtility@@YA_NV?$bdReference@VbdBitBuffer@@@@AAW4team_t@@@Z	bool __cdecl MPUtility::ReadPlayerTeam(class bdReference<class bdBitBuffer>,enum team_t &)	
0x0073C320	?WritePlayerData@MPUtility@@YAXV?$bdReference@VbdBitBuffer@@@@ABUPlayerData@1@@Z	void __cdecl MPUtility::WritePlayerData(class bdReference<class bdBitBuffer>,struct MPUtility::PlayerData const &)	
0x0073C540	?ReadPlayerData@MPUtility@@YA_NV?$bdReference@VbdBitBuffer@@@@AAUPlayerData@1@@Z	bool __cdecl MPUtility::ReadPlayerData(class bdReference<class bdBitBuffer>,struct MPUtility::PlayerData &)	
0x0073C7C0	?WriteUserCmd@MPUtility@@YAXV?$bdReference@VbdBitBuffer@@@@ABUusercmd_s@@@Z	void __cdecl MPUtility::WriteUserCmd(class bdReference<class bdBitBuffer>,struct usercmd_s const &)	
0x0073C8F0	?ReadUserCmd@MPUtility@@YA_NV?$bdReference@VbdBitBuffer@@@@AAUusercmd_s@@@Z	bool __cdecl MPUtility::ReadUserCmd(class bdReference<class bdBitBuffer>,struct usercmd_s &)	
0x0073CB40	?Serialize@sServerCreateParams@@QAEXV?$bdReference@VbdBitBuffer@@@@@Z	public: void __thiscall sServerCreateParams::Serialize(class bdReference<class bdBitBuffer>)	
0x0073CD60	?Deserialize@sServerCreateParams@@QAEXV?$bdReference@VbdBitBuffer@@@@@Z	public: void __thiscall sServerCreateParams::Deserialize(class bdReference<class bdBitBuffer>)	
0x0073D000	?SetupCvars@MPUIInterface@@SAX_N@Z	public: static void __cdecl MPUIInterface::SetupCvars(bool)	
0x0073D0F0	?GetDefaultOption@MPUIInterface@@SA?BHW4eSetting@1@W4eGameType@@@Z	public: static int const __cdecl MPUIInterface::GetDefaultOption(enum MPUIInterface::eSetting,enum eGameType)	
0x0073D430	?GetMaxPlayersOptionFromMap@MPUIInterface@@SA?BHD@Z	public: static int const __cdecl MPUIInterface::GetMaxPlayersOptionFromMap(char)	
0x0073D4B0	?LoadMap@MPUIInterface@@SAXH_N0@Z	public: static void __cdecl MPUIInterface::LoadMap(int,bool,bool)	
0x0073D6C0	?ResolveVote@MPUIInterface@@SAXXZ	public: static void __cdecl MPUIInterface::ResolveVote(void)	
0x0073D9A0	??0MPGameInfo@@QAE@XZ	public: __thiscall MPGameInfo::MPGameInfo(void)	
0x0073DA50	??0MPGameInfo@@QAE@IABUXNKID@@ABUXNKEY@@V?$bdReference@VbdCommonAddr@@@@@Z	public: __thiscall MPGameInfo::MPGameInfo(unsigned int,struct XNKID const &,struct XNKEY const &,class bdReference<class bdCommonAddr>)	
0x0073DAD0	??0MPGameInfo@@QAE@IV?$bdReference@VbdCommonAddr@@@@EEEE@Z	public: __thiscall MPGameInfo::MPGameInfo(unsigned int,class bdReference<class bdCommonAddr>,unsigned char,unsigned char,unsigned char,unsigned char)	
0x0073DB90	??0MPGameInfo@@QAE@IV?$bdReference@VbdCommonAddr@@@@UXNKID@@UXNKEY@@EEEE@Z	public: __thiscall MPGameInfo::MPGameInfo(unsigned int,class bdReference<class bdCommonAddr>,struct XNKID,struct XNKEY,unsigned char,unsigned char,unsigned char,unsigned char)	
0x0073DC30	?serialize@MPGameInfo@@UBEXAAVbdBitBuffer@@@Z	public: virtual void __thiscall MPGameInfo::serialize(class bdBitBuffer &)const 	
0x0073DDE0	?deserialize@MPGameInfo@@UAE_NV?$bdReference@VbdCommonAddr@@@@AAVbdBitBuffer@@@Z	public: virtual bool __thiscall MPGameInfo::deserialize(class bdReference<class bdCommonAddr>,class bdBitBuffer &)	
0x0073DFF0	??8MPGameInfo@@QBE_NABV0@@Z	public: bool __thiscall MPGameInfo::operator==(class MPGameInfo const &)const 	
0x0073E0D0	?OnActivate@MPOptionsSoundMenu@@UAEXXZ	public: virtual void __thiscall MPOptionsSoundMenu::OnActivate(void)	
0x0073E140	?AdjustOptions@MPOptionsSoundMenu@@AAEX_N@Z	private: void __thiscall MPOptionsSoundMenu::AdjustOptions(bool)	
0x0073E200	?OnTriangle@MPOptionsSoundMenu@@UAEXH@Z	public: virtual void __thiscall MPOptionsSoundMenu::OnTriangle(int)	
0x0073E230	?OnActivate@MPOptionsControlsMenu@@UAEXH@Z	public: virtual void __thiscall MPOptionsControlsMenu::OnActivate(int)	
0x0073E340	?OnTriangle@MPOptionsControlsMenu@@UAEXH@Z	public: virtual void __thiscall MPOptionsControlsMenu::OnTriangle(int)	
0x0073E370	?Select@MPOptionsControlsMenu@@UAEXH@Z	public: virtual void __thiscall MPOptionsControlsMenu::Select(int)	
0x0073E3C0	?OnCross@MPOptionsControlsMenu@@UAEXH@Z	public: virtual void __thiscall MPOptionsControlsMenu::OnCross(int)	
0x0073E400	?OnActivate@MPOptionsGameplayMenu@@UAEXXZ	public: virtual void __thiscall MPOptionsGameplayMenu::OnActivate(void)	
0x0073E4B0	?OnTriangle@MPOptionsGameplayMenu@@UAEXH@Z	public: virtual void __thiscall MPOptionsGameplayMenu::OnTriangle(int)	
0x0073E4E0	?OnActivate@MPOptionsPreferencesMenu@@UAEXXZ	public: virtual void __thiscall MPOptionsPreferencesMenu::OnActivate(void)	
0x0073E650	?OnActivate@MPProfileEditMenu@@UAEXH@Z	public: virtual void __thiscall MPProfileEditMenu::OnActivate(int)	
0x0073E7C0	?OnActivate@MPProfileMainMenu@@UAEXH@Z	public: virtual void __thiscall MPProfileMainMenu::OnActivate(int)	
0x0073E7F0	?DialogDisplayProfileLoadSuccess@MPProfileMainMenu@@SAXH@Z	public: static void __cdecl MPProfileMainMenu::DialogDisplayProfileLoadSuccess(int)	
0x0073E8D0	?DialogDisplayLoading@MPProfileMainMenu@@QAEXXZ	public: void __thiscall MPProfileMainMenu::DialogDisplayLoading(void)	
0x0073E960	?DialogDisplaySaving@MPProfileMainMenu@@QAEXXZ	public: void __thiscall MPProfileMainMenu::DialogDisplaySaving(void)	
0x0073E9F0	?DialogDisplayDeleting@MPProfileMainMenu@@QAEXXZ	public: void __thiscall MPProfileMainMenu::DialogDisplayDeleting(void)	
0x0073EA80	?DialogDisplaySaveSuccess@MPProfileMainMenu@@QAEXXZ	public: void __thiscall MPProfileMainMenu::DialogDisplaySaveSuccess(void)	
0x0073EB60	?DialogDisplayDeleteSuccess@MPProfileMainMenu@@QAEXXZ	public: void __thiscall MPProfileMainMenu::DialogDisplayDeleteSuccess(void)	
0x0073EC40	?DialogDisplayNoMemDevice@MPProfileMainMenu@@QAEXXZ	public: void __thiscall MPProfileMainMenu::DialogDisplayNoMemDevice(void)	
0x0073ED20	?DialogDisplayDataCorrupt@MPProfileMainMenu@@QAEXXZ	public: void __thiscall MPProfileMainMenu::DialogDisplayDataCorrupt(void)	
0x0073EE00	?DialogDisplayNoFreeSpace@MPProfileMainMenu@@QAEXXZ	public: void __thiscall MPProfileMainMenu::DialogDisplayNoFreeSpace(void)	
0x0073EEE0	??0cBezier@kuju@@QAE@ABVPosition3@math@@ABVDir3@3@01@Z	public: __thiscall kuju::cBezier::cBezier(class math::Position3 const &,class math::Dir3 const &,class math::Position3 const &,class math::Dir3 const &)	
0x0073EF10	??0cBezierTrajectoryInterpolator@kuju@@QAE@XZ	public: __thiscall kuju::cBezierTrajectoryInterpolator::cBezierTrajectoryInterpolator(void)	
0x0073EF30	?reset@cBezierTrajectoryInterpolator@kuju@@QAEXABVPosition3@math@@ABVDir3@4@M01M_N@Z	public: void __thiscall kuju::cBezierTrajectoryInterpolator::reset(class math::Position3 const &,class math::Dir3 const &,float,class math::Position3 const &,class math::Dir3 const &,float,bool)	
0x0073F180	?position@cBezierTrajectoryInterpolator@kuju@@QBE?AVPosition3@math@@M@Z	public: class math::Position3 __thiscall kuju::cBezierTrajectoryInterpolator::position(float)const 	
0x0073F240	?initialise@cVoiceManager@kvoicemanager@kuju@@QAEXXZ	public: void __thiscall kuju::kvoicemanager::cVoiceManager::initialise(void)	
0x0073F290	?deinitialise@cVoiceManager@kvoicemanager@kuju@@QAEXXZ	public: void __thiscall kuju::kvoicemanager::cVoiceManager::deinitialise(void)	
0x0073F2A0	??0cVoiceNetworkManager@knetuser@kuju@@QAE@XZ	public: __thiscall kuju::knetuser::cVoiceNetworkManager::cVoiceNetworkManager(void)	
0x0073F3F0	?resetPlayer@cVoiceNetworkManager@knetuser@kuju@@QAEXK@Z	public: void __thiscall kuju::knetuser::cVoiceNetworkManager::resetPlayer(unsigned long)	
0x0073F630	?getFreePacket@cVoiceNetworkManager@knetuser@kuju@@AAEPAUsVoicePacket@123@XZ	private: struct kuju::knetuser::cVoiceNetworkManager::sVoicePacket * __thiscall kuju::knetuser::cVoiceNetworkManager::getFreePacket(void)	
0x0073F7C0	?getFreeVoicePendingDispatchPacket@cVoiceNetworkManager@knetuser@kuju@@AAEPAUsVoicePendingDispatchPacket@123@XZ	private: struct kuju::knetuser::cVoiceNetworkManager::sVoicePendingDispatchPacket * __thiscall kuju::knetuser::cVoiceNetworkManager::getFreeVoicePendingDispatchPacket(void)	
0x0073F8C0	?getPlayerIndicesToSendTo@cVoiceNetworkManager@knetuser@kuju@@AAEXAAK0@Z	private: void __thiscall kuju::knetuser::cVoiceNetworkManager::getPlayerIndicesToSendTo(unsigned long &,unsigned long &)	
0x0073FA30	?updateVoiceBandwidthSimulation@cVoiceNetworkManager@knetuser@kuju@@AAEXABVsTime@knet@3@@Z	private: void __thiscall kuju::knetuser::cVoiceNetworkManager::updateVoiceBandwidthSimulation(class kuju::knet::sTime const &)	
0x0073FC70	?getRoutePlayer@cVoiceNetworkManager@knetuser@kuju@@AAEEEE@Z	private: unsigned char __thiscall kuju::knetuser::cVoiceNetworkManager::getRoutePlayer(unsigned char,unsigned char)	
0x0073FFB0	?GetCurrentPlayerCount@MultiplayerMgr@@QAEHXZ	public: int __thiscall MultiplayerMgr::GetCurrentPlayerCount(void)	
0x00740060	?GetCurrentPlayerCountOnTeam@MultiplayerMgr@@QAEHH@Z	public: int __thiscall MultiplayerMgr::GetCurrentPlayerCountOnTeam(int)	
0x007401E0	?GetPlayerName@MultiplayerMgr@@QBEPBDPBVEntity@@@Z	public: char const * __thiscall MultiplayerMgr::GetPlayerName(class Entity const *)const 	
0x00740210	?GetPlayerName@MultiplayerMgr@@QBEPBDH@Z	public: char const * __thiscall MultiplayerMgr::GetPlayerName(int)const 	
0x00740260	?GetPlayerId@MultiplayerMgr@@QBEHPBVEntity@@@Z	public: int __thiscall MultiplayerMgr::GetPlayerId(class Entity const *)const 	
0x007402F0	?IsLocalPlayer@MultiplayerMgr@@QAE_NPAVEntity@@@Z	public: bool __thiscall MultiplayerMgr::IsLocalPlayer(class Entity *)	
0x00740310	?IsInVehicle@MultiplayerMgr@@QAE_NPAVEntity@@@Z	public: bool __thiscall MultiplayerMgr::IsInVehicle(class Entity *)	
0x00740390	?IsInVehicle@MultiplayerMgr@@QAE_NPAVEntity@@0@Z	public: bool __thiscall MultiplayerMgr::IsInVehicle(class Entity *,class Entity *)	
0x00740450	?getVoiceConnection@MultiplayerMgr@@QAEPBDPBVEntity@@@Z	public: char const * __thiscall MultiplayerMgr::getVoiceConnection(class Entity const *)	
0x00740490	?LoadLevel@MPPeer@@QAEXH_N0@Z	public: void __thiscall MPPeer::LoadLevel(int,bool,bool)	
0x00740610	?DropSplitScreenPlayer@MPPeer@@QAEXPAVEntity@@@Z	public: void __thiscall MPPeer::DropSplitScreenPlayer(class Entity *)	
0x00740730	?IsPlayerTalking@MPPeer@@QAE_NPAVEntity@@H@Z	public: bool __thiscall MPPeer::IsPlayerTalking(class Entity *,int)	
0x00740770	?BulletHitPlayer@MPPeer@@QAEXPAVEntity@@0ABVPosition3@math@@ABVDir3@4@EEFEEH@Z	public: void __thiscall MPPeer::BulletHitPlayer(class Entity *,class Entity *,class math::Position3 const &,class math::Dir3 const &,unsigned char,unsigned char,short,unsigned char,unsigned char,int)	
0x00740B40	?AnimEvent@MPPeer@@QAEXH@Z	public: void __thiscall MPPeer::AnimEvent(int)	
0x00740CF0	?SpotEntity@MPPeer@@QAEXPAVEntity@@@Z	public: void __thiscall MPPeer::SpotEntity(class Entity *)	
0x007410A0	?FireArtillery@MPPeer@@QAEXPAVEntity@@HABVPosition3@math@@H_N@Z	public: void __thiscall MPPeer::FireArtillery(class Entity *,int,class math::Position3 const &,int,bool)	
0x00741250	?VehicleDeath@MPPeer@@QAEXPAVEntity@@0HH@Z	public: void __thiscall MPPeer::VehicleDeath(class Entity *,class Entity *,int,int)	
0x00741580	?VehicleMantled@MPPeer@@QAEXPAVEntity@@0@Z	public: void __thiscall MPPeer::VehicleMantled(class Entity *,class Entity *)	
0x00741840	?PlayerDamage@MPPeer@@QAEXPAVEntity@@0ABVPosition3@math@@ABVDir3@4@HFEFH@Z	public: void __thiscall MPPeer::PlayerDamage(class Entity *,class Entity *,class math::Position3 const &,class math::Dir3 const &,int,short,unsigned char,short,int)	
0x00741B70	?PlayerDead@MPPeer@@QAEXPAVEntity@@00HHHQBM1H@Z	public: void __thiscall MPPeer::PlayerDead(class Entity *,class Entity *,class Entity *,int,int,int,float const * const,float const * const,int)	
0x007422F0	?PlayerRespawn@MPPeer@@QAEXPAVEntity@@ABVPosition3@math@@ABVDir3@4@H@Z	public: void __thiscall MPPeer::PlayerRespawn(class Entity *,class math::Position3 const &,class math::Dir3 const &,int)	
0x007424E0	?PlayerRevive@MPPeer@@QAEXPAVEntity@@0ABVPosition3@math@@ABVDir3@4@@Z	public: void __thiscall MPPeer::PlayerRevive(class Entity *,class Entity *,class math::Position3 const &,class math::Dir3 const &)	
0x00742670	?PlayerReviveRequest@MPPeer@@QAEXPAVEntity@@0@Z	public: void __thiscall MPPeer::PlayerReviveRequest(class Entity *,class Entity *)	
0x007427C0	?RoundOver@MPPeer@@QAEXHH@Z	public: void __thiscall MPPeer::RoundOver(int,int)	
0x00742910	?NextRound@MPPeer@@QAEX_N@Z	public: void __thiscall MPPeer::NextRound(bool)	
0x00742BB0	?WeaponChange@MPPeer@@QAEXH@Z	public: void __thiscall MPPeer::WeaponChange(int)	
0x00742CC0	?EnterGame@MPPeer@@QAEXXZ	public: void __thiscall MPPeer::EnterGame(void)	
0x00742D80	?ExitLevel@MPPeer@@QAEXXZ	public: void __thiscall MPPeer::ExitLevel(void)	
0x00742DA0	?MapRestart@MPPeer@@QAEXXZ	public: void __thiscall MPPeer::MapRestart(void)	
0x00742EB0	?SendInitialGameState@MPPeer@@QAEXPAVEntity@@@Z	public: void __thiscall MPPeer::SendInitialGameState(class Entity *)	
0x00743040	?SendGameState@MPPeer@@QAEXPAVEntity@@HHHH_N11HHH1HH@Z	public: void __thiscall MPPeer::SendGameState(class Entity *,int,int,int,int,bool,bool,bool,int,int,int,bool,int,int)	
0x007432F0	?SendGameScore@MPPeer@@QAEXHH@Z	public: void __thiscall MPPeer::SendGameScore(int,int)	
0x00743440	?SendGameStateHQ@MPPeer@@QAEXPAVEntity@@IABVPosition3@math@@1I_N2@Z	public: void __thiscall MPPeer::SendGameStateHQ(class Entity *,unsigned int,class math::Position3 const &,class math::Position3 const &,unsigned int,bool,bool)	
0x00743640	?SendGameStateCTF@MPPeer@@QAEXPAVEntity@@ABVPosition3@math@@ABVDir3@4@0120@Z	public: void __thiscall MPPeer::SendGameStateCTF(class Entity *,class math::Position3 const &,class math::Dir3 const &,class Entity *,class math::Position3 const &,class math::Dir3 const &,class Entity *)	
0x007438C0	?SendGameStateSCF@MPPeer@@QAEXPAVEntity@@HABVPosition3@math@@ABVDir3@4@0@Z	public: void __thiscall MPPeer::SendGameStateSCF(class Entity *,int,class math::Position3 const &,class math::Dir3 const &,class Entity *)	
0x00743AE0	?SendGameStateDOM@MPPeer@@QAEXPAVEntity@@HHHHH@Z	public: void __thiscall MPPeer::SendGameStateDOM(class Entity *,int,int,int,int,int)	
0x00743CF0	?SendGameStateSD@MPPeer@@QAEXPAVEntity@@00_NABVPosition3@math@@ABVDir3@4@H@Z	public: void __thiscall MPPeer::SendGameStateSD(class Entity *,class Entity *,class Entity *,bool,class math::Position3 const &,class math::Dir3 const &,int)	
0x00743F30	?SendRespawnRequest@MPPeer@@QAEXI@Z	public: void __thiscall MPPeer::SendRespawnRequest(unsigned int)	
0x007440F0	?PickupItem@MPPeer@@QAEXHHPAVEntity@@_N@Z	public: void __thiscall MPPeer::PickupItem(int,int,class Entity *,bool)	
0x007442C0	?SwapKit@MPPeer@@QAEXHH@Z	public: void __thiscall MPPeer::SwapKit(int,int)	
0x00744400	?AreaCaptured@MPPeer@@QAEXHHH@Z	public: void __thiscall MPPeer::AreaCaptured(int,int,int)	
0x00744550	?AttemptToGetInVehicle@MPPeer@@QAEXPAVEntity@@0HH@Z	public: void __thiscall MPPeer::AttemptToGetInVehicle(class Entity *,class Entity *,int,int)	
0x007447C0	?GetOutOfVehicle@MPPeer@@QAEXPAVEntity@@H@Z	public: void __thiscall MPPeer::GetOutOfVehicle(class Entity *,int)	
0x00744A50	?AttemptVehicleSeatChange@MPPeer@@QAEXPAVEntity@@0H@Z	public: void __thiscall MPPeer::AttemptVehicleSeatChange(class Entity *,class Entity *,int)	
0x00744D20	?VehicleRequestOwnership@MPPeer@@QAEXPAVEntity@@0@Z	public: void __thiscall MPPeer::VehicleRequestOwnership(class Entity *,class Entity *)	
0x00744F10	?SendHostBombRequest@MPPeer@@QAEXPBVEntity@@_N@Z	public: void __thiscall MPPeer::SendHostBombRequest(class Entity const *,bool)	
0x00745090	?SendBombOperation@MPPeer@@QAEXPBVEntity@@_N@Z	public: void __thiscall MPPeer::SendBombOperation(class Entity const *,bool)	
0x007451E0	?SendBombOperationEvent@MPPeer@@QAEXPBVEntity@@_N1@Z	public: void __thiscall MPPeer::SendBombOperationEvent(class Entity const *,bool,bool)	
0x007453B0	?SendBombExplosion@MPPeer@@QAEXPBVEntity@@@Z	public: void __thiscall MPPeer::SendBombExplosion(class Entity const *)	
0x00745510	?SendCallForMedic@MPPeer@@QAEXPBVEntity@@@Z	public: void __thiscall MPPeer::SendCallForMedic(class Entity const *)	
0x00745650	?SendPunishTeamKill@MPPeer@@QAEXPBVEntity@@0_N@Z	public: void __thiscall MPPeer::SendPunishTeamKill(class Entity const *,class Entity const *,bool)	
0x007457A0	?SetPlayerPos@MPPeer@@QAEXPBVEntity@@QAM@Z	public: void __thiscall MPPeer::SetPlayerPos(class Entity const *,float * const)	
0x00745800	?updateVoiceSubsystem@MPPeer@@AAEXXZ	private: void __thiscall MPPeer::updateVoiceSubsystem(void)	
0x00745E80	?shutdownVoiceSubsystem@MPPeer@@QAEXXZ	public: void __thiscall MPPeer::shutdownVoiceSubsystem(void)	
0x00745EA0	?UpdateNumPlayers@MPPeer@@QAEXHHHH@Z	public: void __thiscall MPPeer::UpdateNumPlayers(int,int,int,int)	
0x00746050	?GetResult@MPLanDiscovery@@QBEXIAAV?$bdReference@VbdGameInfo@@@@@Z	public: void __thiscall MPLanDiscovery::GetResult(unsigned int,class bdReference<class bdGameInfo> &)const 	
0x007460B0	?serialize@MPPlayer@@QAE_NV?$bdReference@VbdBitBuffer@@@@_N1@Z	public: bool __thiscall MPPlayer::serialize(class bdReference<class bdBitBuffer>,bool,bool)	
0x007468D0	?deserialize@MPPlayer@@QAE_NV?$bdReference@VbdBitBuffer@@@@@Z	public: bool __thiscall MPPlayer::deserialize(class bdReference<class bdBitBuffer>)	
0x00747710	?UpdateInterpolation@MPPlayer@@QAEXABVsTime@knet@kuju@@@Z	public: void __thiscall MPPlayer::UpdateInterpolation(class kuju::knet::sTime const &)	
0x00747E80	?SerializeDropWeapon@MPPlayerItems@@SAXV?$bdReference@VbdBitBuffer@@@@HHABVPosition3@math@@ABVDir3@4@2HH@Z	public: static void __cdecl MPPlayerItems::SerializeDropWeapon(class bdReference<class bdBitBuffer>,int,int,class math::Position3 const &,class math::Dir3 const &,class math::Dir3 const &,int,int)	
0x00747F90	?SerializeDropItem@MPPlayerItems@@SAXV?$bdReference@VbdBitBuffer@@@@HABVPosition3@math@@ABVDir3@4@2HH@Z	public: static void __cdecl MPPlayerItems::SerializeDropItem(class bdReference<class bdBitBuffer>,int,class math::Position3 const &,class math::Dir3 const &,class math::Dir3 const &,int,int)	
0x00748080	?DeserializeDropItem@MPPlayerItems@@SA_NV?$bdReference@VbdBitBuffer@@@@PAM11AAH22@Z	public: static bool __cdecl MPPlayerItems::DeserializeDropItem(class bdReference<class bdBitBuffer>,float *,float *,float *,int &,int &,int &)	
0x007481D0	?SerializeFireMissile@MPPlayerItems@@SAXV?$bdReference@VbdBitBuffer@@@@HABVPosition3@math@@ABVDir3@4@VMPEntityHandle@@@Z	public: static void __cdecl MPPlayerItems::SerializeFireMissile(class bdReference<class bdBitBuffer>,int,class math::Position3 const &,class math::Dir3 const &,class MPEntityHandle)	
0x007482E0	??0MPVehicle@@QAE@XZ	public: __thiscall MPVehicle::MPVehicle(void)	
0x00748320	?serialize@MPVehicle@@QAEXV?$bdReference@VbdBitBuffer@@@@@Z	public: void __thiscall MPVehicle::serialize(class bdReference<class bdBitBuffer>)	
0x00748A00	?AttemptHotJoin@MPPlayerManager@@QAEXH@Z	public: void __thiscall MPPlayerManager::AttemptHotJoin(int)	
0x00748A20	?SendOthers@MPPlayerManager@@QAEXV?$bdReference@VbdMessage@@@@QBVMPPlayer@@_N@Z	public: void __thiscall MPPlayerManager::SendOthers(class bdReference<class bdMessage>,class MPPlayer const * const,bool)	
0x00748B40	?SendOtherEnemiesInRange@MPPlayerManager@@QAEXPBVMPPlayer@@V?$bdReference@VbdMessage@@@@H_N@Z	public: void __thiscall MPPlayerManager::SendOtherEnemiesInRange(class MPPlayer const *,class bdReference<class bdMessage>,int,bool)	
0x00748E20	?HandleAddPlayerRequest@MPPlayerManager@@AAEXABVbdReceivedMessage@@@Z	private: void __thiscall MPPlayerManager::HandleAddPlayerRequest(class bdReceivedMessage const &)	
0x007494C0	?HandleAddPlayerReply@MPPlayerManager@@AAEXABVbdReceivedMessage@@@Z	private: void __thiscall MPPlayerManager::HandleAddPlayerReply(class bdReceivedMessage const &)	
0x007499F0	?WritePlayerData@MPPlayerManager@@AAEXV?$bdReference@VbdBitBuffer@@@@QAVMPPlayer@@@Z	private: void __thiscall MPPlayerManager::WritePlayerData(class bdReference<class bdBitBuffer>,class MPPlayer * const)	
0x00749C60	?HandleLoadLevel@MPPlayerManager@@AAEXABVbdReceivedMessage@@@Z	private: void __thiscall MPPlayerManager::HandleLoadLevel(class bdReceivedMessage const &)	
0x00749DF0	?HandleSpreadFire@MPPlayerManager@@AAEXABVbdReceivedMessage@@@Z	private: void __thiscall MPPlayerManager::HandleSpreadFire(class bdReceivedMessage const &)	
0x0074A040	?HandleBulletHit@MPPlayerManager@@AAEXABVbdReceivedMessage@@@Z	private: void __thiscall MPPlayerManager::HandleBulletHit(class bdReceivedMessage const &)	
0x0074A270	?HandleBulletHitPlayer@MPPlayerManager@@AAEXABVbdReceivedMessage@@@Z	private: void __thiscall MPPlayerManager::HandleBulletHitPlayer(class bdReceivedMessage const &)	
0x0074A6A0	?HandlePainFlinch@MPPlayerManager@@AAEXABVbdReceivedMessage@@@Z	private: void __thiscall MPPlayerManager::HandlePainFlinch(class bdReceivedMessage const &)	
0x0074A9C0	?HandleMelee@MPPlayerManager@@AAEXABVbdReceivedMessage@@@Z	private: void __thiscall MPPlayerManager::HandleMelee(class bdReceivedMessage const &)	
0x0074ACC0	?HandleSpotEntity@MPPlayerManager@@AAEXABVbdReceivedMessage@@@Z	private: void __thiscall MPPlayerManager::HandleSpotEntity(class bdReceivedMessage const &)	
0x0074AF20	?HandleDenyArtillery@MPPlayerManager@@AAEXABVbdReceivedMessage@@@Z	private: void __thiscall MPPlayerManager::HandleDenyArtillery(class bdReceivedMessage const &)	
0x0074B0E0	?HandleVehicleFireMissile@MPPlayerManager@@AAEXABVbdReceivedMessage@@@Z	private: void __thiscall MPPlayerManager::HandleVehicleFireMissile(class bdReceivedMessage const &)	
0x0074B390	?HandleVehicleDeath@MPPlayerManager@@AAEXABVbdReceivedMessage@@@Z	private: void __thiscall MPPlayerManager::HandleVehicleDeath(class bdReceivedMessage const &)	
0x0074B770	?HandleVehicleMantled@MPPlayerManager@@AAEXABVbdReceivedMessage@@@Z	private: void __thiscall MPPlayerManager::HandleVehicleMantled(class bdReceivedMessage const &)	
0x0074B990	?HandleVoteRequest@MPPlayerManager@@AAEXABVbdReceivedMessage@@@Z	private: void __thiscall MPPlayerManager::HandleVoteRequest(class bdReceivedMessage const &)	
0x0074BB70	?HandleVoteCalled@MPPlayerManager@@AAEXABVbdReceivedMessage@@@Z	private: void __thiscall MPPlayerManager::HandleVoteCalled(class bdReceivedMessage const &)	
0x0074BD60	?HandleVoteResponse@MPPlayerManager@@AAEXABVbdReceivedMessage@@@Z	private: void __thiscall MPPlayerManager::HandleVoteResponse(class bdReceivedMessage const &)	
0x0074BFB0	?HandleSDBombOperation@MPPlayerManager@@AAEXABVbdReceivedMessage@@@Z	private: void __thiscall MPPlayerManager::HandleSDBombOperation(class bdReceivedMessage const &)	
0x0074C1D0	?HandleCallForMedic@MPPlayerManager@@AAEXABVbdReceivedMessage@@@Z	private: void __thiscall MPPlayerManager::HandleCallForMedic(class bdReceivedMessage const &)	
0x0074C350	?HandlePunishTeamKill@MPPlayerManager@@AAEXABVbdReceivedMessage@@@Z	private: void __thiscall MPPlayerManager::HandlePunishTeamKill(class bdReceivedMessage const &)	
0x0074C4E0	?HandleAnimEvent@MPPlayerManager@@AAEXABVbdReceivedMessage@@@Z	private: void __thiscall MPPlayerManager::HandleAnimEvent(class bdReceivedMessage const &)	
0x0074C750	?HandleServerParams@MPPlayerManager@@AAEXABVbdReceivedMessage@@@Z	private: void __thiscall MPPlayerManager::HandleServerParams(class bdReceivedMessage const &)	
0x0074C840	?HandlePlayerDamage@MPPlayerManager@@AAEXABVbdReceivedMessage@@@Z	private: void __thiscall MPPlayerManager::HandlePlayerDamage(class bdReceivedMessage const &)	
0x0074CB90	?HandlePlayerRespawnRequest@MPPlayerManager@@AAEXABVbdReceivedMessage@@@Z	private: void __thiscall MPPlayerManager::HandlePlayerRespawnRequest(class bdReceivedMessage const &)	
0x0074CDA0	?HandlePlayerReviveRequest@MPPlayerManager@@AAEXABVbdReceivedMessage@@@Z	private: void __thiscall MPPlayerManager::HandlePlayerReviveRequest(class bdReceivedMessage const &)	
0x0074D0F0	?HandleVehicleRequestEntry@MPPlayerManager@@AAEXABVbdReceivedMessage@@@Z	private: void __thiscall MPPlayerManager::HandleVehicleRequestEntry(class bdReceivedMessage const &)	
0x0074D560	?HandleVehicleSeatChange@MPPlayerManager@@AAEXABVbdReceivedMessage@@@Z	private: void __thiscall MPPlayerManager::HandleVehicleSeatChange(class bdReceivedMessage const &)	
0x0074D710	?HandleVehicleRequestOwnership@MPPlayerManager@@AAEXABVbdReceivedMessage@@@Z	private: void __thiscall MPPlayerManager::HandleVehicleRequestOwnership(class bdReceivedMessage const &)	
0x0074D9B0	?HandleVehicleChangeOwnership@MPPlayerManager@@AAEXABVbdReceivedMessage@@@Z	private: void __thiscall MPPlayerManager::HandleVehicleChangeOwnership(class bdReceivedMessage const &)	
0x0074DB30	?HandleVehicleEnter@MPPlayerManager@@AAEXABVbdReceivedMessage@@@Z	private: void __thiscall MPPlayerManager::HandleVehicleEnter(class bdReceivedMessage const &)	
0x0074DD10	?HandleVehicleExit@MPPlayerManager@@AAEXABVbdReceivedMessage@@@Z	private: void __thiscall MPPlayerManager::HandleVehicleExit(class bdReceivedMessage const &)	
0x0074DEA0	?HandleInitialGameState@MPPlayerManager@@AAEXABVbdReceivedMessage@@@Z	private: void __thiscall MPPlayerManager::HandleInitialGameState(class bdReceivedMessage const &)	
0x0074DFB0	?HandleVehicleRespawn@MPPlayerManager@@AAEXABVbdReceivedMessage@@@Z	private: void __thiscall MPPlayerManager::HandleVehicleRespawn(class bdReceivedMessage const &)	
0x0074E0E0	?HandleGameStateCTF@MPPlayerManager@@AAEXABVbdReceivedMessage@@@Z	private: void __thiscall MPPlayerManager::HandleGameStateCTF(class bdReceivedMessage const &)	
0x0074E450	?HandleGameStateHQ@MPPlayerManager@@AAEXABVbdReceivedMessage@@@Z	private: void __thiscall MPPlayerManager::HandleGameStateHQ(class bdReceivedMessage const &)	
0x0074E6D0	?HandleGameStateSCF@MPPlayerManager@@AAEXABVbdReceivedMessage@@@Z	private: void __thiscall MPPlayerManager::HandleGameStateSCF(class bdReceivedMessage const &)	
0x0074E930	?HandleGameStateSD@MPPlayerManager@@AAEXABVbdReceivedMessage@@@Z	private: void __thiscall MPPlayerManager::HandleGameStateSD(class bdReceivedMessage const &)	
0x0074EBD0	?HandlePlayerStateHash@MPPlayerManager@@AAEXABVbdReceivedMessage@@@Z	private: void __thiscall MPPlayerManager::HandlePlayerStateHash(class bdReceivedMessage const &)	
0x0074ECD0	?MP_ResolveAnims@@YAXXZ	void __cdecl MP_ResolveAnims(void)	
0x0074ED40	?ExitFrontend@MPUIInterface@@SAXH@Z	public: static void __cdecl MPUIInterface::ExitFrontend(int)	
0x0074ED90	?Update@MPProfileMainMenu@@UAEXM@Z	public: virtual void __thiscall MPProfileMainMenu::Update(float)	
0x0074EF00	?DialogDisplayProfileLoading@MPProfileMainMenu@@QAEXH@Z	public: void __thiscall MPProfileMainMenu::DialogDisplayProfileLoading(int)	
0x0074EFD0	?DialogResponseDeleteConfirm@MPProfileMainMenu@@SA_NH@Z	public: static bool __cdecl MPProfileMainMenu::DialogResponseDeleteConfirm(int)	
0x0074EFF0	??0cVoiceManager@kvoicemanager@kuju@@QAE@XZ	public: __thiscall kuju::kvoicemanager::cVoiceManager::cVoiceManager(void)	
0x0074F030	?evaluatePlayers@cVoiceManager@kvoicemanager@kuju@@AAEXXZ	private: void __thiscall kuju::kvoicemanager::cVoiceManager::evaluatePlayers(void)	
0x0074F120	?handlePacket@cVoiceNetworkManager@knetuser@kuju@@UAEXV?$bdReference@VbdBitBuffer@@@@@Z	public: virtual void __thiscall kuju::knetuser::cVoiceNetworkManager::handlePacket(class bdReference<class bdBitBuffer>)	
0x0074F500	?sendVoiceData@cVoiceNetworkManager@knetuser@kuju@@QAEXVMPPlayerSet@@PAEK@Z	public: void __thiscall kuju::knetuser::cVoiceNetworkManager::sendVoiceData(class MPPlayerSet,unsigned char *,unsigned long)	
0x0074F6D0	?handleDirectDestinations@cVoiceNetworkManager@knetuser@kuju@@AAEXAAVMPPlayerSet@@0K@Z	private: void __thiscall kuju::knetuser::cVoiceNetworkManager::handleDirectDestinations(class MPPlayerSet &,class MPPlayerSet &,unsigned long)	
0x0074F740	?dispatchVoicePendingDispatchPacket@cVoiceNetworkManager@knetuser@kuju@@AAEXPAUsVoicePendingDispatchPacket@123@K@Z	private: void __thiscall kuju::knetuser::cVoiceNetworkManager::dispatchVoicePendingDispatchPacket(struct kuju::knetuser::cVoiceNetworkManager::sVoicePendingDispatchPacket *,unsigned long)	
0x0074FB00	?dispatchPacketDirectToPlayer@cVoiceNetworkManager@knetuser@kuju@@AAEXABVsTime@knet@3@PAUsVoicePendingDispatchPacket@123@E@Z	private: void __thiscall kuju::knetuser::cVoiceNetworkManager::dispatchPacketDirectToPlayer(class kuju::knet::sTime const &,struct kuju::knetuser::cVoiceNetworkManager::sVoicePendingDispatchPacket *,unsigned char)	
0x0074FB90	?dispatchPacketOnOptimalRouteToPlayer@cVoiceNetworkManager@knetuser@kuju@@AAEIABVsTime@knet@3@PAUsVoicePendingDispatchPacket@123@EAAVMPPlayerSet@@@Z	private: unsigned int __thiscall kuju::knetuser::cVoiceNetworkManager::dispatchPacketOnOptimalRouteToPlayer(class kuju::knet::sTime const &,struct kuju::knetuser::cVoiceNetworkManager::sVoicePendingDispatchPacket *,unsigned char,class MPPlayerSet &)	
0x0074FDA0	?selectVoicesAndDispatch@cVoiceNetworkManager@knetuser@kuju@@AAEXABVsTime@knet@3@IAAVMPPlayerSet@@AAK@Z	private: void __thiscall kuju::knetuser::cVoiceNetworkManager::selectVoicesAndDispatch(class kuju::knet::sTime const &,unsigned int,class MPPlayerSet &,unsigned long &)	
0x0074FF40	?dispatchPendingVoicePackets@cVoiceNetworkManager@knetuser@kuju@@AAEXABVsTime@knet@3@AAVMPPlayerSet@@AAK@Z	private: void __thiscall kuju::knetuser::cVoiceNetworkManager::dispatchPendingVoicePackets(class kuju::knet::sTime const &,class MPPlayerSet &,unsigned long &)	
0x00750000	?checkForPendingPacketsAwaitingDispatch@cVoiceNetworkManager@knetuser@kuju@@AAEXABVsTime@knet@3@@Z	private: void __thiscall kuju::knetuser::cVoiceNetworkManager::checkForPendingPacketsAwaitingDispatch(class kuju::knet::sTime const &)	
0x007500C0	?updateVoiceNetwork@cVoiceNetworkManager@knetuser@kuju@@AAEXABVsTime@knet@3@@Z	private: void __thiscall kuju::knetuser::cVoiceNetworkManager::updateVoiceNetwork(class kuju::knet::sTime const &)	
0x007500E0	?update@cVoiceNetworkManager@knetuser@kuju@@QAEXABVsTime@knet@3@@Z	public: void __thiscall kuju::knetuser::cVoiceNetworkManager::update(class kuju::knet::sTime const &)	
0x00750100	?LoadLevel@MultiplayerMgr@@QAEXH_N0@Z	public: void __thiscall MultiplayerMgr::LoadLevel(int,bool,bool)	
0x00750170	?IsPlayerTalking@MultiplayerMgr@@QAE_NPAVEntity@@@Z	public: bool __thiscall MultiplayerMgr::IsPlayerTalking(class Entity *)	
0x007501B0	?IsLocalPlayerPhysicsOwner@MultiplayerMgr@@QAE_NPAVEntity@@_N@Z	public: bool __thiscall MultiplayerMgr::IsLocalPlayerPhysicsOwner(class Entity *,bool)	
0x007502A0	?BulletHitPlayer@MultiplayerMgr@@QAEXPAVEntity@@0ABVPosition3@math@@ABVDir3@4@EEFEEH@Z	public: void __thiscall MultiplayerMgr::BulletHitPlayer(class Entity *,class Entity *,class math::Position3 const &,class math::Dir3 const &,unsigned char,unsigned char,short,unsigned char,unsigned char,int)	
0x00750330	?AnimEvent@MultiplayerMgr@@QAEXH@Z	public: void __thiscall MultiplayerMgr::AnimEvent(int)	
0x00750350	?SpotEntity@MultiplayerMgr@@QAEXPAVEntity@@@Z	public: void __thiscall MultiplayerMgr::SpotEntity(class Entity *)	
0x00750370	?FireArtillery@MultiplayerMgr@@QAEXPAVEntity@@HABVPosition3@math@@H_N@Z	public: void __thiscall MultiplayerMgr::FireArtillery(class Entity *,int,class math::Position3 const &,int,bool)	
0x00750390	?VehicleDeath@MultiplayerMgr@@QAEXPAVEntity@@0HH@Z	public: void __thiscall MultiplayerMgr::VehicleDeath(class Entity *,class Entity *,int,int)	
0x007503B0	?VehicleMantled@MultiplayerMgr@@QAEXPAVEntity@@0@Z	public: void __thiscall MultiplayerMgr::VehicleMantled(class Entity *,class Entity *)	
0x007503D0	?PlayerDamage@MultiplayerMgr@@QAEXPAVEntity@@0ABVPosition3@math@@ABVDir3@4@HFEFH@Z	public: void __thiscall MultiplayerMgr::PlayerDamage(class Entity *,class Entity *,class math::Position3 const &,class math::Dir3 const &,int,short,unsigned char,short,int)	
0x007503F0	?PlayerDead@MultiplayerMgr@@QAEXPAVEntity@@00HHHQBM1H@Z	public: void __thiscall MultiplayerMgr::PlayerDead(class Entity *,class Entity *,class Entity *,int,int,int,float const * const,float const * const,int)	
0x007504B0	?PlayerRespawn@MultiplayerMgr@@QAEXPAVEntity@@ABVPosition3@math@@ABVDir3@4@H@Z	public: void __thiscall MultiplayerMgr::PlayerRespawn(class Entity *,class math::Position3 const &,class math::Dir3 const &,int)	
0x00750520	?PlayerRevive@MultiplayerMgr@@QAEXPAVEntity@@0ABVPosition3@math@@ABVDir3@4@@Z	public: void __thiscall MultiplayerMgr::PlayerRevive(class Entity *,class Entity *,class math::Position3 const &,class math::Dir3 const &)	
0x00750590	?AttemptToRevivePlayer@MultiplayerMgr@@QAEXPAVEntity@@0@Z	public: void __thiscall MultiplayerMgr::AttemptToRevivePlayer(class Entity *,class Entity *)	
0x00750600	?RoundOver@MultiplayerMgr@@QAEXHH@Z	public: void __thiscall MultiplayerMgr::RoundOver(int,int)	
0x00750630	?NextRound@MultiplayerMgr@@QAEX_N@Z	public: void __thiscall MultiplayerMgr::NextRound(bool)	
0x00750690	?WeaponChange@MultiplayerMgr@@QAEXH@Z	public: void __thiscall MultiplayerMgr::WeaponChange(int)	
0x007506F0	?ExitLevel@MultiplayerMgr@@QAEXXZ	public: void __thiscall MultiplayerMgr::ExitLevel(void)	
0x00750720	?SendInitialGameState@MultiplayerMgr@@QAEXPAVEntity@@@Z	public: void __thiscall MultiplayerMgr::SendInitialGameState(class Entity *)	
0x00750780	?SendGameState@MultiplayerMgr@@QAEXPAVEntity@@HHHH_N11HHH1HH@Z	public: void __thiscall MultiplayerMgr::SendGameState(class Entity *,int,int,int,int,bool,bool,bool,int,int,int,bool,int,int)	
0x00750820	?SendGameScore@MultiplayerMgr@@QAEXHH@Z	public: void __thiscall MultiplayerMgr::SendGameScore(int,int)	
0x00750890	?SendGameStateHQ@MultiplayerMgr@@QAEXPAVEntity@@IABVPosition3@math@@1I_N2@Z	public: void __thiscall MultiplayerMgr::SendGameStateHQ(class Entity *,unsigned int,class math::Position3 const &,class math::Position3 const &,unsigned int,bool,bool)	
0x00750910	?SendGameStateCTF@MultiplayerMgr@@QAEXPAVEntity@@ABVPosition3@math@@ABVDir3@4@0120@Z	public: void __thiscall MultiplayerMgr::SendGameStateCTF(class Entity *,class math::Position3 const &,class math::Dir3 const &,class Entity *,class math::Position3 const &,class math::Dir3 const &,class Entity *)	
0x00750990	?SendGameStateSCF@MultiplayerMgr@@QAEXPAVEntity@@HABVPosition3@math@@ABVDir3@4@0@Z	public: void __thiscall MultiplayerMgr::SendGameStateSCF(class Entity *,int,class math::Position3 const &,class math::Dir3 const &,class Entity *)	
0x00750A00	?SendGameStateDOM@MultiplayerMgr@@QAEXPAVEntity@@HHHHH@Z	public: void __thiscall MultiplayerMgr::SendGameStateDOM(class Entity *,int,int,int,int,int)	
0x00750A80	?SendGameStateSD@MultiplayerMgr@@QAEXPAVEntity@@00_NABVPosition3@math@@ABVDir3@4@H@Z	public: void __thiscall MultiplayerMgr::SendGameStateSD(class Entity *,class Entity *,class Entity *,bool,class math::Position3 const &,class math::Dir3 const &,int)	
0x00750B00	?SendRespawnRequest@MultiplayerMgr@@QAEXI@Z	public: void __thiscall MultiplayerMgr::SendRespawnRequest(unsigned int)	
0x00750B50	?PickupItem@MultiplayerMgr@@QAEXHHPAVEntity@@_N@Z	public: void __thiscall MultiplayerMgr::PickupItem(int,int,class Entity *,bool)	
0x00750BC0	?SwapKit@MultiplayerMgr@@QAEXHH@Z	public: void __thiscall MultiplayerMgr::SwapKit(int,int)	
0x00750C30	?AreaCaptured@MultiplayerMgr@@QAEXHHH@Z	public: void __thiscall MultiplayerMgr::AreaCaptured(int,int,int)	
0x00750CA0	?AttemptToGetInVehicle@MultiplayerMgr@@QAEXPAVEntity@@0HH@Z	public: void __thiscall MultiplayerMgr::AttemptToGetInVehicle(class Entity *,class Entity *,int,int)	
0x00750CC0	?GetOutOfVehicle@MultiplayerMgr@@QAEXPAVEntity@@H@Z	public: void __thiscall MultiplayerMgr::GetOutOfVehicle(class Entity *,int)	
0x00750D30	?AttemptVehicleSeatChange@MultiplayerMgr@@QAEXPAVEntity@@0H@Z	public: void __thiscall MultiplayerMgr::AttemptVehicleSeatChange(class Entity *,class Entity *,int)	
0x00750DA0	?VehicleRequestOwnership@MultiplayerMgr@@QAEXPAVEntity@@0@Z	public: void __thiscall MultiplayerMgr::VehicleRequestOwnership(class Entity *,class Entity *)	
0x00750EE0	?SendHostBombRequest@MultiplayerMgr@@QAEXPBVEntity@@_N@Z	public: void __thiscall MultiplayerMgr::SendHostBombRequest(class Entity const *,bool)	
0x00750F50	?SendBombOperation@MultiplayerMgr@@QAEXPBVEntity@@_N@Z	public: void __thiscall MultiplayerMgr::SendBombOperation(class Entity const *,bool)	
0x00750FC0	?SendBombOperationEvent@MultiplayerMgr@@QAEXPBVEntity@@_N1@Z	public: void __thiscall MultiplayerMgr::SendBombOperationEvent(class Entity const *,bool,bool)	
0x00751030	?SendBombExplosion@MultiplayerMgr@@QAEXPBVEntity@@@Z	public: void __thiscall MultiplayerMgr::SendBombExplosion(class Entity const *)	
0x00751090	?SetPlayerPos@MultiplayerMgr@@QAEXPBVEntity@@QAM@Z	public: void __thiscall MultiplayerMgr::SetPlayerPos(class Entity const *,float * const)	
0x00751100	?MapRestart@MultiplayerMgr@@QAEXXZ	public: void __thiscall MultiplayerMgr::MapRestart(void)	
0x00751160	?AttemptHotJoin@MultiplayerMgr@@QAEXH@Z	public: void __thiscall MultiplayerMgr::AttemptHotJoin(int)	
0x00751190	?DropSplitScreenPlayer@MultiplayerMgr@@QAEXH@Z	public: void __thiscall MultiplayerMgr::DropSplitScreenPlayer(int)	
0x007511E0	?shutdownVoiceSubsystem@MultiplayerMgr@@QAEXXZ	public: void __thiscall MultiplayerMgr::shutdownVoiceSubsystem(void)	
0x00751200	?VehicleDamage@MPPeer@@QAEXPAVEntity@@0ABVPosition3@math@@ABVDir3@4@FHEF@Z	public: void __thiscall MPPeer::VehicleDamage(class Entity *,class Entity *,class math::Position3 const &,class math::Dir3 const &,short,int,unsigned char,short)	
0x007514F0	?DropItem@MPPeer@@QAEXHABVPosition3@math@@ABVDir3@3@1H_NH@Z	public: void __thiscall MPPeer::DropItem(int,class math::Position3 const &,class math::Dir3 const &,class math::Dir3 const &,int,bool,int)	
0x00751650	?InitializeVehicles@MPPeer@@QAEXXZ	public: void __thiscall MPPeer::InitializeVehicles(void)	
0x00751720	?serializeVehicle@MPPlayer@@QAEXV?$bdReference@VbdBitBuffer@@@@@Z	public: void __thiscall MPPlayer::serializeVehicle(class bdReference<class bdBitBuffer>)	
0x007519D0	?deserializeVehicle@MPPlayer@@QAE_NV?$bdReference@VbdBitBuffer@@@@PAVMPVehicle@@@Z	public: bool __thiscall MPPlayer::deserializeVehicle(class bdReference<class bdBitBuffer>,class MPVehicle *)	
0x00751D20	?Step@MPPlayer@@QAEXXZ	public: void __thiscall MPPlayer::Step(void)	
0x00754750	?OnModified@MPPlayer@@QAEXXZ	public: void __thiscall MPPlayer::OnModified(void)	
0x00754BA0	?Destroy@sDroppedItem@MPPlayerItems@@QAEXXZ	public: void __thiscall MPPlayerItems::sDroppedItem::Destroy(void)	
0x00754C00	??0MPPlayerItems@@QAE@XZ	public: __thiscall MPPlayerItems::MPPlayerItems(void)	
0x00754C90	?RemoveAll@MPPlayerItems@@QAEXXZ	public: void __thiscall MPPlayerItems::RemoveAll(void)	
0x00754F00	?RemoveAll@MPPlayerItems@@QAEXW4EDroppedItemTypes@@@Z	public: void __thiscall MPPlayerItems::RemoveAll(enum EDroppedItemTypes)	
0x00754FE0	?RemoveItem@MPPlayerItems@@QAEXW4EDroppedItemTypes@@F@Z	public: void __thiscall MPPlayerItems::RemoveItem(enum EDroppedItemTypes,short)	
0x00755070	?FindItemID@MPPlayerItems@@QAE_NW4EDroppedItemTypes@@PAVEntity@@AAF@Z	public: bool __thiscall MPPlayerItems::FindItemID(enum EDroppedItemTypes,class Entity *,short &)	
0x00755140	?FindItem@MPPlayerItems@@QAEPAVEntity@@W4EDroppedItemTypes@@F@Z	public: class Entity * __thiscall MPPlayerItems::FindItem(enum EDroppedItemTypes,short)	
0x007551F0	?SetItem@MPPlayerItems@@QAEXW4EDroppedItemTypes@@FPAVEntity@@@Z	public: void __thiscall MPPlayerItems::SetItem(enum EDroppedItemTypes,short,class Entity *)	
0x00755300	?FindOldestItem@MPPlayerItems@@AAEFABV?$ae_vector@UsDroppedItem@MPPlayerItems@@@@@Z	private: short __thiscall MPPlayerItems::FindOldestItem(class ae_vector<struct MPPlayerItems::sDroppedItem> const &)	
0x007553D0	?deserialize@MPVehicle@@QAE_NV?$bdReference@VbdBitBuffer@@@@_NH@Z	public: bool __thiscall MPVehicle::deserialize(class bdReference<class bdBitBuffer>,bool,int)	
0x00755C20	?SetPhysicsInfo@MPVehicle@@QAEXABVPosition3@math@@ABVDir3@3@1@Z	public: void __thiscall MPVehicle::SetPhysicsInfo(class math::Position3 const &,class math::Dir3 const &,class math::Dir3 const &)	
0x00755D80	?UpdateInterpolation@MPVehicle@@QAEXABVsTime@knet@kuju@@@Z	public: void __thiscall MPVehicle::UpdateInterpolation(class kuju::knet::sTime const &)	
0x007565E0	?DebugRender@MPVehicle@@QAEXXZ	public: void __thiscall MPVehicle::DebugRender(void)	
0x00757750	?SendOthers@MPPlayerManager@@QAEXV?$bdReference@VbdMessage@@@@_N@Z	public: void __thiscall MPPlayerManager::SendOthers(class bdReference<class bdMessage>,bool)	
0x007577C0	?SendPlayerEnter@MPPlayerManager@@QAEXPAVMPPlayer@@@Z	public: void __thiscall MPPlayerManager::SendPlayerEnter(class MPPlayer *)	
0x007578D0	?HandlePlayerState@MPPlayerManager@@AAEXABVbdReceivedMessage@@@Z	private: void __thiscall MPPlayerManager::HandlePlayerState(class bdReceivedMessage const &)	
0x00757A20	?HandlePlayerStatePassenger@MPPlayerManager@@AAEXABVbdReceivedMessage@@@Z	private: void __thiscall MPPlayerManager::HandlePlayerStatePassenger(class bdReceivedMessage const &)	
0x00757BD0	?HandlePlayerInfo@MPPlayerManager@@AAEXABVbdReceivedMessage@@@Z	private: void __thiscall MPPlayerManager::HandlePlayerInfo(class bdReceivedMessage const &)	
0x00757E70	?HandlePlayerTeam@MPPlayerManager@@AAEXABVbdReceivedMessage@@@Z	private: void __thiscall MPPlayerManager::HandlePlayerTeam(class bdReceivedMessage const &)	
0x007580A0	?HandleFireArtillery@MPPlayerManager@@AAEXABVbdReceivedMessage@@@Z	private: void __thiscall MPPlayerManager::HandleFireArtillery(class bdReceivedMessage const &)	
0x007584F0	?HandleVehicleDamage@MPPlayerManager@@AAEXABVbdReceivedMessage@@@Z	private: void __thiscall MPPlayerManager::HandleVehicleDamage(class bdReceivedMessage const &)	
0x007587A0	?HandlePlayerDead@MPPlayerManager@@AAEXABVbdReceivedMessage@@@Z	private: void __thiscall MPPlayerManager::HandlePlayerDead(class bdReceivedMessage const &)	
0x00758D00	?HandleVehicleRequestSeatChange@MPPlayerManager@@AAEXABVbdReceivedMessage@@@Z	private: void __thiscall MPPlayerManager::HandleVehicleRequestSeatChange(class bdReceivedMessage const &)	
0x007590C0	?HandleVehicleState@MPPlayerManager@@AAEXABVbdReceivedMessage@@@Z	private: void __thiscall MPPlayerManager::HandleVehicleState(class bdReceivedMessage const &)	
0x007592D0	?SendLocalPlayerInfo@MPPlayerManager@@QAEXPBVMPPlayer@@@Z	public: void __thiscall MPPlayerManager::SendLocalPlayerInfo(class MPPlayer const *)	
0x00759800	?SendPlayerTeam@MPPlayerManager@@QAEXPBVMPPlayer@@_N1@Z	public: void __thiscall MPPlayerManager::SendPlayerTeam(class MPPlayer const *,bool,bool)	
0x00759A20	?SendLocalPlayerTeam@MPPlayerManager@@QAEXPBVMPPlayer@@0@Z	public: void __thiscall MPPlayerManager::SendLocalPlayerTeam(class MPPlayer const *,class MPPlayer const *)	
0x00759D60	?SerializeVehicleStates@MPPlayerManager@@QAEXV?$bdReference@VbdBitBuffer@@@@@Z	public: void __thiscall MPPlayerManager::SerializeVehicleStates(class bdReference<class bdBitBuffer>)	
0x0075A0E0	?DeserializeVehicleStates@MPPlayerManager@@QAEXV?$bdReference@VbdBitBuffer@@@@@Z	public: void __thiscall MPPlayerManager::DeserializeVehicleStates(class bdReference<class bdBitBuffer>)	
0x0075A4F0	?ApplyLocalPhysicsToVehicle@MPPlayerManager@@QAEXPAVEntity@@ABVPosition3@math@@ABVDir3@4@2@Z	public: void __thiscall MPPlayerManager::ApplyLocalPhysicsToVehicle(class Entity *,class math::Position3 const &,class math::Dir3 const &,class math::Dir3 const &)	
0x0075A570	?LocalPlayerEnterGame@MPPlayerManager@@QAEXXZ	public: void __thiscall MPPlayerManager::LocalPlayerEnterGame(void)	
0x0075A890	?DebugRender@MPPlayerManager@@QAEXXZ	public: void __thiscall MPPlayerManager::DebugRender(void)	
0x0075A8E0	?NextRound@MPUIInterface@@SAXXZ	public: static void __cdecl MPUIInterface::NextRound(void)	
0x0075A980	?LoadSelectedProfile@MPProfileMainMenu@@AAEX_N@Z	private: void __thiscall MPProfileMainMenu::LoadSelectedProfile(bool)	
0x0075A9E0	?DialogResponseDelete@MPProfileMainMenu@@SA_NH@Z	public: static bool __cdecl MPProfileMainMenu::DialogResponseDelete(int)	
0x0075AAD0	?dispatchVoiceData@cVoiceManager@kvoicemanager@kuju@@AAEXXZ	private: void __thiscall kuju::kvoicemanager::cVoiceManager::dispatchVoiceData(void)	
0x0075AC10	?LevelLoaded@MultiplayerMgr@@QAEXXZ	public: void __thiscall MultiplayerMgr::LevelLoaded(void)	
0x0075AC20	?VehicleDamage@MultiplayerMgr@@QAEXPAVEntity@@0ABVPosition3@math@@ABVDir3@4@FHEF@Z	public: void __thiscall MultiplayerMgr::VehicleDamage(class Entity *,class Entity *,class math::Position3 const &,class math::Dir3 const &,short,int,unsigned char,short)	
0x0075AC40	?ChangeTeam@MultiplayerMgr@@QAE_NPAVEntity@@H_N1@Z	public: bool __thiscall MultiplayerMgr::ChangeTeam(class Entity *,int,bool,bool)	
0x0075AE30	?DropItem@MultiplayerMgr@@QAEXHABVPosition3@math@@ABVDir3@3@1H_NH@Z	public: void __thiscall MultiplayerMgr::DropItem(int,class math::Position3 const &,class math::Dir3 const &,class math::Dir3 const &,int,bool,int)	
0x0075AEB0	?ApplyLocalPhysicsToVehicle@MultiplayerMgr@@QAEXPAVEntity@@ABVMat43@math@@ABVDir3@4@@Z	public: void __thiscall MultiplayerMgr::ApplyLocalPhysicsToVehicle(class Entity *,class math::Mat43 const &,class math::Dir3 const &)	
0x0075AF40	?ApplyLocalPhysicsToVehicle@MultiplayerMgr@@QAEXPAVEntity@@ABVPosition3@math@@ABVDir3@4@2@Z	public: void __thiscall MultiplayerMgr::ApplyLocalPhysicsToVehicle(class Entity *,class math::Position3 const &,class math::Dir3 const &,class math::Dir3 const &)	
0x0075AF60	?SendServerParams@MPPeer@@QAEXXZ	public: void __thiscall MPPeer::SendServerParams(void)	
0x0075B0C0	?SpreadFire@MPPeer@@QAEXPAVEntity@@MMABVPosition3@math@@HMMH@Z	public: void __thiscall MPPeer::SpreadFire(class Entity *,float,float,class math::Position3 const &,int,float,float,int)	
0x0075B330	?BulletHit@MPPeer@@QAEXABVPosition3@math@@ABVDir3@3@EEPAVEntity@@@Z	public: void __thiscall MPPeer::BulletHit(class math::Position3 const &,class math::Dir3 const &,unsigned char,unsigned char,class Entity *)	
0x0075B540	?MeleeHit@MPPeer@@QAEXPAVEntity@@0ABVPosition3@math@@ABVDir3@4@EFEH@Z	public: void __thiscall MPPeer::MeleeHit(class Entity *,class Entity *,class math::Position3 const &,class math::Dir3 const &,unsigned char,short,unsigned char,int)	
0x0075B920	?FireMissile@MPPeer@@QAEXHABVPosition3@math@@ABVDir3@3@VMPEntityHandle@@@Z	public: void __thiscall MPPeer::FireMissile(int,class math::Position3 const &,class math::Dir3 const &,class MPEntityHandle)	
0x0075BA50	?VehicleFireMissile@MPPeer@@QAEXPAVEntity@@HABVPosition3@math@@ABVDir3@4@@Z	public: void __thiscall MPPeer::VehicleFireMissile(class Entity *,int,class math::Position3 const &,class math::Dir3 const &)	
0x0075BC40	?ProjectileExplosion@MPPeer@@QAEXHABVPosition3@math@@ABVDir3@3@EVMPEntityHandle@@@Z	public: void __thiscall MPPeer::ProjectileExplosion(int,class math::Position3 const &,class math::Dir3 const &,unsigned char,class MPEntityHandle)	
0x0075BDE0	?EnterLevel@MPPeer@@QAEXXZ	public: void __thiscall MPPeer::EnterLevel(void)	
0x0075BE00	?SendVehicleStates@MPPeer@@QAEXPAVEntity@@@Z	public: void __thiscall MPPeer::SendVehicleStates(class Entity *)	
0x0075BF90	?BroadcastVehicleRespawn@MPPeer@@QAEXPAVEntity@@@Z	public: void __thiscall MPPeer::BroadcastVehicleRespawn(class Entity *)	
0x0075C160	?DropWeapon@MPPeer@@QAEXHHABVPosition3@math@@ABVDir3@3@1HH@Z	public: void __thiscall MPPeer::DropWeapon(int,int,class math::Position3 const &,class math::Dir3 const &,class math::Dir3 const &,int,int)	
0x0075C2A0	?SwapWeapon@MPPeer@@QAEXHHHH@Z	public: void __thiscall MPPeer::SwapWeapon(int,int,int,int)	
0x0075C420	?DebugRender@MPPeer@@QAEXXZ	public: void __thiscall MPPeer::DebugRender(void)	
0x0075C960	?PlayerSpawn@MPPlayer@@QAEXQAM0@Z	public: void __thiscall MPPlayer::PlayerSpawn(float * const,float * const)	
0x0075CD10	?PlayerRevive@MPPlayer@@QAEXQAM0@Z	public: void __thiscall MPPlayer::PlayerRevive(float * const,float * const)	
0x0075D250	??1MPPlayerItems@@QAE@XZ	public: __thiscall MPPlayerItems::~MPPlayerItems(void)	
0x0075D300	?AddItem@MPPlayerItems@@QAEFW4EDroppedItemTypes@@PAVEntity@@@Z	public: short __thiscall MPPlayerItems::AddItem(enum EDroppedItemTypes,class Entity *)	
0x0075D3C0	?FindFreeSlot@MPPlayerItems@@QAEFW4EDroppedItemTypes@@@Z	public: short __thiscall MPPlayerItems::FindFreeSlot(enum EDroppedItemTypes)	
0x0075D410	?Step@MPVehicle@@QAEXXZ	public: void __thiscall MPVehicle::Step(void)	
0x0075D440	?Reset@MPPlayerManager@@QAEXXZ	public: void __thiscall MPPlayerManager::Reset(void)	
0x0075D590	?Step@MPPlayerManager@@QAEXM@Z	public: void __thiscall MPPlayerManager::Step(float)	
0x0075E1E0	?DisconnectPlayer@MPPlayerManager@@AAEXPAVMPPlayer@@@Z	private: void __thiscall MPPlayerManager::DisconnectPlayer(class MPPlayer *)	
0x0075E440	?HandlePlayerEnter@MPPlayerManager@@AAEXABVbdReceivedMessage@@@Z	private: void __thiscall MPPlayerManager::HandlePlayerEnter(class bdReceivedMessage const &)	
0x0075E600	?HandlePlayerSetup@MPPlayerManager@@AAEXABVbdReceivedMessage@@@Z	private: void __thiscall MPPlayerManager::HandlePlayerSetup(class bdReceivedMessage const &)	
0x0075ED70	?HandleMapRestart@MPPlayerManager@@AAEXABVbdReceivedMessage@@@Z	private: void __thiscall MPPlayerManager::HandleMapRestart(class bdReceivedMessage const &)	
0x0075EDF0	?HandlePlayerRespawn@MPPlayerManager@@AAEXABVbdReceivedMessage@@@Z	private: void __thiscall MPPlayerManager::HandlePlayerRespawn(class bdReceivedMessage const &)	
0x0075F1F0	?HandlePlayerRevive@MPPlayerManager@@AAEXABVbdReceivedMessage@@@Z	private: void __thiscall MPPlayerManager::HandlePlayerRevive(class bdReceivedMessage const &)	
0x0075F5B0	?HandleProjectileExplosion@MPPlayerManager@@AAEXABVbdReceivedMessage@@@Z	private: void __thiscall MPPlayerManager::HandleProjectileExplosion(class bdReceivedMessage const &)	
0x0075F870	?HandleRoundOver@MPPlayerManager@@AAEXABVbdReceivedMessage@@@Z	private: void __thiscall MPPlayerManager::HandleRoundOver(class bdReceivedMessage const &)	
0x0075FA90	?HandleNextRound@MPPlayerManager@@AAEXABVbdReceivedMessage@@@Z	private: void __thiscall MPPlayerManager::HandleNextRound(class bdReceivedMessage const &)	
0x0075FD50	?HandlePickupItem@MPPlayerManager@@AAEXABVbdReceivedMessage@@@Z	private: void __thiscall MPPlayerManager::HandlePickupItem(class bdReceivedMessage const &)	
0x0075FFA0	?HandleVehicleStates@MPPlayerManager@@AAEXABVbdReceivedMessage@@@Z	private: void __thiscall MPPlayerManager::HandleVehicleStates(class bdReceivedMessage const &)	
0x007600A0	?SwapPlayers@MPPlayerManager@@AAEXHH@Z	private: void __thiscall MPPlayerManager::SwapPlayers(int,int)	
0x00760230	?HandleDropSplitScreenPlayer@MPPlayerManager@@AAEXABVbdReceivedMessage@@@Z	private: void __thiscall MPPlayerManager::HandleDropSplitScreenPlayer(class bdReceivedMessage const &)	
0x00760450	?RemoveDroppedItems@MPPlayerManager@@QAEXXZ	public: void __thiscall MPPlayerManager::RemoveDroppedItems(void)	
0x00760480	?RegisterDroppedItem@MPPlayerManager@@QAEXW4EDroppedItemTypes@@PAVEntity@@1F@Z	public: void __thiscall MPPlayerManager::RegisterDroppedItem(enum EDroppedItemTypes,class Entity *,class Entity *,short)	
0x00760590	?FindDroppedItemID@MPPlayerManager@@QAE?AVMPEntityHandle@@W4EDroppedItemTypes@@PAVEntity@@1@Z	public: class MPEntityHandle __thiscall MPPlayerManager::FindDroppedItemID(enum EDroppedItemTypes,class Entity *,class Entity *)	
0x00760690	?FindDroppedItem@MPPlayerManager@@QAEPAVEntity@@W4EDroppedItemTypes@@FH@Z	public: class Entity * __thiscall MPPlayerManager::FindDroppedItem(enum EDroppedItemTypes,short,int)	
0x00760710	?SendDroppedItems@MPPlayerManager@@AAEXQAVMPPlayer@@@Z	private: void __thiscall MPPlayerManager::SendDroppedItems(class MPPlayer * const)	
0x00760F90	?OnTriangle@MPProfileMainMenu@@UAEXH@Z	public: virtual void __thiscall MPProfileMainMenu::OnTriangle(int)	
0x00760FE0	?DialogDisplayProfileSelected@MPProfileMainMenu@@QAEXXZ	public: void __thiscall MPProfileMainMenu::DialogDisplayProfileSelected(void)	
0x007610D0	?updateSystem@cVoiceManager@kvoicemanager@kuju@@AAEXAAVsTime@knet@3@@Z	private: void __thiscall kuju::kvoicemanager::cVoiceManager::updateSystem(class kuju::knet::sTime &)	
0x007610F0	??0MultiplayerMgr@@QAE@XZ	public: __thiscall MultiplayerMgr::MultiplayerMgr(void)	
0x00761290	?SpreadFire@MultiplayerMgr@@QAEXPAVEntity@@MMABVPosition3@math@@HMMH@Z	public: void __thiscall MultiplayerMgr::SpreadFire(class Entity *,float,float,class math::Position3 const &,int,float,float,int)	
0x007612B0	?BulletHit@MultiplayerMgr@@QAEXABVPosition3@math@@ABVDir3@3@EEPAVEntity@@@Z	public: void __thiscall MultiplayerMgr::BulletHit(class math::Position3 const &,class math::Dir3 const &,unsigned char,unsigned char,class Entity *)	
0x007612D0	?MeleeHit@MultiplayerMgr@@QAEXPAVEntity@@0ABVPosition3@math@@ABVDir3@4@EFEH@Z	public: void __thiscall MultiplayerMgr::MeleeHit(class Entity *,class Entity *,class math::Position3 const &,class math::Dir3 const &,unsigned char,short,unsigned char,int)	
0x007612F0	?FireMissile@MultiplayerMgr@@QAEXHABVPosition3@math@@ABVDir3@3@VMPEntityHandle@@@Z	public: void __thiscall MultiplayerMgr::FireMissile(int,class math::Position3 const &,class math::Dir3 const &,class MPEntityHandle)	
0x00761320	?VehicleFireMissile@MultiplayerMgr@@QAEXPAVEntity@@HABVPosition3@math@@ABVDir3@4@@Z	public: void __thiscall MultiplayerMgr::VehicleFireMissile(class Entity *,int,class math::Position3 const &,class math::Dir3 const &)	
0x00761340	?ProjectileExplosion@MultiplayerMgr@@QAEXPAVEntity@@HABVPosition3@math@@ABVDir3@4@E0@Z	public: void __thiscall MultiplayerMgr::ProjectileExplosion(class Entity *,int,class math::Position3 const &,class math::Dir3 const &,unsigned char,class Entity *)	
0x007613A0	?EnterGame@MultiplayerMgr@@QAEXXZ	public: void __thiscall MultiplayerMgr::EnterGame(void)	
0x007613D0	?EnterLevel@MultiplayerMgr@@QAEXXZ	public: void __thiscall MultiplayerMgr::EnterLevel(void)	
0x00761400	?SendVehicleStates@MultiplayerMgr@@QAEXPAVEntity@@@Z	public: void __thiscall MultiplayerMgr::SendVehicleStates(class Entity *)	
0x00761460	?BroadcastVehicleRespawn@MultiplayerMgr@@QAEXPAVEntity@@@Z	public: void __thiscall MultiplayerMgr::BroadcastVehicleRespawn(class Entity *)	
0x007614C0	?RemoveDroppedItems@MultiplayerMgr@@QAEXXZ	public: void __thiscall MultiplayerMgr::RemoveDroppedItems(void)	
0x007614F0	?RegisterDroppedItem@MultiplayerMgr@@QAEXW4EDroppedItemTypes@@PAVEntity@@1H@Z	public: void __thiscall MultiplayerMgr::RegisterDroppedItem(enum EDroppedItemTypes,class Entity *,class Entity *,int)	
0x00761510	?FindDroppedItemID@MultiplayerMgr@@QAE?AVMPEntityHandle@@W4EDroppedItemTypes@@PAVEntity@@1@Z	public: class MPEntityHandle __thiscall MultiplayerMgr::FindDroppedItemID(enum EDroppedItemTypes,class Entity *,class Entity *)	
0x00761550	?FindDroppedItem@MultiplayerMgr@@QAEPAVEntity@@W4EDroppedItemTypes@@HH@Z	public: class Entity * __thiscall MultiplayerMgr::FindDroppedItem(enum EDroppedItemTypes,int,int)	
0x00761570	?FindDroppedItem@MultiplayerMgr@@QAEPAVEntity@@W4EDroppedItemTypes@@HPAV2@@Z	public: class Entity * __thiscall MultiplayerMgr::FindDroppedItem(enum EDroppedItemTypes,int,class Entity *)	
0x007615C0	?DropWeapon@MultiplayerMgr@@QAEXHHABVPosition3@math@@ABVDir3@3@1HH@Z	public: void __thiscall MultiplayerMgr::DropWeapon(int,int,class math::Position3 const &,class math::Dir3 const &,class math::Dir3 const &,int,int)	
0x007615E0	?SwapWeapon@MultiplayerMgr@@QAEXHHHH@Z	public: void __thiscall MultiplayerMgr::SwapWeapon(int,int,int,int)	
0x00761650	?SendServerParams@MultiplayerMgr@@QAEXXZ	public: void __thiscall MultiplayerMgr::SendServerParams(void)	
0x007616B0	?MPDebugRenderer@@YAXXZ	void __cdecl MPDebugRenderer(void)	
0x007616C0	?ConnectToPeersFinalize@MPPeer@@AAEXABV?$bdReference@VMPGameInfo@@@@@Z	private: void __thiscall MPPeer::ConnectToPeersFinalize(class bdReference<class MPGameInfo> const &)	
0x00761710	?Disconnect@MPPeer@@QAEXXZ	public: void __thiscall MPPeer::Disconnect(void)	
0x00761770	?AddQosProbe@MPPeer@@QAEHV?$bdReference@VbdCommonAddr@@@@ABUXNKID@@ABUXNKEY@@_N@Z	public: int __thiscall MPPeer::AddQosProbe(class bdReference<class bdCommonAddr>,struct XNKID const &,struct XNKEY const &,bool)	
0x00761910	?onSessionConnectSuccess@MPPeer@@EAEXXZ	private: virtual void __thiscall MPPeer::onSessionConnectSuccess(void)	
0x007619D0	?CreateLocalGameInfo@MPPeer@@AAE_NAAV?$bdReference@VMPGameInfo@@@@@Z	private: bool __thiscall MPPeer::CreateLocalGameInfo(class bdReference<class MPGameInfo> &)	
0x00761CE0	??0MPPlayer@@QAE@XZ	public: __thiscall MPPlayer::MPPlayer(void)	
0x00761E30	??1MPPlayer@@QAE@XZ	public: __thiscall MPPlayer::~MPPlayer(void)	
0x00761EA0	?DeserializeDropWeapon@MPPlayerItems@@SA_NV?$bdReference@VbdBitBuffer@@@@@Z	public: static bool __cdecl MPPlayerItems::DeserializeDropWeapon(class bdReference<class bdBitBuffer>)	
0x007621A0	?DeserializeFireMissile@MPPlayerItems@@SA_NV?$bdReference@VbdBitBuffer@@@@_N@Z	public: static bool __cdecl MPPlayerItems::DeserializeFireMissile(class bdReference<class bdBitBuffer>,bool)	
0x007624E0	??1MPPlayerManager@@UAE@XZ	public: virtual __thiscall MPPlayerManager::~MPPlayerManager(void)	
0x007625E0	?onSessionDisconnect@MPPlayerManager@@EAEXV?$bdReference@VbdConnection@@@@@Z	private: virtual void __thiscall MPPlayerManager::onSessionDisconnect(class bdReference<class bdConnection>)	
0x007626F0	?HandlePlayerJoin@MPPlayerManager@@AAEXABVbdReceivedMessage@@@Z	private: void __thiscall MPPlayerManager::HandlePlayerJoin(class bdReceivedMessage const &)	
0x007629D0	?HandleFireMissile@MPPlayerManager@@AAEXABVbdReceivedMessage@@@Z	private: void __thiscall MPPlayerManager::HandleFireMissile(class bdReceivedMessage const &)	
0x00762AE0	?HandleGameEnter@MPPlayerManager@@AAEXABVbdReceivedMessage@@@Z	private: void __thiscall MPPlayerManager::HandleGameEnter(class bdReceivedMessage const &)	
0x00762B40	?HandleDropItem@MPPlayerManager@@AAEXABVbdReceivedMessage@@@Z	private: void __thiscall MPPlayerManager::HandleDropItem(class bdReceivedMessage const &)	
0x00762F20	?HandleDropWeapon@MPPlayerManager@@AAEXABVbdReceivedMessage@@@Z	private: void __thiscall MPPlayerManager::HandleDropWeapon(class bdReceivedMessage const &)	
0x00763040	?HandleSwapWeapon@MPPlayerManager@@AAEXABVbdReceivedMessage@@@Z	private: void __thiscall MPPlayerManager::HandleSwapWeapon(class bdReceivedMessage const &)	
0x00763420	?HandleSwapKit@MPPlayerManager@@AAEXABVbdReceivedMessage@@@Z	private: void __thiscall MPPlayerManager::HandleSwapKit(class bdReceivedMessage const &)	
0x00763830	?RegisterDroppedItem@MPPlayerManager@@QAE?AVMPEntityHandle@@W4EDroppedItemTypes@@PAVEntity@@1@Z	public: class MPEntityHandle __thiscall MPPlayerManager::RegisterDroppedItem(enum EDroppedItemTypes,class Entity *,class Entity *)	
0x00763960	?GetNextDroppedItemID@MPPlayerManager@@QAE?AVMPEntityHandle@@W4EDroppedItemTypes@@PAVEntity@@@Z	public: class MPEntityHandle __thiscall MPPlayerManager::GetNextDroppedItemID(enum EDroppedItemTypes,class Entity *)	
0x00763A10	?HandleDroppedItems@MPPlayerManager@@AAEXABVbdReceivedMessage@@@Z	private: void __thiscall MPPlayerManager::HandleDroppedItems(class bdReceivedMessage const &)	
0x00763E40	?FromXboxLive@sGameListing@@QAEXABVCDefaultResult@@@Z	public: void __thiscall sGameListing::FromXboxLive(class CDefaultResult const &)	
0x00764090	?HandleQuery@MPUIInterface@@SAXXZ	public: static void __cdecl MPUIInterface::HandleQuery(void)	
0x00764180	?bdNetStart@MPUIInterface@@SAXXZ	public: static void __cdecl MPUIInterface::bdNetStart(void)	
0x00764210	?Select@MPProfileMainMenu@@UAEXH@Z	public: virtual void __thiscall MPProfileMainMenu::Select(int)	
0x007642B0	?update@cVoiceManager@kvoicemanager@kuju@@QAEXXZ	public: void __thiscall kuju::kvoicemanager::cVoiceManager::update(void)	
0x00764310	?Disconnect@MultiplayerMgr@@QAEXXZ	public: void __thiscall MultiplayerMgr::Disconnect(void)	
0x00764370	?RegisterDroppedItem@MultiplayerMgr@@QAE?AVMPEntityHandle@@W4EDroppedItemTypes@@PAVEntity@@1@Z	public: class MPEntityHandle __thiscall MultiplayerMgr::RegisterDroppedItem(enum EDroppedItemTypes,class Entity *,class Entity *)	
0x007643B0	?GetNextDroppedItemID@MultiplayerMgr@@QAE?AVMPEntityHandle@@W4EDroppedItemTypes@@PAVEntity@@@Z	public: class MPEntityHandle __thiscall MultiplayerMgr::GetNextDroppedItemID(enum EDroppedItemTypes,class Entity *)	
0x007643F0	??1MPPeer@@UAE@XZ	public: virtual __thiscall MPPeer::~MPPeer(void)	
0x00764520	?Step@MPPeer@@QAEXM_N@Z	public: void __thiscall MPPeer::Step(float,bool)	
0x00764620	?ConnectToPeers@MPPeer@@QAE_NABV?$bdReference@VMPGameInfo@@@@HW4EGameConnectionType@@@Z	public: bool __thiscall MPPeer::ConnectToPeers(class bdReference<class MPGameInfo> const &,int,enum EGameConnectionType)	
0x007646E0	?onSessionStatusChange@MPPeer@@EAEXW4bdSessionStatus@bdSession@@0@Z	private: virtual void __thiscall MPPeer::onSessionStatusChange(enum bdSession::bdSessionStatus,enum bdSession::bdSessionStatus)	
0x00764C50	??0MPPlayerManager@@QAE@QAVbdSession@@@Z	public: __thiscall MPPlayerManager::MPPlayerManager(class bdSession * const)	
0x00765360	?ExitGame@MPUIInterface@@SAXXZ	public: static void __cdecl MPUIInterface::ExitGame(void)	
0x00765430	??0MPPeer@@QAE@XZ	public: __thiscall MPPeer::MPPeer(void)	
0x007655E0	?CreateGame@MPPeer@@QAE_NAAV?$bdReference@VMPGameInfo@@@@W4EGameConnectionType@@@Z	public: bool __thiscall MPPeer::CreateGame(class bdReference<class MPGameInfo> &,enum EGameConnectionType)	
0x007656C0	??0MPProfileEditMenu@@QAE@PAVFEMenuSystem@@@Z	public: __thiscall MPProfileEditMenu::MPProfileEditMenu(class FEMenuSystem *)	
0x00765750	??1MPProfileEditMenu@@UAE@XZ	public: virtual __thiscall MPProfileEditMenu::~MPProfileEditMenu(void)	
0x007657C0	?Step@MultiplayerMgr@@QAEXH_N0@Z	public: void __thiscall MultiplayerMgr::Step(int,bool,bool)	
0x00765D40	?CreateGame@MultiplayerMgr@@QAE_NAAV?$bdReference@VMPGameInfo@@@@W4EGameConnectionType@@@Z	public: bool __thiscall MultiplayerMgr::CreateGame(class bdReference<class MPGameInfo> &,enum EGameConnectionType)	
0x00765DB0	?run@MPLevelLoader@@UAEIPAX@Z	public: virtual unsigned int __thiscall MPLevelLoader::run(void *)	
0x00765E00	?BlockUntilNetReady@MPUIInterface@@SA_NXZ	public: static bool __cdecl MPUIInterface::BlockUntilNetReady(void)	
0x00765E50	?Step@MPUIInterface@@SAXXZ	public: static void __cdecl MPUIInterface::Step(void)	
0x00765FC0	?GameListingGet@MPUIInterface@@SAPAUsGameListing@@AAK@Z	public: static struct sGameListing * __cdecl MPUIInterface::GameListingGet(unsigned long &)	
0x00766000	?bdNetStop@MPUIInterface@@SAXXZ	public: static void __cdecl MPUIInterface::bdNetStop(void)	
0x00766060	??1MultiplayerMgr@@QAE@XZ	public: __thiscall MultiplayerMgr::~MultiplayerMgr(void)	
0x007660E0	?StartGame@MPUIInterface@@SA_N_N0@Z	public: static bool __cdecl MPUIInterface::StartGame(bool,bool)	
0x00766260	?StartServer@MPUIInterface@@SA?B_N_N0@Z	public: static bool const __cdecl MPUIInterface::StartServer(bool,bool)	
0x007663E0	?StartClient@MPUIInterface@@SA?B_NAAUsGameListing@@_NH@Z	public: static bool const __cdecl MPUIInterface::StartClient(struct sGameListing &,bool,int)	
0x00766510	?StartDevServer@MultiplayerMgr@@QAEXXZ	public: void __thiscall MultiplayerMgr::StartDevServer(void)	
