index	status	map_line
1	VERIFIED	0002:004542c0 ??1nalBaseSkeleton@@UAE@XZ 00C437C0 f i nal_init.o
2	VERIFIED	0002:004542d0 ??0nalBasePose@@IAE@XZ 00C437D0 f i nal_init.o
3	VERIFIED	0002:004542e0 ??0nalInitListAnimType@@QAE@ABVtlFixedString@@PAX1@Z 00C437E0 f i nal_init.o
4	VERIFIED	0002:00454350 ?Register@nalInitListAnimType@@UAEXXZ 00C43850 f i nal_init.o
5	VERIFIED	0002:00454360 ??1nalInitListAnimType@@UAE@XZ 00C43860 f i nal_init.o
6	VERIFIED	0002:00454370 ?Init@nalAnimHeap@@QAEXH@Z 00C43870 f i nal_init.o
7	VERIFIED	0002:00454390 ??0nalAnimCache@@QAE@XZ 00C43890 f i nal_init.o
8	VERIFIED	0002:004543b0 ?Init@nalAnimCache@@QAEXAAVnalHeap@@@Z 00C438B0 f i nal_init.o
9	VERIFIED	0002:004543d0 ??1nalGenericSkeleton@nalGeneric@@UAE@XZ 00C438D0 f i nal_init.o
10	VERIFIED	0002:004543f0 ??0?$nalAnimClass@VnalGenericPose@nalGeneric@@@@QAE@XZ 00C438F0 f i nal_init.o
11	VERIFIED	0002:00454420 ??1?$nalAnimClass@VnalGenericPose@nalGeneric@@@@UAE@XZ 00C43920 f i nal_init.o
12	VERIFIED	0002:00454430 ??1nalGenericAnim@nalGeneric@@UAE@XZ 00C43930 f i nal_init.o
13	SKIPPED	0002:00454440 ??_G?$nalAnimClass@VnalGenericPose@nalGeneric@@@@UAEPAXI@Z 00C43940 f i nal_init.o  SKIPPED: compiler-generated deleting destructor; supplied by the compiler
14	SKIPPED	0002:00454440 ??_E?$nalAnimClass@VnalGenericPose@nalGeneric@@@@UAEPAXI@Z 00C43940 f i nal_init.o  SKIPPED: compiler-generated deleting destructor; supplied by the compiler
15	FIXED	0002:00454470 ??1nalComponentU8Base@@UAE@XZ 00C43970 f i nal_init.o
16	VERIFIED	0002:00454480 ??1nalAnimHeap@@UAE@XZ 00C43980 f i nal_init.o
17	VERIFIED	0002:00454490 ?nalSetAnimPath@@YAXPBD@Z 00C43990 f nal_init.o
18	VERIFIED	0002:004544c0 ?nalGetAnimPath@@YAPBDXZ 00C439C0 f nal_init.o
19	VERIFIED	0002:004544d0 ?nalSetSkeletonPath@@YAXPBD@Z 00C439D0 f nal_init.o
20	VERIFIED	0002:00454500 ?nalGetSkeletonPath@@YAPBDXZ 00C43A00 f nal_init.o
21	VERIFIED	0002:00454510 ?nalGetVersion@@YAIXZ 00C43A10 f nal_init.o
22	VERIFIED	0002:00454520 ?nalEnableScratchPadUse@@YAXXZ 00C43A20 f nal_init.o
23	VERIFIED	0002:00454530 ?nalDisableScratchPadUse@@YAXXZ 00C43A30 f nal_init.o
24	VERIFIED	0002:00454540 ?nalEnablePerformanceWarnings@@YAXXZ 00C43A40 f nal_init.o
25	VERIFIED	0002:00454550 ?nalDisablePerformanceWarnings@@YAXXZ 00C43A50 f nal_init.o
26	VERIFIED	0002:00454560 ?nalExit@@YAXXZ 00C43A60 f nal_init.o
27	VERIFIED	0002:004545e0 ?nalInit@@YAXPAVnalHeap@@@Z 00C43AE0 f nal_init.o
28	SKIPPED	0002:00454730 ??_GtlInstanceBank@@QAEPAXI@Z 00C43C30 f i nal_init.o  SKIPPED: compiler-generated deleting destructor; supplied by the compiler
29	PORTED	0002:00454760 ??2?$tlResourceDirectory@VnalBaseSkeleton@@@@SAPAXI@Z 00C43C60 f i nal_init.o
30	PORTED	0002:00454780 ??0?$nalPoseClass@VnalGenericSkeleton@nalGeneric@@VnalGenericPose@2@@@IAE@XZ 00C43C80 f i nal_init.o
31	FIXED	0002:00454790 ??1?$nalComponent@VnalComponentU8Base@@VnalComponentSignalCounterData@@VnalComponentSignalCounter@@@@MAE@XZ 00C43C90 f i nal_init.o
32	FIXED	0002:004547a0 ??1?$nalComponent@VnalComponentU8Base@@VnalComponentRLE8Int1Data@@VnalComponentRLE8Int1@@@@MAE@XZ 00C43CA0 f i nal_init.o
33	PORTED	0002:004547b0 ??2?$tlResourceDirectory@VnalAnimFile@@@@SAPAXI@Z 00C43CB0 f i nal_init.o
34	PORTED	0002:004547d0 ??2?$tlResourceDirectory@V?$nalAnimClass@VnalAnyPose@@@@@@SAPAXI@Z 00C43CD0 f i nal_init.o
35	PORTED	0002:004547f0 ??2?$tlResourceDirectory@VnalSceneAnim@@@@SAPAXI@Z 00C43CF0 f i nal_init.o
36	FIXED	0002:00454810 ??1nalComponentFloat1Base@@UAE@XZ 00C43D10 f i nal_init.o
37	FIXED	0002:00454820 ??1nalComponentFloat3Base@@UAE@XZ 00C43D20 f i nal_init.o
38	FIXED	0002:00454830 ??1nalComponentFloat4Base@@UAE@XZ 00C43D30 f i nal_init.o
39	FIXED	0002:00454840 ??1nalComponentQuatBase@@UAE@XZ 00C43D40 f i nal_init.o
40	FIXED	0002:00454850 ??1nalComponentPOBase@@UAE@XZ 00C43D50 f i nal_init.o
41	FIXED	0002:00454860 ??1nalComponentIKSpinBase@@UAE@XZ 00C43D60 f i nal_init.o
42	FIXED	0002:00454870 ??0?$tlSkipList@VnalAnimFile@@VtlFixedString@@@@QAE@XZ 00C43D70 f i nal_init.o
43	FIXED	0002:00454890 ??0?$tlSkipList@V?$nalAnimClass@VnalAnyPose@@@@VtlFixedString@@@@QAE@XZ 00C43D90 f i nal_init.o
44	FIXED	0002:004548b0 ??0?$tlSkipList@VnalSceneAnim@@VtlFixedString@@@@QAE@XZ 00C43DB0 f i nal_init.o
45	FIXED	0002:004548d0 ??0?$tlSkipList@VnalBaseSkeleton@@VtlFixedString@@@@QAE@XZ 00C43DD0 f i nal_init.o
46	VERIFIED	0002:004548f0 ?Key@Instance@?$tlSkipList@VnalAnimFile@@VtlFixedString@@@@QBEABVtlFixedString@@XZ 00C43DF0 f i nal_init.o
47	VERIFIED	0002:00454900 ?Key@Instance@?$tlSkipList@V?$nalAnimClass@VnalAnyPose@@@@VtlFixedString@@@@QBEABVtlFixedString@@XZ 00C43E00 f i nal_init.o
48	VERIFIED	0002:00454910 ?Key@Instance@?$tlSkipList@VnalSceneAnim@@VtlFixedString@@@@QBEABVtlFixedString@@XZ 00C43E10 f i nal_init.o
49	VERIFIED	0002:00454920 ?Key@Instance@?$tlSkipList@VnalBaseSkeleton@@VtlFixedString@@@@QBEABVtlFixedString@@XZ 00C43E20 f i nal_init.o
50	VERIFIED	0002:00454930 ??0nalBaseSkeleton@@QAE@XZ 00C43E30 f i nal_init.o
51	SKIPPED	0002:00454970 ??_GnalBaseSkeleton@@UAEPAXI@Z 00C43E70 f i nal_init.o  SKIPPED: compiler-generated deleting destructor; supplied by the compiler
52	SKIPPED	0002:00454970 ??_EnalBaseSkeleton@@UAEPAXI@Z 00C43E70 f i nal_init.o  SKIPPED: compiler-generated deleting destructor; supplied by the compiler
53	SKIPPED	0002:004549a0 ??_GnalInitListAnimType@@UAEPAXI@Z 00C43EA0 f i nal_init.o  SKIPPED: compiler-generated deleting destructor; supplied by the compiler
54	SKIPPED	0002:004549a0 ??_EnalInitListAnimType@@UAEPAXI@Z 00C43EA0 f i nal_init.o  SKIPPED: compiler-generated deleting destructor; supplied by the compiler
55	VERIFIED	0002:004549d0 ??0nalGenericPose@nalGeneric@@IAE@XZ 00C43ED0 f i nal_init.o
56	PORTED	0002:004549e0 ??0nalGenericSkeleton@nalGeneric@@QAE@W4nalRegisterKey@@@Z 00C43EE0 f i nal_init.o
57	VERIFIED	0002:00454a70 ?CheckVersion@nalGenericSkeleton@nalGeneric@@MBE_NXZ 00C43F70 f i nal_init.o
58	VERIFIED	0002:00454a80 ?VirtualGetLODCount@nalGenericSkeleton@nalGeneric@@MBEIXZ 00C43F80 f i nal_init.o
59	VERIFIED	0002:00454a90 ?VirtualGetBoneMatrixCount@nalGenericSkeleton@nalGeneric@@MBEIH@Z 00C43F90 f i nal_init.o
60	VERIFIED	0002:00454ab0 ?VirtualGetBoneMatrices@nalGenericSkeleton@nalGeneric@@MBEXABVnalBasePose@@PAVnalMatrix4x4@@H@Z 00C43FB0 f i nal_init.o
61	VERIFIED	0002:00454ac0 ?VirtualGetTrajectoryUpdate@nalGenericSkeleton@nalGeneric@@MBEXABVnalBasePose@@AAVnalPositionOrientation@@@Z 00C43FC0 f i nal_init.o
62	VERIFIED	0002:00454ad0 ?VirtualGetPose@nalGenericSkeleton@nalGeneric@@MBEXAAVnalBasePose@@PBVnalMatrix4x4@@PAV4@ABV3@H@Z 00C43FD0 f i nal_init.o
63	VERIFIED	0002:00454ae0 ?VirtualGetDefaultPose@nalGenericSkeleton@nalGeneric@@MBEABVnalBasePose@@XZ 00C43FE0 f i nal_init.o
64	VERIFIED	0002:00454af0 ?VirtualCreatePose@nalGenericSkeleton@nalGeneric@@MBEPAVnalBasePose@@XZ 00C43FF0 f i nal_init.o
65	VERIFIED	0002:00454b00 ?CreatePose@nalGenericSkeleton@nalGeneric@@QBEPAVnalGenericPose@2@XZ 00C44000 f i nal_init.o
66	VERIFIED	0002:00454b30 ?VirtualCopyPose@nalGenericSkeleton@nalGeneric@@MBEXAAVnalBasePose@@ABV3@@Z 00C44030 f i nal_init.o
67	VERIFIED	0002:00454b50 ?VirtualBlend@nalGenericSkeleton@nalGeneric@@MBEXAAVnalBasePose@@MABV3@1@Z 00C44050 f i nal_init.o
68	VERIFIED	0002:00454b70 ?VirtualDestroyPose@nalGenericSkeleton@nalGeneric@@MBEXPAVnalBasePose@@@Z 00C44070 f i nal_init.o
69	SKIPPED	0002:00454b90 ??_GnalGenericSkeleton@nalGeneric@@UAEPAXI@Z 00C44090 f i nal_init.o  SKIPPED: compiler-generated deleting destructor; supplied by the compiler
70	SKIPPED	0002:00454b90 ??_EnalGenericSkeleton@nalGeneric@@UAEPAXI@Z 00C44090 f i nal_init.o  SKIPPED: compiler-generated deleting destructor; supplied by the compiler
71	VERIFIED	0002:00454bc0 ??0nalGenericAnim@nalGeneric@@QAE@W4nalRegisterKey@@@Z 00C440C0 f i nal_init.o
72	VERIFIED	0002:00454c20 ?CheckVersion@nalGenericAnim@nalGeneric@@UBE_NXZ 00C44120 f i nal_init.o
73	VERIFIED	0002:00454c30 ?VirtualCreateInstance@nalGenericAnim@nalGeneric@@MAEPAVnalInstanceClass@?$nalAnimClass@VnalAnyPose@@@@PAVnalBaseSkeleton@@@Z 00C44130 f i nal_init.o
74	SKIPPED	0002:00454c40 ??_EnalGenericAnim@nalGeneric@@UAEPAXI@Z 00C44140 f i nal_init.o  SKIPPED: compiler-generated deleting destructor; supplied by the compiler
75	SKIPPED	0002:00454c40 ??_GnalGenericAnim@nalGeneric@@UAEPAXI@Z 00C44140 f i nal_init.o  SKIPPED: compiler-generated deleting destructor; supplied by the compiler
76	PORTED	0002:00454c70 ??1nalComponentSignalCounter@@UAE@XZ 00C44170 f i nal_init.o
77	PORTED	0002:00454c80 ??1nalComponentRLE8Int1@@UAE@XZ 00C44180 f i nal_init.o
78	VERIFIED	0002:00454c90 ??0nalAnimHeap@@QAE@XZ 00C44190 f i nal_init.o
79	VERIFIED	0002:00454ca0 ?Allocate@nalAnimHeap@@UAEPAXH@Z 00C441A0 f i nal_init.o
80	VERIFIED	0002:00454cd0 ?Free@nalAnimHeap@@UAEXPAXH@Z 00C441D0 f i nal_init.o
81	VERIFIED	0002:00454cf0 ?GetSize@nalAnimHeap@@UAEHXZ 00C441F0 f i nal_init.o
82	VERIFIED	0002:00454d00 ?GetUsedSpace@nalAnimHeap@@UAEHXZ 00C44200 f i nal_init.o
83	SKIPPED	0002:00454d10 ??_GnalAnimHeap@@UAEPAXI@Z 00C44210 f i nal_init.o  SKIPPED: compiler-generated deleting destructor; supplied by the compiler
84	SKIPPED	0002:00454d10 ??_EnalAnimHeap@@UAEPAXI@Z 00C44210 f i nal_init.o  SKIPPED: compiler-generated deleting destructor; supplied by the compiler
85	FIXED	0002:00454d40 ??1?$nalComponent@VnalComponentFloat1Base@@VnalComponentEntropyFloat1Data@@VnalComponentEntropyFloat1@@@@MAE@XZ 00C44240 f i nal_init.o
86	FIXED	0002:00454d50 ??1?$nalComponent@VnalComponentFloat1Base@@VnalComponentPacked8Float1Data@@VnalComponentPacked8Float1@@@@MAE@XZ 00C44250 f i nal_init.o
87	FIXED	0002:00454d60 ??1?$nalComponent@VnalComponentFloat3Base@@VnalComponentFloat3Data@@VnalComponentFloat3@@@@MAE@XZ 00C44260 f i nal_init.o
88	FIXED	0002:00454d70 ??1?$nalComponent@VnalComponentFloat3Base@@VnalComponentEntropyFloat3Data@@VnalComponentEntropyFloat3@@@@MAE@XZ 00C44270 f i nal_init.o
89	FIXED	0002:00454d80 ??1?$nalComponent@VnalComponentFloat3Base@@VnalComponentPacked8EntropyFloat3Data@@VnalComponentPacked8EntropyFloat3@@@@MAE@XZ 00C44280 f i nal_init.o
90	FIXED	0002:00454d90 ??1?$nalComponent@VnalComponentFloat3Base@@VnalComponentPacked16EntropyFloat3Data@@VnalComponentPacked16EntropyFloat3@@@@MAE@XZ 00C44290 f i nal_init.o
91	FIXED	0002:00454da0 ??1?$nalComponent@VnalComponentFloat4Base@@VnalComponentFloat4Data@@VnalComponentFloat4@@@@MAE@XZ 00C442A0 f i nal_init.o
92	FIXED	0002:00454db0 ??1?$nalComponent@VnalComponentFloat4Base@@VnalComponentEntropyFloat4Data@@VnalComponentEntropyFloat4@@@@MAE@XZ 00C442B0 f i nal_init.o
93	FIXED	0002:00454dc0 ??1?$nalComponent@VnalComponentFloat4Base@@VnalComponentPacked8EntropyFloat4Data@@VnalComponentPacked8EntropyFloat4@@@@MAE@XZ 00C442C0 f i nal_init.o
94	FIXED	0002:00454dd0 ??1?$nalComponent@VnalComponentFloat4Base@@VnalComponentPacked16EntropyFloat4Data@@VnalComponentPacked16EntropyFloat4@@@@MAE@XZ 00C442D0 f i nal_init.o
95	FIXED	0002:00454de0 ??1?$nalComponent@VnalComponentQuatBase@@VnalComponentQuatData@@VnalComponentQuat@@@@MAE@XZ 00C442E0 f i nal_init.o
96	FIXED	0002:00454df0 ??1?$nalComponent@VnalComponentQuatBase@@VnalComponentEntropyQuatData@@VnalComponentEntropyQuat@@@@MAE@XZ 00C442F0 f i nal_init.o
97	FIXED	0002:00454e00 ??1?$nalComponent@VnalComponentQuatBase@@VnalComponentPacked8EntropyQuatData@@VnalComponentPacked8EntropyQuat@@@@MAE@XZ 00C44300 f i nal_init.o
98	FIXED	0002:00454e10 ??1?$nalComponent@VnalComponentQuatBase@@VnalComponentPacked16EntropyQuatData@@VnalComponentPacked16EntropyQuat@@@@MAE@XZ 00C44310 f i nal_init.o
99	FIXED	0002:00454e20 ??1?$nalComponent@VnalComponentPOBase@@VnalComponentPOData@@VnalComponentPO@@@@MAE@XZ 00C44320 f i nal_init.o
100	FIXED	0002:00454e30 ??1?$nalComponent@VnalComponentPOBase@@VnalComponentEntropyPOData@@VnalComponentEntropyPO@@@@MAE@XZ 00C44330 f i nal_init.o
101	FIXED	0002:00454e40 ??1?$nalComponent@VnalComponentPOBase@@VnalComponentTrajectoryPOData@@VnalComponentTrajectoryPO@@@@MAE@XZ 00C44340 f i nal_init.o
102	FIXED	0002:00454e50 ??1?$nalComponent@VnalComponentPOBase@@VnalComponentEntropyTrajectoryPOData@@VnalComponentEntropyTrajectoryPO@@@@MAE@XZ 00C44350 f i nal_init.o
103	FIXED	0002:00454e60 ??1?$nalComponent@VnalComponentIKSpinBase@@VnalComponentPacked16EntropyIKSpinData@@VnalComponentPacked16EntropyIKSpin@@@@MAE@XZ 00C44360 f i nal_init.o
104	PORTED	0002:00454e70 ??0nalComponentU8Base@@QAE@XZ 00C44370 f i nal_init.o
105	PORTED	0002:00454e80 ?GetType@nalComponentU8Base@@UBEIXZ 00C44380 f i nal_init.o
106	PORTED	0002:00454e90 ?GetPoseSize@nalComponentU8Base@@UBEHXZ 00C44390 f i nal_init.o
107	SKIPPED	0002:00454ea0 ??_GnalComponentU8Base@@UAEPAXI@Z 00C443A0 f i nal_init.o  SKIPPED: compiler-generated deleting destructor; supplied by the compiler
108	SKIPPED	0002:00454ea0 ??_EnalComponentU8Base@@UAEPAXI@Z 00C443A0 f i nal_init.o  SKIPPED: compiler-generated deleting destructor; supplied by the compiler
109	PORTED	0002:00454ed0 ?GetPoseAlignment@nalComponentU8Base@@UBEHXZ 00C443D0 f i nal_init.o
110	PORTED	0002:00454ee0 ??0nalComponentFloat1Base@@QAE@XZ 00C443E0 f i nal_init.o
111	PORTED	0002:00454ef0 ?GetType@nalComponentFloat1Base@@UBEIXZ 00C443F0 f i nal_init.o
112	PORTED	0002:00454f00 ?GetPoseSize@nalComponentFloat1Base@@UBEHXZ 00C44400 f i nal_init.o
113	SKIPPED	0002:00454f10 ??_EnalComponentFloat1Base@@UAEPAXI@Z 00C44410 f i nal_init.o  SKIPPED: compiler-generated deleting destructor; supplied by the compiler
114	SKIPPED	0002:00454f10 ??_GnalComponentFloat1Base@@UAEPAXI@Z 00C44410 f i nal_init.o  SKIPPED: compiler-generated deleting destructor; supplied by the compiler
115	PORTED	0002:00454f40 ?GetPoseAlignment@nalComponentFloat1Base@@UBEHXZ 00C44440 f i nal_init.o
116	PORTED	0002:00454f50 ??0nalComponentFloat3Base@@QAE@XZ 00C44450 f i nal_init.o
117	PORTED	0002:00454f60 ?GetType@nalComponentFloat3Base@@UBEIXZ 00C44460 f i nal_init.o
118	PORTED	0002:00454f70 ?GetPoseSize@nalComponentFloat3Base@@UBEHXZ 00C44470 f i nal_init.o
119	SKIPPED	0002:00454f80 ??_GnalComponentFloat3Base@@UAEPAXI@Z 00C44480 f i nal_init.o  SKIPPED: compiler-generated deleting destructor; supplied by the compiler
120	SKIPPED	0002:00454f80 ??_EnalComponentFloat3Base@@UAEPAXI@Z 00C44480 f i nal_init.o  SKIPPED: compiler-generated deleting destructor; supplied by the compiler
121	PORTED	0002:00454fb0 ?GetPoseAlignment@nalComponentFloat3Base@@UBEHXZ 00C444B0 f i nal_init.o
122	PORTED	0002:00454fc0 ??0nalComponentFloat4Base@@QAE@XZ 00C444C0 f i nal_init.o
123	PORTED	0002:00454fd0 ?GetType@nalComponentFloat4Base@@UBEIXZ 00C444D0 f i nal_init.o
124	PORTED	0002:00454fe0 ?GetPoseSize@nalComponentFloat4Base@@UBEHXZ 00C444E0 f i nal_init.o
125	SKIPPED	0002:00454ff0 ??_GnalComponentFloat4Base@@UAEPAXI@Z 00C444F0 f i nal_init.o  SKIPPED: compiler-generated deleting destructor; supplied by the compiler
126	SKIPPED	0002:00454ff0 ??_EnalComponentFloat4Base@@UAEPAXI@Z 00C444F0 f i nal_init.o  SKIPPED: compiler-generated deleting destructor; supplied by the compiler
127	PORTED	0002:00455020 ?GetPoseAlignment@nalComponentFloat4Base@@UBEHXZ 00C44520 f i nal_init.o
128	PORTED	0002:00455030 ??0nalComponentQuatBase@@QAE@XZ 00C44530 f i nal_init.o
129	PORTED	0002:00455040 ?GetType@nalComponentQuatBase@@UBEIXZ 00C44540 f i nal_init.o
130	PORTED	0002:00455050 ?GetPoseSize@nalComponentQuatBase@@UBEHXZ 00C44550 f i nal_init.o
131	SKIPPED	0002:00455060 ??_EnalComponentQuatBase@@UAEPAXI@Z 00C44560 f i nal_init.o  SKIPPED: compiler-generated deleting destructor; supplied by the compiler
132	SKIPPED	0002:00455060 ??_GnalComponentQuatBase@@UAEPAXI@Z 00C44560 f i nal_init.o  SKIPPED: compiler-generated deleting destructor; supplied by the compiler
133	PORTED	0002:00455090 ?GetPoseAlignment@nalComponentQuatBase@@UBEHXZ 00C44590 f i nal_init.o
134	PORTED	0002:004550a0 ??0nalComponentPOBase@@QAE@XZ 00C445A0 f i nal_init.o
135	PORTED	0002:004550b0 ?GetType@nalComponentPOBase@@UBEIXZ 00C445B0 f i nal_init.o
136	PORTED	0002:004550c0 ?GetPoseSize@nalComponentPOBase@@UBEHXZ 00C445C0 f i nal_init.o
137	SKIPPED	0002:004550d0 ??_GnalComponentPOBase@@UAEPAXI@Z 00C445D0 f i nal_init.o  SKIPPED: compiler-generated deleting destructor; supplied by the compiler
138	SKIPPED	0002:004550d0 ??_EnalComponentPOBase@@UAEPAXI@Z 00C445D0 f i nal_init.o  SKIPPED: compiler-generated deleting destructor; supplied by the compiler
139	PORTED	0002:00455100 ?GetPoseAlignment@nalComponentPOBase@@UBEHXZ 00C44600 f i nal_init.o
140	PORTED	0002:00455110 ??0nalComponentIKSpinBase@@QAE@XZ 00C44610 f i nal_init.o
141	PORTED	0002:00455120 ?GetType@nalComponentIKSpinBase@@UBEIXZ 00C44620 f i nal_init.o
142	PORTED	0002:00455130 ?GetPoseSize@nalComponentIKSpinBase@@UBEHXZ 00C44630 f i nal_init.o
143	SKIPPED	0002:00455140 ??_GnalComponentIKSpinBase@@UAEPAXI@Z 00C44640 f i nal_init.o  SKIPPED: compiler-generated deleting destructor; supplied by the compiler
144	SKIPPED	0002:00455140 ??_EnalComponentIKSpinBase@@UAEPAXI@Z 00C44640 f i nal_init.o  SKIPPED: compiler-generated deleting destructor; supplied by the compiler
145	PORTED	0002:00455170 ?GetPoseAlignment@nalComponentIKSpinBase@@UBEHXZ 00C44670 f i nal_init.o
146	VERIFIED	0002:00455180 ?Del@?$tlSkipList@VnalAnimFile@@VtlFixedString@@@@QAE_NPBVnalAnimFile@@@Z 00C44680 f i nal_init.o
147	VERIFIED	0002:004552c0 ?Del@?$tlSkipList@V?$nalAnimClass@VnalAnyPose@@@@VtlFixedString@@@@QAE_NPBV?$nalAnimClass@VnalAnyPose@@@@@Z 00C447C0 f i nal_init.o
148	VERIFIED	0002:00455400 ?Del@?$tlSkipList@VnalSceneAnim@@VtlFixedString@@@@QAE_NPBVnalSceneAnim@@@Z 00C44900 f i nal_init.o
149	VERIFIED	0002:00455540 ?Del@?$tlSkipList@VnalBaseSkeleton@@VtlFixedString@@@@QAE_NPBVnalBaseSkeleton@@@Z 00C44A40 f i nal_init.o
150	VERIFIED	0002:00455680 ?Destroy@?$tlSkipList@VnalAnimFile@@VtlFixedString@@@@QAEXXZ 00C44B80 f i nal_init.o
151	VERIFIED	0002:004556c0 ?Destroy@?$tlSkipList@V?$nalAnimClass@VnalAnyPose@@@@VtlFixedString@@@@QAEXXZ 00C44BC0 f i nal_init.o
152	VERIFIED	0002:00455700 ?Destroy@?$tlSkipList@VnalSceneAnim@@VtlFixedString@@@@QAEXXZ 00C44C00 f i nal_init.o
153	VERIFIED	0002:00455740 ?Destroy@?$tlSkipList@VnalBaseSkeleton@@VtlFixedString@@@@QAEXXZ 00C44C40 f i nal_init.o
154	PORTED	0002:00455780 ??1nalComponentEntropyFloat1@@UAE@XZ 00C44C80 f i nal_init.o
155	PORTED	0002:00455790 ??1nalComponentPacked8Float1@@UAE@XZ 00C44C90 f i nal_init.o
156	PORTED	0002:004557a0 ??1nalComponentFloat3@@UAE@XZ 00C44CA0 f i nal_init.o
157	PORTED	0002:004557b0 ??1nalComponentEntropyFloat3@@UAE@XZ 00C44CB0 f i nal_init.o
158	PORTED	0002:004557c0 ??1nalComponentPacked8EntropyFloat3@@UAE@XZ 00C44CC0 f i nal_init.o
159	PORTED	0002:004557d0 ??1nalComponentPacked16EntropyFloat3@@UAE@XZ 00C44CD0 f i nal_init.o
160	PORTED	0002:004557e0 ??1nalComponentFloat4@@UAE@XZ 00C44CE0 f i nal_init.o
161	PORTED	0002:004557f0 ??1nalComponentEntropyFloat4@@UAE@XZ 00C44CF0 f i nal_init.o
162	PORTED	0002:00455800 ??1nalComponentPacked8EntropyFloat4@@UAE@XZ 00C44D00 f i nal_init.o
163	PORTED	0002:00455810 ??1nalComponentPacked16EntropyFloat4@@UAE@XZ 00C44D10 f i nal_init.o
164	PORTED	0002:00455820 ??1nalComponentQuat@@UAE@XZ 00C44D20 f i nal_init.o
165	PORTED	0002:00455830 ??1nalComponentEntropyQuat@@UAE@XZ 00C44D30 f i nal_init.o
166	PORTED	0002:00455840 ??1nalComponentPacked8EntropyQuat@@UAE@XZ 00C44D40 f i nal_init.o
167	PORTED	0002:00455850 ??1nalComponentPacked16EntropyQuat@@UAE@XZ 00C44D50 f i nal_init.o
168	PORTED	0002:00455860 ??1nalComponentPO@@UAE@XZ 00C44D60 f i nal_init.o
169	PORTED	0002:00455870 ??1nalComponentEntropyPO@@UAE@XZ 00C44D70 f i nal_init.o
170	PORTED	0002:00455880 ??1nalComponentTrajectoryPO@@UAE@XZ 00C44D80 f i nal_init.o
171	PORTED	0002:00455890 ??1nalComponentEntropyTrajectoryPO@@UAE@XZ 00C44D90 f i nal_init.o
172	PORTED	0002:004558a0 ??1nalComponentPacked16EntropyIKSpin@@UAE@XZ 00C44DA0 f i nal_init.o
173	VERIFIED	0002:004558b0 ??0?$nalComponent@VnalComponentU8Base@@VnalComponentSignalCounterData@@VnalComponentSignalCounter@@@@IAE@XZ 00C44DB0 f i nal_init.o
174	PORTED	0002:004558c0 ?VirtualAdvanceAnimComponentData@?$nalComponent@VnalComponentU8Base@@VnalComponentSignalCounterData@@VnalComponentSignalCounter@@@@UBEXAAPBX@Z 00C44DC0 f i nal_init.o
175	SKIPPED	0002:004558d0 ??_G?$nalComponent@VnalComponentU8Base@@VnalComponentSignalCounterData@@VnalComponentSignalCounter@@@@MAEPAXI@Z 00C44DD0 f i nal_init.o  SKIPPED: compiler-generated deleting destructor; supplied by the compiler
176	SKIPPED	0002:004558d0 ??_E?$nalComponent@VnalComponentU8Base@@VnalComponentSignalCounterData@@VnalComponentSignalCounter@@@@MAEPAXI@Z 00C44DD0 f i nal_init.o  SKIPPED: compiler-generated deleting destructor; supplied by the compiler
177	VERIFIED	0002:00455900 ?VirtualAlignSkeletonData@?$nalComponent@VnalComponentU8Base@@VnalComponentSignalCounterData@@VnalComponentSignalCounter@@@@UBEXAAPBX@Z 00C44E00 f i nal_init.o
178	VERIFIED	0002:00455910 ?VirtualAdvanceSkeletonData@?$nalComponent@VnalComponentU8Base@@VnalComponentSignalCounterData@@VnalComponentSignalCounter@@@@UBEXAAPBX@Z 00C44E10 f i nal_init.o
179	VERIFIED	0002:00455920 ?VirtualAlignSkeletonComponentData@?$nalComponent@VnalComponentU8Base@@VnalComponentSignalCounterData@@VnalComponentSignalCounter@@@@UBEXAAPBX@Z 00C44E20 f i nal_init.o
180	VERIFIED	0002:00455930 ?VirtualAdvanceSkeletonComponentData@?$nalComponent@VnalComponentU8Base@@VnalComponentSignalCounterData@@VnalComponentSignalCounter@@@@UBEXAAPBX@Z 00C44E30 f i nal_init.o
181	VERIFIED	0002:00455940 ?VirtualAlignAnimData@?$nalComponent@VnalComponentU8Base@@VnalComponentSignalCounterData@@VnalComponentSignalCounter@@@@UBEXAAPBX@Z 00C44E40 f i nal_init.o
182	VERIFIED	0002:00455950 ?VirtualAdvanceAnimData@?$nalComponent@VnalComponentU8Base@@VnalComponentSignalCounterData@@VnalComponentSignalCounter@@@@UBEXAAPBX@Z 00C44E50 f i nal_init.o
183	PORTED	0002:00455960 ?VirtualAlignAnimComponentData@?$nalComponent@VnalComponentU8Base@@VnalComponentSignalCounterData@@VnalComponentSignalCounter@@@@UBEXAAPBX@Z 00C44E60 f i nal_init.o
184	PORTED	0002:00455970 ?Process@?$nalComponent@VnalComponentU8Base@@VnalComponentSignalCounterData@@VnalComponentSignalCounter@@@@UBEXPBUnalComponentInfo@nalGeneric@@AAPAX1@Z 00C44E70 f i nal_init.o
185	PORTED	0002:004559a0 ?SetupPartialDecode@?$nalComponent@VnalComponentU8Base@@VnalComponentSignalCounterData@@VnalComponentSignalCounter@@@@UBEXAAVnalComponentEnum@@AAPAXAAPBXH@Z 00C44EA0 f i nal_init.o
186	PORTED	0002:00455a30 ?PartialDecode@?$nalComponent@VnalComponentU8Base@@VnalComponentSignalCounterData@@VnalComponentSignalCounter@@@@UBEXAAVnalComponentEnum@@AAPAX1PAXHHH@Z 00C44F30 f i nal_init.o
187	PORTED	0002:00455b00 ?Decode@?$nalRLEDecoder@E@@QAEXPAEII@Z 00C45000 f i nal_init.o
188	PORTED	0002:00455b80 ?Decode@?$nalComponent@VnalComponentU8Base@@VnalComponentSignalCounterData@@VnalComponentSignalCounter@@@@UBEXAAVnalComponentEnum@@AAPAXAAPBXHH@Z 00C45080 f i nal_init.o
189	PORTED	0002:00455c60 ?Skip@?$nalComponent@VnalComponentU8Base@@VnalComponentSignalCounterData@@VnalComponentSignalCounter@@@@UBEXAAVnalComponentEnum@@AAPAXAAPBXH@Z 00C45160 f i nal_init.o
190	PORTED	0002:00455d30 ?Convert@?$nalComponent@VnalComponentU8Base@@VnalComponentSignalCounterData@@VnalComponentSignalCounter@@@@UBEXAAVnalComponentEnum@@PAXAAPBXPBXPBH@Z 00C45230 f i nal_init.o
191	PORTED	0002:00455e70 ?ConvertPerfect@?$nalComponent@VnalComponentU8Base@@VnalComponentSignalCounterData@@VnalComponentSignalCounter@@@@UBEXAAVnalComponentEnum@@PAXAAPBXPBXPBH@Z 00C45370 f i nal_init.o
192	PORTED	0002:00455f00 ?GetTrajectory@?$nalComponent@VnalComponentU8Base@@VnalComponentSignalCounterData@@VnalComponentSignalCounter@@@@UBEXAAVnalComponentEnum@@PAX_NPBH@Z 00C45400 f i nal_init.o
193	PORTED	0002:00456020 ?Construct@?$nalComponent@VnalComponentU8Base@@VnalComponentSignalCounterData@@VnalComponentSignalCounter@@@@UBEXPBUnalComponentInfo@nalGeneric@@AAPAX@Z 00C45520 f i nal_init.o
194	PORTED	0002:00456040 ?Delete@?$nalComponent@VnalComponentU8Base@@VnalComponentSignalCounterData@@VnalComponentSignalCounter@@@@UBEXPBUnalComponentInfo@nalGeneric@@AAPAX@Z 00C45540 f i nal_init.o
195	PORTED	0002:00456070 ?Copy@?$nalComponent@VnalComponentU8Base@@VnalComponentSignalCounterData@@VnalComponentSignalCounter@@@@UBEXPBUnalComponentInfo@nalGeneric@@AAPAXAAPBX@Z 00C45570 f i nal_init.o
196	PORTED	0002:00456090 ??$FastCopy@VnalComponentSignalCounter@@E@@YAXPBUnalComponentInfo@nalGeneric@@AAPAXAAPBX@Z 00C45590 f i nal_init.o
197	PORTED	0002:004560d0 ?ReleaseCache@?$nalComponent@VnalComponentU8Base@@VnalComponentSignalCounterData@@VnalComponentSignalCounter@@@@UBEXAAVnalComponentEnum@@AAPAX@Z 00C455D0 f i nal_init.o
198	VERIFIED	0002:00456160 ??0?$nalComponent@VnalComponentU8Base@@VnalComponentRLE8Int1Data@@VnalComponentRLE8Int1@@@@IAE@XZ 00C45660 f i nal_init.o
199	SKIPPED	0002:00456170 ??_G?$nalComponent@VnalComponentU8Base@@VnalComponentRLE8Int1Data@@VnalComponentRLE8Int1@@@@MAEPAXI@Z 00C45670 f i nal_init.o  SKIPPED: compiler-generated deleting destructor; supplied by the compiler
200	SKIPPED	0002:00456170 ??_E?$nalComponent@VnalComponentU8Base@@VnalComponentRLE8Int1Data@@VnalComponentRLE8Int1@@@@MAEPAXI@Z 00C45670 f i nal_init.o  SKIPPED: compiler-generated deleting destructor; supplied by the compiler
201	VERIFIED	0002:004561a0 ?VirtualAlignSkeletonData@?$nalComponent@VnalComponentU8Base@@VnalComponentRLE8Int1Data@@VnalComponentRLE8Int1@@@@UBEXAAPBX@Z 00C456A0 f i nal_init.o
202	VERIFIED	0002:004561b0 ?VirtualAdvanceSkeletonData@?$nalComponent@VnalComponentU8Base@@VnalComponentRLE8Int1Data@@VnalComponentRLE8Int1@@@@UBEXAAPBX@Z 00C456B0 f i nal_init.o
203	VERIFIED	0002:004561c0 ?VirtualAlignSkeletonComponentData@?$nalComponent@VnalComponentU8Base@@VnalComponentRLE8Int1Data@@VnalComponentRLE8Int1@@@@UBEXAAPBX@Z 00C456C0 f i nal_init.o
204	VERIFIED	0002:004561d0 ?VirtualAdvanceSkeletonComponentData@?$nalComponent@VnalComponentU8Base@@VnalComponentRLE8Int1Data@@VnalComponentRLE8Int1@@@@UBEXAAPBX@Z 00C456D0 f i nal_init.o
205	VERIFIED	0002:004561e0 ?VirtualAlignAnimData@?$nalComponent@VnalComponentU8Base@@VnalComponentRLE8Int1Data@@VnalComponentRLE8Int1@@@@UBEXAAPBX@Z 00C456E0 f i nal_init.o
206	VERIFIED	0002:004561f0 ?VirtualAdvanceAnimData@?$nalComponent@VnalComponentU8Base@@VnalComponentRLE8Int1Data@@VnalComponentRLE8Int1@@@@UBEXAAPBX@Z 00C456F0 f i nal_init.o
207	PORTED	0002:00456200 ?VirtualAlignAnimComponentData@?$nalComponent@VnalComponentU8Base@@VnalComponentRLE8Int1Data@@VnalComponentRLE8Int1@@@@UBEXAAPBX@Z 00C45700 f i nal_init.o
208	PORTED	0002:00456210 ?VirtualAdvanceAnimComponentData@?$nalComponent@VnalComponentU8Base@@VnalComponentRLE8Int1Data@@VnalComponentRLE8Int1@@@@UBEXAAPBX@Z 00C45710 f i nal_init.o
209	PORTED	0002:00456220 ?Process@?$nalComponent@VnalComponentU8Base@@VnalComponentRLE8Int1Data@@VnalComponentRLE8Int1@@@@UBEXPBUnalComponentInfo@nalGeneric@@AAPAX1@Z 00C45720 f i nal_init.o
210	PORTED	0002:00456250 ?SetupPartialDecode@?$nalComponent@VnalComponentU8Base@@VnalComponentRLE8Int1Data@@VnalComponentRLE8Int1@@@@UBEXAAVnalComponentEnum@@AAPAXAAPBXH@Z 00C45750 f i nal_init.o
211	PORTED	0002:00456320 ?PartialDecode@?$nalComponent@VnalComponentU8Base@@VnalComponentRLE8Int1Data@@VnalComponentRLE8Int1@@@@UBEXAAVnalComponentEnum@@AAPAX1PAXHHH@Z 00C45820 f i nal_init.o
212	PORTED	0002:004563e0 ?Decode@?$nalComponent@VnalComponentU8Base@@VnalComponentRLE8Int1Data@@VnalComponentRLE8Int1@@@@UBEXAAVnalComponentEnum@@AAPAXAAPBXHH@Z 00C458E0 f i nal_init.o
213	PORTED	0002:004564b0 ?Skip@?$nalComponent@VnalComponentU8Base@@VnalComponentRLE8Int1Data@@VnalComponentRLE8Int1@@@@UBEXAAVnalComponentEnum@@AAPAXAAPBXH@Z 00C459B0 f i nal_init.o
214	PORTED	0002:00456560 ?Convert@?$nalComponent@VnalComponentU8Base@@VnalComponentRLE8Int1Data@@VnalComponentRLE8Int1@@@@UBEXAAVnalComponentEnum@@PAXAAPBXPBXPBH@Z 00C45A60 f i nal_init.o
215	PORTED	0002:00456690 ?ConvertPerfect@?$nalComponent@VnalComponentU8Base@@VnalComponentRLE8Int1Data@@VnalComponentRLE8Int1@@@@UBEXAAVnalComponentEnum@@PAXAAPBXPBXPBH@Z 00C45B90 f i nal_init.o
216	PORTED	0002:00456720 ?GetTrajectory@?$nalComponent@VnalComponentU8Base@@VnalComponentRLE8Int1Data@@VnalComponentRLE8Int1@@@@UBEXAAVnalComponentEnum@@PAX_NPBH@Z 00C45C20 f i nal_init.o
217	PORTED	0002:004567c0 ?Construct@?$nalComponent@VnalComponentU8Base@@VnalComponentRLE8Int1Data@@VnalComponentRLE8Int1@@@@UBEXPBUnalComponentInfo@nalGeneric@@AAPAX@Z 00C45CC0 f i nal_init.o
218	PORTED	0002:004567e0 ?Delete@?$nalComponent@VnalComponentU8Base@@VnalComponentRLE8Int1Data@@VnalComponentRLE8Int1@@@@UBEXPBUnalComponentInfo@nalGeneric@@AAPAX@Z 00C45CE0 f i nal_init.o
219	PORTED	0002:00456810 ?Copy@?$nalComponent@VnalComponentU8Base@@VnalComponentRLE8Int1Data@@VnalComponentRLE8Int1@@@@UBEXPBUnalComponentInfo@nalGeneric@@AAPAXAAPBX@Z 00C45D10 f i nal_init.o
220	PORTED	0002:00456830 ??$FastCopy@VnalComponentRLE8Int1@@E@@YAXPBUnalComponentInfo@nalGeneric@@AAPAXAAPBX@Z 00C45D30 f i nal_init.o
221	PORTED	0002:00456870 ?ReleaseCache@?$nalComponent@VnalComponentU8Base@@VnalComponentRLE8Int1Data@@VnalComponentRLE8Int1@@@@UBEXAAVnalComponentEnum@@AAPAX@Z 00C45D70 f i nal_init.o
222	VERIFIED	0002:00456900 ??0?$nalComponent@VnalComponentFloat1Base@@VnalComponentEntropyFloat1Data@@VnalComponentEntropyFloat1@@@@IAE@XZ 00C45E00 f i nal_init.o
223	PORTED	0002:00456910 ?VirtualAdvanceSkeletonComponentData@?$nalComponent@VnalComponentFloat1Base@@VnalComponentEntropyFloat1Data@@VnalComponentEntropyFloat1@@@@UBEXAAPBX@Z 00C45E10 f i nal_init.o
224	PORTED	0002:00456920 ?VirtualAdvanceAnimData@?$nalComponent@VnalComponentFloat1Base@@VnalComponentEntropyFloat1Data@@VnalComponentEntropyFloat1@@@@UBEXAAPBX@Z 00C45E20 f i nal_init.o
225	VERIFIED	0002:00456930 ?VirtualAlignSkeletonData@?$nalComponent@VnalComponentFloat1Base@@VnalComponentEntropyFloat1Data@@VnalComponentEntropyFloat1@@@@UBEXAAPBX@Z 00C45E30 f i nal_init.o
226	VERIFIED	0002:00456940 ?VirtualAdvanceSkeletonData@?$nalComponent@VnalComponentFloat1Base@@VnalComponentEntropyFloat1Data@@VnalComponentEntropyFloat1@@@@UBEXAAPBX@Z 00C45E40 f i nal_init.o
227	PORTED	0002:00456950 ?VirtualAlignSkeletonComponentData@?$nalComponent@VnalComponentFloat1Base@@VnalComponentEntropyFloat1Data@@VnalComponentEntropyFloat1@@@@UBEXAAPBX@Z 00C45E50 f i nal_init.o
228	VERIFIED	0002:00456970 ?VirtualAlignAnimData@?$nalComponent@VnalComponentFloat1Base@@VnalComponentEntropyFloat1Data@@VnalComponentEntropyFloat1@@@@UBEXAAPBX@Z 00C45E70 f i nal_init.o
229	PORTED	0002:00456990 ?VirtualAlignAnimComponentData@?$nalComponent@VnalComponentFloat1Base@@VnalComponentEntropyFloat1Data@@VnalComponentEntropyFloat1@@@@UBEXAAPBX@Z 00C45E90 f i nal_init.o
230	PORTED	0002:004569a0 ?VirtualAdvanceAnimComponentData@?$nalComponent@VnalComponentFloat1Base@@VnalComponentEntropyFloat1Data@@VnalComponentEntropyFloat1@@@@UBEXAAPBX@Z 00C45EA0 f i nal_init.o
231	SKIPPED	0002:004569b0 ??_G?$nalComponent@VnalComponentFloat1Base@@VnalComponentEntropyFloat1Data@@VnalComponentEntropyFloat1@@@@MAEPAXI@Z 00C45EB0 f i nal_init.o  SKIPPED: compiler-generated deleting destructor; supplied by the compiler
232	SKIPPED	0002:004569b0 ??_E?$nalComponent@VnalComponentFloat1Base@@VnalComponentEntropyFloat1Data@@VnalComponentEntropyFloat1@@@@MAEPAXI@Z 00C45EB0 f i nal_init.o  SKIPPED: compiler-generated deleting destructor; supplied by the compiler
233	PORTED	0002:004569e0 ?Process@?$nalComponent@VnalComponentFloat1Base@@VnalComponentEntropyFloat1Data@@VnalComponentEntropyFloat1@@@@UBEXPBUnalComponentInfo@nalGeneric@@AAPAX1@Z 00C45EE0 f i nal_init.o
234	PORTED	0002:00456a10 ?SetupPartialDecode@?$nalComponent@VnalComponentFloat1Base@@VnalComponentEntropyFloat1Data@@VnalComponentEntropyFloat1@@@@UBEXAAVnalComponentEnum@@AAPAXAAPBXH@Z 00C45F10 f i nal_init.o
235	PENDING	0002:00456b10 ?PartialDecode@?$nalComponent@VnalComponentFloat1Base@@VnalComponentEntropyFloat1Data@@VnalComponentEntropyFloat1@@@@UBEXAAVnalComponentEnum@@AAPAX1PAXHHH@Z 00C46010 f i nal_init.o
236	PENDING	0002:00456c30 ?Decode@nalFloatDecoder@nalEntropyDecoder@@QAEXPAMIIM@Z 00C46130 f i nal_init.o
237	PENDING	0002:00456fb0 ?Decode@nalChannelDecoder@nalEntropyDecoder@@QAEXPAHII@Z 00C464B0 f i nal_init.o
238	PENDING	0002:00457030 ?Decode@?$nalComponent@VnalComponentFloat1Base@@VnalComponentEntropyFloat1Data@@VnalComponentEntropyFloat1@@@@UBEXAAVnalComponentEnum@@AAPAXAAPBXHH@Z 00C46530 f i nal_init.o
239	PENDING	0002:00457150 ?Skip@?$nalComponent@VnalComponentFloat1Base@@VnalComponentEntropyFloat1Data@@VnalComponentEntropyFloat1@@@@UBEXAAVnalComponentEnum@@AAPAXAAPBXH@Z 00C46650 f i nal_init.o
240	PENDING	0002:00457240 ?Convert@?$nalComponent@VnalComponentFloat1Base@@VnalComponentEntropyFloat1Data@@VnalComponentEntropyFloat1@@@@UBEXAAVnalComponentEnum@@PAXAAPBXPBXPBH@Z 00C46740 f i nal_init.o
241	PENDING	0002:004573b0 ?ConvertPerfect@?$nalComponent@VnalComponentFloat1Base@@VnalComponentEntropyFloat1Data@@VnalComponentEntropyFloat1@@@@UBEXAAVnalComponentEnum@@PAXAAPBXPBXPBH@Z 00C468B0 f i nal_init.o
242	PORTED	0002:00457460 ?GetTrajectory@?$nalComponent@VnalComponentFloat1Base@@VnalComponentEntropyFloat1Data@@VnalComponentEntropyFloat1@@@@UBEXAAVnalComponentEnum@@PAX_NPBH@Z 00C46960 f i nal_init.o
243	PORTED	0002:00457520 ?Construct@?$nalComponent@VnalComponentFloat1Base@@VnalComponentEntropyFloat1Data@@VnalComponentEntropyFloat1@@@@UBEXPBUnalComponentInfo@nalGeneric@@AAPAX@Z 00C46A20 f i nal_init.o
244	PORTED	0002:00457540 ?Delete@?$nalComponent@VnalComponentFloat1Base@@VnalComponentEntropyFloat1Data@@VnalComponentEntropyFloat1@@@@UBEXPBUnalComponentInfo@nalGeneric@@AAPAX@Z 00C46A40 f i nal_init.o
245	PORTED	0002:00457570 ?Copy@?$nalComponent@VnalComponentFloat1Base@@VnalComponentEntropyFloat1Data@@VnalComponentEntropyFloat1@@@@UBEXPBUnalComponentInfo@nalGeneric@@AAPAXAAPBX@Z 00C46A70 f i nal_init.o
246	PORTED	0002:00457590 ??$FastCopy@VnalComponentEntropyFloat1@@M@@YAXPBUnalComponentInfo@nalGeneric@@AAPAXAAPBX@Z 00C46A90 f i nal_init.o
247	PORTED	0002:004575e0 ?ReleaseCache@?$nalComponent@VnalComponentFloat1Base@@VnalComponentEntropyFloat1Data@@VnalComponentEntropyFloat1@@@@UBEXAAVnalComponentEnum@@AAPAX@Z 00C46AE0 f i nal_init.o
248	VERIFIED	0002:00457680 ??0?$nalComponent@VnalComponentFloat1Base@@VnalComponentPacked8Float1Data@@VnalComponentPacked8Float1@@@@IAE@XZ 00C46B80 f i nal_init.o
249	PORTED	0002:00457690 ?VirtualAdvanceSkeletonComponentData@?$nalComponent@VnalComponentFloat1Base@@VnalComponentPacked8Float1Data@@VnalComponentPacked8Float1@@@@UBEXAAPBX@Z 00C46B90 f i nal_init.o
250	VERIFIED	0002:004576a0 ?VirtualAlignSkeletonData@?$nalComponent@VnalComponentFloat1Base@@VnalComponentPacked8Float1Data@@VnalComponentPacked8Float1@@@@UBEXAAPBX@Z 00C46BA0 f i nal_init.o
251	VERIFIED	0002:004576b0 ?VirtualAdvanceSkeletonData@?$nalComponent@VnalComponentFloat1Base@@VnalComponentPacked8Float1Data@@VnalComponentPacked8Float1@@@@UBEXAAPBX@Z 00C46BB0 f i nal_init.o
252	VERIFIED	0002:004576c0 ?VirtualAlignSkeletonComponentData@?$nalComponent@VnalComponentFloat1Base@@VnalComponentPacked8Float1Data@@VnalComponentPacked8Float1@@@@UBEXAAPBX@Z 00C46BC0 f i nal_init.o
253	PORTED	0002:004576e0 ?VirtualAlignAnimData@?$nalComponent@VnalComponentFloat1Base@@VnalComponentPacked8Float1Data@@VnalComponentPacked8Float1@@@@UBEXAAPBX@Z 00C46BE0 f i nal_init.o
254	VERIFIED	0002:004576f0 ?VirtualAdvanceAnimData@?$nalComponent@VnalComponentFloat1Base@@VnalComponentPacked8Float1Data@@VnalComponentPacked8Float1@@@@UBEXAAPBX@Z 00C46BF0 f i nal_init.o
255	PORTED	0002:00457700 ?VirtualAlignAnimComponentData@?$nalComponent@VnalComponentFloat1Base@@VnalComponentPacked8Float1Data@@VnalComponentPacked8Float1@@@@UBEXAAPBX@Z 00C46C00 f i nal_init.o
256	PORTED	0002:00457710 ?VirtualAdvanceAnimComponentData@?$nalComponent@VnalComponentFloat1Base@@VnalComponentPacked8Float1Data@@VnalComponentPacked8Float1@@@@UBEXAAPBX@Z 00C46C10 f i nal_init.o
257	SKIPPED	0002:00457720 ??_G?$nalComponent@VnalComponentFloat1Base@@VnalComponentPacked8Float1Data@@VnalComponentPacked8Float1@@@@MAEPAXI@Z 00C46C20 f i nal_init.o  SKIPPED: compiler-generated deleting destructor; supplied by the compiler
258	SKIPPED	0002:00457720 ??_E?$nalComponent@VnalComponentFloat1Base@@VnalComponentPacked8Float1Data@@VnalComponentPacked8Float1@@@@MAEPAXI@Z 00C46C20 f i nal_init.o  SKIPPED: compiler-generated deleting destructor; supplied by the compiler
259	PORTED	0002:00457750 ?Process@?$nalComponent@VnalComponentFloat1Base@@VnalComponentPacked8Float1Data@@VnalComponentPacked8Float1@@@@UBEXPBUnalComponentInfo@nalGeneric@@AAPAX1@Z 00C46C50 f i nal_init.o
260	PENDING	0002:00457780 ?SetupPartialDecode@?$nalComponent@VnalComponentFloat1Base@@VnalComponentPacked8Float1Data@@VnalComponentPacked8Float1@@@@UBEXAAVnalComponentEnum@@AAPAXAAPBXH@Z 00C46C80 f i nal_init.o
261	PENDING	0002:00457870 ?PartialDecode@?$nalComponent@VnalComponentFloat1Base@@VnalComponentPacked8Float1Data@@VnalComponentPacked8Float1@@@@UBEXAAVnalComponentEnum@@AAPAX1PAXHHH@Z 00C46D70 f i nal_init.o
262	PENDING	0002:00457960 ?Decode@?$nalComponent@VnalComponentFloat1Base@@VnalComponentPacked8Float1Data@@VnalComponentPacked8Float1@@@@UBEXAAVnalComponentEnum@@AAPAXAAPBXHH@Z 00C46E60 f i nal_init.o
263	PENDING	0002:00457a50 ?Skip@?$nalComponent@VnalComponentFloat1Base@@VnalComponentPacked8Float1Data@@VnalComponentPacked8Float1@@@@UBEXAAVnalComponentEnum@@AAPAXAAPBXH@Z 00C46F50 f i nal_init.o
264	PENDING	0002:00457b10 ?Convert@?$nalComponent@VnalComponentFloat1Base@@VnalComponentPacked8Float1Data@@VnalComponentPacked8Float1@@@@UBEXAAVnalComponentEnum@@PAXAAPBXPBXPBH@Z 00C47010 f i nal_init.o
265	PENDING	0002:00457c80 ?ConvertPerfect@?$nalComponent@VnalComponentFloat1Base@@VnalComponentPacked8Float1Data@@VnalComponentPacked8Float1@@@@UBEXAAVnalComponentEnum@@PAXAAPBXPBXPBH@Z 00C47180 f i nal_init.o
266	PENDING	0002:00457d20 ?GetTrajectory@?$nalComponent@VnalComponentFloat1Base@@VnalComponentPacked8Float1Data@@VnalComponentPacked8Float1@@@@UBEXAAVnalComponentEnum@@PAX_NPBH@Z 00C47220 f i nal_init.o
267	PORTED	0002:00457dd0 ?Construct@?$nalComponent@VnalComponentFloat1Base@@VnalComponentPacked8Float1Data@@VnalComponentPacked8Float1@@@@UBEXPBUnalComponentInfo@nalGeneric@@AAPAX@Z 00C472D0 f i nal_init.o
268	PORTED	0002:00457df0 ?Delete@?$nalComponent@VnalComponentFloat1Base@@VnalComponentPacked8Float1Data@@VnalComponentPacked8Float1@@@@UBEXPBUnalComponentInfo@nalGeneric@@AAPAX@Z 00C472F0 f i nal_init.o
269	PORTED	0002:00457e20 ?Copy@?$nalComponent@VnalComponentFloat1Base@@VnalComponentPacked8Float1Data@@VnalComponentPacked8Float1@@@@UBEXPBUnalComponentInfo@nalGeneric@@AAPAXAAPBX@Z 00C47320 f i nal_init.o
270	PORTED	0002:00457e40 ??$FastCopy@VnalComponentPacked8Float1@@M@@YAXPBUnalComponentInfo@nalGeneric@@AAPAXAAPBX@Z 00C47340 f i nal_init.o
271	PENDING	0002:00457e90 ?ReleaseCache@?$nalComponent@VnalComponentFloat1Base@@VnalComponentPacked8Float1Data@@VnalComponentPacked8Float1@@@@UBEXAAVnalComponentEnum@@AAPAX@Z 00C47390 f i nal_init.o
272	VERIFIED	0002:00457f20 ??0?$nalComponent@VnalComponentFloat3Base@@VnalComponentFloat3Data@@VnalComponentFloat3@@@@IAE@XZ 00C47420 f i nal_init.o
273	VERIFIED	0002:00457f30 ?VirtualAlignSkeletonData@?$nalComponent@VnalComponentFloat3Base@@VnalComponentFloat3Data@@VnalComponentFloat3@@@@UBEXAAPBX@Z 00C47430 f i nal_init.o
274	VERIFIED	0002:00457f40 ?VirtualAdvanceSkeletonData@?$nalComponent@VnalComponentFloat3Base@@VnalComponentFloat3Data@@VnalComponentFloat3@@@@UBEXAAPBX@Z 00C47440 f i nal_init.o
275	VERIFIED	0002:00457f50 ?VirtualAlignSkeletonComponentData@?$nalComponent@VnalComponentFloat3Base@@VnalComponentFloat3Data@@VnalComponentFloat3@@@@UBEXAAPBX@Z 00C47450 f i nal_init.o
276	VERIFIED	0002:00457f60 ?VirtualAdvanceSkeletonComponentData@?$nalComponent@VnalComponentFloat3Base@@VnalComponentFloat3Data@@VnalComponentFloat3@@@@UBEXAAPBX@Z 00C47460 f i nal_init.o
277	PORTED	0002:00457f70 ?VirtualAlignAnimData@?$nalComponent@VnalComponentFloat3Base@@VnalComponentFloat3Data@@VnalComponentFloat3@@@@UBEXAAPBX@Z 00C47470 f i nal_init.o
278	VERIFIED	0002:00457f80 ?VirtualAdvanceAnimData@?$nalComponent@VnalComponentFloat3Base@@VnalComponentFloat3Data@@VnalComponentFloat3@@@@UBEXAAPBX@Z 00C47480 f i nal_init.o
279	PORTED	0002:00457f90 ?VirtualAlignAnimComponentData@?$nalComponent@VnalComponentFloat3Base@@VnalComponentFloat3Data@@VnalComponentFloat3@@@@UBEXAAPBX@Z 00C47490 f i nal_init.o
280	PORTED	0002:00457fa0 ?VirtualAdvanceAnimComponentData@?$nalComponent@VnalComponentFloat3Base@@VnalComponentFloat3Data@@VnalComponentFloat3@@@@UBEXAAPBX@Z 00C474A0 f i nal_init.o
281	SKIPPED	0002:00457fb0 ??_E?$nalComponent@VnalComponentFloat3Base@@VnalComponentFloat3Data@@VnalComponentFloat3@@@@MAEPAXI@Z 00C474B0 f i nal_init.o  SKIPPED: compiler-generated deleting destructor; supplied by the compiler
282	SKIPPED	0002:00457fb0 ??_G?$nalComponent@VnalComponentFloat3Base@@VnalComponentFloat3Data@@VnalComponentFloat3@@@@MAEPAXI@Z 00C474B0 f i nal_init.o  SKIPPED: compiler-generated deleting destructor; supplied by the compiler
283	PORTED	0002:00457fe0 ?Process@?$nalComponent@VnalComponentFloat3Base@@VnalComponentFloat3Data@@VnalComponentFloat3@@@@UBEXPBUnalComponentInfo@nalGeneric@@AAPAX1@Z 00C474E0 f i nal_init.o
284	PORTED	0002:00458010 ?SetupPartialDecode@?$nalComponent@VnalComponentFloat3Base@@VnalComponentFloat3Data@@VnalComponentFloat3@@@@UBEXAAVnalComponentEnum@@AAPAXAAPBXH@Z 00C47510 f i nal_init.o
285	PORTED	0002:004580e0 ?PartialDecode@?$nalComponent@VnalComponentFloat3Base@@VnalComponentFloat3Data@@VnalComponentFloat3@@@@UBEXAAVnalComponentEnum@@AAPAX1PAXHHH@Z 00C475E0 f i nal_init.o
286	PORTED	0002:004581e0 ?Decode@?$nalComponent@VnalComponentFloat3Base@@VnalComponentFloat3Data@@VnalComponentFloat3@@@@UBEXAAVnalComponentEnum@@AAPAXAAPBXHH@Z 00C476E0 f i nal_init.o
287	PORTED	0002:004582d0 ?Skip@?$nalComponent@VnalComponentFloat3Base@@VnalComponentFloat3Data@@VnalComponentFloat3@@@@UBEXAAVnalComponentEnum@@AAPAXAAPBXH@Z 00C477D0 f i nal_init.o
288	PORTED	0002:00458390 ?Convert@?$nalComponent@VnalComponentFloat3Base@@VnalComponentFloat3Data@@VnalComponentFloat3@@@@UBEXAAVnalComponentEnum@@PAXAAPBXPBXPBH@Z 00C47890 f i nal_init.o
289	PENDING	0002:00458500 ?ConvertPerfect@?$nalComponent@VnalComponentFloat3Base@@VnalComponentFloat3Data@@VnalComponentFloat3@@@@UBEXAAVnalComponentEnum@@PAXAAPBXPBXPBH@Z 00C47A00 f i nal_init.o
290	PORTED	0002:004585b0 ?GetTrajectory@?$nalComponent@VnalComponentFloat3Base@@VnalComponentFloat3Data@@VnalComponentFloat3@@@@UBEXAAVnalComponentEnum@@PAX_NPBH@Z 00C47AB0 f i nal_init.o
291	PORTED	0002:00458650 ?Construct@?$nalComponent@VnalComponentFloat3Base@@VnalComponentFloat3Data@@VnalComponentFloat3@@@@UBEXPBUnalComponentInfo@nalGeneric@@AAPAX@Z 00C47B50 f i nal_init.o
292	PORTED	0002:00458680 ?Delete@?$nalComponent@VnalComponentFloat3Base@@VnalComponentFloat3Data@@VnalComponentFloat3@@@@UBEXPBUnalComponentInfo@nalGeneric@@AAPAX@Z 00C47B80 f i nal_init.o
293	PORTED	0002:004586b0 ?Copy@?$nalComponent@VnalComponentFloat3Base@@VnalComponentFloat3Data@@VnalComponentFloat3@@@@UBEXPBUnalComponentInfo@nalGeneric@@AAPAXAAPBX@Z 00C47BB0 f i nal_init.o
294	PORTED	0002:004586d0 ??$FastCopy@VnalComponentFloat3@@VDir3@math@@@@YAXPBUnalComponentInfo@nalGeneric@@AAPAXAAPBX@Z 00C47BD0 f i nal_init.o
295	PORTED	0002:00458720 ?ReleaseCache@?$nalComponent@VnalComponentFloat3Base@@VnalComponentFloat3Data@@VnalComponentFloat3@@@@UBEXAAVnalComponentEnum@@AAPAX@Z 00C47C20 f i nal_init.o
296	VERIFIED	0002:004587c0 ??0?$nalComponent@VnalComponentFloat3Base@@VnalComponentEntropyFloat3Data@@VnalComponentEntropyFloat3@@@@IAE@XZ 00C47CC0 f i nal_init.o
297	PORTED	0002:004587d0 ?VirtualAdvanceSkeletonComponentData@?$nalComponent@VnalComponentFloat3Base@@VnalComponentEntropyFloat3Data@@VnalComponentEntropyFloat3@@@@UBEXAAPBX@Z 00C47CD0 f i nal_init.o
298	PORTED	0002:004587e0 ?VirtualAdvanceAnimData@?$nalComponent@VnalComponentFloat3Base@@VnalComponentEntropyFloat3Data@@VnalComponentEntropyFloat3@@@@UBEXAAPBX@Z 00C47CE0 f i nal_init.o
299	VERIFIED	0002:004587f0 ?VirtualAlignSkeletonData@?$nalComponent@VnalComponentFloat3Base@@VnalComponentEntropyFloat3Data@@VnalComponentEntropyFloat3@@@@UBEXAAPBX@Z 00C47CF0 f i nal_init.o
300	VERIFIED	0002:00458800 ?VirtualAdvanceSkeletonData@?$nalComponent@VnalComponentFloat3Base@@VnalComponentEntropyFloat3Data@@VnalComponentEntropyFloat3@@@@UBEXAAPBX@Z 00C47D00 f i nal_init.o
301	PORTED	0002:00458810 ?VirtualAlignSkeletonComponentData@?$nalComponent@VnalComponentFloat3Base@@VnalComponentEntropyFloat3Data@@VnalComponentEntropyFloat3@@@@UBEXAAPBX@Z 00C47D10 f i nal_init.o
302	VERIFIED	0002:00458830 ?VirtualAlignAnimData@?$nalComponent@VnalComponentFloat3Base@@VnalComponentEntropyFloat3Data@@VnalComponentEntropyFloat3@@@@UBEXAAPBX@Z 00C47D30 f i nal_init.o
303	PORTED	0002:00458850 ?VirtualAlignAnimComponentData@?$nalComponent@VnalComponentFloat3Base@@VnalComponentEntropyFloat3Data@@VnalComponentEntropyFloat3@@@@UBEXAAPBX@Z 00C47D50 f i nal_init.o
304	PORTED	0002:00458860 ?VirtualAdvanceAnimComponentData@?$nalComponent@VnalComponentFloat3Base@@VnalComponentEntropyFloat3Data@@VnalComponentEntropyFloat3@@@@UBEXAAPBX@Z 00C47D60 f i nal_init.o
305	SKIPPED	0002:00458870 ??_G?$nalComponent@VnalComponentFloat3Base@@VnalComponentEntropyFloat3Data@@VnalComponentEntropyFloat3@@@@MAEPAXI@Z 00C47D70 f i nal_init.o  SKIPPED: compiler-generated deleting destructor; supplied by the compiler
306	SKIPPED	0002:00458870 ??_E?$nalComponent@VnalComponentFloat3Base@@VnalComponentEntropyFloat3Data@@VnalComponentEntropyFloat3@@@@MAEPAXI@Z 00C47D70 f i nal_init.o  SKIPPED: compiler-generated deleting destructor; supplied by the compiler
307	PORTED	0002:004588a0 ?Process@?$nalComponent@VnalComponentFloat3Base@@VnalComponentEntropyFloat3Data@@VnalComponentEntropyFloat3@@@@UBEXPBUnalComponentInfo@nalGeneric@@AAPAX1@Z 00C47DA0 f i nal_init.o
308	PORTED	0002:004588d0 ?SetupPartialDecode@?$nalComponent@VnalComponentFloat3Base@@VnalComponentEntropyFloat3Data@@VnalComponentEntropyFloat3@@@@UBEXAAVnalComponentEnum@@AAPAXAAPBXH@Z 00C47DD0 f i nal_init.o
309	PORTED	0002:004589d0 ?ComponentSetupPartialDecode@nalComponentEntropyFloat3@@SAXPAUStateType@nalComponentEntropyFloat3Data@@AAPBEHPAUSkeletonData@nalComponentData@@PAUAnimData@3@PAUSkeletonComponentData@3@PAUAnimComponentData@5@@Z 00C47ED0 f i nal_init.o
310	PENDING	0002:00458a60 ?PartialDecode@?$nalComponent@VnalComponentFloat3Base@@VnalComponentEntropyFloat3Data@@VnalComponentEntropyFloat3@@@@UBEXAAVnalComponentEnum@@AAPAX1PAXHHH@Z 00C47F60 f i nal_init.o
311	PENDING	0002:00458bd0 ?Decode@?$nalComponent@VnalComponentFloat3Base@@VnalComponentEntropyFloat3Data@@VnalComponentEntropyFloat3@@@@UBEXAAVnalComponentEnum@@AAPAXAAPBXHH@Z 00C480D0 f i nal_init.o
312	PENDING	0002:00458ce0 ?ComponentDecode@nalComponentEntropyFloat3@@SAXPAVDir3@math@@AAPBEHHPAUSkeletonData@nalComponentData@@PAUAnimData@nalComponentEntropyFloat3Data@@PAUSkeletonComponentData@7@PAUAnimComponentData@5@@Z 00C481E0 f i nal_init.o
313	PENDING	0002:00458de0 ?Skip@?$nalComponent@VnalComponentFloat3Base@@VnalComponentEntropyFloat3Data@@VnalComponentEntropyFloat3@@@@UBEXAAVnalComponentEnum@@AAPAXAAPBXH@Z 00C482E0 f i nal_init.o
314	PENDING	0002:00458ee0 ?Convert@?$nalComponent@VnalComponentFloat3Base@@VnalComponentEntropyFloat3Data@@VnalComponentEntropyFloat3@@@@UBEXAAVnalComponentEnum@@PAXAAPBXPBXPBH@Z 00C483E0 f i nal_init.o
315	PENDING	0002:00459080 ?ConvertPerfect@?$nalComponent@VnalComponentFloat3Base@@VnalComponentEntropyFloat3Data@@VnalComponentEntropyFloat3@@@@UBEXAAVnalComponentEnum@@PAXAAPBXPBXPBH@Z 00C48580 f i nal_init.o
316	PORTED	0002:00459150 ?GetTrajectory@?$nalComponent@VnalComponentFloat3Base@@VnalComponentEntropyFloat3Data@@VnalComponentEntropyFloat3@@@@UBEXAAVnalComponentEnum@@PAX_NPBH@Z 00C48650 f i nal_init.o
317	PORTED	0002:00459210 ?Construct@?$nalComponent@VnalComponentFloat3Base@@VnalComponentEntropyFloat3Data@@VnalComponentEntropyFloat3@@@@UBEXPBUnalComponentInfo@nalGeneric@@AAPAX@Z 00C48710 f i nal_init.o
318	PORTED	0002:00459240 ?Delete@?$nalComponent@VnalComponentFloat3Base@@VnalComponentEntropyFloat3Data@@VnalComponentEntropyFloat3@@@@UBEXPBUnalComponentInfo@nalGeneric@@AAPAX@Z 00C48740 f i nal_init.o
319	PORTED	0002:00459270 ?Copy@?$nalComponent@VnalComponentFloat3Base@@VnalComponentEntropyFloat3Data@@VnalComponentEntropyFloat3@@@@UBEXPBUnalComponentInfo@nalGeneric@@AAPAXAAPBX@Z 00C48770 f i nal_init.o
320	PORTED	0002:00459290 ??$FastCopy@VnalComponentEntropyFloat3@@VDir3@math@@@@YAXPBUnalComponentInfo@nalGeneric@@AAPAXAAPBX@Z 00C48790 f i nal_init.o
321	PORTED	0002:004592e0 ?ReleaseCache@?$nalComponent@VnalComponentFloat3Base@@VnalComponentEntropyFloat3Data@@VnalComponentEntropyFloat3@@@@UBEXAAVnalComponentEnum@@AAPAX@Z 00C487E0 f i nal_init.o
322	VERIFIED	0002:00459380 ??0?$nalComponent@VnalComponentFloat3Base@@VnalComponentPacked8EntropyFloat3Data@@VnalComponentPacked8EntropyFloat3@@@@IAE@XZ 00C48880 f i nal_init.o
323	PORTED	0002:00459390 ?VirtualAdvanceSkeletonComponentData@?$nalComponent@VnalComponentFloat3Base@@VnalComponentPacked8EntropyFloat3Data@@VnalComponentPacked8EntropyFloat3@@@@UBEXAAPBX@Z 00C48890 f i nal_init.o
324	PORTED	0002:004593a0 ?VirtualAdvanceAnimData@?$nalComponent@VnalComponentFloat3Base@@VnalComponentPacked8EntropyFloat3Data@@VnalComponentPacked8EntropyFloat3@@@@UBEXAAPBX@Z 00C488A0 f i nal_init.o
325	PORTED	0002:004593b0 ?VirtualAlignSkeletonData@?$nalComponent@VnalComponentFloat3Base@@VnalComponentPacked8EntropyFloat3Data@@VnalComponentPacked8EntropyFloat3@@@@UBEXAAPBX@Z 00C488B0 f i nal_init.o
326	PORTED	0002:004593c0 ?VirtualAdvanceSkeletonData@?$nalComponent@VnalComponentFloat3Base@@VnalComponentPacked8EntropyFloat3Data@@VnalComponentPacked8EntropyFloat3@@@@UBEXAAPBX@Z 00C488C0 f i nal_init.o
327	PORTED	0002:004593d0 ?VirtualAlignSkeletonComponentData@?$nalComponent@VnalComponentFloat3Base@@VnalComponentPacked8EntropyFloat3Data@@VnalComponentPacked8EntropyFloat3@@@@UBEXAAPBX@Z 00C488D0 f i nal_init.o
328	PORTED	0002:004593f0 ?VirtualAlignAnimData@?$nalComponent@VnalComponentFloat3Base@@VnalComponentPacked8EntropyFloat3Data@@VnalComponentPacked8EntropyFloat3@@@@UBEXAAPBX@Z 00C488F0 f i nal_init.o
329	PORTED	0002:00459410 ?VirtualAlignAnimComponentData@?$nalComponent@VnalComponentFloat3Base@@VnalComponentPacked8EntropyFloat3Data@@VnalComponentPacked8EntropyFloat3@@@@UBEXAAPBX@Z 00C48910 f i nal_init.o
330	PORTED	0002:00459420 ?VirtualAdvanceAnimComponentData@?$nalComponent@VnalComponentFloat3Base@@VnalComponentPacked8EntropyFloat3Data@@VnalComponentPacked8EntropyFloat3@@@@UBEXAAPBX@Z 00C48920 f i nal_init.o
331	SKIPPED	0002:00459430 ??_E?$nalComponent@VnalComponentFloat3Base@@VnalComponentPacked8EntropyFloat3Data@@VnalComponentPacked8EntropyFloat3@@@@MAEPAXI@Z 00C48930 f i nal_init.o  SKIPPED: compiler-generated deleting destructor; supplied by the compiler
332	SKIPPED	0002:00459430 ??_G?$nalComponent@VnalComponentFloat3Base@@VnalComponentPacked8EntropyFloat3Data@@VnalComponentPacked8EntropyFloat3@@@@MAEPAXI@Z 00C48930 f i nal_init.o  SKIPPED: compiler-generated deleting destructor; supplied by the compiler
333	PORTED	0002:00459460 ?Process@?$nalComponent@VnalComponentFloat3Base@@VnalComponentPacked8EntropyFloat3Data@@VnalComponentPacked8EntropyFloat3@@@@UBEXPBUnalComponentInfo@nalGeneric@@AAPAX1@Z 00C48960 f i nal_init.o
334	PORTED	0002:00459490 ?SetupPartialDecode@?$nalComponent@VnalComponentFloat3Base@@VnalComponentPacked8EntropyFloat3Data@@VnalComponentPacked8EntropyFloat3@@@@UBEXAAVnalComponentEnum@@AAPAXAAPBXH@Z 00C48990 f i nal_init.o
335	PORTED	0002:00459590 ?ComponentSetupPartialDecode@nalComponentPacked8EntropyFloat3@@SAXPAUStateType@nalComponentPacked8EntropyFloat3Data@@AAPBEHPAUSkeletonData@nalComponentData@@PAUAnimData@3@PAUSkeletonComponentData@3@PAUAnimComponentData@5@@Z 00C48A90 f i nal_init.o
336	PENDING	0002:00459620 ?PartialDecode@?$nalComponent@VnalComponentFloat3Base@@VnalComponentPacked8EntropyFloat3Data@@VnalComponentPacked8EntropyFloat3@@@@UBEXAAVnalComponentEnum@@AAPAX1PAXHHH@Z 00C48B20 f i nal_init.o
337	PENDING	0002:00459740 ?ComponentPartialDecode@nalComponentPacked8EntropyFloat3@@SAXPAUStateType@nalComponentPacked8EntropyFloat3Data@@PAUCacheType@3@PAXHHHPAUSkeletonData@nalComponentData@@PAUAnimData@3@PAUSkeletonComponentData@3@PAUAnimComponentData@6@@Z 00C48C40 f i nal_init.o
338	PENDING	0002:00459930 ?Decode@?$nalComponent@VnalComponentFloat3Base@@VnalComponentPacked8EntropyFloat3Data@@VnalComponentPacked8EntropyFloat3@@@@UBEXAAVnalComponentEnum@@AAPAXAAPBXHH@Z 00C48E30 f i nal_init.o
339	PENDING	0002:00459a30 ?ComponentDecode@nalComponentPacked8EntropyFloat3@@SAXPAUCacheType@nalComponentPacked8EntropyFloat3Data@@AAPBEHHPAUSkeletonData@nalComponentData@@PAUAnimData@3@PAUSkeletonComponentData@3@PAUAnimComponentData@5@@Z 00C48F30 f i nal_init.o
340	PORTED	0002:00459cd0 ?Skip@?$nalComponent@VnalComponentFloat3Base@@VnalComponentPacked8EntropyFloat3Data@@VnalComponentPacked8EntropyFloat3@@@@UBEXAAVnalComponentEnum@@AAPAXAAPBXH@Z 00C491D0 f i nal_init.o
341	PENDING	0002:00459dd0 ?Convert@?$nalComponent@VnalComponentFloat3Base@@VnalComponentPacked8EntropyFloat3Data@@VnalComponentPacked8EntropyFloat3@@@@UBEXAAVnalComponentEnum@@PAXAAPBXPBXPBH@Z 00C492D0 f i nal_init.o
342	PENDING	0002:00459f80 ?ComponentConvert@nalComponentPacked8EntropyFloat3@@SAXPAVDir3@math@@PBUCacheType@nalComponentPacked8EntropyFloat3Data@@PAUSkeletonData@nalComponentData@@PAUAnimData@5@PAUSkeletonComponentData@5@PAUAnimComponentData@7@@Z 00C49480 f i nal_init.o
343	PENDING	0002:0045a010 ?ConvertPerfect@?$nalComponent@VnalComponentFloat3Base@@VnalComponentPacked8EntropyFloat3Data@@VnalComponentPacked8EntropyFloat3@@@@UBEXAAVnalComponentEnum@@PAXAAPBXPBXPBH@Z 00C49510 f i nal_init.o
344	PORTED	0002:0045a140 ?GetTrajectory@?$nalComponent@VnalComponentFloat3Base@@VnalComponentPacked8EntropyFloat3Data@@VnalComponentPacked8EntropyFloat3@@@@UBEXAAVnalComponentEnum@@PAX_NPBH@Z 00C49640 f i nal_init.o
345	PORTED	0002:0045a200 ?Construct@?$nalComponent@VnalComponentFloat3Base@@VnalComponentPacked8EntropyFloat3Data@@VnalComponentPacked8EntropyFloat3@@@@UBEXPBUnalComponentInfo@nalGeneric@@AAPAX@Z 00C49700 f i nal_init.o
346	PORTED	0002:0045a230 ?Delete@?$nalComponent@VnalComponentFloat3Base@@VnalComponentPacked8EntropyFloat3Data@@VnalComponentPacked8EntropyFloat3@@@@UBEXPBUnalComponentInfo@nalGeneric@@AAPAX@Z 00C49730 f i nal_init.o
347	PORTED	0002:0045a260 ?Copy@?$nalComponent@VnalComponentFloat3Base@@VnalComponentPacked8EntropyFloat3Data@@VnalComponentPacked8EntropyFloat3@@@@UBEXPBUnalComponentInfo@nalGeneric@@AAPAXAAPBX@Z 00C49760 f i nal_init.o
348	PORTED	0002:0045a280 ??$FastCopy@VnalComponentPacked8EntropyFloat3@@VDir3@math@@@@YAXPBUnalComponentInfo@nalGeneric@@AAPAXAAPBX@Z 00C49780 f i nal_init.o
349	PORTED	0002:0045a2d0 ?ReleaseCache@?$nalComponent@VnalComponentFloat3Base@@VnalComponentPacked8EntropyFloat3Data@@VnalComponentPacked8EntropyFloat3@@@@UBEXAAVnalComponentEnum@@AAPAX@Z 00C497D0 f i nal_init.o
350	VERIFIED	0002:0045a360 ??0?$nalComponent@VnalComponentFloat3Base@@VnalComponentPacked16EntropyFloat3Data@@VnalComponentPacked16EntropyFloat3@@@@IAE@XZ 00C49860 f i nal_init.o
351	PORTED	0002:0045a370 ?VirtualAdvanceSkeletonComponentData@?$nalComponent@VnalComponentFloat3Base@@VnalComponentPacked16EntropyFloat3Data@@VnalComponentPacked16EntropyFloat3@@@@UBEXAAPBX@Z 00C49870 f i nal_init.o
352	PORTED	0002:0045a380 ?VirtualAdvanceAnimData@?$nalComponent@VnalComponentFloat3Base@@VnalComponentPacked16EntropyFloat3Data@@VnalComponentPacked16EntropyFloat3@@@@UBEXAAPBX@Z 00C49880 f i nal_init.o
353	PORTED	0002:0045a390 ?VirtualAlignSkeletonData@?$nalComponent@VnalComponentFloat3Base@@VnalComponentPacked16EntropyFloat3Data@@VnalComponentPacked16EntropyFloat3@@@@UBEXAAPBX@Z 00C49890 f i nal_init.o
354	PORTED	0002:0045a3a0 ?VirtualAdvanceSkeletonData@?$nalComponent@VnalComponentFloat3Base@@VnalComponentPacked16EntropyFloat3Data@@VnalComponentPacked16EntropyFloat3@@@@UBEXAAPBX@Z 00C498A0 f i nal_init.o
355	PORTED	0002:0045a3b0 ?VirtualAlignSkeletonComponentData@?$nalComponent@VnalComponentFloat3Base@@VnalComponentPacked16EntropyFloat3Data@@VnalComponentPacked16EntropyFloat3@@@@UBEXAAPBX@Z 00C498B0 f i nal_init.o
356	PORTED	0002:0045a3d0 ?VirtualAlignAnimData@?$nalComponent@VnalComponentFloat3Base@@VnalComponentPacked16EntropyFloat3Data@@VnalComponentPacked16EntropyFloat3@@@@UBEXAAPBX@Z 00C498D0 f i nal_init.o
357	PORTED	0002:0045a3f0 ?VirtualAlignAnimComponentData@?$nalComponent@VnalComponentFloat3Base@@VnalComponentPacked16EntropyFloat3Data@@VnalComponentPacked16EntropyFloat3@@@@UBEXAAPBX@Z 00C498F0 f i nal_init.o
358	PORTED	0002:0045a400 ?VirtualAdvanceAnimComponentData@?$nalComponent@VnalComponentFloat3Base@@VnalComponentPacked16EntropyFloat3Data@@VnalComponentPacked16EntropyFloat3@@@@UBEXAAPBX@Z 00C49900 f i nal_init.o
359	SKIPPED	0002:0045a410 ??_E?$nalComponent@VnalComponentFloat3Base@@VnalComponentPacked16EntropyFloat3Data@@VnalComponentPacked16EntropyFloat3@@@@MAEPAXI@Z 00C49910 f i nal_init.o  SKIPPED: compiler-generated deleting destructor; supplied by the compiler
360	SKIPPED	0002:0045a410 ??_G?$nalComponent@VnalComponentFloat3Base@@VnalComponentPacked16EntropyFloat3Data@@VnalComponentPacked16EntropyFloat3@@@@MAEPAXI@Z 00C49910 f i nal_init.o  SKIPPED: compiler-generated deleting destructor; supplied by the compiler
361	PORTED	0002:0045a440 ?Process@?$nalComponent@VnalComponentFloat3Base@@VnalComponentPacked16EntropyFloat3Data@@VnalComponentPacked16EntropyFloat3@@@@UBEXPBUnalComponentInfo@nalGeneric@@AAPAX1@Z 00C49940 f i nal_init.o
362	PORTED	0002:0045a470 ?SetupPartialDecode@?$nalComponent@VnalComponentFloat3Base@@VnalComponentPacked16EntropyFloat3Data@@VnalComponentPacked16EntropyFloat3@@@@UBEXAAVnalComponentEnum@@AAPAXAAPBXH@Z 00C49970 f i nal_init.o
363	PORTED	0002:0045a570 ?ComponentSetupPartialDecode@nalComponentPacked16EntropyFloat3@@SAXPAUStateType@nalComponentPacked16EntropyFloat3Data@@AAPBEHPAUSkeletonData@nalComponentData@@PAUAnimData@3@PAUSkeletonComponentData@3@PAUAnimComponentData@5@@Z 00C49A70 f i nal_init.o
364	PENDING	0002:0045a600 ?PartialDecode@?$nalComponent@VnalComponentFloat3Base@@VnalComponentPacked16EntropyFloat3Data@@VnalComponentPacked16EntropyFloat3@@@@UBEXAAVnalComponentEnum@@AAPAX1PAXHHH@Z 00C49B00 f i nal_init.o
365	PENDING	0002:0045a720 ?ComponentPartialDecode@nalComponentPacked16EntropyFloat3@@SAXPAUStateType@nalComponentPacked16EntropyFloat3Data@@PAUCacheType@3@PAXHHHPAUSkeletonData@nalComponentData@@PAUAnimData@3@PAUSkeletonComponentData@3@PAUAnimComponentData@6@@Z 00C49C20 f i nal_init.o
366	PENDING	0002:0045a910 ?Decode@?$nalComponent@VnalComponentFloat3Base@@VnalComponentPacked16EntropyFloat3Data@@VnalComponentPacked16EntropyFloat3@@@@UBEXAAVnalComponentEnum@@AAPAXAAPBXHH@Z 00C49E10 f i nal_init.o
367	PENDING	0002:0045aa10 ?ComponentDecode@nalComponentPacked16EntropyFloat3@@SAXPAUCacheType@nalComponentPacked16EntropyFloat3Data@@AAPBEHHPAUSkeletonData@nalComponentData@@PAUAnimData@3@PAUSkeletonComponentData@3@PAUAnimComponentData@5@@Z 00C49F10 f i nal_init.o
368	PORTED	0002:0045acb0 ?Skip@?$nalComponent@VnalComponentFloat3Base@@VnalComponentPacked16EntropyFloat3Data@@VnalComponentPacked16EntropyFloat3@@@@UBEXAAVnalComponentEnum@@AAPAXAAPBXH@Z 00C4A1B0 f i nal_init.o
369	PENDING	0002:0045adb0 ?Convert@?$nalComponent@VnalComponentFloat3Base@@VnalComponentPacked16EntropyFloat3Data@@VnalComponentPacked16EntropyFloat3@@@@UBEXAAVnalComponentEnum@@PAXAAPBXPBXPBH@Z 00C4A2B0 f i nal_init.o
370	PENDING	0002:0045af60 ?ComponentConvert@nalComponentPacked16EntropyFloat3@@SAXPAVDir3@math@@PBUCacheType@nalComponentPacked16EntropyFloat3Data@@PAUSkeletonData@nalComponentData@@PAUAnimData@5@PAUSkeletonComponentData@5@PAUAnimComponentData@7@@Z 00C4A460 f i nal_init.o
371	PENDING	0002:0045aff0 ?ConvertPerfect@?$nalComponent@VnalComponentFloat3Base@@VnalComponentPacked16EntropyFloat3Data@@VnalComponentPacked16EntropyFloat3@@@@UBEXAAVnalComponentEnum@@PAXAAPBXPBXPBH@Z 00C4A4F0 f i nal_init.o
372	PORTED	0002:0045b120 ?GetTrajectory@?$nalComponent@VnalComponentFloat3Base@@VnalComponentPacked16EntropyFloat3Data@@VnalComponentPacked16EntropyFloat3@@@@UBEXAAVnalComponentEnum@@PAX_NPBH@Z 00C4A620 f i nal_init.o
373	PORTED	0002:0045b1e0 ?Construct@?$nalComponent@VnalComponentFloat3Base@@VnalComponentPacked16EntropyFloat3Data@@VnalComponentPacked16EntropyFloat3@@@@UBEXPBUnalComponentInfo@nalGeneric@@AAPAX@Z 00C4A6E0 f i nal_init.o
374	PORTED	0002:0045b210 ?Delete@?$nalComponent@VnalComponentFloat3Base@@VnalComponentPacked16EntropyFloat3Data@@VnalComponentPacked16EntropyFloat3@@@@UBEXPBUnalComponentInfo@nalGeneric@@AAPAX@Z 00C4A710 f i nal_init.o
375	PORTED	0002:0045b240 ?Copy@?$nalComponent@VnalComponentFloat3Base@@VnalComponentPacked16EntropyFloat3Data@@VnalComponentPacked16EntropyFloat3@@@@UBEXPBUnalComponentInfo@nalGeneric@@AAPAXAAPBX@Z 00C4A740 f i nal_init.o
376	PORTED	0002:0045b260 ??$FastCopy@VnalComponentPacked16EntropyFloat3@@VDir3@math@@@@YAXPBUnalComponentInfo@nalGeneric@@AAPAXAAPBX@Z 00C4A760 f i nal_init.o
377	PORTED	0002:0045b2b0 ?ReleaseCache@?$nalComponent@VnalComponentFloat3Base@@VnalComponentPacked16EntropyFloat3Data@@VnalComponentPacked16EntropyFloat3@@@@UBEXAAVnalComponentEnum@@AAPAX@Z 00C4A7B0 f i nal_init.o
378	VERIFIED	0002:0045b340 ??0?$nalComponent@VnalComponentFloat4Base@@VnalComponentFloat4Data@@VnalComponentFloat4@@@@IAE@XZ 00C4A840 f i nal_init.o
379	VERIFIED	0002:0045b350 ?VirtualAlignSkeletonData@?$nalComponent@VnalComponentFloat4Base@@VnalComponentFloat4Data@@VnalComponentFloat4@@@@UBEXAAPBX@Z 00C4A850 f i nal_init.o
380	VERIFIED	0002:0045b360 ?VirtualAdvanceSkeletonData@?$nalComponent@VnalComponentFloat4Base@@VnalComponentFloat4Data@@VnalComponentFloat4@@@@UBEXAAPBX@Z 00C4A860 f i nal_init.o
381	VERIFIED	0002:0045b370 ?VirtualAlignSkeletonComponentData@?$nalComponent@VnalComponentFloat4Base@@VnalComponentFloat4Data@@VnalComponentFloat4@@@@UBEXAAPBX@Z 00C4A870 f i nal_init.o
382	VERIFIED	0002:0045b380 ?VirtualAdvanceSkeletonComponentData@?$nalComponent@VnalComponentFloat4Base@@VnalComponentFloat4Data@@VnalComponentFloat4@@@@UBEXAAPBX@Z 00C4A880 f i nal_init.o
383	VERIFIED	0002:0045b390 ?VirtualAlignAnimData@?$nalComponent@VnalComponentFloat4Base@@VnalComponentFloat4Data@@VnalComponentFloat4@@@@UBEXAAPBX@Z 00C4A890 f i nal_init.o
384	VERIFIED	0002:0045b3a0 ?VirtualAdvanceAnimData@?$nalComponent@VnalComponentFloat4Base@@VnalComponentFloat4Data@@VnalComponentFloat4@@@@UBEXAAPBX@Z 00C4A8A0 f i nal_init.o
385	FIXED	0002:0045b3b0 ?VirtualAlignAnimComponentData@?$nalComponent@VnalComponentFloat4Base@@VnalComponentFloat4Data@@VnalComponentFloat4@@@@UBEXAAPBX@Z 00C4A8B0 f i nal_init.o
386	FIXED	0002:0045b3c0 ?VirtualAdvanceAnimComponentData@?$nalComponent@VnalComponentFloat4Base@@VnalComponentFloat4Data@@VnalComponentFloat4@@@@UBEXAAPBX@Z 00C4A8C0 f i nal_init.o
387	SKIPPED	0002:0045b3d0 ??_G?$nalComponent@VnalComponentFloat4Base@@VnalComponentFloat4Data@@VnalComponentFloat4@@@@MAEPAXI@Z 00C4A8D0 f i nal_init.o  SKIPPED: compiler-generated deleting destructor; supplied by the compiler
388	SKIPPED	0002:0045b3d0 ??_E?$nalComponent@VnalComponentFloat4Base@@VnalComponentFloat4Data@@VnalComponentFloat4@@@@MAEPAXI@Z 00C4A8D0 f i nal_init.o  SKIPPED: compiler-generated deleting destructor; supplied by the compiler
389	PORTED	0002:0045b400 ?Process@?$nalComponent@VnalComponentFloat4Base@@VnalComponentFloat4Data@@VnalComponentFloat4@@@@UBEXPBUnalComponentInfo@nalGeneric@@AAPAX1@Z 00C4A900 f i nal_init.o
390	PORTED	0002:0045b430 ?SetupPartialDecode@?$nalComponent@VnalComponentFloat4Base@@VnalComponentFloat4Data@@VnalComponentFloat4@@@@UBEXAAVnalComponentEnum@@AAPAXAAPBXH@Z 00C4A930 f i nal_init.o
391	PORTED	0002:0045b500 ?PartialDecode@?$nalComponent@VnalComponentFloat4Base@@VnalComponentFloat4Data@@VnalComponentFloat4@@@@UBEXAAVnalComponentEnum@@AAPAX1PAXHHH@Z 00C4AA00 f i nal_init.o
392	PORTED	0002:0045b600 ?Decode@?$nalComponent@VnalComponentFloat4Base@@VnalComponentFloat4Data@@VnalComponentFloat4@@@@UBEXAAVnalComponentEnum@@AAPAXAAPBXHH@Z 00C4AB00 f i nal_init.o
393	PORTED	0002:0045b6f0 ?Skip@?$nalComponent@VnalComponentFloat4Base@@VnalComponentFloat4Data@@VnalComponentFloat4@@@@UBEXAAVnalComponentEnum@@AAPAXAAPBXH@Z 00C4ABF0 f i nal_init.o
394	PORTED	0002:0045b7b0 ?Convert@?$nalComponent@VnalComponentFloat4Base@@VnalComponentFloat4Data@@VnalComponentFloat4@@@@UBEXAAVnalComponentEnum@@PAXAAPBXPBXPBH@Z 00C4ACB0 f i nal_init.o
395	PENDING	0002:0045b920 ?ConvertPerfect@?$nalComponent@VnalComponentFloat4Base@@VnalComponentFloat4Data@@VnalComponentFloat4@@@@UBEXAAVnalComponentEnum@@PAXAAPBXPBXPBH@Z 00C4AE20 f i nal_init.o
396	PORTED	0002:0045b9d0 ?GetTrajectory@?$nalComponent@VnalComponentFloat4Base@@VnalComponentFloat4Data@@VnalComponentFloat4@@@@UBEXAAVnalComponentEnum@@PAX_NPBH@Z 00C4AED0 f i nal_init.o
397	PORTED	0002:0045ba70 ?Construct@?$nalComponent@VnalComponentFloat4Base@@VnalComponentFloat4Data@@VnalComponentFloat4@@@@UBEXPBUnalComponentInfo@nalGeneric@@AAPAX@Z 00C4AF70 f i nal_init.o
398	PORTED	0002:0045baa0 ?Delete@?$nalComponent@VnalComponentFloat4Base@@VnalComponentFloat4Data@@VnalComponentFloat4@@@@UBEXPBUnalComponentInfo@nalGeneric@@AAPAX@Z 00C4AFA0 f i nal_init.o
399	PORTED	0002:0045bad0 ?Copy@?$nalComponent@VnalComponentFloat4Base@@VnalComponentFloat4Data@@VnalComponentFloat4@@@@UBEXPBUnalComponentInfo@nalGeneric@@AAPAXAAPBX@Z 00C4AFD0 f i nal_init.o
400	PORTED	0002:0045baf0 ??$FastCopy@VnalComponentFloat4@@VVector4@math@@@@YAXPBUnalComponentInfo@nalGeneric@@AAPAXAAPBX@Z 00C4AFF0 f i nal_init.o
401	PORTED	0002:0045bb40 ?ReleaseCache@?$nalComponent@VnalComponentFloat4Base@@VnalComponentFloat4Data@@VnalComponentFloat4@@@@UBEXAAVnalComponentEnum@@AAPAX@Z 00C4B040 f i nal_init.o
402	VERIFIED	0002:0045bbe0 ??0?$nalComponent@VnalComponentFloat4Base@@VnalComponentEntropyFloat4Data@@VnalComponentEntropyFloat4@@@@IAE@XZ 00C4B0E0 f i nal_init.o
403	PORTED	0002:0045bbf0 ?VirtualAdvanceSkeletonComponentData@?$nalComponent@VnalComponentFloat4Base@@VnalComponentEntropyFloat4Data@@VnalComponentEntropyFloat4@@@@UBEXAAPBX@Z 00C4B0F0 f i nal_init.o
404	PORTED	0002:0045bc00 ?VirtualAdvanceAnimData@?$nalComponent@VnalComponentFloat4Base@@VnalComponentEntropyFloat4Data@@VnalComponentEntropyFloat4@@@@UBEXAAPBX@Z 00C4B100 f i nal_init.o
405	PORTED	0002:0045bc10 ?VirtualAlignSkeletonData@?$nalComponent@VnalComponentFloat4Base@@VnalComponentEntropyFloat4Data@@VnalComponentEntropyFloat4@@@@UBEXAAPBX@Z 00C4B110 f i nal_init.o
406	PORTED	0002:0045bc20 ?VirtualAdvanceSkeletonData@?$nalComponent@VnalComponentFloat4Base@@VnalComponentEntropyFloat4Data@@VnalComponentEntropyFloat4@@@@UBEXAAPBX@Z 00C4B120 f i nal_init.o
407	PORTED	0002:0045bc30 ?VirtualAlignSkeletonComponentData@?$nalComponent@VnalComponentFloat4Base@@VnalComponentEntropyFloat4Data@@VnalComponentEntropyFloat4@@@@UBEXAAPBX@Z 00C4B130 f i nal_init.o
408	PORTED	0002:0045bc50 ?VirtualAlignAnimData@?$nalComponent@VnalComponentFloat4Base@@VnalComponentEntropyFloat4Data@@VnalComponentEntropyFloat4@@@@UBEXAAPBX@Z 00C4B150 f i nal_init.o
409	PORTED	0002:0045bc70 ?VirtualAlignAnimComponentData@?$nalComponent@VnalComponentFloat4Base@@VnalComponentEntropyFloat4Data@@VnalComponentEntropyFloat4@@@@UBEXAAPBX@Z 00C4B170 f i nal_init.o
410	PORTED	0002:0045bc80 ?VirtualAdvanceAnimComponentData@?$nalComponent@VnalComponentFloat4Base@@VnalComponentEntropyFloat4Data@@VnalComponentEntropyFloat4@@@@UBEXAAPBX@Z 00C4B180 f i nal_init.o
411	SKIPPED	0002:0045bc90 ??_E?$nalComponent@VnalComponentFloat4Base@@VnalComponentEntropyFloat4Data@@VnalComponentEntropyFloat4@@@@MAEPAXI@Z 00C4B190 f i nal_init.o  SKIPPED: compiler-generated deleting destructor; supplied by the compiler
412	SKIPPED	0002:0045bc90 ??_G?$nalComponent@VnalComponentFloat4Base@@VnalComponentEntropyFloat4Data@@VnalComponentEntropyFloat4@@@@MAEPAXI@Z 00C4B190 f i nal_init.o  SKIPPED: compiler-generated deleting destructor; supplied by the compiler
413	PORTED	0002:0045bcc0 ?Process@?$nalComponent@VnalComponentFloat4Base@@VnalComponentEntropyFloat4Data@@VnalComponentEntropyFloat4@@@@UBEXPBUnalComponentInfo@nalGeneric@@AAPAX1@Z 00C4B1C0 f i nal_init.o
414	PORTED	0002:0045bcf0 ?SetupPartialDecode@?$nalComponent@VnalComponentFloat4Base@@VnalComponentEntropyFloat4Data@@VnalComponentEntropyFloat4@@@@UBEXAAVnalComponentEnum@@AAPAXAAPBXH@Z 00C4B1F0 f i nal_init.o
415	PORTED	0002:0045bdf0 ?ComponentSetupPartialDecode@nalComponentEntropyFloat4@@SAXPAUStateType@nalComponentEntropyFloat4Data@@AAPBEHPAUSkeletonData@nalComponentData@@PAUAnimData@3@PAUSkeletonComponentData@3@PAUAnimComponentData@5@@Z 00C4B2F0 f i nal_init.o
416	PENDING	0002:0045beb0 ?PartialDecode@?$nalComponent@VnalComponentFloat4Base@@VnalComponentEntropyFloat4Data@@VnalComponentEntropyFloat4@@@@UBEXAAVnalComponentEnum@@AAPAX1PAXHHH@Z 00C4B3B0 f i nal_init.o
417	PENDING	0002:0045c040 ?Decode@?$nalComponent@VnalComponentFloat4Base@@VnalComponentEntropyFloat4Data@@VnalComponentEntropyFloat4@@@@UBEXAAVnalComponentEnum@@AAPAXAAPBXHH@Z 00C4B540 f i nal_init.o
418	PENDING	0002:0045c150 ?ComponentDecode@nalComponentEntropyFloat4@@SAXPAVVector4@math@@AAPBEHHPAUSkeletonData@nalComponentData@@PAUAnimData@nalComponentEntropyFloat4Data@@PAUSkeletonComponentData@7@PAUAnimComponentData@5@@Z 00C4B650 f i nal_init.o
419	PORTED	0002:0045c2a0 ?Skip@?$nalComponent@VnalComponentFloat4Base@@VnalComponentEntropyFloat4Data@@VnalComponentEntropyFloat4@@@@UBEXAAVnalComponentEnum@@AAPAXAAPBXH@Z 00C4B7A0 f i nal_init.o
420	PORTED	0002:0045c3a0 ?ComponentSkip@nalComponentEntropyFloat4@@SAXAAPBEHPAUSkeletonData@nalComponentData@@PAUAnimData@nalComponentEntropyFloat4Data@@PAUSkeletonComponentData@5@PAUAnimComponentData@3@@Z 00C4B8A0 f i nal_init.o
421	PORTED	0002:0045c3d0 ?Convert@?$nalComponent@VnalComponentFloat4Base@@VnalComponentEntropyFloat4Data@@VnalComponentEntropyFloat4@@@@UBEXAAVnalComponentEnum@@PAXAAPBXPBXPBH@Z 00C4B8D0 f i nal_init.o
422	PENDING	0002:0045c570 ?ConvertPerfect@?$nalComponent@VnalComponentFloat4Base@@VnalComponentEntropyFloat4Data@@VnalComponentEntropyFloat4@@@@UBEXAAVnalComponentEnum@@PAXAAPBXPBXPBH@Z 00C4BA70 f i nal_init.o
423	PORTED	0002:0045c640 ?GetTrajectory@?$nalComponent@VnalComponentFloat4Base@@VnalComponentEntropyFloat4Data@@VnalComponentEntropyFloat4@@@@UBEXAAVnalComponentEnum@@PAX_NPBH@Z 00C4BB40 f i nal_init.o
424	PORTED	0002:0045c700 ?Construct@?$nalComponent@VnalComponentFloat4Base@@VnalComponentEntropyFloat4Data@@VnalComponentEntropyFloat4@@@@UBEXPBUnalComponentInfo@nalGeneric@@AAPAX@Z 00C4BC00 f i nal_init.o
425	PORTED	0002:0045c730 ?Delete@?$nalComponent@VnalComponentFloat4Base@@VnalComponentEntropyFloat4Data@@VnalComponentEntropyFloat4@@@@UBEXPBUnalComponentInfo@nalGeneric@@AAPAX@Z 00C4BC30 f i nal_init.o
426	PORTED	0002:0045c760 ?Copy@?$nalComponent@VnalComponentFloat4Base@@VnalComponentEntropyFloat4Data@@VnalComponentEntropyFloat4@@@@UBEXPBUnalComponentInfo@nalGeneric@@AAPAXAAPBX@Z 00C4BC60 f i nal_init.o
427	PORTED	0002:0045c780 ??$FastCopy@VnalComponentEntropyFloat4@@VVector4@math@@@@YAXPBUnalComponentInfo@nalGeneric@@AAPAXAAPBX@Z 00C4BC80 f i nal_init.o
428	PORTED	0002:0045c7d0 ?ReleaseCache@?$nalComponent@VnalComponentFloat4Base@@VnalComponentEntropyFloat4Data@@VnalComponentEntropyFloat4@@@@UBEXAAVnalComponentEnum@@AAPAX@Z 00C4BCD0 f i nal_init.o
429	VERIFIED	0002:0045c870 ??0?$nalComponent@VnalComponentFloat4Base@@VnalComponentPacked8EntropyFloat4Data@@VnalComponentPacked8EntropyFloat4@@@@IAE@XZ 00C4BD70 f i nal_init.o
430	PORTED	0002:0045c880 ?VirtualAdvanceSkeletonComponentData@?$nalComponent@VnalComponentFloat4Base@@VnalComponentPacked8EntropyFloat4Data@@VnalComponentPacked8EntropyFloat4@@@@UBEXAAPBX@Z 00C4BD80 f i nal_init.o
431	PORTED	0002:0045c890 ?VirtualAdvanceAnimData@?$nalComponent@VnalComponentFloat4Base@@VnalComponentPacked8EntropyFloat4Data@@VnalComponentPacked8EntropyFloat4@@@@UBEXAAPBX@Z 00C4BD90 f i nal_init.o
432	PORTED	0002:0045c8a0 ?VirtualAlignSkeletonData@?$nalComponent@VnalComponentFloat4Base@@VnalComponentPacked8EntropyFloat4Data@@VnalComponentPacked8EntropyFloat4@@@@UBEXAAPBX@Z 00C4BDA0 f i nal_init.o
433	PORTED	0002:0045c8b0 ?VirtualAdvanceSkeletonData@?$nalComponent@VnalComponentFloat4Base@@VnalComponentPacked8EntropyFloat4Data@@VnalComponentPacked8EntropyFloat4@@@@UBEXAAPBX@Z 00C4BDB0 f i nal_init.o
434	PORTED	0002:0045c8c0 ?VirtualAlignSkeletonComponentData@?$nalComponent@VnalComponentFloat4Base@@VnalComponentPacked8EntropyFloat4Data@@VnalComponentPacked8EntropyFloat4@@@@UBEXAAPBX@Z 00C4BDC0 f i nal_init.o
435	PORTED	0002:0045c8e0 ?VirtualAlignAnimData@?$nalComponent@VnalComponentFloat4Base@@VnalComponentPacked8EntropyFloat4Data@@VnalComponentPacked8EntropyFloat4@@@@UBEXAAPBX@Z 00C4BDE0 f i nal_init.o
436	PORTED	0002:0045c900 ?VirtualAlignAnimComponentData@?$nalComponent@VnalComponentFloat4Base@@VnalComponentPacked8EntropyFloat4Data@@VnalComponentPacked8EntropyFloat4@@@@UBEXAAPBX@Z 00C4BE00 f i nal_init.o
437	PORTED	0002:0045c910 ?VirtualAdvanceAnimComponentData@?$nalComponent@VnalComponentFloat4Base@@VnalComponentPacked8EntropyFloat4Data@@VnalComponentPacked8EntropyFloat4@@@@UBEXAAPBX@Z 00C4BE10 f i nal_init.o
438	SKIPPED	0002:0045c920 ??_G?$nalComponent@VnalComponentFloat4Base@@VnalComponentPacked8EntropyFloat4Data@@VnalComponentPacked8EntropyFloat4@@@@MAEPAXI@Z 00C4BE20 f i nal_init.o  SKIPPED: compiler-generated deleting destructor; supplied by the compiler
439	SKIPPED	0002:0045c920 ??_E?$nalComponent@VnalComponentFloat4Base@@VnalComponentPacked8EntropyFloat4Data@@VnalComponentPacked8EntropyFloat4@@@@MAEPAXI@Z 00C4BE20 f i nal_init.o  SKIPPED: compiler-generated deleting destructor; supplied by the compiler
440	PORTED	0002:0045c950 ?Process@?$nalComponent@VnalComponentFloat4Base@@VnalComponentPacked8EntropyFloat4Data@@VnalComponentPacked8EntropyFloat4@@@@UBEXPBUnalComponentInfo@nalGeneric@@AAPAX1@Z 00C4BE50 f i nal_init.o
441	PORTED	0002:0045c980 ?SetupPartialDecode@?$nalComponent@VnalComponentFloat4Base@@VnalComponentPacked8EntropyFloat4Data@@VnalComponentPacked8EntropyFloat4@@@@UBEXAAVnalComponentEnum@@AAPAXAAPBXH@Z 00C4BE80 f i nal_init.o
442	PORTED	0002:0045ca80 ?ComponentSetupPartialDecode@nalComponentPacked8EntropyFloat4@@SAXPAUStateType@nalComponentPacked8EntropyFloat4Data@@AAPBEHPAUSkeletonData@nalComponentData@@PAUAnimData@3@PAUSkeletonComponentData@3@PAUAnimComponentData@5@@Z 00C4BF80 f i nal_init.o
443	PENDING	0002:0045cb40 ?PartialDecode@?$nalComponent@VnalComponentFloat4Base@@VnalComponentPacked8EntropyFloat4Data@@VnalComponentPacked8EntropyFloat4@@@@UBEXAAVnalComponentEnum@@AAPAX1PAXHHH@Z 00C4C040 f i nal_init.o
444	PENDING	0002:0045cc60 ?ComponentPartialDecode@nalComponentPacked8EntropyFloat4@@SAXPAUStateType@nalComponentPacked8EntropyFloat4Data@@PAUCacheType@3@PAXHHHPAUSkeletonData@nalComponentData@@PAUAnimData@3@PAUSkeletonComponentData@3@PAUAnimComponentData@6@@Z 00C4C160 f i nal_init.o
445	PENDING	0002:0045cef0 ?Decode@?$nalComponent@VnalComponentFloat4Base@@VnalComponentPacked8EntropyFloat4Data@@VnalComponentPacked8EntropyFloat4@@@@UBEXAAVnalComponentEnum@@AAPAXAAPBXHH@Z 00C4C3F0 f i nal_init.o
446	PENDING	0002:0045cff0 ?ComponentDecode@nalComponentPacked8EntropyFloat4@@SAXPAUCacheType@nalComponentPacked8EntropyFloat4Data@@AAPBEHHPAUSkeletonData@nalComponentData@@PAUAnimData@3@PAUSkeletonComponentData@3@PAUAnimComponentData@5@@Z 00C4C4F0 f i nal_init.o
447	PORTED	0002:0045d360 ?Skip@?$nalComponent@VnalComponentFloat4Base@@VnalComponentPacked8EntropyFloat4Data@@VnalComponentPacked8EntropyFloat4@@@@UBEXAAVnalComponentEnum@@AAPAXAAPBXH@Z 00C4C860 f i nal_init.o
448	PORTED	0002:0045d450 ?ComponentSkip@nalComponentPacked8EntropyFloat4@@SAXAAPBEHPAUSkeletonData@nalComponentData@@PAUAnimData@nalComponentPacked8EntropyFloat4Data@@PAUSkeletonComponentData@5@PAUAnimComponentData@3@@Z 00C4C950 f i nal_init.o
449	PORTED	0002:0045d480 ?Convert@?$nalComponent@VnalComponentFloat4Base@@VnalComponentPacked8EntropyFloat4Data@@VnalComponentPacked8EntropyFloat4@@@@UBEXAAVnalComponentEnum@@PAXAAPBXPBXPBH@Z 00C4C980 f i nal_init.o
450	PORTED	0002:0045d630 ?ComponentConvert@nalComponentPacked8EntropyFloat4@@SAXPAVVector4@math@@PBUCacheType@nalComponentPacked8EntropyFloat4Data@@PAUSkeletonData@nalComponentData@@PAUAnimData@5@PAUSkeletonComponentData@5@PAUAnimComponentData@7@@Z 00C4CB30 f i nal_init.o
451	PENDING	0002:0045d6d0 ?ConvertPerfect@?$nalComponent@VnalComponentFloat4Base@@VnalComponentPacked8EntropyFloat4Data@@VnalComponentPacked8EntropyFloat4@@@@UBEXAAVnalComponentEnum@@PAXAAPBXPBXPBH@Z 00C4CBD0 f i nal_init.o
452	PORTED	0002:0045d800 ?GetTrajectory@?$nalComponent@VnalComponentFloat4Base@@VnalComponentPacked8EntropyFloat4Data@@VnalComponentPacked8EntropyFloat4@@@@UBEXAAVnalComponentEnum@@PAX_NPBH@Z 00C4CD00 f i nal_init.o
453	PORTED	0002:0045d8c0 ?Construct@?$nalComponent@VnalComponentFloat4Base@@VnalComponentPacked8EntropyFloat4Data@@VnalComponentPacked8EntropyFloat4@@@@UBEXPBUnalComponentInfo@nalGeneric@@AAPAX@Z 00C4CDC0 f i nal_init.o
454	PORTED	0002:0045d8f0 ?Delete@?$nalComponent@VnalComponentFloat4Base@@VnalComponentPacked8EntropyFloat4Data@@VnalComponentPacked8EntropyFloat4@@@@UBEXPBUnalComponentInfo@nalGeneric@@AAPAX@Z 00C4CDF0 f i nal_init.o
455	PORTED	0002:0045d920 ?Copy@?$nalComponent@VnalComponentFloat4Base@@VnalComponentPacked8EntropyFloat4Data@@VnalComponentPacked8EntropyFloat4@@@@UBEXPBUnalComponentInfo@nalGeneric@@AAPAXAAPBX@Z 00C4CE20 f i nal_init.o
456	PORTED	0002:0045d940 ??$FastCopy@VnalComponentPacked8EntropyFloat4@@VVector4@math@@@@YAXPBUnalComponentInfo@nalGeneric@@AAPAXAAPBX@Z 00C4CE40 f i nal_init.o
457	PORTED	0002:0045d990 ?ReleaseCache@?$nalComponent@VnalComponentFloat4Base@@VnalComponentPacked8EntropyFloat4Data@@VnalComponentPacked8EntropyFloat4@@@@UBEXAAVnalComponentEnum@@AAPAX@Z 00C4CE90 f i nal_init.o
458	VERIFIED	0002:0045da20 ??0?$nalComponent@VnalComponentFloat4Base@@VnalComponentPacked16EntropyFloat4Data@@VnalComponentPacked16EntropyFloat4@@@@IAE@XZ 00C4CF20 f i nal_init.o
459	PORTED	0002:0045da30 ?VirtualAdvanceSkeletonComponentData@?$nalComponent@VnalComponentFloat4Base@@VnalComponentPacked16EntropyFloat4Data@@VnalComponentPacked16EntropyFloat4@@@@UBEXAAPBX@Z 00C4CF30 f i nal_init.o
460	PORTED	0002:0045da40 ?VirtualAdvanceAnimData@?$nalComponent@VnalComponentFloat4Base@@VnalComponentPacked16EntropyFloat4Data@@VnalComponentPacked16EntropyFloat4@@@@UBEXAAPBX@Z 00C4CF40 f i nal_init.o
461	PORTED	0002:0045da50 ?VirtualAlignSkeletonData@?$nalComponent@VnalComponentFloat4Base@@VnalComponentPacked16EntropyFloat4Data@@VnalComponentPacked16EntropyFloat4@@@@UBEXAAPBX@Z 00C4CF50 f i nal_init.o
462	PORTED	0002:0045da60 ?VirtualAdvanceSkeletonData@?$nalComponent@VnalComponentFloat4Base@@VnalComponentPacked16EntropyFloat4Data@@VnalComponentPacked16EntropyFloat4@@@@UBEXAAPBX@Z 00C4CF60 f i nal_init.o
463	PORTED	0002:0045da70 ?VirtualAlignSkeletonComponentData@?$nalComponent@VnalComponentFloat4Base@@VnalComponentPacked16EntropyFloat4Data@@VnalComponentPacked16EntropyFloat4@@@@UBEXAAPBX@Z 00C4CF70 f i nal_init.o
464	PORTED	0002:0045da90 ?VirtualAlignAnimData@?$nalComponent@VnalComponentFloat4Base@@VnalComponentPacked16EntropyFloat4Data@@VnalComponentPacked16EntropyFloat4@@@@UBEXAAPBX@Z 00C4CF90 f i nal_init.o
465	PORTED	0002:0045dab0 ?VirtualAlignAnimComponentData@?$nalComponent@VnalComponentFloat4Base@@VnalComponentPacked16EntropyFloat4Data@@VnalComponentPacked16EntropyFloat4@@@@UBEXAAPBX@Z 00C4CFB0 f i nal_init.o
466	PORTED	0002:0045dac0 ?VirtualAdvanceAnimComponentData@?$nalComponent@VnalComponentFloat4Base@@VnalComponentPacked16EntropyFloat4Data@@VnalComponentPacked16EntropyFloat4@@@@UBEXAAPBX@Z 00C4CFC0 f i nal_init.o
467	SKIPPED	0002:0045dad0 ??_G?$nalComponent@VnalComponentFloat4Base@@VnalComponentPacked16EntropyFloat4Data@@VnalComponentPacked16EntropyFloat4@@@@MAEPAXI@Z 00C4CFD0 f i nal_init.o  SKIPPED: compiler-generated deleting destructor; supplied by the compiler
468	SKIPPED	0002:0045dad0 ??_E?$nalComponent@VnalComponentFloat4Base@@VnalComponentPacked16EntropyFloat4Data@@VnalComponentPacked16EntropyFloat4@@@@MAEPAXI@Z 00C4CFD0 f i nal_init.o  SKIPPED: compiler-generated deleting destructor; supplied by the compiler
469	PORTED	0002:0045db00 ?Process@?$nalComponent@VnalComponentFloat4Base@@VnalComponentPacked16EntropyFloat4Data@@VnalComponentPacked16EntropyFloat4@@@@UBEXPBUnalComponentInfo@nalGeneric@@AAPAX1@Z 00C4D000 f i nal_init.o
470	PORTED	0002:0045db30 ?SetupPartialDecode@?$nalComponent@VnalComponentFloat4Base@@VnalComponentPacked16EntropyFloat4Data@@VnalComponentPacked16EntropyFloat4@@@@UBEXAAVnalComponentEnum@@AAPAXAAPBXH@Z 00C4D030 f i nal_init.o
471	PORTED	0002:0045dc30 ?ComponentSetupPartialDecode@nalComponentPacked16EntropyFloat4@@SAXPAUStateType@nalComponentPacked16EntropyFloat4Data@@AAPBEHPAUSkeletonData@nalComponentData@@PAUAnimData@3@PAUSkeletonComponentData@3@PAUAnimComponentData@5@@Z 00C4D130 f i nal_init.o
472	PENDING	0002:0045dcf0 ?PartialDecode@?$nalComponent@VnalComponentFloat4Base@@VnalComponentPacked16EntropyFloat4Data@@VnalComponentPacked16EntropyFloat4@@@@UBEXAAVnalComponentEnum@@AAPAX1PAXHHH@Z 00C4D1F0 f i nal_init.o
473	PENDING	0002:0045de10 ?ComponentPartialDecode@nalComponentPacked16EntropyFloat4@@SAXPAUStateType@nalComponentPacked16EntropyFloat4Data@@PAUCacheType@3@PAXHHHPAUSkeletonData@nalComponentData@@PAUAnimData@3@PAUSkeletonComponentData@3@PAUAnimComponentData@6@@Z 00C4D310 f i nal_init.o
474	PENDING	0002:0045e0a0 ?Decode@?$nalComponent@VnalComponentFloat4Base@@VnalComponentPacked16EntropyFloat4Data@@VnalComponentPacked16EntropyFloat4@@@@UBEXAAVnalComponentEnum@@AAPAXAAPBXHH@Z 00C4D5A0 f i nal_init.o
475	PENDING	0002:0045e1a0 ?ComponentDecode@nalComponentPacked16EntropyFloat4@@SAXPAUCacheType@nalComponentPacked16EntropyFloat4Data@@AAPBEHHPAUSkeletonData@nalComponentData@@PAUAnimData@3@PAUSkeletonComponentData@3@PAUAnimComponentData@5@@Z 00C4D6A0 f i nal_init.o
476	PORTED	0002:0045e510 ?Skip@?$nalComponent@VnalComponentFloat4Base@@VnalComponentPacked16EntropyFloat4Data@@VnalComponentPacked16EntropyFloat4@@@@UBEXAAVnalComponentEnum@@AAPAXAAPBXH@Z 00C4DA10 f i nal_init.o
477	PORTED	0002:0045e610 ?ComponentSkip@nalComponentPacked16EntropyFloat4@@SAXAAPBEHPAUSkeletonData@nalComponentData@@PAUAnimData@nalComponentPacked16EntropyFloat4Data@@PAUSkeletonComponentData@5@PAUAnimComponentData@3@@Z 00C4DB10 f i nal_init.o
478	PORTED	0002:0045e640 ?Convert@?$nalComponent@VnalComponentFloat4Base@@VnalComponentPacked16EntropyFloat4Data@@VnalComponentPacked16EntropyFloat4@@@@UBEXAAVnalComponentEnum@@PAXAAPBXPBXPBH@Z 00C4DB40 f i nal_init.o
479	PORTED	0002:0045e7f0 ?ComponentConvert@nalComponentPacked16EntropyFloat4@@SAXPAVVector4@math@@PBUCacheType@nalComponentPacked16EntropyFloat4Data@@PAUSkeletonData@nalComponentData@@PAUAnimData@5@PAUSkeletonComponentData@5@PAUAnimComponentData@7@@Z 00C4DCF0 f i nal_init.o
480	PENDING	0002:0045e890 ?ConvertPerfect@?$nalComponent@VnalComponentFloat4Base@@VnalComponentPacked16EntropyFloat4Data@@VnalComponentPacked16EntropyFloat4@@@@UBEXAAVnalComponentEnum@@PAXAAPBXPBXPBH@Z 00C4DD90 f i nal_init.o
481	PORTED	0002:0045e9c0 ?GetTrajectory@?$nalComponent@VnalComponentFloat4Base@@VnalComponentPacked16EntropyFloat4Data@@VnalComponentPacked16EntropyFloat4@@@@UBEXAAVnalComponentEnum@@PAX_NPBH@Z 00C4DEC0 f i nal_init.o
482	PORTED	0002:0045ea80 ?Construct@?$nalComponent@VnalComponentFloat4Base@@VnalComponentPacked16EntropyFloat4Data@@VnalComponentPacked16EntropyFloat4@@@@UBEXPBUnalComponentInfo@nalGeneric@@AAPAX@Z 00C4DF80 f i nal_init.o
483	PORTED	0002:0045eab0 ?Delete@?$nalComponent@VnalComponentFloat4Base@@VnalComponentPacked16EntropyFloat4Data@@VnalComponentPacked16EntropyFloat4@@@@UBEXPBUnalComponentInfo@nalGeneric@@AAPAX@Z 00C4DFB0 f i nal_init.o
484	PORTED	0002:0045eae0 ?Copy@?$nalComponent@VnalComponentFloat4Base@@VnalComponentPacked16EntropyFloat4Data@@VnalComponentPacked16EntropyFloat4@@@@UBEXPBUnalComponentInfo@nalGeneric@@AAPAXAAPBX@Z 00C4DFE0 f i nal_init.o
485	PORTED	0002:0045eb00 ??$FastCopy@VnalComponentPacked16EntropyFloat4@@VVector4@math@@@@YAXPBUnalComponentInfo@nalGeneric@@AAPAXAAPBX@Z 00C4E000 f i nal_init.o
486	PORTED	0002:0045eb50 ?ReleaseCache@?$nalComponent@VnalComponentFloat4Base@@VnalComponentPacked16EntropyFloat4Data@@VnalComponentPacked16EntropyFloat4@@@@UBEXAAVnalComponentEnum@@AAPAX@Z 00C4E050 f i nal_init.o
487	VERIFIED	0002:0045ebe0 ??0?$nalComponent@VnalComponentQuatBase@@VnalComponentQuatData@@VnalComponentQuat@@@@IAE@XZ 00C4E0E0 f i nal_init.o
488	PORTED	0002:0045ebf0 ?VirtualAlignSkeletonData@?$nalComponent@VnalComponentQuatBase@@VnalComponentQuatData@@VnalComponentQuat@@@@UBEXAAPBX@Z 00C4E0F0 f i nal_init.o
489	PORTED	0002:0045ec00 ?VirtualAdvanceSkeletonData@?$nalComponent@VnalComponentQuatBase@@VnalComponentQuatData@@VnalComponentQuat@@@@UBEXAAPBX@Z 00C4E100 f i nal_init.o
490	PORTED	0002:0045ec10 ?VirtualAlignSkeletonComponentData@?$nalComponent@VnalComponentQuatBase@@VnalComponentQuatData@@VnalComponentQuat@@@@UBEXAAPBX@Z 00C4E110 f i nal_init.o
491	PORTED	0002:0045ec20 ?VirtualAdvanceSkeletonComponentData@?$nalComponent@VnalComponentQuatBase@@VnalComponentQuatData@@VnalComponentQuat@@@@UBEXAAPBX@Z 00C4E120 f i nal_init.o
492	PORTED	0002:0045ec30 ?VirtualAlignAnimData@?$nalComponent@VnalComponentQuatBase@@VnalComponentQuatData@@VnalComponentQuat@@@@UBEXAAPBX@Z 00C4E130 f i nal_init.o
493	PORTED	0002:0045ec40 ?VirtualAdvanceAnimData@?$nalComponent@VnalComponentQuatBase@@VnalComponentQuatData@@VnalComponentQuat@@@@UBEXAAPBX@Z 00C4E140 f i nal_init.o
494	PORTED	0002:0045ec50 ?VirtualAlignAnimComponentData@?$nalComponent@VnalComponentQuatBase@@VnalComponentQuatData@@VnalComponentQuat@@@@UBEXAAPBX@Z 00C4E150 f i nal_init.o
495	PORTED	0002:0045ec60 ?VirtualAdvanceAnimComponentData@?$nalComponent@VnalComponentQuatBase@@VnalComponentQuatData@@VnalComponentQuat@@@@UBEXAAPBX@Z 00C4E160 f i nal_init.o
496	SKIPPED	0002:0045ec70 ??_G?$nalComponent@VnalComponentQuatBase@@VnalComponentQuatData@@VnalComponentQuat@@@@MAEPAXI@Z 00C4E170 f i nal_init.o  SKIPPED: compiler-generated deleting destructor; supplied by the compiler
497	SKIPPED	0002:0045ec70 ??_E?$nalComponent@VnalComponentQuatBase@@VnalComponentQuatData@@VnalComponentQuat@@@@MAEPAXI@Z 00C4E170 f i nal_init.o  SKIPPED: compiler-generated deleting destructor; supplied by the compiler
498	PORTED	0002:0045eca0 ?Process@?$nalComponent@VnalComponentQuatBase@@VnalComponentQuatData@@VnalComponentQuat@@@@UBEXPBUnalComponentInfo@nalGeneric@@AAPAX1@Z 00C4E1A0 f i nal_init.o
499	PORTED	0002:0045ecd0 ?SetupPartialDecode@?$nalComponent@VnalComponentQuatBase@@VnalComponentQuatData@@VnalComponentQuat@@@@UBEXAAVnalComponentEnum@@AAPAXAAPBXH@Z 00C4E1D0 f i nal_init.o
500	PENDING	0002:0045eda0 ?PartialDecode@?$nalComponent@VnalComponentQuatBase@@VnalComponentQuatData@@VnalComponentQuat@@@@UBEXAAVnalComponentEnum@@AAPAX1PAXHHH@Z 00C4E2A0 f i nal_init.o
501	PENDING	0002:0045eea0 ?Decode@?$nalComponent@VnalComponentQuatBase@@VnalComponentQuatData@@VnalComponentQuat@@@@UBEXAAVnalComponentEnum@@AAPAXAAPBXHH@Z 00C4E3A0 f i nal_init.o
502	PENDING	0002:0045ef90 ?Skip@?$nalComponent@VnalComponentQuatBase@@VnalComponentQuatData@@VnalComponentQuat@@@@UBEXAAVnalComponentEnum@@AAPAXAAPBXH@Z 00C4E490 f i nal_init.o
503	PENDING	0002:0045f050 ?Convert@?$nalComponent@VnalComponentQuatBase@@VnalComponentQuatData@@VnalComponentQuat@@@@UBEXAAVnalComponentEnum@@PAXAAPBXPBXPBH@Z 00C4E550 f i nal_init.o
504	PENDING	0002:0045f1c0 ?ConvertPerfect@?$nalComponent@VnalComponentQuatBase@@VnalComponentQuatData@@VnalComponentQuat@@@@UBEXAAVnalComponentEnum@@PAXAAPBXPBXPBH@Z 00C4E6C0 f i nal_init.o
505	PENDING	0002:0045f270 ?GetTrajectory@?$nalComponent@VnalComponentQuatBase@@VnalComponentQuatData@@VnalComponentQuat@@@@UBEXAAVnalComponentEnum@@PAX_NPBH@Z 00C4E770 f i nal_init.o
506	PORTED	0002:0045f310 ?Construct@?$nalComponent@VnalComponentQuatBase@@VnalComponentQuatData@@VnalComponentQuat@@@@UBEXPBUnalComponentInfo@nalGeneric@@AAPAX@Z 00C4E810 f i nal_init.o
507	PORTED	0002:0045f340 ?Delete@?$nalComponent@VnalComponentQuatBase@@VnalComponentQuatData@@VnalComponentQuat@@@@UBEXPBUnalComponentInfo@nalGeneric@@AAPAX@Z 00C4E840 f i nal_init.o
508	PORTED	0002:0045f370 ?Copy@?$nalComponent@VnalComponentQuatBase@@VnalComponentQuatData@@VnalComponentQuat@@@@UBEXPBUnalComponentInfo@nalGeneric@@AAPAXAAPBX@Z 00C4E870 f i nal_init.o
509	PORTED	0002:0045f390 ??$FastCopy@VnalComponentQuat@@VQuaternion@math@@@@YAXPBUnalComponentInfo@nalGeneric@@AAPAXAAPBX@Z 00C4E890 f i nal_init.o
510	PORTED	0002:0045f3e0 ?ReleaseCache@?$nalComponent@VnalComponentQuatBase@@VnalComponentQuatData@@VnalComponentQuat@@@@UBEXAAVnalComponentEnum@@AAPAX@Z 00C4E8E0 f i nal_init.o
511	VERIFIED	0002:0045f480 ??0?$nalComponent@VnalComponentQuatBase@@VnalComponentEntropyQuatData@@VnalComponentEntropyQuat@@@@IAE@XZ 00C4E980 f i nal_init.o
512	PORTED	0002:0045f490 ?VirtualAdvanceSkeletonComponentData@?$nalComponent@VnalComponentQuatBase@@VnalComponentEntropyQuatData@@VnalComponentEntropyQuat@@@@UBEXAAPBX@Z 00C4E990 f i nal_init.o
513	PORTED	0002:0045f4a0 ?VirtualAdvanceAnimData@?$nalComponent@VnalComponentQuatBase@@VnalComponentEntropyQuatData@@VnalComponentEntropyQuat@@@@UBEXAAPBX@Z 00C4E9A0 f i nal_init.o
514	PORTED	0002:0045f4b0 ?VirtualAlignSkeletonData@?$nalComponent@VnalComponentQuatBase@@VnalComponentEntropyQuatData@@VnalComponentEntropyQuat@@@@UBEXAAPBX@Z 00C4E9B0 f i nal_init.o
515	PORTED	0002:0045f4c0 ?VirtualAdvanceSkeletonData@?$nalComponent@VnalComponentQuatBase@@VnalComponentEntropyQuatData@@VnalComponentEntropyQuat@@@@UBEXAAPBX@Z 00C4E9C0 f i nal_init.o
516	PORTED	0002:0045f4d0 ?VirtualAlignSkeletonComponentData@?$nalComponent@VnalComponentQuatBase@@VnalComponentEntropyQuatData@@VnalComponentEntropyQuat@@@@UBEXAAPBX@Z 00C4E9D0 f i nal_init.o
517	PORTED	0002:0045f4f0 ?VirtualAlignAnimData@?$nalComponent@VnalComponentQuatBase@@VnalComponentEntropyQuatData@@VnalComponentEntropyQuat@@@@UBEXAAPBX@Z 00C4E9F0 f i nal_init.o
518	PORTED	0002:0045f510 ?VirtualAlignAnimComponentData@?$nalComponent@VnalComponentQuatBase@@VnalComponentEntropyQuatData@@VnalComponentEntropyQuat@@@@UBEXAAPBX@Z 00C4EA10 f i nal_init.o
519	PORTED	0002:0045f520 ?VirtualAdvanceAnimComponentData@?$nalComponent@VnalComponentQuatBase@@VnalComponentEntropyQuatData@@VnalComponentEntropyQuat@@@@UBEXAAPBX@Z 00C4EA20 f i nal_init.o
520	SKIPPED	0002:0045f530 ??_G?$nalComponent@VnalComponentQuatBase@@VnalComponentEntropyQuatData@@VnalComponentEntropyQuat@@@@MAEPAXI@Z 00C4EA30 f i nal_init.o  SKIPPED: compiler-generated deleting destructor; supplied by the compiler
521	SKIPPED	0002:0045f530 ??_E?$nalComponent@VnalComponentQuatBase@@VnalComponentEntropyQuatData@@VnalComponentEntropyQuat@@@@MAEPAXI@Z 00C4EA30 f i nal_init.o  SKIPPED: compiler-generated deleting destructor; supplied by the compiler
522	PORTED	0002:0045f560 ?Process@?$nalComponent@VnalComponentQuatBase@@VnalComponentEntropyQuatData@@VnalComponentEntropyQuat@@@@UBEXPBUnalComponentInfo@nalGeneric@@AAPAX1@Z 00C4EA60 f i nal_init.o
523	PENDING	0002:0045f590 ?SetupPartialDecode@?$nalComponent@VnalComponentQuatBase@@VnalComponentEntropyQuatData@@VnalComponentEntropyQuat@@@@UBEXAAVnalComponentEnum@@AAPAXAAPBXH@Z 00C4EA90 f i nal_init.o
524	PENDING	0002:0045f6b0 ??0QuatDecoderBase@nalEntropyDecoder@@IAE@IMPBEE@Z 00C4EBB0 f i nal_init.o
525	PENDING	0002:0045fb30 ?PartialDecode@?$nalComponent@VnalComponentQuatBase@@VnalComponentEntropyQuatData@@VnalComponentEntropyQuat@@@@UBEXAAVnalComponentEnum@@AAPAX1PAXHHH@Z 00C4F030 f i nal_init.o
526	PENDING	0002:0045fc50 ?Decode@nalQuatDecoder@nalEntropyDecoder@@QAEXPAVQuaternion@math@@IIM@Z 00C4F150 f i nal_init.o
527	PENDING	0002:0045ff70 ?Decode@?$nalComponent@VnalComponentQuatBase@@VnalComponentEntropyQuatData@@VnalComponentEntropyQuat@@@@UBEXAAVnalComponentEnum@@AAPAXAAPBXHH@Z 00C4F470 f i nal_init.o
528	PENDING	0002:004600d0 ?Skip@?$nalComponent@VnalComponentQuatBase@@VnalComponentEntropyQuatData@@VnalComponentEntropyQuat@@@@UBEXAAVnalComponentEnum@@AAPAXAAPBXH@Z 00C4F5D0 f i nal_init.o
529	PENDING	0002:004601c0 ?Convert@?$nalComponent@VnalComponentQuatBase@@VnalComponentEntropyQuatData@@VnalComponentEntropyQuat@@@@UBEXAAVnalComponentEnum@@PAXAAPBXPBXPBH@Z 00C4F6C0 f i nal_init.o
530	PENDING	0002:00460360 ?ConvertPerfect@?$nalComponent@VnalComponentQuatBase@@VnalComponentEntropyQuatData@@VnalComponentEntropyQuat@@@@UBEXAAVnalComponentEnum@@PAXAAPBXPBXPBH@Z 00C4F860 f i nal_init.o
531	PORTED	0002:00460430 ?GetTrajectory@?$nalComponent@VnalComponentQuatBase@@VnalComponentEntropyQuatData@@VnalComponentEntropyQuat@@@@UBEXAAVnalComponentEnum@@PAX_NPBH@Z 00C4F930 f i nal_init.o
532	PORTED	0002:004604f0 ?Construct@?$nalComponent@VnalComponentQuatBase@@VnalComponentEntropyQuatData@@VnalComponentEntropyQuat@@@@UBEXPBUnalComponentInfo@nalGeneric@@AAPAX@Z 00C4F9F0 f i nal_init.o
533	PORTED	0002:00460520 ?Delete@?$nalComponent@VnalComponentQuatBase@@VnalComponentEntropyQuatData@@VnalComponentEntropyQuat@@@@UBEXPBUnalComponentInfo@nalGeneric@@AAPAX@Z 00C4FA20 f i nal_init.o
534	PORTED	0002:00460550 ?Copy@?$nalComponent@VnalComponentQuatBase@@VnalComponentEntropyQuatData@@VnalComponentEntropyQuat@@@@UBEXPBUnalComponentInfo@nalGeneric@@AAPAXAAPBX@Z 00C4FA50 f i nal_init.o
535	PORTED	0002:00460570 ??$FastCopy@VnalComponentEntropyQuat@@VQuaternion@math@@@@YAXPBUnalComponentInfo@nalGeneric@@AAPAXAAPBX@Z 00C4FA70 f i nal_init.o
536	PORTED	0002:004605c0 ?ReleaseCache@?$nalComponent@VnalComponentQuatBase@@VnalComponentEntropyQuatData@@VnalComponentEntropyQuat@@@@UBEXAAVnalComponentEnum@@AAPAX@Z 00C4FAC0 f i nal_init.o
537	VERIFIED	0002:00460660 ??0?$nalComponent@VnalComponentQuatBase@@VnalComponentPacked8EntropyQuatData@@VnalComponentPacked8EntropyQuat@@@@IAE@XZ 00C4FB60 f i nal_init.o
538	PORTED	0002:00460670 ?VirtualAdvanceSkeletonComponentData@?$nalComponent@VnalComponentQuatBase@@VnalComponentPacked8EntropyQuatData@@VnalComponentPacked8EntropyQuat@@@@UBEXAAPBX@Z 00C4FB70 f i nal_init.o
539	PORTED	0002:00460680 ?VirtualAdvanceAnimData@?$nalComponent@VnalComponentQuatBase@@VnalComponentPacked8EntropyQuatData@@VnalComponentPacked8EntropyQuat@@@@UBEXAAPBX@Z 00C4FB80 f i nal_init.o
540	PORTED	0002:00460690 ?VirtualAlignSkeletonData@?$nalComponent@VnalComponentQuatBase@@VnalComponentPacked8EntropyQuatData@@VnalComponentPacked8EntropyQuat@@@@UBEXAAPBX@Z 00C4FB90 f i nal_init.o
541	PORTED	0002:004606a0 ?VirtualAdvanceSkeletonData@?$nalComponent@VnalComponentQuatBase@@VnalComponentPacked8EntropyQuatData@@VnalComponentPacked8EntropyQuat@@@@UBEXAAPBX@Z 00C4FBA0 f i nal_init.o
542	PORTED	0002:004606b0 ?VirtualAlignSkeletonComponentData@?$nalComponent@VnalComponentQuatBase@@VnalComponentPacked8EntropyQuatData@@VnalComponentPacked8EntropyQuat@@@@UBEXAAPBX@Z 00C4FBB0 f i nal_init.o
543	PORTED	0002:004606d0 ?VirtualAlignAnimData@?$nalComponent@VnalComponentQuatBase@@VnalComponentPacked8EntropyQuatData@@VnalComponentPacked8EntropyQuat@@@@UBEXAAPBX@Z 00C4FBD0 f i nal_init.o
544	PORTED	0002:004606f0 ?VirtualAlignAnimComponentData@?$nalComponent@VnalComponentQuatBase@@VnalComponentPacked8EntropyQuatData@@VnalComponentPacked8EntropyQuat@@@@UBEXAAPBX@Z 00C4FBF0 f i nal_init.o
545	PORTED	0002:00460700 ?VirtualAdvanceAnimComponentData@?$nalComponent@VnalComponentQuatBase@@VnalComponentPacked8EntropyQuatData@@VnalComponentPacked8EntropyQuat@@@@UBEXAAPBX@Z 00C4FC00 f i nal_init.o
546	SKIPPED	0002:00460710 ??_G?$nalComponent@VnalComponentQuatBase@@VnalComponentPacked8EntropyQuatData@@VnalComponentPacked8EntropyQuat@@@@MAEPAXI@Z 00C4FC10 f i nal_init.o  SKIPPED: compiler-generated deleting destructor; supplied by the compiler
547	SKIPPED	0002:00460710 ??_E?$nalComponent@VnalComponentQuatBase@@VnalComponentPacked8EntropyQuatData@@VnalComponentPacked8EntropyQuat@@@@MAEPAXI@Z 00C4FC10 f i nal_init.o  SKIPPED: compiler-generated deleting destructor; supplied by the compiler
548	PORTED	0002:00460740 ?Process@?$nalComponent@VnalComponentQuatBase@@VnalComponentPacked8EntropyQuatData@@VnalComponentPacked8EntropyQuat@@@@UBEXPBUnalComponentInfo@nalGeneric@@AAPAX1@Z 00C4FC40 f i nal_init.o
549	PORTED	0002:00460770 ?Skip@?$nalComponent@VnalComponentQuatBase@@VnalComponentPacked8EntropyQuatData@@VnalComponentPacked8EntropyQuat@@@@UBEXAAVnalComponentEnum@@AAPAXAAPBXH@Z 00C4FC70 f i nal_init.o
550	PENDING	0002:00460850 ?Convert@?$nalComponent@VnalComponentQuatBase@@VnalComponentPacked8EntropyQuatData@@VnalComponentPacked8EntropyQuat@@@@UBEXAAVnalComponentEnum@@PAXAAPBXPBXPBH@Z 00C4FD50 f i nal_init.o
551	PORTED	0002:00460a10 ??BnalQuaternion8@nalEntropyDecoder@@QBE?AVQuaternion@math@@XZ 00C4FF10 f i nal_init.o
552	PENDING	0002:00460ac0 ?ConvertPerfect@?$nalComponent@VnalComponentQuatBase@@VnalComponentPacked8EntropyQuatData@@VnalComponentPacked8EntropyQuat@@@@UBEXAAVnalComponentEnum@@PAXAAPBXPBXPBH@Z 00C4FFC0 f i nal_init.o
553	PENDING	0002:00460bb0 ?GetTrajectory@?$nalComponent@VnalComponentQuatBase@@VnalComponentPacked8EntropyQuatData@@VnalComponentPacked8EntropyQuat@@@@UBEXAAVnalComponentEnum@@PAX_NPBH@Z 00C500B0 f i nal_init.o
554	PENDING	0002:00460c70 ?Construct@?$nalComponent@VnalComponentQuatBase@@VnalComponentPacked8EntropyQuatData@@VnalComponentPacked8EntropyQuat@@@@UBEXPBUnalComponentInfo@nalGeneric@@AAPAX@Z 00C50170 f i nal_init.o
555	PENDING	0002:00460ca0 ?Delete@?$nalComponent@VnalComponentQuatBase@@VnalComponentPacked8EntropyQuatData@@VnalComponentPacked8EntropyQuat@@@@UBEXPBUnalComponentInfo@nalGeneric@@AAPAX@Z 00C501A0 f i nal_init.o
556	PENDING	0002:00460cd0 ?Copy@?$nalComponent@VnalComponentQuatBase@@VnalComponentPacked8EntropyQuatData@@VnalComponentPacked8EntropyQuat@@@@UBEXPBUnalComponentInfo@nalGeneric@@AAPAXAAPBX@Z 00C501D0 f i nal_init.o
557	PENDING	0002:00460cf0 ??$FastCopy@VnalComponentPacked8EntropyQuat@@VQuaternion@math@@@@YAXPBUnalComponentInfo@nalGeneric@@AAPAXAAPBX@Z 00C501F0 f i nal_init.o
558	PENDING	0002:00460d40 ?ReleaseCache@?$nalComponent@VnalComponentQuatBase@@VnalComponentPacked8EntropyQuatData@@VnalComponentPacked8EntropyQuat@@@@UBEXAAVnalComponentEnum@@AAPAX@Z 00C50240 f i nal_init.o
559	VERIFIED	0002:00460dd0 ??0?$nalComponent@VnalComponentQuatBase@@VnalComponentPacked16EntropyQuatData@@VnalComponentPacked16EntropyQuat@@@@IAE@XZ 00C502D0 f i nal_init.o
560	PORTED	0002:00460de0 ?VirtualAdvanceSkeletonComponentData@?$nalComponent@VnalComponentQuatBase@@VnalComponentPacked16EntropyQuatData@@VnalComponentPacked16EntropyQuat@@@@UBEXAAPBX@Z 00C502E0 f i nal_init.o
561	PORTED	0002:00460df0 ?VirtualAdvanceAnimData@?$nalComponent@VnalComponentQuatBase@@VnalComponentPacked16EntropyQuatData@@VnalComponentPacked16EntropyQuat@@@@UBEXAAPBX@Z 00C502F0 f i nal_init.o
562	PORTED	0002:00460e00 ?VirtualAlignSkeletonData@?$nalComponent@VnalComponentQuatBase@@VnalComponentPacked16EntropyQuatData@@VnalComponentPacked16EntropyQuat@@@@UBEXAAPBX@Z 00C50300 f i nal_init.o
563	PORTED	0002:00460e10 ?VirtualAdvanceSkeletonData@?$nalComponent@VnalComponentQuatBase@@VnalComponentPacked16EntropyQuatData@@VnalComponentPacked16EntropyQuat@@@@UBEXAAPBX@Z 00C50310 f i nal_init.o
564	PORTED	0002:00460e20 ?VirtualAlignSkeletonComponentData@?$nalComponent@VnalComponentQuatBase@@VnalComponentPacked16EntropyQuatData@@VnalComponentPacked16EntropyQuat@@@@UBEXAAPBX@Z 00C50320 f i nal_init.o
565	PORTED	0002:00460e40 ?VirtualAlignAnimData@?$nalComponent@VnalComponentQuatBase@@VnalComponentPacked16EntropyQuatData@@VnalComponentPacked16EntropyQuat@@@@UBEXAAPBX@Z 00C50340 f i nal_init.o
566	PORTED	0002:00460e60 ?VirtualAlignAnimComponentData@?$nalComponent@VnalComponentQuatBase@@VnalComponentPacked16EntropyQuatData@@VnalComponentPacked16EntropyQuat@@@@UBEXAAPBX@Z 00C50360 f i nal_init.o
567	PORTED	0002:00460e70 ?VirtualAdvanceAnimComponentData@?$nalComponent@VnalComponentQuatBase@@VnalComponentPacked16EntropyQuatData@@VnalComponentPacked16EntropyQuat@@@@UBEXAAPBX@Z 00C50370 f i nal_init.o
568	SKIPPED	0002:00460e80 ??_E?$nalComponent@VnalComponentQuatBase@@VnalComponentPacked16EntropyQuatData@@VnalComponentPacked16EntropyQuat@@@@MAEPAXI@Z 00C50380 f i nal_init.o  SKIPPED: compiler-generated deleting destructor; supplied by the compiler
569	SKIPPED	0002:00460e80 ??_G?$nalComponent@VnalComponentQuatBase@@VnalComponentPacked16EntropyQuatData@@VnalComponentPacked16EntropyQuat@@@@MAEPAXI@Z 00C50380 f i nal_init.o  SKIPPED: compiler-generated deleting destructor; supplied by the compiler
570	PORTED	0002:00460eb0 ?Process@?$nalComponent@VnalComponentQuatBase@@VnalComponentPacked16EntropyQuatData@@VnalComponentPacked16EntropyQuat@@@@UBEXPBUnalComponentInfo@nalGeneric@@AAPAX1@Z 00C503B0 f i nal_init.o
571	PORTED	0002:00460ee0 ?Skip@?$nalComponent@VnalComponentQuatBase@@VnalComponentPacked16EntropyQuatData@@VnalComponentPacked16EntropyQuat@@@@UBEXAAVnalComponentEnum@@AAPAXAAPBXH@Z 00C503E0 f i nal_init.o
572	PENDING	0002:00460fc0 ?Convert@?$nalComponent@VnalComponentQuatBase@@VnalComponentPacked16EntropyQuatData@@VnalComponentPacked16EntropyQuat@@@@UBEXAAVnalComponentEnum@@PAXAAPBXPBXPBH@Z 00C504C0 f i nal_init.o
573	PORTED	0002:00461180 ??BnalQuaternion16@nalEntropyDecoder@@QBE?AVQuaternion@math@@XZ 00C50680 f i nal_init.o
574	PENDING	0002:004611f0 ?ConvertPerfect@?$nalComponent@VnalComponentQuatBase@@VnalComponentPacked16EntropyQuatData@@VnalComponentPacked16EntropyQuat@@@@UBEXAAVnalComponentEnum@@PAXAAPBXPBXPBH@Z 00C506F0 f i nal_init.o
575	PORTED	0002:004612e0 ?GetTrajectory@?$nalComponent@VnalComponentQuatBase@@VnalComponentPacked16EntropyQuatData@@VnalComponentPacked16EntropyQuat@@@@UBEXAAVnalComponentEnum@@PAX_NPBH@Z 00C507E0 f i nal_init.o
576	PORTED	0002:004613a0 ?Construct@?$nalComponent@VnalComponentQuatBase@@VnalComponentPacked16EntropyQuatData@@VnalComponentPacked16EntropyQuat@@@@UBEXPBUnalComponentInfo@nalGeneric@@AAPAX@Z 00C508A0 f i nal_init.o
577	PORTED	0002:004613d0 ?Delete@?$nalComponent@VnalComponentQuatBase@@VnalComponentPacked16EntropyQuatData@@VnalComponentPacked16EntropyQuat@@@@UBEXPBUnalComponentInfo@nalGeneric@@AAPAX@Z 00C508D0 f i nal_init.o
578	PORTED	0002:00461400 ?Copy@?$nalComponent@VnalComponentQuatBase@@VnalComponentPacked16EntropyQuatData@@VnalComponentPacked16EntropyQuat@@@@UBEXPBUnalComponentInfo@nalGeneric@@AAPAXAAPBX@Z 00C50900 f i nal_init.o
579	PORTED	0002:00461420 ??$FastCopy@VnalComponentPacked16EntropyQuat@@VQuaternion@math@@@@YAXPBUnalComponentInfo@nalGeneric@@AAPAXAAPBX@Z 00C50920 f i nal_init.o
580	PORTED	0002:00461470 ?ReleaseCache@?$nalComponent@VnalComponentQuatBase@@VnalComponentPacked16EntropyQuatData@@VnalComponentPacked16EntropyQuat@@@@UBEXAAVnalComponentEnum@@AAPAX@Z 00C50970 f i nal_init.o
581	VERIFIED	0002:00461500 ??0?$nalComponent@VnalComponentPOBase@@VnalComponentPOData@@VnalComponentPO@@@@IAE@XZ 00C50A00 f i nal_init.o
582	PORTED	0002:00461510 ?VirtualAlignSkeletonData@?$nalComponent@VnalComponentPOBase@@VnalComponentPOData@@VnalComponentPO@@@@UBEXAAPBX@Z 00C50A10 f i nal_init.o
583	PORTED	0002:00461520 ?VirtualAdvanceSkeletonData@?$nalComponent@VnalComponentPOBase@@VnalComponentPOData@@VnalComponentPO@@@@UBEXAAPBX@Z 00C50A20 f i nal_init.o
584	PORTED	0002:00461530 ?VirtualAlignSkeletonComponentData@?$nalComponent@VnalComponentPOBase@@VnalComponentPOData@@VnalComponentPO@@@@UBEXAAPBX@Z 00C50A30 f i nal_init.o
585	PORTED	0002:00461540 ?VirtualAdvanceSkeletonComponentData@?$nalComponent@VnalComponentPOBase@@VnalComponentPOData@@VnalComponentPO@@@@UBEXAAPBX@Z 00C50A40 f i nal_init.o
586	PORTED	0002:00461550 ?VirtualAlignAnimData@?$nalComponent@VnalComponentPOBase@@VnalComponentPOData@@VnalComponentPO@@@@UBEXAAPBX@Z 00C50A50 f i nal_init.o
587	PORTED	0002:00461560 ?VirtualAdvanceAnimData@?$nalComponent@VnalComponentPOBase@@VnalComponentPOData@@VnalComponentPO@@@@UBEXAAPBX@Z 00C50A60 f i nal_init.o
588	PORTED	0002:00461570 ?VirtualAlignAnimComponentData@?$nalComponent@VnalComponentPOBase@@VnalComponentPOData@@VnalComponentPO@@@@UBEXAAPBX@Z 00C50A70 f i nal_init.o
589	PORTED	0002:00461580 ?VirtualAdvanceAnimComponentData@?$nalComponent@VnalComponentPOBase@@VnalComponentPOData@@VnalComponentPO@@@@UBEXAAPBX@Z 00C50A80 f i nal_init.o
590	SKIPPED	0002:00461590 ??_E?$nalComponent@VnalComponentPOBase@@VnalComponentPOData@@VnalComponentPO@@@@MAEPAXI@Z 00C50A90 f i nal_init.o  SKIPPED: compiler-generated deleting destructor; supplied by the compiler
591	SKIPPED	0002:00461590 ??_G?$nalComponent@VnalComponentPOBase@@VnalComponentPOData@@VnalComponentPO@@@@MAEPAXI@Z 00C50A90 f i nal_init.o  SKIPPED: compiler-generated deleting destructor; supplied by the compiler
592	PORTED	0002:004615c0 ?Process@?$nalComponent@VnalComponentPOBase@@VnalComponentPOData@@VnalComponentPO@@@@UBEXPBUnalComponentInfo@nalGeneric@@AAPAX1@Z 00C50AC0 f i nal_init.o
593	PORTED	0002:004615f0 ?SetupPartialDecode@?$nalComponent@VnalComponentPOBase@@VnalComponentPOData@@VnalComponentPO@@@@UBEXAAVnalComponentEnum@@AAPAXAAPBXH@Z 00C50AF0 f i nal_init.o
594	PORTED	0002:004616c0 ?PartialDecode@?$nalComponent@VnalComponentPOBase@@VnalComponentPOData@@VnalComponentPO@@@@UBEXAAVnalComponentEnum@@AAPAX1PAXHHH@Z 00C50BC0 f i nal_init.o
595	PORTED	0002:004617b0 ?Decode@?$nalComponent@VnalComponentPOBase@@VnalComponentPOData@@VnalComponentPO@@@@UBEXAAVnalComponentEnum@@AAPAXAAPBXHH@Z 00C50CB0 f i nal_init.o
596	PORTED	0002:004618a0 ?Skip@?$nalComponent@VnalComponentPOBase@@VnalComponentPOData@@VnalComponentPO@@@@UBEXAAVnalComponentEnum@@AAPAXAAPBXH@Z 00C50DA0 f i nal_init.o
597	PORTED	0002:00461960 ?Convert@?$nalComponent@VnalComponentPOBase@@VnalComponentPOData@@VnalComponentPO@@@@UBEXAAVnalComponentEnum@@PAXAAPBXPBXPBH@Z 00C50E60 f i nal_init.o
598	PORTED	0002:00461aa0 ?ConvertPerfect@?$nalComponent@VnalComponentPOBase@@VnalComponentPOData@@VnalComponentPO@@@@UBEXAAVnalComponentEnum@@PAXAAPBXPBXPBH@Z 00C50FA0 f i nal_init.o
599	PORTED	0002:00461b50 ?GetTrajectory@?$nalComponent@VnalComponentPOBase@@VnalComponentPOData@@VnalComponentPO@@@@UBEXAAVnalComponentEnum@@PAX_NPBH@Z 00C51050 f i nal_init.o
600	PORTED	0002:00461bf0 ?Construct@?$nalComponent@VnalComponentPOBase@@VnalComponentPOData@@VnalComponentPO@@@@UBEXPBUnalComponentInfo@nalGeneric@@AAPAX@Z 00C510F0 f i nal_init.o
601	PORTED	0002:00461c20 ?Delete@?$nalComponent@VnalComponentPOBase@@VnalComponentPOData@@VnalComponentPO@@@@UBEXPBUnalComponentInfo@nalGeneric@@AAPAX@Z 00C51120 f i nal_init.o
602	PORTED	0002:00461c50 ?Copy@?$nalComponent@VnalComponentPOBase@@VnalComponentPOData@@VnalComponentPO@@@@UBEXPBUnalComponentInfo@nalGeneric@@AAPAXAAPBX@Z 00C51150 f i nal_init.o
603	PORTED	0002:00461c70 ??$FastCopy@VnalComponentPO@@VnalPositionOrientation@@@@YAXPBUnalComponentInfo@nalGeneric@@AAPAXAAPBX@Z 00C51170 f i nal_init.o
604	PORTED	0002:00461cc0 ?ReleaseCache@?$nalComponent@VnalComponentPOBase@@VnalComponentPOData@@VnalComponentPO@@@@UBEXAAVnalComponentEnum@@AAPAX@Z 00C511C0 f i nal_init.o
605	VERIFIED	0002:00461d60 ??0?$nalComponent@VnalComponentPOBase@@VnalComponentEntropyPOData@@VnalComponentEntropyPO@@@@IAE@XZ 00C51260 f i nal_init.o
606	PORTED	0002:00461d70 ?VirtualAdvanceSkeletonComponentData@?$nalComponent@VnalComponentPOBase@@VnalComponentEntropyPOData@@VnalComponentEntropyPO@@@@UBEXAAPBX@Z 00C51270 f i nal_init.o
607	PORTED	0002:00461d80 ?VirtualAdvanceAnimData@?$nalComponent@VnalComponentPOBase@@VnalComponentEntropyPOData@@VnalComponentEntropyPO@@@@UBEXAAPBX@Z 00C51280 f i nal_init.o
608	PORTED	0002:00461d90 ?VirtualAlignSkeletonData@?$nalComponent@VnalComponentPOBase@@VnalComponentEntropyPOData@@VnalComponentEntropyPO@@@@UBEXAAPBX@Z 00C51290 f i nal_init.o
609	PORTED	0002:00461da0 ?VirtualAdvanceSkeletonData@?$nalComponent@VnalComponentPOBase@@VnalComponentEntropyPOData@@VnalComponentEntropyPO@@@@UBEXAAPBX@Z 00C512A0 f i nal_init.o
610	PORTED	0002:00461db0 ?VirtualAlignSkeletonComponentData@?$nalComponent@VnalComponentPOBase@@VnalComponentEntropyPOData@@VnalComponentEntropyPO@@@@UBEXAAPBX@Z 00C512B0 f i nal_init.o
611	PORTED	0002:00461dd0 ?VirtualAlignAnimData@?$nalComponent@VnalComponentPOBase@@VnalComponentEntropyPOData@@VnalComponentEntropyPO@@@@UBEXAAPBX@Z 00C512D0 f i nal_init.o
612	PORTED	0002:00461df0 ?VirtualAlignAnimComponentData@?$nalComponent@VnalComponentPOBase@@VnalComponentEntropyPOData@@VnalComponentEntropyPO@@@@UBEXAAPBX@Z 00C512F0 f i nal_init.o
613	PORTED	0002:00461e00 ?VirtualAdvanceAnimComponentData@?$nalComponent@VnalComponentPOBase@@VnalComponentEntropyPOData@@VnalComponentEntropyPO@@@@UBEXAAPBX@Z 00C51300 f i nal_init.o
614	SKIPPED	0002:00461e10 ??_G?$nalComponent@VnalComponentPOBase@@VnalComponentEntropyPOData@@VnalComponentEntropyPO@@@@MAEPAXI@Z 00C51310 f i nal_init.o  SKIPPED: compiler-generated deleting destructor; supplied by the compiler
615	SKIPPED	0002:00461e10 ??_E?$nalComponent@VnalComponentPOBase@@VnalComponentEntropyPOData@@VnalComponentEntropyPO@@@@MAEPAXI@Z 00C51310 f i nal_init.o  SKIPPED: compiler-generated deleting destructor; supplied by the compiler
616	PORTED	0002:00461e40 ?Process@?$nalComponent@VnalComponentPOBase@@VnalComponentEntropyPOData@@VnalComponentEntropyPO@@@@UBEXPBUnalComponentInfo@nalGeneric@@AAPAX1@Z 00C51340 f i nal_init.o
617	PENDING	0002:00461e70 ?SetupPartialDecode@?$nalComponent@VnalComponentPOBase@@VnalComponentEntropyPOData@@VnalComponentEntropyPO@@@@UBEXAAVnalComponentEnum@@AAPAXAAPBXH@Z 00C51370 f i nal_init.o
618	PENDING	0002:00461f70 ?ComponentSetupPartialDecode@nalComponentEntropyPO@@SAXPAUStateType@nalComponentEntropyPOData@@AAPBEHPAUSkeletonData@nalComponentData@@PAUAnimData@3@PAUSkeletonComponentData@3@PAUAnimComponentData@5@@Z 00C51470 f i nal_init.o
619	PENDING	0002:00462040 ?PartialDecode@?$nalComponent@VnalComponentPOBase@@VnalComponentEntropyPOData@@VnalComponentEntropyPO@@@@UBEXAAVnalComponentEnum@@AAPAX1PAXHHH@Z 00C51540 f i nal_init.o
620	PENDING	0002:004621d0 ?Decode@?$nalComponent@VnalComponentPOBase@@VnalComponentEntropyPOData@@VnalComponentEntropyPO@@@@UBEXAAVnalComponentEnum@@AAPAXAAPBXHH@Z 00C516D0 f i nal_init.o
621	PENDING	0002:004622e0 ?ComponentDecode@nalComponentEntropyPO@@SAXPAVnalPositionOrientation@@AAPBEHHPAUSkeletonData@nalComponentData@@PAUAnimData@nalComponentEntropyPOData@@PAUSkeletonComponentData@6@PAUAnimComponentData@4@@Z 00C517E0 f i nal_init.o
622	PENDING	0002:00462450 ?Skip@?$nalComponent@VnalComponentPOBase@@VnalComponentEntropyPOData@@VnalComponentEntropyPO@@@@UBEXAAVnalComponentEnum@@AAPAXAAPBXH@Z 00C51950 f i nal_init.o
623	PENDING	0002:00462560 ?ComponentSkip@nalComponentEntropyPO@@SAXAAPBEHPAUSkeletonData@nalComponentData@@PAUAnimData@nalComponentEntropyPOData@@PAUSkeletonComponentData@5@PAUAnimComponentData@3@@Z 00C51A60 f i nal_init.o
624	PENDING	0002:00462590 ?Convert@?$nalComponent@VnalComponentPOBase@@VnalComponentEntropyPOData@@VnalComponentEntropyPO@@@@UBEXAAVnalComponentEnum@@PAXAAPBXPBXPBH@Z 00C51A90 f i nal_init.o
625	PENDING	0002:00462700 ?ConvertPerfect@?$nalComponent@VnalComponentPOBase@@VnalComponentEntropyPOData@@VnalComponentEntropyPO@@@@UBEXAAVnalComponentEnum@@PAXAAPBXPBXPBH@Z 00C51C00 f i nal_init.o
626	PORTED	0002:004627c0 ?GetTrajectory@?$nalComponent@VnalComponentPOBase@@VnalComponentEntropyPOData@@VnalComponentEntropyPO@@@@UBEXAAVnalComponentEnum@@PAX_NPBH@Z 00C51CC0 f i nal_init.o
627	PORTED	0002:00462880 ?Construct@?$nalComponent@VnalComponentPOBase@@VnalComponentEntropyPOData@@VnalComponentEntropyPO@@@@UBEXPBUnalComponentInfo@nalGeneric@@AAPAX@Z 00C51D80 f i nal_init.o
628	PORTED	0002:004628b0 ?Delete@?$nalComponent@VnalComponentPOBase@@VnalComponentEntropyPOData@@VnalComponentEntropyPO@@@@UBEXPBUnalComponentInfo@nalGeneric@@AAPAX@Z 00C51DB0 f i nal_init.o
629	PORTED	0002:004628e0 ?Copy@?$nalComponent@VnalComponentPOBase@@VnalComponentEntropyPOData@@VnalComponentEntropyPO@@@@UBEXPBUnalComponentInfo@nalGeneric@@AAPAXAAPBX@Z 00C51DE0 f i nal_init.o
630	PORTED	0002:00462900 ??$FastCopy@VnalComponentEntropyPO@@VnalPositionOrientation@@@@YAXPBUnalComponentInfo@nalGeneric@@AAPAXAAPBX@Z 00C51E00 f i nal_init.o
631	PORTED	0002:00462950 ?ReleaseCache@?$nalComponent@VnalComponentPOBase@@VnalComponentEntropyPOData@@VnalComponentEntropyPO@@@@UBEXAAVnalComponentEnum@@AAPAX@Z 00C51E50 f i nal_init.o
632	VERIFIED	0002:004629f0 ??0?$nalComponent@VnalComponentPOBase@@VnalComponentTrajectoryPOData@@VnalComponentTrajectoryPO@@@@IAE@XZ 00C51EF0 f i nal_init.o
633	PORTED	0002:00462a00 ?VirtualAdvanceAnimComponentData@?$nalComponent@VnalComponentPOBase@@VnalComponentTrajectoryPOData@@VnalComponentTrajectoryPO@@@@UBEXAAPBX@Z 00C51F00 f i nal_init.o
634	PORTED	0002:00462a10 ?VirtualAlignSkeletonData@?$nalComponent@VnalComponentPOBase@@VnalComponentTrajectoryPOData@@VnalComponentTrajectoryPO@@@@UBEXAAPBX@Z 00C51F10 f i nal_init.o
635	PORTED	0002:00462a20 ?VirtualAdvanceSkeletonData@?$nalComponent@VnalComponentPOBase@@VnalComponentTrajectoryPOData@@VnalComponentTrajectoryPO@@@@UBEXAAPBX@Z 00C51F20 f i nal_init.o
636	PORTED	0002:00462a30 ?VirtualAlignSkeletonComponentData@?$nalComponent@VnalComponentPOBase@@VnalComponentTrajectoryPOData@@VnalComponentTrajectoryPO@@@@UBEXAAPBX@Z 00C51F30 f i nal_init.o
637	PORTED	0002:00462a40 ?VirtualAdvanceSkeletonComponentData@?$nalComponent@VnalComponentPOBase@@VnalComponentTrajectoryPOData@@VnalComponentTrajectoryPO@@@@UBEXAAPBX@Z 00C51F40 f i nal_init.o
638	PORTED	0002:00462a50 ?VirtualAlignAnimData@?$nalComponent@VnalComponentPOBase@@VnalComponentTrajectoryPOData@@VnalComponentTrajectoryPO@@@@UBEXAAPBX@Z 00C51F50 f i nal_init.o
639	PORTED	0002:00462a60 ?VirtualAdvanceAnimData@?$nalComponent@VnalComponentPOBase@@VnalComponentTrajectoryPOData@@VnalComponentTrajectoryPO@@@@UBEXAAPBX@Z 00C51F60 f i nal_init.o
640	PORTED	0002:00462a70 ?VirtualAlignAnimComponentData@?$nalComponent@VnalComponentPOBase@@VnalComponentTrajectoryPOData@@VnalComponentTrajectoryPO@@@@UBEXAAPBX@Z 00C51F70 f i nal_init.o
641	SKIPPED	0002:00462a90 ??_E?$nalComponent@VnalComponentPOBase@@VnalComponentTrajectoryPOData@@VnalComponentTrajectoryPO@@@@MAEPAXI@Z 00C51F90 f i nal_init.o  SKIPPED: compiler-generated deleting destructor; supplied by the compiler
642	SKIPPED	0002:00462a90 ??_G?$nalComponent@VnalComponentPOBase@@VnalComponentTrajectoryPOData@@VnalComponentTrajectoryPO@@@@MAEPAXI@Z 00C51F90 f i nal_init.o  SKIPPED: compiler-generated deleting destructor; supplied by the compiler
643	PORTED	0002:00462ac0 ?Process@?$nalComponent@VnalComponentPOBase@@VnalComponentTrajectoryPOData@@VnalComponentTrajectoryPO@@@@UBEXPBUnalComponentInfo@nalGeneric@@AAPAX1@Z 00C51FC0 f i nal_init.o
644	PORTED	0002:00462af0 ?SetupPartialDecode@?$nalComponent@VnalComponentPOBase@@VnalComponentTrajectoryPOData@@VnalComponentTrajectoryPO@@@@UBEXAAVnalComponentEnum@@AAPAXAAPBXH@Z 00C51FF0 f i nal_init.o
645	PORTED	0002:00462be0 ?PartialDecode@?$nalComponent@VnalComponentPOBase@@VnalComponentTrajectoryPOData@@VnalComponentTrajectoryPO@@@@UBEXAAVnalComponentEnum@@AAPAX1PAXHHH@Z 00C520E0 f i nal_init.o
646	PORTED	0002:00462cf0 ?Decode@?$nalComponent@VnalComponentPOBase@@VnalComponentTrajectoryPOData@@VnalComponentTrajectoryPO@@@@UBEXAAVnalComponentEnum@@AAPAXAAPBXHH@Z 00C521F0 f i nal_init.o
647	PORTED	0002:00462df0 ?Skip@?$nalComponent@VnalComponentPOBase@@VnalComponentTrajectoryPOData@@VnalComponentTrajectoryPO@@@@UBEXAAVnalComponentEnum@@AAPAXAAPBXH@Z 00C522F0 f i nal_init.o
648	PORTED	0002:00462ed0 ?Convert@?$nalComponent@VnalComponentPOBase@@VnalComponentTrajectoryPOData@@VnalComponentTrajectoryPO@@@@UBEXAAVnalComponentEnum@@PAXAAPBXPBXPBH@Z 00C523D0 f i nal_init.o
649	PORTED	0002:00463030 ?ConvertPerfect@?$nalComponent@VnalComponentPOBase@@VnalComponentTrajectoryPOData@@VnalComponentTrajectoryPO@@@@UBEXAAVnalComponentEnum@@PAXAAPBXPBXPBH@Z 00C52530 f i nal_init.o
650	PORTED	0002:004630e0 ?GetTrajectory@?$nalComponent@VnalComponentPOBase@@VnalComponentTrajectoryPOData@@VnalComponentTrajectoryPO@@@@UBEXAAVnalComponentEnum@@PAX_NPBH@Z 00C525E0 f i nal_init.o
651	PORTED	0002:00463210 ?Construct@?$nalComponent@VnalComponentPOBase@@VnalComponentTrajectoryPOData@@VnalComponentTrajectoryPO@@@@UBEXPBUnalComponentInfo@nalGeneric@@AAPAX@Z 00C52710 f i nal_init.o
652	PORTED	0002:00463240 ?Delete@?$nalComponent@VnalComponentPOBase@@VnalComponentTrajectoryPOData@@VnalComponentTrajectoryPO@@@@UBEXPBUnalComponentInfo@nalGeneric@@AAPAX@Z 00C52740 f i nal_init.o
653	PORTED	0002:00463270 ?Copy@?$nalComponent@VnalComponentPOBase@@VnalComponentTrajectoryPOData@@VnalComponentTrajectoryPO@@@@UBEXPBUnalComponentInfo@nalGeneric@@AAPAXAAPBX@Z 00C52770 f i nal_init.o
654	PORTED	0002:00463290 ??$FastCopy@VnalComponentTrajectoryPO@@VnalPositionOrientation@@@@YAXPBUnalComponentInfo@nalGeneric@@AAPAXAAPBX@Z 00C52790 f i nal_init.o
655	PORTED	0002:004632e0 ?ReleaseCache@?$nalComponent@VnalComponentPOBase@@VnalComponentTrajectoryPOData@@VnalComponentTrajectoryPO@@@@UBEXAAVnalComponentEnum@@AAPAX@Z 00C527E0 f i nal_init.o
656	PORTED	0002:00463380 ?CycleTrajectory@?$nalComponent@VnalComponentPOBase@@VnalComponentTrajectoryPOData@@VnalComponentTrajectoryPO@@@@UBEXAAVnalComponentEnum@@PAX1H_NPBH@Z 00C52880 f i nal_init.o
657	PORTED	0002:004633b0 ??$SlowCycleTrajectory@VnalComponentTrajectoryPO@@VnalPositionOrientation@@USkeletonData@nalComponentData@@UAnimData@4@USkeletonComponentData@4@UAnimComponentData@nalComponentTrajectoryPOData@@@@YAXAAVnalComponentEnum@@PAX1H_NPBH@Z 00C528B0 f i nal_init.o
658	VERIFIED	0002:00463510 ??0?$nalComponent@VnalComponentPOBase@@VnalComponentEntropyTrajectoryPOData@@VnalComponentEntropyTrajectoryPO@@@@IAE@XZ 00C52A10 f i nal_init.o
659	PORTED	0002:00463520 ?VirtualAdvanceSkeletonComponentData@?$nalComponent@VnalComponentPOBase@@VnalComponentEntropyTrajectoryPOData@@VnalComponentEntropyTrajectoryPO@@@@UBEXAAPBX@Z 00C52A20 f i nal_init.o
660	PORTED	0002:00463530 ?VirtualAdvanceAnimData@?$nalComponent@VnalComponentPOBase@@VnalComponentEntropyTrajectoryPOData@@VnalComponentEntropyTrajectoryPO@@@@UBEXAAPBX@Z 00C52A30 f i nal_init.o
661	PORTED	0002:00463540 ?VirtualAdvanceAnimComponentData@?$nalComponent@VnalComponentPOBase@@VnalComponentEntropyTrajectoryPOData@@VnalComponentEntropyTrajectoryPO@@@@UBEXAAPBX@Z 00C52A40 f i nal_init.o
662	PORTED	0002:00463550 ?VirtualAlignSkeletonData@?$nalComponent@VnalComponentPOBase@@VnalComponentEntropyTrajectoryPOData@@VnalComponentEntropyTrajectoryPO@@@@UBEXAAPBX@Z 00C52A50 f i nal_init.o
663	PORTED	0002:00463560 ?VirtualAdvanceSkeletonData@?$nalComponent@VnalComponentPOBase@@VnalComponentEntropyTrajectoryPOData@@VnalComponentEntropyTrajectoryPO@@@@UBEXAAPBX@Z 00C52A60 f i nal_init.o
664	PORTED	0002:00463570 ?VirtualAlignSkeletonComponentData@?$nalComponent@VnalComponentPOBase@@VnalComponentEntropyTrajectoryPOData@@VnalComponentEntropyTrajectoryPO@@@@UBEXAAPBX@Z 00C52A70 f i nal_init.o
665	PORTED	0002:00463590 ?VirtualAlignAnimData@?$nalComponent@VnalComponentPOBase@@VnalComponentEntropyTrajectoryPOData@@VnalComponentEntropyTrajectoryPO@@@@UBEXAAPBX@Z 00C52A90 f i nal_init.o
666	PORTED	0002:004635b0 ?VirtualAlignAnimComponentData@?$nalComponent@VnalComponentPOBase@@VnalComponentEntropyTrajectoryPOData@@VnalComponentEntropyTrajectoryPO@@@@UBEXAAPBX@Z 00C52AB0 f i nal_init.o
667	SKIPPED	0002:004635d0 ??_E?$nalComponent@VnalComponentPOBase@@VnalComponentEntropyTrajectoryPOData@@VnalComponentEntropyTrajectoryPO@@@@MAEPAXI@Z 00C52AD0 f i nal_init.o  SKIPPED: compiler-generated deleting destructor; supplied by the compiler
668	SKIPPED	0002:004635d0 ??_G?$nalComponent@VnalComponentPOBase@@VnalComponentEntropyTrajectoryPOData@@VnalComponentEntropyTrajectoryPO@@@@MAEPAXI@Z 00C52AD0 f i nal_init.o  SKIPPED: compiler-generated deleting destructor; supplied by the compiler
669	PORTED	0002:00463600 ?Process@?$nalComponent@VnalComponentPOBase@@VnalComponentEntropyTrajectoryPOData@@VnalComponentEntropyTrajectoryPO@@@@UBEXPBUnalComponentInfo@nalGeneric@@AAPAX1@Z 00C52B00 f i nal_init.o
670	PENDING	0002:00463630 ?SetupPartialDecode@?$nalComponent@VnalComponentPOBase@@VnalComponentEntropyTrajectoryPOData@@VnalComponentEntropyTrajectoryPO@@@@UBEXAAVnalComponentEnum@@AAPAXAAPBXH@Z 00C52B30 f i nal_init.o
671	PENDING	0002:00463740 ?ComponentSetupPartialDecode@nalComponentEntropyTrajectoryPO@@SAXPAUStateType@nalComponentEntropyTrajectoryPOData@@AAPBEHPAUSkeletonData@nalComponentData@@PAUAnimData@3@PAUSkeletonComponentData@3@PAUAnimComponentData@3@@Z 00C52C40 f i nal_init.o
672	PENDING	0002:00463810 ?PartialDecode@?$nalComponent@VnalComponentPOBase@@VnalComponentEntropyTrajectoryPOData@@VnalComponentEntropyTrajectoryPO@@@@UBEXAAVnalComponentEnum@@AAPAX1PAXHHH@Z 00C52D10 f i nal_init.o
673	PENDING	0002:004639b0 ?Decode@?$nalComponent@VnalComponentPOBase@@VnalComponentEntropyTrajectoryPOData@@VnalComponentEntropyTrajectoryPO@@@@UBEXAAVnalComponentEnum@@AAPAXAAPBXHH@Z 00C52EB0 f i nal_init.o
674	PENDING	0002:00463ad0 ?ComponentDecode@nalComponentEntropyTrajectoryPO@@SAXPAVnalPositionOrientation@@AAPBEHHPAUSkeletonData@nalComponentData@@PAUAnimData@nalComponentEntropyTrajectoryPOData@@PAUSkeletonComponentData@6@PAUAnimComponentData@6@@Z 00C52FD0 f i nal_init.o
675	PENDING	0002:00463c40 ?Skip@?$nalComponent@VnalComponentPOBase@@VnalComponentEntropyTrajectoryPOData@@VnalComponentEntropyTrajectoryPO@@@@UBEXAAVnalComponentEnum@@AAPAXAAPBXH@Z 00C53140 f i nal_init.o
676	PENDING	0002:00463d60 ?ComponentSkip@nalComponentEntropyTrajectoryPO@@SAXAAPBEHPAUSkeletonData@nalComponentData@@PAUAnimData@nalComponentEntropyTrajectoryPOData@@PAUSkeletonComponentData@5@PAUAnimComponentData@5@@Z 00C53260 f i nal_init.o
677	PENDING	0002:00463d90 ?Convert@?$nalComponent@VnalComponentPOBase@@VnalComponentEntropyTrajectoryPOData@@VnalComponentEntropyTrajectoryPO@@@@UBEXAAVnalComponentEnum@@PAXAAPBXPBXPBH@Z 00C53290 f i nal_init.o
678	PENDING	0002:00463f20 ?ConvertPerfect@?$nalComponent@VnalComponentPOBase@@VnalComponentEntropyTrajectoryPOData@@VnalComponentEntropyTrajectoryPO@@@@UBEXAAVnalComponentEnum@@PAXAAPBXPBXPBH@Z 00C53420 f i nal_init.o
679	PENDING	0002:00463ff0 ?GetTrajectory@?$nalComponent@VnalComponentPOBase@@VnalComponentEntropyTrajectoryPOData@@VnalComponentEntropyTrajectoryPO@@@@UBEXAAVnalComponentEnum@@PAX_NPBH@Z 00C534F0 f i nal_init.o
680	PORTED	0002:00464150 ?Construct@?$nalComponent@VnalComponentPOBase@@VnalComponentEntropyTrajectoryPOData@@VnalComponentEntropyTrajectoryPO@@@@UBEXPBUnalComponentInfo@nalGeneric@@AAPAX@Z 00C53650 f i nal_init.o
681	PORTED	0002:00464180 ?Delete@?$nalComponent@VnalComponentPOBase@@VnalComponentEntropyTrajectoryPOData@@VnalComponentEntropyTrajectoryPO@@@@UBEXPBUnalComponentInfo@nalGeneric@@AAPAX@Z 00C53680 f i nal_init.o
682	PORTED	0002:004641b0 ?Copy@?$nalComponent@VnalComponentPOBase@@VnalComponentEntropyTrajectoryPOData@@VnalComponentEntropyTrajectoryPO@@@@UBEXPBUnalComponentInfo@nalGeneric@@AAPAXAAPBX@Z 00C536B0 f i nal_init.o
683	PORTED	0002:004641d0 ??$FastCopy@VnalComponentEntropyTrajectoryPO@@VnalPositionOrientation@@@@YAXPBUnalComponentInfo@nalGeneric@@AAPAXAAPBX@Z 00C536D0 f i nal_init.o
684	PORTED	0002:00464220 ?ReleaseCache@?$nalComponent@VnalComponentPOBase@@VnalComponentEntropyTrajectoryPOData@@VnalComponentEntropyTrajectoryPO@@@@UBEXAAVnalComponentEnum@@AAPAX@Z 00C53720 f i nal_init.o
685	PORTED	0002:004642c0 ?CycleTrajectory@?$nalComponent@VnalComponentPOBase@@VnalComponentEntropyTrajectoryPOData@@VnalComponentEntropyTrajectoryPO@@@@UBEXAAVnalComponentEnum@@PAX1H_NPBH@Z 00C537C0 f i nal_init.o
686	PORTED	0002:004642f0 ??$SlowCycleTrajectory@VnalComponentEntropyTrajectoryPO@@VnalPositionOrientation@@USkeletonData@nalComponentData@@UAnimData@nalComponentEntropyTrajectoryPOData@@USkeletonComponentData@6@UAnimComponentData@6@@@YAXAAVnalComponentEnum@@PAX1H_NPBH@Z 00C537F0 f i nal_init.o
687	PENDING	0002:00464460 ??0?$nalComponent@VnalComponentIKSpinBase@@VnalComponentPacked16EntropyIKSpinData@@VnalComponentPacked16EntropyIKSpin@@@@IAE@XZ 00C53960 f i nal_init.o
688	PENDING	0002:00464470 ?VirtualAdvanceSkeletonComponentData@?$nalComponent@VnalComponentIKSpinBase@@VnalComponentPacked16EntropyIKSpinData@@VnalComponentPacked16EntropyIKSpin@@@@UBEXAAPBX@Z 00C53970 f i nal_init.o
689	PENDING	0002:00464480 ?VirtualAdvanceAnimData@?$nalComponent@VnalComponentIKSpinBase@@VnalComponentPacked16EntropyIKSpinData@@VnalComponentPacked16EntropyIKSpin@@@@UBEXAAPBX@Z 00C53980 f i nal_init.o
690	PENDING	0002:00464490 ?VirtualAdvanceAnimComponentData@?$nalComponent@VnalComponentIKSpinBase@@VnalComponentPacked16EntropyIKSpinData@@VnalComponentPacked16EntropyIKSpin@@@@UBEXAAPBX@Z 00C53990 f i nal_init.o
691	PENDING	0002:004644a0 ?VirtualAlignSkeletonData@?$nalComponent@VnalComponentIKSpinBase@@VnalComponentPacked16EntropyIKSpinData@@VnalComponentPacked16EntropyIKSpin@@@@UBEXAAPBX@Z 00C539A0 f i nal_init.o
692	PENDING	0002:004644b0 ?VirtualAdvanceSkeletonData@?$nalComponent@VnalComponentIKSpinBase@@VnalComponentPacked16EntropyIKSpinData@@VnalComponentPacked16EntropyIKSpin@@@@UBEXAAPBX@Z 00C539B0 f i nal_init.o
693	PENDING	0002:004644c0 ?VirtualAlignSkeletonComponentData@?$nalComponent@VnalComponentIKSpinBase@@VnalComponentPacked16EntropyIKSpinData@@VnalComponentPacked16EntropyIKSpin@@@@UBEXAAPBX@Z 00C539C0 f i nal_init.o
694	PENDING	0002:004644e0 ?VirtualAlignAnimData@?$nalComponent@VnalComponentIKSpinBase@@VnalComponentPacked16EntropyIKSpinData@@VnalComponentPacked16EntropyIKSpin@@@@UBEXAAPBX@Z 00C539E0 f i nal_init.o
695	PENDING	0002:00464500 ?VirtualAlignAnimComponentData@?$nalComponent@VnalComponentIKSpinBase@@VnalComponentPacked16EntropyIKSpinData@@VnalComponentPacked16EntropyIKSpin@@@@UBEXAAPBX@Z 00C53A00 f i nal_init.o
696	SKIPPED	0002:00464510 ??_G?$nalComponent@VnalComponentIKSpinBase@@VnalComponentPacked16EntropyIKSpinData@@VnalComponentPacked16EntropyIKSpin@@@@MAEPAXI@Z 00C53A10 f i nal_init.o  SKIPPED: compiler-generated deleting destructor; supplied by the compiler
697	SKIPPED	0002:00464510 ??_E?$nalComponent@VnalComponentIKSpinBase@@VnalComponentPacked16EntropyIKSpinData@@VnalComponentPacked16EntropyIKSpin@@@@MAEPAXI@Z 00C53A10 f i nal_init.o  SKIPPED: compiler-generated deleting destructor; supplied by the compiler
698	PENDING	0002:00464540 ?Process@?$nalComponent@VnalComponentIKSpinBase@@VnalComponentPacked16EntropyIKSpinData@@VnalComponentPacked16EntropyIKSpin@@@@UBEXPBUnalComponentInfo@nalGeneric@@AAPAX1@Z 00C53A40 f i nal_init.o
699	PENDING	0002:00464570 ?PartialDecode@?$nalComponent@VnalComponentIKSpinBase@@VnalComponentPacked16EntropyIKSpinData@@VnalComponentPacked16EntropyIKSpin@@@@UBEXAAVnalComponentEnum@@AAPAX1PAXHHH@Z 00C53A70 f i nal_init.o
700	PENDING	0002:004646a0 ?Decode@?$nalComponent@VnalComponentIKSpinBase@@VnalComponentPacked16EntropyIKSpinData@@VnalComponentPacked16EntropyIKSpin@@@@UBEXAAVnalComponentEnum@@AAPAXAAPBXHH@Z 00C53BA0 f i nal_init.o
701	PENDING	0002:004647a0 ?Skip@?$nalComponent@VnalComponentIKSpinBase@@VnalComponentPacked16EntropyIKSpinData@@VnalComponentPacked16EntropyIKSpin@@@@UBEXAAVnalComponentEnum@@AAPAXAAPBXH@Z 00C53CA0 f i nal_init.o
702	PENDING	0002:004648a0 ?Convert@?$nalComponent@VnalComponentIKSpinBase@@VnalComponentPacked16EntropyIKSpinData@@VnalComponentPacked16EntropyIKSpin@@@@UBEXAAVnalComponentEnum@@PAXAAPBXPBXPBH@Z 00C53DA0 f i nal_init.o
703	PORTED	0002:00464a50 ?ComponentConvert@nalComponentPacked16EntropyIKSpin@@SAXPAVnalIKSpin@@PBUCacheType@nalComponentPacked16EntropyIKSpinData@@PAUSkeletonData@nalComponentData@@PAUAnimData@4@PAUSkeletonComponentData@4@PAUAnimComponentData@4@@Z 00C53F50 f i nal_init.o
704	PORTED	0002:00464c40 ?ConvertPerfect@?$nalComponent@VnalComponentIKSpinBase@@VnalComponentPacked16EntropyIKSpinData@@VnalComponentPacked16EntropyIKSpin@@@@UBEXAAVnalComponentEnum@@PAXAAPBXPBXPBH@Z 00C54140 f i nal_init.o
705	PORTED	0002:00464d20 ?GetTrajectory@?$nalComponent@VnalComponentIKSpinBase@@VnalComponentPacked16EntropyIKSpinData@@VnalComponentPacked16EntropyIKSpin@@@@UBEXAAVnalComponentEnum@@PAX_NPBH@Z 00C54220 f i nal_init.o
706	PORTED	0002:00464e20 ?Delete@?$nalComponent@VnalComponentIKSpinBase@@VnalComponentPacked16EntropyIKSpinData@@VnalComponentPacked16EntropyIKSpin@@@@UBEXPBUnalComponentInfo@nalGeneric@@AAPAX@Z 00C54320 f i nal_init.o
707	PORTED	0002:00464e50 ?Copy@?$nalComponent@VnalComponentIKSpinBase@@VnalComponentPacked16EntropyIKSpinData@@VnalComponentPacked16EntropyIKSpin@@@@UBEXPBUnalComponentInfo@nalGeneric@@AAPAXAAPBX@Z 00C54350 f i nal_init.o
708	PORTED	0002:00464e70 ??$FastCopy@VnalComponentPacked16EntropyIKSpin@@VnalIKSpin@@@@YAXPBUnalComponentInfo@nalGeneric@@AAPAXAAPBX@Z 00C54370 f i nal_init.o
709	PORTED	0002:00464ed0 ?ReleaseCache@?$nalComponent@VnalComponentIKSpinBase@@VnalComponentPacked16EntropyIKSpinData@@VnalComponentPacked16EntropyIKSpin@@@@UBEXAAVnalComponentEnum@@AAPAX@Z 00C543D0 f i nal_init.o
710	PORTED	0002:00464f60 ??1?$tlSkipList@VnalAnimFile@@VtlFixedString@@@@QAE@XZ 00C54460 f i nal_init.o
711	PORTED	0002:00464f70 ??1?$tlSkipList@V?$nalAnimClass@VnalAnyPose@@@@VtlFixedString@@@@QAE@XZ 00C54470 f i nal_init.o
712	PORTED	0002:00464f80 ??1?$tlSkipList@VnalSceneAnim@@VtlFixedString@@@@QAE@XZ 00C54480 f i nal_init.o
713	PORTED	0002:00464f90 ??1?$tlSkipList@VnalBaseSkeleton@@VtlFixedString@@@@QAE@XZ 00C54490 f i nal_init.o
714	PORTED	0002:00464fa0 ?CycleTrajectory@?$nalComponent@VnalComponentU8Base@@VnalComponentSignalCounterData@@VnalComponentSignalCounter@@@@UBEXAAVnalComponentEnum@@PAX1H_NPBH@Z 00C544A0 f i nal_init.o
715	PORTED	0002:00464fd0 ??$FastCycleTrajectory@VnalComponentSignalCounter@@EUSkeletonData@nalComponentData@@UAnimData@3@USkeletonComponentData@3@UAnimComponentData@nalComponentSignalCounterData@@@@YAXAAVnalComponentEnum@@PAX1H_NPBH@Z 00C544D0 f i nal_init.o
716	PORTED	0002:00465060 ?CycleTrajectory@?$nalComponent@VnalComponentU8Base@@VnalComponentRLE8Int1Data@@VnalComponentRLE8Int1@@@@UBEXAAVnalComponentEnum@@PAX1H_NPBH@Z 00C54560 f i nal_init.o
717	PORTED	0002:00465090 ??$FastCycleTrajectory@VnalComponentRLE8Int1@@EUSkeletonData@nalComponentData@@UAnimData@3@USkeletonComponentData@3@UAnimComponentData@3@@@YAXAAVnalComponentEnum@@PAX1H_NPBH@Z 00C54590 f i nal_init.o
718	PORTED	0002:004650f0 ?CycleTrajectory@?$nalComponent@VnalComponentFloat1Base@@VnalComponentEntropyFloat1Data@@VnalComponentEntropyFloat1@@@@UBEXAAVnalComponentEnum@@PAX1H_NPBH@Z 00C545F0 f i nal_init.o
719	PORTED	0002:00465120 ??$FastCycleTrajectory@VnalComponentEntropyFloat1@@MUSkeletonData@nalComponentData@@UAnimData@nalComponentEntropyFloat1Data@@USkeletonComponentData@5@UAnimComponentData@3@@@YAXAAVnalComponentEnum@@PAX1H_NPBH@Z 00C54620 f i nal_init.o
720	PORTED	0002:004651a0 ?CycleTrajectory@?$nalComponent@VnalComponentFloat1Base@@VnalComponentPacked8Float1Data@@VnalComponentPacked8Float1@@@@UBEXAAVnalComponentEnum@@PAX1H_NPBH@Z 00C546A0 f i nal_init.o
721	PORTED	0002:004651d0 ??$FastCycleTrajectory@VnalComponentPacked8Float1@@MUSkeletonData@nalComponentData@@UAnimData@3@USkeletonComponentData@nalComponentPacked8Float1Data@@UAnimComponentData@3@@@YAXAAVnalComponentEnum@@PAX1H_NPBH@Z 00C546D0 f i nal_init.o
722	PORTED	0002:00465240 ?CycleTrajectory@?$nalComponent@VnalComponentFloat3Base@@VnalComponentFloat3Data@@VnalComponentFloat3@@@@UBEXAAVnalComponentEnum@@PAX1H_NPBH@Z 00C54740 f i nal_init.o
723	PORTED	0002:00465270 ??$FastCycleTrajectory@VnalComponentFloat3@@VDir3@math@@USkeletonData@nalComponentData@@UAnimData@5@USkeletonComponentData@5@UAnimComponentData@5@@@YAXAAVnalComponentEnum@@PAX1H_NPBH@Z 00C54770 f i nal_init.o
724	PORTED	0002:004652d0 ?CycleTrajectory@?$nalComponent@VnalComponentFloat3Base@@VnalComponentEntropyFloat3Data@@VnalComponentEntropyFloat3@@@@UBEXAAVnalComponentEnum@@PAX1H_NPBH@Z 00C547D0 f i nal_init.o
725	PORTED	0002:00465300 ??$FastCycleTrajectory@VnalComponentEntropyFloat3@@VDir3@math@@USkeletonData@nalComponentData@@UAnimData@nalComponentEntropyFloat3Data@@USkeletonComponentData@7@UAnimComponentData@5@@@YAXAAVnalComponentEnum@@PAX1H_NPBH@Z 00C54800 f i nal_init.o
726	PORTED	0002:00465380 ?CycleTrajectory@?$nalComponent@VnalComponentFloat3Base@@VnalComponentPacked8EntropyFloat3Data@@VnalComponentPacked8EntropyFloat3@@@@UBEXAAVnalComponentEnum@@PAX1H_NPBH@Z 00C54880 f i nal_init.o
727	PORTED	0002:004653b0 ??$FastCycleTrajectory@VnalComponentPacked8EntropyFloat3@@VDir3@math@@USkeletonData@nalComponentData@@UAnimData@nalComponentPacked8EntropyFloat3Data@@USkeletonComponentData@7@UAnimComponentData@5@@@YAXAAVnalComponentEnum@@PAX1H_NPBH@Z 00C548B0 f i nal_init.o
728	PORTED	0002:00465430 ?CycleTrajectory@?$nalComponent@VnalComponentFloat3Base@@VnalComponentPacked16EntropyFloat3Data@@VnalComponentPacked16EntropyFloat3@@@@UBEXAAVnalComponentEnum@@PAX1H_NPBH@Z 00C54930 f i nal_init.o
729	PORTED	0002:00465460 ??$FastCycleTrajectory@VnalComponentPacked16EntropyFloat3@@VDir3@math@@USkeletonData@nalComponentData@@UAnimData@nalComponentPacked16EntropyFloat3Data@@USkeletonComponentData@7@UAnimComponentData@5@@@YAXAAVnalComponentEnum@@PAX1H_NPBH@Z 00C54960 f i nal_init.o
730	PORTED	0002:004654e0 ?CycleTrajectory@?$nalComponent@VnalComponentFloat4Base@@VnalComponentFloat4Data@@VnalComponentFloat4@@@@UBEXAAVnalComponentEnum@@PAX1H_NPBH@Z 00C549E0 f i nal_init.o
731	PORTED	0002:00465510 ??$FastCycleTrajectory@VnalComponentFloat4@@VVector4@math@@USkeletonData@nalComponentData@@UAnimData@5@USkeletonComponentData@5@UAnimComponentData@5@@@YAXAAVnalComponentEnum@@PAX1H_NPBH@Z 00C54A10 f i nal_init.o
732	PORTED	0002:00465570 ?CycleTrajectory@?$nalComponent@VnalComponentFloat4Base@@VnalComponentEntropyFloat4Data@@VnalComponentEntropyFloat4@@@@UBEXAAVnalComponentEnum@@PAX1H_NPBH@Z 00C54A70 f i nal_init.o
733	PORTED	0002:004655a0 ??$FastCycleTrajectory@VnalComponentEntropyFloat4@@VVector4@math@@USkeletonData@nalComponentData@@UAnimData@nalComponentEntropyFloat4Data@@USkeletonComponentData@7@UAnimComponentData@5@@@YAXAAVnalComponentEnum@@PAX1H_NPBH@Z 00C54AA0 f i nal_init.o
734	PORTED	0002:00465620 ?CycleTrajectory@?$nalComponent@VnalComponentFloat4Base@@VnalComponentPacked8EntropyFloat4Data@@VnalComponentPacked8EntropyFloat4@@@@UBEXAAVnalComponentEnum@@PAX1H_NPBH@Z 00C54B20 f i nal_init.o
735	PORTED	0002:00465650 ??$FastCycleTrajectory@VnalComponentPacked8EntropyFloat4@@VVector4@math@@USkeletonData@nalComponentData@@UAnimData@nalComponentPacked8EntropyFloat4Data@@USkeletonComponentData@7@UAnimComponentData@5@@@YAXAAVnalComponentEnum@@PAX1H_NPBH@Z 00C54B50 f i nal_init.o
736	PORTED	0002:004656d0 ?CycleTrajectory@?$nalComponent@VnalComponentFloat4Base@@VnalComponentPacked16EntropyFloat4Data@@VnalComponentPacked16EntropyFloat4@@@@UBEXAAVnalComponentEnum@@PAX1H_NPBH@Z 00C54BD0 f i nal_init.o
737	PORTED	0002:00465700 ??$FastCycleTrajectory@VnalComponentPacked16EntropyFloat4@@VVector4@math@@USkeletonData@nalComponentData@@UAnimData@nalComponentPacked16EntropyFloat4Data@@USkeletonComponentData@7@UAnimComponentData@5@@@YAXAAVnalComponentEnum@@PAX1H_NPBH@Z 00C54C00 f i nal_init.o
738	PORTED	0002:00465780 ?CycleTrajectory@?$nalComponent@VnalComponentQuatBase@@VnalComponentQuatData@@VnalComponentQuat@@@@UBEXAAVnalComponentEnum@@PAX1H_NPBH@Z 00C54C80 f i nal_init.o
739	PORTED	0002:004657b0 ??$FastCycleTrajectory@VnalComponentQuat@@VQuaternion@math@@USkeletonData@nalComponentData@@UAnimData@5@USkeletonComponentData@5@UAnimComponentData@5@@@YAXAAVnalComponentEnum@@PAX1H_NPBH@Z 00C54CB0 f i nal_init.o
740	PORTED	0002:00465810 ?CycleTrajectory@?$nalComponent@VnalComponentQuatBase@@VnalComponentEntropyQuatData@@VnalComponentEntropyQuat@@@@UBEXAAVnalComponentEnum@@PAX1H_NPBH@Z 00C54D10 f i nal_init.o
741	PORTED	0002:00465840 ??$FastCycleTrajectory@VnalComponentEntropyQuat@@VQuaternion@math@@USkeletonData@nalComponentData@@UAnimData@nalComponentEntropyQuatData@@USkeletonComponentData@7@UAnimComponentData@5@@@YAXAAVnalComponentEnum@@PAX1H_NPBH@Z 00C54D40 f i nal_init.o
742	PENDING	0002:004658c0 ?SetupPartialDecode@?$nalComponent@VnalComponentQuatBase@@VnalComponentPacked8EntropyQuatData@@VnalComponentPacked8EntropyQuat@@@@UBEXAAVnalComponentEnum@@AAPAXAAPBXH@Z 00C54DC0 f i nal_init.o
743	PENDING	0002:004659e0 ?PartialDecode@?$nalComponent@VnalComponentQuatBase@@VnalComponentPacked8EntropyQuatData@@VnalComponentPacked8EntropyQuat@@@@UBEXAAVnalComponentEnum@@AAPAX1PAXHHH@Z 00C54EE0 f i nal_init.o
744	PENDING	0002:00465af0 ?Decode@?$nalPackedQuatDecoder@VnalQuaternion8@nalEntropyDecoder@@@nalEntropyDecoder@@QAEXPAVnalQuaternion8@2@IIMPAX@Z 00C54FF0 f i nal_init.o
745	PENDING	0002:00465e40 ??0nalQuaternion8@nalEntropyDecoder@@QAE@ABVQuaternion@math@@@Z 00C55340 f i nal_init.o
746	PENDING	0002:00465ef0 ?Decode@?$nalComponent@VnalComponentQuatBase@@VnalComponentPacked8EntropyQuatData@@VnalComponentPacked8EntropyQuat@@@@UBEXAAVnalComponentEnum@@AAPAXAAPBXHH@Z 00C553F0 f i nal_init.o
747	PENDING	0002:00466040 ?CycleTrajectory@?$nalComponent@VnalComponentQuatBase@@VnalComponentPacked8EntropyQuatData@@VnalComponentPacked8EntropyQuat@@@@UBEXAAVnalComponentEnum@@PAX1H_NPBH@Z 00C55540 f i nal_init.o
748	PENDING	0002:00466070 ??$FastCycleTrajectory@VnalComponentPacked8EntropyQuat@@VQuaternion@math@@USkeletonData@nalComponentData@@UAnimData@nalComponentPacked8EntropyQuatData@@USkeletonComponentData@7@UAnimComponentData@5@@@YAXAAVnalComponentEnum@@PAX1H_NPBH@Z 00C55570 f i nal_init.o
749	PENDING	0002:004660f0 ?SetupPartialDecode@?$nalComponent@VnalComponentQuatBase@@VnalComponentPacked16EntropyQuatData@@VnalComponentPacked16EntropyQuat@@@@UBEXAAVnalComponentEnum@@AAPAXAAPBXH@Z 00C555F0 f i nal_init.o
750	PENDING	0002:00466210 ?PartialDecode@?$nalComponent@VnalComponentQuatBase@@VnalComponentPacked16EntropyQuatData@@VnalComponentPacked16EntropyQuat@@@@UBEXAAVnalComponentEnum@@AAPAX1PAXHHH@Z 00C55710 f i nal_init.o
751	PENDING	0002:00466330 ?Decode@?$nalPackedQuatDecoder@VnalQuaternion16@nalEntropyDecoder@@@nalEntropyDecoder@@QAEXPAVnalQuaternion16@2@IIMPAX@Z 00C55830 f i nal_init.o
752	PENDING	0002:00466670 ??0nalQuaternion16@nalEntropyDecoder@@QAE@ABVQuaternion@math@@@Z 00C55B70 f i nal_init.o
753	PENDING	0002:004666d0 ?Decode@?$nalComponent@VnalComponentQuatBase@@VnalComponentPacked16EntropyQuatData@@VnalComponentPacked16EntropyQuat@@@@UBEXAAVnalComponentEnum@@AAPAXAAPBXHH@Z 00C55BD0 f i nal_init.o
754	PENDING	0002:00466830 ?CycleTrajectory@?$nalComponent@VnalComponentQuatBase@@VnalComponentPacked16EntropyQuatData@@VnalComponentPacked16EntropyQuat@@@@UBEXAAVnalComponentEnum@@PAX1H_NPBH@Z 00C55D30 f i nal_init.o
755	PENDING	0002:00466860 ??$FastCycleTrajectory@VnalComponentPacked16EntropyQuat@@VQuaternion@math@@USkeletonData@nalComponentData@@UAnimData@nalComponentPacked16EntropyQuatData@@USkeletonComponentData@7@UAnimComponentData@5@@@YAXAAVnalComponentEnum@@PAX1H_NPBH@Z 00C55D60 f i nal_init.o
756	PORTED	0002:004668e0 ?CycleTrajectory@?$nalComponent@VnalComponentPOBase@@VnalComponentPOData@@VnalComponentPO@@@@UBEXAAVnalComponentEnum@@PAX1H_NPBH@Z 00C55DE0 f i nal_init.o
757	PORTED	0002:00466910 ??$FastCycleTrajectory@VnalComponentPO@@VnalPositionOrientation@@USkeletonData@nalComponentData@@UAnimData@4@USkeletonComponentData@4@UAnimComponentData@4@@@YAXAAVnalComponentEnum@@PAX1H_NPBH@Z 00C55E10 f i nal_init.o
758	PORTED	0002:00466970 ?CycleTrajectory@?$nalComponent@VnalComponentPOBase@@VnalComponentEntropyPOData@@VnalComponentEntropyPO@@@@UBEXAAVnalComponentEnum@@PAX1H_NPBH@Z 00C55E70 f i nal_init.o
759	PORTED	0002:004669a0 ??$FastCycleTrajectory@VnalComponentEntropyPO@@VnalPositionOrientation@@USkeletonData@nalComponentData@@UAnimData@nalComponentEntropyPOData@@USkeletonComponentData@6@UAnimComponentData@4@@@YAXAAVnalComponentEnum@@PAX1H_NPBH@Z 00C55EA0 f i nal_init.o
760	PENDING	0002:00466a20 ?SetupPartialDecode@?$nalComponent@VnalComponentIKSpinBase@@VnalComponentPacked16EntropyIKSpinData@@VnalComponentPacked16EntropyIKSpin@@@@UBEXAAVnalComponentEnum@@AAPAXAAPBXH@Z 00C55F20 f i nal_init.o
761	PENDING	0002:00466b30 ?ComponentSetupPartialDecode@nalComponentPacked16EntropyIKSpin@@SAXPAUStateType@nalComponentPacked16EntropyIKSpinData@@AAPBEHPAUSkeletonData@nalComponentData@@PAUAnimData@3@PAUSkeletonComponentData@3@PAUAnimComponentData@3@@Z 00C56030 f i nal_init.o
762	PORTED	0002:00466ce0 ?CycleTrajectory@?$nalComponent@VnalComponentIKSpinBase@@VnalComponentPacked16EntropyIKSpinData@@VnalComponentPacked16EntropyIKSpin@@@@UBEXAAVnalComponentEnum@@PAX1H_NPBH@Z 00C561E0 f i nal_init.o
763	PORTED	0002:00466d10 ??$FastCycleTrajectory@VnalComponentPacked16EntropyIKSpin@@VnalIKSpin@@USkeletonData@nalComponentData@@UAnimData@nalComponentPacked16EntropyIKSpinData@@USkeletonComponentData@6@UAnimComponentData@6@@@YAXAAVnalComponentEnum@@PAX1H_NPBH@Z 00C56210 f i nal_init.o
764	PORTED	0002:00466dd0 ?Construct@?$nalComponent@VnalComponentIKSpinBase@@VnalComponentPacked16EntropyIKSpinData@@VnalComponentPacked16EntropyIKSpin@@@@UBEXPBUnalComponentInfo@nalGeneric@@AAPAX@Z 00C562D0 f i nal_init.o
765	PORTED	0002:00466e00 ??0nalComponentSignalCounter@@QAE@W4nalRegisterKey@@@Z 00C56300 f i nal_init.o
766	SKIPPED	0002:00466e50 ??_GnalComponentSignalCounter@@UAEPAXI@Z 00C56350 f i nal_init.o  SKIPPED: compiler-generated deleting destructor; supplied by the compiler
767	SKIPPED	0002:00466e50 ??_EnalComponentSignalCounter@@UAEPAXI@Z 00C56350 f i nal_init.o  SKIPPED: compiler-generated deleting destructor; supplied by the compiler
768	PORTED	0002:00466e80 ??0nalComponentRLE8Int1@@QAE@W4nalRegisterKey@@@Z 00C56380 f i nal_init.o
769	SKIPPED	0002:00466ed0 ??_EnalComponentRLE8Int1@@UAEPAXI@Z 00C563D0 f i nal_init.o  SKIPPED: compiler-generated deleting destructor; supplied by the compiler
770	SKIPPED	0002:00466ed0 ??_GnalComponentRLE8Int1@@UAEPAXI@Z 00C563D0 f i nal_init.o  SKIPPED: compiler-generated deleting destructor; supplied by the compiler
771	PORTED	0002:00466f00 ??0nalComponentEntropyFloat1@@QAE@W4nalRegisterKey@@@Z 00C56400 f i nal_init.o
772	SKIPPED	0002:00466f50 ??_EnalComponentEntropyFloat1@@UAEPAXI@Z 00C56450 f i nal_init.o  SKIPPED: compiler-generated deleting destructor; supplied by the compiler
773	SKIPPED	0002:00466f50 ??_GnalComponentEntropyFloat1@@UAEPAXI@Z 00C56450 f i nal_init.o  SKIPPED: compiler-generated deleting destructor; supplied by the compiler
774	PORTED	0002:00466f80 ??0nalComponentPacked8Float1@@QAE@W4nalRegisterKey@@@Z 00C56480 f i nal_init.o
775	SKIPPED	0002:00466fd0 ??_GnalComponentPacked8Float1@@UAEPAXI@Z 00C564D0 f i nal_init.o  SKIPPED: compiler-generated deleting destructor; supplied by the compiler
776	SKIPPED	0002:00466fd0 ??_EnalComponentPacked8Float1@@UAEPAXI@Z 00C564D0 f i nal_init.o  SKIPPED: compiler-generated deleting destructor; supplied by the compiler
777	PORTED	0002:00467000 ??0nalComponentFloat3@@QAE@W4nalRegisterKey@@@Z 00C56500 f i nal_init.o
778	SKIPPED	0002:00467050 ??_GnalComponentFloat3@@UAEPAXI@Z 00C56550 f i nal_init.o  SKIPPED: compiler-generated deleting destructor; supplied by the compiler
779	SKIPPED	0002:00467050 ??_EnalComponentFloat3@@UAEPAXI@Z 00C56550 f i nal_init.o  SKIPPED: compiler-generated deleting destructor; supplied by the compiler
780	PORTED	0002:00467080 ??0nalComponentEntropyFloat3@@QAE@W4nalRegisterKey@@@Z 00C56580 f i nal_init.o
781	SKIPPED	0002:004670d0 ??_EnalComponentEntropyFloat3@@UAEPAXI@Z 00C565D0 f i nal_init.o  SKIPPED: compiler-generated deleting destructor; supplied by the compiler
782	SKIPPED	0002:004670d0 ??_GnalComponentEntropyFloat3@@UAEPAXI@Z 00C565D0 f i nal_init.o  SKIPPED: compiler-generated deleting destructor; supplied by the compiler
783	PORTED	0002:00467100 ??0nalComponentPacked8EntropyFloat3@@QAE@W4nalRegisterKey@@@Z 00C56600 f i nal_init.o
784	SKIPPED	0002:00467150 ??_EnalComponentPacked8EntropyFloat3@@UAEPAXI@Z 00C56650 f i nal_init.o  SKIPPED: compiler-generated deleting destructor; supplied by the compiler
785	SKIPPED	0002:00467150 ??_GnalComponentPacked8EntropyFloat3@@UAEPAXI@Z 00C56650 f i nal_init.o  SKIPPED: compiler-generated deleting destructor; supplied by the compiler
786	PORTED	0002:00467180 ??0nalComponentPacked16EntropyFloat3@@QAE@W4nalRegisterKey@@@Z 00C56680 f i nal_init.o
787	SKIPPED	0002:004671d0 ??_EnalComponentPacked16EntropyFloat3@@UAEPAXI@Z 00C566D0 f i nal_init.o  SKIPPED: compiler-generated deleting destructor; supplied by the compiler
788	SKIPPED	0002:004671d0 ??_GnalComponentPacked16EntropyFloat3@@UAEPAXI@Z 00C566D0 f i nal_init.o  SKIPPED: compiler-generated deleting destructor; supplied by the compiler
789	PORTED	0002:00467200 ??0nalComponentFloat4@@QAE@W4nalRegisterKey@@@Z 00C56700 f i nal_init.o
790	SKIPPED	0002:00467250 ??_GnalComponentFloat4@@UAEPAXI@Z 00C56750 f i nal_init.o  SKIPPED: compiler-generated deleting destructor; supplied by the compiler
791	SKIPPED	0002:00467250 ??_EnalComponentFloat4@@UAEPAXI@Z 00C56750 f i nal_init.o  SKIPPED: compiler-generated deleting destructor; supplied by the compiler
792	PORTED	0002:00467280 ??0nalComponentEntropyFloat4@@QAE@W4nalRegisterKey@@@Z 00C56780 f i nal_init.o
793	SKIPPED	0002:004672d0 ??_GnalComponentEntropyFloat4@@UAEPAXI@Z 00C567D0 f i nal_init.o  SKIPPED: compiler-generated deleting destructor; supplied by the compiler
794	SKIPPED	0002:004672d0 ??_EnalComponentEntropyFloat4@@UAEPAXI@Z 00C567D0 f i nal_init.o  SKIPPED: compiler-generated deleting destructor; supplied by the compiler
795	PORTED	0002:00467300 ??0nalComponentPacked8EntropyFloat4@@QAE@W4nalRegisterKey@@@Z 00C56800 f i nal_init.o
796	SKIPPED	0002:00467350 ??_EnalComponentPacked8EntropyFloat4@@UAEPAXI@Z 00C56850 f i nal_init.o  SKIPPED: compiler-generated deleting destructor; supplied by the compiler
797	SKIPPED	0002:00467350 ??_GnalComponentPacked8EntropyFloat4@@UAEPAXI@Z 00C56850 f i nal_init.o  SKIPPED: compiler-generated deleting destructor; supplied by the compiler
798	PORTED	0002:00467380 ??0nalComponentPacked16EntropyFloat4@@QAE@W4nalRegisterKey@@@Z 00C56880 f i nal_init.o
799	SKIPPED	0002:004673d0 ??_GnalComponentPacked16EntropyFloat4@@UAEPAXI@Z 00C568D0 f i nal_init.o  SKIPPED: compiler-generated deleting destructor; supplied by the compiler
800	SKIPPED	0002:004673d0 ??_EnalComponentPacked16EntropyFloat4@@UAEPAXI@Z 00C568D0 f i nal_init.o  SKIPPED: compiler-generated deleting destructor; supplied by the compiler
801	PORTED	0002:00467400 ??0nalComponentQuat@@QAE@W4nalRegisterKey@@@Z 00C56900 f i nal_init.o
802	SKIPPED	0002:00467450 ??_EnalComponentQuat@@UAEPAXI@Z 00C56950 f i nal_init.o  SKIPPED: compiler-generated deleting destructor; supplied by the compiler
803	SKIPPED	0002:00467450 ??_GnalComponentQuat@@UAEPAXI@Z 00C56950 f i nal_init.o  SKIPPED: compiler-generated deleting destructor; supplied by the compiler
804	PORTED	0002:00467480 ??0nalComponentEntropyQuat@@QAE@W4nalRegisterKey@@@Z 00C56980 f i nal_init.o
805	SKIPPED	0002:004674d0 ??_GnalComponentEntropyQuat@@UAEPAXI@Z 00C569D0 f i nal_init.o  SKIPPED: compiler-generated deleting destructor; supplied by the compiler
806	SKIPPED	0002:004674d0 ??_EnalComponentEntropyQuat@@UAEPAXI@Z 00C569D0 f i nal_init.o  SKIPPED: compiler-generated deleting destructor; supplied by the compiler
807	PORTED	0002:00467500 ??0nalComponentPacked8EntropyQuat@@QAE@W4nalRegisterKey@@@Z 00C56A00 f i nal_init.o
808	SKIPPED	0002:00467550 ??_GnalComponentPacked8EntropyQuat@@UAEPAXI@Z 00C56A50 f i nal_init.o  SKIPPED: compiler-generated deleting destructor; supplied by the compiler
809	SKIPPED	0002:00467550 ??_EnalComponentPacked8EntropyQuat@@UAEPAXI@Z 00C56A50 f i nal_init.o  SKIPPED: compiler-generated deleting destructor; supplied by the compiler
810	PORTED	0002:00467580 ??0nalComponentPacked16EntropyQuat@@QAE@W4nalRegisterKey@@@Z 00C56A80 f i nal_init.o
811	SKIPPED	0002:004675d0 ??_EnalComponentPacked16EntropyQuat@@UAEPAXI@Z 00C56AD0 f i nal_init.o  SKIPPED: compiler-generated deleting destructor; supplied by the compiler
812	SKIPPED	0002:004675d0 ??_GnalComponentPacked16EntropyQuat@@UAEPAXI@Z 00C56AD0 f i nal_init.o  SKIPPED: compiler-generated deleting destructor; supplied by the compiler
813	PORTED	0002:00467600 ??0nalComponentPO@@QAE@W4nalRegisterKey@@@Z 00C56B00 f i nal_init.o
814	SKIPPED	0002:00467650 ??_EnalComponentPO@@UAEPAXI@Z 00C56B50 f i nal_init.o  SKIPPED: compiler-generated deleting destructor; supplied by the compiler
815	SKIPPED	0002:00467650 ??_GnalComponentPO@@UAEPAXI@Z 00C56B50 f i nal_init.o  SKIPPED: compiler-generated deleting destructor; supplied by the compiler
816	PORTED	0002:00467680 ??0nalComponentEntropyPO@@QAE@W4nalRegisterKey@@@Z 00C56B80 f i nal_init.o
817	SKIPPED	0002:004676d0 ??_EnalComponentEntropyPO@@UAEPAXI@Z 00C56BD0 f i nal_init.o  SKIPPED: compiler-generated deleting destructor; supplied by the compiler
818	SKIPPED	0002:004676d0 ??_GnalComponentEntropyPO@@UAEPAXI@Z 00C56BD0 f i nal_init.o  SKIPPED: compiler-generated deleting destructor; supplied by the compiler
819	PORTED	0002:00467700 ??0nalComponentTrajectoryPO@@QAE@W4nalRegisterKey@@@Z 00C56C00 f i nal_init.o
820	SKIPPED	0002:00467750 ??_EnalComponentTrajectoryPO@@UAEPAXI@Z 00C56C50 f i nal_init.o  SKIPPED: compiler-generated deleting destructor; supplied by the compiler
821	SKIPPED	0002:00467750 ??_GnalComponentTrajectoryPO@@UAEPAXI@Z 00C56C50 f i nal_init.o  SKIPPED: compiler-generated deleting destructor; supplied by the compiler
822	PORTED	0002:00467780 ??0nalComponentEntropyTrajectoryPO@@QAE@W4nalRegisterKey@@@Z 00C56C80 f i nal_init.o
823	SKIPPED	0002:004677d0 ??_EnalComponentEntropyTrajectoryPO@@UAEPAXI@Z 00C56CD0 f i nal_init.o  SKIPPED: compiler-generated deleting destructor; supplied by the compiler
824	SKIPPED	0002:004677d0 ??_GnalComponentEntropyTrajectoryPO@@UAEPAXI@Z 00C56CD0 f i nal_init.o  SKIPPED: compiler-generated deleting destructor; supplied by the compiler
825	PORTED	0002:00467800 ??0nalComponentPacked16EntropyIKSpin@@QAE@W4nalRegisterKey@@@Z 00C56D00 f i nal_init.o
826	SKIPPED	0002:00467850 ??_EnalComponentPacked16EntropyIKSpin@@UAEPAXI@Z 00C56D50 f i nal_init.o  SKIPPED: compiler-generated deleting destructor; supplied by the compiler
827	SKIPPED	0002:00467850 ??_GnalComponentPacked16EntropyIKSpin@@UAEPAXI@Z 00C56D50 f i nal_init.o  SKIPPED: compiler-generated deleting destructor; supplied by the compiler
828	PORTED	0002:00467880 ??0?$tlInstanceBankResourceDirectory@VnalAnimFile@@@@QAE@XZ 00C56D80 f i nal_init.o
829	PORTED	0002:004678b0 ?Find@?$tlInstanceBankResourceDirectory@VnalAnimFile@@@@UAEPAVnalAnimFile@@ABVtlFixedString@@@Z 00C56DB0 f i nal_init.o
830	VERIFIED	0002:004678c0 ?Find@?$tlSkipList@VnalAnimFile@@VtlFixedString@@@@QAEPAVnalAnimFile@@ABVtlFixedString@@@Z 00C56DC0 f i nal_init.o
831	PORTED	0002:00467980 ?Del@?$tlInstanceBankResourceDirectory@VnalAnimFile@@@@UAE_NQAVnalAnimFile@@@Z 00C56E80 f i nal_init.o
832	PORTED	0002:00467990 ?Enumerate@?$tlInstanceBankResourceDirectory@VnalAnimFile@@@@UAEPAVIterator@?$tlResourceDirectory@VnalAnimFile@@@@XZ 00C56E90 f i nal_init.o
833	PORTED	0002:004679d0 ?reset@SkipListIterator@?$tlInstanceBankResourceDirectory@VnalAnimFile@@@@UAEXXZ 00C56ED0 f i nal_init.o
834	PORTED	0002:004679f0 ??RSkipListIterator@?$tlInstanceBankResourceDirectory@VnalAnimFile@@@@UBE_NXZ 00C56EF0 f i nal_init.o
835	PORTED	0002:00467a00 ??ESkipListIterator@?$tlInstanceBankResourceDirectory@VnalAnimFile@@@@UAEXXZ 00C56F00 f i nal_init.o
836	PORTED	0002:00467a10 ??DSkipListIterator@?$tlInstanceBankResourceDirectory@VnalAnimFile@@@@UBEPAVnalAnimFile@@XZ 00C56F10 f i nal_init.o
837	SKIPPED	0002:00467a20 ??_ESkipListIterator@?$tlInstanceBankResourceDirectory@VnalAnimFile@@@@UAEPAXI@Z 00C56F20 f i nal_init.o  SKIPPED: compiler-generated deleting destructor; supplied by the compiler
838	SKIPPED	0002:00467a20 ??_GSkipListIterator@?$tlInstanceBankResourceDirectory@VnalAnimFile@@@@UAEPAXI@Z 00C56F20 f i nal_init.o  SKIPPED: compiler-generated deleting destructor; supplied by the compiler
839	SKIPPED	0002:00467a50 ??_GIterator@?$tlResourceDirectory@VnalAnimFile@@@@UAEPAXI@Z 00C56F50 f i nal_init.o  SKIPPED: compiler-generated deleting destructor; supplied by the compiler
840	SKIPPED	0002:00467a50 ??_EIterator@?$tlResourceDirectory@VnalAnimFile@@@@UAEPAXI@Z 00C56F50 f i nal_init.o  SKIPPED: compiler-generated deleting destructor; supplied by the compiler
841	PORTED	0002:00467a80 ?Add@?$tlInstanceBankResourceDirectory@VnalAnimFile@@@@UAEPAVnalAnimFile@@PAV2@@Z 00C56F80 f i nal_init.o
842	VERIFIED	0002:00467a90 ?Add@?$tlSkipList@VnalAnimFile@@VtlFixedString@@@@QAEPAVnalAnimFile@@PAV2@@Z 00C56F90 f i nal_init.o
843	VERIFIED	0002:00467bb0 ?Init@?$tlSkipList@VnalAnimFile@@VtlFixedString@@@@QAEXXZ 00C570B0 f i nal_init.o
844	PORTED	0002:00467bf0 ??0?$tlInstanceBankResourceDirectory@V?$nalAnimClass@VnalAnyPose@@@@@@QAE@XZ 00C570F0 f i nal_init.o
845	PORTED	0002:00467c20 ?Find@?$tlInstanceBankResourceDirectory@V?$nalAnimClass@VnalAnyPose@@@@@@UAEPAV?$nalAnimClass@VnalAnyPose@@@@ABVtlFixedString@@@Z 00C57120 f i nal_init.o
846	VERIFIED	0002:00467c30 ?Find@?$tlSkipList@V?$nalAnimClass@VnalAnyPose@@@@VtlFixedString@@@@QAEPAV?$nalAnimClass@VnalAnyPose@@@@ABVtlFixedString@@@Z 00C57130 f i nal_init.o
847	PORTED	0002:00467cf0 ?Del@?$tlInstanceBankResourceDirectory@V?$nalAnimClass@VnalAnyPose@@@@@@UAE_NQAV?$nalAnimClass@VnalAnyPose@@@@@Z 00C571F0 f i nal_init.o
848	PORTED	0002:00467d00 ?Enumerate@?$tlInstanceBankResourceDirectory@V?$nalAnimClass@VnalAnyPose@@@@@@UAEPAVIterator@?$tlResourceDirectory@V?$nalAnimClass@VnalAnyPose@@@@@@XZ 00C57200 f i nal_init.o
849	PORTED	0002:00467d40 ?reset@SkipListIterator@?$tlInstanceBankResourceDirectory@V?$nalAnimClass@VnalAnyPose@@@@@@UAEXXZ 00C57240 f i nal_init.o
850	PORTED	0002:00467d60 ??RSkipListIterator@?$tlInstanceBankResourceDirectory@V?$nalAnimClass@VnalAnyPose@@@@@@UBE_NXZ 00C57260 f i nal_init.o
851	PORTED	0002:00467d70 ??ESkipListIterator@?$tlInstanceBankResourceDirectory@V?$nalAnimClass@VnalAnyPose@@@@@@UAEXXZ 00C57270 f i nal_init.o
852	PORTED	0002:00467d80 ??DSkipListIterator@?$tlInstanceBankResourceDirectory@V?$nalAnimClass@VnalAnyPose@@@@@@UBEPAV?$nalAnimClass@VnalAnyPose@@@@XZ 00C57280 f i nal_init.o
853	SKIPPED	0002:00467d90 ??_GSkipListIterator@?$tlInstanceBankResourceDirectory@V?$nalAnimClass@VnalAnyPose@@@@@@UAEPAXI@Z 00C57290 f i nal_init.o  SKIPPED: compiler-generated deleting destructor; supplied by the compiler
854	SKIPPED	0002:00467d90 ??_ESkipListIterator@?$tlInstanceBankResourceDirectory@V?$nalAnimClass@VnalAnyPose@@@@@@UAEPAXI@Z 00C57290 f i nal_init.o  SKIPPED: compiler-generated deleting destructor; supplied by the compiler
855	SKIPPED	0002:00467dc0 ??_EIterator@?$tlResourceDirectory@V?$nalAnimClass@VnalAnyPose@@@@@@UAEPAXI@Z 00C572C0 f i nal_init.o  SKIPPED: compiler-generated deleting destructor; supplied by the compiler
856	SKIPPED	0002:00467dc0 ??_GIterator@?$tlResourceDirectory@V?$nalAnimClass@VnalAnyPose@@@@@@UAEPAXI@Z 00C572C0 f i nal_init.o  SKIPPED: compiler-generated deleting destructor; supplied by the compiler
857	PORTED	0002:00467df0 ?Add@?$tlInstanceBankResourceDirectory@V?$nalAnimClass@VnalAnyPose@@@@@@UAEPAV?$nalAnimClass@VnalAnyPose@@@@PAV2@@Z 00C572F0 f i nal_init.o
858	VERIFIED	0002:00467e00 ?Add@?$tlSkipList@V?$nalAnimClass@VnalAnyPose@@@@VtlFixedString@@@@QAEPAV?$nalAnimClass@VnalAnyPose@@@@PAV2@@Z 00C57300 f i nal_init.o
859	VERIFIED	0002:00467f20 ?Init@?$tlSkipList@V?$nalAnimClass@VnalAnyPose@@@@VtlFixedString@@@@QAEXXZ 00C57420 f i nal_init.o
860	PORTED	0002:00467f60 ??0?$tlInstanceBankResourceDirectory@VnalSceneAnim@@@@QAE@XZ 00C57460 f i nal_init.o
861	PORTED	0002:00467f90 ?Find@?$tlInstanceBankResourceDirectory@VnalSceneAnim@@@@UAEPAVnalSceneAnim@@ABVtlFixedString@@@Z 00C57490 f i nal_init.o
862	VERIFIED	0002:00467fa0 ?Find@?$tlSkipList@VnalSceneAnim@@VtlFixedString@@@@QAEPAVnalSceneAnim@@ABVtlFixedString@@@Z 00C574A0 f i nal_init.o
863	PORTED	0002:00468060 ?Del@?$tlInstanceBankResourceDirectory@VnalSceneAnim@@@@UAE_NQAVnalSceneAnim@@@Z 00C57560 f i nal_init.o
864	PORTED	0002:00468070 ?Enumerate@?$tlInstanceBankResourceDirectory@VnalSceneAnim@@@@UAEPAVIterator@?$tlResourceDirectory@VnalSceneAnim@@@@XZ 00C57570 f i nal_init.o
865	PORTED	0002:004680b0 ?reset@SkipListIterator@?$tlInstanceBankResourceDirectory@VnalSceneAnim@@@@UAEXXZ 00C575B0 f i nal_init.o
866	PORTED	0002:004680d0 ??RSkipListIterator@?$tlInstanceBankResourceDirectory@VnalSceneAnim@@@@UBE_NXZ 00C575D0 f i nal_init.o
867	PORTED	0002:004680e0 ??ESkipListIterator@?$tlInstanceBankResourceDirectory@VnalSceneAnim@@@@UAEXXZ 00C575E0 f i nal_init.o
868	PORTED	0002:004680f0 ??DSkipListIterator@?$tlInstanceBankResourceDirectory@VnalSceneAnim@@@@UBEPAVnalSceneAnim@@XZ 00C575F0 f i nal_init.o
869	SKIPPED	0002:00468100 ??_ESkipListIterator@?$tlInstanceBankResourceDirectory@VnalSceneAnim@@@@UAEPAXI@Z 00C57600 f i nal_init.o  SKIPPED: compiler-generated deleting destructor; supplied by the compiler
870	SKIPPED	0002:00468100 ??_GSkipListIterator@?$tlInstanceBankResourceDirectory@VnalSceneAnim@@@@UAEPAXI@Z 00C57600 f i nal_init.o  SKIPPED: compiler-generated deleting destructor; supplied by the compiler
871	SKIPPED	0002:00468130 ??_EIterator@?$tlResourceDirectory@VnalSceneAnim@@@@UAEPAXI@Z 00C57630 f i nal_init.o  SKIPPED: compiler-generated deleting destructor; supplied by the compiler
872	SKIPPED	0002:00468130 ??_GIterator@?$tlResourceDirectory@VnalSceneAnim@@@@UAEPAXI@Z 00C57630 f i nal_init.o  SKIPPED: compiler-generated deleting destructor; supplied by the compiler
873	PORTED	0002:00468160 ?Add@?$tlInstanceBankResourceDirectory@VnalSceneAnim@@@@UAEPAVnalSceneAnim@@PAV2@@Z 00C57660 f i nal_init.o
874	VERIFIED	0002:00468170 ?Add@?$tlSkipList@VnalSceneAnim@@VtlFixedString@@@@QAEPAVnalSceneAnim@@PAV2@@Z 00C57670 f i nal_init.o
875	VERIFIED	0002:00468290 ?Init@?$tlSkipList@VnalSceneAnim@@VtlFixedString@@@@QAEXXZ 00C57790 f i nal_init.o
876	PORTED	0002:004682d0 ??0?$tlInstanceBankResourceDirectory@VnalBaseSkeleton@@@@QAE@XZ 00C577D0 f i nal_init.o
877	PORTED	0002:00468300 ?Find@?$tlInstanceBankResourceDirectory@VnalBaseSkeleton@@@@UAEPAVnalBaseSkeleton@@ABVtlFixedString@@@Z 00C57800 f i nal_init.o
878	VERIFIED	0002:00468310 ?Find@?$tlSkipList@VnalBaseSkeleton@@VtlFixedString@@@@QAEPAVnalBaseSkeleton@@ABVtlFixedString@@@Z 00C57810 f i nal_init.o
879	PORTED	0002:004683d0 ?Del@?$tlInstanceBankResourceDirectory@VnalBaseSkeleton@@@@UAE_NQAVnalBaseSkeleton@@@Z 00C578D0 f i nal_init.o
880	PORTED	0002:004683e0 ?Enumerate@?$tlInstanceBankResourceDirectory@VnalBaseSkeleton@@@@UAEPAVIterator@?$tlResourceDirectory@VnalBaseSkeleton@@@@XZ 00C578E0 f i nal_init.o
881	PORTED	0002:00468420 ?reset@SkipListIterator@?$tlInstanceBankResourceDirectory@VnalBaseSkeleton@@@@UAEXXZ 00C57920 f i nal_init.o
882	PORTED	0002:00468440 ??RSkipListIterator@?$tlInstanceBankResourceDirectory@VnalBaseSkeleton@@@@UBE_NXZ 00C57940 f i nal_init.o
883	PORTED	0002:00468450 ??ESkipListIterator@?$tlInstanceBankResourceDirectory@VnalBaseSkeleton@@@@UAEXXZ 00C57950 f i nal_init.o
884	PORTED	0002:00468460 ??DSkipListIterator@?$tlInstanceBankResourceDirectory@VnalBaseSkeleton@@@@UBEPAVnalBaseSkeleton@@XZ 00C57960 f i nal_init.o
885	SKIPPED	0002:00468470 ??_ESkipListIterator@?$tlInstanceBankResourceDirectory@VnalBaseSkeleton@@@@UAEPAXI@Z 00C57970 f i nal_init.o  SKIPPED: compiler-generated deleting destructor; supplied by the compiler
886	SKIPPED	0002:00468470 ??_GSkipListIterator@?$tlInstanceBankResourceDirectory@VnalBaseSkeleton@@@@UAEPAXI@Z 00C57970 f i nal_init.o  SKIPPED: compiler-generated deleting destructor; supplied by the compiler
887	SKIPPED	0002:004684a0 ??_GIterator@?$tlResourceDirectory@VnalBaseSkeleton@@@@UAEPAXI@Z 00C579A0 f i nal_init.o  SKIPPED: compiler-generated deleting destructor; supplied by the compiler
888	SKIPPED	0002:004684a0 ??_EIterator@?$tlResourceDirectory@VnalBaseSkeleton@@@@UAEPAXI@Z 00C579A0 f i nal_init.o  SKIPPED: compiler-generated deleting destructor; supplied by the compiler
889	PORTED	0002:004684d0 ?Add@?$tlInstanceBankResourceDirectory@VnalBaseSkeleton@@@@UAEPAVnalBaseSkeleton@@PAV2@@Z 00C579D0 f i nal_init.o
890	VERIFIED	0002:004684e0 ?Add@?$tlSkipList@VnalBaseSkeleton@@VtlFixedString@@@@QAEPAVnalBaseSkeleton@@PAV2@@Z 00C579E0 f i nal_init.o
891	VERIFIED	0002:00468600 ?Init@?$tlSkipList@VnalBaseSkeleton@@VtlFixedString@@@@QAEXXZ 00C57B00 f i nal_init.o
892	SKIPPED	0002:00468640 ??_G?$tlInstanceBankResourceDirectory@VnalAnimFile@@@@UAEPAXI@Z 00C57B40 f i nal_init.o  SKIPPED: compiler-generated deleting destructor; supplied by the compiler
893	SKIPPED	0002:00468640 ??_E?$tlInstanceBankResourceDirectory@VnalAnimFile@@@@UAEPAXI@Z 00C57B40 f i nal_init.o  SKIPPED: compiler-generated deleting destructor; supplied by the compiler
894	SKIPPED	0002:00468670 ??_G?$tlInstanceBankResourceDirectory@V?$nalAnimClass@VnalAnyPose@@@@@@UAEPAXI@Z 00C57B70 f i nal_init.o  SKIPPED: compiler-generated deleting destructor; supplied by the compiler
895	SKIPPED	0002:00468670 ??_E?$tlInstanceBankResourceDirectory@V?$nalAnimClass@VnalAnyPose@@@@@@UAEPAXI@Z 00C57B70 f i nal_init.o  SKIPPED: compiler-generated deleting destructor; supplied by the compiler
896	SKIPPED	0002:004686a0 ??_E?$tlInstanceBankResourceDirectory@VnalSceneAnim@@@@UAEPAXI@Z 00C57BA0 f i nal_init.o  SKIPPED: compiler-generated deleting destructor; supplied by the compiler
897	SKIPPED	0002:004686a0 ??_G?$tlInstanceBankResourceDirectory@VnalSceneAnim@@@@UAEPAXI@Z 00C57BA0 f i nal_init.o  SKIPPED: compiler-generated deleting destructor; supplied by the compiler
898	SKIPPED	0002:004686d0 ??_E?$tlInstanceBankResourceDirectory@VnalBaseSkeleton@@@@UAEPAXI@Z 00C57BD0 f i nal_init.o  SKIPPED: compiler-generated deleting destructor; supplied by the compiler
899	SKIPPED	0002:004686d0 ??_G?$tlInstanceBankResourceDirectory@VnalBaseSkeleton@@@@UAEPAXI@Z 00C57BD0 f i nal_init.o  SKIPPED: compiler-generated deleting destructor; supplied by the compiler
