object	checklist_file	inventory_file	plan_file	manifest_rows	verified	port_status_only	external	in_progress	unresolved_engine	untracked
87cdisp.obj	analysis/87cdisp_obj_checklist.tsv	analysis/87cdisp_obj_inventory.tsv	analysis/87cdisp_obj_plan.tsv	5	0	0	5	0	0	0
87ctran.obj	analysis/87ctran_obj_checklist.tsv	analysis/87ctran_obj_inventory.tsv	analysis/87ctran_obj_plan.tsv	4	0	0	4	0	0	0
87ctrigh.obj	analysis/87ctrigh_obj_checklist.tsv	analysis/87ctrigh_obj_inventory.tsv	analysis/87ctrigh_obj_plan.tsv	6	0	0	6	0	0	0
87disp.obj	analysis/87disp_obj_checklist.tsv	analysis/87disp_obj_inventory.tsv	analysis/87disp_obj_plan.tsv	2	0	0	2	0	0	0
87except.obj	analysis/87except_obj_checklist.tsv	analysis/87except_obj_inventory.tsv	analysis/87except_obj_plan.tsv	1	0	0	1	0	0	0
87fmod.obj	analysis/87fmod_obj_checklist.tsv	analysis/87fmod_obj_inventory.tsv	analysis/87fmod_obj_plan.tsv	2	0	0	2	0	0	0
AeAssert.o	analysis/AeAssert_o_checklist.tsv	analysis/AeAssert_o_inventory.tsv	analysis/AeAssert_o_plan.tsv	12	8	4	0	0	0	0
AeHash.o	analysis/AeHash_o_checklist.tsv	analysis/AeHash_o_inventory.tsv	analysis/AeHash_o_plan.tsv	1	1	0	0	0	0	0
Broc.o	analysis/Broc_o_checklist.tsv	analysis/Broc_o_inventory.tsv	analysis/Broc_o_plan.tsv	161	95	66	0	0	0	0
ByteOrder.obj	analysis/ByteOrder_obj_checklist.tsv	analysis/ByteOrder_obj_inventory.tsv	analysis/ByteOrder_obj_plan.tsv	5	0	0	5	0	0	0
ByteOrderIO.obj	analysis/ByteOrderIO_obj_checklist.tsv	analysis/ByteOrderIO_obj_inventory.tsv	analysis/ByteOrderIO_obj_plan.tsv	14	0	0	14	0	0	0
CallFunctor.o	analysis/CallFunctor_o_checklist.tsv	analysis/CallFunctor_o_inventory.tsv	analysis/CallFunctor_o_plan.tsv	1	1	0	0	0	0	0
CircularBuffer.obj	analysis/CircularBuffer_obj_checklist.tsv	analysis/CircularBuffer_obj_inventory.tsv	analysis/CircularBuffer_obj_plan.tsv	6	0	0	6	0	0	0
FNXSDet.obj	analysis/FNXSDet_obj_checklist.tsv	analysis/FNXSDet_obj_inventory.tsv	analysis/FNXSDet_obj_plan.tsv	10	0	0	10	0	0	0
InplaceFileBuilder.o	analysis/InplaceFileBuilder_o_checklist.tsv	analysis/InplaceFileBuilder_o_inventory.tsv	analysis/InplaceFileBuilder_o_plan.tsv	1	1	0	0	0	0	0
InplaceTree.o	analysis/InplaceTree_o_checklist.tsv	analysis/InplaceTree_o_inventory.tsv	analysis/InplaceTree_o_plan.tsv	1	1	0	0	0	0	0
MemoryUnit.o	analysis/MemoryUnit_o_checklist.tsv	analysis/MemoryUnit_o_inventory.tsv	analysis/MemoryUnit_o_plan.tsv	35	23	12	0	0	0	0
PoolAllocator.o	analysis/PoolAllocator_o_checklist.tsv	analysis/PoolAllocator_o_inventory.tsv	analysis/PoolAllocator_o_plan.tsv	64	17	47	0	0	0	0
PtrFixupTable.o	analysis/PtrFixupTable_o_checklist.tsv	analysis/PtrFixupTable_o_inventory.tsv	analysis/PtrFixupTable_o_plan.tsv	2	2	0	0	0	0	0
SearchGraph.obj	analysis/SearchGraph_obj_checklist.tsv	analysis/SearchGraph_obj_inventory.tsv	analysis/SearchGraph_obj_plan.tsv	18	0	0	18	0	0	0
ShaderCommon.o	analysis/ShaderCommon_o_checklist.tsv	analysis/ShaderCommon_o_inventory.tsv	analysis/ShaderCommon_o_plan.tsv	33	18	15	0	0	0	0
UnpackVoice.obj	analysis/UnpackVoice_obj_checklist.tsv	analysis/UnpackVoice_obj_inventory.tsv	analysis/UnpackVoice_obj_plan.tsv	9	0	0	9	0	0	0
XVoiceCmdsLib.obj	analysis/XVoiceCmdsLib_obj_checklist.tsv	analysis/XVoiceCmdsLib_obj_inventory.tsv	analysis/XVoiceCmdsLib_obj_plan.tsv	5	0	0	5	0	0	0
XboxMemoryUnit.o	analysis/XboxMemoryUnit_o_checklist.tsv	analysis/XboxMemoryUnit_o_inventory.tsv	analysis/XboxMemoryUnit_o_plan.tsv	46	28	18	0	0	0	0
_ctype.obj	analysis/_ctype_obj_checklist.tsv	analysis/_ctype_obj_inventory.tsv	analysis/_ctype_obj_plan.tsv	15	0	0	15	0	0	0
_filbuf.obj	analysis/_filbuf_obj_checklist.tsv	analysis/_filbuf_obj_inventory.tsv	analysis/_filbuf_obj_plan.tsv	1	0	0	1	0	0	0
_file.obj	analysis/_file_obj_checklist.tsv	analysis/_file_obj_inventory.tsv	analysis/_file_obj_plan.tsv	7	0	0	7	0	0	0
_flsbuf.obj	analysis/_flsbuf_obj_checklist.tsv	analysis/_flsbuf_obj_inventory.tsv	analysis/_flsbuf_obj_plan.tsv	1	0	0	1	0	0	0
_flswbuf.obj	analysis/_flswbuf_obj_checklist.tsv	analysis/_flswbuf_obj_inventory.tsv	analysis/_flswbuf_obj_plan.tsv	1	0	0	1	0	0	0
_fptostr.obj	analysis/_fptostr_obj_checklist.tsv	analysis/_fptostr_obj_inventory.tsv	analysis/_fptostr_obj_plan.tsv	1	0	0	1	0	0	0
_freebuf.obj	analysis/_freebuf_obj_checklist.tsv	analysis/_freebuf_obj_inventory.tsv	analysis/_freebuf_obj_plan.tsv	1	0	0	1	0	0	0
_getbuf.obj	analysis/_getbuf_obj_checklist.tsv	analysis/_getbuf_obj_inventory.tsv	analysis/_getbuf_obj_plan.tsv	1	0	0	1	0	0	0
_open.obj	analysis/_open_obj_checklist.tsv	analysis/_open_obj_inventory.tsv	analysis/_open_obj_plan.tsv	1	0	0	1	0	0	0
_sftbuf.obj	analysis/_sftbuf_obj_checklist.tsv	analysis/_sftbuf_obj_inventory.tsv	analysis/_sftbuf_obj_plan.tsv	2	0	0	2	0	0	0
_stricmp.obj	analysis/_stricmp_obj_checklist.tsv	analysis/_stricmp_obj_inventory.tsv	analysis/_stricmp_obj_plan.tsv	1	0	0	1	0	0	0
_strnicm.obj	analysis/_strnicm_obj_checklist.tsv	analysis/_strnicm_obj_inventory.tsv	analysis/_strnicm_obj_plan.tsv	1	0	0	1	0	0	0
abort.obj	analysis/abort_obj_checklist.tsv	analysis/abort_obj_inventory.tsv	analysis/abort_obj_plan.tsv	1	0	0	1	0	0	0
abs.obj	analysis/abs_obj_checklist.tsv	analysis/abs_obj_inventory.tsv	analysis/abs_obj_plan.tsv	2	0	0	2	0	0	0
ac97.obj	analysis/ac97_obj_checklist.tsv	analysis/ac97_obj_inventory.tsv	analysis/ac97_obj_plan.tsv	55	0	0	55	0	0	0
ac97xmo.obj	analysis/ac97xmo_obj_checklist.tsv	analysis/ac97xmo_obj_inventory.tsv	analysis/ac97xmo_obj_plan.tsv	31	0	0	31	0	0	0
accounts.obj	analysis/accounts_obj_checklist.tsv	analysis/accounts_obj_inventory.tsv	analysis/accounts_obj_plan.tsv	42	0	0	42	0	0	0
acos.obj	analysis/acos_obj_checklist.tsv	analysis/acos_obj_inventory.tsv	analysis/acos_obj_plan.tsv	1	0	0	1	0	0	0
adler32.o	analysis/adler32_o_checklist.tsv	analysis/adler32_o_inventory.tsv	analysis/adler32_o_plan.tsv	2	2	0	0	0	0	0
advnotif.obj	analysis/advnotif_obj_checklist.tsv	analysis/advnotif_obj_inventory.tsv	analysis/advnotif_obj_plan.tsv	21	0	0	21	0	0	0
ae_controller.o	analysis/ae_controller_o_checklist.tsv	analysis/ae_controller_o_inventory.tsv	analysis/ae_controller_o_plan.tsv	2	2	0	0	0	0	0
ae_fixed_string.o	analysis/ae_fixed_string_o_checklist.tsv	analysis/ae_fixed_string_o_inventory.tsv	analysis/ae_fixed_string_o_plan.tsv	9	9	0	0	0	0	0
ae_heap.o	analysis/ae_heap_o_checklist.tsv	analysis/ae_heap_o_inventory.tsv	analysis/ae_heap_o_plan.tsv	12	8	4	0	0	0	0
afmv_dx_idct.o	analysis/afmv_dx_idct_o_checklist.tsv	analysis/afmv_dx_idct_o_inventory.tsv	analysis/afmv_dx_idct_o_plan.tsv	3	3	0	0	0	0	0
afmv_dx_rgb.o	analysis/afmv_dx_rgb_o_checklist.tsv	analysis/afmv_dx_rgb_o_inventory.tsv	analysis/afmv_dx_rgb_o_plan.tsv	2	2	0	0	0	0	0
allocate.obj	analysis/allocate_obj_checklist.tsv	analysis/allocate_obj_inventory.tsv	analysis/allocate_obj_plan.tsv	18	0	0	18	0	0	0
anim.o	analysis/anim_o_checklist.tsv	analysis/anim_o_inventory.tsv	analysis/anim_o_plan.tsv	741	728	13	0	0	0	0
api.obj	analysis/api_obj_checklist.tsv	analysis/api_obj_inventory.tsv	analysis/api_obj_plan.tsv	259	0	0	259	0	0	0
apk.o	analysis/apk_o_checklist.tsv	analysis/apk_o_inventory.tsv	analysis/apk_o_plan.tsv	24	23	1	0	0	0	0
apsAction.o	analysis/apsAction_o_checklist.tsv	analysis/apsAction_o_inventory.tsv	analysis/apsAction_o_plan.tsv	19	11	8	0	0	0	0
apsActionList.o	analysis/apsActionList_o_checklist.tsv	analysis/apsActionList_o_inventory.tsv	analysis/apsActionList_o_plan.tsv	26	15	11	0	0	0	0
apsBillboardNode.o	analysis/apsBillboardNode_o_checklist.tsv	analysis/apsBillboardNode_o_inventory.tsv	analysis/apsBillboardNode_o_plan.tsv	33	2	31	0	0	0	0
apsBillboardRenderer.o	analysis/apsBillboardRenderer_o_checklist.tsv	analysis/apsBillboardRenderer_o_inventory.tsv	analysis/apsBillboardRenderer_o_plan.tsv	12	4	8	0	0	0	0
apsColorBillboardNode.o	analysis/apsColorBillboardNode_o_checklist.tsv	analysis/apsColorBillboardNode_o_inventory.tsv	analysis/apsColorBillboardNode_o_plan.tsv	16	2	14	0	0	0	0
apsColorBillboardRenderer.o	analysis/apsColorBillboardRenderer_o_checklist.tsv	analysis/apsColorBillboardRenderer_o_inventory.tsv	analysis/apsColorBillboardRenderer_o_plan.tsv	11	3	8	0	0	0	0
apsColorRectangleNode.o	analysis/apsColorRectangleNode_o_checklist.tsv	analysis/apsColorRectangleNode_o_inventory.tsv	analysis/apsColorRectangleNode_o_plan.tsv	16	2	14	0	0	0	0
apsColorRectangleRenderer.o	analysis/apsColorRectangleRenderer_o_checklist.tsv	analysis/apsColorRectangleRenderer_o_inventory.tsv	analysis/apsColorRectangleRenderer_o_plan.tsv	21	8	13	0	0	0	0
apsColorUVANode.o	analysis/apsColorUVANode_o_checklist.tsv	analysis/apsColorUVANode_o_inventory.tsv	analysis/apsColorUVANode_o_plan.tsv	16	2	14	0	0	0	0
apsColorUVARectangleNode.o	analysis/apsColorUVARectangleNode_o_checklist.tsv	analysis/apsColorUVARectangleNode_o_inventory.tsv	analysis/apsColorUVARectangleNode_o_plan.tsv	16	2	14	0	0	0	0
apsColorUVARectangleRenderer.o	analysis/apsColorUVARectangleRenderer_o_checklist.tsv	analysis/apsColorUVARectangleRenderer_o_inventory.tsv	analysis/apsColorUVARectangleRenderer_o_plan.tsv	19	4	15	0	0	0	0
apsColorUVARenderer.o	analysis/apsColorUVARenderer_o_checklist.tsv	analysis/apsColorUVARenderer_o_inventory.tsv	analysis/apsColorUVARenderer_o_plan.tsv	11	3	8	0	0	0	0
apsCommon.o	analysis/apsCommon_o_checklist.tsv	analysis/apsCommon_o_inventory.tsv	analysis/apsCommon_o_plan.tsv	48	34	14	0	0	0	0
apsDebug.o	analysis/apsDebug_o_checklist.tsv	analysis/apsDebug_o_inventory.tsv	analysis/apsDebug_o_plan.tsv	3	2	1	0	0	0	0
apsEffect.o	analysis/apsEffect_o_checklist.tsv	analysis/apsEffect_o_inventory.tsv	analysis/apsEffect_o_plan.tsv	145	57	88	0	0	0	0
apsEffectTemplate.o	analysis/apsEffectTemplate_o_checklist.tsv	analysis/apsEffectTemplate_o_inventory.tsv	analysis/apsEffectTemplate_o_plan.tsv	69	48	21	0	0	0	0
apsError.o	analysis/apsError_o_checklist.tsv	analysis/apsError_o_inventory.tsv	analysis/apsError_o_plan.tsv	8	8	0	0	0	0	0
apsGroup.o	analysis/apsGroup_o_checklist.tsv	analysis/apsGroup_o_inventory.tsv	analysis/apsGroup_o_plan.tsv	42	30	12	0	0	0	0
apsGroupMgr.o	analysis/apsGroupMgr_o_checklist.tsv	analysis/apsGroupMgr_o_inventory.tsv	analysis/apsGroupMgr_o_plan.tsv	35	22	13	0	0	0	0
apsInternal.o	analysis/apsInternal_o_checklist.tsv	analysis/apsInternal_o_inventory.tsv	analysis/apsInternal_o_plan.tsv	25	20	5	0	0	0	0
apsMath.o	analysis/apsMath_o_checklist.tsv	analysis/apsMath_o_inventory.tsv	analysis/apsMath_o_plan.tsv	21	21	0	0	0	0	0
apsMemory.o	analysis/apsMemory_o_checklist.tsv	analysis/apsMemory_o_inventory.tsv	analysis/apsMemory_o_plan.tsv	94	84	10	0	0	0	0
apsPFD.o	analysis/apsPFD_o_checklist.tsv	analysis/apsPFD_o_inventory.tsv	analysis/apsPFD_o_plan.tsv	4	3	1	0	0	0	0
apsRectangleNode.o	analysis/apsRectangleNode_o_checklist.tsv	analysis/apsRectangleNode_o_inventory.tsv	analysis/apsRectangleNode_o_plan.tsv	16	4	12	0	0	0	0
apsRectangleRenderer.o	analysis/apsRectangleRenderer_o_checklist.tsv	analysis/apsRectangleRenderer_o_inventory.tsv	analysis/apsRectangleRenderer_o_plan.tsv	11	10	1	0	0	0	0
apsRegister.o	analysis/apsRegister_o_checklist.tsv	analysis/apsRegister_o_inventory.tsv	analysis/apsRegister_o_plan.tsv	515	466	49	0	0	0	0
apsRenderer.o	analysis/apsRenderer_o_checklist.tsv	analysis/apsRenderer_o_inventory.tsv	analysis/apsRenderer_o_plan.tsv	3	3	0	0	0	0	0
apsShrimpNode.o	analysis/apsShrimpNode_o_checklist.tsv	analysis/apsShrimpNode_o_inventory.tsv	analysis/apsShrimpNode_o_plan.tsv	24	4	20	0	0	0	0
apsShrimpRenderer.o	analysis/apsShrimpRenderer_o_checklist.tsv	analysis/apsShrimpRenderer_o_inventory.tsv	analysis/apsShrimpRenderer_o_plan.tsv	14	4	10	0	0	0	0
apsSimpleMeshNode.o	analysis/apsSimpleMeshNode_o_checklist.tsv	analysis/apsSimpleMeshNode_o_inventory.tsv	analysis/apsSimpleMeshNode_o_plan.tsv	10	10	0	0	0	0	0
apsSimpleMeshRenderer.o	analysis/apsSimpleMeshRenderer_o_checklist.tsv	analysis/apsSimpleMeshRenderer_o_inventory.tsv	analysis/apsSimpleMeshRenderer_o_plan.tsv	30	15	15	0	0	0	0
apsSuppliedActions.o	analysis/apsSuppliedActions_o_checklist.tsv	analysis/apsSuppliedActions_o_inventory.tsv	analysis/apsSuppliedActions_o_plan.tsv	125	53	72	0	0	0	0
apsSuppliedDomains.o	analysis/apsSuppliedDomains_o_checklist.tsv	analysis/apsSuppliedDomains_o_inventory.tsv	analysis/apsSuppliedDomains_o_plan.tsv	27	27	0	0	0	0	0
apsUVANode.o	analysis/apsUVANode_o_checklist.tsv	analysis/apsUVANode_o_inventory.tsv	analysis/apsUVANode_o_plan.tsv	21	2	19	0	0	0	0
apsUVARectangleNode.o	analysis/apsUVARectangleNode_o_checklist.tsv	analysis/apsUVARectangleNode_o_inventory.tsv	analysis/apsUVARectangleNode_o_plan.tsv	16	2	14	0	0	0	0
apsUVARectangleRenderer.o	analysis/apsUVARectangleRenderer_o_checklist.tsv	analysis/apsUVARectangleRenderer_o_inventory.tsv	analysis/apsUVARectangleRenderer_o_plan.tsv	11	3	8	0	0	0	0
apsUVARenderer.o	analysis/apsUVARenderer_o_checklist.tsv	analysis/apsUVARenderer_o_inventory.tsv	analysis/apsUVARenderer_o_plan.tsv	7	2	5	0	0	0	0
apsVFC.o	analysis/apsVFC_o_checklist.tsv	analysis/apsVFC_o_inventory.tsv	analysis/apsVFC_o_plan.tsv	3	3	0	0	0	0	0
apsVertexBuffer.o	analysis/apsVertexBuffer_o_checklist.tsv	analysis/apsVertexBuffer_o_inventory.tsv	analysis/apsVertexBuffer_o_plan.tsv	13	2	11	0	0	0	0
asin.obj	analysis/asin_obj_checklist.tsv	analysis/asin_obj_inventory.tsv	analysis/asin_obj_plan.tsv	1	0	0	1	0	0	0
asktoenv.obj	analysis/asktoenv_obj_checklist.tsv	analysis/asktoenv_obj_inventory.tsv	analysis/asktoenv_obj_plan.tsv	1	0	0	1	0	0	0
assert.obj	analysis/assert_obj_checklist.tsv	analysis/assert_obj_inventory.tsv	analysis/assert_obj_plan.tsv	1	0	0	1	0	0	0
astocs.obj	analysis/astocs_obj_checklist.tsv	analysis/astocs_obj_inventory.tsv	analysis/astocs_obj_plan.tsv	1	0	0	1	0	0	0
atof.obj	analysis/atof_obj_checklist.tsv	analysis/atof_obj_inventory.tsv	analysis/atof_obj_plan.tsv	1	0	0	1	0	0	0
atox.obj	analysis/atox_obj_checklist.tsv	analysis/atox_obj_inventory.tsv	analysis/atox_obj_plan.tsv	3	0	0	3	0	0	0
avgfilter_dual.obj	analysis/avgfilter_dual_obj_checklist.tsv	analysis/avgfilter_dual_obj_inventory.tsv	analysis/avgfilter_dual_obj_plan.tsv	6	0	0	6	0	0	0
bandexpd.obj	analysis/bandexpd_obj_checklist.tsv	analysis/bandexpd_obj_inventory.tsv	analysis/bandexpd_obj_plan.tsv	1	0	0	1	0	0	0
base.obj	analysis/base_obj_checklist.tsv	analysis/base_obj_inventory.tsv	analysis/base_obj_plan.tsv	86	0	0	86	0	0	0
baseio.obj	analysis/baseio_obj_checklist.tsv	analysis/baseio_obj_inventory.tsv	analysis/baseio_obj_plan.tsv	23	0	0	23	0	0	0
bdAddr.obj	analysis/bdAddr_obj_checklist.tsv	analysis/bdAddr_obj_inventory.tsv	analysis/bdAddr_obj_plan.tsv	19	10	9	0	0	0	0
bdAddressMap-xbox.obj	analysis/bdAddressMap-xbox_obj_checklist.tsv	analysis/bdAddressMap-xbox_obj_inventory.tsv	analysis/bdAddressMap-xbox_obj_plan.tsv	7	4	3	0	0	0	0
bdAlignedOffsetMemory.obj	analysis/bdAlignedOffsetMemory_obj_checklist.tsv	analysis/bdAlignedOffsetMemory_obj_inventory.tsv	analysis/bdAlignedOffsetMemory_obj_plan.tsv	4	3	1	0	0	0	0
bdBitBuffer.obj	analysis/bdBitBuffer_obj_checklist.tsv	analysis/bdBitBuffer_obj_inventory.tsv	analysis/bdBitBuffer_obj_plan.tsv	41	20	21	0	0	0	0
bdBitOperations.obj	analysis/bdBitOperations_obj_checklist.tsv	analysis/bdBitOperations_obj_inventory.tsv	analysis/bdBitOperations_obj_plan.tsv	4	0	4	0	0	0	0
bdByteBuffer.obj	analysis/bdByteBuffer_obj_checklist.tsv	analysis/bdByteBuffer_obj_inventory.tsv	analysis/bdByteBuffer_obj_plan.tsv	5	4	1	0	0	0	0
bdBytePacker.obj	analysis/bdBytePacker_obj_checklist.tsv	analysis/bdBytePacker_obj_inventory.tsv	analysis/bdBytePacker_obj_plan.tsv	11	0	11	0	0	0	0
bdChunk.obj	analysis/bdChunk_obj_checklist.tsv	analysis/bdChunk_obj_inventory.tsv	analysis/bdChunk_obj_plan.tsv	9	7	2	0	0	0	0
bdCommonAddr-xbox.obj	analysis/bdCommonAddr-xbox_obj_checklist.tsv	analysis/bdCommonAddr-xbox_obj_inventory.tsv	analysis/bdCommonAddr-xbox_obj_plan.tsv	28	9	19	0	0	0	0
bdConnection.obj	analysis/bdConnection_obj_checklist.tsv	analysis/bdConnection_obj_inventory.tsv	analysis/bdConnection_obj_plan.tsv	35	16	19	0	0	0	0
bdConnectionListener.obj	analysis/bdConnectionListener_obj_checklist.tsv	analysis/bdConnectionListener_obj_inventory.tsv	analysis/bdConnectionListener_obj_plan.tsv	5	1	4	0	0	0	0
bdConnectionStatistics.obj	analysis/bdConnectionStatistics_obj_checklist.tsv	analysis/bdConnectionStatistics_obj_inventory.tsv	analysis/bdConnectionStatistics_obj_plan.tsv	16	9	7	0	0	0	0
bdConnectionStore.obj	analysis/bdConnectionStore_obj_checklist.tsv	analysis/bdConnectionStore_obj_inventory.tsv	analysis/bdConnectionStore_obj_plan.tsv	87	20	67	0	0	0	0
bdCookie.obj	analysis/bdCookie_obj_checklist.tsv	analysis/bdCookie_obj_inventory.tsv	analysis/bdCookie_obj_plan.tsv	12	11	1	0	0	0	0
bdCookieAckChunk.obj	analysis/bdCookieAckChunk_obj_checklist.tsv	analysis/bdCookieAckChunk_obj_inventory.tsv	analysis/bdCookieAckChunk_obj_plan.tsv	8	6	2	0	0	0	0
bdCookieEchoChunk.obj	analysis/bdCookieEchoChunk_obj_checklist.tsv	analysis/bdCookieEchoChunk_obj_inventory.tsv	analysis/bdCookieEchoChunk_obj_plan.tsv	14	6	8	0	0	0	0
bdCore.obj	analysis/bdCore_obj_checklist.tsv	analysis/bdCore_obj_inventory.tsv	analysis/bdCore_obj_plan.tsv	12	9	3	0	0	0	0
bdDataChunk.obj	analysis/bdDataChunk_obj_checklist.tsv	analysis/bdDataChunk_obj_inventory.tsv	analysis/bdDataChunk_obj_plan.tsv	20	12	8	0	0	0	0
bdDiscoveryClient.obj	analysis/bdDiscoveryClient_obj_checklist.tsv	analysis/bdDiscoveryClient_obj_inventory.tsv	analysis/bdDiscoveryClient_obj_plan.tsv	35	15	20	0	0	0	0
bdDiscoveryListener.obj	analysis/bdDiscoveryListener_obj_checklist.tsv	analysis/bdDiscoveryListener_obj_inventory.tsv	analysis/bdDiscoveryListener_obj_plan.tsv	7	6	1	0	0	0	0
bdDiscoveryServer.obj	analysis/bdDiscoveryServer_obj_checklist.tsv	analysis/bdDiscoveryServer_obj_inventory.tsv	analysis/bdDiscoveryServer_obj_plan.tsv	9	7	2	0	0	0	0
bdDispatchInterceptor.obj	analysis/bdDispatchInterceptor_obj_checklist.tsv	analysis/bdDispatchInterceptor_obj_inventory.tsv	analysis/bdDispatchInterceptor_obj_plan.tsv	4	4	0	0	0	0	0
bdDispatcher.obj	analysis/bdDispatcher_obj_checklist.tsv	analysis/bdDispatcher_obj_inventory.tsv	analysis/bdDispatcher_obj_plan.tsv	17	6	11	0	0	0	0
bdGameInfo.obj	analysis/bdGameInfo_obj_checklist.tsv	analysis/bdGameInfo_obj_inventory.tsv	analysis/bdGameInfo_obj_plan.tsv	19	11	8	0	0	0	0
bdGameInfoFactory.obj	analysis/bdGameInfoFactory_obj_checklist.tsv	analysis/bdGameInfoFactory_obj_inventory.tsv	analysis/bdGameInfoFactory_obj_plan.tsv	6	1	5	0	0	0	0
bdHMac.obj	analysis/bdHMac_obj_checklist.tsv	analysis/bdHMac_obj_inventory.tsv	analysis/bdHMac_obj_plan.tsv	1	0	1	0	0	0	0
bdHMacSHA1.obj	analysis/bdHMacSHA1_obj_checklist.tsv	analysis/bdHMacSHA1_obj_inventory.tsv	analysis/bdHMacSHA1_obj_plan.tsv	9	0	9	0	0	0	0
bdHeartbeatAckChunk.obj	analysis/bdHeartbeatAckChunk_obj_checklist.tsv	analysis/bdHeartbeatAckChunk_obj_inventory.tsv	analysis/bdHeartbeatAckChunk_obj_plan.tsv	8	6	2	0	0	0	0
bdHeartbeatChunk.obj	analysis/bdHeartbeatChunk_obj_checklist.tsv	analysis/bdHeartbeatChunk_obj_inventory.tsv	analysis/bdHeartbeatChunk_obj_plan.tsv	8	6	2	0	0	0	0
bdInAddr.obj	analysis/bdInAddr_obj_checklist.tsv	analysis/bdInAddr_obj_inventory.tsv	analysis/bdInAddr_obj_plan.tsv	5	1	4	0	0	0	0
bdInetAddr.obj	analysis/bdInetAddr_obj_checklist.tsv	analysis/bdInetAddr_obj_inventory.tsv	analysis/bdInetAddr_obj_plan.tsv	25	16	9	0	0	0	0
bdInitAckChunk.obj	analysis/bdInitAckChunk_obj_checklist.tsv	analysis/bdInitAckChunk_obj_inventory.tsv	analysis/bdInitAckChunk_obj_plan.tsv	15	9	6	0	0	0	0
bdInitChunk.obj	analysis/bdInitChunk_obj_checklist.tsv	analysis/bdInitChunk_obj_inventory.tsv	analysis/bdInitChunk_obj_plan.tsv	11	10	1	0	0	0	0
bdLog.obj	analysis/bdLog_obj_checklist.tsv	analysis/bdLog_obj_inventory.tsv	analysis/bdLog_obj_plan.tsv	15	1	14	0	0	0	0
bdLogChannel.obj	analysis/bdLogChannel_obj_checklist.tsv	analysis/bdLogChannel_obj_inventory.tsv	analysis/bdLogChannel_obj_plan.tsv	48	1	47	0	0	0	0
bdLogSubscriber.obj	analysis/bdLogSubscriber_obj_checklist.tsv	analysis/bdLogSubscriber_obj_inventory.tsv	analysis/bdLogSubscriber_obj_plan.tsv	5	4	1	0	0	0	0
bdLoopbackConnection.obj	analysis/bdLoopbackConnection_obj_checklist.tsv	analysis/bdLoopbackConnection_obj_inventory.tsv	analysis/bdLoopbackConnection_obj_plan.tsv	37	18	19	0	0	0	0
bdMallocMemory.obj	analysis/bdMallocMemory_obj_checklist.tsv	analysis/bdMallocMemory_obj_inventory.tsv	analysis/bdMallocMemory_obj_plan.tsv	6	3	3	0	0	0	0
bdMemory.obj	analysis/bdMemory_obj_checklist.tsv	analysis/bdMemory_obj_inventory.tsv	analysis/bdMemory_obj_plan.tsv	23	0	23	0	0	0	0
bdMessage.obj	analysis/bdMessage_obj_checklist.tsv	analysis/bdMessage_obj_inventory.tsv	analysis/bdMessage_obj_plan.tsv	25	12	13	0	0	0	0
bdMutex.obj	analysis/bdMutex_obj_checklist.tsv	analysis/bdMutex_obj_inventory.tsv	analysis/bdMutex_obj_plan.tsv	4	4	0	0	0	0	0
bdNet-xbox.obj	analysis/bdNet-xbox_obj_checklist.tsv	analysis/bdNet-xbox_obj_inventory.tsv	analysis/bdNet-xbox_obj_plan.tsv	49	12	37	0	0	0	0
bdPacket.obj	analysis/bdPacket_obj_checklist.tsv	analysis/bdPacket_obj_inventory.tsv	analysis/bdPacket_obj_plan.tsv	32	9	23	0	0	0	0
bdPlatformMutex-xbox.obj	analysis/bdPlatformMutex-xbox_obj_checklist.tsv	analysis/bdPlatformMutex-xbox_obj_inventory.tsv	analysis/bdPlatformMutex-xbox_obj_plan.tsv	4	0	4	0	0	0	0
bdPlatformSocket-win32.obj	analysis/bdPlatformSocket-win32_obj_checklist.tsv	analysis/bdPlatformSocket-win32_obj_inventory.tsv	analysis/bdPlatformSocket-win32_obj_plan.tsv	8	4	4	0	0	0	0
bdPlatformSocket.obj	analysis/bdPlatformSocket_obj_checklist.tsv	analysis/bdPlatformSocket_obj_inventory.tsv	analysis/bdPlatformSocket_obj_plan.tsv	5	4	1	0	0	0	0
bdPlatformTiming-xbox.obj	analysis/bdPlatformTiming-xbox_obj_checklist.tsv	analysis/bdPlatformTiming-xbox_obj_inventory.tsv	analysis/bdPlatformTiming-xbox_obj_plan.tsv	5	5	0	0	0	0	0
bdPlatformTrulyRandom-xbox.obj	analysis/bdPlatformTrulyRandom-xbox_obj_checklist.tsv	analysis/bdPlatformTrulyRandom-xbox_obj_inventory.tsv	analysis/bdPlatformTrulyRandom-xbox_obj_plan.tsv	1	0	1	0	0	0	0
bdQoSProbe-xbox.obj	analysis/bdQoSProbe-xbox_obj_checklist.tsv	analysis/bdQoSProbe-xbox_obj_inventory.tsv	analysis/bdQoSProbe-xbox_obj_plan.tsv	54	13	41	0	0	0	0
bdQoSProbeListener.obj	analysis/bdQoSProbeListener_obj_checklist.tsv	analysis/bdQoSProbeListener_obj_inventory.tsv	analysis/bdQoSProbeListener_obj_plan.tsv	4	4	0	0	0	0	0
bdRandom.obj	analysis/bdRandom_obj_checklist.tsv	analysis/bdRandom_obj_inventory.tsv	analysis/bdRandom_obj_plan.tsv	7	0	7	0	0	0	0
bdReceivedMessage.obj	analysis/bdReceivedMessage_obj_checklist.tsv	analysis/bdReceivedMessage_obj_inventory.tsv	analysis/bdReceivedMessage_obj_plan.tsv	4	3	1	0	0	0	0
bdReferencable.obj	analysis/bdReferencable_obj_checklist.tsv	analysis/bdReferencable_obj_inventory.tsv	analysis/bdReferencable_obj_plan.tsv	1	1	0	0	0	0	0
bdReliableReceiveWindow.obj	analysis/bdReliableReceiveWindow_obj_checklist.tsv	analysis/bdReliableReceiveWindow_obj_inventory.tsv	analysis/bdReliableReceiveWindow_obj_plan.tsv	19	7	12	0	0	0	0
bdReliableSendWindow.obj	analysis/bdReliableSendWindow_obj_checklist.tsv	analysis/bdReliableSendWindow_obj_inventory.tsv	analysis/bdReliableSendWindow_obj_plan.tsv	24	10	14	0	0	0	0
bdSAckChunk.obj	analysis/bdSAckChunk_obj_checklist.tsv	analysis/bdSAckChunk_obj_inventory.tsv	analysis/bdSAckChunk_obj_plan.tsv	26	11	15	0	0	0	0
bdSecurityKey-xbox.obj	analysis/bdSecurityKey-xbox_obj_checklist.tsv	analysis/bdSecurityKey-xbox_obj_inventory.tsv	analysis/bdSecurityKey-xbox_obj_plan.tsv	6	6	0	0	0	0	0
bdSequenceNumber.obj	analysis/bdSequenceNumber_obj_checklist.tsv	analysis/bdSequenceNumber_obj_inventory.tsv	analysis/bdSequenceNumber_obj_plan.tsv	14	14	0	0	0	0	0
bdSession.obj	analysis/bdSession_obj_checklist.tsv	analysis/bdSession_obj_inventory.tsv	analysis/bdSession_obj_plan.tsv	169	51	118	0	0	0	0
bdSessionHandler.obj	analysis/bdSessionHandler_obj_checklist.tsv	analysis/bdSessionHandler_obj_inventory.tsv	analysis/bdSessionHandler_obj_plan.tsv	5	5	0	0	0	0	0
bdSessionInfo.obj	analysis/bdSessionInfo_obj_checklist.tsv	analysis/bdSessionInfo_obj_inventory.tsv	analysis/bdSessionInfo_obj_plan.tsv	3	0	3	0	0	0	0
bdSessionInterceptor.obj	analysis/bdSessionInterceptor_obj_checklist.tsv	analysis/bdSessionInterceptor_obj_inventory.tsv	analysis/bdSessionInterceptor_obj_plan.tsv	4	4	0	0	0	0	0
bdSessionListener.obj	analysis/bdSessionListener_obj_checklist.tsv	analysis/bdSessionListener_obj_inventory.tsv	analysis/bdSessionListener_obj_plan.tsv	12	9	3	0	0	0	0
bdShortTimer.obj	analysis/bdShortTimer_obj_checklist.tsv	analysis/bdShortTimer_obj_inventory.tsv	analysis/bdShortTimer_obj_plan.tsv	4	4	0	0	0	0	0
bdShutdownAckChunk.obj	analysis/bdShutdownAckChunk_obj_checklist.tsv	analysis/bdShutdownAckChunk_obj_inventory.tsv	analysis/bdShutdownAckChunk_obj_plan.tsv	8	6	2	0	0	0	0
bdShutdownChunk.obj	analysis/bdShutdownChunk_obj_checklist.tsv	analysis/bdShutdownChunk_obj_inventory.tsv	analysis/bdShutdownChunk_obj_plan.tsv	8	6	2	0	0	0	0
bdShutdownCompleteChunk.obj	analysis/bdShutdownCompleteChunk_obj_checklist.tsv	analysis/bdShutdownCompleteChunk_obj_inventory.tsv	analysis/bdShutdownCompleteChunk_obj_plan.tsv	8	6	2	0	0	0	0
bdSocket.obj	analysis/bdSocket_obj_checklist.tsv	analysis/bdSocket_obj_inventory.tsv	analysis/bdSocket_obj_plan.tsv	12	9	3	0	0	0	0
bdSocketRouter-xbox.obj	analysis/bdSocketRouter-xbox_obj_checklist.tsv	analysis/bdSocketRouter-xbox_obj_inventory.tsv	analysis/bdSocketRouter-xbox_obj_plan.tsv	25	13	12	0	0	0	0
bdStopwatch.obj	analysis/bdStopwatch_obj_checklist.tsv	analysis/bdStopwatch_obj_inventory.tsv	analysis/bdStopwatch_obj_plan.tsv	7	6	1	0	0	0	0
bdString.obj	analysis/bdString_obj_checklist.tsv	analysis/bdString_obj_inventory.tsv	analysis/bdString_obj_plan.tsv	30	5	25	0	0	0	0
bdTrulyRandom.obj	analysis/bdTrulyRandom_obj_checklist.tsv	analysis/bdTrulyRandom_obj_inventory.tsv	analysis/bdTrulyRandom_obj_plan.tsv	3	1	2	0	0	0	0
bdUnicastConnection.obj	analysis/bdUnicastConnection_obj_checklist.tsv	analysis/bdUnicastConnection_obj_inventory.tsv	analysis/bdUnicastConnection_obj_plan.tsv	152	36	116	0	0	0	0
bdUnreliableReceiveWindow.obj	analysis/bdUnreliableReceiveWindow_obj_checklist.tsv	analysis/bdUnreliableReceiveWindow_obj_inventory.tsv	analysis/bdUnreliableReceiveWindow_obj_plan.tsv	7	6	1	0	0	0	0
bdUnreliableSendWindow.obj	analysis/bdUnreliableSendWindow_obj_checklist.tsv	analysis/bdUnreliableSendWindow_obj_inventory.tsv	analysis/bdUnreliableSendWindow_obj_plan.tsv	32	18	14	0	0	0	0
billing.obj	analysis/billing_obj_checklist.tsv	analysis/billing_obj_inventory.tsv	analysis/billing_obj_plan.tsv	28	0	0	28	0	0	0
bitmap.obj	analysis/bitmap_obj_checklist.tsv	analysis/bitmap_obj_inventory.tsv	analysis/bitmap_obj_plan.tsv	2	0	0	2	0	0	0
bitmapa.obj	analysis/bitmapa_obj_checklist.tsv	analysis/bitmapa_obj_inventory.tsv	analysis/bitmapa_obj_plan.tsv	1	0	0	1	0	0	0
bitpackc.obj	analysis/bitpackc_obj_checklist.tsv	analysis/bitpackc_obj_inventory.tsv	analysis/bitpackc_obj_plan.tsv	2	0	0	2	0	0	0
block.obj	analysis/block_obj_checklist.tsv	analysis/block_obj_inventory.tsv	analysis/block_obj_plan.tsv	19	0	0	19	0	0	0
bootutil.obj	analysis/bootutil_obj_checklist.tsv	analysis/bootutil_obj_inventory.tsv	analysis/bootutil_obj_plan.tsv	11	0	0	11	0	0	0
bsearch.obj	analysis/bsearch_obj_checklist.tsv	analysis/bsearch_obj_inventory.tsv	analysis/bsearch_obj_plan.tsv	1	0	0	1	0	0	0
btheap_dual.obj	analysis/btheap_dual_obj_checklist.tsv	analysis/btheap_dual_obj_inventory.tsv	analysis/btheap_dual_obj_plan.tsv	3	0	0	3	0	0	0
buffer.obj	analysis/buffer_obj_checklist.tsv	analysis/buffer_obj_inventory.tsv	analysis/buffer_obj_plan.tsv	9	0	0	9	0	0	0
calccost.obj	analysis/calccost_obj_checklist.tsv	analysis/calccost_obj_inventory.tsv	analysis/calccost_obj_plan.tsv	2	0	0	2	0	0	0
cancelio.obj	analysis/cancelio_obj_checklist.tsv	analysis/cancelio_obj_inventory.tsv	analysis/cancelio_obj_plan.tsv	2	0	0	2	0	0	0
cbufutil.obj	analysis/cbufutil_obj_checklist.tsv	analysis/cbufutil_obj_inventory.tsv	analysis/cbufutil_obj_plan.tsv	1	0	0	1	0	0	0
cd3dxassembler.obj	analysis/cd3dxassembler_obj_checklist.tsv	analysis/cd3dxassembler_obj_inventory.tsv	analysis/cd3dxassembler_obj_plan.tsv	19	0	0	19	0	0	0
cd3dxblt.obj	analysis/cd3dxblt_obj_checklist.tsv	analysis/cd3dxblt_obj_inventory.tsv	analysis/cd3dxblt_obj_plan.tsv	35	0	0	35	0	0	0
cd3dxcodec.obj	analysis/cd3dxcodec_obj_checklist.tsv	analysis/cd3dxcodec_obj_inventory.tsv	analysis/cd3dxcodec_obj_plan.tsv	131	0	0	131	0	0	0
cd3dxfile.obj	analysis/cd3dxfile_obj_checklist.tsv	analysis/cd3dxfile_obj_inventory.tsv	analysis/cd3dxfile_obj_plan.tsv	4	0	0	4	0	0	0
cd3dximage.obj	analysis/cd3dximage_obj_checklist.tsv	analysis/cd3dximage_obj_inventory.tsv	analysis/cd3dximage_obj_plan.tsv	11	0	0	11	0	0	0
cd3dxrendertoenvmap.obj	analysis/cd3dxrendertoenvmap_obj_checklist.tsv	analysis/cd3dxrendertoenvmap_obj_inventory.tsv	analysis/cd3dxrendertoenvmap_obj_plan.tsv	21	0	0	21	0	0	0
cd3dxrendertosurface.obj	analysis/cd3dxrendertosurface_obj_checklist.tsv	analysis/cd3dxrendertosurface_obj_inventory.tsv	analysis/cd3dxrendertosurface_obj_plan.tsv	13	0	0	13	0	0	0
cd3dxsprite.obj	analysis/cd3dxsprite_obj_checklist.tsv	analysis/cd3dxsprite_obj_inventory.tsv	analysis/cd3dxsprite_obj_plan.tsv	28	0	0	28	0	0	0
cd3dxstack.obj	analysis/cd3dxstack_obj_checklist.tsv	analysis/cd3dxstack_obj_inventory.tsv	analysis/cd3dxstack_obj_plan.tsv	10	0	0	10	0	0	0
cdAirplaneMetalShader.o	analysis/cdAirplaneMetalShader_o_checklist.tsv	analysis/cdAirplaneMetalShader_o_inventory.tsv	analysis/cdAirplaneMetalShader_o_plan.tsv	21	9	12	0	0	0	0
cdBackgroundShader.o	analysis/cdBackgroundShader_o_checklist.tsv	analysis/cdBackgroundShader_o_inventory.tsv	analysis/cdBackgroundShader_o_plan.tsv	24	11	13	0	0	0	0
cdCharShader.o	analysis/cdCharShader_o_checklist.tsv	analysis/cdCharShader_o_inventory.tsv	analysis/cdCharShader_o_plan.tsv	24	9	15	0	0	0	0
cdCharSpecularShader.o	analysis/cdCharSpecularShader_o_checklist.tsv	analysis/cdCharSpecularShader_o_inventory.tsv	analysis/cdCharSpecularShader_o_plan.tsv	24	9	15	0	0	0	0
cdDebugShader.o	analysis/cdDebugShader_o_checklist.tsv	analysis/cdDebugShader_o_inventory.tsv	analysis/cdDebugShader_o_plan.tsv	26	13	13	0	0	0	0
cdDebugVertexDef.o	analysis/cdDebugVertexDef_o_checklist.tsv	analysis/cdDebugVertexDef_o_inventory.tsv	analysis/cdDebugVertexDef_o_plan.tsv	7	7	0	0	0	0	0
cdDecalShader.o	analysis/cdDecalShader_o_checklist.tsv	analysis/cdDecalShader_o_inventory.tsv	analysis/cdDecalShader_o_plan.tsv	22	10	12	0	0	0	0
cdDynamicDecalShader.o	analysis/cdDynamicDecalShader_o_checklist.tsv	analysis/cdDynamicDecalShader_o_inventory.tsv	analysis/cdDynamicDecalShader_o_plan.tsv	37	10	27	0	0	0	0
cdDynamicDecalVertexDef.o	analysis/cdDynamicDecalVertexDef_o_checklist.tsv	analysis/cdDynamicDecalVertexDef_o_inventory.tsv	analysis/cdDynamicDecalVertexDef_o_plan.tsv	2	1	1	0	0	0	0
cdFlagShader.o	analysis/cdFlagShader_o_checklist.tsv	analysis/cdFlagShader_o_inventory.tsv	analysis/cdFlagShader_o_plan.tsv	42	10	32	0	0	0	0
cdGlassShader.o	analysis/cdGlassShader_o_checklist.tsv	analysis/cdGlassShader_o_inventory.tsv	analysis/cdGlassShader_o_plan.tsv	25	10	15	0	0	0	0
cdGlowShader.o	analysis/cdGlowShader_o_checklist.tsv	analysis/cdGlowShader_o_inventory.tsv	analysis/cdGlowShader_o_plan.tsv	50	9	41	0	0	0	0
cdGunShader.o	analysis/cdGunShader_o_checklist.tsv	analysis/cdGunShader_o_inventory.tsv	analysis/cdGunShader_o_plan.tsv	24	10	14	0	0	0	0
cdGunSightShader.o	analysis/cdGunSightShader_o_checklist.tsv	analysis/cdGunSightShader_o_inventory.tsv	analysis/cdGunSightShader_o_plan.tsv	22	12	10	0	0	0	0
cdGunSightSpecularShader.o	analysis/cdGunSightSpecularShader_o_checklist.tsv	analysis/cdGunSightSpecularShader_o_inventory.tsv	analysis/cdGunSightSpecularShader_o_plan.tsv	22	10	12	0	0	0	0
cdHeatHazeShader.o	analysis/cdHeatHazeShader_o_checklist.tsv	analysis/cdHeatHazeShader_o_inventory.tsv	analysis/cdHeatHazeShader_o_plan.tsv	20	4	16	0	0	0	0
cdOceanGlobals.o	analysis/cdOceanGlobals_o_checklist.tsv	analysis/cdOceanGlobals_o_inventory.tsv	analysis/cdOceanGlobals_o_plan.tsv	19	15	4	0	0	0	0
cdOceanShader.o	analysis/cdOceanShader_o_checklist.tsv	analysis/cdOceanShader_o_inventory.tsv	analysis/cdOceanShader_o_plan.tsv	23	9	14	0	0	0	0
cdPrelitShader.o	analysis/cdPrelitShader_o_checklist.tsv	analysis/cdPrelitShader_o_inventory.tsv	analysis/cdPrelitShader_o_plan.tsv	25	9	16	0	0	0	0
cdPropellerShader.o	analysis/cdPropellerShader_o_checklist.tsv	analysis/cdPropellerShader_o_inventory.tsv	analysis/cdPropellerShader_o_plan.tsv	22	10	12	0	0	0	0
cdRiverShader.o	analysis/cdRiverShader_o_checklist.tsv	analysis/cdRiverShader_o_inventory.tsv	analysis/cdRiverShader_o_plan.tsv	37	19	18	0	0	0	0
cdScratchShader.o	analysis/cdScratchShader_o_checklist.tsv	analysis/cdScratchShader_o_inventory.tsv	analysis/cdScratchShader_o_plan.tsv	46	16	30	0	0	0	0
cdScratchVertexDef.o	analysis/cdScratchVertexDef_o_checklist.tsv	analysis/cdScratchVertexDef_o_inventory.tsv	analysis/cdScratchVertexDef_o_plan.tsv	2	2	0	0	0	0	0
cdSimpleAlphaShader.o	analysis/cdSimpleAlphaShader_o_checklist.tsv	analysis/cdSimpleAlphaShader_o_inventory.tsv	analysis/cdSimpleAlphaShader_o_plan.tsv	31	13	18	0	0	0	0
cdSimpleColorShader.o	analysis/cdSimpleColorShader_o_checklist.tsv	analysis/cdSimpleColorShader_o_inventory.tsv	analysis/cdSimpleColorShader_o_plan.tsv	13	9	4	0	0	0	0
cdSimpleInstance.o	analysis/cdSimpleInstance_o_checklist.tsv	analysis/cdSimpleInstance_o_inventory.tsv	analysis/cdSimpleInstance_o_plan.tsv	17	13	4	0	0	0	0
cdSimplePrelitShader.o	analysis/cdSimplePrelitShader_o_checklist.tsv	analysis/cdSimplePrelitShader_o_inventory.tsv	analysis/cdSimplePrelitShader_o_plan.tsv	19	11	8	0	0	0	0
cdSimpleShader.o	analysis/cdSimpleShader_o_checklist.tsv	analysis/cdSimpleShader_o_inventory.tsv	analysis/cdSimpleShader_o_plan.tsv	17	14	3	0	0	0	0
cdSimpleSpecularShader.o	analysis/cdSimpleSpecularShader_o_checklist.tsv	analysis/cdSimpleSpecularShader_o_inventory.tsv	analysis/cdSimpleSpecularShader_o_plan.tsv	24	13	11	0	0	0	0
cdSimpleUVAnimShader.o	analysis/cdSimpleUVAnimShader_o_checklist.tsv	analysis/cdSimpleUVAnimShader_o_inventory.tsv	analysis/cdSimpleUVAnimShader_o_plan.tsv	40	11	29	0	0	0	0
cdSkyShader.o	analysis/cdSkyShader_o_checklist.tsv	analysis/cdSkyShader_o_inventory.tsv	analysis/cdSkyShader_o_plan.tsv	22	9	13	0	0	0	0
cdWaterShader.o	analysis/cdWaterShader_o_checklist.tsv	analysis/cdWaterShader_o_inventory.tsv	analysis/cdWaterShader_o_plan.tsv	21	10	11	0	0	0	0
cdWheelMarkShader.o	analysis/cdWheelMarkShader_o_checklist.tsv	analysis/cdWheelMarkShader_o_inventory.tsv	analysis/cdWheelMarkShader_o_plan.tsv	33	13	20	0	0	0	0
cdWorldBlendPointLitShader.o	analysis/cdWorldBlendPointLitShader_o_checklist.tsv	analysis/cdWorldBlendPointLitShader_o_inventory.tsv	analysis/cdWorldBlendPointLitShader_o_plan.tsv	34	9	25	0	0	0	0
cdWorldBlendShader.o	analysis/cdWorldBlendShader_o_checklist.tsv	analysis/cdWorldBlendShader_o_inventory.tsv	analysis/cdWorldBlendShader_o_plan.tsv	31	9	22	0	0	0	0
cdWorldColorShader.o	analysis/cdWorldColorShader_o_checklist.tsv	analysis/cdWorldColorShader_o_inventory.tsv	analysis/cdWorldColorShader_o_plan.tsv	13	9	4	0	0	0	0
cdWorldPointLitShader.o	analysis/cdWorldPointLitShader_o_checklist.tsv	analysis/cdWorldPointLitShader_o_inventory.tsv	analysis/cdWorldPointLitShader_o_plan.tsv	31	9	22	0	0	0	0
cdWorldShader.o	analysis/cdWorldShader_o_checklist.tsv	analysis/cdWorldShader_o_inventory.tsv	analysis/cdWorldShader_o_plan.tsv	27	9	18	0	0	0	0
cdWorldVertexLitShader.o	analysis/cdWorldVertexLitShader_o_checklist.tsv	analysis/cdWorldVertexLitShader_o_inventory.tsv	analysis/cdWorldVertexLitShader_o_plan.tsv	25	12	13	0	0	0	0
cdl_base.o	analysis/cdl_base_o_checklist.tsv	analysis/cdl_base_o_inventory.tsv	analysis/cdl_base_o_plan.tsv	2	2	0	0	0	0	0
cdl_common.o	analysis/cdl_common_o_checklist.tsv	analysis/cdl_common_o_inventory.tsv	analysis/cdl_common_o_plan.tsv	16	5	11	0	0	0	0
cdl_gjk.o	analysis/cdl_gjk_o_checklist.tsv	analysis/cdl_gjk_o_inventory.tsv	analysis/cdl_gjk_o_plan.tsv	10	0	10	0	0	0	0
ceil.obj	analysis/ceil_obj_checklist.tsv	analysis/ceil_obj_inventory.tsv	analysis/ceil_obj_plan.tsv	1	0	0	1	0	0	0
cfcache.obj	analysis/cfcache_obj_checklist.tsv	analysis/cfcache_obj_inventory.tsv	analysis/cfcache_obj_plan.tsv	5	0	0	5	0	0	0
cfin.obj	analysis/cfin_obj_checklist.tsv	analysis/cfin_obj_inventory.tsv	analysis/cfin_obj_plan.tsv	1	0	0	1	0	0	0
cfout.obj	analysis/cfout_obj_checklist.tsv	analysis/cfout_obj_inventory.tsv	analysis/cfout_obj_plan.tsv	2	0	0	2	0	0	0
cg.o	analysis/cg_o_checklist.tsv	analysis/cg_o_inventory.tsv	analysis/cg_o_plan.tsv	405	287	118	0	0	0	0
chkstk.obj	analysis/chkstk_obj_checklist.tsv	analysis/chkstk_obj_inventory.tsv	analysis/chkstk_obj_plan.tsv	1	0	0	1	0	0	0
chsize.obj	analysis/chsize_obj_checklist.tsv	analysis/chsize_obj_inventory.tsv	analysis/chsize_obj_plan.tsv	2	0	0	2	0	0	0
cipher.obj	analysis/cipher_obj_checklist.tsv	analysis/cipher_obj_inventory.tsv	analysis/cipher_obj_plan.tsv	6	0	0	6	0	0	0
cl.o	analysis/cl_o_checklist.tsv	analysis/cl_o_inventory.tsv	analysis/cl_o_plan.tsv	341	268	73	0	0	0	0
clear.obj	analysis/clear_obj_checklist.tsv	analysis/clear_obj_inventory.tsv	analysis/clear_obj_plan.tsv	1	0	0	1	0	0	0
clock.obj	analysis/clock_obj_checklist.tsv	analysis/clock_obj_inventory.tsv	analysis/clock_obj_plan.tsv	2	0	0	2	0	0	0
close.obj	analysis/close_obj_checklist.tsv	analysis/close_obj_inventory.tsv	analysis/close_obj_plan.tsv	2	0	0	2	0	0	0
closeall.obj	analysis/closeall_obj_checklist.tsv	analysis/closeall_obj_inventory.tsv	analysis/closeall_obj_plan.tsv	1	0	0	1	0	0	0
codegain.obj	analysis/codegain_obj_checklist.tsv	analysis/codegain_obj_inventory.tsv	analysis/codegain_obj_plan.tsv	2	0	0	2	0	0	0
codepv.obj	analysis/codepv_obj_checklist.tsv	analysis/codepv_obj_inventory.tsv	analysis/codepv_obj_plan.tsv	2	0	0	2	0	0	0
coder.obj	analysis/coder_obj_checklist.tsv	analysis/coder_obj_inventory.tsv	analysis/coder_obj_plan.tsv	2	0	0	2	0	0	0
com_wmsapf.obj	analysis/com_wmsapf_obj_checklist.tsv	analysis/com_wmsapf_obj_inventory.tsv	analysis/com_wmsapf_obj_plan.tsv	1	0	0	1	0	0	0
com_wmsauxcode.obj	analysis/com_wmsauxcode_obj_checklist.tsv	analysis/com_wmsauxcode_obj_inventory.tsv	analysis/com_wmsauxcode_obj_plan.tsv	14	0	0	14	0	0	0
com_wmsfft.obj	analysis/com_wmsfft_obj_checklist.tsv	analysis/com_wmsfft_obj_inventory.tsv	analysis/com_wmsfft_obj_plan.tsv	5	0	0	5	0	0	0
com_wmsfuncs.obj	analysis/com_wmsfuncs_obj_checklist.tsv	analysis/com_wmsfuncs_obj_inventory.tsv	analysis/com_wmsfuncs_obj_plan.tsv	9	0	0	9	0	0	0
com_wmsmath.obj	analysis/com_wmsmath_obj_checklist.tsv	analysis/com_wmsmath_obj_inventory.tsv	analysis/com_wmsmath_obj_plan.tsv	9	0	0	9	0	0	0
combiner.obj	analysis/combiner_obj_checklist.tsv	analysis/combiner_obj_inventory.tsv	analysis/combiner_obj_plan.tsv	1	0	0	1	0	0	0
commit.obj	analysis/commit_obj_checklist.tsv	analysis/commit_obj_inventory.tsv	analysis/commit_obj_plan.tsv	1	0	0	1	0	0	0
common.obj	analysis/common_obj_checklist.tsv	analysis/common_obj_inventory.tsv	analysis/common_obj_plan.tsv	9	0	0	9	0	0	0
comppow.obj	analysis/comppow_obj_checklist.tsv	analysis/comppow_obj_inventory.tsv	analysis/comppow_obj_plan.tsv	1	0	0	1	0	0	0
compress.o	analysis/compress_o_checklist.tsv	analysis/compress_o_inventory.tsv	analysis/compress_o_plan.tsv	3	3	0	0	0	0	0
compress.obj	analysis/compress_obj_checklist.tsv	analysis/compress_obj_inventory.tsv	analysis/compress_obj_plan.tsv	1	0	0	1	0	0	0
compstr.obj	analysis/compstr_obj_checklist.tsv	analysis/compstr_obj_inventory.tsv	analysis/compstr_obj_plan.tsv	1	0	0	1	0	0	0
compstra.obj	analysis/compstra_obj_checklist.tsv	analysis/compstra_obj_inventory.tsv	analysis/compstra_obj_plan.tsv	1	0	0	1	0	0	0
contdl.obj	analysis/contdl_obj_checklist.tsv	analysis/contdl_obj_inventory.tsv	analysis/contdl_obj_plan.tsv	47	0	0	47	0	0	0
contenum.obj	analysis/contenum_obj_checklist.tsv	analysis/contenum_obj_inventory.tsv	analysis/contenum_obj_plan.tsv	16	0	0	16	0	0	0
context_dual.obj	analysis/context_dual_obj_checklist.tsv	analysis/context_dual_obj_inventory.tsv	analysis/context_dual_obj_plan.tsv	8	0	0	8	0	0	0
controller.o	analysis/controller_o_checklist.tsv	analysis/controller_o_inventory.tsv	analysis/controller_o_plan.tsv	11	10	1	0	0	0	0
controller_xbox.o	analysis/controller_xbox_o_checklist.tsv	analysis/controller_xbox_o_inventory.tsv	analysis/controller_xbox_o_plan.tsv	16	12	4	0	0	0	0
contsig.obj	analysis/contsig_obj_checklist.tsv	analysis/contsig_obj_inventory.tsv	analysis/contsig_obj_plan.tsv	22	0	0	22	0	0	0
contutil.obj	analysis/contutil_obj_checklist.tsv	analysis/contutil_obj_inventory.tsv	analysis/contutil_obj_plan.tsv	13	0	0	13	0	0	0
core.o	analysis/core_o_checklist.tsv	analysis/core_o_inventory.tsv	analysis/core_o_plan.tsv	1437	781	656	0	0	0	0
corrfunc.obj	analysis/corrfunc_obj_checklist.tsv	analysis/corrfunc_obj_inventory.tsv	analysis/corrfunc_obj_plan.tsv	1	0	0	1	0	0	0
cos.obj	analysis/cos_obj_checklist.tsv	analysis/cos_obj_inventory.tsv	analysis/cos_obj_plan.tsv	1	0	0	1	0	0	0
cpudetect.obj	analysis/cpudetect_obj_checklist.tsv	analysis/cpudetect_obj_inventory.tsv	analysis/cpudetect_obj_plan.tsv	7	0	0	7	0	0	0
crc32.o	analysis/crc32_o_checklist.tsv	analysis/crc32_o_inventory.tsv	analysis/crc32_o_plan.tsv	3	3	0	0	0	0	0
crt0.obj	analysis/crt0_obj_checklist.tsv	analysis/crt0_obj_inventory.tsv	analysis/crt0_obj_plan.tsv	1	0	0	1	0	0	0
crt0dat.obj	analysis/crt0dat_obj_checklist.tsv	analysis/crt0dat_obj_inventory.tsv	analysis/crt0dat_obj_plan.tsv	6	0	0	6	0	0	0
crt0fp.obj	analysis/crt0fp_obj_checklist.tsv	analysis/crt0fp_obj_inventory.tsv	analysis/crt0fp_obj_plan.tsv	1	0	0	1	0	0	0
crt0msg.obj	analysis/crt0msg_obj_checklist.tsv	analysis/crt0msg_obj_inventory.tsv	analysis/crt0msg_obj_plan.tsv	3	0	0	3	0	0	0
cstoenv.obj	analysis/cstoenv_obj_checklist.tsv	analysis/cstoenv_obj_inventory.tsv	analysis/cstoenv_obj_plan.tsv	1	0	0	1	0	0	0
ctype.obj	analysis/ctype_obj_checklist.tsv	analysis/ctype_obj_inventory.tsv	analysis/ctype_obj_plan.tsv	2	0	0	2	0	0	0
cvt.obj	analysis/cvt_obj_checklist.tsv	analysis/cvt_obj_inventory.tsv	analysis/cvt_obj_plan.tsv	8	0	0	8	0	0	0
d3dbase.obj	analysis/d3dbase_obj_checklist.tsv	analysis/d3dbase_obj_inventory.tsv	analysis/d3dbase_obj_plan.tsv	140	0	0	140	0	0	0
d3ddev.obj	analysis/d3ddev_obj_checklist.tsv	analysis/d3ddev_obj_inventory.tsv	analysis/d3ddev_obj_plan.tsv	2	0	0	2	0	0	0
d3dx8core.obj	analysis/d3dx8core_obj_checklist.tsv	analysis/d3dx8core_obj_inventory.tsv	analysis/d3dx8core_obj_plan.tsv	9	0	0	9	0	0	0
d3dx8dbg.obj	analysis/d3dx8dbg_obj_checklist.tsv	analysis/d3dx8dbg_obj_inventory.tsv	analysis/d3dx8dbg_obj_plan.tsv	4	0	0	4	0	0	0
d3dx8tex.obj	analysis/d3dx8tex_obj_checklist.tsv	analysis/d3dx8tex_obj_inventory.tsv	analysis/d3dx8tex_obj_plan.tsv	34	0	0	34	0	0	0
d3dxmath.obj	analysis/d3dxmath_obj_checklist.tsv	analysis/d3dxmath_obj_inventory.tsv	analysis/d3dxmath_obj_plan.tsv	97	0	0	97	0	0	0
datetime.obj	analysis/datetime_obj_checklist.tsv	analysis/datetime_obj_inventory.tsv	analysis/datetime_obj_plan.tsv	15	0	0	15	0	0	0
dbgheap.obj	analysis/dbgheap_obj_checklist.tsv	analysis/dbgheap_obj_inventory.tsv	analysis/dbgheap_obj_plan.tsv	44	0	0	44	0	0	0
dbghook.obj	analysis/dbghook_obj_checklist.tsv	analysis/dbghook_obj_inventory.tsv	analysis/dbghook_obj_plan.tsv	1	0	0	1	0	0	0
dbgrpt.obj	analysis/dbgrpt_obj_checklist.tsv	analysis/dbgrpt_obj_inventory.tsv	analysis/dbgrpt_obj_plan.tsv	6	0	0	6	0	0	0
debug.obj	analysis/debug_obj_checklist.tsv	analysis/debug_obj_inventory.tsv	analysis/debug_obj_plan.tsv	8	0	0	8	0	0	0
decalvb.obj	analysis/decalvb_obj_checklist.tsv	analysis/decalvb_obj_inventory.tsv	analysis/decalvb_obj_plan.tsv	1	0	0	1	0	0	0
decblk.obj	analysis/decblk_obj_checklist.tsv	analysis/decblk_obj_inventory.tsv	analysis/decblk_obj_plan.tsv	1	0	0	1	0	0	0
decin.obj	analysis/decin_obj_checklist.tsv	analysis/decin_obj_inventory.tsv	analysis/decin_obj_plan.tsv	4	0	0	4	0	0	0
decout.obj	analysis/decout_obj_checklist.tsv	analysis/decout_obj_inventory.tsv	analysis/decout_obj_plan.tsv	1	0	0	1	0	0	0
decplssc.obj	analysis/decplssc_obj_checklist.tsv	analysis/decplssc_obj_inventory.tsv	analysis/decplssc_obj_plan.tsv	7	0	0	7	0	0	0
decsc.obj	analysis/decsc_obj_checklist.tsv	analysis/decsc_obj_inventory.tsv	analysis/decsc_obj_plan.tsv	5	0	0	5	0	0	0
dectree.obj	analysis/dectree_obj_checklist.tsv	analysis/dectree_obj_inventory.tsv	analysis/dectree_obj_plan.tsv	2	0	0	2	0	0	0
decuncmp.obj	analysis/decuncmp_obj_checklist.tsv	analysis/decuncmp_obj_inventory.tsv	analysis/decuncmp_obj_plan.tsv	2	0	0	2	0	0	0
decvcfry.obj	analysis/decvcfry_obj_checklist.tsv	analysis/decvcfry_obj_inventory.tsv	analysis/decvcfry_obj_plan.tsv	4	0	0	4	0	0	0
decxlat.obj	analysis/decxlat_obj_checklist.tsv	analysis/decxlat_obj_inventory.tsv	analysis/decxlat_obj_plan.tsv	2	0	0	2	0	0	0
deflate.o	analysis/deflate_o_checklist.tsv	analysis/deflate_o_inventory.tsv	analysis/deflate_o_plan.tsv	12	12	0	0	0	0	0
delaybnd.obj	analysis/delaybnd_obj_checklist.tsv	analysis/delaybnd_obj_inventory.tsv	analysis/delaybnd_obj_plan.tsv	1	0	0	1	0	0	0
delta_dual.obj	analysis/delta_dual_obj_checklist.tsv	analysis/delta_dual_obj_inventory.tsv	analysis/delta_dual_obj_plan.tsv	7	0	0	7	0	0	0
demltplx.obj	analysis/demltplx_obj_checklist.tsv	analysis/demltplx_obj_inventory.tsv	analysis/demltplx_obj_plan.tsv	1	0	0	1	0	0	0
devstate.obj	analysis/devstate_obj_checklist.tsv	analysis/devstate_obj_inventory.tsv	analysis/devstate_obj_plan.tsv	21	0	0	21	0	0	0
devsys.obj	analysis/devsys_obj_checklist.tsv	analysis/devsys_obj_inventory.tsv	analysis/devsys_obj_plan.tsv	2	0	0	2	0	0	0
dir.obj	analysis/dir_obj_checklist.tsv	analysis/dir_obj_inventory.tsv	analysis/dir_obj_plan.tsv	2	0	0	2	0	0	0
dirops.obj	analysis/dirops_obj_checklist.tsv	analysis/dirops_obj_inventory.tsv	analysis/dirops_obj_plan.tsv	23	0	0	23	0	0	0
disk.obj	analysis/disk_obj_checklist.tsv	analysis/disk_obj_inventory.tsv	analysis/disk_obj_plan.tsv	28	0	0	28	0	0	0
dlmalloc.o	analysis/dlmalloc_o_checklist.tsv	analysis/dlmalloc_o_inventory.tsv	analysis/dlmalloc_o_plan.tsv	15	0	15	0	0	0	0
dosmap.obj	analysis/dosmap_obj_checklist.tsv	analysis/dosmap_obj_inventory.tsv	analysis/dosmap_obj_plan.tsv	3	0	0	3	0	0	0
download.obj	analysis/download_obj_checklist.tsv	analysis/download_obj_inventory.tsv	analysis/download_obj_plan.tsv	28	0	0	28	0	0	0
drawprim.obj	analysis/drawprim_obj_checklist.tsv	analysis/drawprim_obj_inventory.tsv	analysis/drawprim_obj_plan.tsv	18	0	0	18	0	0	0
dsapi.obj	analysis/dsapi_obj_checklist.tsv	analysis/dsapi_obj_inventory.tsv	analysis/dsapi_obj_plan.tsv	415	0	0	415	0	0	0
dscommon.obj	analysis/dscommon_obj_checklist.tsv	analysis/dscommon_obj_inventory.tsv	analysis/dscommon_obj_plan.tsv	96	0	0	96	0	0	0
dsmath.obj	analysis/dsmath_obj_checklist.tsv	analysis/dsmath_obj_inventory.tsv	analysis/dsmath_obj_plan.tsv	14	0	0	14	0	0	0
dspdma.obj	analysis/dspdma_obj_checklist.tsv	analysis/dspdma_obj_inventory.tsv	analysis/dspdma_obj_plan.tsv	6	0	0	6	0	0	0
dsperf.obj	analysis/dsperf_obj_checklist.tsv	analysis/dsperf_obj_inventory.tsv	analysis/dsperf_obj_plan.tsv	5	0	0	5	0	0	0
dvdload.obj	analysis/dvdload_obj_checklist.tsv	analysis/dvdload_obj_inventory.tsv	analysis/dvdload_obj_plan.tsv	7	0	0	7	0	0	0
dxgcreate.obj	analysis/dxgcreate_obj_checklist.tsv	analysis/dxgcreate_obj_inventory.tsv	analysis/dxgcreate_obj_plan.tsv	10	0	0	10	0	0	0
ehprolog.obj	analysis/ehprolog_obj_checklist.tsv	analysis/ehprolog_obj_inventory.tsv	analysis/ehprolog_obj_plan.tsv	1	0	0	1	0	0	0
ehvccctr.obj	analysis/ehvccctr_obj_checklist.tsv	analysis/ehvccctr_obj_inventory.tsv	analysis/ehvccctr_obj_plan.tsv	1	0	0	1	0	0	0
ehvecctr.obj	analysis/ehvecctr_obj_checklist.tsv	analysis/ehvecctr_obj_inventory.tsv	analysis/ehvecctr_obj_plan.tsv	1	0	0	1	0	0	0
ehvecdtr.obj	analysis/ehvecdtr_obj_checklist.tsv	analysis/ehvecdtr_obj_inventory.tsv	analysis/ehvecdtr_obj_plan.tsv	2	0	0	2	0	0	0
encsc.obj	analysis/encsc_obj_checklist.tsv	analysis/encsc_obj_inventory.tsv	analysis/encsc_obj_plan.tsv	3	0	0	3	0	0	0
enet.obj	analysis/enet_obj_checklist.tsv	analysis/enet_obj_inventory.tsv	analysis/enet_obj_plan.tsv	29	0	0	29	0	0	0
engine.obj	analysis/engine_obj_checklist.tsv	analysis/engine_obj_inventory.tsv	analysis/engine_obj_plan.tsv	240	0	0	240	0	0	0
enum.obj	analysis/enum_obj_checklist.tsv	analysis/enum_obj_inventory.tsv	analysis/enum_obj_plan.tsv	11	0	0	11	0	0	0
envtoas.obj	analysis/envtoas_obj_checklist.tsv	analysis/envtoas_obj_inventory.tsv	analysis/envtoas_obj_plan.tsv	1	0	0	1	0	0	0
epdsp.obj	analysis/epdsp_obj_checklist.tsv	analysis/epdsp_obj_inventory.tsv	analysis/epdsp_obj_plan.tsv	18	0	0	18	0	0	0
error.obj	analysis/error_obj_checklist.tsv	analysis/error_obj_inventory.tsv	analysis/error_obj_plan.tsv	7	0	0	7	0	0	0
estonset.obj	analysis/estonset_obj_checklist.tsv	analysis/estonset_obj_inventory.tsv	analysis/estonset_obj_plan.tsv	3	0	0	3	0	0	0
expand.obj	analysis/expand_obj_checklist.tsv	analysis/expand_obj_inventory.tsv	analysis/expand_obj_plan.tsv	1	0	0	1	0	0	0
exphase.obj	analysis/exphase_obj_checklist.tsv	analysis/exphase_obj_inventory.tsv	analysis/exphase_obj_plan.tsv	1	0	0	1	0	0	0
exsup.obj	analysis/exsup_obj_checklist.tsv	analysis/exsup_obj_inventory.tsv	analysis/exsup_obj_plan.tsv	5	0	0	5	0	0	0
exsup3.obj	analysis/exsup3_obj_checklist.tsv	analysis/exsup3_obj_inventory.tsv	analysis/exsup3_obj_plan.tsv	2	0	0	2	0	0	0
fadesc.obj	analysis/fadesc_obj_checklist.tsv	analysis/fadesc_obj_inventory.tsv	analysis/fadesc_obj_plan.tsv	6	0	0	6	0	0	0
fclose.obj	analysis/fclose_obj_checklist.tsv	analysis/fclose_obj_inventory.tsv	analysis/fclose_obj_plan.tsv	2	0	0	2	0	0	0
features.obj	analysis/features_obj_checklist.tsv	analysis/features_obj_inventory.tsv	analysis/features_obj_plan.tsv	15	0	0	15	0	0	0
feedback.obj	analysis/feedback_obj_checklist.tsv	analysis/feedback_obj_inventory.tsv	analysis/feedback_obj_plan.tsv	6	0	0	6	0	0	0
fflush.obj	analysis/fflush_obj_checklist.tsv	analysis/fflush_obj_inventory.tsv	analysis/fflush_obj_plan.tsv	4	0	0	4	0	0	0
fft_cent.obj	analysis/fft_cent_obj_checklist.tsv	analysis/fft_cent_obj_inventory.tsv	analysis/fft_cent_obj_plan.tsv	1	0	0	1	0	0	0
fftsmcos.obj	analysis/fftsmcos_obj_checklist.tsv	analysis/fftsmcos_obj_inventory.tsv	analysis/fftsmcos_obj_plan.tsv	2	0	0	2	0	0	0
fhtkrnl.obj	analysis/fhtkrnl_obj_checklist.tsv	analysis/fhtkrnl_obj_inventory.tsv	analysis/fhtkrnl_obj_plan.tsv	1	0	0	1	0	0	0
filefind.obj	analysis/filefind_obj_checklist.tsv	analysis/filefind_obj_inventory.tsv	analysis/filefind_obj_plan.tsv	3	0	0	3	0	0	0
filehops.obj	analysis/filehops_obj_checklist.tsv	analysis/filehops_obj_inventory.tsv	analysis/filehops_obj_plan.tsv	17	0	0	17	0	0	0
filemisc.obj	analysis/filemisc_obj_checklist.tsv	analysis/filemisc_obj_inventory.tsv	analysis/filemisc_obj_plan.tsv	11	0	0	11	0	0	0
fileopcr.obj	analysis/fileopcr_obj_checklist.tsv	analysis/fileopcr_obj_inventory.tsv	analysis/fileopcr_obj_plan.tsv	3	0	0	3	0	0	0
floatmath.obj	analysis/floatmath_obj_checklist.tsv	analysis/floatmath_obj_inventory.tsv	analysis/floatmath_obj_plan.tsv	4	0	0	4	0	0	0
floor.obj	analysis/floor_obj_checklist.tsv	analysis/floor_obj_inventory.tsv	analysis/floor_obj_plan.tsv	1	0	0	1	0	0	0
fontmath.obj	analysis/fontmath_obj_checklist.tsv	analysis/fontmath_obj_inventory.tsv	analysis/fontmath_obj_plan.tsv	41	0	0	41	0	0	0
fopen.obj	analysis/fopen_obj_checklist.tsv	analysis/fopen_obj_inventory.tsv	analysis/fopen_obj_plan.tsv	2	0	0	2	0	0	0
format.obj	analysis/format_obj_checklist.tsv	analysis/format_obj_inventory.tsv	analysis/format_obj_plan.tsv	2	0	0	2	0	0	0
fp8.obj	analysis/fp8_obj_checklist.tsv	analysis/fp8_obj_inventory.tsv	analysis/fp8_obj_plan.tsv	1	0	0	1	0	0	0
fpctrl.obj	analysis/fpctrl_obj_checklist.tsv	analysis/fpctrl_obj_inventory.tsv	analysis/fpctrl_obj_plan.tsv	4	0	0	4	0	0	0
fpexcept.obj	analysis/fpexcept_obj_checklist.tsv	analysis/fpexcept_obj_inventory.tsv	analysis/fpexcept_obj_plan.tsv	9	0	0	9	0	0	0
fpinit.obj	analysis/fpinit_obj_checklist.tsv	analysis/fpinit_obj_inventory.tsv	analysis/fpinit_obj_plan.tsv	4	0	0	4	0	0	0
fprintf.obj	analysis/fprintf_obj_checklist.tsv	analysis/fprintf_obj_inventory.tsv	analysis/fprintf_obj_plan.tsv	1	0	0	1	0	0	0
fputwc.obj	analysis/fputwc_obj_checklist.tsv	analysis/fputwc_obj_inventory.tsv	analysis/fputwc_obj_plan.tsv	3	0	0	3	0	0	0
frame.obj	analysis/frame_obj_checklist.tsv	analysis/frame_obj_inventory.tsv	analysis/frame_obj_plan.tsv	11	0	0	11	0	0	0
fread.obj	analysis/fread_obj_checklist.tsv	analysis/fread_obj_inventory.tsv	analysis/fread_obj_plan.tsv	2	0	0	2	0	0	0
free.obj	analysis/free_obj_checklist.tsv	analysis/free_obj_inventory.tsv	analysis/free_obj_plan.tsv	1	0	0	1	0	0	0
friends.obj	analysis/friends_obj_checklist.tsv	analysis/friends_obj_inventory.tsv	analysis/friends_obj_plan.tsv	106	0	0	106	0	0	0
frnd.obj	analysis/frnd_obj_checklist.tsv	analysis/frnd_obj_inventory.tsv	analysis/frnd_obj_plan.tsv	1	0	0	1	0	0	0
fscaler.obj	analysis/fscaler_obj_checklist.tsv	analysis/fscaler_obj_inventory.tsv	analysis/fscaler_obj_plan.tsv	34	0	0	34	0	0	0
fseek.obj	analysis/fseek_obj_checklist.tsv	analysis/fseek_obj_inventory.tsv	analysis/fseek_obj_plan.tsv	2	0	0	2	0	0	0
fsglue.obj	analysis/fsglue_obj_checklist.tsv	analysis/fsglue_obj_inventory.tsv	analysis/fsglue_obj_plan.tsv	81	0	0	81	0	0	0
ftell.obj	analysis/ftell_obj_checklist.tsv	analysis/ftell_obj_inventory.tsv	analysis/ftell_obj_plan.tsv	2	0	0	2	0	0	0
ftol2.obj	analysis/ftol2_obj_checklist.tsv	analysis/ftol2_obj_inventory.tsv	analysis/ftol2_obj_plan.tsv	1	0	0	1	0	0	0
fwrite.obj	analysis/fwrite_obj_checklist.tsv	analysis/fwrite_obj_inventory.tsv	analysis/fwrite_obj_plan.tsv	2	0	0	2	0	0	0
g.o	analysis/g_o_checklist.tsv	analysis/g_o_inventory.tsv	analysis/g_o_plan.tsv	1470	1470	0	0	0	0	0
game.o	analysis/game_o_checklist.tsv	analysis/game_o_inventory.tsv	analysis/game_o_plan.tsv	1158	744	414	0	0	0	0
game2.o	analysis/game2_o_checklist.tsv	analysis/game2_o_inventory.tsv	analysis/game2_o_plan.tsv	1040	276	764	0	0	0	0
game_xbox.o	analysis/game_xbox_o_checklist.tsv	analysis/game_xbox_o_inventory.tsv	analysis/game_xbox_o_plan.tsv	365	137	228	0	0	0	0
garbage_dual.obj	analysis/garbage_dual_obj_checklist.tsv	analysis/garbage_dual_obj_inventory.tsv	analysis/garbage_dual_obj_plan.tsv	5	0	0	5	0	0	0
genexcep.obj	analysis/genexcep_obj_checklist.tsv	analysis/genexcep_obj_inventory.tsv	analysis/genexcep_obj_plan.tsv	2	0	0	2	0	0	0
gmtime.obj	analysis/gmtime_obj_checklist.tsv	analysis/gmtime_obj_inventory.tsv	analysis/gmtime_obj_plan.tsv	1	0	0	1	0	0	0
gpdsp.obj	analysis/gpdsp_obj_checklist.tsv	analysis/gpdsp_obj_inventory.tsv	analysis/gpdsp_obj_plan.tsv	19	0	0	19	0	0	0
halx.obj	analysis/halx_obj_checklist.tsv	analysis/halx_obj_inventory.tsv	analysis/halx_obj_plan.tsv	12	0	0	12	0	0	0
handle.obj	analysis/handle_obj_checklist.tsv	analysis/handle_obj_inventory.tsv	analysis/handle_obj_plan.tsv	2	0	0	2	0	0	0
handler.obj	analysis/handler_obj_checklist.tsv	analysis/handler_obj_inventory.tsv	analysis/handler_obj_plan.tsv	3	0	0	3	0	0	0
hawk2.obj	analysis/hawk2_obj_checklist.tsv	analysis/hawk2_obj_inventory.tsv	analysis/hawk2_obj_plan.tsv	30	0	0	30	0	0	0
header.obj	analysis/header_obj_checklist.tsv	analysis/header_obj_inventory.tsv	analysis/header_obj_plan.tsv	18	0	0	18	0	0	0
heap.obj	analysis/heap_obj_checklist.tsv	analysis/heap_obj_inventory.tsv	analysis/heap_obj_plan.tsv	60	0	0	60	0	0	0
heapchk.obj	analysis/heapchk_obj_checklist.tsv	analysis/heapchk_obj_inventory.tsv	analysis/heapchk_obj_plan.tsv	2	0	0	2	0	0	0
heapinit.obj	analysis/heapinit_obj_checklist.tsv	analysis/heapinit_obj_inventory.tsv	analysis/heapinit_obj_plan.tsv	2	0	0	2	0	0	0
hfregen.obj	analysis/hfregen_obj_checklist.tsv	analysis/hfregen_obj_inventory.tsv	analysis/hfregen_obj_plan.tsv	3	0	0	3	0	0	0
hooks.obj	analysis/hooks_obj_checklist.tsv	analysis/hooks_obj_inventory.tsv	analysis/hooks_obj_plan.tsv	3	0	0	3	0	0	0
hrtf.obj	analysis/hrtf_obj_checklist.tsv	analysis/hrtf_obj_inventory.tsv	analysis/hrtf_obj_plan.tsv	27	0	0	27	0	0	0
hub.obj	analysis/hub_obj_checklist.tsv	analysis/hub_obj_inventory.tsv	analysis/hub_obj_plan.tsv	27	0	0	27	0	0	0
hwin.obj	analysis/hwin_obj_checklist.tsv	analysis/hwin_obj_inventory.tsv	analysis/hwin_obj_plan.tsv	2	0	0	2	0	0	0
i3dl2.obj	analysis/i3dl2_obj_checklist.tsv	analysis/i3dl2_obj_inventory.tsv	analysis/i3dl2_obj_plan.tsv	16	0	0	16	0	0	0
ieee87.obj	analysis/ieee87_obj_checklist.tsv	analysis/ieee87_obj_inventory.tsv	analysis/ieee87_obj_plan.tsv	5	0	0	5	0	0	0
ieeemisc.obj	analysis/ieeemisc_obj_checklist.tsv	analysis/ieeemisc_obj_inventory.tsv	analysis/ieeemisc_obj_plan.tsv	8	0	0	8	0	0	0
inactivemode.obj	analysis/inactivemode_obj_checklist.tsv	analysis/inactivemode_obj_inventory.tsv	analysis/inactivemode_obj_plan.tsv	13	0	0	13	0	0	0
inffast.o	analysis/inffast_o_checklist.tsv	analysis/inffast_o_inventory.tsv	analysis/inffast_o_plan.tsv	1	1	0	0	0	0	0
inflate.o	analysis/inflate_o_checklist.tsv	analysis/inflate_o_inventory.tsv	analysis/inflate_o_plan.tsv	11	11	0	0	0	0	0
inftrees.o	analysis/inftrees_o_checklist.tsv	analysis/inftrees_o_inventory.tsv	analysis/inftrees_o_plan.tsv	1	1	0	0	0	0	0
initcrit.obj	analysis/initcrit_obj_checklist.tsv	analysis/initcrit_obj_inventory.tsv	analysis/initcrit_obj_plan.tsv	1	0	0	1	0	0	0
initsect.obj	analysis/initsect_obj_checklist.tsv	analysis/initsect_obj_inventory.tsv	analysis/initsect_obj_plan.tsv	2	0	0	2	0	0	0
input.obj	analysis/input_obj_checklist.tsv	analysis/input_obj_inventory.tsv	analysis/input_obj_plan.tsv	10	0	0	10	0	0	0
instructiongraph.obj	analysis/instructiongraph_obj_checklist.tsv	analysis/instructiongraph_obj_inventory.tsv	analysis/instructiongraph_obj_plan.tsv	612	0	0	612	0	0	0
interp.obj	analysis/interp_obj_checklist.tsv	analysis/interp_obj_inventory.tsv	analysis/interp_obj_plan.tsv	190	0	0	190	0	0	0
intrncvt.obj	analysis/intrncvt_obj_checklist.tsv	analysis/intrncvt_obj_inventory.tsv	analysis/intrncvt_obj_plan.tsv	14	0	0	14	0	0	0
ioinit.obj	analysis/ioinit_obj_checklist.tsv	analysis/ioinit_obj_inventory.tsv	analysis/ioinit_obj_plan.tsv	2	0	0	2	0	0	0
ip.obj	analysis/ip_obj_checklist.tsv	analysis/ip_obj_inventory.tsv	analysis/ip_obj_plan.tsv	156	0	0	156	0	0	0
ipcfg.obj	analysis/ipcfg_obj_checklist.tsv	analysis/ipcfg_obj_inventory.tsv	analysis/ipcfg_obj_plan.tsv	37	0	0	37	0	0	0
ipdns.obj	analysis/ipdns_obj_checklist.tsv	analysis/ipdns_obj_inventory.tsv	analysis/ipdns_obj_plan.tsv	18	0	0	18	0	0	0
ipicmp.obj	analysis/ipicmp_obj_checklist.tsv	analysis/ipicmp_obj_inventory.tsv	analysis/ipicmp_obj_plan.tsv	3	0	0	3	0	0	0
ippnelly.obj	analysis/ippnelly_obj_checklist.tsv	analysis/ippnelly_obj_inventory.tsv	analysis/ippnelly_obj_plan.tsv	6	0	0	6	0	0	0
ipqos.obj	analysis/ipqos_obj_checklist.tsv	analysis/ipqos_obj_inventory.tsv	analysis/ipqos_obj_plan.tsv	33	0	0	33	0	0	0
isatty.obj	analysis/isatty_obj_checklist.tsv	analysis/isatty_obj_inventory.tsv	analysis/isatty_obj_plan.tsv	1	0	0	1	0	0	0
isctype.obj	analysis/isctype_obj_checklist.tsv	analysis/isctype_obj_inventory.tsv	analysis/isctype_obj_plan.tsv	2	0	0	2	0	0	0
ismbspc.obj	analysis/ismbspc_obj_checklist.tsv	analysis/ismbspc_obj_inventory.tsv	analysis/ismbspc_obj_plan.tsv	1	0	0	1	0	0	0
isoch.obj	analysis/isoch_obj_checklist.tsv	analysis/isoch_obj_inventory.tsv	analysis/isoch_obj_plan.tsv	10	0	0	10	0	0	0
isr.obj	analysis/isr_obj_checklist.tsv	analysis/isr_obj_inventory.tsv	analysis/isr_obj_plan.tsv	15	0	0	15	0	0	0
iswctype.obj	analysis/iswctype_obj_checklist.tsv	analysis/iswctype_obj_inventory.tsv	analysis/iswctype_obj_plan.tsv	2	0	0	2	0	0	0
jcomapi.obj	analysis/jcomapi_obj_checklist.tsv	analysis/jcomapi_obj_inventory.tsv	analysis/jcomapi_obj_plan.tsv	4	0	0	4	0	0	0
jdapimin.obj	analysis/jdapimin_obj_checklist.tsv	analysis/jdapimin_obj_inventory.tsv	analysis/jdapimin_obj_plan.tsv	9	0	0	9	0	0	0
jdapistd.obj	analysis/jdapistd_obj_checklist.tsv	analysis/jdapistd_obj_inventory.tsv	analysis/jdapistd_obj_plan.tsv	5	0	0	5	0	0	0
jdcoefct.obj	analysis/jdcoefct_obj_checklist.tsv	analysis/jdcoefct_obj_inventory.tsv	analysis/jdcoefct_obj_plan.tsv	1	0	0	1	0	0	0
jdcolor.obj	analysis/jdcolor_obj_checklist.tsv	analysis/jdcolor_obj_inventory.tsv	analysis/jdcolor_obj_plan.tsv	4	0	0	4	0	0	0
jddctmgr.obj	analysis/jddctmgr_obj_checklist.tsv	analysis/jddctmgr_obj_inventory.tsv	analysis/jddctmgr_obj_plan.tsv	1	0	0	1	0	0	0
jdhuff.obj	analysis/jdhuff_obj_checklist.tsv	analysis/jdhuff_obj_inventory.tsv	analysis/jdhuff_obj_plan.tsv	4	0	0	4	0	0	0
jdinput.obj	analysis/jdinput_obj_checklist.tsv	analysis/jdinput_obj_inventory.tsv	analysis/jdinput_obj_plan.tsv	1	0	0	1	0	0	0
jdmainct.obj	analysis/jdmainct_obj_checklist.tsv	analysis/jdmainct_obj_inventory.tsv	analysis/jdmainct_obj_plan.tsv	1	0	0	1	0	0	0
jdmarker.obj	analysis/jdmarker_obj_checklist.tsv	analysis/jdmarker_obj_inventory.tsv	analysis/jdmarker_obj_plan.tsv	2	0	0	2	0	0	0
jdmaster.obj	analysis/jdmaster_obj_checklist.tsv	analysis/jdmaster_obj_inventory.tsv	analysis/jdmaster_obj_plan.tsv	3	0	0	3	0	0	0
jdmerge.obj	analysis/jdmerge_obj_checklist.tsv	analysis/jdmerge_obj_inventory.tsv	analysis/jdmerge_obj_plan.tsv	1	0	0	1	0	0	0
jdphuff.obj	analysis/jdphuff_obj_checklist.tsv	analysis/jdphuff_obj_inventory.tsv	analysis/jdphuff_obj_plan.tsv	1	0	0	1	0	0	0
jdpostct.obj	analysis/jdpostct_obj_checklist.tsv	analysis/jdpostct_obj_inventory.tsv	analysis/jdpostct_obj_plan.tsv	1	0	0	1	0	0	0
jdsample.obj	analysis/jdsample_obj_checklist.tsv	analysis/jdsample_obj_inventory.tsv	analysis/jdsample_obj_plan.tsv	1	0	0	1	0	0	0
jerror.obj	analysis/jerror_obj_checklist.tsv	analysis/jerror_obj_inventory.tsv	analysis/jerror_obj_plan.tsv	1	0	0	1	0	0	0
jidctflt.obj	analysis/jidctflt_obj_checklist.tsv	analysis/jidctflt_obj_inventory.tsv	analysis/jidctflt_obj_plan.tsv	1	0	0	1	0	0	0
jidctfst.obj	analysis/jidctfst_obj_checklist.tsv	analysis/jidctfst_obj_inventory.tsv	analysis/jidctfst_obj_plan.tsv	1	0	0	1	0	0	0
jidctint.obj	analysis/jidctint_obj_checklist.tsv	analysis/jidctint_obj_inventory.tsv	analysis/jidctint_obj_plan.tsv	1	0	0	1	0	0	0
jidctred.obj	analysis/jidctred_obj_checklist.tsv	analysis/jidctred_obj_inventory.tsv	analysis/jidctred_obj_plan.tsv	3	0	0	3	0	0	0
jitter.obj	analysis/jitter_obj_checklist.tsv	analysis/jitter_obj_inventory.tsv	analysis/jitter_obj_plan.tsv	1	0	0	1	0	0	0
jmemmgr.obj	analysis/jmemmgr_obj_checklist.tsv	analysis/jmemmgr_obj_inventory.tsv	analysis/jmemmgr_obj_plan.tsv	1	0	0	1	0	0	0
jmemnobs.obj	analysis/jmemnobs_obj_checklist.tsv	analysis/jmemnobs_obj_inventory.tsv	analysis/jmemnobs_obj_plan.tsv	8	0	0	8	0	0	0
jobqueue.o	analysis/jobqueue_o_checklist.tsv	analysis/jobqueue_o_inventory.tsv	analysis/jobqueue_o_plan.tsv	26	26	0	0	0	0	0
jobqueue_legacy.o	analysis/jobqueue_legacy_o_checklist.tsv	analysis/jobqueue_legacy_o_inventory.tsv	analysis/jobqueue_legacy_o_plan.tsv	11	8	3	0	0	0	0
jquant1.obj	analysis/jquant1_obj_checklist.tsv	analysis/jquant1_obj_inventory.tsv	analysis/jquant1_obj_plan.tsv	1	0	0	1	0	0	0
jquant2.obj	analysis/jquant2_obj_checklist.tsv	analysis/jquant2_obj_inventory.tsv	analysis/jquant2_obj_plan.tsv	1	0	0	1	0	0	0
jutils.obj	analysis/jutils_obj_checklist.tsv	analysis/jutils_obj_inventory.tsv	analysis/jutils_obj_plan.tsv	6	0	0	6	0	0	0
k2ask.obj	analysis/k2ask_obj_checklist.tsv	analysis/k2ask_obj_inventory.tsv	analysis/k2ask_obj_plan.tsv	2	0	0	2	0	0	0
kerberos.obj	analysis/kerberos_obj_checklist.tsv	analysis/kerberos_obj_inventory.tsv	analysis/kerberos_obj_plan.tsv	59	0	0	59	0	0	0
klpitch.obj	analysis/klpitch_obj_checklist.tsv	analysis/klpitch_obj_inventory.tsv	analysis/klpitch_obj_plan.tsv	1	0	0	1	0	0	0
krb5.obj	analysis/krb5_obj_checklist.tsv	analysis/krb5_obj_inventory.tsv	analysis/krb5_obj_plan.tsv	6	0	0	6	0	0	0
krnlptch.obj	analysis/krnlptch_obj_checklist.tsv	analysis/krnlptch_obj_inventory.tsv	analysis/krnlptch_obj_plan.tsv	2	0	0	2	0	0	0
kstoas.obj	analysis/kstoas_obj_checklist.tsv	analysis/kstoas_obj_inventory.tsv	analysis/kstoas_obj_plan.tsv	1	0	0	1	0	0	0
kthunks.obj	analysis/kthunks_obj_checklist.tsv	analysis/kthunks_obj_inventory.tsv	analysis/kthunks_obj_plan.tsv	7	0	0	7	0	0	0
launch.obj	analysis/launch_obj_checklist.tsv	analysis/launch_obj_inventory.tsv	analysis/launch_obj_plan.tsv	4	0	0	4	0	0	0
lazy.obj	analysis/lazy_obj_checklist.tsv	analysis/lazy_obj_inventory.tsv	analysis/lazy_obj_plan.tsv	12	0	0	12	0	0	0
lcompat.obj	analysis/lcompat_obj_checklist.tsv	analysis/lcompat_obj_inventory.tsv	analysis/lcompat_obj_plan.tsv	6	0	0	6	0	0	0
lcompata.obj	analysis/lcompata_obj_checklist.tsv	analysis/lcompata_obj_inventory.tsv	analysis/lcompata_obj_plan.tsv	6	0	0	6	0	0	0
ldexp.obj	analysis/ldexp_obj_checklist.tsv	analysis/ldexp_obj_inventory.tsv	analysis/ldexp_obj_plan.tsv	1	0	0	1	0	0	0
ldpda.obj	analysis/ldpda_obj_checklist.tsv	analysis/ldpda_obj_inventory.tsv	analysis/ldpda_obj_plan.tsv	4	0	0	4	0	0	0
lineintp.obj	analysis/lineintp_obj_checklist.tsv	analysis/lineintp_obj_inventory.tsv	analysis/lineintp_obj_plan.tsv	1	0	0	1	0	0	0
livesign.obj	analysis/livesign_obj_checklist.tsv	analysis/livesign_obj_inventory.tsv	analysis/livesign_obj_plan.tsv	9	0	0	9	0	0	0
lldiv.obj	analysis/lldiv_obj_checklist.tsv	analysis/lldiv_obj_inventory.tsv	analysis/lldiv_obj_plan.tsv	1	0	0	1	0	0	0
llmul.obj	analysis/llmul_obj_checklist.tsv	analysis/llmul_obj_inventory.tsv	analysis/llmul_obj_plan.tsv	1	0	0	1	0	0	0
llrem.obj	analysis/llrem_obj_checklist.tsv	analysis/llrem_obj_inventory.tsv	analysis/llrem_obj_plan.tsv	1	0	0	1	0	0	0
llshl.obj	analysis/llshl_obj_checklist.tsv	analysis/llshl_obj_inventory.tsv	analysis/llshl_obj_plan.tsv	1	0	0	1	0	0	0
llshr.obj	analysis/llshr_obj_checklist.tsv	analysis/llshr_obj_inventory.tsv	analysis/llshr_obj_plan.tsv	1	0	0	1	0	0	0
localcache.obj	analysis/localcache_obj_checklist.tsv	analysis/localcache_obj_inventory.tsv	analysis/localcache_obj_plan.tsv	139	0	0	139	0	0	0
localtalker.obj	analysis/localtalker_obj_checklist.tsv	analysis/localtalker_obj_inventory.tsv	analysis/localtalker_obj_plan.tsv	65	0	0	65	0	0	0
localtim.obj	analysis/localtim_obj_checklist.tsv	analysis/localtim_obj_inventory.tsv	analysis/localtim_obj_plan.tsv	1	0	0	1	0	0	0
log2.obj	analysis/log2_obj_checklist.tsv	analysis/log2_obj_inventory.tsv	analysis/log2_obj_plan.tsv	2	0	0	2	0	0	0
logon.obj	analysis/logon_obj_checklist.tsv	analysis/logon_obj_inventory.tsv	analysis/logon_obj_plan.tsv	82	0	0	82	0	0	0
longjmp.obj	analysis/longjmp_obj_checklist.tsv	analysis/longjmp_obj_inventory.tsv	analysis/longjmp_obj_plan.tsv	1	0	0	1	0	0	0
lowhelpr.obj	analysis/lowhelpr_obj_checklist.tsv	analysis/lowhelpr_obj_inventory.tsv	analysis/lowhelpr_obj_plan.tsv	1	0	0	1	0	0	0
lseek.obj	analysis/lseek_obj_checklist.tsv	analysis/lseek_obj_inventory.tsv	analysis/lseek_obj_plan.tsv	2	0	0	2	0	0	0
lseeki64.obj	analysis/lseeki64_obj_checklist.tsv	analysis/lseeki64_obj_inventory.tsv	analysis/lseeki64_obj_plan.tsv	2	0	0	2	0	0	0
magsq.obj	analysis/magsq_obj_checklist.tsv	analysis/magsq_obj_inventory.tsv	analysis/magsq_obj_plan.tsv	2	0	0	2	0	0	0
maketbl.obj	analysis/maketbl_obj_checklist.tsv	analysis/maketbl_obj_inventory.tsv	analysis/maketbl_obj_plan.tsv	2	0	0	2	0	0	0
malloc.obj	analysis/malloc_obj_checklist.tsv	analysis/malloc_obj_inventory.tsv	analysis/malloc_obj_plan.tsv	3	0	0	3	0	0	0
mantold.obj	analysis/mantold_obj_checklist.tsv	analysis/mantold_obj_inventory.tsv	analysis/mantold_obj_plan.tsv	5	0	0	5	0	0	0
match.obj	analysis/match_obj_checklist.tsv	analysis/match_obj_inventory.tsv	analysis/match_obj_plan.tsv	22	0	0	22	0	0	0
math.obj	analysis/math_obj_checklist.tsv	analysis/math_obj_inventory.tsv	analysis/math_obj_plan.tsv	8	0	0	8	0	0	0
matherr.obj	analysis/matherr_obj_checklist.tsv	analysis/matherr_obj_inventory.tsv	analysis/matherr_obj_plan.tsv	1	0	0	1	0	0	0
mbctype.obj	analysis/mbctype_obj_checklist.tsv	analysis/mbctype_obj_inventory.tsv	analysis/mbctype_obj_plan.tsv	4	0	0	4	0	0	0
mbtowc.obj	analysis/mbtowc_obj_checklist.tsv	analysis/mbtowc_obj_inventory.tsv	analysis/mbtowc_obj_plan.tsv	1	0	0	1	0	0	0
mcpapu.obj	analysis/mcpapu_obj_checklist.tsv	analysis/mcpapu_obj_inventory.tsv	analysis/mcpapu_obj_plan.tsv	43	0	0	43	0	0	0
mcpbuf.obj	analysis/mcpbuf_obj_checklist.tsv	analysis/mcpbuf_obj_inventory.tsv	analysis/mcpbuf_obj_plan.tsv	38	0	0	38	0	0	0
mcpstrm.obj	analysis/mcpstrm_obj_checklist.tsv	analysis/mcpstrm_obj_inventory.tsv	analysis/mcpstrm_obj_plan.tsv	39	0	0	39	0	0	0
mcpvoice.obj	analysis/mcpvoice_obj_checklist.tsv	analysis/mcpvoice_obj_inventory.tsv	analysis/mcpvoice_obj_plan.tsv	44	0	0	44	0	0	0
mcpxcore.obj	analysis/mcpxcore_obj_checklist.tsv	analysis/mcpxcore_obj_inventory.tsv	analysis/mcpxcore_obj_plan.tsv	26	0	0	26	0	0	0
md5.obj	analysis/md5_obj_checklist.tsv	analysis/md5_obj_inventory.tsv	analysis/md5_obj_plan.tsv	3	0	0	3	0	0	0
melcep_Int.obj	analysis/melcep_Int_obj_checklist.tsv	analysis/melcep_Int_obj_inventory.tsv	analysis/melcep_Int_obj_plan.tsv	13	0	0	13	0	0	0
mem_lib.o	analysis/mem_lib_o_checklist.tsv	analysis/mem_lib_o_inventory.tsv	analysis/mem_lib_o_plan.tsv	47	37	10	0	0	0	0
mem_lib_platform.o	analysis/mem_lib_platform_o_checklist.tsv	analysis/mem_lib_platform_o_inventory.tsv	analysis/mem_lib_platform_o_plan.tsv	11	9	2	0	0	0	0
memchr.obj	analysis/memchr_obj_checklist.tsv	analysis/memchr_obj_inventory.tsv	analysis/memchr_obj_plan.tsv	1	0	0	1	0	0	0
memcpy.obj	analysis/memcpy_obj_checklist.tsv	analysis/memcpy_obj_inventory.tsv	analysis/memcpy_obj_plan.tsv	1	0	0	1	0	0	0
memmove.obj	analysis/memmove_obj_checklist.tsv	analysis/memmove_obj_inventory.tsv	analysis/memmove_obj_plan.tsv	1	0	0	1	0	0	0
memory.obj	analysis/memory_obj_checklist.tsv	analysis/memory_obj_inventory.tsv	analysis/memory_obj_plan.tsv	17	0	0	17	0	0	0
memset.obj	analysis/memset_obj_checklist.tsv	analysis/memset_obj_inventory.tsv	analysis/memset_obj_plan.tsv	1	0	0	1	0	0	0
memutil.obj	analysis/memutil_obj_checklist.tsv	analysis/memutil_obj_inventory.tsv	analysis/memutil_obj_plan.tsv	13	0	0	13	0	0	0
memutils.obj	analysis/memutils_obj_checklist.tsv	analysis/memutils_obj_inventory.tsv	analysis/memutils_obj_plan.tsv	4	0	0	4	0	0	0
messaging.obj	analysis/messaging_obj_checklist.tsv	analysis/messaging_obj_inventory.tsv	analysis/messaging_obj_plan.tsv	102	0	0	102	0	0	0
mfcc_dual.obj	analysis/mfcc_dual_obj_checklist.tsv	analysis/mfcc_dual_obj_inventory.tsv	analysis/mfcc_dual_obj_plan.tsv	2	0	0	2	0	0	0
midframe.obj	analysis/midframe_obj_checklist.tsv	analysis/midframe_obj_inventory.tsv	analysis/midframe_obj_plan.tsv	1	0	0	1	0	0	0
midpitch.obj	analysis/midpitch_obj_checklist.tsv	analysis/midpitch_obj_inventory.tsv	analysis/midpitch_obj_plan.tsv	2	0	0	2	0	0	0
mifst.obj	analysis/mifst_obj_checklist.tsv	analysis/mifst_obj_inventory.tsv	analysis/mifst_obj_plan.tsv	1	0	0	1	0	0	0
miint.obj	analysis/miint_obj_checklist.tsv	analysis/miint_obj_inventory.tsv	analysis/miint_obj_plan.tsv	1	0	0	1	0	0	0
mlock.obj	analysis/mlock_obj_checklist.tsv	analysis/mlock_obj_inventory.tsv	analysis/mlock_obj_plan.tsv	6	0	0	6	0	0	0
modf.obj	analysis/modf_obj_checklist.tsv	analysis/modf_obj_inventory.tsv	analysis/modf_obj_plan.tsv	1	0	0	1	0	0	0
mountmu.obj	analysis/mountmu_obj_checklist.tsv	analysis/mountmu_obj_inventory.tsv	analysis/mountmu_obj_plan.tsv	6	0	0	6	0	0	0
mp.o	analysis/mp_o_checklist.tsv	analysis/mp_o_inventory.tsv	analysis/mp_o_plan.tsv	1142	874	268	0	0	0	0
mp_actors.o	analysis/mp_actors_o_checklist.tsv	analysis/mp_actors_o_inventory.tsv	analysis/mp_actors_o_plan.tsv	436	388	48	0	0	0	0
mp_anim_wad.o	analysis/mp_anim_wad_o_checklist.tsv	analysis/mp_anim_wad_o_inventory.tsv	analysis/mp_anim_wad_o_plan.tsv	430	10	420	0	0	0	0
mp_level_wad.o	analysis/mp_level_wad_o_checklist.tsv	analysis/mp_level_wad_o_inventory.tsv	analysis/mp_level_wad_o_plan.tsv	1062	36	1026	0	0	0	0
mp_shell.o	analysis/mp_shell_o_checklist.tsv	analysis/mp_shell_o_inventory.tsv	analysis/mp_shell_o_plan.tsv	835	791	44	0	0	0	0
mp_util_wad.o	analysis/mp_util_wad_o_checklist.tsv	analysis/mp_util_wad_o_inventory.tsv	analysis/mp_util_wad_o_plan.tsv	1283	368	915	0	0	0	0
mp_xbox.o	analysis/mp_xbox_o_checklist.tsv	analysis/mp_xbox_o_inventory.tsv	analysis/mp_xbox_o_plan.tsv	77	62	15	0	0	0	0
mpcore.obj	analysis/mpcore_obj_checklist.tsv	analysis/mpcore_obj_inventory.tsv	analysis/mpcore_obj_plan.tsv	25	0	0	25	0	0	0
mpdac.obj	analysis/mpdac_obj_checklist.tsv	analysis/mpdac_obj_inventory.tsv	analysis/mpdac_obj_plan.tsv	2	0	0	2	0	0	0
mphal.obj	analysis/mphal_obj_checklist.tsv	analysis/mphal_obj_inventory.tsv	analysis/mphal_obj_plan.tsv	22	0	0	22	0	0	0
mpintr.obj	analysis/mpintr_obj_checklist.tsv	analysis/mpintr_obj_inventory.tsv	analysis/mpintr_obj_plan.tsv	18	0	0	18	0	0	0
mpmode.obj	analysis/mpmode_obj_checklist.tsv	analysis/mpmode_obj_inventory.tsv	analysis/mpmode_obj_plan.tsv	4	0	0	4	0	0	0
mrb.obj	analysis/mrb_obj_checklist.tsv	analysis/mrb_obj_inventory.tsv	analysis/mrb_obj_plan.tsv	11	0	0	11	0	0	0
msasn1.obj	analysis/msasn1_obj_checklist.tsv	analysis/msasn1_obj_inventory.tsv	analysis/msasn1_obj_plan.tsv	166	0	0	166	0	0	0
msvqpred.obj	analysis/msvqpred_obj_checklist.tsv	analysis/msvqpred_obj_inventory.tsv	analysis/msvqpred_obj_plan.tsv	2	0	0	2	0	0	0
mu.obj	analysis/mu_obj_checklist.tsv	analysis/mu_obj_inventory.tsv	analysis/mu_obj_plan.tsv	10	0	0	10	0	0	0
muldiv.obj	analysis/muldiv_obj_checklist.tsv	analysis/muldiv_obj_inventory.tsv	analysis/muldiv_obj_plan.tsv	1	0	0	1	0	0	0
nal_anim.o	analysis/nal_anim_o_checklist.tsv	analysis/nal_anim_o_inventory.tsv	analysis/nal_anim_o_plan.tsv	29	12	17	0	0	0	0
nal_cache.o	analysis/nal_cache_o_checklist.tsv	analysis/nal_cache_o_inventory.tsv	analysis/nal_cache_o_plan.tsv	7	3	4	0	0	0	0
nal_generic.o	analysis/nal_generic_o_checklist.tsv	analysis/nal_generic_o_inventory.tsv	analysis/nal_generic_o_plan.tsv	68	24	44	0	0	0	0
nal_generic_component.o	analysis/nal_generic_component_o_checklist.tsv	analysis/nal_generic_component_o_inventory.tsv	analysis/nal_generic_component_o_plan.tsv	36	9	27	0	0	0	0
nal_ik.o	analysis/nal_ik_o_checklist.tsv	analysis/nal_ik_o_inventory.tsv	analysis/nal_ik_o_plan.tsv	2	2	0	0	0	0	0
nal_init.o	analysis/nal_init_o_checklist.tsv	analysis/nal_init_o_inventory.tsv	analysis/nal_init_o_plan.tsv	899	181	691	0	0	27	0
nal_initlist.o	analysis/nal_initlist_o_checklist.tsv	analysis/nal_initlist_o_inventory.tsv	analysis/nal_initlist_o_plan.tsv	1	1	0	0	0	0	0
nal_math.o	analysis/nal_math_o_checklist.tsv	analysis/nal_math_o_inventory.tsv	analysis/nal_math_o_plan.tsv	1	1	0	0	0	0	0
nal_sceneanim.o	analysis/nal_sceneanim_o_checklist.tsv	analysis/nal_sceneanim_o_inventory.tsv	analysis/nal_sceneanim_o_plan.tsv	10	0	10	0	0	0	0
nal_skeleton.o	analysis/nal_skeleton_o_checklist.tsv	analysis/nal_skeleton_o_inventory.tsv	analysis/nal_skeleton_o_plan.tsv	10	2	8	0	0	0	0
nal_stream.o	analysis/nal_stream_o_checklist.tsv	analysis/nal_stream_o_inventory.tsv	analysis/nal_stream_o_plan.tsv	18	0	18	0	0	0	0
nciplssc.obj	analysis/nciplssc_obj_checklist.tsv	analysis/nciplssc_obj_inventory.tsv	analysis/nciplssc_obj_plan.tsv	10	0	0	10	0	0	0
ncisase3200.obj	analysis/ncisase3200_obj_checklist.tsv	analysis/ncisase3200_obj_inventory.tsv	analysis/ncisase3200_obj_plan.tsv	18	0	0	18	0	0	0
nciscmr3200.obj	analysis/nciscmr3200_obj_checklist.tsv	analysis/nciscmr3200_obj_inventory.tsv	analysis/nciscmr3200_obj_plan.tsv	12	0	0	12	0	0	0
nelllydurb.obj	analysis/nelllydurb_obj_checklist.tsv	analysis/nelllydurb_obj_inventory.tsv	analysis/nelllydurb_obj_plan.tsv	1	0	0	1	0	0	0
nellymem.obj	analysis/nellymem_obj_checklist.tsv	analysis/nellymem_obj_inventory.tsv	analysis/nellymem_obj_plan.tsv	2	0	0	2	0	0	0
nellyqr.obj	analysis/nellyqr_obj_checklist.tsv	analysis/nellyqr_obj_inventory.tsv	analysis/nellyqr_obj_plan.tsv	1	0	0	1	0	0	0
networkqueue.obj	analysis/networkqueue_obj_checklist.tsv	analysis/networkqueue_obj_inventory.tsv	analysis/networkqueue_obj_plan.tsv	29	0	0	29	0	0	0
nextgen.o	analysis/nextgen_o_checklist.tsv	analysis/nextgen_o_inventory.tsv	analysis/nextgen_o_plan.tsv	8	0	8	0	0	0	0
nfl_common.o	analysis/nfl_common_o_checklist.tsv	analysis/nfl_common_o_inventory.tsv	analysis/nfl_common_o_plan.tsv	10	10	0	0	0	0	0
nfl_debug.o	analysis/nfl_debug_o_checklist.tsv	analysis/nfl_debug_o_inventory.tsv	analysis/nfl_debug_o_plan.tsv	12	12	0	0	0	0	0
nfl_driver.o	analysis/nfl_driver_o_checklist.tsv	analysis/nfl_driver_o_inventory.tsv	analysis/nfl_driver_o_plan.tsv	4	4	0	0	0	0	0
nfl_system.o	analysis/nfl_system_o_checklist.tsv	analysis/nfl_system_o_inventory.tsv	analysis/nfl_system_o_plan.tsv	53	51	2	0	0	0	0
nfl_win32_driver.o	analysis/nfl_win32_driver_o_checklist.tsv	analysis/nfl_win32_driver_o_inventory.tsv	analysis/nfl_win32_driver_o_plan.tsv	9	9	0	0	0	0	0
nfl_xbox_driver.o	analysis/nfl_xbox_driver_o_checklist.tsv	analysis/nfl_xbox_driver_o_inventory.tsv	analysis/nfl_xbox_driver_o_plan.tsv	1	1	0	0	0	0	0
ngl_aux.o	analysis/ngl_aux_o_checklist.tsv	analysis/ngl_aux_o_inventory.tsv	analysis/ngl_aux_o_plan.tsv	164	40	124	0	0	0	0
ngl_debug.o	analysis/ngl_debug_o_checklist.tsv	analysis/ngl_debug_o_inventory.tsv	analysis/ngl_debug_o_plan.tsv	62	61	1	0	0	0	0
ngl_debugdraw.o	analysis/ngl_debugdraw_o_checklist.tsv	analysis/ngl_debugdraw_o_inventory.tsv	analysis/ngl_debugdraw_o_plan.tsv	11	11	0	0	0	0	0
ngl_dx_buf.o	analysis/ngl_dx_buf_o_checklist.tsv	analysis/ngl_dx_buf_o_inventory.tsv	analysis/ngl_dx_buf_o_plan.tsv	4	4	0	0	0	0	0
ngl_dx_core.o	analysis/ngl_dx_core_o_checklist.tsv	analysis/ngl_dx_core_o_inventory.tsv	analysis/ngl_dx_core_o_plan.tsv	43	25	18	0	0	0	0
ngl_dx_debug.o	analysis/ngl_dx_debug_o_checklist.tsv	analysis/ngl_dx_debug_o_inventory.tsv	analysis/ngl_dx_debug_o_plan.tsv	5	5	0	0	0	0	0
ngl_dx_draw.o	analysis/ngl_dx_draw_o_checklist.tsv	analysis/ngl_dx_draw_o_inventory.tsv	analysis/ngl_dx_draw_o_plan.tsv	2	1	1	0	0	0	0
ngl_dx_filters.o	analysis/ngl_dx_filters_o_checklist.tsv	analysis/ngl_dx_filters_o_inventory.tsv	analysis/ngl_dx_filters_o_plan.tsv	28	18	10	0	0	0	0
ngl_dx_font.o	analysis/ngl_dx_font_o_checklist.tsv	analysis/ngl_dx_font_o_inventory.tsv	analysis/ngl_dx_font_o_plan.tsv	2	2	0	0	0	0	0
ngl_dx_fsaa.o	analysis/ngl_dx_fsaa_o_checklist.tsv	analysis/ngl_dx_fsaa_o_inventory.tsv	analysis/ngl_dx_fsaa_o_plan.tsv	2	1	1	0	0	0	0
ngl_dx_mesh.o	analysis/ngl_dx_mesh_o_checklist.tsv	analysis/ngl_dx_mesh_o_inventory.tsv	analysis/ngl_dx_mesh_o_plan.tsv	4	4	0	0	0	0	0
ngl_dx_quad.o	analysis/ngl_dx_quad_o_checklist.tsv	analysis/ngl_dx_quad_o_inventory.tsv	analysis/ngl_dx_quad_o_plan.tsv	11	3	8	0	0	0	0
ngl_dx_scene.o	analysis/ngl_dx_scene_o_checklist.tsv	analysis/ngl_dx_scene_o_inventory.tsv	analysis/ngl_dx_scene_o_plan.tsv	27	18	9	0	0	0	0
ngl_dx_scenedump.o	analysis/ngl_dx_scenedump_o_checklist.tsv	analysis/ngl_dx_scenedump_o_inventory.tsv	analysis/ngl_dx_scenedump_o_plan.tsv	3	3	0	0	0	0	0
ngl_dx_shader.o	analysis/ngl_dx_shader_o_checklist.tsv	analysis/ngl_dx_shader_o_inventory.tsv	analysis/ngl_dx_shader_o_plan.tsv	18	8	10	0	0	0	0
ngl_dx_state.o	analysis/ngl_dx_state_o_checklist.tsv	analysis/ngl_dx_state_o_inventory.tsv	analysis/ngl_dx_state_o_plan.tsv	5	5	0	0	0	0	0
ngl_dx_tex_create.o	analysis/ngl_dx_tex_create_o_checklist.tsv	analysis/ngl_dx_tex_create_o_inventory.tsv	analysis/ngl_dx_tex_create_o_plan.tsv	17	11	6	0	0	0	0
ngl_dx_texture.o	analysis/ngl_dx_texture_o_checklist.tsv	analysis/ngl_dx_texture_o_inventory.tsv	analysis/ngl_dx_texture_o_plan.tsv	17	12	5	0	0	0	0
ngl_font.o	analysis/ngl_font_o_checklist.tsv	analysis/ngl_font_o_inventory.tsv	analysis/ngl_font_o_plan.tsv	27	25	2	0	0	0	0
ngl_gpu.o	analysis/ngl_gpu_o_checklist.tsv	analysis/ngl_gpu_o_inventory.tsv	analysis/ngl_gpu_o_plan.tsv	32	17	15	0	0	0	0
ngl_gpu_debug.o	analysis/ngl_gpu_debug_o_checklist.tsv	analysis/ngl_gpu_debug_o_inventory.tsv	analysis/ngl_gpu_debug_o_plan.tsv	4	2	2	0	0	0	0
ngl_gpu_meshedit.o	analysis/ngl_gpu_meshedit_o_checklist.tsv	analysis/ngl_gpu_meshedit_o_inventory.tsv	analysis/ngl_gpu_meshedit_o_plan.tsv	14	12	2	0	0	0	0
ngl_gpu_texture.o	analysis/ngl_gpu_texture_o_checklist.tsv	analysis/ngl_gpu_texture_o_inventory.tsv	analysis/ngl_gpu_texture_o_plan.tsv	17	0	17	0	0	0	0
ngl_internal.o	analysis/ngl_internal_o_checklist.tsv	analysis/ngl_internal_o_inventory.tsv	analysis/ngl_internal_o_plan.tsv	29	24	5	0	0	0	0
ngl_lighting.o	analysis/ngl_lighting_o_checklist.tsv	analysis/ngl_lighting_o_inventory.tsv	analysis/ngl_lighting_o_plan.tsv	41	22	19	0	0	0	0
ngl_mesh.o	analysis/ngl_mesh_o_checklist.tsv	analysis/ngl_mesh_o_inventory.tsv	analysis/ngl_mesh_o_plan.tsv	33	19	14	0	0	0	0
ngl_meshedit.o	analysis/ngl_meshedit_o_checklist.tsv	analysis/ngl_meshedit_o_inventory.tsv	analysis/ngl_meshedit_o_plan.tsv	9	9	0	0	0	0	0
ngl_morph.o	analysis/ngl_morph_o_checklist.tsv	analysis/ngl_morph_o_inventory.tsv	analysis/ngl_morph_o_plan.tsv	12	10	2	0	0	0	0
ngl_quad.o	analysis/ngl_quad_o_checklist.tsv	analysis/ngl_quad_o_inventory.tsv	analysis/ngl_quad_o_plan.tsv	20	20	0	0	0	0	0
ngl_scene.o	analysis/ngl_scene_o_checklist.tsv	analysis/ngl_scene_o_inventory.tsv	analysis/ngl_scene_o_plan.tsv	150	73	77	0	0	0	0
ngl_scenedump.o	analysis/ngl_scenedump_o_checklist.tsv	analysis/ngl_scenedump_o_inventory.tsv	analysis/ngl_scenedump_o_plan.tsv	7	7	0	0	0	0	0
ngl_texture.o	analysis/ngl_texture_o_checklist.tsv	analysis/ngl_texture_o_inventory.tsv	analysis/ngl_texture_o_plan.tsv	11	9	2	0	0	0	0
ngl_xb_internal.o	analysis/ngl_xb_internal_o_checklist.tsv	analysis/ngl_xb_internal_o_inventory.tsv	analysis/ngl_xb_internal_o_plan.tsv	2	2	0	0	0	0	0
ngl_xb_palette.o	analysis/ngl_xb_palette_o_checklist.tsv	analysis/ngl_xb_palette_o_inventory.tsv	analysis/ngl_xb_palette_o_plan.tsv	13	9	4	0	0	0	0
ngl_xb_tex_load.o	analysis/ngl_xb_tex_load_o_checklist.tsv	analysis/ngl_xb_tex_load_o_inventory.tsv	analysis/ngl_xb_tex_load_o_plan.tsv	2	1	1	0	0	0	0
nicx.obj	analysis/nicx_obj_checklist.tsv	analysis/nicx_obj_inventory.tsv	analysis/nicx_obj_plan.tsv	49	0	0	49	0	0	0
nnet_dual.obj	analysis/nnet_dual_obj_checklist.tsv	analysis/nnet_dual_obj_inventory.tsv	analysis/nnet_dual_obj_plan.tsv	16	0	0	16	0	0	0
nslAram.o	analysis/nslAram_o_checklist.tsv	analysis/nslAram_o_inventory.tsv	analysis/nslAram_o_plan.tsv	9	9	0	0	0	0	0
nslCompat.o	analysis/nslCompat_o_checklist.tsv	analysis/nslCompat_o_inventory.tsv	analysis/nslCompat_o_plan.tsv	21	21	0	0	0	0	0
nslDriverXBOXDSOUND.o	analysis/nslDriverXBOXDSOUND_o_checklist.tsv	analysis/nslDriverXBOXDSOUND_o_inventory.tsv	analysis/nslDriverXBOXDSOUND_o_plan.tsv	56	13	43	0	0	0	0
nslGroup.o	analysis/nslGroup_o_checklist.tsv	analysis/nslGroup_o_inventory.tsv	analysis/nslGroup_o_plan.tsv	8	8	0	0	0	0	0
nslInit.o	analysis/nslInit_o_checklist.tsv	analysis/nslInit_o_inventory.tsv	analysis/nslInit_o_plan.tsv	7	7	0	0	0	0	0
nslListener.o	analysis/nslListener_o_checklist.tsv	analysis/nslListener_o_inventory.tsv	analysis/nslListener_o_plan.tsv	7	7	0	0	0	0	0
nslMaster.o	analysis/nslMaster_o_checklist.tsv	analysis/nslMaster_o_inventory.tsv	analysis/nslMaster_o_plan.tsv	16	16	0	0	0	0	0
nslMemory.o	analysis/nslMemory_o_checklist.tsv	analysis/nslMemory_o_inventory.tsv	analysis/nslMemory_o_plan.tsv	2	2	0	0	0	0	0
nslPriority.o	analysis/nslPriority_o_checklist.tsv	analysis/nslPriority_o_inventory.tsv	analysis/nslPriority_o_plan.tsv	7	7	0	0	0	0	0
nslSource.o	analysis/nslSource_o_checklist.tsv	analysis/nslSource_o_inventory.tsv	analysis/nslSource_o_plan.tsv	69	68	1	0	0	0	0
nslUpdate.o	analysis/nslUpdate_o_checklist.tsv	analysis/nslUpdate_o_inventory.tsv	analysis/nslUpdate_o_plan.tsv	2	2	0	0	0	0	0
nslVoice.o	analysis/nslVoice_o_checklist.tsv	analysis/nslVoice_o_inventory.tsv	analysis/nslVoice_o_plan.tsv	5	5	0	0	0	0	0
nslWave.o	analysis/nslWave_o_checklist.tsv	analysis/nslWave_o_inventory.tsv	analysis/nslWave_o_plan.tsv	15	15	0	0	0	0	0
nslWaveBank.o	analysis/nslWaveBank_o_checklist.tsv	analysis/nslWaveBank_o_inventory.tsv	analysis/nslWaveBank_o_plan.tsv	48	48	0	0	0	0	0
nslWaveBankFixup.o	analysis/nslWaveBankFixup_o_checklist.tsv	analysis/nslWaveBankFixup_o_inventory.tsv	analysis/nslWaveBankFixup_o_plan.tsv	1	1	0	0	0	0	0
nslWaveBankLoader.o	analysis/nslWaveBankLoader_o_checklist.tsv	analysis/nslWaveBankLoader_o_inventory.tsv	analysis/nslWaveBankLoader_o_plan.tsv	5	5	0	0	0	0	0
nslWaveBankSort.o	analysis/nslWaveBankSort_o_checklist.tsv	analysis/nslWaveBankSort_o_inventory.tsv	analysis/nslWaveBankSort_o_plan.tsv	3	3	0	0	0	0	0
nurand.obj	analysis/nurand_obj_checklist.tsv	analysis/nurand_obj_inventory.tsv	analysis/nurand_obj_plan.tsv	1	0	0	1	0	0	0
nvl_afmv.o	analysis/nvl_afmv_o_checklist.tsv	analysis/nvl_afmv_o_inventory.tsv	analysis/nvl_afmv_o_plan.tsv	32	19	13	0	0	0	0
nvl_base.o	analysis/nvl_base_o_checklist.tsv	analysis/nvl_base_o_inventory.tsv	analysis/nvl_base_o_plan.tsv	23	22	1	0	0	0	0
nvl_xbox.o	analysis/nvl_xbox_o_checklist.tsv	analysis/nvl_xbox_o_inventory.tsv	analysis/nvl_xbox_o_plan.tsv	11	6	5	0	0	0	0
ohcd.obj	analysis/ohcd_obj_checklist.tsv	analysis/ohcd_obj_inventory.tsv	analysis/ohcd_obj_plan.tsv	21	0	0	21	0	0	0
oladd.obj	analysis/oladd_obj_checklist.tsv	analysis/oladd_obj_inventory.tsv	analysis/oladd_obj_plan.tsv	1	0	0	1	0	0	0
onexit.obj	analysis/onexit_obj_checklist.tsv	analysis/onexit_obj_inventory.tsv	analysis/onexit_obj_plan.tsv	3	0	0	3	0	0	0
open.obj	analysis/open_obj_checklist.tsv	analysis/open_obj_inventory.tsv	analysis/open_obj_plan.tsv	2	0	0	2	0	0	0
osfinfo.obj	analysis/osfinfo_obj_checklist.tsv	analysis/osfinfo_obj_inventory.tsv	analysis/osfinfo_obj_plan.tsv	7	0	0	7	0	0	0
outbufsc.obj	analysis/outbufsc_obj_checklist.tsv	analysis/outbufsc_obj_inventory.tsv	analysis/outbufsc_obj_plan.tsv	2	0	0	2	0	0	0
output.obj	analysis/output_obj_checklist.tsv	analysis/output_obj_inventory.tsv	analysis/output_obj_plan.tsv	1	0	0	1	0	0	0
outputdebugstringa.obj	analysis/outputdebugstringa_obj_checklist.tsv	analysis/outputdebugstringa_obj_inventory.tsv	analysis/outputdebugstringa_obj_plan.tsv	8	0	0	8	0	0	0
outputdebugstringw.obj	analysis/outputdebugstringw_obj_checklist.tsv	analysis/outputdebugstringw_obj_inventory.tsv	analysis/outputdebugstringw_obj_plan.tsv	1	0	0	1	0	0	0
overadd.obj	analysis/overadd_obj_checklist.tsv	analysis/overadd_obj_inventory.tsv	analysis/overadd_obj_plan.tsv	3	0	0	3	0	0	0
packsc.obj	analysis/packsc_obj_checklist.tsv	analysis/packsc_obj_inventory.tsv	analysis/packsc_obj_plan.tsv	2	0	0	2	0	0	0
painttext.obj	analysis/painttext_obj_checklist.tsv	analysis/painttext_obj_inventory.tsv	analysis/painttext_obj_plan.tsv	13	0	0	13	0	0	0
pathmisc.obj	analysis/pathmisc_obj_checklist.tsv	analysis/pathmisc_obj_inventory.tsv	analysis/pathmisc_obj_plan.tsv	13	0	0	13	0	0	0
pathname.obj	analysis/pathname_obj_checklist.tsv	analysis/pathname_obj_inventory.tsv	analysis/pathname_obj_plan.tsv	10	0	0	10	0	0	0
peakpick.obj	analysis/peakpick_obj_checklist.tsv	analysis/peakpick_obj_inventory.tsv	analysis/peakpick_obj_plan.tsv	1	0	0	1	0	0	0
perfctr.obj	analysis/perfctr_obj_checklist.tsv	analysis/perfctr_obj_inventory.tsv	analysis/perfctr_obj_plan.tsv	2	0	0	2	0	0	0
phys_collision.o	analysis/phys_collision_o_checklist.tsv	analysis/phys_collision_o_inventory.tsv	analysis/phys_collision_o_plan.tsv	24	5	19	0	0	0	0
phys_constraint_solver_multithreaded.o	analysis/phys_constraint_solver_multithreaded_o_checklist.tsv	analysis/phys_constraint_solver_multithreaded_o_inventory.tsv	analysis/phys_constraint_solver_multithreaded_o_plan.tsv	184	17	105	0	0	62	0
phys_contact_manifold.o	analysis/phys_contact_manifold_o_checklist.tsv	analysis/phys_contact_manifold_o_inventory.tsv	analysis/phys_contact_manifold_o_plan.tsv	26	7	19	0	0	0	0
phys_gjk.o	analysis/phys_gjk_o_checklist.tsv	analysis/phys_gjk_o_inventory.tsv	analysis/phys_gjk_o_plan.tsv	37	9	28	0	0	0	0
phys_util.o	analysis/phys_util_o_checklist.tsv	analysis/phys_util_o_inventory.tsv	analysis/phys_util_o_plan.tsv	11	0	11	0	0	0	0
physical.obj	analysis/physical_obj_checklist.tsv	analysis/physical_obj_inventory.tsv	analysis/physical_obj_plan.tsv	6	0	0	6	0	0	0
physics.o	analysis/physics_o_checklist.tsv	analysis/physics_o_inventory.tsv	analysis/physics_o_plan.tsv	747	313	434	0	0	0	0
physics_system.o	analysis/physics_system_o_checklist.tsv	analysis/physics_system_o_inventory.tsv	analysis/physics_system_o_plan.tsv	313	17	296	0	0	0	0
physics_system_internal.o	analysis/physics_system_internal_o_checklist.tsv	analysis/physics_system_internal_o_inventory.tsv	analysis/physics_system_internal_o_plan.tsv	154	29	81	0	0	44	0
pifst.obj	analysis/pifst_obj_checklist.tsv	analysis/pifst_obj_inventory.tsv	analysis/pifst_obj_plan.tsv	1	0	0	1	0	0	0
piint.obj	analysis/piint_obj_checklist.tsv	analysis/piint_obj_inventory.tsv	analysis/piint_obj_plan.tsv	1	0	0	1	0	0	0
pipedelay_dual.obj	analysis/pipedelay_dual_obj_checklist.tsv	analysis/pipedelay_dual_obj_inventory.tsv	analysis/pipedelay_dual_obj_plan.tsv	5	0	0	5	0	0	0
pixeljar.obj	analysis/pixeljar_obj_checklist.tsv	analysis/pixeljar_obj_inventory.tsv	analysis/pixeljar_obj_plan.tsv	16	0	0	16	0	0	0
pixelshader.obj	analysis/pixelshader_obj_checklist.tsv	analysis/pixelshader_obj_inventory.tsv	analysis/pixelshader_obj_plan.tsv	20	0	0	20	0	0	0
pixelshaderopt.obj	analysis/pixelshaderopt_obj_checklist.tsv	analysis/pixelshaderopt_obj_inventory.tsv	analysis/pixelshaderopt_obj_plan.tsv	30	0	0	30	0	0	0
pixelshaderoptimizer.obj	analysis/pixelshaderoptimizer_obj_checklist.tsv	analysis/pixelshaderoptimizer_obj_inventory.tsv	analysis/pixelshaderoptimizer_obj_plan.tsv	39	0	0	39	0	0	0
pixelshaderverifier.obj	analysis/pixelshaderverifier_obj_checklist.tsv	analysis/pixelshaderverifier_obj_inventory.tsv	analysis/pixelshaderverifier_obj_plan.tsv	65	0	0	65	0	0	0
players.obj	analysis/players_obj_checklist.tsv	analysis/players_obj_inventory.tsv	analysis/players_obj_plan.tsv	66	0	0	66	0	0	0
plugin.obj	analysis/plugin_obj_checklist.tsv	analysis/plugin_obj_inventory.tsv	analysis/plugin_obj_plan.tsv	35	0	0	35	0	0	0
png.obj	analysis/png_obj_checklist.tsv	analysis/png_obj_inventory.tsv	analysis/png_obj_plan.tsv	15	0	0	15	0	0	0
pngerror.obj	analysis/pngerror_obj_checklist.tsv	analysis/pngerror_obj_inventory.tsv	analysis/pngerror_obj_plan.tsv	6	0	0	6	0	0	0
pngget.obj	analysis/pngget_obj_checklist.tsv	analysis/pngget_obj_inventory.tsv	analysis/pngget_obj_plan.tsv	9	0	0	9	0	0	0
pngmem.obj	analysis/pngmem_obj_checklist.tsv	analysis/pngmem_obj_inventory.tsv	analysis/pngmem_obj_plan.tsv	6	0	0	6	0	0	0
pngread.obj	analysis/pngread_obj_checklist.tsv	analysis/pngread_obj_inventory.tsv	analysis/pngread_obj_plan.tsv	12	0	0	12	0	0	0
pngrio.obj	analysis/pngrio_obj_checklist.tsv	analysis/pngrio_obj_inventory.tsv	analysis/pngrio_obj_plan.tsv	2	0	0	2	0	0	0
pngrtran.obj	analysis/pngrtran_obj_checklist.tsv	analysis/pngrtran_obj_inventory.tsv	analysis/pngrtran_obj_plan.tsv	21	0	0	21	0	0	0
pngrutil.obj	analysis/pngrutil_obj_checklist.tsv	analysis/pngrutil_obj_inventory.tsv	analysis/pngrutil_obj_plan.tsv	18	0	0	18	0	0	0
pngset.obj	analysis/pngset_obj_checklist.tsv	analysis/pngset_obj_inventory.tsv	analysis/pngset_obj_plan.tsv	7	0	0	7	0	0	0
pngtrans.obj	analysis/pngtrans_obj_checklist.tsv	analysis/pngtrans_obj_inventory.tsv	analysis/pngtrans_obj_plan.tsv	6	0	0	6	0	0	0
polyintp.obj	analysis/polyintp_obj_checklist.tsv	analysis/polyintp_obj_inventory.tsv	analysis/polyintp_obj_plan.tsv	1	0	0	1	0	0	0
pool.obj	analysis/pool_obj_checklist.tsv	analysis/pool_obj_inventory.tsv	analysis/pool_obj_plan.tsv	9	0	0	9	0	0	0
postfilt.obj	analysis/postfilt_obj_checklist.tsv	analysis/postfilt_obj_inventory.tsv	analysis/postfilt_obj_plan.tsv	1	0	0	1	0	0	0
pow.obj	analysis/pow_obj_checklist.tsv	analysis/pow_obj_inventory.tsv	analysis/pow_obj_plan.tsv	3	0	0	3	0	0	0
powerdwn.obj	analysis/powerdwn_obj_checklist.tsv	analysis/powerdwn_obj_inventory.tsv	analysis/powerdwn_obj_plan.tsv	4	0	0	4	0	0	0
powhlp.obj	analysis/powhlp_obj_checklist.tsv	analysis/powhlp_obj_inventory.tsv	analysis/powhlp_obj_plan.tsv	2	0	0	2	0	0	0
preproc.obj	analysis/preproc_obj_checklist.tsv	analysis/preproc_obj_inventory.tsv	analysis/preproc_obj_plan.tsv	3	0	0	3	0	0	0
preprocessor.obj	analysis/preprocessor_obj_checklist.tsv	analysis/preprocessor_obj_inventory.tsv	analysis/preprocessor_obj_plan.tsv	85	0	0	85	0	0	0
presence.obj	analysis/presence_obj_checklist.tsv	analysis/presence_obj_inventory.tsv	analysis/presence_obj_plan.tsv	88	0	0	88	0	0	0
present.obj	analysis/present_obj_checklist.tsv	analysis/present_obj_inventory.tsv	analysis/present_obj_plan.tsv	5	0	0	5	0	0	0
presmsg.obj	analysis/presmsg_obj_checklist.tsv	analysis/presmsg_obj_inventory.tsv	analysis/presmsg_obj_plan.tsv	66	0	0	66	0	0	0
printf.obj	analysis/printf_obj_checklist.tsv	analysis/printf_obj_inventory.tsv	analysis/printf_obj_plan.tsv	1	0	0	1	0	0	0
process.obj	analysis/process_obj_checklist.tsv	analysis/process_obj_inventory.tsv	analysis/process_obj_plan.tsv	5	0	0	5	0	0	0
psalloc.obj	analysis/psalloc_obj_checklist.tsv	analysis/psalloc_obj_inventory.tsv	analysis/psalloc_obj_plan.tsv	16	0	0	16	0	0	0
psbitervca.obj	analysis/psbitervca_obj_checklist.tsv	analysis/psbitervca_obj_inventory.tsv	analysis/psbitervca_obj_plan.tsv	2	0	0	2	0	0	0
psbitrevm6a6as.obj	analysis/psbitrevm6a6as_obj_checklist.tsv	analysis/psbitrevm6a6as_obj_inventory.tsv	analysis/psbitrevm6a6as_obj_plan.tsv	13	0	0	13	0	0	0
pscopyca.obj	analysis/pscopyca_obj_checklist.tsv	analysis/pscopyca_obj_inventory.tsv	analysis/pscopyca_obj_plan.tsv	26	0	0	26	0	0	0
pscopym6a6as.obj	analysis/pscopym6a6as_obj_checklist.tsv	analysis/pscopym6a6as_obj_inventory.tsv	analysis/pscopym6a6as_obj_plan.tsv	16	0	0	16	0	0	0
psdp16sa6as.obj	analysis/psdp16sa6as_obj_checklist.tsv	analysis/psdp16sa6as_obj_inventory.tsv	analysis/psdp16sa6as_obj_plan.tsv	6	0	0	6	0	0	0
psdp32fa6w7as.obj	analysis/psdp32fa6w7as_obj_checklist.tsv	analysis/psdp32fa6w7as_obj_inventory.tsv	analysis/psdp32fa6w7as_obj_plan.tsv	3	0	0	3	0	0	0
psdpca.obj	analysis/psdpca_obj_checklist.tsv	analysis/psdpca_obj_inventory.tsv	analysis/psdpca_obj_plan.tsv	15	0	0	15	0	0	0
psdppxm6ca.obj	analysis/psdppxm6ca_obj_checklist.tsv	analysis/psdppxm6ca_obj_inventory.tsv	analysis/psdppxm6ca_obj_plan.tsv	3	0	0	3	0	0	0
psffts.obj	analysis/psffts_obj_checklist.tsv	analysis/psffts_obj_inventory.tsv	analysis/psffts_obj_plan.tsv	19	0	0	19	0	0	0
psfftsblka6as.obj	analysis/psfftsblka6as_obj_checklist.tsv	analysis/psfftsblka6as_obj_inventory.tsv	analysis/psfftsblka6as_obj_plan.tsv	8	0	0	8	0	0	0
psfftsblkcn.obj	analysis/psfftsblkcn_obj_checklist.tsv	analysis/psfftsblkcn_obj_inventory.tsv	analysis/psfftsblkcn_obj_plan.tsv	6	0	0	6	0	0	0
psfftscorea6as.obj	analysis/psfftscorea6as_obj_checklist.tsv	analysis/psfftscorea6as_obj_inventory.tsv	analysis/psfftscorea6as_obj_plan.tsv	8	0	0	8	0	0	0
psfftscoreca.obj	analysis/psfftscoreca_obj_checklist.tsv	analysis/psfftscoreca_obj_inventory.tsv	analysis/psfftscoreca_obj_plan.tsv	1	0	0	1	0	0	0
psfftsmisca6as.obj	analysis/psfftsmisca6as_obj_checklist.tsv	analysis/psfftsmisca6as_obj_inventory.tsv	analysis/psfftsmisca6as_obj_plan.tsv	2	0	0	2	0	0	0
psfftsreca6as.obj	analysis/psfftsreca6as_obj_checklist.tsv	analysis/psfftsreca6as_obj_inventory.tsv	analysis/psfftsreca6as_obj_plan.tsv	2	0	0	2	0	0	0
psfftsrecca.obj	analysis/psfftsrecca_obj_checklist.tsv	analysis/psfftsrecca_obj_inventory.tsv	analysis/psfftsrecca_obj_plan.tsv	2	0	0	2	0	0	0
pshader.obj	analysis/pshader_obj_checklist.tsv	analysis/pshader_obj_inventory.tsv	analysis/pshader_obj_plan.tsv	19	0	0	19	0	0	0
pshdrval.obj	analysis/pshdrval_obj_checklist.tsv	analysis/pshdrval_obj_inventory.tsv	analysis/pshdrval_obj_plan.tsv	32	0	0	32	0	0	0
psmax.obj	analysis/psmax_obj_checklist.tsv	analysis/psmax_obj_inventory.tsv	analysis/psmax_obj_plan.tsv	3	0	0	3	0	0	0
psmaxa6as.obj	analysis/psmaxa6as_obj_checklist.tsv	analysis/psmaxa6as_obj_inventory.tsv	analysis/psmaxa6as_obj_plan.tsv	1	0	0	1	0	0	0
psmaxa6w7as.obj	analysis/psmaxa6w7as_obj_checklist.tsv	analysis/psmaxa6w7as_obj_inventory.tsv	analysis/psmaxa6w7as_obj_plan.tsv	1	0	0	1	0	0	0
psmaxm6a6as.obj	analysis/psmaxm6a6as_obj_checklist.tsv	analysis/psmaxm6a6as_obj_inventory.tsv	analysis/psmaxm6a6as_obj_plan.tsv	1	0	0	1	0	0	0
psmin.obj	analysis/psmin_obj_checklist.tsv	analysis/psmin_obj_inventory.tsv	analysis/psmin_obj_plan.tsv	3	0	0	3	0	0	0
psmina6as.obj	analysis/psmina6as_obj_checklist.tsv	analysis/psmina6as_obj_inventory.tsv	analysis/psmina6as_obj_plan.tsv	1	0	0	1	0	0	0
psmina6w7as.obj	analysis/psmina6w7as_obj_checklist.tsv	analysis/psmina6w7as_obj_inventory.tsv	analysis/psmina6w7as_obj_plan.tsv	1	0	0	1	0	0	0
psminm6a6as.obj	analysis/psminm6a6as_obj_checklist.tsv	analysis/psminm6a6as_obj_inventory.tsv	analysis/psminm6a6as_obj_plan.tsv	1	0	0	1	0	0	0
psminmaxindxca.obj	analysis/psminmaxindxca_obj_checklist.tsv	analysis/psminmaxindxca_obj_inventory.tsv	analysis/psminmaxindxca_obj_plan.tsv	6	0	0	6	0	0	0
psminmaxm6a6as.obj	analysis/psminmaxm6a6as_obj_checklist.tsv	analysis/psminmaxm6a6as_obj_inventory.tsv	analysis/psminmaxm6a6as_obj_plan.tsv	10	0	0	10	0	0	0
ptchcand.obj	analysis/ptchcand_obj_checklist.tsv	analysis/ptchcand_obj_inventory.tsv	analysis/ptchcand_obj_plan.tsv	1	0	0	1	0	0	0
purevirt.obj	analysis/purevirt_obj_checklist.tsv	analysis/purevirt_obj_inventory.tsv	analysis/purevirt_obj_plan.tsv	2	0	0	2	0	0	0
pusher.obj	analysis/pusher_obj_checklist.tsv	analysis/pusher_obj_inventory.tsv	analysis/pusher_obj_plan.tsv	53	0	0	53	0	0	0
pushres.obj	analysis/pushres_obj_checklist.tsv	analysis/pushres_obj_inventory.tsv	analysis/pushres_obj_plan.tsv	37	0	0	37	0	0	0
qp0sc3.obj	analysis/qp0sc3_obj_checklist.tsv	analysis/qp0sc3_obj_inventory.tsv	analysis/qp0sc3_obj_plan.tsv	3	0	0	3	0	0	0
qsort.obj	analysis/qsort_obj_checklist.tsv	analysis/qsort_obj_inventory.tsv	analysis/qsort_obj_plan.tsv	1	0	0	1	0	0	0
quadpeak.obj	analysis/quadpeak_obj_checklist.tsv	analysis/quadpeak_obj_inventory.tsv	analysis/quadpeak_obj_plan.tsv	1	0	0	1	0	0	0
rand.obj	analysis/rand_obj_checklist.tsv	analysis/rand_obj_inventory.tsv	analysis/rand_obj_plan.tsv	2	0	0	2	0	0	0
rate.obj	analysis/rate_obj_checklist.tsv	analysis/rate_obj_inventory.tsv	analysis/rate_obj_plan.tsv	1	0	0	1	0	0	0
rb_ragdoll_model.o	analysis/rb_ragdoll_model_o_checklist.tsv	analysis/rb_ragdoll_model_o_inventory.tsv	analysis/rb_ragdoll_model_o_plan.tsv	92	22	70	0	0	0	0
rbc_def_contact.o	analysis/rbc_def_contact_o_checklist.tsv	analysis/rbc_def_contact_o_inventory.tsv	analysis/rbc_def_contact_o_plan.tsv	14	2	12	0	0	0	0
rbc_def_custom.o	analysis/rbc_def_custom_o_checklist.tsv	analysis/rbc_def_custom_o_inventory.tsv	analysis/rbc_def_custom_o_plan.tsv	4	2	2	0	0	0	0
rbc_def_generic.o	analysis/rbc_def_generic_o_checklist.tsv	analysis/rbc_def_generic_o_inventory.tsv	analysis/rbc_def_generic_o_plan.tsv	26	13	13	0	0	0	0
rbc_def_ragdoll.o	analysis/rbc_def_ragdoll_o_checklist.tsv	analysis/rbc_def_ragdoll_o_inventory.tsv	analysis/rbc_def_ragdoll_o_plan.tsv	38	17	21	0	0	0	0
rbc_def_vehicle.o	analysis/rbc_def_vehicle_o_checklist.tsv	analysis/rbc_def_vehicle_o_inventory.tsv	analysis/rbc_def_vehicle_o_plan.tsv	46	10	36	0	0	0	0
rdi.obj	analysis/rdi_obj_checklist.tsv	analysis/rdi_obj_inventory.tsv	analysis/rdi_obj_plan.tsv	13	0	0	13	0	0	0
read.obj	analysis/read_obj_checklist.tsv	analysis/read_obj_inventory.tsv	analysis/read_obj_plan.tsv	2	0	0	2	0	0	0
realloc.obj	analysis/realloc_obj_checklist.tsv	analysis/realloc_obj_inventory.tsv	analysis/realloc_obj_plan.tsv	1	0	0	1	0	0	0
reboot.obj	analysis/reboot_obj_checklist.tsv	analysis/reboot_obj_inventory.tsv	analysis/reboot_obj_plan.tsv	9	0	0	9	0	0	0
recorder.obj	analysis/recorder_obj_checklist.tsv	analysis/recorder_obj_inventory.tsv	analysis/recorder_obj_plan.tsv	41	0	0	41	0	0	0
refinec0.obj	analysis/refinec0_obj_checklist.tsv	analysis/refinec0_obj_inventory.tsv	analysis/refinec0_obj_plan.tsv	1	0	0	1	0	0	0
remotetalker.obj	analysis/remotetalker_obj_checklist.tsv	analysis/remotetalker_obj_inventory.tsv	analysis/remotetalker_obj_plan.tsv	45	0	0	45	0	0	0
render.o	analysis/render_o_checklist.tsv	analysis/render_o_inventory.tsv	analysis/render_o_plan.tsv	1038	1032	6	0	0	0	0
resource.obj	analysis/resource_obj_checklist.tsv	analysis/resource_obj_inventory.tsv	analysis/resource_obj_plan.tsv	30	0	0	30	0	0	0
rigid_body.o	analysis/rigid_body_o_checklist.tsv	analysis/rigid_body_o_inventory.tsv	analysis/rigid_body_o_plan.tsv	13	7	6	0	0	0	0
roothub.obj	analysis/roothub_obj_checklist.tsv	analysis/roothub_obj_inventory.tsv	analysis/roothub_obj_plan.tsv	8	0	0	8	0	0	0
rsmsvq.obj	analysis/rsmsvq_obj_checklist.tsv	analysis/rsmsvq_obj_inventory.tsv	analysis/rsmsvq_obj_plan.tsv	2	0	0	2	0	0	0
rtti.obj	analysis/rtti_obj_checklist.tsv	analysis/rtti_obj_inventory.tsv	analysis/rtti_obj_plan.tsv	3	0	0	3	0	0	0
s3tc.obj	analysis/s3tc_obj_checklist.tsv	analysis/s3tc_obj_inventory.tsv	analysis/s3tc_obj_plan.tsv	7	0	0	7	0	0	0
s3tchelp.obj	analysis/s3tchelp_obj_checklist.tsv	analysis/s3tchelp_obj_inventory.tsv	analysis/s3tchelp_obj_plan.tsv	2	0	0	2	0	0	0
sbit.obj	analysis/sbit_obj_checklist.tsv	analysis/sbit_obj_inventory.tsv	analysis/sbit_obj_plan.tsv	26	0	0	26	0	0	0
scale.obj	analysis/scale_obj_checklist.tsv	analysis/scale_obj_inventory.tsv	analysis/scale_obj_plan.tsv	63	0	0	63	0	0	0
scalevec.obj	analysis/scalevec_obj_checklist.tsv	analysis/scalevec_obj_inventory.tsv	analysis/scalevec_obj_plan.tsv	1	0	0	1	0	0	0
scanlist.obj	analysis/scanlist_obj_checklist.tsv	analysis/scanlist_obj_inventory.tsv	analysis/scanlist_obj_plan.tsv	34	0	0	34	0	0	0
scbitmap.obj	analysis/scbitmap_obj_checklist.tsv	analysis/scbitmap_obj_inventory.tsv	analysis/scbitmap_obj_plan.tsv	7	0	0	7	0	0	0
scendpt.obj	analysis/scendpt_obj_checklist.tsv	analysis/scendpt_obj_inventory.tsv	analysis/scendpt_obj_plan.tsv	12	0	0	12	0	0	0
scentry.obj	analysis/scentry_obj_checklist.tsv	analysis/scentry_obj_inventory.tsv	analysis/scentry_obj_plan.tsv	10	0	0	10	0	0	0
schedule.obj	analysis/schedule_obj_checklist.tsv	analysis/schedule_obj_inventory.tsv	analysis/schedule_obj_plan.tsv	7	0	0	7	0	0	0
scline.obj	analysis/scline_obj_checklist.tsv	analysis/scline_obj_inventory.tsv	analysis/scline_obj_plan.tsv	4	0	0	4	0	0	0
scmemory.obj	analysis/scmemory_obj_checklist.tsv	analysis/scmemory_obj_inventory.tsv	analysis/scmemory_obj_plan.tsv	3	0	0	3	0	0	0
scr.o	analysis/scr_o_checklist.tsv	analysis/scr_o_inventory.tsv	analysis/scr_o_plan.tsv	1540	905	635	0	0	0	0
scspline.obj	analysis/scspline_obj_checklist.tsv	analysis/scspline_obj_inventory.tsv	analysis/scspline_obj_plan.tsv	4	0	0	4	0	0	0
secchk.obj	analysis/secchk_obj_checklist.tsv	analysis/secchk_obj_inventory.tsv	analysis/secchk_obj_plan.tsv	1	0	0	1	0	0	0
seccinit.obj	analysis/seccinit_obj_checklist.tsv	analysis/seccinit_obj_inventory.tsv	analysis/seccinit_obj_plan.tsv	1	0	0	1	0	0	0
secfail.obj	analysis/secfail_obj_checklist.tsv	analysis/secfail_obj_inventory.tsv	analysis/secfail_obj_plan.tsv	4	0	0	4	0	0	0
seevoc.obj	analysis/seevoc_obj_checklist.tsv	analysis/seevoc_obj_inventory.tsv	analysis/seevoc_obj_plan.tsv	1	0	0	1	0	0	0
sehprolg.obj	analysis/sehprolg_obj_checklist.tsv	analysis/sehprolg_obj_inventory.tsv	analysis/sehprolg_obj_plan.tsv	2	0	0	2	0	0	0
sehsupp.obj	analysis/sehsupp_obj_checklist.tsv	analysis/sehsupp_obj_inventory.tsv	analysis/sehsupp_obj_plan.tsv	1	0	0	1	0	0	0
selepeak.obj	analysis/selepeak_obj_checklist.tsv	analysis/selepeak_obj_inventory.tsv	analysis/selepeak_obj_plan.tsv	1	0	0	1	0	0	0
service.obj	analysis/service_obj_checklist.tsv	analysis/service_obj_inventory.tsv	analysis/service_obj_plan.tsv	1	0	0	1	0	0	0
setamps.obj	analysis/setamps_obj_checklist.tsv	analysis/setamps_obj_inventory.tsv	analysis/setamps_obj_plan.tsv	2	0	0	2	0	0	0
setjmp3.obj	analysis/setjmp3_obj_checklist.tsv	analysis/setjmp3_obj_inventory.tsv	analysis/setjmp3_obj_plan.tsv	1	0	0	1	0	0	0
setmode.obj	analysis/setmode_obj_checklist.tsv	analysis/setmode_obj_inventory.tsv	analysis/setmode_obj_plan.tsv	2	0	0	2	0	0	0
setvbuf.obj	analysis/setvbuf_obj_checklist.tsv	analysis/setvbuf_obj_inventory.tsv	analysis/setvbuf_obj_plan.tsv	1	0	0	1	0	0	0
sfntaccs.obj	analysis/sfntaccs_obj_checklist.tsv	analysis/sfntaccs_obj_inventory.tsv	analysis/sfntaccs_obj_plan.tsv	40	0	0	40	0	0	0
shadersnapshot.obj	analysis/shadersnapshot_obj_checklist.tsv	analysis/shadersnapshot_obj_inventory.tsv	analysis/shadersnapshot_obj_plan.tsv	40	0	0	40	0	0	0
shell.o	analysis/shell_o_checklist.tsv	analysis/shell_o_inventory.tsv	analysis/shell_o_plan.tsv	2214	1756	458	0	0	0	0
sin.obj	analysis/sin_obj_checklist.tsv	analysis/sin_obj_inventory.tsv	analysis/sin_obj_plan.tsv	1	0	0	1	0	0	0
skin.obj	analysis/skin_obj_checklist.tsv	analysis/skin_obj_inventory.tsv	analysis/skin_obj_plan.tsv	22	0	0	22	0	0	0
snprintf.obj	analysis/snprintf_obj_checklist.tsv	analysis/snprintf_obj_inventory.tsv	analysis/snprintf_obj_plan.tsv	1	0	0	1	0	0	0
snwprint.obj	analysis/snwprint_obj_checklist.tsv	analysis/snwprint_obj_inventory.tsv	analysis/snwprint_obj_plan.tsv	1	0	0	1	0	0	0
sock.obj	analysis/sock_obj_checklist.tsv	analysis/sock_obj_inventory.tsv	analysis/sock_obj_plan.tsv	141	0	0	141	0	0	0
socktcp.obj	analysis/socktcp_obj_checklist.tsv	analysis/socktcp_obj_inventory.tsv	analysis/socktcp_obj_plan.tsv	95	0	0	95	0	0	0
sockudp.obj	analysis/sockudp_obj_checklist.tsv	analysis/sockudp_obj_inventory.tsv	analysis/sockudp_obj_plan.tsv	10	0	0	10	0	0	0
spcbm.obj	analysis/spcbm_obj_checklist.tsv	analysis/spcbm_obj_inventory.tsv	analysis/spcbm_obj_plan.tsv	4	0	0	4	0	0	0
sprintf.obj	analysis/sprintf_obj_checklist.tsv	analysis/sprintf_obj_inventory.tsv	analysis/sprintf_obj_plan.tsv	2	0	0	2	0	0	0
sq.obj	analysis/sq_obj_checklist.tsv	analysis/sq_obj_inventory.tsv	analysis/sq_obj_plan.tsv	2	0	0	2	0	0	0
sqlawpks.obj	analysis/sqlawpks_obj_checklist.tsv	analysis/sqlawpks_obj_inventory.tsv	analysis/sqlawpks_obj_plan.tsv	1	0	0	1	0	0	0
sqrt.obj	analysis/sqrt_obj_checklist.tsv	analysis/sqrt_obj_inventory.tsv	analysis/sqrt_obj_plan.tsv	1	0	0	1	0	0	0
sscanf.obj	analysis/sscanf_obj_checklist.tsv	analysis/sscanf_obj_inventory.tsv	analysis/sscanf_obj_plan.tsv	1	0	0	1	0	0	0
state.obj	analysis/state_obj_checklist.tsv	analysis/state_obj_inventory.tsv	analysis/state_obj_plan.tsv	52	0	0	52	0	0	0
stats.obj	analysis/stats_obj_checklist.tsv	analysis/stats_obj_inventory.tsv	analysis/stats_obj_plan.tsv	61	0	0	61	0	0	0
stdexcpt.obj	analysis/stdexcpt_obj_checklist.tsv	analysis/stdexcpt_obj_inventory.tsv	analysis/stdexcpt_obj_plan.tsv	23	0	0	23	0	0	0
stftpks.obj	analysis/stftpks_obj_checklist.tsv	analysis/stftpks_obj_inventory.tsv	analysis/stftpks_obj_plan.tsv	1	0	0	1	0	0	0
stordl.obj	analysis/stordl_obj_checklist.tsv	analysis/stordl_obj_inventory.tsv	analysis/stordl_obj_plan.tsv	9	0	0	9	0	0	0
storul.obj	analysis/storul_obj_checklist.tsv	analysis/storul_obj_inventory.tsv	analysis/storul_obj_plan.tsv	44	0	0	44	0	0	0
storutil.obj	analysis/storutil_obj_checklist.tsv	analysis/storutil_obj_inventory.tsv	analysis/storutil_obj_plan.tsv	19	0	0	19	0	0	0
strcat.obj	analysis/strcat_obj_checklist.tsv	analysis/strcat_obj_inventory.tsv	analysis/strcat_obj_plan.tsv	2	0	0	2	0	0	0
strchr.obj	analysis/strchr_obj_checklist.tsv	analysis/strchr_obj_inventory.tsv	analysis/strchr_obj_plan.tsv	1	0	0	1	0	0	0
strcmp.obj	analysis/strcmp_obj_checklist.tsv	analysis/strcmp_obj_inventory.tsv	analysis/strcmp_obj_plan.tsv	1	0	0	1	0	0	0
strcspn.obj	analysis/strcspn_obj_checklist.tsv	analysis/strcspn_obj_inventory.tsv	analysis/strcspn_obj_plan.tsv	1	0	0	1	0	0	0
strdup.obj	analysis/strdup_obj_checklist.tsv	analysis/strdup_obj_inventory.tsv	analysis/strdup_obj_plan.tsv	2	0	0	2	0	0	0
stream.obj	analysis/stream_obj_checklist.tsv	analysis/stream_obj_inventory.tsv	analysis/stream_obj_plan.tsv	1	0	0	1	0	0	0
streamer.o	analysis/streamer_o_checklist.tsv	analysis/streamer_o_inventory.tsv	analysis/streamer_o_plan.tsv	730	345	385	0	0	0	0
strgtold.obj	analysis/strgtold_obj_checklist.tsv	analysis/strgtold_obj_inventory.tsv	analysis/strgtold_obj_plan.tsv	2	0	0	2	0	0	0
stricmp.obj	analysis/stricmp_obj_checklist.tsv	analysis/stricmp_obj_inventory.tsv	analysis/stricmp_obj_plan.tsv	2	0	0	2	0	0	0
string.obj	analysis/string_obj_checklist.tsv	analysis/string_obj_inventory.tsv	analysis/string_obj_plan.tsv	14	0	0	14	0	0	0
strlen.obj	analysis/strlen_obj_checklist.tsv	analysis/strlen_obj_inventory.tsv	analysis/strlen_obj_plan.tsv	1	0	0	1	0	0	0
strlwr.obj	analysis/strlwr_obj_checklist.tsv	analysis/strlwr_obj_inventory.tsv	analysis/strlwr_obj_plan.tsv	2	0	0	2	0	0	0
strncat.obj	analysis/strncat_obj_checklist.tsv	analysis/strncat_obj_inventory.tsv	analysis/strncat_obj_plan.tsv	1	0	0	1	0	0	0
strncmp.obj	analysis/strncmp_obj_checklist.tsv	analysis/strncmp_obj_inventory.tsv	analysis/strncmp_obj_plan.tsv	1	0	0	1	0	0	0
strncpy.obj	analysis/strncpy_obj_checklist.tsv	analysis/strncpy_obj_inventory.tsv	analysis/strncpy_obj_plan.tsv	1	0	0	1	0	0	0
strnicmp.obj	analysis/strnicmp_obj_checklist.tsv	analysis/strnicmp_obj_inventory.tsv	analysis/strnicmp_obj_plan.tsv	2	0	0	2	0	0	0
strrchr.obj	analysis/strrchr_obj_checklist.tsv	analysis/strrchr_obj_inventory.tsv	analysis/strrchr_obj_plan.tsv	1	0	0	1	0	0	0
strstr.obj	analysis/strstr_obj_checklist.tsv	analysis/strstr_obj_inventory.tsv	analysis/strstr_obj_plan.tsv	1	0	0	1	0	0	0
strtod.obj	analysis/strtod_obj_checklist.tsv	analysis/strtod_obj_inventory.tsv	analysis/strtod_obj_plan.tsv	1	0	0	1	0	0	0
strtok.obj	analysis/strtok_obj_checklist.tsv	analysis/strtok_obj_inventory.tsv	analysis/strtok_obj_plan.tsv	1	0	0	1	0	0	0
strtol.obj	analysis/strtol_obj_checklist.tsv	analysis/strtol_obj_inventory.tsv	analysis/strtol_obj_plan.tsv	2	0	0	2	0	0	0
strupr.obj	analysis/strupr_obj_checklist.tsv	analysis/strupr_obj_inventory.tsv	analysis/strupr_obj_plan.tsv	2	0	0	2	0	0	0
subfmsyn.obj	analysis/subfmsyn_obj_checklist.tsv	analysis/subfmsyn_obj_inventory.tsv	analysis/subfmsyn_obj_plan.tsv	3	0	0	3	0	0	0
subpixel.obj	analysis/subpixel_obj_checklist.tsv	analysis/subpixel_obj_inventory.tsv	analysis/subpixel_obj_plan.tsv	1	0	0	1	0	0	0
support.obj	analysis/support_obj_checklist.tsv	analysis/support_obj_inventory.tsv	analysis/support_obj_plan.tsv	2	0	0	2	0	0	0
surface.obj	analysis/surface_obj_checklist.tsv	analysis/surface_obj_inventory.tsv	analysis/surface_obj_plan.tsv	11	0	0	11	0	0	0
surfacetofile.obj	analysis/surfacetofile_obj_checklist.tsv	analysis/surfacetofile_obj_inventory.tsv	analysis/surfacetofile_obj_plan.tsv	1	0	0	1	0	0	0
sv.o	analysis/sv_o_checklist.tsv	analysis/sv_o_inventory.tsv	analysis/sv_o_plan.tsv	148	136	12	0	0	0	0
swizzler.obj	analysis/swizzler_obj_checklist.tsv	analysis/swizzler_obj_inventory.tsv	analysis/swizzler_obj_plan.tsv	46	0	0	46	0	0	0
swprintf.obj	analysis/swprintf_obj_checklist.tsv	analysis/swprintf_obj_inventory.tsv	analysis/swprintf_obj_plan.tsv	2	0	0	2	0	0	0
swsynth.obj	analysis/swsynth_obj_checklist.tsv	analysis/swsynth_obj_inventory.tsv	analysis/swsynth_obj_plan.tsv	2	0	0	2	0	0	0
symmdec.obj	analysis/symmdec_obj_checklist.tsv	analysis/symmdec_obj_inventory.tsv	analysis/symmdec_obj_plan.tsv	4	0	0	4	0	0	0
symwinsp.obj	analysis/symwinsp_obj_checklist.tsv	analysis/symwinsp_obj_inventory.tsv	analysis/symwinsp_obj_plan.tsv	1	0	0	1	0	0	0
synch.obj	analysis/synch_obj_checklist.tsv	analysis/synch_obj_inventory.tsv	analysis/synch_obj_plan.tsv	22	0	0	22	0	0	0
tcpipxsum.obj	analysis/tcpipxsum_obj_checklist.tsv	analysis/tcpipxsum_obj_inventory.tsv	analysis/tcpipxsum_obj_plan.tsv	1	0	0	1	0	0	0
teams.obj	analysis/teams_obj_checklist.tsv	analysis/teams_obj_inventory.tsv	analysis/teams_obj_plan.tsv	44	0	0	44	0	0	0
tenpow.obj	analysis/tenpow_obj_checklist.tsv	analysis/tenpow_obj_inventory.tsv	analysis/tenpow_obj_plan.tsv	2	0	0	2	0	0	0
texture.obj	analysis/texture_obj_checklist.tsv	analysis/texture_obj_inventory.tsv	analysis/texture_obj_plan.tsv	12	0	0	12	0	0	0
thread.obj	analysis/thread_obj_checklist.tsv	analysis/thread_obj_inventory.tsv	analysis/thread_obj_plan.tsv	25	0	0	25	0	0	0
throw.obj	analysis/throw_obj_checklist.tsv	analysis/throw_obj_inventory.tsv	analysis/throw_obj_plan.tsv	1	0	0	1	0	0	0
tidtable.obj	analysis/tidtable_obj_checklist.tsv	analysis/tidtable_obj_inventory.tsv	analysis/tidtable_obj_plan.tsv	9	0	0	9	0	0	0
timing.obj	analysis/timing_obj_checklist.tsv	analysis/timing_obj_inventory.tsv	analysis/timing_obj_plan.tsv	46	0	0	46	0	0	0
titlecache.obj	analysis/titlecache_obj_checklist.tsv	analysis/titlecache_obj_inventory.tsv	analysis/titlecache_obj_plan.tsv	16	0	0	16	0	0	0
tl_initlist.o	analysis/tl_initlist_o_checklist.tsv	analysis/tl_initlist_o_inventory.tsv	analysis/tl_initlist_o_plan.tsv	1	1	0	0	0	0	0
tl_instbank.o	analysis/tl_instbank_o_checklist.tsv	analysis/tl_instbank_o_inventory.tsv	analysis/tl_instbank_o_plan.tsv	9	9	0	0	0	0	0
tl_system.o	analysis/tl_system_o_checklist.tsv	analysis/tl_system_o_inventory.tsv	analysis/tl_system_o_plan.tsv	25	23	2	0	0	0	0
tls.obj	analysis/tls_obj_checklist.tsv	analysis/tls_obj_inventory.tsv	analysis/tls_obj_plan.tsv	4	0	0	4	0	0	0
tolower.obj	analysis/tolower_obj_checklist.tsv	analysis/tolower_obj_inventory.tsv	analysis/tolower_obj_plan.tsv	2	0	0	2	0	0	0
toupper.obj	analysis/toupper_obj_checklist.tsv	analysis/toupper_obj_inventory.tsv	analysis/toupper_obj_plan.tsv	2	0	0	2	0	0	0
towlower.obj	analysis/towlower_obj_checklist.tsv	analysis/towlower_obj_inventory.tsv	analysis/towlower_obj_plan.tsv	1	0	0	1	0	0	0
transfer.obj	analysis/transfer_obj_checklist.tsv	analysis/transfer_obj_inventory.tsv	analysis/transfer_obj_plan.tsv	15	0	0	15	0	0	0
tree.obj	analysis/tree_obj_checklist.tsv	analysis/tree_obj_inventory.tsv	analysis/tree_obj_plan.tsv	35	0	0	35	0	0	0
trees.o	analysis/trees_o_checklist.tsv	analysis/trees_o_inventory.tsv	analysis/trees_o_plan.tsv	5	5	0	0	0	0	0
trnsctrl.obj	analysis/trnsctrl_obj_checklist.tsv	analysis/trnsctrl_obj_inventory.tsv	analysis/trnsctrl_obj_plan.tsv	13	0	0	13	0	0	0
troubleshoot.obj	analysis/troubleshoot_obj_checklist.tsv	analysis/troubleshoot_obj_inventory.tsv	analysis/troubleshoot_obj_plan.tsv	7	0	0	7	0	0	0
truetype.obj	analysis/truetype_obj_checklist.tsv	analysis/truetype_obj_inventory.tsv	analysis/truetype_obj_plan.tsv	3	0	0	3	0	0	0
tx.o	analysis/tx_o_checklist.tsv	analysis/tx_o_inventory.tsv	analysis/tx_o_plan.tsv	5	5	0	0	0	0	0
txPath.o	analysis/txPath_o_checklist.tsv	analysis/txPath_o_inventory.tsv	analysis/txPath_o_plan.tsv	11	11	0	0	0	0	0
txSlotPool.o	analysis/txSlotPool_o_checklist.tsv	analysis/txSlotPool_o_inventory.tsv	analysis/txSlotPool_o_plan.tsv	15	15	0	0	0	0	0
tx_tl.o	analysis/tx_tl_o_checklist.tsv	analysis/tx_tl_o_inventory.tsv	analysis/tx_tl_o_plan.tsv	8	8	0	0	0	0	0
typeinfo.obj	analysis/typeinfo_obj_checklist.tsv	analysis/typeinfo_obj_inventory.tsv	analysis/typeinfo_obj_plan.tsv	2	0	0	2	0	0	0
typinfo.obj	analysis/typinfo_obj_checklist.tsv	analysis/typinfo_obj_inventory.tsv	analysis/typinfo_obj_plan.tsv	9	0	0	9	0	0	0
tzset.obj	analysis/tzset_obj_checklist.tsv	analysis/tzset_obj_inventory.tsv	analysis/tzset_obj_plan.tsv	3	0	0	3	0	0	0
uiobj.obj	analysis/uiobj_obj_checklist.tsv	analysis/uiobj_obj_inventory.tsv	analysis/uiobj_obj_plan.tsv	24	0	0	24	0	0	0
uixlogon.obj	analysis/uixlogon_obj_checklist.tsv	analysis/uixlogon_obj_inventory.tsv	analysis/uixlogon_obj_plan.tsv	87	0	0	87	0	0	0
ulldiv.obj	analysis/ulldiv_obj_checklist.tsv	analysis/ulldiv_obj_inventory.tsv	analysis/ulldiv_obj_plan.tsv	1	0	0	1	0	0	0
ullrem.obj	analysis/ullrem_obj_checklist.tsv	analysis/ullrem_obj_inventory.tsv	analysis/ullrem_obj_plan.tsv	1	0	0	1	0	0	0
ullshr.obj	analysis/ullshr_obj_checklist.tsv	analysis/ullshr_obj_inventory.tsv	analysis/ullshr_obj_plan.tsv	1	0	0	1	0	0	0
uncompr.o	analysis/uncompr_o_checklist.tsv	analysis/uncompr_o_inventory.tsv	analysis/uncompr_o_plan.tsv	1	1	0	0	0	0	0
ungetc.obj	analysis/ungetc_obj_checklist.tsv	analysis/ungetc_obj_inventory.tsv	analysis/ungetc_obj_plan.tsv	2	0	0	2	0	0	0
unhandld.obj	analysis/unhandld_obj_checklist.tsv	analysis/unhandld_obj_inventory.tsv	analysis/unhandld_obj_plan.tsv	3	0	0	3	0	0	0
unzip.o	analysis/unzip_o_checklist.tsv	analysis/unzip_o_inventory.tsv	analysis/unzip_o_plan.tsv	18	0	18	0	0	0	0
upload.obj	analysis/upload_obj_checklist.tsv	analysis/upload_obj_inventory.tsv	analysis/upload_obj_plan.tsv	27	0	0	27	0	0	0
upnpnat.obj	analysis/upnpnat_obj_checklist.tsv	analysis/upnpnat_obj_inventory.tsv	analysis/upnpnat_obj_plan.tsv	20	0	0	20	0	0	0
usbd.obj	analysis/usbd_obj_checklist.tsv	analysis/usbd_obj_inventory.tsv	analysis/usbd_obj_plan.tsv	9	0	0	9	0	0	0
usbdev.obj	analysis/usbdev_obj_checklist.tsv	analysis/usbdev_obj_inventory.tsv	analysis/usbdev_obj_plan.tsv	31	0	0	31	0	0	0
usbinit.obj	analysis/usbinit_obj_checklist.tsv	analysis/usbinit_obj_inventory.tsv	analysis/usbinit_obj_plan.tsv	4	0	0	4	0	0	0
usbmem.obj	analysis/usbmem_obj_checklist.tsv	analysis/usbmem_obj_inventory.tsv	analysis/usbmem_obj_plan.tsv	2	0	0	2	0	0	0
users.obj	analysis/users_obj_checklist.tsv	analysis/users_obj_inventory.tsv	analysis/users_obj_plan.tsv	23	0	0	23	0	0	0
util.obj	analysis/util_obj_checklist.tsv	analysis/util_obj_inventory.tsv	analysis/util_obj_plan.tsv	11	0	0	11	0	0	0
uvphase.obj	analysis/uvphase_obj_checklist.tsv	analysis/uvphase_obj_inventory.tsv	analysis/uvphase_obj_plan.tsv	1	0	0	1	0	0	0
valbase.obj	analysis/valbase_obj_checklist.tsv	analysis/valbase_obj_inventory.tsv	analysis/valbase_obj_plan.tsv	21	0	0	21	0	0	0
validate.obj	analysis/validate_obj_checklist.tsv	analysis/validate_obj_inventory.tsv	analysis/validate_obj_plan.tsv	3	0	0	3	0	0	0
vfntcreatefont.obj	analysis/vfntcreatefont_obj_checklist.tsv	analysis/vfntcreatefont_obj_inventory.tsv	analysis/vfntcreatefont_obj_plan.tsv	3	0	0	3	0	0	0
vfntinterface.obj	analysis/vfntinterface_obj_checklist.tsv	analysis/vfntinterface_obj_inventory.tsv	analysis/vfntinterface_obj_plan.tsv	3	0	0	3	0	0	0
vfntutility.obj	analysis/vfntutility_obj_checklist.tsv	analysis/vfntutility_obj_inventory.tsv	analysis/vfntutility_obj_plan.tsv	10	0	0	10	0	0	0
vfprintf.obj	analysis/vfprintf_obj_checklist.tsv	analysis/vfprintf_obj_inventory.tsv	analysis/vfprintf_obj_plan.tsv	1	0	0	1	0	0	0
virtual.obj	analysis/virtual_obj_checklist.tsv	analysis/virtual_obj_inventory.tsv	analysis/virtual_obj_plan.tsv	9	0	0	9	0	0	0
voicechatmode.obj	analysis/voicechatmode_obj_checklist.tsv	analysis/voicechatmode_obj_inventory.tsv	analysis/voicechatmode_obj_plan.tsv	91	0	0	91	0	0	0
voicecodecsutils.obj	analysis/voicecodecsutils_obj_checklist.tsv	analysis/voicecodecsutils_obj_inventory.tsv	analysis/voicecodecsutils_obj_plan.tsv	2	0	0	2	0	0	0
voicedecoder.obj	analysis/voicedecoder_obj_checklist.tsv	analysis/voicedecoder_obj_inventory.tsv	analysis/voicedecoder_obj_plan.tsv	4	0	0	4	0	0	0
voiceencoder.obj	analysis/voiceencoder_obj_checklist.tsv	analysis/voiceencoder_obj_inventory.tsv	analysis/voiceencoder_obj_plan.tsv	11	0	0	11	0	0	0
voicemail.obj	analysis/voicemail_obj_checklist.tsv	analysis/voicemail_obj_inventory.tsv	analysis/voicemail_obj_plan.tsv	53	0	0	53	0	0	0
voicemailmode.obj	analysis/voicemailmode_obj_checklist.tsv	analysis/voicemailmode_obj_inventory.tsv	analysis/voicemailmode_obj_plan.tsv	27	0	0	27	0	0	0
voicing.obj	analysis/voicing_obj_checklist.tsv	analysis/voicing_obj_inventory.tsv	analysis/voicing_obj_plan.tsv	2	0	0	2	0	0	0
voicld.obj	analysis/voicld_obj_checklist.tsv	analysis/voicld_obj_inventory.tsv	analysis/voicld_obj_plan.tsv	2	0	0	2	0	0	0
vq2.obj	analysis/vq2_obj_checklist.tsv	analysis/vq2_obj_inventory.tsv	analysis/vq2_obj_plan.tsv	2	0	0	2	0	0	0
vshader.obj	analysis/vshader_obj_checklist.tsv	analysis/vshader_obj_inventory.tsv	analysis/vshader_obj_plan.tsv	36	0	0	36	0	0	0
vshdrval.obj	analysis/vshdrval_obj_checklist.tsv	analysis/vshdrval_obj_inventory.tsv	analysis/vshdrval_obj_plan.tsv	31	0	0	31	0	0	0
vsnprint.obj	analysis/vsnprint_obj_checklist.tsv	analysis/vsnprint_obj_inventory.tsv	analysis/vsnprint_obj_plan.tsv	1	0	0	1	0	0	0
vsnwprnt.obj	analysis/vsnwprnt_obj_checklist.tsv	analysis/vsnwprnt_obj_inventory.tsv	analysis/vsnwprnt_obj_plan.tsv	1	0	0	1	0	0	0
vsprintf.obj	analysis/vsprintf_obj_checklist.tsv	analysis/vsprintf_obj_inventory.tsv	analysis/vsprintf_obj_plan.tsv	2	0	0	2	0	0	0
vswprint.obj	analysis/vswprint_obj_checklist.tsv	analysis/vswprint_obj_inventory.tsv	analysis/vswprint_obj_plan.tsv	2	0	0	2	0	0	0
warp.obj	analysis/warp_obj_checklist.tsv	analysis/warp_obj_inventory.tsv	analysis/warp_obj_plan.tsv	2	0	0	2	0	0	0
wavexmo.obj	analysis/wavexmo_obj_checklist.tsv	analysis/wavexmo_obj_inventory.tsv	analysis/wavexmo_obj_plan.tsv	41	0	0	41	0	0	0
wcscat.obj	analysis/wcscat_obj_checklist.tsv	analysis/wcscat_obj_inventory.tsv	analysis/wcscat_obj_plan.tsv	2	0	0	2	0	0	0
wcschr.obj	analysis/wcschr_obj_checklist.tsv	analysis/wcschr_obj_inventory.tsv	analysis/wcschr_obj_plan.tsv	1	0	0	1	0	0	0
wcscmp.obj	analysis/wcscmp_obj_checklist.tsv	analysis/wcscmp_obj_inventory.tsv	analysis/wcscmp_obj_plan.tsv	1	0	0	1	0	0	0
wcsicmp.obj	analysis/wcsicmp_obj_checklist.tsv	analysis/wcsicmp_obj_inventory.tsv	analysis/wcsicmp_obj_plan.tsv	1	0	0	1	0	0	0
wcslen.obj	analysis/wcslen_obj_checklist.tsv	analysis/wcslen_obj_inventory.tsv	analysis/wcslen_obj_plan.tsv	1	0	0	1	0	0	0
wcsncpy.obj	analysis/wcsncpy_obj_checklist.tsv	analysis/wcsncpy_obj_inventory.tsv	analysis/wcsncpy_obj_plan.tsv	1	0	0	1	0	0	0
wcsnicmp.obj	analysis/wcsnicmp_obj_checklist.tsv	analysis/wcsnicmp_obj_inventory.tsv	analysis/wcsnicmp_obj_plan.tsv	1	0	0	1	0	0	0
wcsstr.obj	analysis/wcsstr_obj_checklist.tsv	analysis/wcsstr_obj_inventory.tsv	analysis/wcsstr_obj_plan.tsv	1	0	0	1	0	0	0
wctomb.obj	analysis/wctomb_obj_checklist.tsv	analysis/wctomb_obj_inventory.tsv	analysis/wctomb_obj_plan.tsv	1	0	0	1	0	0	0
widechar.obj	analysis/widechar_obj_checklist.tsv	analysis/widechar_obj_inventory.tsv	analysis/widechar_obj_plan.tsv	4	0	0	4	0	0	0
window.obj	analysis/window_obj_checklist.tsv	analysis/window_obj_inventory.tsv	analysis/window_obj_plan.tsv	1	0	0	1	0	0	0
winsig.obj	analysis/winsig_obj_checklist.tsv	analysis/winsig_obj_inventory.tsv	analysis/winsig_obj_plan.tsv	4	0	0	4	0	0	0
winxfltr.obj	analysis/winxfltr_obj_checklist.tsv	analysis/winxfltr_obj_inventory.tsv	analysis/winxfltr_obj_plan.tsv	2	0	0	2	0	0	0
wmavoicedec.obj	analysis/wmavoicedec_obj_checklist.tsv	analysis/wmavoicedec_obj_inventory.tsv	analysis/wmavoicedec_obj_plan.tsv	7	0	0	7	0	0	0
wmavoiceenc.obj	analysis/wmavoiceenc_obj_checklist.tsv	analysis/wmavoiceenc_obj_inventory.tsv	analysis/wmavoiceenc_obj_plan.tsv	6	0	0	6	0	0	0
wmsacbsearch.obj	analysis/wmsacbsearch_obj_checklist.tsv	analysis/wmsacbsearch_obj_inventory.tsv	analysis/wmsacbsearch_obj_plan.tsv	6	0	0	6	0	0	0
wmsasearch.obj	analysis/wmsasearch_obj_checklist.tsv	analysis/wmsasearch_obj_inventory.tsv	analysis/wmsasearch_obj_plan.tsv	5	0	0	5	0	0	0
wmsauxcode.obj	analysis/wmsauxcode_obj_checklist.tsv	analysis/wmsauxcode_obj_inventory.tsv	analysis/wmsauxcode_obj_plan.tsv	49	0	0	49	0	0	0
wmsbitratecontrol.obj	analysis/wmsbitratecontrol_obj_checklist.tsv	analysis/wmsbitratecontrol_obj_inventory.tsv	analysis/wmsbitratecontrol_obj_plan.tsv	11	0	0	11	0	0	0
wmsclc.obj	analysis/wmsclc_obj_checklist.tsv	analysis/wmsclc_obj_inventory.tsv	analysis/wmsclc_obj_plan.tsv	3	0	0	3	0	0	0
wmsconfig.obj	analysis/wmsconfig_obj_checklist.tsv	analysis/wmsconfig_obj_inventory.tsv	analysis/wmsconfig_obj_plan.tsv	10	0	0	10	0	0	0
wmsdec.obj	analysis/wmsdec_obj_checklist.tsv	analysis/wmsdec_obj_inventory.tsv	analysis/wmsdec_obj_plan.tsv	27	0	0	27	0	0	0
wmsdecfuncs.obj	analysis/wmsdecfuncs_obj_checklist.tsv	analysis/wmsdecfuncs_obj_inventory.tsv	analysis/wmsdecfuncs_obj_plan.tsv	4	0	0	4	0	0	0
wmsdecstream.obj	analysis/wmsdecstream_obj_checklist.tsv	analysis/wmsdecstream_obj_inventory.tsv	analysis/wmsdecstream_obj_plan.tsv	21	0	0	21	0	0	0
wmsenc.obj	analysis/wmsenc_obj_checklist.tsv	analysis/wmsenc_obj_inventory.tsv	analysis/wmsenc_obj_plan.tsv	14	0	0	14	0	0	0
wmsencode.obj	analysis/wmsencode_obj_checklist.tsv	analysis/wmsencode_obj_inventory.tsv	analysis/wmsencode_obj_plan.tsv	12	0	0	12	0	0	0
wmsencstream.obj	analysis/wmsencstream_obj_checklist.tsv	analysis/wmsencstream_obj_inventory.tsv	analysis/wmsencstream_obj_plan.tsv	11	0	0	11	0	0	0
wmsexe.obj	analysis/wmsexe_obj_checklist.tsv	analysis/wmsexe_obj_inventory.tsv	analysis/wmsexe_obj_plan.tsv	4	0	0	4	0	0	0
wmsfcbsrch.obj	analysis/wmsfcbsrch_obj_checklist.tsv	analysis/wmsfcbsrch_obj_inventory.tsv	analysis/wmsfcbsrch_obj_plan.tsv	14	0	0	14	0	0	0
wmsfilcode.obj	analysis/wmsfilcode_obj_checklist.tsv	analysis/wmsfilcode_obj_inventory.tsv	analysis/wmsfilcode_obj_plan.tsv	5	0	0	5	0	0	0
wmshypprocess.obj	analysis/wmshypprocess_obj_checklist.tsv	analysis/wmshypprocess_obj_inventory.tsv	analysis/wmshypprocess_obj_plan.tsv	1	0	0	1	0	0	0
wmslpc.obj	analysis/wmslpc_obj_checklist.tsv	analysis/wmslpc_obj_inventory.tsv	analysis/wmslpc_obj_plan.tsv	2	0	0	2	0	0	0
wmslsp.obj	analysis/wmslsp_obj_checklist.tsv	analysis/wmslsp_obj_inventory.tsv	analysis/wmslsp_obj_plan.tsv	2	0	0	2	0	0	0
wmslspqnt.obj	analysis/wmslspqnt_obj_checklist.tsv	analysis/wmslspqnt_obj_inventory.tsv	analysis/wmslspqnt_obj_plan.tsv	5	0	0	5	0	0	0
wmsmdfyres.obj	analysis/wmsmdfyres_obj_checklist.tsv	analysis/wmsmdfyres_obj_inventory.tsv	analysis/wmsmdfyres_obj_plan.tsv	11	0	0	11	0	0	0
wmspacket.obj	analysis/wmspacket_obj_checklist.tsv	analysis/wmspacket_obj_inventory.tsv	analysis/wmspacket_obj_plan.tsv	4	0	0	4	0	0	0
wmsparsebits.obj	analysis/wmsparsebits_obj_checklist.tsv	analysis/wmsparsebits_obj_inventory.tsv	analysis/wmsparsebits_obj_plan.tsv	3	0	0	3	0	0	0
wmspitchclass.obj	analysis/wmspitchclass_obj_checklist.tsv	analysis/wmspitchclass_obj_inventory.tsv	analysis/wmspitchclass_obj_plan.tsv	13	0	0	13	0	0	0
wmsquantize_g.obj	analysis/wmsquantize_g_obj_checklist.tsv	analysis/wmsquantize_g_obj_inventory.tsv	analysis/wmsquantize_g_obj_plan.tsv	4	0	0	4	0	0	0
wmssynth_spch.obj	analysis/wmssynth_spch_obj_checklist.tsv	analysis/wmssynth_spch_obj_inventory.tsv	analysis/wmssynth_spch_obj_plan.tsv	9	0	0	9	0	0	0
wmswintool.obj	analysis/wmswintool_obj_checklist.tsv	analysis/wmswintool_obj_inventory.tsv	analysis/wmswintool_obj_plan.tsv	6	0	0	6	0	0	0
woutput.obj	analysis/woutput_obj_checklist.tsv	analysis/woutput_obj_inventory.tsv	analysis/woutput_obj_plan.tsv	1	0	0	1	0	0	0
write.obj	analysis/write_obj_checklist.tsv	analysis/write_obj_inventory.tsv	analysis/write_obj_plan.tsv	2	0	0	2	0	0	0
x10fout.obj	analysis/x10fout_obj_checklist.tsv	analysis/x10fout_obj_inventory.tsv	analysis/x10fout_obj_plan.tsv	1	0	0	1	0	0	0
xapi0.obj	analysis/xapi0_obj_checklist.tsv	analysis/xapi0_obj_inventory.tsv	analysis/xapi0_obj_plan.tsv	2	0	0	2	0	0	0
xapi0dat.obj	analysis/xapi0dat_obj_checklist.tsv	analysis/xapi0dat_obj_inventory.tsv	analysis/xapi0dat_obj_plan.tsv	2	0	0	2	0	0	0
xapidlla.obj	analysis/xapidlla_obj_checklist.tsv	analysis/xapidlla_obj_inventory.tsv	analysis/xapidlla_obj_plan.tsv	1	0	0	1	0	0	0
xapiheap.obj	analysis/xapiheap_obj_checklist.tsv	analysis/xapiheap_obj_inventory.tsv	analysis/xapiheap_obj_plan.tsv	20	0	0	20	0	0	0
xapiinit.obj	analysis/xapiinit_obj_checklist.tsv	analysis/xapiinit_obj_inventory.tsv	analysis/xapiinit_obj_plan.tsv	7	0	0	7	0	0	0
xapiterm.obj	analysis/xapiterm_obj_checklist.tsv	analysis/xapiterm_obj_inventory.tsv	analysis/xapiterm_obj_plan.tsv	3	0	0	3	0	0	0
xbdm.dll	analysis/xbdm_dll_checklist.tsv	analysis/xbdm_dll_inventory.tsv	analysis/xbdm_dll_plan.tsv	1	0	0	1	0	0	0
xbosutil.obj	analysis/xbosutil_obj_checklist.tsv	analysis/xbosutil_obj_inventory.tsv	analysis/xbosutil_obj_plan.tsv	2	0	0	2	0	0	0
xboxkrnl.exe	analysis/xboxkrnl_exe_checklist.tsv	analysis/xboxkrnl_exe_inventory.tsv	analysis/xboxkrnl_exe_plan.tsv	167	0	0	167	0	0	0
xcalcsig.obj	analysis/xcalcsig_obj_checklist.tsv	analysis/xcalcsig_obj_inventory.tsv	analysis/xcalcsig_obj_plan.tsv	15	0	0	15	0	0	0
xclndrv.obj	analysis/xclndrv_obj_checklist.tsv	analysis/xclndrv_obj_inventory.tsv	analysis/xclndrv_obj_plan.tsv	2	0	0	2	0	0	0
xcontent.obj	analysis/xcontent_obj_checklist.tsv	analysis/xcontent_obj_inventory.tsv	analysis/xcontent_obj_plan.tsv	22	0	0	22	0	0	0
xemodule.obj	analysis/xemodule_obj_checklist.tsv	analysis/xemodule_obj_inventory.tsv	analysis/xemodule_obj_plan.tsv	6	0	0	6	0	0	0
xfont.obj	analysis/xfont_obj_checklist.tsv	analysis/xfont_obj_inventory.tsv	analysis/xfont_obj_plan.tsv	35	0	0	35	0	0	0
xgetaudioflags.obj	analysis/xgetaudioflags_obj_checklist.tsv	analysis/xgetaudioflags_obj_inventory.tsv	analysis/xgetaudioflags_obj_plan.tsv	1	0	0	1	0	0	0
xgetautologon.obj	analysis/xgetautologon_obj_checklist.tsv	analysis/xgetautologon_obj_inventory.tsv	analysis/xgetautologon_obj_plan.tsv	1	0	0	1	0	0	0
xgetavpack.obj	analysis/xgetavpack_obj_checklist.tsv	analysis/xgetavpack_obj_inventory.tsv	analysis/xgetavpack_obj_plan.tsv	1	0	0	1	0	0	0
xgetgameregion.obj	analysis/xgetgameregion_obj_checklist.tsv	analysis/xgetgameregion_obj_inventory.tsv	analysis/xgetgameregion_obj_plan.tsv	1	0	0	1	0	0	0
xgetlanguage.obj	analysis/xgetlanguage_obj_checklist.tsv	analysis/xgetlanguage_obj_inventory.tsv	analysis/xgetlanguage_obj_plan.tsv	1	0	0	1	0	0	0
xgetparentalcontrolsetting.obj	analysis/xgetparentalcontrolsetting_obj_checklist.tsv	analysis/xgetparentalcontrolsetting_obj_inventory.tsv	analysis/xgetparentalcontrolsetting_obj_plan.tsv	1	0	0	1	0	0	0
xgetvideoflags.obj	analysis/xgetvideoflags_obj_checklist.tsv	analysis/xgetvideoflags_obj_inventory.tsv	analysis/xgetvideoflags_obj_plan.tsv	1	0	0	1	0	0	0
xgetvideostandard.obj	analysis/xgetvideostandard_obj_checklist.tsv	analysis/xgetvideostandard_obj_inventory.tsv	analysis/xgetvideostandard_obj_plan.tsv	1	0	0	1	0	0	0
xhvengine.obj	analysis/xhvengine_obj_checklist.tsv	analysis/xhvengine_obj_inventory.tsv	analysis/xhvengine_obj_plan.tsv	83	0	0	83	0	0	0
xhvutils.obj	analysis/xhvutils_obj_checklist.tsv	analysis/xhvutils_obj_inventory.tsv	analysis/xhvutils_obj_plan.tsv	36	0	0	36	0	0	0
xid.obj	analysis/xid_obj_checklist.tsv	analysis/xid_obj_inventory.tsv	analysis/xid_obj_plan.tsv	31	0	0	31	0	0	0
xidinp.obj	analysis/xidinp_obj_checklist.tsv	analysis/xidinp_obj_inventory.tsv	analysis/xidinp_obj_plan.tsv	9	0	0	9	0	0	0
xmem.obj	analysis/xmem_obj_checklist.tsv	analysis/xmem_obj_inventory.tsv	analysis/xmem_obj_plan.tsv	3	0	0	3	0	0	0
xnet.obj	analysis/xnet_obj_checklist.tsv	analysis/xnet_obj_inventory.tsv	analysis/xnet_obj_plan.tsv	120	0	0	120	0	0	0
xnetp.obj	analysis/xnetp_obj_checklist.tsv	analysis/xnetp_obj_inventory.tsv	analysis/xnetp_obj_plan.tsv	36	0	0	36	0	0	0
xonline.obj	analysis/xonline_obj_checklist.tsv	analysis/xonline_obj_inventory.tsv	analysis/xonline_obj_plan.tsv	175	0	0	175	0	0	0
xonlzx.obj	analysis/xonlzx_obj_checklist.tsv	analysis/xonlzx_obj_inventory.tsv	analysis/xonlzx_obj_plan.tsv	8	0	0	8	0	0	0
xontask.obj	analysis/xontask_obj_checklist.tsv	analysis/xontask_obj_inventory.tsv	analysis/xontask_obj_plan.tsv	4	0	0	4	0	0	0
xpp.obj	analysis/xpp_obj_checklist.tsv	analysis/xpp_obj_inventory.tsv	analysis/xpp_obj_plan.tsv	5	0	0	5	0	0	0
xqueryvalue.obj	analysis/xqueryvalue_obj_checklist.tsv	analysis/xqueryvalue_obj_inventory.tsv	analysis/xqueryvalue_obj_plan.tsv	1	0	0	1	0	0	0
xrltask.obj	analysis/xrltask_obj_checklist.tsv	analysis/xrltask_obj_inventory.tsv	analysis/xrltask_obj_plan.tsv	10	0	0	10	0	0	0
xrlutil.obj	analysis/xrlutil_obj_checklist.tsv	analysis/xrlutil_obj_inventory.tsv	analysis/xrlutil_obj_plan.tsv	22	0	0	22	0	0	0
xsaveapi.obj	analysis/xsaveapi_obj_checklist.tsv	analysis/xsaveapi_obj_inventory.tsv	analysis/xsaveapi_obj_plan.tsv	12	0	0	12	0	0	0
xtoa.obj	analysis/xtoa_obj_checklist.tsv	analysis/xtoa_obj_inventory.tsv	analysis/xtoa_obj_plan.tsv	5	0	0	5	0	0	0
zipcode.obj	analysis/zipcode_obj_checklist.tsv	analysis/zipcode_obj_inventory.tsv	analysis/zipcode_obj_plan.tsv	2	0	0	2	0	0	0
zutil.o	analysis/zutil_o_checklist.tsv	analysis/zutil_o_inventory.tsv	analysis/zutil_o_plan.tsv	5	5	0	0	0	0	0
