ida_ea	name	signature	source_cpp
0x005BBC20	?MemPrint@@YAXPBDZZ	void __cdecl MemPrint(char const *,...)	
0x005BBC50	?Init@MemCount@@YAXXZ	void __cdecl MemCount::Init(void)	
0x005BBC60	?RenderTotals@MemCount@@YAXXZ	void __cdecl MemCount::RenderTotals(void)	
0x005BBC70	?ReportTotals@MemCount@@YAXXZ	void __cdecl MemCount::ReportTotals(void)	
0x005BBC80	?IsRealLeak@MemCount@@YA_NPBDHH@Z	bool __cdecl MemCount::IsRealLeak(char const *,int,int)	
0x005BBC90	?CheckForMapChangeLeaks@MemCount@@YAXXZ	void __cdecl MemCount::CheckForMapChangeLeaks(void)	
0x005BBCA0	?CheckForRoundtripLeaks@MemCount@@YAXXZ	void __cdecl MemCount::CheckForRoundtripLeaks(void)	
0x005BBCB0	?SetGamePhase@MemCount@@YAXW4eGamePhase@1@@Z	void __cdecl MemCount::SetGamePhase(enum MemCount::eGamePhase)	
0x005BBCC0	?SetSafeAlloc@MemCount@@YAX_N@Z	void __cdecl MemCount::SetSafeAlloc(bool)	
0x005BBCD0	?ThreadPrintf@@YAXHPBDZZ	void __cdecl ThreadPrintf(int,char const *,...)	
0x005BBD30	?SetJmp@@YAXPAI@Z	void __cdecl SetJmp(unsigned int *)	
0x005BBD80	?LongJmp@@YAXPAI@Z	void __cdecl LongJmp(unsigned int *)	
0x005BBDB0	??0BackupStack@AeThread@@QAE@XZ	public: __thiscall AeThread::BackupStack::BackupStack(void)	
0x005BBDC0	?Backup@BackupStack@AeThread@@QAEXII@Z	public: void __thiscall AeThread::BackupStack::Backup(unsigned int,unsigned int)	
0x005BBF70	?Restore@BackupStack@AeThread@@QBEXI@Z	public: void __thiscall AeThread::BackupStack::Restore(unsigned int)const 	
0x005BC0B0	??1BackupStack@AeThread@@QAE@XZ	public: __thiscall AeThread::BackupStack::~BackupStack(void)	
0x005BC0F0	?NewAction@AeThreadPakNotifyState@@UAE?AW4EAction@AeThreadState@@AAVAeThread@@@Z	public: virtual enum AeThreadState::EAction __thiscall AeThreadPakNotifyState::NewAction(class AeThread &)	
0x005BC150	?NewAction@AeThreadWaitState@@UAE?AW4EAction@AeThreadState@@AAVAeThread@@@Z	public: virtual enum AeThreadState::EAction __thiscall AeThreadWaitState::NewAction(class AeThread &)	
0x005BC180	?NewAction@AeThreadWaitFramesState@@UAE?AW4EAction@AeThreadState@@AAVAeThread@@@Z	public: virtual enum AeThreadState::EAction __thiscall AeThreadWaitFramesState::NewAction(class AeThread &)	
0x005BC1A0	?XboxGetEntryFunction@@YAP6AP6AXXZPAPAUBrocAPI@@AAUBrocExports@@@ZPBD@Z	void (__cdecl*(__cdecl*__cdecl XboxGetEntryFunction(char const *))(struct BrocAPI * *,struct BrocExports &))(void)	
0x005BC1D0	?SetDepthOfField@@YAX_NMMMM@Z	void __cdecl SetDepthOfField(bool,float,float,float,float)	
0x005BC1E0	?CreateNanoGraph@@YAIPADQAM1@Z	unsigned int __cdecl CreateNanoGraph(char *,float * const,float * const)	
0x005BC210	?ConvertStringToHash@BrocSys@@YA?BIPBD@Z	unsigned int const __cdecl BrocSys::ConvertStringToHash(char const *)	
0x005BC230	?MemFree@BrocSys@@YAXPAX@Z	void __cdecl BrocSys::MemFree(void *)	
0x005BC280	?PoolAlloc@BrocSys@@YAPAXI@Z	void * __cdecl BrocSys::PoolAlloc(unsigned int)	
0x005BC2A0	?PoolFree@BrocSys@@YAXPAX@Z	void __cdecl BrocSys::PoolFree(void *)	
0x005BC2C0	?RoundOver@BrocSys@@YAXHABVstring@Broc@@@Z	void __cdecl BrocSys::RoundOver(int,class Broc::string const &)	
0x005BC350	?DisplayScoreBoard@BrocSys@@YAX_NH@Z	void __cdecl BrocSys::DisplayScoreBoard(bool,int)	
0x005BC450	?SettleMapVote@BrocSys@@YAXXZ	void __cdecl BrocSys::SettleMapVote(void)	
0x005BC470	?SettleGameModeVote@BrocSys@@YAXXZ	void __cdecl BrocSys::SettleGameModeVote(void)	
0x005BC490	?SetSpecialRecharge@BrocSys@@YAXHHHH@Z	void __cdecl BrocSys::SetSpecialRecharge(int,int,int,int)	
0x005BC4C0	?AdvanceSpecialRecharge@BrocSys@@YAXH@Z	void __cdecl BrocSys::AdvanceSpecialRecharge(int)	
0x005BC500	?GetSpecialRechargePlayerClass@BrocSys@@YAHXZ	int __cdecl BrocSys::GetSpecialRechargePlayerClass(void)	
0x005BC520	?SpecialEditionSkin@BrocSys@@YA_NXZ	bool __cdecl BrocSys::SpecialEditionSkin(void)	
0x005BC530	?IsHost@BrocSys@@YA_NXZ	bool __cdecl BrocSys::IsHost(void)	
0x005BC540	?IsRankedGame@BrocSys@@YA_NXZ	bool __cdecl BrocSys::IsRankedGame(void)	
0x005BC550	?IsLanGame@BrocSys@@YA_NXZ	bool __cdecl BrocSys::IsLanGame(void)	
0x005BC560	?IsOnlineGame@BrocSys@@YA_NXZ	bool __cdecl BrocSys::IsOnlineGame(void)	
0x005BC570	?IsLocalGame@BrocSys@@YA_NXZ	bool __cdecl BrocSys::IsLocalGame(void)	
0x005BC580	?IsSplitScreen@BrocSys@@YA_NXZ	bool __cdecl BrocSys::IsSplitScreen(void)	
0x005BC590	?SetTeamGame@BrocSys@@YAX_N@Z	void __cdecl BrocSys::SetTeamGame(bool)	
0x005BC5A0	?SetShowScore@BrocSys@@YAX_N@Z	void __cdecl BrocSys::SetShowScore(bool)	
0x005BC5B0	?SetShowTime@BrocSys@@YAXM@Z	void __cdecl BrocSys::SetShowTime(float)	
0x005BC5E0	?GetTeamGame@BrocSys@@YA_NXZ	bool __cdecl BrocSys::GetTeamGame(void)	
0x005BC5F0	?ScreenFadeToBlack@BrocSys@@YAXIH@Z	void __cdecl BrocSys::ScreenFadeToBlack(unsigned int,int)	
0x005BC630	?ScreenFadeUp@BrocSys@@YAXIH@Z	void __cdecl BrocSys::ScreenFadeUp(unsigned int,int)	
0x005BC660	?ActiveMenu@BrocSys@@YAHXZ	int __cdecl BrocSys::ActiveMenu(void)	
0x005BC6A0	?NextRound@BrocSys@@YAX_N@Z	void __cdecl BrocSys::NextRound(bool)	
0x005BC6C0	?NextRoundMapChanges@BrocSys@@YA_NXZ	bool __cdecl BrocSys::NextRoundMapChanges(void)	
0x005BC6D0	?QuitGame@BrocSys@@YAXXZ	void __cdecl BrocSys::QuitGame(void)	
0x005BC6E0	?Localize@BrocSys@@YAPBDPBD@Z	char const * __cdecl BrocSys::Localize(char const *)	
0x005BC700	?Print@BrocSys@@YAXPBD@Z	void __cdecl BrocSys::Print(char const *)	
0x005BC710	?PrintLn@BrocSys@@YAXPBD@Z	void __cdecl BrocSys::PrintLn(char const *)	
0x005BC730	?GetAnimName@BrocSys@@YA_NIPADH@Z	bool __cdecl BrocSys::GetAnimName(unsigned int,char *,int)	
0x005BC790	?PrintFloat3D@BrocSys@@YAXABUvector@Broc@@M0MM@Z	void __cdecl BrocSys::PrintFloat3D(struct Broc::vector const &,float,struct Broc::vector const &,float,float)	
0x005BC800	?Line@BrocSys@@YAXABUvector@Broc@@00MH@Z	void __cdecl BrocSys::Line(struct Broc::vector const &,struct Broc::vector const &,struct Broc::vector const &,float,int)	
0x005BC810	?SquareRootX@BrocSys@@YAMM@Z	float __cdecl BrocSys::SquareRootX(float)	
0x005BC820	?ModXY@BrocSys@@YAHHH@Z	int __cdecl BrocSys::ModXY(int,int)	
0x005BC830	?FModXY@BrocSys@@YAMMM@Z	float __cdecl BrocSys::FModXY(float,float)	
0x005BC840	?atoff@BrocSys@@YAMPBD@Z	float __cdecl BrocSys::atoff(char const *)	
0x005BC860	?ThreadBackupStack@BrocSys@@YAXI@Z	void __cdecl BrocSys::ThreadBackupStack(unsigned int)	
0x005BC880	?ThreadIsThreadExecuting@BrocSys@@YA_NXZ	bool __cdecl BrocSys::ThreadIsThreadExecuting(void)	
0x005BC890	?Assert@BrocSys@@YA_NPBDH0@Z	bool __cdecl BrocSys::Assert(char const *,int,char const *)	
0x005BC8E0	?Warning@BrocSys@@YA_NPBDH0@Z	bool __cdecl BrocSys::Warning(char const *,int,char const *)	
0x005BC930	?Error@BrocSys@@YA_NPBDH0@Z	bool __cdecl BrocSys::Error(char const *,int,char const *)	
0x005BC970	?CVarGetString@BrocSys@@YAXAAVstring@Broc@@PBD@Z	void __cdecl BrocSys::CVarGetString(class Broc::string &,char const *)	
0x005BC9A0	?CVarGetInt@BrocSys@@YAHPBD@Z	int __cdecl BrocSys::CVarGetInt(char const *)	
0x005BC9B0	?CVarGetFloat@BrocSys@@YAMPBD@Z	float __cdecl BrocSys::CVarGetFloat(char const *)	
0x005BC9D0	?CVarSetString@BrocSys@@YAXPBD0@Z	void __cdecl BrocSys::CVarSetString(char const *,char const *)	
0x005BCA50	?CVarSetInt@BrocSys@@YAXPBDH@Z	void __cdecl BrocSys::CVarSetInt(char const *,int)	
0x005BCAE0	?CVarSetFloat@BrocSys@@YAXPBDM@Z	void __cdecl BrocSys::CVarSetFloat(char const *,float)	
0x005BCB70	?MusicStop@BrocSys@@YAXM@Z	void __cdecl BrocSys::MusicStop(float)	
0x005BCB90	?MusicIndoorStop@BrocSys@@YAXM@Z	void __cdecl BrocSys::MusicIndoorStop(float)	
0x005BCBB0	?SoundFadeIn@BrocSys@@YAXIM@Z	void __cdecl BrocSys::SoundFadeIn(unsigned int,float)	
0x005BCBD0	?SoundFadeOut@BrocSys@@YAXIM@Z	void __cdecl BrocSys::SoundFadeOut(unsigned int,float)	
0x005BCBF0	?SoundCrossFade@BrocSys@@YAXIIM@Z	void __cdecl BrocSys::SoundCrossFade(unsigned int,unsigned int,float)	
0x005BCC10	?SetIndoor@BrocSys@@YAX_N@Z	void __cdecl BrocSys::SetIndoor(bool)	
0x005BCC20	?GetLastParticleInfo@BrocSys@@YAXAAUvector@Broc@@AAI@Z	void __cdecl BrocSys::GetLastParticleInfo(struct Broc::vector &,unsigned int &)	
0x005BCC80	?GetTime@BrocSys@@YAIXZ	unsigned int __cdecl BrocSys::GetTime(void)	
0x005BCC90	?GetDeltaTime@BrocSys@@YAMXZ	float __cdecl BrocSys::GetDeltaTime(void)	
0x005BCCA0	?GetDifficulty@BrocSys@@YAXAAVstring@Broc@@@Z	void __cdecl BrocSys::GetDifficulty(class Broc::string &)	
0x005BCD10	?GetNorthYaw@BrocSys@@YAMXZ	float __cdecl BrocSys::GetNorthYaw(void)	
0x005BCD20	?GameSave@BrocSys@@YAXABVstring@Broc@@@Z	void __cdecl BrocSys::GameSave(class Broc::string const &)	
0x005BCD30	?GameLoad@BrocSys@@YAXABVstring@Broc@@@Z	void __cdecl BrocSys::GameLoad(class Broc::string const &)	
0x005BCD40	?SetCullDist@BrocSys@@YAXM@Z	void __cdecl BrocSys::SetCullDist(float)	
0x005BCD70	?RadiusDamage@BrocSys@@YAXABUvector@Broc@@MMMH@Z	void __cdecl BrocSys::RadiusDamage(struct Broc::vector const &,float,float,float,int)	
0x005BCDC0	?SetPlayerIgnoreRadiusDamage@BrocSys@@YAX_N@Z	void __cdecl BrocSys::SetPlayerIgnoreRadiusDamage(bool)	
0x005BCDD0	?MissionSuccess@BrocSys@@YAXABVstring@Broc@@@Z	void __cdecl BrocSys::MissionSuccess(class Broc::string const &)	
0x005BCDE0	?Lightning@BrocSys@@YAXABUvector@Broc@@@Z	void __cdecl BrocSys::Lightning(struct Broc::vector const &)	
0x005BCE60	?SetRainDrops@BrocSys@@YAX_N@Z	void __cdecl BrocSys::SetRainDrops(bool)	
0x005BCE70	?SetFootSplashEffect@BrocSys@@YAXABVstring@Broc@@@Z	void __cdecl BrocSys::SetFootSplashEffect(class Broc::string const &)	
0x005BCE90	?DrawCompassFriendlies@BrocSys@@YAX_N@Z	void __cdecl BrocSys::DrawCompassFriendlies(bool)	
0x005BCEA0	?SetMissileActiveTime@BrocSys@@YAXM@Z	void __cdecl BrocSys::SetMissileActiveTime(float)	
0x005BCEC0	?SetMaxVehicles@BrocSys@@YAXH@Z	void __cdecl BrocSys::SetMaxVehicles(int)	
0x005BCED0	?ProfBegin@BrocSys@@YAXXZ	void __cdecl BrocSys::ProfBegin(void)	
0x005BCEE0	?ProfEnd@BrocSys@@YAXXZ	void __cdecl BrocSys::ProfEnd(void)	
0x005BCEF0	?ProfTick@BrocSys@@YAHXZ	int __cdecl BrocSys::ProfTick(void)	
0x005BCF10	?FlushCorpses@BrocSys@@YAXXZ	void __cdecl BrocSys::FlushCorpses(void)	
0x005BCF20	?StartMemCheck@BrocSys@@YAXXZ	void __cdecl BrocSys::StartMemCheck(void)	
0x005BCF30	?EndMemCheck@BrocSys@@YAXXZ	void __cdecl BrocSys::EndMemCheck(void)	
0x005BCF40	?GetPakVector@BrocSys@@YA?AW4TPakInfo@@MMM@Z	enum TPakInfo __cdecl BrocSys::GetPakVector(float,float,float)	
0x005BD070	?IsPakLoaded@BrocSys@@YA_NW4TPakInfo@@@Z	bool __cdecl BrocSys::IsPakLoaded(enum TPakInfo)	
0x005BD0D0	?SetPakDistance@BrocSys@@YAXW4TPakInfo@@M@Z	void __cdecl BrocSys::SetPakDistance(enum TPakInfo,float)	
0x005BD130	?ClearPakDistance@BrocSys@@YAXW4TPakInfo@@@Z	void __cdecl BrocSys::ClearPakDistance(enum TPakInfo)	
0x005BD190	?SyncLoadPak@BrocSys@@YAXW4TPakInfo@@@Z	void __cdecl BrocSys::SyncLoadPak(enum TPakInfo)	
0x005BD2B0	?ProfileDeclareID@BrocSys@@YAHPBD@Z	int __cdecl BrocSys::ProfileDeclareID(char const *)	
0x005BD2C0	?ProfileStart@BrocSys@@YAXH@Z	void __cdecl BrocSys::ProfileStart(int)	
0x005BD2D0	?ProfileStop@BrocSys@@YAXH@Z	void __cdecl BrocSys::ProfileStop(int)	
0x005BD2E0	?ProfileSetVal@BrocSys@@YAXHH@Z	void __cdecl BrocSys::ProfileSetVal(int,int)	
0x005BD2F0	?HudClearTypeSettings@BrocSys@@YAXPAUgame_hudelem_s@@@Z	void __cdecl BrocSys::HudClearTypeSettings(struct game_hudelem_s *)	
0x005BD320	?HudSetDefaults@BrocSys@@YAXPAUgame_hudelem_s@@@Z	void __cdecl BrocSys::HudSetDefaults(struct game_hudelem_s *)	
0x005BD440	?HudIsPanelType@BrocSys@@YA_NPAUgame_hudelem_s@@@Z	bool __cdecl BrocSys::HudIsPanelType(struct game_hudelem_s *)	
0x005BD460	?NRefsToString@BrocSys@@YAHH@Z	int __cdecl BrocSys::NRefsToString(int)	
0x005BD4D0	?HudFree@BrocSys@@YAXPAUgame_hudelem_s@@@Z	void __cdecl BrocSys::HudFree(struct game_hudelem_s *)	
0x005BD600	?HudSetIsVisible@BrocSys@@YAX_N@Z	void __cdecl BrocSys::HudSetIsVisible(bool)	
0x005BD620	?FindConfigString@BrocSys@@YAHPBD@Z	int __cdecl BrocSys::FindConfigString(char const *)	
0x005BD670	?SetValue@BrocSys@@YAXABVhudelem@Broc@@M@Z	void __cdecl BrocSys::SetValue(class Broc::hudelem const &,float)	
0x005BD730	?Reset@BrocSys@@YAXABVhudelem@Broc@@@Z	void __cdecl BrocSys::Reset(class Broc::hudelem const &)	
0x005BD7A0	?Destroy@BrocSys@@YAXABVhudelem@Broc@@@Z	void __cdecl BrocSys::Destroy(class Broc::hudelem const &)	
0x005BD810	?ValidateApiSize@BrocSys@@YAXHH@Z	void __cdecl BrocSys::ValidateApiSize(int,int)	
0x005BD8B0	?PlayScriptedAnim@BrocSys@@YAXIPBD@Z	void __cdecl BrocSys::PlayScriptedAnim(unsigned int,char const *)	
0x005BD900	?SetMissionToTrack@BrocSys@@YA_NPBD_N@Z	bool __cdecl BrocSys::SetMissionToTrack(char const *,bool)	
0x005BD910	?GetMissionStat@BrocSys@@YAHH_N@Z	int __cdecl BrocSys::GetMissionStat(int,bool)	
0x005BD920	?GetMissionStatAll@BrocSys@@YAHH@Z	int __cdecl BrocSys::GetMissionStatAll(int)	
0x005BD930	?SetMissionStat@BrocSys@@YAXHH@Z	void __cdecl BrocSys::SetMissionStat(int,int)	
0x005BD940	?IncMissionStat@BrocSys@@YAXH@Z	void __cdecl BrocSys::IncMissionStat(int)	
0x005BD950	?DecMissionStat@BrocSys@@YAXH@Z	void __cdecl BrocSys::DecMissionStat(int)	
0x005BD960	?GetAvgMissionStat@BrocSys@@YAMH@Z	float __cdecl BrocSys::GetAvgMissionStat(int)	
0x005BD970	?GetMissionCompletionTime@BrocSys@@YAHXZ	int __cdecl BrocSys::GetMissionCompletionTime(void)	
0x005BD980	?UpdateMissionCompletionTime@BrocSys@@YAXXZ	void __cdecl BrocSys::UpdateMissionCompletionTime(void)	
0x005BD990	?SetPlayerWeaponUsed@BrocSys@@YAXH@Z	void __cdecl BrocSys::SetPlayerWeaponUsed(int)	
0x005BD9A0	?WasPlayerWeaponUsed@BrocSys@@YA_NH@Z	bool __cdecl BrocSys::WasPlayerWeaponUsed(int)	
0x005BD9B0	?WasPlayerWeaponCategoryUsed@BrocSys@@YA_NH_N@Z	bool __cdecl BrocSys::WasPlayerWeaponCategoryUsed(int,bool)	
0x005BD9C0	?SetDynamicLightPosition@BrocSys@@YAXIABUvector@Broc@@@Z	void __cdecl BrocSys::SetDynamicLightPosition(unsigned int,struct Broc::vector const &)	
0x005BDA30	?RemoveDynamicLight@BrocSys@@YAXI@Z	void __cdecl BrocSys::RemoveDynamicLight(unsigned int)	
0x005BDA40	?CreateDynamicLight@BrocSys@@YAIABUvector@Broc@@0MMM_N@Z	unsigned int __cdecl BrocSys::CreateDynamicLight(struct Broc::vector const &,struct Broc::vector const &,float,float,float,bool)	
0x005BDAC0	?GetLocalizedString@BrocSys@@YA?AVstring@Broc@@H@Z	class Broc::string __cdecl BrocSys::GetLocalizedString(int)	
0x005BDAF0	?EnableNanoForces@BrocSys@@YAX_N@Z	void __cdecl BrocSys::EnableNanoForces(bool)	
0x005BDB00	?GlowSetIntensityAux@BrocSys@@YAXM@Z	void __cdecl BrocSys::GlowSetIntensityAux(float)	
0x005BDB20	?GlowSetExpansionAux@BrocSys@@YAXM@Z	void __cdecl BrocSys::GlowSetExpansionAux(float)	
0x005BDB40	?GlowSetBrightnessAux@BrocSys@@YAXM@Z	void __cdecl BrocSys::GlowSetBrightnessAux(float)	
0x005BDB60	?GlowSetGodRaysAux@BrocSys@@YAX_N@Z	void __cdecl BrocSys::GlowSetGodRaysAux(bool)	
0x005BDB70	?GlowSetPassesAux@BrocSys@@YAXH@Z	void __cdecl BrocSys::GlowSetPassesAux(int)	
0x005BDB80	?CurGenMotionBlur@BrocSys@@YAXMMM@Z	void __cdecl BrocSys::CurGenMotionBlur(float,float,float)	
0x005BDB90	?StopCurGenMotionBlur@BrocSys@@YAXXZ	void __cdecl BrocSys::StopCurGenMotionBlur(void)	
0x005BDBA0	?InitMPCallbacks@BrocSys@@YAXXZ	void __cdecl BrocSys::InitMPCallbacks(void)	
0x005BDEA0	?BrocDebugRender@BrocSys@@YAXXZ	void __cdecl BrocSys::BrocDebugRender(void)	
0x005BDF00	?CreateExtendedEntity@BrocSys@@YAPAXPAPBDH@Z	void * __cdecl BrocSys::CreateExtendedEntity(char const * *,int)	
0x005BDF20	?CopyExtendedEntity@BrocSys@@YAXPBVEntity@@PAV2@@Z	void __cdecl BrocSys::CopyExtendedEntity(class Entity const *,class Entity *)	
0x005BDFB0	?RecompileScript@BrocSys@@YA_NXZ	bool __cdecl BrocSys::RecompileScript(void)	
0x005BDFC0	?UnloadScript@BrocSys@@YAXXZ	void __cdecl BrocSys::UnloadScript(void)	
0x005BDFD0	?mem_free@@YAXPAX@Z	void __cdecl mem_free(void *)	
0x005BE020	?SetLoadedTrees@BrocHelper@@YAXH@Z	void __cdecl BrocHelper::SetLoadedTrees(int)	
0x005BE030	?GetLoadedTrees@BrocHelper@@YAHXZ	int __cdecl BrocHelper::GetLoadedTrees(void)	
0x005BE040	?AnimationToBroLookup@BrocHelper@@YAXPBDHIH@Z	void __cdecl BrocHelper::AnimationToBroLookup(char const *,int,unsigned int,int)	
0x005BE0D0	?AnimationToBroLookup@BrocHelper@@YAXABVtlFixedString@@H0H@Z	void __cdecl BrocHelper::AnimationToBroLookup(class tlFixedString const &,int,class tlFixedString const &,int)	
0x005BE100	?AnimationValidator@BrocHelper@@YAXH@Z	void __cdecl BrocHelper::AnimationValidator(int)	
0x005BE180	?Init@BrocHelper@@YAXXZ	void __cdecl BrocHelper::Init(void)	
0x005BE1A0	?RegisterBroFunc@BrocHelper@@YAXPADP6AIPAX@Z@Z	void __cdecl BrocHelper::RegisterBroFunc(char *,unsigned int (__cdecl*)(void *))	
0x005BE210	?GetBroFuncByName@BrocHelper@@YAP6AIPAX@ZPBD_N@Z	unsigned int (__cdecl*__cdecl BrocHelper::GetBroFuncByName(char const *,bool))(void *)	
0x005BE2B0	?UpdateEntityHash@@YAXPAVEntity@@@Z	void __cdecl UpdateEntityHash(class Entity *)	
0x005BE390	?BrocDestroyEntity@@YAXPAVEntity@@@Z	void __cdecl BrocDestroyEntity(class Entity *)	
0x005BE3D0	?BrocAddEntityThread@@YAXPAVEntity@@IPAVScriptEventParams@@@Z	void __cdecl BrocAddEntityThread(class Entity *,unsigned int,class ScriptEventParams *)	
0x005BE560	?BrocAddEntityThread@@YAXPAVEntity@@PBD@Z	void __cdecl BrocAddEntityThread(class Entity *,char const *)	
0x005BE6C0	?GetPlayerArray@BrocSys@@YAHPAI@Z	int __cdecl BrocSys::GetPlayerArray(unsigned int *)	
0x005BE750	?GetLocalPlayerArray@BrocSys@@YAHPAI@Z	int __cdecl BrocSys::GetLocalPlayerArray(unsigned int *)	
0x005BE7A0	?GetLevel@BrocSys@@YAIXZ	unsigned int __cdecl BrocSys::GetLevel(void)	
0x005BE7B0	?GetPlayer@BrocSys@@YAIXZ	unsigned int __cdecl BrocSys::GetPlayer(void)	
0x005BE7D0	?Scr_ReadOnlyField@BrocSys@@YAXPAVEntity@@HPAX@Z	void __cdecl BrocSys::Scr_ReadOnlyField(class Entity *,int,void *)	
0x005BE810	?Scr_SetAngles@BrocSys@@YAXPAVEntity@@HPAUvector@Broc@@@Z	void __cdecl BrocSys::Scr_SetAngles(class Entity *,int,struct Broc::vector *)	
0x005BE870	?Scr_GetAngles@BrocSys@@YAXPAVEntity@@HPAUvector@Broc@@@Z	void __cdecl BrocSys::Scr_GetAngles(class Entity *,int,struct Broc::vector *)	
0x005BE8D0	?Scr_SetGroupName@BrocSys@@YAXPAVEntity@@HPAVstring@Broc@@@Z	void __cdecl BrocSys::Scr_SetGroupName(class Entity *,int,class Broc::string *)	
0x005BE920	?Scr_SetTargetName@BrocSys@@YAXPAVEntity@@HPAVstring@Broc@@@Z	void __cdecl BrocSys::Scr_SetTargetName(class Entity *,int,class Broc::string *)	
0x005BE970	?Scr_SetTarget@BrocSys@@YAXPAVEntity@@HPAVstring@Broc@@@Z	void __cdecl BrocSys::Scr_SetTarget(class Entity *,int,class Broc::string *)	
0x005BE9C0	?Scr_SetNoteWorthy@BrocSys@@YAXPAVEntity@@HPAVstring@Broc@@@Z	void __cdecl BrocSys::Scr_SetNoteWorthy(class Entity *,int,class Broc::string *)	
0x005BEA10	?Scr_SetAnimName@BrocSys@@YAXPAVEntity@@HPAVstring@Broc@@@Z	void __cdecl BrocSys::Scr_SetAnimName(class Entity *,int,class Broc::string *)	
0x005BEA60	?Scr_SetByte@BrocSys@@YAXPAVEntity@@HPAH@Z	void __cdecl BrocSys::Scr_SetByte(class Entity *,int,int *)	
0x005BEA80	?Scr_GetByte@BrocSys@@YAXPAVEntity@@HPAH@Z	void __cdecl BrocSys::Scr_GetByte(class Entity *,int,int *)	
0x005BEAA0	?Scr_SetWord@BrocSys@@YAXPAVEntity@@HPAH@Z	void __cdecl BrocSys::Scr_SetWord(class Entity *,int,int *)	
0x005BEAC0	?Scr_GetWord@BrocSys@@YAXPAVEntity@@HPAH@Z	void __cdecl BrocSys::Scr_GetWord(class Entity *,int,int *)	
0x005BEAE0	?GetNodeInProximity@BrocSys@@YAHABUvector@Broc@@M_NI@Z	int __cdecl BrocSys::GetNodeInProximity(struct Broc::vector const &,float,bool,unsigned int)	
0x005BEAF0	?GetNode@BrocSys@@YAHABVstring@Broc@@0PAHH@Z	int __cdecl BrocSys::GetNode(class Broc::string const &,class Broc::string const &,int *,int)	
0x005BEB90	?GetVehicleNode@BrocSys@@YAHABVstring@Broc@@0PAHH@Z	int __cdecl BrocSys::GetVehicleNode(class Broc::string const &,class Broc::string const &,int *,int)	
0x005BEC40	?GetNumVehicles@BrocSys@@YAIXZ	unsigned int __cdecl BrocSys::GetNumVehicles(void)	
0x005BEC70	?EffectEventPlayQueued@BrocSys@@YAXI@Z	void __cdecl BrocSys::EffectEventPlayQueued(unsigned int)	
0x005BEC80	?EffectEventIsStillPlaying@BrocSys@@YA_NI@Z	bool __cdecl BrocSys::EffectEventIsStillPlaying(unsigned int)	
0x005BEC90	?EffectEventStop@BrocSys@@YAXI@Z	void __cdecl BrocSys::EffectEventStop(unsigned int)	
0x005BECA0	?EffectEventFastForward@BrocSys@@YAXIM@Z	void __cdecl BrocSys::EffectEventFastForward(unsigned int,float)	
0x005BECB0	?SceneEffectEnable@BrocSys@@YAXI@Z	void __cdecl BrocSys::SceneEffectEnable(unsigned int)	
0x005BECD0	?SceneEffectDisable@BrocSys@@YAXI@Z	void __cdecl BrocSys::SceneEffectDisable(unsigned int)	
0x005BECF0	?RegisterAnimNotifyFunc@BrocSys@@YAXPBDP6AXVentity@Broc@@@Z@Z	void __cdecl BrocSys::RegisterAnimNotifyFunc(char const *,void (__cdecl*)(class Broc::entity))	
0x005BED00	?BROC_AttachCurveEntity@BrocSys@@YA_NIAAVstring@Broc@@@Z	bool __cdecl BrocSys::BROC_AttachCurveEntity(unsigned int,class Broc::string &)	
0x005BED40	?BROC_AddCurveKeyEvaluator@BrocSys@@YA_NIP6AMIIIMMI@Z@Z	bool __cdecl BrocSys::BROC_AddCurveKeyEvaluator(unsigned int,float (__cdecl*)(unsigned int,unsigned int,unsigned int,float,float,unsigned int))	
0x005BED60	?BROC_AddCurveConditionEvaluator@BrocSys@@YA_NIP6AMIIIMMI@Z@Z	bool __cdecl BrocSys::BROC_AddCurveConditionEvaluator(unsigned int,float (__cdecl*)(unsigned int,unsigned int,unsigned int,float,float,unsigned int))	
0x005BED80	?DialogPlayAllowOverlapping@BrocSys@@YAX_N@Z	void __cdecl BrocSys::DialogPlayAllowOverlapping(bool)	
0x005BED90	?CheckWave@BrocSys@@YAHABVstring@Broc@@@Z	int __cdecl BrocSys::CheckWave(class Broc::string const &)	
0x005BEDC0	?IsPathNodeDefined@BrocSys@@YAHI@Z	int __cdecl BrocSys::IsPathNodeDefined(unsigned int)	
0x005BEDE0	?IsVehicleNodeDefined@BrocSys@@YAHI@Z	int __cdecl BrocSys::IsVehicleNodeDefined(unsigned int)	
0x005BEDF0	?AnimScripted2@BrocSys@@YAXIIABUvector@Broc@@0IABVstring@3@I_NMM@Z	void __cdecl BrocSys::AnimScripted2(unsigned int,unsigned int,struct Broc::vector const &,struct Broc::vector const &,unsigned int,class Broc::string const &,unsigned int,bool,float,float)	
0x005BEE00	?AnimScripted1@BrocSys@@YAXIIABUvector@Broc@@0I@Z	void __cdecl BrocSys::AnimScripted1(unsigned int,unsigned int,struct Broc::vector const &,struct Broc::vector const &,unsigned int)	
0x005BEEA0	?StartScriptedAnim@BrocSys@@YAXIIABUvector@Broc@@0IABVstring@3@I@Z	void __cdecl BrocSys::StartScriptedAnim(unsigned int,unsigned int,struct Broc::vector const &,struct Broc::vector const &,unsigned int,class Broc::string const &,unsigned int)	
0x005BEEB0	?GetAnimFromScriptCVars@BrocSys@@YAHXZ	int __cdecl BrocSys::GetAnimFromScriptCVars(void)	
0x005BEF90	?AddFakeFriendly@BrocSys@@YAXI_N@Z	void __cdecl BrocSys::AddFakeFriendly(unsigned int,bool)	
0x005BEFA0	?RemoveFakeFriendly@BrocSys@@YAXI@Z	void __cdecl BrocSys::RemoveFakeFriendly(unsigned int)	
0x005BEFB0	?IsModelLoaded@BrocSys@@YA_NABVstring@Broc@@W4TPakInfo@@@Z	bool __cdecl BrocSys::IsModelLoaded(class Broc::string const &,enum TPakInfo)	
0x005BF050	?PlaySubtitle@BrocSys@@YAXABVstring@Broc@@@Z	void __cdecl BrocSys::PlaySubtitle(class Broc::string const &)	
0x005BF080	?AnimHasNotetrack@BrocSys@@YA_NIIABI@Z	bool __cdecl BrocSys::AnimHasNotetrack(unsigned int,unsigned int,unsigned int const &)	
0x005BF0A0	?IsLocalHost@BrocSys@@YA_NXZ	bool __cdecl BrocSys::IsLocalHost(void)	
0x005BF0B0	?ValidateLightVis@BrocSys@@YAXH@Z	void __cdecl BrocSys::ValidateLightVis(int)	
0x005BF110	?ActorScr_Clamp_0_1@BrocSys@@YAXPAUactor_s@@HPAM@Z	void __cdecl BrocSys::ActorScr_Clamp_0_1(struct actor_s *,int,float *)	
0x005BF1D0	?ActorScr_ReadOnly@BrocSys@@YAXPAUactor_s@@HPAX@Z	void __cdecl BrocSys::ActorScr_ReadOnly(struct actor_s *,int,void *)	
0x005BF210	?ActorScr_SetGoalRadius@BrocSys@@YAXPAUactor_s@@HPBM@Z	void __cdecl BrocSys::ActorScr_SetGoalRadius(struct actor_s *,int,float const *)	
0x005BF230	?ActorScr_SetTime@BrocSys@@YAXPAUactor_s@@HPBH@Z	void __cdecl BrocSys::ActorScr_SetTime(struct actor_s *,int,int const *)	
0x005BF260	?ActorScr_GetTime@BrocSys@@YAXPAUactor_s@@HPAH@Z	void __cdecl BrocSys::ActorScr_GetTime(struct actor_s *,int,int *)	
0x005BF290	?ActorScr_SetWeapon@BrocSys@@YAXPAUactor_s@@HPBVstring@Broc@@@Z	void __cdecl BrocSys::ActorScr_SetWeapon(struct actor_s *,int,class Broc::string const *)	
0x005BF2C0	?ActorScr_GetWeapon@BrocSys@@YAXPAUactor_s@@HPAVstring@Broc@@@Z	void __cdecl BrocSys::ActorScr_GetWeapon(struct actor_s *,int,class Broc::string *)	
0x005BF2F0	?ActorScr_GetGroundType@BrocSys@@YAXPAUactor_s@@HPAVstring@Broc@@@Z	void __cdecl BrocSys::ActorScr_GetGroundType(struct actor_s *,int,class Broc::string *)	
0x005BF320	?ActorScr_SetAnimPos@BrocSys@@YAXPAUactor_s@@HPBI@Z	void __cdecl BrocSys::ActorScr_SetAnimPos(struct actor_s *,int,unsigned int const *)	
0x005BF3B0	?ActorScr_GetFavoriteEnemy@BrocSys@@YAXPAUactor_s@@HPAVentity@Broc@@@Z	void __cdecl BrocSys::ActorScr_GetFavoriteEnemy(struct actor_s *,int,class Broc::entity *)	
0x005BF420	?PathNode_SetAngles@BrocSys@@YAXPAUPathNode@PathNodes@@HPAUvector@Broc@@@Z	void __cdecl BrocSys::PathNode_SetAngles(struct PathNodes::PathNode *,int,struct Broc::vector *)	
0x005BF440	?PathNode_GetAngles@BrocSys@@YAXPAUPathNode@PathNodes@@HPAUvector@Broc@@@Z	void __cdecl BrocSys::PathNode_GetAngles(struct PathNodes::PathNode *,int,struct Broc::vector *)	
0x005BF470	?PathNode_SetType@BrocSys@@YAXPAUPathNode@PathNodes@@HPAVstring@Broc@@@Z	void __cdecl BrocSys::PathNode_SetType(struct PathNodes::PathNode *,int,class Broc::string *)	
0x005BF4C0	?PathNode_GetType@BrocSys@@YAXPAUPathNode@PathNodes@@HPAVstring@Broc@@@Z	void __cdecl BrocSys::PathNode_GetType(struct PathNodes::PathNode *,int,class Broc::string *)	
0x005BF4E0	?SentientScr_ReadOnly@BrocSys@@YAXPAUsentient_s@@HPAX@Z	void __cdecl BrocSys::SentientScr_ReadOnly(struct sentient_s *,int,void *)	
0x005BF520	?SentientScr_ConvertNode@BrocSys@@YAXPAUsentient_s@@HPAVpathnode@Broc@@@Z	void __cdecl BrocSys::SentientScr_ConvertNode(struct sentient_s *,int,class Broc::pathnode *)	
0x005BF560	?SentientScr_ConvertSentient@BrocSys@@YAXPAUsentient_s@@HPAVentity@Broc@@@Z	void __cdecl BrocSys::SentientScr_ConvertSentient(struct sentient_s *,int,class Broc::entity *)	
0x005BF580	?SentientScr_ConvertSentientEnemy@BrocSys@@YAXPAUsentient_s@@HPAVentity@Broc@@@Z	void __cdecl BrocSys::SentientScr_ConvertSentientEnemy(struct sentient_s *,int,class Broc::entity *)	
0x005BF5B0	?SentientScr_GetTeam@BrocSys@@YAXPAUsentient_s@@HPAVstring@Broc@@@Z	void __cdecl BrocSys::SentientScr_GetTeam(struct sentient_s *,int,class Broc::string *)	
0x005BF650	?SentientScr_SetGoalRadius@BrocSys@@YAXPAUsentient_s@@HPAM@Z	void __cdecl BrocSys::SentientScr_SetGoalRadius(struct sentient_s *,int,float *)	
0x005BF680	?SentientScr_SetGoalAngleTolerance@BrocSys@@YAXPAUsentient_s@@HPAM@Z	void __cdecl BrocSys::SentientScr_SetGoalAngleTolerance(struct sentient_s *,int,float *)	
0x005BF6A0	?GetJoyPos@BrocSys@@YAXHAAM0@Z	void __cdecl BrocSys::GetJoyPos(int,float &,float &)	
0x005BF730	?SaveCheckpoint@BrocSys@@YAXXZ	void __cdecl BrocSys::SaveCheckpoint(void)	
0x005BF740	?RestoreLastCheckpoint@BrocSys@@YAXXZ	void __cdecl BrocSys::RestoreLastCheckpoint(void)	
0x005BF750	?GetSplineData@BrocSys@@YAXPBDAAPAUvector@Broc@@AAPAI2@Z	void __cdecl BrocSys::GetSplineData(char const *,struct Broc::vector * &,unsigned int * &,unsigned int * &)	
0x005BF7F0	?DronesStart@BrocSys@@YAXPBD0HHHMM_N1@Z	void __cdecl BrocSys::DronesStart(char const *,char const *,int,int,int,float,float,bool,bool)	
0x005BF800	?DronesStop@BrocSys@@YAXPBD@Z	void __cdecl BrocSys::DronesStop(char const *)	
0x005BF810	?DronesDelete@BrocSys@@YAXPBD@Z	void __cdecl BrocSys::DronesDelete(char const *)	
0x005BF820	?ObjectiveHideStar@BrocSys@@YAXII@Z	void __cdecl BrocSys::ObjectiveHideStar(unsigned int,unsigned int)	
0x005BF840	?ObjectiveHideUpdatedText@BrocSys@@YAXII@Z	void __cdecl BrocSys::ObjectiveHideUpdatedText(unsigned int,unsigned int)	
0x005BF860	?SetWeaponCameraShakeScale@BrocSys@@YAXMH@Z	void __cdecl BrocSys::SetWeaponCameraShakeScale(float,int)	
0x005BF890	?SetHUDType@BrocSys@@YAXW4hud_type@@H@Z	void __cdecl BrocSys::SetHUDType(enum hud_type,int)	
0x005BF8B0	?SetTutorialText@BrocSys@@YAXHH@Z	void __cdecl BrocSys::SetTutorialText(int,int)	
0x005BF920	?SetTutorialTextAllPlayers@BrocSys@@YAXH@Z	void __cdecl BrocSys::SetTutorialTextAllPlayers(int)	
0x005BF940	?SetActionHint@BrocSys@@YAXHH@Z	void __cdecl BrocSys::SetActionHint(int,int)	
0x005BF9B0	?OverrideTriggerLookAtRadius@BrocSys@@YAXM@Z	void __cdecl BrocSys::OverrideTriggerLookAtRadius(float)	
0x005BF9D0	?SaveCheckpoint@BrocSys@@YAXPBD@Z	void __cdecl BrocSys::SaveCheckpoint(char const *)	
0x005BF9F0	?SetGameUnsignedVar@BrocSys@@YAXII@Z	void __cdecl BrocSys::SetGameUnsignedVar(unsigned int,unsigned int)	
0x005BFA10	?SetGameFloatVar@BrocSys@@YAXIM@Z	void __cdecl BrocSys::SetGameFloatVar(unsigned int,float)	
0x005BFA30	?SetGameVectorVar@BrocSys@@YAXIABUvector@Broc@@@Z	void __cdecl BrocSys::SetGameVectorVar(unsigned int,struct Broc::vector const &)	
0x005BFA70	?GetGameUnsignedVar@BrocSys@@YAII@Z	unsigned int __cdecl BrocSys::GetGameUnsignedVar(unsigned int)	
0x005BFAA0	?GetGameFloatVar@BrocSys@@YAMI@Z	float __cdecl BrocSys::GetGameFloatVar(unsigned int)	
0x005BFAD0	?GetGameVectorVar@BrocSys@@YA?AUvector@Broc@@I@Z	struct Broc::vector __cdecl BrocSys::GetGameVectorVar(unsigned int)	
0x005BFB20	?SetDroneScriptControl@BrocSys@@YAXI_N@Z	void __cdecl BrocSys::SetDroneScriptControl(unsigned int,bool)	
0x005BFB30	?GetDrones@BrocSys@@YAIABUvector@Broc@@MPAII@Z	unsigned int __cdecl BrocSys::GetDrones(struct Broc::vector const &,float,unsigned int *,unsigned int)	
0x005BFB40	?SetShadowIntensity@BrocSys@@YAXM@Z	void __cdecl BrocSys::SetShadowIntensity(float)	
0x005BFB60	?SetShadowRadius@BrocSys@@YAXM@Z	void __cdecl BrocSys::SetShadowRadius(float)	
0x005BFB80	?EnableAsserts@BrocSys@@YAXXZ	void __cdecl BrocSys::EnableAsserts(void)	
0x005BFB90	?NoClip@BrocSys@@YAXH@Z	void __cdecl BrocSys::NoClip(int)	
0x005BFBE0	?SetZFog@BrocSys@@YAXMMM@Z	void __cdecl BrocSys::SetZFog(float,float,float)	
0x005BFBF0	?Mover_SetupMove@BrocSys@@YAXPAUtrajectory_t@@ABVPosition3@math@@MMMAAV34@PAM33222@Z	void __cdecl BrocSys::Mover_SetupMove(struct trajectory_t *,class math::Position3 const &,float,float,float,class math::Position3 &,float *,float *,float *,class math::Position3 &,class math::Position3 &,class math::Position3 &)	
0x005C02C0	?Mover_SetupMoveSpeed@BrocSys@@YAXPAUtrajectory_t@@ABVPosition3@math@@MMMAAV34@PAM33222@Z	void __cdecl BrocSys::Mover_SetupMoveSpeed(struct trajectory_t *,class math::Position3 const &,float,float,float,class math::Position3 &,float *,float *,float *,class math::Position3 &,class math::Position3 &,class math::Position3 &)	
0x005C08B0	?Mover_Move@BrocSys@@YAXPAVEntity@@ABVPosition3@math@@MMM@Z	void __cdecl BrocSys::Mover_Move(class Entity *,class math::Position3 const &,float,float,float)	
0x005C0910	?Mover_GravityMove@BrocSys@@YAXPAVEntity@@QBMMM@Z	void __cdecl BrocSys::Mover_GravityMove(class Entity *,float const * const,float,float)	
0x005C0A30	?Mover_Rotate@BrocSys@@YAXPAVEntity@@ABVPosition3@math@@MMM@Z	void __cdecl BrocSys::Mover_Rotate(class Entity *,class math::Position3 const &,float,float,float)	
0x005C0A90	?Mover_RotateSpeed@BrocSys@@YAXPAVEntity@@ABVPosition3@math@@MMM@Z	void __cdecl BrocSys::Mover_RotateSpeed(class Entity *,class math::Position3 const &,float,float,float)	
0x005C0AF0	?ToggleNano@BrocSys@@YAX_N@Z	void __cdecl BrocSys::ToggleNano(bool)	
0x005C0B00	?IsValidClientType@BrocSys@@YA_NPAVEntity@@@Z	bool __cdecl BrocSys::IsValidClientType(class Entity *)	
0x005C0B60	?MPScript_RequestRespawn@BrocSys@@YAXI@Z	void __cdecl BrocSys::MPScript_RequestRespawn(unsigned int)	
0x005C0B80	?MPScript_ClearPlayerStats@BrocSys@@YAXXZ	void __cdecl BrocSys::MPScript_ClearPlayerStats(void)	
0x005C0C30	?MPScript_ClearTeamScores@BrocSys@@YAXXZ	void __cdecl BrocSys::MPScript_ClearTeamScores(void)	
0x005C0C40	?MPScript_IncTeamScore@BrocSys@@YAXABVstring@Broc@@H@Z	void __cdecl BrocSys::MPScript_IncTeamScore(class Broc::string const &,int)	
0x005C0CD0	?MPScript_GetTeamScore@BrocSys@@YAHABVstring@Broc@@@Z	int __cdecl BrocSys::MPScript_GetTeamScore(class Broc::string const &)	
0x005C0D50	?MPScript_SendGameScore@BrocSys@@YAXHH@Z	void __cdecl BrocSys::MPScript_SendGameScore(int,int)	
0x005C0D70	?MPScript_HostDropItem1@BrocSys@@YAXHHABUvector@Broc@@0@Z	void __cdecl BrocSys::MPScript_HostDropItem1(int,int,struct Broc::vector const &,struct Broc::vector const &)	
0x005C0E40	?MPScript_HostDropItem2@BrocSys@@YAXHHABUvector@Broc@@00@Z	void __cdecl BrocSys::MPScript_HostDropItem2(int,int,struct Broc::vector const &,struct Broc::vector const &,struct Broc::vector const &)	
0x005C0F30	?MPScript_DropItem1@BrocSys@@YAXHHABUvector@Broc@@0@Z	void __cdecl BrocSys::MPScript_DropItem1(int,int,struct Broc::vector const &,struct Broc::vector const &)	
0x005C0FE0	?MPScript_DropItem2@BrocSys@@YAXHHABUvector@Broc@@00@Z	void __cdecl BrocSys::MPScript_DropItem2(int,int,struct Broc::vector const &,struct Broc::vector const &,struct Broc::vector const &)	
0x005C10C0	?MPScript_AreaCaptured@BrocSys@@YAXHII@Z	void __cdecl BrocSys::MPScript_AreaCaptured(int,unsigned int,unsigned int)	
0x005C10E0	?MPScript_EnterGame@BrocSys@@YAXXZ	void __cdecl BrocSys::MPScript_EnterGame(void)	
0x005C10F0	?MPScript_ControllerErrorMessageUp@BrocSys@@YA_NXZ	bool __cdecl BrocSys::MPScript_ControllerErrorMessageUp(void)	
0x005C1110	?MPScript_ForceControllerErrorMessageDown@BrocSys@@YAXXZ	void __cdecl BrocSys::MPScript_ForceControllerErrorMessageDown(void)	
0x005C1120	?MPScript_GetWeaponName@BrocSys@@YAXIAAVstring@Broc@@@Z	void __cdecl BrocSys::MPScript_GetWeaponName(unsigned int,class Broc::string &)	
0x005C1160	?MPScript_PositionWouldTelefrag@BrocSys@@YA_NABUvector@Broc@@@Z	bool __cdecl BrocSys::MPScript_PositionWouldTelefrag(struct Broc::vector const &)	
0x005C11C0	?MPScript_SetCompassVisibilty@BrocSys@@YAXI_N@Z	void __cdecl BrocSys::MPScript_SetCompassVisibilty(unsigned int,bool)	
0x005C11D0	?MPScript_SpawnButtonPressed@BrocSys@@YAHI@Z	int __cdecl BrocSys::MPScript_SpawnButtonPressed(unsigned int)	
0x005C1220	?MPScript_DebugRenderText@BrocSys@@YAXPBDHH@Z	void __cdecl BrocSys::MPScript_DebugRenderText(char const *,int,int)	
0x005C1270	?MPScript_DebugRenderBox@BrocSys@@YAXABUvector@Broc@@00M@Z	void __cdecl BrocSys::MPScript_DebugRenderBox(struct Broc::vector const &,struct Broc::vector const &,struct Broc::vector const &,float)	
0x005C1330	?MPScript_DebugRenderSphere@BrocSys@@YAXABUvector@Broc@@M0M@Z	void __cdecl BrocSys::MPScript_DebugRenderSphere(struct Broc::vector const &,float,struct Broc::vector const &,float)	
0x005C13C0	?TakeWeapon@BrocSys@@YAXPAVEntity@@PBD@Z	void __cdecl BrocSys::TakeWeapon(class Entity *,char const *)	
0x005C1430	?IsMenuOpen@BrocSys@@YAHABVstring@Broc@@H@Z	int __cdecl BrocSys::IsMenuOpen(class Broc::string const &,int)	
0x005C14C0	?OpenMenu@BrocSys@@YAHABVstring@Broc@@H@Z	int __cdecl BrocSys::OpenMenu(class Broc::string const &,int)	
0x005C15F0	?OpenMenuNoMouse@BrocSys@@YAHIABVstring@Broc@@@Z	int __cdecl BrocSys::OpenMenuNoMouse(unsigned int,class Broc::string const &)	
0x005C1640	?CloseMenu2@BrocSys@@YAXABVstring@Broc@@H@Z	void __cdecl BrocSys::CloseMenu2(class Broc::string const &,int)	
0x005C1730	?CloseAllMenus@BrocSys@@YAXH@Z	void __cdecl BrocSys::CloseAllMenus(int)	
0x005C1750	?SetSpectateState@BrocSys@@YAXHH@Z	void __cdecl BrocSys::SetSpectateState(int,int)	
0x005C1780	?SetSpectateSeconds@BrocSys@@YAXHH@Z	void __cdecl BrocSys::SetSpectateSeconds(int,int)	
0x005C17B0	?SetSpectateMedic@BrocSys@@YAXHH@Z	void __cdecl BrocSys::SetSpectateMedic(int,int)	
0x005C17E0	?DebugOut@BrocSys@@YAXPBD@Z	void __cdecl BrocSys::DebugOut(char const *)	
0x005C17F0	?FreezeMovement@BrocSys@@YAX_N@Z	void __cdecl BrocSys::FreezeMovement(bool)	
0x005C1800	?ToggleClip@BrocSys@@YAXXZ	void __cdecl BrocSys::ToggleClip(void)	
0x005C1880	?ObjectiveUpdatedNotify@@YAXXZ	void __cdecl ObjectiveUpdatedNotify(void)	
0x005C18C0	?ObjectiveCompletedNotify@@YAXXZ	void __cdecl ObjectiveCompletedNotify(void)	
0x005C1900	?ObjectiveFailedNotify@@YAXXZ	void __cdecl ObjectiveFailedNotify(void)	
0x005C1940	?PrintObjectiveUpdate@BrocSys@@YA_NAAVstring@Broc@@HPBD@Z	bool __cdecl BrocSys::PrintObjectiveUpdate(class Broc::string &,int,char const *)	
0x005C1950	?ObjectiveStateIndexFromString@BrocSys@@YA_NPAHAAVstring@Broc@@@Z	bool __cdecl BrocSys::ObjectiveStateIndexFromString(int *,class Broc::string &)	
0x005C1980	?FindUnusedChildObjective@BrocSys@@YAHXZ	int __cdecl BrocSys::FindUnusedChildObjective(void)	
0x005C19D0	?DeleteAllChildrenOfObjective@BrocSys@@YAXH@Z	void __cdecl BrocSys::DeleteAllChildrenOfObjective(int)	
0x005C1A40	?UpdateNPCtoVehicleMovement@BrocSys@@YAXII@Z	void __cdecl BrocSys::UpdateNPCtoVehicleMovement(unsigned int,unsigned int)	
0x005C1A50	?SetAnimCheck@@YAXH@Z	void __cdecl SetAnimCheck(int)	
0x005C1A60	?Scr_EmitAnimation@@YAXPADGI@Z	void __cdecl Scr_EmitAnimation(char *,unsigned short,unsigned int)	
0x005C1AB0	?Scr_IsSystemActive@@YAHE@Z	int __cdecl Scr_IsSystemActive(unsigned char)	
0x005C1AC0	?Scr_Error@@YAXPBD@Z	void __cdecl Scr_Error(char const *)	
0x005C1B10	?Scr_ParamError@@YAXIPBD@Z	void __cdecl Scr_ParamError(unsigned int,char const *)	
0x005C1B60	?VM_Init@@YAXXZ	void __cdecl VM_Init(void)	
0x005C1B80	?VM_DllSyscall@@YAHHZZ	int __cdecl VM_DllSyscall(int,...)	
0x005C1BE0	?VM_Create@@YAPAUvm_s@@PBDP6AHPAH@Z@Z	struct vm_s * __cdecl VM_Create(char const *,int (__cdecl*)(int *))	
0x005C1D30	?VM_Free@@YAXPAUvm_s@@@Z	void __cdecl VM_Free(struct vm_s *)	
0x005C1DB0	?VM_Clear@@YAXXZ	void __cdecl VM_Clear(void)	
0x005C1DE0	?VM_Call@@YAHPAUvm_s@@HZZ	int __cdecl VM_Call(struct vm_s *,int,...)	
0x005C1F00	?SetKillFlag@AeThread@@QAEXXZ	public: void __thiscall AeThread::SetKillFlag(void)	
0x005C1F10	?Kill@AeThread@@QAEXXZ	public: void __thiscall AeThread::Kill(void)	
0x005C1F30	?UnloadScript@AeThreadManager@@QAEXPAX@Z	public: void __thiscall AeThreadManager::UnloadScript(void *)	
0x005C1F40	??0AeThreadEntityNotifyTimeoutState@@QAE@V?$DbLinkedHandle@VEntityHandleDb@@VEntity@@@@IMW4EAction@AeThreadState@@@Z	public: __thiscall AeThreadEntityNotifyTimeoutState::AeThreadEntityNotifyTimeoutState(class DbLinkedHandle<class EntityHandleDb,class Entity>,unsigned int,float,enum AeThreadState::EAction)	
0x005C1F80	??0AeThreadPakNotifyState@@QAE@PBUPakInfoNode@@W4ePakState@0@@Z	public: __thiscall AeThreadPakNotifyState::AeThreadPakNotifyState(struct PakInfoNode const *,enum AeThreadPakNotifyState::ePakState)	
0x005C1FB0	??0AeThreadWaitState@@QAE@M@Z	public: __thiscall AeThreadWaitState::AeThreadWaitState(float)	
0x005C1FE0	?GetCondText@AeThreadWaitState@@UAEXAAV?$ae_fixed_string@$0EA@E@@@Z	public: virtual void __thiscall AeThreadWaitState::GetCondText(class ae_fixed_string<64,unsigned char> &)	
0x005C2030	??0AeThreadWaitFramesState@@QAE@H@Z	public: __thiscall AeThreadWaitFramesState::AeThreadWaitFramesState(int)	
0x005C2060	?GetCondText@AeThreadWaitFramesState@@UAEXAAV?$ae_fixed_string@$0EA@E@@@Z	public: virtual void __thiscall AeThreadWaitFramesState::GetCondText(class ae_fixed_string<64,unsigned char> &)	
0x005C20A0	?GetWeaponIndex@BrocSys@@YAHABVstring@Broc@@@Z	int __cdecl BrocSys::GetWeaponIndex(class Broc::string const &)	
0x005C20D0	?SetupLevelSpecificVariables@BrocSys@@YAXXZ	void __cdecl BrocSys::SetupLevelSpecificVariables(void)	
0x005C2190	?MakeGameMessage@BrocSys@@YAXPBD0@Z	void __cdecl BrocSys::MakeGameMessage(char const *,char const *)	
0x005C21C0	?IPrintLn@BrocSys@@YAXPBD@Z	void __cdecl BrocSys::IPrintLn(char const *)	
0x005C2210	?IPrintLnBold@BrocSys@@YAXPBD@Z	void __cdecl BrocSys::IPrintLnBold(char const *)	
0x005C2260	?RegisterAnimation@BrocSys@@YAXPAVAnimBroRef@@@Z	void __cdecl BrocSys::RegisterAnimation(class AnimBroRef *)	
0x005C2280	?Print3D@BrocSys@@YAXABUvector@Broc@@ABVstring@3@0MM@Z	void __cdecl BrocSys::Print3D(struct Broc::vector const &,class Broc::string const &,struct Broc::vector const &,float,float)	
0x005C22E0	?ThreadDebugNotice@BrocSys@@YAXPBD@Z	void __cdecl BrocSys::ThreadDebugNotice(char const *)	
0x005C2340	?Spawn@BrocSys@@YAIABVstring@Broc@@ABUvector@3@W4TPakInfo@@@Z	unsigned int __cdecl BrocSys::Spawn(class Broc::string const &,struct Broc::vector const &,enum TPakInfo)	
0x005C2590	?SpawnWithFlag@BrocSys@@YAIABVstring@Broc@@ABUvector@3@HW4TPakInfo@@@Z	unsigned int __cdecl BrocSys::SpawnWithFlag(class Broc::string const &,struct Broc::vector const &,int,enum TPakInfo)	
0x005C27F0	?SpawnWithFlagAndSize@BrocSys@@YAIABVstring@Broc@@ABUvector@3@AAU43@2HW4TPakInfo@@@Z	unsigned int __cdecl BrocSys::SpawnWithFlagAndSize(class Broc::string const &,struct Broc::vector const &,struct Broc::vector &,struct Broc::vector &,int,enum TPakInfo)	
0x005C2BF0	?SpawnTriggerMount@BrocSys@@YAIAAUvector@Broc@@0_NW4TPakInfo@@@Z	unsigned int __cdecl BrocSys::SpawnTriggerMount(struct Broc::vector &,struct Broc::vector &,bool,enum TPakInfo)	
0x005C2E00	?SpawnTurret@BrocSys@@YAIABVstring@Broc@@ABUvector@3@0W4TPakInfo@@@Z	unsigned int __cdecl BrocSys::SpawnTurret(class Broc::string const &,struct Broc::vector const &,class Broc::string const &,enum TPakInfo)	
0x005C3030	?SpawnTurretWithAngles@BrocSys@@YAIABVstring@Broc@@ABUvector@3@01W4TPakInfo@@@Z	unsigned int __cdecl BrocSys::SpawnTurretWithAngles(class Broc::string const &,struct Broc::vector const &,class Broc::string const &,struct Broc::vector const &,enum TPakInfo)	
0x005C3340	?MusicPlay@BrocSys@@YAXABVstring@Broc@@@Z	void __cdecl BrocSys::MusicPlay(class Broc::string const &)	
0x005C3370	?MusicIndoorPlay@BrocSys@@YAXABVstring@Broc@@M@Z	void __cdecl BrocSys::MusicIndoorPlay(class Broc::string const &,float)	
0x005C33B0	?SoundPlay@BrocSys@@YAIABVstring@Broc@@M@Z	unsigned int __cdecl BrocSys::SoundPlay(class Broc::string const &,float)	
0x005C3460	?SoundStop@BrocSys@@YAXI@Z	void __cdecl BrocSys::SoundStop(unsigned int)	
0x005C3480	?SoundBusVolIsName@BrocSys@@YA_NABVstring@Broc@@@Z	bool __cdecl BrocSys::SoundBusVolIsName(class Broc::string const &)	
0x005C34B0	?SoundBusPitchAddBus@BrocSys@@YAXABVstring@Broc@@@Z	void __cdecl BrocSys::SoundBusPitchAddBus(class Broc::string const &)	
0x005C34E0	?SoundBusVolAddBus@BrocSys@@YAXABVstring@Broc@@@Z	void __cdecl BrocSys::SoundBusVolAddBus(class Broc::string const &)	
0x005C3510	?SoundBusPitchRemoveBus@BrocSys@@YAXABVstring@Broc@@@Z	void __cdecl BrocSys::SoundBusPitchRemoveBus(class Broc::string const &)	
0x005C3540	?SoundBusVolRemoveBus@BrocSys@@YAXABVstring@Broc@@@Z	void __cdecl BrocSys::SoundBusVolRemoveBus(class Broc::string const &)	
0x005C3570	?SoundBusVolFade@BrocSys@@YAXABVstring@Broc@@MM@Z	void __cdecl BrocSys::SoundBusVolFade(class Broc::string const &,float,float)	
0x005C35A0	?SoundBusPitchFade@BrocSys@@YAXABVstring@Broc@@MM@Z	void __cdecl BrocSys::SoundBusPitchFade(class Broc::string const &,float,float)	
0x005C35D0	?ReverbSetParams@BrocSys@@YAXABVstring@Broc@@_N@Z	void __cdecl BrocSys::ReverbSetParams(class Broc::string const &,bool)	
0x005C3610	?LoadWbk@BrocSys@@YAXABVstring@Broc@@@Z	void __cdecl BrocSys::LoadWbk(class Broc::string const &)	
0x005C3650	?FreeWbk@BrocSys@@YAXABVstring@Broc@@@Z	void __cdecl BrocSys::FreeWbk(class Broc::string const &)	
0x005C3690	?GetTeamFlags@BrocSys@@YAHABVstring@Broc@@0@Z	int __cdecl BrocSys::GetTeamFlags(class Broc::string const &,class Broc::string const &)	
0x005C3750	?GetWeaponClassName@BrocSys@@YA?AVstring@Broc@@I@Z	class Broc::string __cdecl BrocSys::GetWeaponClassName(unsigned int)	
0x005C3810	?GetWeaponClassNameStr@BrocSys@@YA?AVstring@Broc@@I@Z	class Broc::string __cdecl BrocSys::GetWeaponClassNameStr(unsigned int)	
0x005C38D0	?GetStartOrigin@BrocSys@@YAXAAUvector@Broc@@ABU23@1I@Z	void __cdecl BrocSys::GetStartOrigin(struct Broc::vector &,struct Broc::vector const &,struct Broc::vector const &,unsigned int)	
0x005C3A40	?GetStartAngles@BrocSys@@YAXAAUvector@Broc@@ABU23@1I@Z	void __cdecl BrocSys::GetStartAngles(struct Broc::vector &,struct Broc::vector const &,struct Broc::vector const &,unsigned int)	
0x005C3B60	?GetCycleOriginOffset@BrocSys@@YAXAAUvector@Broc@@ABU23@I@Z	void __cdecl BrocSys::GetCycleOriginOffset(struct Broc::vector &,struct Broc::vector const &,unsigned int)	
0x005C3C70	?GetMoveDelta@BrocSys@@YAXAAUvector@Broc@@IMM@Z	void __cdecl BrocSys::GetMoveDelta(struct Broc::vector &,unsigned int,float,float)	
0x005C3DD0	?GetAngleDelta@BrocSys@@YAMIMM@Z	float __cdecl BrocSys::GetAngleDelta(unsigned int,float,float)	
0x005C3EB0	?MissionFailed@BrocSys@@YAXABVstring@Broc@@@Z	void __cdecl BrocSys::MissionFailed(class Broc::string const &)	
0x005C3F40	?Cinematic1@BrocSys@@YAXABVstring@Broc@@M@Z	void __cdecl BrocSys::Cinematic1(class Broc::string const &,float)	
0x005C3FF0	?Cinematic2@BrocSys@@YAXABVstring@Broc@@@Z	void __cdecl BrocSys::Cinematic2(class Broc::string const &)	
0x005C4040	?Earthquake@BrocSys@@YAXMMABUvector@Broc@@MH@Z	void __cdecl BrocSys::Earthquake(float,float,struct Broc::vector const &,float,int)	
0x005C40F0	?BulletTracer@BrocSys@@YAXABUvector@Broc@@0@Z	void __cdecl BrocSys::BulletTracer(struct Broc::vector const &,struct Broc::vector const &)	
0x005C4230	?MagicBullet@BrocSys@@YAXABVstring@Broc@@ABUvector@3@1@Z	void __cdecl BrocSys::MagicBullet(class Broc::string const &,struct Broc::vector const &,struct Broc::vector const &)	
0x005C44D0	?WeaponFireTime@BrocSys@@YAMABVstring@Broc@@@Z	float __cdecl BrocSys::WeaponFireTime(class Broc::string const &)	
0x005C4520	?WeaponClipSize@BrocSys@@YAHABVstring@Broc@@@Z	int __cdecl BrocSys::WeaponClipSize(class Broc::string const &)	
0x005C4560	?WeaponIsSemiAuto@BrocSys@@YAHABVstring@Broc@@@Z	int __cdecl BrocSys::WeaponIsSemiAuto(class Broc::string const &)	
0x005C45A0	?WeaponIsBoltAction@BrocSys@@YAHABVstring@Broc@@@Z	int __cdecl BrocSys::WeaponIsBoltAction(class Broc::string const &)	
0x005C45E0	?WeaponType@BrocSys@@YAXAAVstring@Broc@@ABV23@@Z	void __cdecl BrocSys::WeaponType(class Broc::string &,class Broc::string const &)	
0x005C4640	?BadPlaceDelete@BrocSys@@YAXABVstring@Broc@@@Z	void __cdecl BrocSys::BadPlaceDelete(class Broc::string const &)	
0x005C46B0	?BadPlaceCylinder@BrocSys@@YAXABVstring@Broc@@MABUvector@3@MM0@Z	void __cdecl BrocSys::BadPlaceCylinder(class Broc::string const &,float,struct Broc::vector const &,float,float,class Broc::string const &)	
0x005C47A0	?BadPlaceArcs@BrocSys@@YAXABVstring@Broc@@MABUvector@3@MM1MM0@Z	void __cdecl BrocSys::BadPlaceArcs(class Broc::string const &,float,struct Broc::vector const &,float,float,struct Broc::vector const &,float,float,class Broc::string const &)	
0x005C4970	?GetHudElemAllocIndex@BrocSys@@YAHXZ	int __cdecl BrocSys::GetHudElemAllocIndex(void)	
0x005C49B0	?NewHudElem@BrocSys@@YA?AVhudelem@Broc@@H@Z	class Broc::hudelem __cdecl BrocSys::NewHudElem(int)	
0x005C4A80	?GetPak@BrocSys@@YA?AW4TPakInfo@@ABVstring@Broc@@@Z	enum TPakInfo __cdecl BrocSys::GetPak(class Broc::string const &)	
0x005C4B10	?HudSetTimerInternal@BrocSys@@YAXHW4he_type_t@@PBDM@Z	void __cdecl BrocSys::HudSetTimerInternal(int,enum he_type_t,char const *,float)	
0x005C4C50	?HudSetClockInternal@BrocSys@@YAXHW4he_type_t@@PBD1MMHH@Z	void __cdecl BrocSys::HudSetClockInternal(int,enum he_type_t,char const *,char const *,float,float,int,int)	
0x005C4EE0	?SetText@BrocSys@@YAXABVhudelem@Broc@@ABVstring@3@@Z	void __cdecl BrocSys::SetText(class Broc::hudelem const &,class Broc::string const &)	
0x005C5060	?SetShader@BrocSys@@YAXABVhudelem@Broc@@ABVstring@3@HH@Z	void __cdecl BrocSys::SetShader(class Broc::hudelem const &,class Broc::string const &,int,int)	
0x005C5180	?SetTimer@BrocSys@@YAXABVhudelem@Broc@@M@Z	void __cdecl BrocSys::SetTimer(class Broc::hudelem const &,float)	
0x005C51A0	?SetTimerUp@BrocSys@@YAXABVhudelem@Broc@@M@Z	void __cdecl BrocSys::SetTimerUp(class Broc::hudelem const &,float)	
0x005C5260	?SetTenthsTimer@BrocSys@@YAXABVhudelem@Broc@@M@Z	void __cdecl BrocSys::SetTenthsTimer(class Broc::hudelem const &,float)	
0x005C5280	?SetTenthsTimerUp@BrocSys@@YAXABVhudelem@Broc@@M@Z	void __cdecl BrocSys::SetTenthsTimerUp(class Broc::hudelem const &,float)	
0x005C5360	?SetClock@BrocSys@@YAXABVhudelem@Broc@@MMABVstring@3@HH@Z	void __cdecl BrocSys::SetClock(class Broc::hudelem const &,float,float,class Broc::string const &,int,int)	
0x005C53A0	?SetClockUp@BrocSys@@YAXABVhudelem@Broc@@MMABVstring@3@HH@Z	void __cdecl BrocSys::SetClockUp(class Broc::hudelem const &,float,float,class Broc::string const &,int,int)	
0x005C53E0	?FadeOverTime@BrocSys@@YAXABVhudelem@Broc@@M@Z	void __cdecl BrocSys::FadeOverTime(class Broc::hudelem const &,float)	
0x005C5510	?ScaleOverTime@BrocSys@@YAXABVhudelem@Broc@@MHH@Z	void __cdecl BrocSys::ScaleOverTime(class Broc::hudelem const &,float,int,int)	
0x005C5650	?MoveOverTime@BrocSys@@YAXABVhudelem@Broc@@M@Z	void __cdecl BrocSys::MoveOverTime(class Broc::hudelem const &,float)	
0x005C5780	?CreateNanoForce@BrocSys@@YAIABVstring@Broc@@ABUvector@3@1@Z	unsigned int __cdecl BrocSys::CreateNanoForce(class Broc::string const &,struct Broc::vector const &,struct Broc::vector const &)	
0x005C5790	?BrocInitEntity@@YAXPAVEntity@@ABV?$InplaceVector@V?$InplaceTreeElement@VInplaceString@@V1@@@@@@Z	void __cdecl BrocInitEntity(class Entity *,class InplaceVector<class InplaceTreeElement<class InplaceString,class InplaceString> > const &)	
0x005C57E0	?Scr_SetOrigin@BrocSys@@YAXPAVEntity@@HPAUvector@Broc@@@Z	void __cdecl BrocSys::Scr_SetOrigin(class Entity *,int,struct Broc::vector *)	
0x005C5990	?Scr_SetHealth@BrocSys@@YAXPAVEntity@@HPAH@Z	void __cdecl BrocSys::Scr_SetHealth(class Entity *,int,int *)	
0x005C5A70	?CreateAnimNotifyTask@BrocSys@@YAXABVentity@Broc@@II@Z	void __cdecl BrocSys::CreateAnimNotifyTask(class Broc::entity const &,unsigned int,unsigned int)	
0x005C5AE0	?GetNodeClaimer@BrocSys@@YAHABVpathnode@Broc@@@Z	int __cdecl BrocSys::GetNodeClaimer(class Broc::pathnode const &)	
0x005C5B60	?SentientScr_SetTeam@BrocSys@@YAXPAUsentient_s@@HPAVstring@Broc@@@Z	void __cdecl BrocSys::SentientScr_SetTeam(struct sentient_s *,int,class Broc::string *)	
0x005C5BB0	?SetExploderState@BrocSys@@YAXHH@Z	void __cdecl BrocSys::SetExploderState(int,int)	
0x005C5BE0	?IsExploded@BrocSys@@YAHH@Z	int __cdecl BrocSys::IsExploded(int)	
0x005C5C00	?SetWalkRunLoopAnimNode@BrocSys@@YAXII@Z	void __cdecl BrocSys::SetWalkRunLoopAnimNode(unsigned int,unsigned int)	
0x005C5C20	?IsValidMoverType@BrocSys@@YA_NPAVEntity@@@Z	bool __cdecl BrocSys::IsValidMoverType(class Entity *)	
0x005C5C60	?GiveWeapon@BrocSys@@YAXPAVEntity@@PBD@Z	void __cdecl BrocSys::GiveWeapon(class Entity *,char const *)	
0x005C5CF0	?CloseMenu1@BrocSys@@YAXI@Z	void __cdecl BrocSys::CloseMenu1(unsigned int)	
0x005C5D10	?SetReverb@BrocSys@@YAXIABVstring@Broc@@MM@Z	void __cdecl BrocSys::SetReverb(unsigned int,class Broc::string const &,float,float)	
0x005C5D50	?PlayLocalSound@BrocSys@@YAXIABVstring@Broc@@@Z	void __cdecl BrocSys::PlayLocalSound(unsigned int,class Broc::string const &)	
0x005C5E10	?ObjectiveAdd3@BrocSys@@YAXHABVstring@Broc@@0PBDHHH@Z	void __cdecl BrocSys::ObjectiveAdd3(int,class Broc::string const &,class Broc::string const &,char const *,int,int,int)	
0x005C5F50	?FindChildObjective@BrocSys@@YA?BHHH_N@Z	int const __cdecl BrocSys::FindChildObjective(int,int,bool)	
0x005C60B0	?ObjectiveChildDelete@BrocSys@@YAXHH@Z	void __cdecl BrocSys::ObjectiveChildDelete(int,int)	
0x005C6150	?ObjectiveDeleteChildren@BrocSys@@YAXH@Z	void __cdecl BrocSys::ObjectiveDeleteChildren(int)	
0x005C61D0	?ObjectiveDelete@BrocSys@@YAXHH@Z	void __cdecl BrocSys::ObjectiveDelete(int,int)	
0x005C62C0	?ObjectiveChildState@BrocSys@@YAXHHABVstring@Broc@@PBD@Z	void __cdecl BrocSys::ObjectiveChildState(int,int,class Broc::string const &,char const *)	
0x005C6460	?ObjectiveState@BrocSys@@YAXHABVstring@Broc@@PBDH@Z	void __cdecl BrocSys::ObjectiveState(int,class Broc::string const &,char const *,int)	
0x005C6620	?ObjectiveStringInternal@BrocSys@@YAXHABVstring@Broc@@H_N1PBD@Z	void __cdecl BrocSys::ObjectiveStringInternal(int,class Broc::string const &,int,bool,bool,char const *)	
0x005C6890	?ObjectiveString@BrocSys@@YAXHABVstring@Broc@@HPBD@Z	void __cdecl BrocSys::ObjectiveString(int,class Broc::string const &,int,char const *)	
0x005C68C0	?ObjectiveString2@BrocSys@@YAXHHHPBD@Z	void __cdecl BrocSys::ObjectiveString2(int,int,int,char const *)	
0x005C6930	?ObjectiveString_NoMessage@BrocSys@@YAXHABVstring@Broc@@HPBD@Z	void __cdecl BrocSys::ObjectiveString_NoMessage(int,class Broc::string const &,int,char const *)	
0x005C6960	?ObjectivePosition@BrocSys@@YAXHABUvector@Broc@@H@Z	void __cdecl BrocSys::ObjectivePosition(int,struct Broc::vector const &,int)	
0x005C6A80	?ObjectiveWorldState@BrocSys@@YAXHABVstring@Broc@@H@Z	void __cdecl BrocSys::ObjectiveWorldState(int,class Broc::string const &,int)	
0x005C6C90	?ObjectiveChildCurrent@BrocSys@@YAXHHPBD@Z	void __cdecl BrocSys::ObjectiveChildCurrent(int,int,char const *)	
0x005C6DE0	?ObjectiveCurrent@BrocSys@@YAXHPBD@Z	void __cdecl BrocSys::ObjectiveCurrent(int,char const *)	
0x005C6F90	?ObjectiveRing@BrocSys@@YAXHH@Z	void __cdecl BrocSys::ObjectiveRing(int,int)	
0x005C7060	?ObjectiveChildString@BrocSys@@YAXHHABVstring@Broc@@HPBD@Z	void __cdecl BrocSys::ObjectiveChildString(int,int,class Broc::string const &,int,char const *)	
0x005C70E0	?ObjectiveChildString2@BrocSys@@YAXHHHHPBD@Z	void __cdecl BrocSys::ObjectiveChildString2(int,int,int,int,char const *)	
0x005C73D0	?ObjectiveChildString_NoMessage@BrocSys@@YAXHHABVstring@Broc@@HPBD@Z	void __cdecl BrocSys::ObjectiveChildString_NoMessage(int,int,class Broc::string const &,int,char const *)	
0x005C7450	?ObjectiveChildPosition@BrocSys@@YAXHHABUvector@Broc@@@Z	void __cdecl BrocSys::ObjectiveChildPosition(int,int,struct Broc::vector const &)	
0x005C7520	?ObjectiveChildRing@BrocSys@@YAXHH@Z	void __cdecl BrocSys::ObjectiveChildRing(int,int)	
0x005C7610	?Scr_GetAnimsIndex@@YAHPAVAnimTree@@@Z	int __cdecl Scr_GetAnimsIndex(class AnimTree *)	
0x005C76A0	?Scr_GetAnims@@YAPAVAnimTree@@H@Z	class AnimTree * __cdecl Scr_GetAnims(int)	
0x005C76C0	?Scr_GetAnimTreeByName@@YAPAVAnimTree@@PBD@Z	class AnimTree * __cdecl Scr_GetAnimTreeByName(char const *)	
0x005C7730	?Scr_LoadAnimTreeAtIndex@@YAXHP6APAXH@Z_N@Z	void __cdecl Scr_LoadAnimTreeAtIndex(int,void * (__cdecl*)(int),bool)	
0x005C7820	?Scr_FreeAnimTreeAtIndex@@YAXH@Z	void __cdecl Scr_FreeAnimTreeAtIndex(int)	
0x005C78C0	?Scr_PrecacheAnimTrees@@YAXP6APAXH@Z_N@Z	void __cdecl Scr_PrecacheAnimTrees(void * (__cdecl*)(int),bool)	
0x005C7910	?Scr_FreePrecachedAnimTrees@@YAXXZ	void __cdecl Scr_FreePrecachedAnimTrees(void)	
0x005C7940	?VM_Restart@@YAPAUvm_s@@PAU1@@Z	struct vm_s * __cdecl VM_Restart(struct vm_s *)	
0x005C79D0	??0AeThread@@QAE@PBDH0IPAVAeThreadFunctor@@_N@Z	public: __thiscall AeThread::AeThread(char const *,int,char const *,unsigned int,class AeThreadFunctor *,bool)	
0x005C7AC0	?Sleep@AeThread@@QAEXPAVAeThreadState@@@Z	public: void __thiscall AeThread::Sleep(class AeThreadState *)	
0x005C7B00	?GetCondText@AeThreadPakNotifyState@@UAEXAAV?$ae_fixed_string@$0EA@E@@@Z	public: virtual void __thiscall AeThreadPakNotifyState::GetCondText(class ae_fixed_string<64,unsigned char> &)	
0x005C7B50	?GetDebugTxt@AeThreadPakNotifyState@@UAEXAAV?$ae_fixed_string@$0EA@E@@@Z	public: virtual void __thiscall AeThreadPakNotifyState::GetDebugTxt(class ae_fixed_string<64,unsigned char> &)	
0x005C7BB0	?GetDebugTxt@AeThreadWaitState@@UAEXAAV?$ae_fixed_string@$0EA@E@@@Z	public: virtual void __thiscall AeThreadWaitState::GetDebugTxt(class ae_fixed_string<64,unsigned char> &)	
0x005C7BE0	?GetDebugTxt@AeThreadWaitFramesState@@UAEXAAV?$ae_fixed_string@$0EA@E@@@Z	public: virtual void __thiscall AeThreadWaitFramesState::GetDebugTxt(class ae_fixed_string<64,unsigned char> &)	
0x005C7C10	??0AeThreadEntityNotifyMatchState@@QAE@V?$DbLinkedHandle@VEntityHandleDb@@VEntity@@@@IIIIW4EAction@AeThreadState@@_N@Z	public: __thiscall AeThreadEntityNotifyMatchState::AeThreadEntityNotifyMatchState(class DbLinkedHandle<class EntityHandleDb,class Entity>,unsigned int,unsigned int,unsigned int,unsigned int,enum AeThreadState::EAction,bool)	
0x005C7D30	?MemAlloc@BrocSys@@YAPAXII@Z	void * __cdecl BrocSys::MemAlloc(unsigned int,unsigned int)	
0x005C7D90	?ThreadGetDebugInfo@BrocSys@@YAXAAVstring@Broc@@00@Z	void __cdecl BrocSys::ThreadGetDebugInfo(class Broc::string &,class Broc::string &,class Broc::string &)	
0x005C7EC0	?ThreadSleepFrames@BrocSys@@YAXH@Z	void __cdecl BrocSys::ThreadSleepFrames(int)	
0x005C7F50	?ThreadSleepInternal@BrocSys@@YAXM@Z	void __cdecl BrocSys::ThreadSleepInternal(float)	
0x005C8040	?GetNumParts@BrocSys@@YAXABVstring@Broc@@@Z	void __cdecl BrocSys::GetNumParts(class Broc::string const &)	
0x005C8100	?NotifyPakLoadOperation@BrocSys@@YAXPBD0@Z	void __cdecl BrocSys::NotifyPakLoadOperation(char const *,char const *)	
0x005C8180	?NotifyPakLoaded@BrocSys@@YAXPBD@Z	void __cdecl BrocSys::NotifyPakLoaded(char const *)	
0x005C81A0	?NotifyPakUnloaded@BrocSys@@YAXPBD@Z	void __cdecl BrocSys::NotifyPakUnloaded(char const *)	
0x005C81C0	?mem_alloc@@YAPAXII@Z	void * __cdecl mem_alloc(unsigned int,unsigned int)	
0x005C81D0	?GetAnimLength@BrocSys@@YAMII@Z	float __cdecl BrocSys::GetAnimLength(unsigned int,unsigned int)	
0x005C8230	?GetAnimFrameCount@BrocSys@@YAHII@Z	int __cdecl BrocSys::GetAnimFrameCount(unsigned int,unsigned int)	
0x005C8290	?RumbleNotes@BrocSys@@YAXABVstring@Broc@@M0MH@Z	void __cdecl BrocSys::RumbleNotes(class Broc::string const &,float,class Broc::string const &,float,int)	
0x005C84E0	?Rumble@BrocSys@@YAXMMMMMMMH@Z	void __cdecl BrocSys::Rumble(float,float,float,float,float,float,float,int)	
0x005C8830	?ObjectiveChildAdd1@BrocSys@@YAXHHABVstring@Broc@@@Z	void __cdecl BrocSys::ObjectiveChildAdd1(int,int,class Broc::string const &)	
0x005C8950	?ObjectiveAdd1@BrocSys@@YAXHABVstring@Broc@@PBDHH@Z	void __cdecl BrocSys::ObjectiveAdd1(int,class Broc::string const &,char const *,int,int)	
0x005C89C0	?ObjectiveChildAdd2@BrocSys@@YAXHHABVstring@Broc@@HPBD@Z	void __cdecl BrocSys::ObjectiveChildAdd2(int,int,class Broc::string const &,int,char const *)	
0x005C8B70	?ObjectiveAdd2@BrocSys@@YAXHABVstring@Broc@@HPBDHH@Z	void __cdecl BrocSys::ObjectiveAdd2(int,class Broc::string const &,int,char const *,int,int)	
0x005C8CA0	?ObjectiveChildAdd6@BrocSys@@YAXHHABVstring@Broc@@HPBD@Z	void __cdecl BrocSys::ObjectiveChildAdd6(int,int,class Broc::string const &,int,char const *)	
0x005C8DC0	?ObjectiveAdd6@BrocSys@@YAXHABVstring@Broc@@HPBDHH@Z	void __cdecl BrocSys::ObjectiveAdd6(int,class Broc::string const &,int,char const *,int,int)	
0x005C8E30	?ObjectiveChildAdd3@BrocSys@@YAXHHABVstring@Broc@@0PBD@Z	void __cdecl BrocSys::ObjectiveChildAdd3(int,int,class Broc::string const &,class Broc::string const &,char const *)	
0x005C8EE0	?ProcessState@AeThread@@QAEXXZ	public: void __thiscall AeThread::ProcessState(void)	
0x005C90A0	?Execute@AeThread@@QAEXM@Z	public: void __thiscall AeThread::Execute(float)	
0x005C92B0	?HasEndCond@AeThread@@QBE_NH@Z	public: bool __thiscall AeThread::HasEndCond(int)const 	
0x005C9340	?SetupAllocator@Block@BackupStack@AeThread@@SAXXZ	public: static void __cdecl AeThread::BackupStack::Block::SetupAllocator(void)	
0x005C9400	?RegisterBrocInst@AeThread@@QAEXPAXPAVBrocDtorBase@@@Z	public: void __thiscall AeThread::RegisterBrocInst(void *,class BrocDtorBase *)	
0x005C94C0	?RegisterBrocDtor@AeThread@@QAEXPAX@Z	public: void __thiscall AeThread::RegisterBrocDtor(void *)	
0x005C95F0	?AddThread@AeThreadManager@@QAEXPAVAeThread@@@Z	public: void __thiscall AeThreadManager::AddThread(class AeThread *)	
0x005C96D0	?ProcessScriptNotifys@AeThreadManager@@AAEXXZ	private: void __thiscall AeThreadManager::ProcessScriptNotifys(void)	
0x005C9770	?ReleaseHandle@AeThreadManager@@QAEXPAVAeThread@@@Z	public: void __thiscall AeThreadManager::ReleaseHandle(class AeThread *)	
0x005C97A0	?ReleaseHandle@AeThreadManager@@QAEXVHandle@@@Z	public: void __thiscall AeThreadManager::ReleaseHandle(class Handle)	
0x005C97C0	?DebugThread@AeThreadManager@@QAEXI@Z	public: void __thiscall AeThreadManager::DebugThread(unsigned int)	
0x005C9850	?GetThread@EndOnScriptNode@@QAEPAVAeThread@@XZ	public: class AeThread * __thiscall EndOnScriptNode::GetThread(void)	
0x005C9880	??1AeThreadEntityNotifyState@@UAE@XZ	public: virtual __thiscall AeThreadEntityNotifyState::~AeThreadEntityNotifyState(void)	
0x005C9920	?NewAction@AeThreadEntityNotifyState@@UAE?AW4EAction@AeThreadState@@AAVAeThread@@@Z	public: virtual enum AeThreadState::EAction __thiscall AeThreadEntityNotifyState::NewAction(class AeThread &)	
0x005C99A0	?NewAction@AeThreadEntityNotifyTimeoutState@@UAE?AW4EAction@AeThreadState@@AAVAeThread@@@Z	public: virtual enum AeThreadState::EAction __thiscall AeThreadEntityNotifyTimeoutState::NewAction(class AeThread &)	
0x005C9A40	?NewAction@AeThreadEntityNotifyMatchState@@UAE?AW4EAction@AeThreadState@@AAVAeThread@@@Z	public: virtual enum AeThreadState::EAction __thiscall AeThreadEntityNotifyMatchState::NewAction(class AeThread &)	
0x005C9B20	?SetProjectileSpeed@BrocSys@@YAXIH@Z	void __cdecl BrocSys::SetProjectileSpeed(unsigned int,int)	
0x005C9BC0	?SetWeaponPlayerUpOffset@BrocSys@@YAXIM@Z	void __cdecl BrocSys::SetWeaponPlayerUpOffset(unsigned int,float)	
0x005C9C60	?FollowCycle@BrocSys@@YAHIH@Z	int __cdecl BrocSys::FollowCycle(unsigned int,int)	
0x005C9CA0	?EnableWeapon@BrocSys@@YAXI@Z	void __cdecl BrocSys::EnableWeapon(unsigned int)	
0x005C9D30	?DisableWeapon@BrocSys@@YAXI@Z	void __cdecl BrocSys::DisableWeapon(unsigned int)	
0x005C9DC0	?AssignParameterForNotify@BrocSys@@YA_NIIPAVWaitTilOutput@@@Z	bool __cdecl BrocSys::AssignParameterForNotify(unsigned int,unsigned int,class WaitTilOutput *)	
0x005C9E20	?ThreadDebug@BrocSys@@YAXI@Z	void __cdecl BrocSys::ThreadDebug(unsigned int)	
0x005C9E40	?ThreadIsThreadAlive@BrocSys@@YA_NI@Z	bool __cdecl BrocSys::ThreadIsThreadAlive(unsigned int)	
0x005C9E80	?ThreadKill@BrocSys@@YAXI@Z	void __cdecl BrocSys::ThreadKill(unsigned int)	
0x005C9ED0	?ThreadEntityNotify@BrocSys@@YAXIH@Z	void __cdecl BrocSys::ThreadEntityNotify(unsigned int,int)	
0x005C9F90	?ThreadEntityNotify@BrocSys@@YAXIHI@Z	void __cdecl BrocSys::ThreadEntityNotify(unsigned int,int,unsigned int)	
0x005CA040	?ThreadEntityNotify@BrocSys@@YAXIHABVstring@Broc@@@Z	void __cdecl BrocSys::ThreadEntityNotify(unsigned int,int,class Broc::string const &)	
0x005CA0F0	?ThreadEntityNotify@BrocSys@@YAXIHH@Z	void __cdecl BrocSys::ThreadEntityNotify(unsigned int,int,int)	
0x005CA1A0	?ThreadEntityNotify@BrocSys@@YAXIHMI@Z	void __cdecl BrocSys::ThreadEntityNotify(unsigned int,int,float,unsigned int)	
0x005CA260	?AddEventHandler@BrocSys@@YA_NIII@Z	bool __cdecl BrocSys::AddEventHandler(unsigned int,unsigned int,unsigned int)	
0x005CA2B0	?RemoveEventHandler@BrocSys@@YA_NIII@Z	bool __cdecl BrocSys::RemoveEventHandler(unsigned int,unsigned int,unsigned int)	
0x005CA300	?BrocObjCtor@BrocSys@@YAXPAXPAVBrocDtorBase@@@Z	void __cdecl BrocSys::BrocObjCtor(void *,class BrocDtorBase *)	
0x005CA320	?BrocObjDtor@BrocSys@@YAXPAX@Z	void __cdecl BrocSys::BrocObjDtor(void *)	
0x005CA340	?SpawnVehicle@BrocSys@@YAIABVstring@Broc@@00ABUvector@3@1W4TPakInfo@@@Z	unsigned int __cdecl BrocSys::SpawnVehicle(class Broc::string const &,class Broc::string const &,class Broc::string const &,struct Broc::vector const &,struct Broc::vector const &,enum TPakInfo)	
0x005CA710	?RadiusDamageFromEnt@BrocSys@@YAXIABUvector@Broc@@MMMH@Z	void __cdecl BrocSys::RadiusDamageFromEnt(unsigned int,struct Broc::vector const &,float,float,float,int)	
0x005CA7C0	?GetPakEntity@BrocSys@@YA?AW4TPakInfo@@I@Z	enum TPakInfo __cdecl BrocSys::GetPakEntity(unsigned int)	
0x005CA8B0	?Init@BrocSys@@YAXXZ	void __cdecl BrocSys::Init(void)	
0x005CA9F0	?GetEntType@@YAXV?$DbLinkedHandle@VEntityHandleDb@@VEntity@@@@AAVstring@Broc@@@Z	void __cdecl GetEntType(class DbLinkedHandle<class EntityHandleDb,class Entity>,class Broc::string &)	
0x005CAA50	?GetPlayerIndex@BrocSys@@YAHI@Z	int __cdecl BrocSys::GetPlayerIndex(unsigned int)	
0x005CAA90	?GetExtendedEntity@BrocSys@@YAPAXI@Z	void * __cdecl BrocSys::GetExtendedEntity(unsigned int)	
0x005CAB00	?Scr_SetModel@BrocSys@@YAXPAVEntity@@HPAVstring@Broc@@@Z	void __cdecl BrocSys::Scr_SetModel(class Entity *,int,class Broc::string *)	
0x005CAB50	?GetEntByNum@BrocSys@@YAIH@Z	unsigned int __cdecl BrocSys::GetEntByNum(int)	
0x005CABA0	?DrawTracer@BrocSys@@YAXI@Z	void __cdecl BrocSys::DrawTracer(unsigned int)	
0x005CAC20	?EffectEventWeaponPlay@BrocSys@@YAHII@Z	int __cdecl BrocSys::EffectEventWeaponPlay(unsigned int,unsigned int)	
0x005CAD10	?EffectEventPlay@BrocSys@@YAHIABVstring@Broc@@H_N_N@Z	int __cdecl BrocSys::EffectEventPlay(unsigned int,class Broc::string const &,int,bool,bool)	
0x005CAE70	?EffectEventPlayNonEnt@BrocSys@@YAHABVstring@Broc@@ABUvector@3@1_NIH@Z	int __cdecl BrocSys::EffectEventPlayNonEnt(class Broc::string const &,struct Broc::vector const &,struct Broc::vector const &,bool,unsigned int,int)	
0x005CB000	?EffectEventPlayDir@BrocSys@@YAHIABVstring@Broc@@ABUvector@3@H_N@Z	int __cdecl BrocSys::EffectEventPlayDir(unsigned int,class Broc::string const &,struct Broc::vector const &,int,bool)	
0x005CB140	?EffectEventQueue@BrocSys@@YAHIABVstring@Broc@@H_N_N@Z	int __cdecl BrocSys::EffectEventQueue(unsigned int,class Broc::string const &,int,bool,bool)	
0x005CB280	?EffectEventQueueDialog@BrocSys@@YAHIABVstring@Broc@@H_N@Z	int __cdecl BrocSys::EffectEventQueueDialog(unsigned int,class Broc::string const &,int,bool)	
0x005CB390	?DialogPlay@BrocSys@@YAHIABVstring@Broc@@H_N@Z	int __cdecl BrocSys::DialogPlay(unsigned int,class Broc::string const &,int,bool)	
0x005CB5C0	?EntityExists@BrocSys@@YAHI@Z	int __cdecl BrocSys::EntityExists(unsigned int)	
0x005CB600	?EntityIsAlive@BrocSys@@YAHI@Z	int __cdecl BrocSys::EntityIsAlive(unsigned int)	
0x005CB660	?EntityIsWounded@BrocSys@@YAHI@Z	int __cdecl BrocSys::EntityIsWounded(unsigned int)	
0x005CB6B0	?EntityIsPlayer@BrocSys@@YAHI@Z	int __cdecl BrocSys::EntityIsPlayer(unsigned int)	
0x005CB700	?EntityIsAI@BrocSys@@YAHI@Z	int __cdecl BrocSys::EntityIsAI(unsigned int)	
0x005CB750	?EntityIsSentient@BrocSys@@YAHI@Z	int __cdecl BrocSys::EntityIsSentient(unsigned int)	
0x005CB7A0	?EntityIsVehicle@BrocSys@@YAHI@Z	int __cdecl BrocSys::EntityIsVehicle(unsigned int)	
0x005CB7F0	?EntityIsVehicleTank@BrocSys@@YAHI@Z	int __cdecl BrocSys::EntityIsVehicleTank(unsigned int)	
0x005CB840	?Trace@BrocSys@@YAXAAUcollResult@Broc@@ABUvector@3@1@Z	void __cdecl BrocSys::Trace(struct Broc::collResult &,struct Broc::vector const &,struct Broc::vector const &)	
0x005CBA30	?BulletTrace@BrocSys@@YAXAAUcollResult@Broc@@ABUvector@3@1_NI@Z	void __cdecl BrocSys::BulletTrace(struct Broc::collResult &,struct Broc::vector const &,struct Broc::vector const &,bool,unsigned int)	
0x005CC050	?StopAnimScripted@BrocSys@@YAXI@Z	void __cdecl BrocSys::StopAnimScripted(unsigned int)	
0x005CC1A0	?StartBlankState@BrocSys@@YAXI@Z	void __cdecl BrocSys::StartBlankState(unsigned int)	
0x005CC1F0	?StopBlankState@BrocSys@@YAXI@Z	void __cdecl BrocSys::StopBlankState(unsigned int)	
0x005CC290	?ResetAnimVariationChunkState@BrocSys@@YAXII@Z	void __cdecl BrocSys::ResetAnimVariationChunkState(unsigned int,unsigned int)	
0x005CC3B0	?GetInVehicle1@BrocSys@@YAXII_N00@Z	void __cdecl BrocSys::GetInVehicle1(unsigned int,unsigned int,bool,bool,bool)	
0x005CC4C0	?GetInVehicle2@BrocSys@@YAXIII_N@Z	void __cdecl BrocSys::GetInVehicle2(unsigned int,unsigned int,unsigned int,bool)	
0x005CC5E0	?GetOutVehicle@BrocSys@@YAXI@Z	void __cdecl BrocSys::GetOutVehicle(unsigned int)	
0x005CC680	?SceneGetOutVehicle@BrocSys@@YAXI@Z	void __cdecl BrocSys::SceneGetOutVehicle(unsigned int)	
0x005CC730	?StartInVehicle1@BrocSys@@YAXII_N00@Z	void __cdecl BrocSys::StartInVehicle1(unsigned int,unsigned int,bool,bool,bool)	
0x005CC7E0	?StartInVehicle2@BrocSys@@YAXIII_N@Z	void __cdecl BrocSys::StartInVehicle2(unsigned int,unsigned int,unsigned int,bool)	
0x005CC890	?SetFlaggedAnimAligned@BrocSys@@YAXIIABUvector@Broc@@0I@Z	void __cdecl BrocSys::SetFlaggedAnimAligned(unsigned int,unsigned int,struct Broc::vector const &,struct Broc::vector const &,unsigned int)	
0x005CCC50	?StartFollowBehavior@BrocSys@@YAXII@Z	void __cdecl BrocSys::StartFollowBehavior(unsigned int,unsigned int)	
0x005CCDB0	?StopFollowBehavior@BrocSys@@YAXI@Z	void __cdecl BrocSys::StopFollowBehavior(unsigned int)	
0x005CCE50	?SetFollowFormationData@BrocSys@@YAXIIMMM@Z	void __cdecl BrocSys::SetFollowFormationData(unsigned int,unsigned int,float,float,float)	
0x005CCFB0	?ResetVehicleFollowPositionHistoryData@BrocSys@@YAXI@Z	void __cdecl BrocSys::ResetVehicleFollowPositionHistoryData(unsigned int)	
0x005CD050	?Attach1@BrocSys@@YAXIABVstring@Broc@@0_NW4TPakInfo@@@Z	void __cdecl BrocSys::Attach1(unsigned int,class Broc::string const &,class Broc::string const &,bool,enum TPakInfo)	
0x005CD1D0	?Attach2@BrocSys@@YAXIABVstring@Broc@@0W4TPakInfo@@@Z	void __cdecl BrocSys::Attach2(unsigned int,class Broc::string const &,class Broc::string const &,enum TPakInfo)	
0x005CD1F0	?Attach3@BrocSys@@YAXIABVstring@Broc@@@Z	void __cdecl BrocSys::Attach3(unsigned int,class Broc::string const &)	
0x005CD260	?Detach1@BrocSys@@YAXIABVstring@Broc@@0@Z	void __cdecl BrocSys::Detach1(unsigned int,class Broc::string const &,class Broc::string const &)	
0x005CD3D0	?Detach2@BrocSys@@YAXIABVstring@Broc@@@Z	void __cdecl BrocSys::Detach2(unsigned int,class Broc::string const &)	
0x005CD430	?DetachAll@BrocSys@@YAXI@Z	void __cdecl BrocSys::DetachAll(unsigned int)	
0x005CD470	?GetAttachSize@BrocSys@@YAHI@Z	int __cdecl BrocSys::GetAttachSize(unsigned int)	
0x005CD4E0	?GetAttachModelName@BrocSys@@YAXIAAVstring@Broc@@H@Z	void __cdecl BrocSys::GetAttachModelName(unsigned int,class Broc::string &,int)	
0x005CD5C0	?GetAttachTagName@BrocSys@@YAXIAAVstring@Broc@@H@Z	void __cdecl BrocSys::GetAttachTagName(unsigned int,class Broc::string &,int)	
0x005CD6E0	?GetAttachIgnoreCollision@BrocSys@@YA_NIH@Z	bool __cdecl BrocSys::GetAttachIgnoreCollision(unsigned int,int)	
0x005CD7A0	?LinkTo1@BrocSys@@YAXIIABVstring@Broc@@ABUvector@3@1_N@Z	void __cdecl BrocSys::LinkTo1(unsigned int,unsigned int,class Broc::string const &,struct Broc::vector const &,struct Broc::vector const &,bool)	
0x005CDA90	?LinkTo2@BrocSys@@YAXIIABVstring@Broc@@@Z	void __cdecl BrocSys::LinkTo2(unsigned int,unsigned int,class Broc::string const &)	
0x005CDBB0	?LinkTo3@BrocSys@@YAXII@Z	void __cdecl BrocSys::LinkTo3(unsigned int,unsigned int)	
0x005CDCB0	?PlayerLinkTo1@BrocSys@@YAXIIABVstring@Broc@@ABUvector@3@@Z	void __cdecl BrocSys::PlayerLinkTo1(unsigned int,unsigned int,class Broc::string const &,struct Broc::vector const &)	
0x005CDE20	?PlayerLinkTo2@BrocSys@@YAXIIABVstring@Broc@@@Z	void __cdecl BrocSys::PlayerLinkTo2(unsigned int,unsigned int,class Broc::string const &)	
0x005CDF60	?PlayerLinkTo3@BrocSys@@YAXII@Z	void __cdecl BrocSys::PlayerLinkTo3(unsigned int,unsigned int)	
0x005CE090	?UnLink@BrocSys@@YAXI@Z	void __cdecl BrocSys::UnLink(unsigned int)	
0x005CE120	?EnableLinkTo@BrocSys@@YAXI@Z	void __cdecl BrocSys::EnableLinkTo(unsigned int)	
0x005CE2E0	?DoSpawn1@BrocSys@@YAIIABVstring@Broc@@W4TPakInfo@@W4enumForceSpawn@@@Z	unsigned int __cdecl BrocSys::DoSpawn1(unsigned int,class Broc::string const &,enum TPakInfo,enum enumForceSpawn)	
0x005CE460	?DoSpawn2@BrocSys@@YAIIW4TPakInfo@@W4enumForceSpawn@@@Z	unsigned int __cdecl BrocSys::DoSpawn2(unsigned int,enum TPakInfo,enum enumForceSpawn)	
0x005CE4D0	?StalinGradSpawn1@BrocSys@@YAIIABVstring@Broc@@W4TPakInfo@@@Z	unsigned int __cdecl BrocSys::StalinGradSpawn1(unsigned int,class Broc::string const &,enum TPakInfo)	
0x005CE650	?StalinGradSpawn2@BrocSys@@YAIIW4TPakInfo@@@Z	unsigned int __cdecl BrocSys::StalinGradSpawn2(unsigned int,enum TPakInfo)	
0x005CE6C0	?GetOrigin@BrocSys@@YAXIAAUvector@Broc@@@Z	void __cdecl BrocSys::GetOrigin(unsigned int,struct Broc::vector &)	
0x005CE7A0	?GetEye@BrocSys@@YAXIAAUvector@Broc@@@Z	void __cdecl BrocSys::GetEye(unsigned int,struct Broc::vector &)	
0x005CE8B0	?UseBy@BrocSys@@YAIII@Z	unsigned int __cdecl BrocSys::UseBy(unsigned int,unsigned int)	
0x005CE9A0	?IsTouching@BrocSys@@YA_NII@Z	bool __cdecl BrocSys::IsTouching(unsigned int,unsigned int)	
0x005CEE40	?LockDoor@BrocSys@@YAXI@Z	void __cdecl BrocSys::LockDoor(unsigned int)	
0x005CEEA0	?UnLockDoor@BrocSys@@YAXI@Z	void __cdecl BrocSys::UnLockDoor(unsigned int)	
0x005CEF00	?IsDoorLocked@BrocSys@@YA_NI@Z	bool __cdecl BrocSys::IsDoorLocked(unsigned int)	
0x005CEF60	?Delete@BrocSys@@YAXI@Z	void __cdecl BrocSys::Delete(unsigned int)	
0x005CEFD0	?SetTransparent@BrocSys@@YAXI_N@Z	void __cdecl BrocSys::SetTransparent(unsigned int,bool)	
0x005CF060	?SetModel@BrocSys@@YAXIABVstring@Broc@@W4TPakInfo@@@Z	void __cdecl BrocSys::SetModel(unsigned int,class Broc::string const &,enum TPakInfo)	
0x005CF250	?SetAiType@BrocSys@@YAXIABVstring@Broc@@W4TPakInfo@@@Z	void __cdecl BrocSys::SetAiType(unsigned int,class Broc::string const &,enum TPakInfo)	
0x005CF410	?SetModelIndex@BrocSys@@YAXIH@Z	void __cdecl BrocSys::SetModelIndex(unsigned int,int)	
0x005CF4A0	?GetNormalHealth@BrocSys@@YAMI@Z	float __cdecl BrocSys::GetNormalHealth(unsigned int)	
0x005CF520	?SetNormalHealth@BrocSys@@YAXIM@Z	void __cdecl BrocSys::SetNormalHealth(unsigned int,float)	
0x005CF6B0	?DoDamage@BrocSys@@YAXIMABUvector@Broc@@W4hitLocation_t@@@Z	void __cdecl BrocSys::DoDamage(unsigned int,float,struct Broc::vector const &,enum hitLocation_t)	
0x005CF840	?SetTakeDamage@BrocSys@@YAXIH@Z	void __cdecl BrocSys::SetTakeDamage(unsigned int,int)	
0x005CF880	?InvulnerableForTime@BrocSys@@YAXIM@Z	void __cdecl BrocSys::InvulnerableForTime(unsigned int,float)	
0x005CF8D0	?IsEntityInvulnerable@BrocSys@@YA_NI@Z	bool __cdecl BrocSys::IsEntityInvulnerable(unsigned int)	
0x005CF920	?SetAlwaysRender@BrocSys@@YAXIH@Z	void __cdecl BrocSys::SetAlwaysRender(unsigned int,int)	
0x005CF960	?Show@BrocSys@@YAXI@Z	void __cdecl BrocSys::Show(unsigned int)	
0x005CF9A0	?Hide@BrocSys@@YAXI@Z	void __cdecl BrocSys::Hide(unsigned int)	
0x005CF9E0	?SetContents@BrocSys@@YAHIH@Z	int __cdecl BrocSys::SetContents(unsigned int,int)	
0x005CFA30	?DisConnectPaths@BrocSys@@YAXI@Z	void __cdecl BrocSys::DisConnectPaths(unsigned int)	
0x005CFAC0	?ConnectPaths@BrocSys@@YAXI@Z	void __cdecl BrocSys::ConnectPaths(unsigned int)	
0x005CFB50	?StartFiring@BrocSys@@YAXI@Z	void __cdecl BrocSys::StartFiring(unsigned int)	
0x005CFBC0	?StopFiring@BrocSys@@YAXI@Z	void __cdecl BrocSys::StopFiring(unsigned int)	
0x005CFC30	?ShootTurret@BrocSys@@YAXII@Z	void __cdecl BrocSys::ShootTurret(unsigned int,unsigned int)	
0x005CFCD0	?SetMode@BrocSys@@YAXIH@Z	void __cdecl BrocSys::SetMode(unsigned int,int)	
0x005CFDB0	?GetTurretOwner@BrocSys@@YAII@Z	unsigned int __cdecl BrocSys::GetTurretOwner(unsigned int)	
0x005CFE30	?GetOwner@BrocSys@@YAII@Z	unsigned int __cdecl BrocSys::GetOwner(unsigned int)	
0x005CFE70	?SetOwner@BrocSys@@YAXII@Z	void __cdecl BrocSys::SetOwner(unsigned int,unsigned int)	
0x005CFEF0	?SetTargetEntity@BrocSys@@YAXII@Z	void __cdecl BrocSys::SetTargetEntity(unsigned int,unsigned int)	
0x005CFF90	?HasTargetEntity@BrocSys@@YA_NI@Z	bool __cdecl BrocSys::HasTargetEntity(unsigned int)	
0x005D0000	?ClearTargetEntity@BrocSys@@YAXI@Z	void __cdecl BrocSys::ClearTargetEntity(unsigned int)	
0x005D0070	?SetTurretTeam@BrocSys@@YAXIABVstring@Broc@@@Z	void __cdecl BrocSys::SetTurretTeam(unsigned int,class Broc::string const &)	
0x005D0170	?MakeTurretUsable@BrocSys@@YAXI@Z	void __cdecl BrocSys::MakeTurretUsable(unsigned int)	
0x005D01E0	?MakeTurretUnusable@BrocSys@@YAXI@Z	void __cdecl BrocSys::MakeTurretUnusable(unsigned int)	
0x005D0250	?SetTurretAccuracy@BrocSys@@YAXIM@Z	void __cdecl BrocSys::SetTurretAccuracy(unsigned int,float)	
0x005D02C0	?SetTurretRange@BrocSys@@YAXIM@Z	void __cdecl BrocSys::SetTurretRange(unsigned int,float)	
0x005D0340	?GetTurretRange@BrocSys@@YAMI@Z	float __cdecl BrocSys::GetTurretRange(unsigned int)	
0x005D03B0	?GetTurretTarget@BrocSys@@YAII@Z	unsigned int __cdecl BrocSys::GetTurretTarget(unsigned int)	
0x005D0430	?SetCursorHint@BrocSys@@YAXIABVstring@Broc@@@Z	void __cdecl BrocSys::SetCursorHint(unsigned int,class Broc::string const &)	
0x005D05A0	?SetHintString1@BrocSys@@YAXIABVstring@Broc@@@Z	void __cdecl BrocSys::SetHintString1(unsigned int,class Broc::string const &)	
0x005D0680	?SetHintString3@BrocSys@@YAXIH@Z	void __cdecl BrocSys::SetHintString3(unsigned int,int)	
0x005D0740	?SetHintString2@BrocSys@@YAXI@Z	void __cdecl BrocSys::SetHintString2(unsigned int)	
0x005D0870	?ClearAnim@BrocSys@@YAXIIM@Z	void __cdecl BrocSys::ClearAnim(unsigned int,unsigned int,float)	
0x005D0990	?SetAnimKnob@BrocSys@@YAXIIMMM_N@Z	void __cdecl BrocSys::SetAnimKnob(unsigned int,unsigned int,float,float,float,bool)	
0x005D0B90	?SetAnimKnobAll@BrocSys@@YAXIIIMMM_N@Z	void __cdecl BrocSys::SetAnimKnobAll(unsigned int,unsigned int,unsigned int,float,float,float,bool)	
0x005D0DA0	?SetAnim@BrocSys@@YAXIIMMM_N@Z	void __cdecl BrocSys::SetAnim(unsigned int,unsigned int,float,float,float,bool)	
0x005D0F30	?GetAnimTime@BrocSys@@YAMII@Z	float __cdecl BrocSys::GetAnimTime(unsigned int,unsigned int)	
0x005D1030	?SetFlaggedAnimKnob@BrocSys@@YAXIIIMMM_N@Z	void __cdecl BrocSys::SetFlaggedAnimKnob(unsigned int,unsigned int,unsigned int,float,float,float,bool)	
0x005D1190	?SetFlaggedAnimKnobAll@BrocSys@@YAXIIIIMMM_N@Z	void __cdecl BrocSys::SetFlaggedAnimKnobAll(unsigned int,unsigned int,unsigned int,unsigned int,float,float,float,bool)	
0x005D13D0	?SetFlaggedAnim@BrocSys@@YAXIIIMMM_N@Z	void __cdecl BrocSys::SetFlaggedAnim(unsigned int,unsigned int,unsigned int,float,float,float,bool)	
0x005D1530	?UseAnimTree@BrocSys@@YAXIABVstring@Broc@@@Z	void __cdecl BrocSys::UseAnimTree(unsigned int,class Broc::string const &)	
0x005D16C0	?StopUseAnimTree@BrocSys@@YAXI@Z	void __cdecl BrocSys::StopUseAnimTree(unsigned int)	
0x005D1740	?DumpAnims@BrocSys@@YAXI@Z	void __cdecl BrocSys::DumpAnims(unsigned int)	
0x005D1780	?GetStance@BrocSys@@YAXIAAVstring@Broc@@@Z	void __cdecl BrocSys::GetStance(unsigned int,class Broc::string &)	
0x005D1800	?MagicGrenade1@BrocSys@@YAXIABUvector@Broc@@0M@Z	void __cdecl BrocSys::MagicGrenade1(unsigned int,struct Broc::vector const &,struct Broc::vector const &,float)	
0x005D1910	?MagicGrenade2@BrocSys@@YAXIABUvector@Broc@@0@Z	void __cdecl BrocSys::MagicGrenade2(unsigned int,struct Broc::vector const &,struct Broc::vector const &)	
0x005D1930	?MagicGrenadeManual1@BrocSys@@YAXIABUvector@Broc@@0M@Z	void __cdecl BrocSys::MagicGrenadeManual1(unsigned int,struct Broc::vector const &,struct Broc::vector const &,float)	
0x005D19B0	?MagicGrenadeManual2@BrocSys@@YAXIABUvector@Broc@@0@Z	void __cdecl BrocSys::MagicGrenadeManual2(unsigned int,struct Broc::vector const &,struct Broc::vector const &)	
0x005D19D0	?RifleGrenadeManual1@BrocSys@@YAXIABUvector@Broc@@_N@Z	void __cdecl BrocSys::RifleGrenadeManual1(unsigned int,struct Broc::vector const &,bool)	
0x005D1A60	?IsFiringTurret@BrocSys@@YA_NI@Z	bool __cdecl BrocSys::IsFiringTurret(unsigned int)	
0x005D1AE0	?SetFriendlyChain@BrocSys@@YAXIABVpathnode@Broc@@@Z	void __cdecl BrocSys::SetFriendlyChain(unsigned int,class Broc::pathnode const &)	
0x005D1B90	?GetTagInternal@BrocSys@@YAPAUDObjSkelMat@@V?$DbLinkedHandle@VEntityHandleDb@@VEntity@@@@ABI@Z	struct DObjSkelMat * __cdecl BrocSys::GetTagInternal(class DbLinkedHandle<class EntityHandleDb,class Entity>,unsigned int const &)	
0x005D1CE0	?GetTagOrigin1@BrocSys@@YAXIAAUvector@Broc@@ABI@Z	void __cdecl BrocSys::GetTagOrigin1(unsigned int,struct Broc::vector &,unsigned int const &)	
0x005D1DD0	?GetTagOrigin2@BrocSys@@YAXIAAUvector@Broc@@ABVstring@3@@Z	void __cdecl BrocSys::GetTagOrigin2(unsigned int,struct Broc::vector &,class Broc::string const &)	
0x005D1E10	?GetTagAngles1@BrocSys@@YAXIAAUvector@Broc@@ABI@Z	void __cdecl BrocSys::GetTagAngles1(unsigned int,struct Broc::vector &,unsigned int const &)	
0x005D1E70	?GetTagAngles2@BrocSys@@YAXIAAUvector@Broc@@ABVstring@3@@Z	void __cdecl BrocSys::GetTagAngles2(unsigned int,struct Broc::vector &,class Broc::string const &)	
0x005D1EF0	?ShellShock@BrocSys@@YAXIABVstring@Broc@@M@Z	void __cdecl BrocSys::ShellShock(unsigned int,class Broc::string const &,float)	
0x005D2100	?StopShellShock@BrocSys@@YAXI@Z	void __cdecl BrocSys::StopShellShock(unsigned int)	
0x005D2180	?ViewKick@BrocSys@@YAXIHABUvector@Broc@@@Z	void __cdecl BrocSys::ViewKick(unsigned int,int,struct Broc::vector const &)	
0x005D2260	?LockLightVis@BrocSys@@YAXI@Z	void __cdecl BrocSys::LockLightVis(unsigned int)	
0x005D22B0	?UnLockLightVis@BrocSys@@YAXI@Z	void __cdecl BrocSys::UnLockLightVis(unsigned int)	
0x005D2300	?Launch@BrocSys@@YAXIABUvector@Broc@@@Z	void __cdecl BrocSys::Launch(unsigned int,struct Broc::vector const &)	
0x005D2400	?LocalToWorldCoords@BrocSys@@YAXIABUvector@Broc@@AAU23@@Z	void __cdecl BrocSys::LocalToWorldCoords(unsigned int,struct Broc::vector const &,struct Broc::vector &)	
0x005D2490	?GetEntityNumber@BrocSys@@YAHI@Z	int __cdecl BrocSys::GetEntityNumber(unsigned int)	
0x005D24D0	?EnableGrenadeTouchDamage@BrocSys@@YAXI@Z	void __cdecl BrocSys::EnableGrenadeTouchDamage(unsigned int)	
0x005D2530	?DisableGrenadeTouchDamage@BrocSys@@YAXI@Z	void __cdecl BrocSys::DisableGrenadeTouchDamage(unsigned int)	
0x005D2590	?EnableGrenadeBounce@BrocSys@@YAXI@Z	void __cdecl BrocSys::EnableGrenadeBounce(unsigned int)	
0x005D25D0	?DisableGrenadeBounce@BrocSys@@YAXI@Z	void __cdecl BrocSys::DisableGrenadeBounce(unsigned int)	
0x005D2610	?MakeFakeAi@BrocSys@@YAXI@Z	void __cdecl BrocSys::MakeFakeAi(unsigned int)	
0x005D2790	?SetSpawnerTeam@BrocSys@@YAXIABVstring@Broc@@@Z	void __cdecl BrocSys::SetSpawnerTeam(unsigned int,class Broc::string const &)	
0x005D2890	?SetRightArc@BrocSys@@YAXIM@Z	void __cdecl BrocSys::SetRightArc(unsigned int,float)	
0x005D2900	?SetLeftArc@BrocSys@@YAXIM@Z	void __cdecl BrocSys::SetLeftArc(unsigned int,float)	
0x005D2960	?SetTopArc@BrocSys@@YAXIM@Z	void __cdecl BrocSys::SetTopArc(unsigned int,float)	
0x005D29C0	?SetBottomArc@BrocSys@@YAXIM@Z	void __cdecl BrocSys::SetBottomArc(unsigned int,float)	
0x005D2A20	?SetTurretPitch@BrocSys@@YAXIM@Z	void __cdecl BrocSys::SetTurretPitch(unsigned int,float)	
0x005D2A80	?SetTurretYaw@BrocSys@@YAXIM@Z	void __cdecl BrocSys::SetTurretYaw(unsigned int,float)	
0x005D2B10	?SetCharacter@BrocSys@@YAXIABVstring@Broc@@@Z	void __cdecl BrocSys::SetCharacter(unsigned int,class Broc::string const &)	
0x005D2B60	?ActorScr_SetFavoriteEnemy@BrocSys@@YAXPAUactor_s@@HPAVentity@Broc@@@Z	void __cdecl BrocSys::ActorScr_SetFavoriteEnemy(struct actor_s *,int,class Broc::entity *)	
0x005D2C00	?ScriptExplode@BrocSys@@YAXIM@Z	void __cdecl BrocSys::ScriptExplode(unsigned int,float)	
0x005D2D70	?SetEntityLODOverride@BrocSys@@YAXII@Z	void __cdecl BrocSys::SetEntityLODOverride(unsigned int,unsigned int)	
0x005D2E40	?SetEntityFlagDrone@BrocSys@@YAXI@Z	void __cdecl BrocSys::SetEntityFlagDrone(unsigned int)	
0x005D2E90	?IsEntityVisible@BrocSys@@YAHI@Z	int __cdecl BrocSys::IsEntityVisible(unsigned int)	
0x005D2ED0	?EntityIgnoreDanger@BrocSys@@YAXI_N00@Z	void __cdecl BrocSys::EntityIgnoreDanger(unsigned int,bool,bool,bool)	
0x005D2F60	?SetGetOceanHeight@BrocSys@@YAXIHH@Z	void __cdecl BrocSys::SetGetOceanHeight(unsigned int,int,int)	
0x005D3030	?ScaleEntity@BrocSys@@YAXIM@Z	void __cdecl BrocSys::ScaleEntity(unsigned int,float)	
0x005D3080	?SwapColMaps@BrocSys@@YAXII@Z	void __cdecl BrocSys::SwapColMaps(unsigned int,unsigned int)	
0x005D3180	?MoveAxis@BrocSys@@YAXIHMMMM@Z	void __cdecl BrocSys::MoveAxis(unsigned int,int,float,float,float,float)	
0x005D3270	?RotateAxis@BrocSys@@YAXIHMMMM@Z	void __cdecl BrocSys::RotateAxis(unsigned int,int,float,float,float,float)	
0x005D3360	?MoveTo@BrocSys@@YAXIABUvector@Broc@@MMM@Z	void __cdecl BrocSys::MoveTo(unsigned int,struct Broc::vector const &,float,float,float)	
0x005D34D0	?MoveX@BrocSys@@YAXIMMMM@Z	void __cdecl BrocSys::MoveX(unsigned int,float,float,float,float)	
0x005D3500	?MoveY@BrocSys@@YAXIMMMM@Z	void __cdecl BrocSys::MoveY(unsigned int,float,float,float,float)	
0x005D3530	?MoveZ@BrocSys@@YAXIMMMM@Z	void __cdecl BrocSys::MoveZ(unsigned int,float,float,float,float)	
0x005D3560	?MoveGravity@BrocSys@@YAXIABUvector@Broc@@MM@Z	void __cdecl BrocSys::MoveGravity(unsigned int,struct Broc::vector const &,float,float)	
0x005D3670	?RotateTo@BrocSys@@YAXIABUvector@Broc@@MMM@Z	void __cdecl BrocSys::RotateTo(unsigned int,struct Broc::vector const &,float,float,float)	
0x005D3980	?RotatePitch@BrocSys@@YAXIMMMM@Z	void __cdecl BrocSys::RotatePitch(unsigned int,float,float,float,float)	
0x005D39B0	?RotateYaw@BrocSys@@YAXIMMMM@Z	void __cdecl BrocSys::RotateYaw(unsigned int,float,float,float,float)	
0x005D39E0	?RotateRoll@BrocSys@@YAXIMMMM@Z	void __cdecl BrocSys::RotateRoll(unsigned int,float,float,float,float)	
0x005D3A10	?RotateVelocity@BrocSys@@YAXIABUvector@Broc@@MMM@Z	void __cdecl BrocSys::RotateVelocity(unsigned int,struct Broc::vector const &,float,float,float)	
0x005D3B50	?Solid@BrocSys@@YAXI@Z	void __cdecl BrocSys::Solid(unsigned int)	
0x005D3BF0	?NotSolid@BrocSys@@YAXI@Z	void __cdecl BrocSys::NotSolid(unsigned int)	
0x005D3C90	?InitEntityMove@BrocSys@@YAXXZ	void __cdecl BrocSys::InitEntityMove(void)	
0x005D3D50	?MPScript_PlayerRespawn@BrocSys@@YAXIABUvector@Broc@@0ABVstring@3@@Z	void __cdecl BrocSys::MPScript_PlayerRespawn(unsigned int,struct Broc::vector const &,struct Broc::vector const &,class Broc::string const &)	
0x005D3ED0	?MPScript_PlayerSpawn@BrocSys@@YAXIABUvector@Broc@@0_N@Z	void __cdecl BrocSys::MPScript_PlayerSpawn(unsigned int,struct Broc::vector const &,struct Broc::vector const &,bool)	
0x005D3FD0	?MPScript_SetPlayerAlive@BrocSys@@YAXIH@Z	void __cdecl BrocSys::MPScript_SetPlayerAlive(unsigned int,int)	
0x005D4050	?SetRespawnMaxTime@BrocSys@@YAXIH@Z	void __cdecl BrocSys::SetRespawnMaxTime(unsigned int,int)	
0x005D40A0	?MPScript_GetPlayerName@BrocSys@@YAPBDI@Z	char const * __cdecl BrocSys::MPScript_GetPlayerName(unsigned int)	
0x005D4130	?MPScript_FinishDamage@BrocSys@@YAXIIIABUvector@Broc@@0HHHH@Z	void __cdecl BrocSys::MPScript_FinishDamage(unsigned int,unsigned int,unsigned int,struct Broc::vector const &,struct Broc::vector const &,int,int,int,int)	
0x005D41F0	?MPScript_IsLocalPlayer@BrocSys@@YA_NI@Z	bool __cdecl BrocSys::MPScript_IsLocalPlayer(unsigned int)	
0x005D4230	?MPScript_IsInVehicle1@BrocSys@@YA_NI@Z	bool __cdecl BrocSys::MPScript_IsInVehicle1(unsigned int)	
0x005D4290	?MPScript_IsInVehicle2@BrocSys@@YA_NII@Z	bool __cdecl BrocSys::MPScript_IsInVehicle2(unsigned int,unsigned int)	
0x005D4320	?MPScript_GetPlayerInSeat@BrocSys@@YAIII@Z	unsigned int __cdecl BrocSys::MPScript_GetPlayerInSeat(unsigned int,unsigned int)	
0x005D4370	?MPScript_GetOutOfVehicle@BrocSys@@YAXI@Z	void __cdecl BrocSys::MPScript_GetOutOfVehicle(unsigned int)	
0x005D4400	?MPScript_SetPlayerTeam@BrocSys@@YA_NIABVstring@Broc@@@Z	bool __cdecl BrocSys::MPScript_SetPlayerTeam(unsigned int,class Broc::string const &)	
0x005D4450	?MPScript_Obituary@BrocSys@@YAXIIABVstring@Broc@@H_N@Z	void __cdecl BrocSys::MPScript_Obituary(unsigned int,unsigned int,class Broc::string const &,int,bool)	
0x005D4590	?MPScript_IncPlayerStat@BrocSys@@YAXIIF@Z	void __cdecl BrocSys::MPScript_IncPlayerStat(unsigned int,unsigned int,short)	
0x005D4750	?MPScript_SetPlayerStat@BrocSys@@YAXIIF@Z	void __cdecl BrocSys::MPScript_SetPlayerStat(unsigned int,unsigned int,short)	
0x005D4910	?MPScript_GetPlayerStat@BrocSys@@YAFII@Z	short __cdecl BrocSys::MPScript_GetPlayerStat(unsigned int,unsigned int)	
0x005D4A10	?MPScript_GetPlayerTotalScore@BrocSys@@YAHI@Z	int __cdecl BrocSys::MPScript_GetPlayerTotalScore(unsigned int)	
0x005D4AE0	?MPScript_ChangePlayerTeam@BrocSys@@YAXIABVstring@Broc@@_N@Z	void __cdecl BrocSys::MPScript_ChangePlayerTeam(unsigned int,class Broc::string const &,bool)	
0x005D4BC0	?MPScript_SendInitialGameState@BrocSys@@YAXI@Z	void __cdecl BrocSys::MPScript_SendInitialGameState(unsigned int)	
0x005D4C10	?MPScript_SendVehicleStates@BrocSys@@YAXI@Z	void __cdecl BrocSys::MPScript_SendVehicleStates(unsigned int)	
0x005D4C60	?MPScript_BroadcastVehicleRespawn@BrocSys@@YAXI@Z	void __cdecl BrocSys::MPScript_BroadcastVehicleRespawn(unsigned int)	
0x005D4CB0	?MPScript_SendGameState@BrocSys@@YAXIHHHH_N00HHH0HH@Z	void __cdecl BrocSys::MPScript_SendGameState(unsigned int,int,int,int,int,bool,bool,bool,int,int,int,bool,int,int)	
0x005D4D30	?MPScript_SendGameStateHQ@BrocSys@@YAXIIUvector@Broc@@0I_N1@Z	void __cdecl BrocSys::MPScript_SendGameStateHQ(unsigned int,unsigned int,struct Broc::vector,struct Broc::vector,unsigned int,bool,bool)	
0x005D4E20	?MPScript_SendGameStateCTF@BrocSys@@YAXIUvector@Broc@@0I00I@Z	void __cdecl BrocSys::MPScript_SendGameStateCTF(unsigned int,struct Broc::vector,struct Broc::vector,unsigned int,struct Broc::vector,struct Broc::vector,unsigned int)	
0x005D4FC0	?MPScript_SendGameStateSCF@BrocSys@@YAXIHUvector@Broc@@0I@Z	void __cdecl BrocSys::MPScript_SendGameStateSCF(unsigned int,int,struct Broc::vector,struct Broc::vector,unsigned int)	
0x005D50D0	?MPScript_SendGameStateDOM@BrocSys@@YAXIHHHHH@Z	void __cdecl BrocSys::MPScript_SendGameStateDOM(unsigned int,int,int,int,int,int)	
0x005D5140	?MPScript_SendGameStateSD@BrocSys@@YAXIII_NUvector@Broc@@1H@Z	void __cdecl BrocSys::MPScript_SendGameStateSD(unsigned int,unsigned int,unsigned int,bool,struct Broc::vector,struct Broc::vector,int)	
0x005D5270	?MPScript_PickupItem@BrocSys@@YAXHI@Z	void __cdecl BrocSys::MPScript_PickupItem(int,unsigned int)	
0x005D52D0	?MPScript_GetSpotterEntity@BrocSys@@YAII@Z	unsigned int __cdecl BrocSys::MPScript_GetSpotterEntity(unsigned int)	
0x005D5350	?MPScript_ClearSpottingFromOccupants@BrocSys@@YAXI@Z	void __cdecl BrocSys::MPScript_ClearSpottingFromOccupants(unsigned int)	
0x005D54A0	?MPScript_SendHostBombRequest@BrocSys@@YAXI_N@Z	void __cdecl BrocSys::MPScript_SendHostBombRequest(unsigned int,bool)	
0x005D54E0	?MPScript_SendBombExplosion@BrocSys@@YAXI@Z	void __cdecl BrocSys::MPScript_SendBombExplosion(unsigned int)	
0x005D5520	?MPScript_SendBombOperation@BrocSys@@YAXI_N@Z	void __cdecl BrocSys::MPScript_SendBombOperation(unsigned int,bool)	
0x005D5560	?MPScript_SendBombOperationEvent@BrocSys@@YAXI_N0@Z	void __cdecl BrocSys::MPScript_SendBombOperationEvent(unsigned int,bool,bool)	
0x005D55B0	?MPScript_NextButtonPressed@BrocSys@@YAHI@Z	int __cdecl BrocSys::MPScript_NextButtonPressed(unsigned int)	
0x005D5610	?MPScript_PrevButtonPressed@BrocSys@@YAHI@Z	int __cdecl BrocSys::MPScript_PrevButtonPressed(unsigned int)	
0x005D5670	?MPScript_DebugRenderEntityBBox@BrocSys@@YAXIABUvector@Broc@@M@Z	void __cdecl BrocSys::MPScript_DebugRenderEntityBBox(unsigned int,struct Broc::vector const &,float)	
0x005D5760	?GiveWeapon@BrocSys@@YAXIABVstring@Broc@@@Z	void __cdecl BrocSys::GiveWeapon(unsigned int,class Broc::string const &)	
0x005D57D0	?GiveWeaponAndAmmo@BrocSys@@YAXIABVstring@Broc@@H@Z	void __cdecl BrocSys::GiveWeaponAndAmmo(unsigned int,class Broc::string const &,int)	
0x005D5870	?TakeWeapon@BrocSys@@YAXIABVstring@Broc@@@Z	void __cdecl BrocSys::TakeWeapon(unsigned int,class Broc::string const &)	
0x005D58E0	?TakeAllWeapons@BrocSys@@YAXI@Z	void __cdecl BrocSys::TakeAllWeapons(unsigned int)	
0x005D59A0	?GetCurrentWeapon@BrocSys@@YAXIAAVstring@Broc@@@Z	void __cdecl BrocSys::GetCurrentWeapon(unsigned int,class Broc::string &)	
0x005D5A20	?HasWeaponAndAmmo@BrocSys@@YA_NIABVstring@Broc@@AAH@Z	bool __cdecl BrocSys::HasWeaponAndAmmo(unsigned int,class Broc::string const &,int &)	
0x005D5AF0	?HasWeapon@BrocSys@@YA_NIABVstring@Broc@@@Z	bool __cdecl BrocSys::HasWeapon(unsigned int,class Broc::string const &)	
0x005D5B70	?SwitchToWeapon@BrocSys@@YA_NIABVstring@Broc@@@Z	bool __cdecl BrocSys::SwitchToWeapon(unsigned int,class Broc::string const &)	
0x005D5C50	?SwitchToLastWeapon@BrocSys@@YA_NI@Z	bool __cdecl BrocSys::SwitchToLastWeapon(unsigned int)	
0x005D5CF0	?GiveStartAmmo@BrocSys@@YAXIABVstring@Broc@@@Z	void __cdecl BrocSys::GiveStartAmmo(unsigned int,class Broc::string const &)	
0x005D5DA0	?GiveMaxAmmo@BrocSys@@YAXIABVstring@Broc@@@Z	void __cdecl BrocSys::GiveMaxAmmo(unsigned int,class Broc::string const &)	
0x005D5E60	?GetFractionStartAmmo@BrocSys@@YAMIABVstring@Broc@@@Z	float __cdecl BrocSys::GetFractionStartAmmo(unsigned int,class Broc::string const &)	
0x005D5F40	?GetFractionMaxAmmo@BrocSys@@YAMIABVstring@Broc@@@Z	float __cdecl BrocSys::GetFractionMaxAmmo(unsigned int,class Broc::string const &)	
0x005D60A0	?SetOrigin@BrocSys@@YAXIABUvector@Broc@@@Z	void __cdecl BrocSys::SetOrigin(unsigned int,struct Broc::vector const &)	
0x005D60F0	?SetVelocity@BrocSys@@YAXIABUvector@Broc@@@Z	void __cdecl BrocSys::SetVelocity(unsigned int,struct Broc::vector const &)	
0x005D6160	?SetPlayerAngles@BrocSys@@YAXIABUvector@Broc@@@Z	void __cdecl BrocSys::SetPlayerAngles(unsigned int,struct Broc::vector const &)	
0x005D6230	?GetPlayerAngles@BrocSys@@YA?AUvector@Broc@@I@Z	struct Broc::vector __cdecl BrocSys::GetPlayerAngles(unsigned int)	
0x005D62C0	?UseButtonPressed@BrocSys@@YAHI@Z	int __cdecl BrocSys::UseButtonPressed(unsigned int)	
0x005D6320	?AttackButtonPressed@BrocSys@@YAHI@Z	int __cdecl BrocSys::AttackButtonPressed(unsigned int)	
0x005D6380	?MeleeButtonPressed@BrocSys@@YAHI@Z	int __cdecl BrocSys::MeleeButtonPressed(unsigned int)	
0x005D63E0	?IsAds@BrocSys@@YAHI@Z	int __cdecl BrocSys::IsAds(unsigned int)	
0x005D6440	?IsOnGround@BrocSys@@YAHI@Z	int __cdecl BrocSys::IsOnGround(unsigned int)	
0x005D64A0	?SetViewModel@BrocSys@@YAXIABVstring@Broc@@@Z	void __cdecl BrocSys::SetViewModel(unsigned int,class Broc::string const &)	
0x005D6530	?AllowUse@BrocSys@@YAXI_N@Z	void __cdecl BrocSys::AllowUse(unsigned int,bool)	
0x005D65A0	?AllowStand@BrocSys@@YAXI_N@Z	void __cdecl BrocSys::AllowStand(unsigned int,bool)	
0x005D65E0	?AllowCrouch@BrocSys@@YAXI_N@Z	void __cdecl BrocSys::AllowCrouch(unsigned int,bool)	
0x005D6620	?AllowProne@BrocSys@@YAXI_N@Z	void __cdecl BrocSys::AllowProne(unsigned int,bool)	
0x005D6660	?AllowLeanLeft@BrocSys@@YAXI_N@Z	void __cdecl BrocSys::AllowLeanLeft(unsigned int,bool)	
0x005D66A0	?AllowLeanRight@BrocSys@@YAXI_N@Z	void __cdecl BrocSys::AllowLeanRight(unsigned int,bool)	
0x005D66E0	?SetSpectateTeamKill@BrocSys@@YAXHIH@Z	void __cdecl BrocSys::SetSpectateTeamKill(int,unsigned int,int)	
0x005D6740	?FreezeControls@BrocSys@@YAXI_N@Z	void __cdecl BrocSys::FreezeControls(unsigned int,bool)	
0x005D6790	?IsLookingAt@BrocSys@@YA_NII@Z	bool __cdecl BrocSys::IsLookingAt(unsigned int,unsigned int)	
0x005D6810	?SetAutoPickup@BrocSys@@YAXI_N@Z	void __cdecl BrocSys::SetAutoPickup(unsigned int,bool)	
0x005D6880	?GetWeaponSlotWeapon@BrocSys@@YAXIABVstring@Broc@@AAV23@@Z	void __cdecl BrocSys::GetWeaponSlotWeapon(unsigned int,class Broc::string const &,class Broc::string &)	
0x005D6950	?SetWeaponSlotWeapon@BrocSys@@YAXIABVstring@Broc@@0@Z	void __cdecl BrocSys::SetWeaponSlotWeapon(unsigned int,class Broc::string const &,class Broc::string const &)	
0x005D6B50	?GetWeaponSlotAmmo@BrocSys@@YAHIABVstring@Broc@@@Z	int __cdecl BrocSys::GetWeaponSlotAmmo(unsigned int,class Broc::string const &)	
0x005D6C40	?SetWeaponSlotAmmo@BrocSys@@YAXIABVstring@Broc@@H@Z	void __cdecl BrocSys::SetWeaponSlotAmmo(unsigned int,class Broc::string const &,int)	
0x005D6DA0	?GetWeaponSlotClipAmmo@BrocSys@@YAHIABVstring@Broc@@@Z	int __cdecl BrocSys::GetWeaponSlotClipAmmo(unsigned int,class Broc::string const &)	
0x005D6E60	?SetWeaponSlotClipAmmo@BrocSys@@YAXIABVstring@Broc@@H@Z	void __cdecl BrocSys::SetWeaponSlotClipAmmo(unsigned int,class Broc::string const &,int)	
0x005D6F40	?GetFullClipAmmoCount@BrocSys@@YAHIABVstring@Broc@@@Z	int __cdecl BrocSys::GetFullClipAmmoCount(unsigned int,class Broc::string const &)	
0x005D6FF0	?GetMaxAmmo@BrocSys@@YAHIABVstring@Broc@@@Z	int __cdecl BrocSys::GetMaxAmmo(unsigned int,class Broc::string const &)	
0x005D70A0	?InitEntityClient@BrocSys@@YAXXZ	void __cdecl BrocSys::InitEntityClient(void)	
0x005D7790	?ObjectiveAdd5@BrocSys@@YAXHABVstring@Broc@@0ABUvector@3@IMPBDHHH@Z	void __cdecl BrocSys::ObjectiveAdd5(int,class Broc::string const &,class Broc::string const &,struct Broc::vector const &,unsigned int,float,char const *,int,int,int)	
0x005D7930	?AttachPath@BrocSys@@YAXIABVvehiclenode@Broc@@H@Z	void __cdecl BrocSys::AttachPath(unsigned int,class Broc::vehiclenode const &,int)	
0x005D7C30	?StartPath@BrocSys@@YAXI@Z	void __cdecl BrocSys::StartPath(unsigned int)	
0x005D7D40	?EndPath@BrocSys@@YAXI@Z	void __cdecl BrocSys::EndPath(unsigned int)	
0x005D7E40	?SetSwitchNode@BrocSys@@YAXIABVvehiclenode@Broc@@0@Z	void __cdecl BrocSys::SetSwitchNode(unsigned int,class Broc::vehiclenode const &,class Broc::vehiclenode const &)	
0x005D8000	?SetWaitNode@BrocSys@@YAXIABVvehiclenode@Broc@@@Z	void __cdecl BrocSys::SetWaitNode(unsigned int,class Broc::vehiclenode const &)	
0x005D8170	?SetWaitSpeed@BrocSys@@YAXIM@Z	void __cdecl BrocSys::SetWaitSpeed(unsigned int,float)	
0x005D82A0	?SetSpeed@BrocSys@@YAXIMM@Z	void __cdecl BrocSys::SetSpeed(unsigned int,float,float)	
0x005D8410	?ResumeSpeed@BrocSys@@YAXIM@Z	void __cdecl BrocSys::ResumeSpeed(unsigned int,float)	
0x005D8550	?JoltBody@BrocSys@@YAXIABUvector@Broc@@MMM@Z	void __cdecl BrocSys::JoltBody(unsigned int,struct Broc::vector const &,float,float,float)	
0x005D8700	?FreeVehicle@BrocSys@@YAXI@Z	void __cdecl BrocSys::FreeVehicle(unsigned int)	
0x005D8840	?GetWheelSurface@BrocSys@@YAXIIAAVstring@Broc@@@Z	void __cdecl BrocSys::GetWheelSurface(unsigned int,unsigned int,class Broc::string &)	
0x005D8A20	?GetSpeedMph@BrocSys@@YAMI@Z	float __cdecl BrocSys::GetSpeedMph(unsigned int)	
0x005D8AB0	?GetVehicleOwner@BrocSys@@YAII@Z	unsigned int __cdecl BrocSys::GetVehicleOwner(unsigned int)	
0x005D8B60	?SetMaxSpeed@BrocSys@@YAXIM@Z	void __cdecl BrocSys::SetMaxSpeed(unsigned int,float)	
0x005D8D30	?SetBrake@BrocSys@@YAXI_N@Z	void __cdecl BrocSys::SetBrake(unsigned int,bool)	
0x005D8F00	?SetStabilityEnabled@BrocSys@@YAXI_N@Z	void __cdecl BrocSys::SetStabilityEnabled(unsigned int,bool)	
0x005D90D0	?IsVehicleFlipped@BrocSys@@YA_NI@Z	bool __cdecl BrocSys::IsVehicleFlipped(unsigned int)	
0x005D9190	?SetVehicleGoal@BrocSys@@YAXIABUvector@Broc@@MM@Z	void __cdecl BrocSys::SetVehicleGoal(unsigned int,struct Broc::vector const &,float,float)	
0x005D9400	?StartEngineSound@BrocSys@@YAXI@Z	void __cdecl BrocSys::StartEngineSound(unsigned int)	
0x005D94F0	?StopEngineSound@BrocSys@@YAXI@Z	void __cdecl BrocSys::StopEngineSound(unsigned int)	
0x005D95E0	?SetVehicleMountPos@BrocSys@@YAXIH@Z	void __cdecl BrocSys::SetVehicleMountPos(unsigned int,int)	
0x005D9730	?MakeVehicleUsable@BrocSys@@YAXI@Z	void __cdecl BrocSys::MakeVehicleUsable(unsigned int)	
0x005D97D0	?MakeVehicleUnusable@BrocSys@@YAXI@Z	void __cdecl BrocSys::MakeVehicleUnusable(unsigned int)	
0x005D9870	?EjectDriver@BrocSys@@YAXI@Z	void __cdecl BrocSys::EjectDriver(unsigned int)	
0x005D9970	?AddVehicleToCompass@BrocSys@@YAXI_N@Z	void __cdecl BrocSys::AddVehicleToCompass(unsigned int,bool)	
0x005D9A70	?RemoveVehicleFromCompass@BrocSys@@YAXI@Z	void __cdecl BrocSys::RemoveVehicleFromCompass(unsigned int)	
0x005D9B60	?RespawnVehicle@BrocSys@@YAXI@Z	void __cdecl BrocSys::RespawnVehicle(unsigned int)	
0x005D9BA0	?SetTurretRotRate@BrocSys@@YAXIM@Z	void __cdecl BrocSys::SetTurretRotRate(unsigned int,float)	
0x005D9CF0	?SetTurretTargetVec@BrocSys@@YAXIABUvector@Broc@@_N@Z	void __cdecl BrocSys::SetTurretTargetVec(unsigned int,struct Broc::vector const &,bool)	
0x005D9EA0	?SetTurretTargetEnt@BrocSys@@YAXIIABUvector@Broc@@_N@Z	void __cdecl BrocSys::SetTurretTargetEnt(unsigned int,unsigned int,struct Broc::vector const &,bool)	
0x005DA0B0	?ClearTurretTarget@BrocSys@@YAXI_N@Z	void __cdecl BrocSys::ClearTurretTarget(unsigned int,bool)	
0x005DA230	?FireTurret@BrocSys@@YAXI_N@Z	void __cdecl BrocSys::FireTurret(unsigned int,bool)	
0x005DA8C0	?IsTurretReady@BrocSys@@YA_NI@Z	bool __cdecl BrocSys::IsTurretReady(unsigned int)	
0x005DA9D0	?SetVehicleName@BrocSys@@YAXIABVstring@Broc@@@Z	void __cdecl BrocSys::SetVehicleName(unsigned int,class Broc::string const &)	
0x005DAAC0	?GetTurretRelAngles@BrocSys@@YAXIAAUvector@Broc@@_N@Z	void __cdecl BrocSys::GetTurretRelAngles(unsigned int,struct Broc::vector &,bool)	
0x005DABF0	?InitVehicle@BrocSys@@YAXXZ	void __cdecl BrocSys::InitVehicle(void)	
0x005DAE30	??1AeThread@@QAE@XZ	public: __thiscall AeThread::~AeThread(void)	
0x005DAF90	?DestroyBrocInsts@AeThread@@QAEXXZ	public: void __thiscall AeThread::DestroyBrocInsts(void)	
0x005DB100	??0AeThreadManager@@QAE@XZ	public: __thiscall AeThreadManager::AeThreadManager(void)	
0x005DB160	?AssignHandle@AeThreadManager@@QAE?AVHandle@@PAVAeThread@@@Z	public: class Handle __thiscall AeThreadManager::AssignHandle(class AeThread *)	
0x005DB1A0	?KillAllThreads@AeThreadManager@@QAEXXZ	public: void __thiscall AeThreadManager::KillAllThreads(void)	
0x005DB230	??0EndOnScriptNode@@QAE@PAVAeThread@@@Z	public: __thiscall EndOnScriptNode::EndOnScriptNode(class AeThread *)	
0x005DB280	??0AeThreadEntityNotifyState@@QAE@V?$DbLinkedHandle@VEntityHandleDb@@VEntity@@@@IW4EAction@AeThreadState@@@Z	public: __thiscall AeThreadEntityNotifyState::AeThreadEntityNotifyState(class DbLinkedHandle<class EntityHandleDb,class Entity>,unsigned int,enum AeThreadState::EAction)	
0x005DB3C0	?ThreadCreateInternal@BrocSys@@YAIPBDH0IPAVAeThreadFunctor@@_N@Z	unsigned int __cdecl BrocSys::ThreadCreateInternal(char const *,int,char const *,unsigned int,class AeThreadFunctor *,bool)	
0x005DB470	?ThreadExecInternal@BrocSys@@YAIPBDH0IPAVAeThreadFunctor@@_N@Z	unsigned int __cdecl BrocSys::ThreadExecInternal(char const *,int,char const *,unsigned int,class AeThreadFunctor *,bool)	
0x005DB540	?ThreadNotifyInternal@BrocSys@@YAIPBDH0IIHPAVAeThreadFunctor@@@Z	unsigned int __cdecl BrocSys::ThreadNotifyInternal(char const *,int,char const *,unsigned int,unsigned int,int,class AeThreadFunctor *)	
0x005DB640	?KillThreadExec@BrocSys@@YAXXZ	void __cdecl BrocSys::KillThreadExec(void)	
0x005DB660	?ThreadSleepUntilNotify@BrocSys@@YAXIW4TPakInfo@@HHHH_NM@Z	void __cdecl BrocSys::ThreadSleepUntilNotify(unsigned int,enum TPakInfo,int,int,int,int,bool,float)	
0x005DB870	?ThreadGetId@BrocSys@@YAIXZ	unsigned int __cdecl BrocSys::ThreadGetId(void)	
0x005DB8C0	?GetKeyBinding@BrocSys@@YAHAAV?$dyn_array@Vstring@Broc@@@Broc@@ABVstring@3@@Z	int __cdecl BrocSys::GetKeyBinding(class Broc::dyn_array<class Broc::string> &,class Broc::string const &)	
0x005DB9D0	?ObjectiveChildAdd4@BrocSys@@YAXHHABVstring@Broc@@HABUvector@3@PBD@Z	void __cdecl BrocSys::ObjectiveChildAdd4(int,int,class Broc::string const &,int,struct Broc::vector const &,char const *)	
0x005DBB80	?ObjectiveAdd4@BrocSys@@YAXHABVstring@Broc@@HABUvector@3@PBDHH@Z	void __cdecl BrocSys::ObjectiveAdd4(int,class Broc::string const &,int,struct Broc::vector const &,char const *,int,int)	
0x005DBCC0	?ObjectiveChildAdd7@BrocSys@@YAXHHABVstring@Broc@@HABUvector@3@PBD@Z	void __cdecl BrocSys::ObjectiveChildAdd7(int,int,class Broc::string const &,int,struct Broc::vector const &,char const *)	
0x005DBDF0	?ObjectiveAdd7@BrocSys@@YAXHABVstring@Broc@@HABUvector@3@PBDHH@Z	void __cdecl BrocSys::ObjectiveAdd7(int,class Broc::string const &,int,struct Broc::vector const &,char const *,int,int)	
0x005DBE60	?ObjectiveChildAdd5@BrocSys@@YAXHHABVstring@Broc@@0ABUvector@3@PBD@Z	void __cdecl BrocSys::ObjectiveChildAdd5(int,int,class Broc::string const &,class Broc::string const &,struct Broc::vector const &,char const *)	
0x005DBF20	?InitObjective@BrocSys@@YAXXZ	void __cdecl BrocSys::InitObjective(void)	
0x005DC120	?KillThread@AeThreadManager@@AAEXPAVAeThread@@@Z	private: void __thiscall AeThreadManager::KillThread(class AeThread *)	
0x005DC170	?Execute@AeThreadManager@@QAEXM@Z	public: void __thiscall AeThreadManager::Execute(float)	
0x005DC5B0	?ConvertHashToString@BrocSys@@YAPBDH@Z	char const * __cdecl BrocSys::ConvertHashToString(int)	
0x005DC5E0	?RemoveHashString@BrocSys@@YA_NH@Z	bool __cdecl BrocSys::RemoveHashString(int)	
0x005DC620	?RemoveHashString@BrocSys@@YA_NPBD@Z	bool __cdecl BrocSys::RemoveHashString(char const *)	
0x005DC680	?ThreadTerminateOnNotify@BrocSys@@YAXIH@Z	void __cdecl BrocSys::ThreadTerminateOnNotify(unsigned int,int)	
0x005DC800	?GetAiArray1@BrocSys@@YAXAAV?$dyn_array@Ventity@Broc@@@Broc@@ABVstring@3@@Z	void __cdecl BrocSys::GetAiArray1(class Broc::dyn_array<class Broc::entity> &,class Broc::string const &)	
0x005DC8F0	?GetAiArray2@BrocSys@@YAXAAV?$dyn_array@Ventity@Broc@@@Broc@@@Z	void __cdecl BrocSys::GetAiArray2(class Broc::dyn_array<class Broc::entity> &)	
0x005DC950	?CopyEntArray@BrocSys@@YAXAAV?$dyn_array@Ventity@Broc@@@Broc@@ABV?$ae_sized_array@Ventity@Broc@@$0CAA@@@@Z	void __cdecl BrocSys::CopyEntArray(class Broc::dyn_array<class Broc::entity> &,class ae_sized_array<class Broc::entity,512> const &)	
0x005DC9A0	?GetSpawnerArray@BrocSys@@YAXAAV?$dyn_array@Ventity@Broc@@@Broc@@@Z	void __cdecl BrocSys::GetSpawnerArray(class Broc::dyn_array<class Broc::entity> &)	
0x005DCA40	?GetSpawnerTeamArray@BrocSys@@YAXAAV?$dyn_array@Ventity@Broc@@@Broc@@ABVstring@3@@Z	void __cdecl BrocSys::GetSpawnerTeamArray(class Broc::dyn_array<class Broc::entity> &,class Broc::string const &)	
0x005DCB90	?GetWeaponModel@BrocSys@@YAII@Z	unsigned int __cdecl BrocSys::GetWeaponModel(unsigned int)	
0x005DCBF0	?GetWeaponModelName@BrocSys@@YA?AVstring@Broc@@I@Z	class Broc::string __cdecl BrocSys::GetWeaponModelName(unsigned int)	
0x005DCCA0	?GetPartName@BrocSys@@YAXAAVstring@Broc@@ABV23@H@Z	void __cdecl BrocSys::GetPartName(class Broc::string &,class Broc::string const &,int)	
0x005DCE70	?GetEntByFieldAndHash@BrocSys@@YAIHIPAIH@Z	unsigned int __cdecl BrocSys::GetEntByFieldAndHash(int,unsigned int,unsigned int *,int)	
0x005DCF80	?GetEntTarget@BrocSys@@YAIIPAIH@Z	unsigned int __cdecl BrocSys::GetEntTarget(unsigned int,unsigned int *,int)	
0x005DCFA0	?GetEntTargetName@BrocSys@@YAIIPAIH@Z	unsigned int __cdecl BrocSys::GetEntTargetName(unsigned int,unsigned int *,int)	
0x005DCFC0	?GetEntClassname@BrocSys@@YAIIPAIH@Z	unsigned int __cdecl BrocSys::GetEntClassname(unsigned int,unsigned int *,int)	
0x005DCFE0	?GetEntNoteWorthy@BrocSys@@YAIIPAIH@Z	unsigned int __cdecl BrocSys::GetEntNoteWorthy(unsigned int,unsigned int *,int)	
0x005DD000	?GetEntGroup@BrocSys@@YAIIPAIH@Z	unsigned int __cdecl BrocSys::GetEntGroup(unsigned int,unsigned int *,int)	
0x005DD020	?GetEnt@BrocSys@@YAIABVstring@Broc@@HPAIHH@Z	unsigned int __cdecl BrocSys::GetEnt(class Broc::string const &,int,unsigned int *,int,int)	
0x005DD690	?InitEntity@BrocSys@@YAXXZ	void __cdecl BrocSys::InitEntity(void)	
0x005DF580	?GetCondText@AeThreadEntityNotifyState@@UAEXAAV?$ae_fixed_string@$0EA@E@@@Z	public: virtual void __thiscall AeThreadEntityNotifyState::GetCondText(class ae_fixed_string<64,unsigned char> &)	
0x005DF680	?GetDebugTxt@AeThreadEntityNotifyState@@UAEXAAV?$ae_fixed_string@$0EA@E@@@Z	public: virtual void __thiscall AeThreadEntityNotifyState::GetDebugTxt(class ae_fixed_string<64,unsigned char> &)	
0x005DF780	?GetCondText@AeThreadEntityNotifyTimeoutState@@UAEXAAV?$ae_fixed_string@$0EA@E@@@Z	public: virtual void __thiscall AeThreadEntityNotifyTimeoutState::GetCondText(class ae_fixed_string<64,unsigned char> &)	
0x005DF8B0	?GetDebugTxt@AeThreadEntityNotifyTimeoutState@@UAEXAAV?$ae_fixed_string@$0EA@E@@@Z	public: virtual void __thiscall AeThreadEntityNotifyTimeoutState::GetDebugTxt(class ae_fixed_string<64,unsigned char> &)	
0x005DF9E0	?GetCondText@AeThreadEntityNotifyMatchState@@UAEXAAV?$ae_fixed_string@$0EA@E@@@Z	public: virtual void __thiscall AeThreadEntityNotifyMatchState::GetCondText(class ae_fixed_string<64,unsigned char> &)	
0x005DFB40	?GetDebugTxt@AeThreadEntityNotifyMatchState@@UAEXAAV?$ae_fixed_string@$0EA@E@@@Z	public: virtual void __thiscall AeThreadEntityNotifyMatchState::GetDebugTxt(class ae_fixed_string<64,unsigned char> &)	
0x005DFC50	?RegisterHashString@BrocSys@@YAXHPBD@Z	void __cdecl BrocSys::RegisterHashString(int,char const *)	
0x005DFD30	?RegisterHashString@BrocSys@@YAHPBD@Z	int __cdecl BrocSys::RegisterHashString(char const *)	
0x005DFD70	?CalcStringHash@BrocSys@@YAIPBD@Z	unsigned int __cdecl BrocSys::CalcStringHash(char const *)	
0x005DFDB0	?InitAPI@BrocSys@@YAXXZ	void __cdecl BrocSys::InitAPI(void)	
0x005E0160	?LoadScript@BrocSys@@YAXXZ	void __cdecl BrocSys::LoadScript(void)	
