ida_ea	va	name	signature	family
0x00563FE0	0x009534E0	?Init@StubData@@QAEXXZ	public: void __thiscall StubData::Init(void)	shell.o
0x005641E0	0x009536E0	?LoadData@StubData@@QAEXPAU1@@Z	public: void __thiscall StubData::LoadData(struct StubData *)	shell.o
0x00564400	0x00953900	?LoadDataLastMinFix@StubData@@QAEXPAU1@@Z	public: void __thiscall StubData::LoadDataLastMinFix(struct StubData *)	shell.o
0x00564610	0x00953B10	?ApplyDifficulty@StubData@@QAEXXZ	public: void __thiscall StubData::ApplyDifficulty(void)	shell.o
0x00564620	0x00953B20	?set@MPsharedStubData@@QAEXPAUStubData@@@Z	public: void __thiscall MPsharedStubData::set(struct StubData *)	shell.o
0x005648C0	0x00953DC0	?get@MPsharedStubData@@QBEXPAUStubData@@@Z	public: void __thiscall MPsharedStubData::get(struct StubData *)const 	shell.o
0x00564BB0	0x009540B0	?ApplyControllerButtonConfig@@YAXH@Z	void __cdecl ApplyControllerButtonConfig(int)	shell.o
0x00564C70	0x00954170	?Init@SaveGameData@@QAEXXZ	public: void __thiscall SaveGameData::Init(void)	shell.o
0x00564D30	0x00954230	?LoadData@SaveGameData@@QAEXPAU1@@Z	public: void __thiscall SaveGameData::LoadData(struct SaveGameData *)	shell.o
0x00564F10	0x00954410	?ApplyControllerStickConfig@@YAXH@Z	void __cdecl ApplyControllerStickConfig(int)	shell.o
0x00564F70	0x00954470	??1IGOFrontEnd@@UAE@XZ	public: virtual __thiscall IGOFrontEnd::~IGOFrontEnd(void)	shell.o
0x00565110	0x00954610	?PanelFileUnloaded@IGOFrontEnd@@UAEXPAVPanelFile@@@Z	public: virtual void __thiscall IGOFrontEnd::PanelFileUnloaded(class PanelFile *)	shell.o
0x00565140	0x00954640	?UpdateInScene@IGOFrontEnd@@UAEXM@Z	public: virtual void __thiscall IGOFrontEnd::UpdateInScene(float)	shell.o
0x00565180	0x00954680	?SetTutorialText@IGOFrontEnd@@QAEXHH@Z	public: void __thiscall IGOFrontEnd::SetTutorialText(int,int)	shell.o
0x00565260	0x00954760	?SetActionHint@IGOFrontEnd@@QAEXHH@Z	public: void __thiscall IGOFrontEnd::SetActionHint(int,int)	shell.o
0x00565300	0x00954800	?DrawHint@IGOFrontEnd@@UAEXH@Z	public: virtual void __thiscall IGOFrontEnd::DrawHint(int)	shell.o
0x00565350	0x00954850	?Draw@IGOFrontEnd@@UAEXH@Z	public: virtual void __thiscall IGOFrontEnd::Draw(int)	shell.o
0x00565660	0x00954B60	?Draw3DWorldSpace@IGOFrontEnd@@QAEXXZ	public: void __thiscall IGOFrontEnd::Draw3DWorldSpace(void)	shell.o
0x00565690	0x00954B90	?UpdateSplitScreen@IGOFrontEnd@@QAEXXZ	public: void __thiscall IGOFrontEnd::UpdateSplitScreen(void)	shell.o
0x00565920	0x00954E20	?ResetWidgets@IGOFrontEnd@@QAEXXZ	public: void __thiscall IGOFrontEnd::ResetWidgets(void)	shell.o
0x00565A40	0x00954F40	?TurnOffMostWidgets@IGOFrontEnd@@QAEXXZ	public: void __thiscall IGOFrontEnd::TurnOffMostWidgets(void)	shell.o
0x00565B50	0x00955050	?SetForLiberatorBomber@IGOFrontEnd@@QAEXXZ	public: void __thiscall IGOFrontEnd::SetForLiberatorBomber(void)	shell.o
0x00565B60	0x00955060	?SetForLiberatorGround@IGOFrontEnd@@QAEXXZ	public: void __thiscall IGOFrontEnd::SetForLiberatorGround(void)	shell.o
0x00565BF0	0x009550F0	?SetForTunisia@IGOFrontEnd@@QAEXXZ	public: void __thiscall IGOFrontEnd::SetForTunisia(void)	shell.o
0x00565C40	0x00955140	?SetHUDType@IGOFrontEnd@@QAEXW4hud_type@@H@Z	public: void __thiscall IGOFrontEnd::SetHUDType(enum hud_type,int)	shell.o
0x00565C80	0x00955180	?get_screensafe_left@@YAMXZ	float __cdecl get_screensafe_left(void)	shell.o
0x00565C90	0x00955190	?get_screensafe_right@@YAMXZ	float __cdecl get_screensafe_right(void)	shell.o
0x00565CA0	0x009551A0	?get_screensafe_top@@YAMXZ	float __cdecl get_screensafe_top(void)	shell.o
0x00565CB0	0x009551B0	?get_screensafe_bottom@@YAMXZ	float __cdecl get_screensafe_bottom(void)	shell.o
0x00565CC0	0x009551C0	??0IGOStanceWidget@@QAE@H@Z	public: __thiscall IGOStanceWidget::IGOStanceWidget(int)	shell.o
0x00565D00	0x00955200	?Update@IGOStanceWidget@@UAEXM@Z	public: virtual void __thiscall IGOStanceWidget::Update(float)	shell.o
0x00565EA0	0x009553A0	??0IGOHealthWidget@@QAE@H@Z	public: __thiscall IGOHealthWidget::IGOHealthWidget(int)	shell.o
0x00565EE0	0x009553E0	?Draw@IGOHealthWidget@@UAEXXZ	public: virtual void __thiscall IGOHealthWidget::Draw(void)	shell.o
0x00565F50	0x00955450	??0IGOHQProgressBarWidget@@QAE@H@Z	public: __thiscall IGOHQProgressBarWidget::IGOHQProgressBarWidget(int)	shell.o
0x00565F90	0x00955490	??1IGOHQProgressBarWidget@@UAE@XZ	public: virtual __thiscall IGOHQProgressBarWidget::~IGOHQProgressBarWidget(void)	shell.o
0x00566020	0x00955520	?Draw@IGOHQProgressBarWidget@@UAEXXZ	public: virtual void __thiscall IGOHQProgressBarWidget::Draw(void)	shell.o
0x00566070	0x00955570	??0IGORaiseFlagWidget@@QAE@H@Z	public: __thiscall IGORaiseFlagWidget::IGORaiseFlagWidget(int)	shell.o
0x005660A0	0x009555A0	??1IGORaiseFlagWidget@@UAE@XZ	public: virtual __thiscall IGORaiseFlagWidget::~IGORaiseFlagWidget(void)	shell.o
0x00566100	0x00955600	?Update@IGORaiseFlagWidget@@UAEXM@Z	public: virtual void __thiscall IGORaiseFlagWidget::Update(float)	shell.o
0x005661D0	0x009556D0	?Draw@IGORaiseFlagWidget@@UAEXXZ	public: virtual void __thiscall IGORaiseFlagWidget::Draw(void)	shell.o
0x005661F0	0x009556F0	??0IGOTimerWidget@@QAE@H@Z	public: __thiscall IGOTimerWidget::IGOTimerWidget(int)	shell.o
0x00566230	0x00955730	??1IGOTimerWidget@@UAE@XZ	public: virtual __thiscall IGOTimerWidget::~IGOTimerWidget(void)	shell.o
0x00566280	0x00955780	?Draw@IGOTimerWidget@@UAEXXZ	public: virtual void __thiscall IGOTimerWidget::Draw(void)	shell.o
0x005662A0	0x009557A0	?UpdateWidescreen@IGOTimerWidget@@UAEX_NM@Z	public: virtual void __thiscall IGOTimerWidget::UpdateWidescreen(bool,float)	shell.o
0x005662C0	0x009557C0	?UpdateSplitScreen@IGOTimerWidget@@UAEXHH@Z	public: virtual void __thiscall IGOTimerWidget::UpdateSplitScreen(int,int)	shell.o
0x005662F0	0x009557F0	?setTimerValues@IGOTimerWidget@@AAEXXZ	private: void __thiscall IGOTimerWidget::setTimerValues(void)	shell.o
0x00566340	0x00955840	??0IGOInGameScoreWidget@@QAE@H@Z	public: __thiscall IGOInGameScoreWidget::IGOInGameScoreWidget(int)	shell.o
0x00566380	0x00955880	??1IGOInGameScoreWidget@@UAE@XZ	public: virtual __thiscall IGOInGameScoreWidget::~IGOInGameScoreWidget(void)	shell.o
0x00566400	0x00955900	?Update@IGOInGameScoreWidget@@UAEXM@Z	public: virtual void __thiscall IGOInGameScoreWidget::Update(float)	shell.o
0x005664F0	0x009559F0	?Draw@IGOInGameScoreWidget@@UAEXXZ	public: virtual void __thiscall IGOInGameScoreWidget::Draw(void)	shell.o
0x00566530	0x00955A30	??0IGOAmmoWidget@@QAE@H@Z	public: __thiscall IGOAmmoWidget::IGOAmmoWidget(int)	shell.o
0x00566560	0x00955A60	?Draw@IGOAmmoWidget@@UAEXXZ	public: virtual void __thiscall IGOAmmoWidget::Draw(void)	shell.o
0x00566590	0x00955A90	??0IGOGrenadeWidget@@QAE@H@Z	public: __thiscall IGOGrenadeWidget::IGOGrenadeWidget(int)	shell.o
0x005665F0	0x00955AF0	??1IGOGrenadeWidget@@UAE@XZ	public: virtual __thiscall IGOGrenadeWidget::~IGOGrenadeWidget(void)	shell.o
0x005666B0	0x00955BB0	?Update@IGOGrenadeWidget@@UAEXM@Z	public: virtual void __thiscall IGOGrenadeWidget::Update(float)	shell.o
0x00566BC0	0x009560C0	?Draw@IGOGrenadeWidget@@UAEXXZ	public: virtual void __thiscall IGOGrenadeWidget::Draw(void)	shell.o
0x00566C50	0x00956150	??0IGOGrenadeCookWidget@@QAE@H@Z	public: __thiscall IGOGrenadeCookWidget::IGOGrenadeCookWidget(int)	shell.o
0x00566CE0	0x009561E0	??1IGOGrenadeCookWidget@@UAE@XZ	public: virtual __thiscall IGOGrenadeCookWidget::~IGOGrenadeCookWidget(void)	shell.o
0x00566D50	0x00956250	?SetFuse@IGOGrenadeCookWidget@@QAEXMM@Z	public: void __thiscall IGOGrenadeCookWidget::SetFuse(float,float)	shell.o
0x00566D70	0x00956270	?Update@IGOGrenadeCookWidget@@UAEXM@Z	public: virtual void __thiscall IGOGrenadeCookWidget::Update(float)	shell.o
0x00566F50	0x00956450	?Draw@IGOGrenadeCookWidget@@UAEXXZ	public: virtual void __thiscall IGOGrenadeCookWidget::Draw(void)	shell.o
0x00566F90	0x00956490	?Init@IGOWeaponNameWidget@@UAEXPAVPanelFile@@@Z	public: virtual void __thiscall IGOWeaponNameWidget::Init(class PanelFile *)	shell.o
0x00567040	0x00956540	?Update@IGOWeaponNameWidget@@UAEXM@Z	public: virtual void __thiscall IGOWeaponNameWidget::Update(float)	shell.o
0x005672E0	0x009567E0	?Draw@IGOWeaponNameWidget@@UAEXXZ	public: virtual void __thiscall IGOWeaponNameWidget::Draw(void)	shell.o
0x00567310	0x00956810	?Init@IGOActionHintWidget@@UAEXPAVPanelFile@@@Z	public: virtual void __thiscall IGOActionHintWidget::Init(class PanelFile *)	shell.o
0x00567320	0x00956820	?Draw@IGOActionHintWidget@@UAEXXZ	public: virtual void __thiscall IGOActionHintWidget::Draw(void)	shell.o
0x00567340	0x00956840	?UpdateWidescreen@IGOActionHintWidget@@UAEX_NM@Z	public: virtual void __thiscall IGOActionHintWidget::UpdateWidescreen(bool,float)	shell.o
0x00567360	0x00956860	?UpdateSplitScreen@IGOActionHintWidget@@UAEXHH@Z	public: virtual void __thiscall IGOActionHintWidget::UpdateSplitScreen(int,int)	shell.o
0x00567370	0x00956870	??0IGOTankHealthWidget@@QAE@H@Z	public: __thiscall IGOTankHealthWidget::IGOTankHealthWidget(int)	shell.o
0x005673B0	0x009568B0	?Draw@IGOTankHealthWidget@@UAEXXZ	public: virtual void __thiscall IGOTankHealthWidget::Draw(void)	shell.o
0x00567420	0x00956920	??0IGOTankLoadingWidget@@QAE@H@Z	public: __thiscall IGOTankLoadingWidget::IGOTankLoadingWidget(int)	shell.o
0x00567450	0x00956950	?Draw@IGOTankLoadingWidget@@UAEXXZ	public: virtual void __thiscall IGOTankLoadingWidget::Draw(void)	shell.o
0x00567500	0x00956A00	??0IGOTankReticleWidget@@QAE@H@Z	public: __thiscall IGOTankReticleWidget::IGOTankReticleWidget(int)	shell.o
0x00567530	0x00956A30	?Draw@IGOTankReticleWidget@@UAEXXZ	public: virtual void __thiscall IGOTankReticleWidget::Draw(void)	shell.o
0x00567630	0x00956B30	??0IGORankWidget@@QAE@H@Z	public: __thiscall IGORankWidget::IGORankWidget(int)	shell.o
0x00567660	0x00956B60	?Update@IGORankWidget@@UAEXM@Z	public: virtual void __thiscall IGORankWidget::Update(float)	shell.o
0x00567760	0x00956C60	?Draw@IGORankWidget@@UAEXXZ	public: virtual void __thiscall IGORankWidget::Draw(void)	shell.o
0x005677A0	0x00956CA0	??0IGOVoteWidget@@QAE@H@Z	public: __thiscall IGOVoteWidget::IGOVoteWidget(int)	shell.o
0x005677D0	0x00956CD0	?Update@IGOVoteWidget@@UAEXM@Z	public: virtual void __thiscall IGOVoteWidget::Update(float)	shell.o
0x005677F0	0x00956CF0	?Draw@IGOVoteWidget@@UAEXXZ	public: virtual void __thiscall IGOVoteWidget::Draw(void)	shell.o
0x00567820	0x00956D20	??0IGOSpecialWeaponWidget@@QAE@H@Z	public: __thiscall IGOSpecialWeaponWidget::IGOSpecialWeaponWidget(int)	shell.o
0x00567860	0x00956D60	?Update@IGOSpecialWeaponWidget@@UAEXM@Z	public: virtual void __thiscall IGOSpecialWeaponWidget::Update(float)	shell.o
0x005679F0	0x00956EF0	??0IGOWarStatusWidget@@QAE@H@Z	public: __thiscall IGOWarStatusWidget::IGOWarStatusWidget(int)	shell.o
0x00567A90	0x00956F90	?Update@IGOWarStatusWidget@@UAEXM@Z	public: virtual void __thiscall IGOWarStatusWidget::Update(float)	shell.o
0x00567AA0	0x00956FA0	??0IGOTankIconWidget@@QAE@H@Z	public: __thiscall IGOTankIconWidget::IGOTankIconWidget(int)	shell.o
0x00567B00	0x00957000	?Rotate@IGOTankIconWidget@@QAEXPAVPanelQuad@@M@Z	public: void __thiscall IGOTankIconWidget::Rotate(class PanelQuad *,float)	shell.o
0x00567BE0	0x009570E0	?Draw@IGOTankIconWidget@@UAEXXZ	public: virtual void __thiscall IGOTankIconWidget::Draw(void)	shell.o
0x00567CC0	0x009571C0	?GetVehicleIndex@IGOTankIconWidget@@QBEHPAUscr_vehicle_t@@@Z	public: int __thiscall IGOTankIconWidget::GetVehicleIndex(struct scr_vehicle_t *)const 	shell.o
0x00567CF0	0x009571F0	??1IGOCompassWidget@@UAE@XZ	public: virtual __thiscall IGOCompassWidget::~IGOCompassWidget(void)	shell.o
0x00567D00	0x00957200	?Draw3DObjective@IGOCompassWidget@@QAEXH@Z	public: void __thiscall IGOCompassWidget::Draw3DObjective(int)	shell.o
0x00567F80	0x00957480	?Draw3DObjectiveLocations@IGOCompassWidget@@QAEXXZ	public: void __thiscall IGOCompassWidget::Draw3DObjectiveLocations(void)	shell.o
0x00567FE0	0x009574E0	?UpdateCompassDial@IGOCompassWidget@@AAEXXZ	private: void __thiscall IGOCompassWidget::UpdateCompassDial(void)	shell.o
0x005680D0	0x009575D0	?UpdateCompassFrame@IGOCompassWidget@@AAEXXZ	private: void __thiscall IGOCompassWidget::UpdateCompassFrame(void)	shell.o
0x00568250	0x00957750	?DrawEnemies@IGOCompassWidget@@AAEXXZ	private: void __thiscall IGOCompassWidget::DrawEnemies(void)	shell.o
0x00568340	0x00957840	?DrawFriendlies@IGOCompassWidget@@AAEXXZ	private: void __thiscall IGOCompassWidget::DrawFriendlies(void)	shell.o
0x00568440	0x00957940	?DrawTanks@IGOCompassWidget@@AAEXXZ	private: void __thiscall IGOCompassWidget::DrawTanks(void)	shell.o
0x00568540	0x00957A40	?DrawObjectives@IGOCompassWidget@@AAEXXZ	private: void __thiscall IGOCompassWidget::DrawObjectives(void)	shell.o
0x00568660	0x00957B60	?CalculateRing@IGOCompassWidget@@AAEXPAVIGOMapObject@@M@Z	private: void __thiscall IGOCompassWidget::CalculateRing(class IGOMapObject *,float)	shell.o
0x00568850	0x00957D50	?SetHideCompassStar@IGOCompassWidget@@QAEXHH@Z	public: void __thiscall IGOCompassWidget::SetHideCompassStar(int,int)	shell.o
0x00568870	0x00957D70	?IsCompassStarHidden@IGOCompassWidget@@QAEHH@Z	public: int __thiscall IGOCompassWidget::IsCompassStarHidden(int)	shell.o
0x005688A0	0x00957DA0	?SetHideUpdatedText@IGOCompassWidget@@QAEXHH@Z	public: void __thiscall IGOCompassWidget::SetHideUpdatedText(int,int)	shell.o
0x005688C0	0x00957DC0	?IsUpdatedTextHidden@IGOCompassWidget@@QAEHH@Z	public: int __thiscall IGOCompassWidget::IsUpdatedTextHidden(int)	shell.o
0x005688F0	0x00957DF0	?ObjectiveStateIndexFromString@IGOCompassWidget@@SAHPBD@Z	public: static int __cdecl IGOCompassWidget::ObjectiveStateIndexFromString(char const *)	shell.o
0x005689A0	0x00957EA0	?UpdateVehcile@IGOCompassWidget@@AAEXXZ	private: void __thiscall IGOCompassWidget::UpdateVehcile(void)	shell.o
0x005689B0	0x00957EB0	??0IGOJeepMapWidget@@QAE@H@Z	public: __thiscall IGOJeepMapWidget::IGOJeepMapWidget(int)	shell.o
0x005689E0	0x00957EE0	?SetLevelMap@IGOJeepMapWidget@@QAEXHW4TPakId@@@Z	public: void __thiscall IGOJeepMapWidget::SetLevelMap(int,enum TPakId)	shell.o
0x00568A90	0x00957F90	?WithinMap@IGOJeepMapWidget@@AAEXMMAAM0@Z	private: void __thiscall IGOJeepMapWidget::WithinMap(float,float,float &,float &)	shell.o
0x00568AD0	0x00957FD0	?Draw@IGOJeepMapWidget@@UAEXXZ	public: virtual void __thiscall IGOJeepMapWidget::Draw(void)	shell.o
0x00568AF0	0x00957FF0	??0IGOHintWidget@@QAE@H@Z	public: __thiscall IGOHintWidget::IGOHintWidget(int)	shell.o
0x00568B50	0x00958050	?Draw@IGOHintWidget@@UAEXXZ	public: virtual void __thiscall IGOHintWidget::Draw(void)	shell.o
0x00568BA0	0x009580A0	??1IGOGrenadeIndicator@@UAE@XZ	public: virtual __thiscall IGOGrenadeIndicator::~IGOGrenadeIndicator(void)	shell.o
0x00568C30	0x00958130	?ValidHudGrenade@IGOGrenadeIndicator@@ABE_NPBVEntity@@MAAY02MAAM@Z	private: bool __thiscall IGOGrenadeIndicator::ValidHudGrenade(class Entity const *,float,float (&)[3],float &)const 	shell.o
0x00568D70	0x00958270	?CalcGrenadeAlpha@IGOGrenadeIndicator@@ABEMMMM@Z	private: float __thiscall IGOGrenadeIndicator::CalcGrenadeAlpha(float,float,float)const 	shell.o
0x00568DE0	0x009582E0	?DrawGrenadeIcon@IGOGrenadeIndicator@@ABEXMMM@Z	private: void __thiscall IGOGrenadeIndicator::DrawGrenadeIcon(float,float,float)const 	shell.o
0x00568E80	0x00958380	?DrawGrenadeArrow@IGOGrenadeIndicator@@ABEXMMMM@Z	private: void __thiscall IGOGrenadeIndicator::DrawGrenadeArrow(float,float,float,float)const 	shell.o
0x00568F50	0x00958450	?CanBePickUp@IGOGrenadeIndicator@@QAE_NXZ	public: bool __thiscall IGOGrenadeIndicator::CanBePickUp(void)	shell.o
0x00568F60	0x00958460	?SetDefaultIcon@IGOGrenadeIndicator@@QAEXXZ	public: void __thiscall IGOGrenadeIndicator::SetDefaultIcon(void)	shell.o
0x00568F70	0x00958470	??0IGOHeadIcons@@QAE@H@Z	public: __thiscall IGOHeadIcons::IGOHeadIcons(int)	shell.o
0x00568F90	0x00958490	??1IGOHeadIcons@@UAE@XZ	public: virtual __thiscall IGOHeadIcons::~IGOHeadIcons(void)	shell.o
0x00568FA0	0x009584A0	??0IGORowboatWidget@@QAE@XZ	public: __thiscall IGORowboatWidget::IGORowboatWidget(void)	shell.o
0x00568FD0	0x009584D0	?Update@IGORowboatWidget@@UAEXM@Z	public: virtual void __thiscall IGORowboatWidget::Update(float)	shell.o
0x00569180	0x00958680	?Draw@IGORowboatWidget@@UAEXXZ	public: virtual void __thiscall IGORowboatWidget::Draw(void)	shell.o
0x005691B0	0x009586B0	??0IGOItemIcons@@QAE@H@Z	public: __thiscall IGOItemIcons::IGOItemIcons(int)	shell.o
0x005691D0	0x009586D0	??1IGOItemIcons@@UAE@XZ	public: virtual __thiscall IGOItemIcons::~IGOItemIcons(void)	shell.o
0x005691E0	0x009586E0	?Update@IGOItemIcons@@UAEXM@Z	public: virtual void __thiscall IGOItemIcons::Update(float)	shell.o
0x005691F0	0x009586F0	?Draw@IGOItemIcons@@AAEXPAVEntity@@ABVPosition3@math@@H@Z	private: void __thiscall IGOItemIcons::Draw(class Entity *,class math::Position3 const &,int)	shell.o
0x00569530	0x00958A30	?Draw@IGOItemIcons@@UAEXXZ	public: virtual void __thiscall IGOItemIcons::Draw(void)	shell.o
0x005696B0	0x00958BB0	?Draw@IGOVoipList@@UAEXXZ	public: virtual void __thiscall IGOVoipList::Draw(void)	shell.o
0x005696D0	0x00958BD0	??0PanelQuadSection@@QAE@XZ	public: __thiscall PanelQuadSection::PanelQuadSection(void)	shell.o
0x005696F0	0x00958BF0	?SetInitialXY@PanelQuadSection@@QAEXQAUvector@Broc@@@Z	public: void __thiscall PanelQuadSection::SetInitialXY(struct Broc::vector * const)	shell.o
0x00569720	0x00958C20	?SetXYInitialToCurrentPos@PanelQuadSection@@QAEXXZ	public: void __thiscall PanelQuadSection::SetXYInitialToCurrentPos(void)	shell.o
0x00569750	0x00958C50	?Rotate@PanelQuadSection@@QAEXMMM@Z	public: void __thiscall PanelQuadSection::Rotate(float,float,float)	shell.o
0x005697E0	0x00958CE0	?Scale@PanelQuadSection@@QAEXMMMM@Z	public: void __thiscall PanelQuadSection::Scale(float,float,float,float)	shell.o
0x005698B0	0x00958DB0	?ScaleAbsoluteCenter@PanelQuadSection@@QAEXMMMM@Z	public: void __thiscall PanelQuadSection::ScaleAbsoluteCenter(float,float,float,float)	shell.o
0x00569AB0	0x00958FB0	?SetColorVert@PanelQuadSection@@QAEXHVcolor32@@@Z	public: void __thiscall PanelQuadSection::SetColorVert(int,class color32)	shell.o
0x00569AF0	0x00958FF0	?SetUV@PanelQuadSection@@QAEXQAM0@Z	public: void __thiscall PanelQuadSection::SetUV(float * const,float * const)	shell.o
0x00569B30	0x00959030	?SetUV@PanelQuadSection@@QAEXQAUvector@Broc@@@Z	public: void __thiscall PanelQuadSection::SetUV(struct Broc::vector * const)	shell.o
0x00569B70	0x00959070	?SetPos@PanelQuadSection@@QAEXQAM0@Z	public: void __thiscall PanelQuadSection::SetPos(float * const,float * const)	shell.o
0x00569BB0	0x009590B0	?SetPos@PanelQuadSection@@QAEXQAUvector@Broc@@@Z	public: void __thiscall PanelQuadSection::SetPos(struct Broc::vector * const)	shell.o
0x00569BF0	0x009590F0	?ResetToInitialXY@PanelQuadSection@@QAEXXZ	public: void __thiscall PanelQuadSection::ResetToInitialXY(void)	shell.o
0x00569C60	0x00959160	?GetMax@PanelQuadSection@@QAE?AUvector@Broc@@XZ	public: struct Broc::vector __thiscall PanelQuadSection::GetMax(void)	shell.o
0x00569D00	0x00959200	?GetMin@PanelQuadSection@@QAE?AUvector@Broc@@XZ	public: struct Broc::vector __thiscall PanelQuadSection::GetMin(void)	shell.o
0x00569DA0	0x009592A0	?GetInitialMax@PanelQuadSection@@QAE?AUvector@Broc@@XZ	public: struct Broc::vector __thiscall PanelQuadSection::GetInitialMax(void)	shell.o
0x00569E50	0x00959350	?GetInitialMin@PanelQuadSection@@QAE?AUvector@Broc@@XZ	public: struct Broc::vector __thiscall PanelQuadSection::GetInitialMin(void)	shell.o
0x00569F00	0x00959400	?GetMaxUV@PanelQuadSection@@QAE?AUvector@Broc@@XZ	public: struct Broc::vector __thiscall PanelQuadSection::GetMaxUV(void)	shell.o
0x00569FB0	0x009594B0	?GetMinUV@PanelQuadSection@@QAE?AUvector@Broc@@XZ	public: struct Broc::vector __thiscall PanelQuadSection::GetMinUV(void)	shell.o
0x0056A050	0x00959550	?Shift@PanelQuadSection@@QAEXMM@Z	public: void __thiscall PanelQuadSection::Shift(float,float)	shell.o
0x0056A0E0	0x009595E0	?ShiftXYInitial@PanelQuadSection@@QAEXMM@Z	public: void __thiscall PanelQuadSection::ShiftXYInitial(float,float)	shell.o
0x0056A130	0x00959630	?Animate@PanelQuadSection@@QAEXPAVMat43@math@@M_N@Z	public: void __thiscall PanelQuadSection::Animate(class math::Mat43 *,float,bool)	shell.o
0x0056A280	0x00959780	?Fatten@PanelQuadSection@@QAEXMM@Z	public: void __thiscall PanelQuadSection::Fatten(float,float)	shell.o
0x0056A2F0	0x009597F0	?Draw@PanelQuadSection@@QAEXII@Z	public: void __thiscall PanelQuadSection::Draw(unsigned int,unsigned int)	shell.o
0x0056A3B0	0x009598B0	?FormatForSplitScreen@PanelQuadSection@@QAEXHH@Z	public: void __thiscall PanelQuadSection::FormatForSplitScreen(int,int)	shell.o
0x0056A690	0x00959B90	?MoveForSplitScreen@PanelQuadSection@@QAEXHH@Z	public: void __thiscall PanelQuadSection::MoveForSplitScreen(int,int)	shell.o
0x0056A810	0x00959D10	?CopyFrom@PanelQuadSection@@QAEXPAV1@@Z	public: void __thiscall PanelQuadSection::CopyFrom(class PanelQuadSection *)	shell.o
0x0056A8A0	0x00959DA0	?LocalizedGetTexture@@YAPAUnglTexture@@PBD@Z	struct nglTexture * __cdecl LocalizedGetTexture(char const *)	shell.o
0x0056A9A0	0x00959EA0	?MultiplyColors@@YA?AVcolor32@@V1@0@Z	class color32 __cdecl MultiplyColors(class color32,class color32)	shell.o
0x0056AA40	0x00959F40	?CountSharedVertices@@YAHPAFHHPAH@Z	int __cdecl CountSharedVertices(short *,int,int,int *)	shell.o
0x0056AB10	0x0095A010	?evenly_divides@@YA_NMM@Z	bool __cdecl evenly_divides(float,float)	shell.o
0x0056AB40	0x0095A040	?round_to_nearest_halfpi@@YAHM@Z	int __cdecl round_to_nearest_halfpi(float)	shell.o
0x0056AB80	0x0095A080	?SetBlend@PanelQuad@@QAEXI@Z	public: void __thiscall PanelQuad::SetBlend(unsigned int)	shell.o
0x0056AB90	0x0095A090	?SetMaterialFlags@PanelQuad@@UAEXI@Z	public: virtual void __thiscall PanelQuad::SetMaterialFlags(unsigned int)	shell.o
0x0056ABA0	0x0095A0A0	?SetPos@PanelQuad@@UAEXMMMM@Z	public: virtual void __thiscall PanelQuad::SetPos(float,float,float,float)	shell.o
0x0056AC00	0x0095A100	?FattenMeForPS2@PanelQuad@@QAEXXZ	public: void __thiscall PanelQuad::FattenMeForPS2(void)	shell.o
0x0056AC10	0x0095A110	?FattenMeForGC@PanelQuad@@QAEXXZ	public: void __thiscall PanelQuad::FattenMeForGC(void)	shell.o
0x0056AC20	0x0095A120	?FormatHUDForSplitScreen@PanelQuad@@QAEXHHHMM@Z	public: void __thiscall PanelQuad::FormatHUDForSplitScreen(int,int,int,float,float)	shell.o
0x0056AD40	0x0095A240	?UpdateInScene@FloatingPQ@@UAEXXZ	public: virtual void __thiscall FloatingPQ::UpdateInScene(void)	shell.o
0x0056ADC0	0x0095A2C0	?PreMashFixup@PanelFile@@QAEXXZ	public: void __thiscall PanelFile::PreMashFixup(void)	shell.o
0x0056ADD0	0x0095A2D0	?ConvertTextColor@@YA?AVcolor32@@I@Z	class color32 __cdecl ConvertTextColor(unsigned int)	shell.o
0x0056AE00	0x0095A300	?ReadColor@@YA?AVcolor32@@PAEAAH@Z	class color32 __cdecl ReadColor(unsigned char *,int &)	shell.o
0x0056AE40	0x0095A340	?ReadLong@@YAIPAEAAH@Z	unsigned int __cdecl ReadLong(unsigned char *,int &)	shell.o
0x0056AE80	0x0095A380	?ReadChar@@YAEPAEAAH@Z	unsigned char __cdecl ReadChar(unsigned char *,int &)	shell.o
0x0056AEA0	0x0095A3A0	?ReadFloat@@YAMPAEAAH@Z	float __cdecl ReadFloat(unsigned char *,int &)	shell.o
0x0056AEE0	0x0095A3E0	?ReadShort@@YAFPAEAAH@Z	short __cdecl ReadShort(unsigned char *,int &)	shell.o
0x0056AF00	0x0095A400	?ReadString@@YAXPAEAAHAAVstring@Broc@@@Z	void __cdecl ReadString(unsigned char *,int &,class Broc::string &)	shell.o
0x0056AF50	0x0095A450	?ReadStringPointer@@YAPADPAEAAH@Z	char * __cdecl ReadStringPointer(unsigned char *,int &)	shell.o
0x0056AFA0	0x0095A4A0	?ReadVector3d@@YAXAAUvector@Broc@@PAEAAH@Z	void __cdecl ReadVector3d(struct Broc::vector &,unsigned char *,int &)	shell.o
0x0056B050	0x0095A550	?ReadVector2d@@YAXAAUvector@Broc@@PAEAAH@Z	void __cdecl ReadVector2d(struct Broc::vector &,unsigned char *,int &)	shell.o
0x0056B0D0	0x0095A5D0	?make_euler@@YAXAAVMat43@math@@ABUvector@Broc@@@Z	void __cdecl make_euler(class math::Mat43 &,struct Broc::vector const &)	shell.o
0x0056B2C0	0x0095A7C0	?make_euler@@YAXAAVMat43@math@@M@Z	void __cdecl make_euler(class math::Mat43 &,float)	shell.o
0x0056B3C0	0x0095A8C0	?eq_to_tolerance@@YA_NMMM@Z	bool __cdecl eq_to_tolerance(float,float,float)	shell.o
0x0056B400	0x0095A900	?ConvertNGLColor@@YA?AVcolor32@@I@Z	class color32 __cdecl ConvertNGLColor(unsigned int)	shell.o
0x0056B430	0x0095A930	?RegisterMovies@movie_manager@@SAXPBUPakInfoNode@@ABUSection@PakHeader@@@Z	public: static void __cdecl movie_manager::RegisterMovies(struct PakInfoNode const *,struct PakHeader::Section const &)	shell.o
0x0056B440	0x0095A940	?init_manager@movie_manager@@SAXXZ	public: static void __cdecl movie_manager::init_manager(void)	shell.o
0x0056B450	0x0095A950	?force_exit@movie_manager@@CA_NXZ	private: static bool __cdecl movie_manager::force_exit(void)	shell.o
0x0056B4C0	0x0095A9C0	?init_movie@movie_manager@@CA_NPBD@Z	private: static bool __cdecl movie_manager::init_movie(char const *)	shell.o
0x0056B640	0x0095AB40	?dont_play_movies@movie_manager@@CA_NXZ	private: static bool __cdecl movie_manager::dont_play_movies(void)	shell.o
0x0056B650	0x0095AB50	?set_quad_pos@movie_manager@@SAXMMMM@Z	public: static void __cdecl movie_manager::set_quad_pos(float,float,float,float)	shell.o
0x0056B6A0	0x0095ABA0	?stop@subtitle_manager@@SAXXZ	public: static void __cdecl subtitle_manager::stop(void)	shell.o
0x0056B6B0	0x0095ABB0	?GetCol@subtitle_manager@@SAHH@Z	public: static int __cdecl subtitle_manager::GetCol(int)	shell.o
0x0056B6C0	0x0095ABC0	?GetLevelName@subtitle_manager@@SAPADXZ	public: static char * __cdecl subtitle_manager::GetLevelName(void)	shell.o
0x0056B6E0	0x0095ABE0	?Update@PanelAnimObject@@UAEXM@Z	public: virtual void __thiscall PanelAnimObject::Update(float)	shell.o
0x0056B770	0x0095AC70	?CopyFrom@PanelAnimObject@@UAEXPBV1@@Z	public: virtual void __thiscall PanelAnimObject::CopyFrom(class PanelAnimObject const *)	shell.o
0x0056B7A0	0x0095ACA0	?SetWidescreenAlign@PanelAnimObject@@UAEXF@Z	public: virtual void __thiscall PanelAnimObject::SetWidescreenAlign(short)	shell.o
0x0056B7D0	0x0095ACD0	?SetZvalue@PanelAnimObject@@UAEXMW4panel_layer@@@Z	public: virtual void __thiscall PanelAnimObject::SetZvalue(float,enum panel_layer)	shell.o
0x0056B820	0x0095AD20	?StartFade@PanelAnimObject@@UAEX_N0M@Z	public: virtual void __thiscall PanelAnimObject::StartFade(bool,bool,float)	shell.o
0x0056B8A0	0x0095ADA0	?GetXScalingForWindow@@YAMH@Z	float __cdecl GetXScalingForWindow(int)	shell.o
0x0056B8F0	0x0095ADF0	?GetYScalingForWindow@@YAMH@Z	float __cdecl GetYScalingForWindow(int)	shell.o
0x0056B940	0x0095AE40	??0FETextFlashInfo@@QAE@Vcolor32@@M@Z	public: __thiscall FETextFlashInfo::FETextFlashInfo(class color32,float)	shell.o
0x0056B970	0x0095AE70	?Update@FETextFlashInfo@@QAEXM@Z	public: void __thiscall FETextFlashInfo::Update(float)	shell.o
0x0056B9B0	0x0095AEB0	?GetColor@FETextFlashInfo@@QAE?AVcolor32@@V2@@Z	public: class color32 __thiscall FETextFlashInfo::GetColor(class color32)	shell.o
0x0056BA70	0x0095AF70	?Reset@FETextFlashInfo@@QAEXXZ	public: void __thiscall FETextFlashInfo::Reset(void)	shell.o
0x0056BA80	0x0095AF80	??0FEText@@QAE@W4font_index@@PBDMMHW4panel_layer@@MHHVcolor32@@@Z	public: __thiscall FEText::FEText(enum font_index,char const *,float,float,int,enum panel_layer,float,int,int,class color32)	shell.o
0x0056BCE0	0x0095B1E0	??1FEText@@UAE@XZ	public: virtual __thiscall FEText::~FEText(void)	shell.o
0x0056BD50	0x0095B250	?Clone@FEText@@UAEPAV1@XZ	public: virtual class FEText * __thiscall FEText::Clone(void)	shell.o
0x0056BDC0	0x0095B2C0	?CopyFrom@FEText@@UAEXPAV1@@Z	public: virtual void __thiscall FEText::CopyFrom(class FEText *)	shell.o
0x0056BEF0	0x0095B3F0	?Update@FEText@@UAEXM@Z	public: virtual void __thiscall FEText::Update(float)	shell.o
0x0056BFF0	0x0095B4F0	?UpdateForWidescreen@FEText@@UAEX_N@Z	public: virtual void __thiscall FEText::UpdateForWidescreen(bool)	shell.o
0x0056C120	0x0095B620	?UpdateForWidescreen@FEText@@UAEX_NH@Z	public: virtual void __thiscall FEText::UpdateForWidescreen(bool,int)	shell.o
0x0056C250	0x0095B750	?MoveForSplitScreen@FEText@@UAEXHH@Z	public: virtual void __thiscall FEText::MoveForSplitScreen(int,int)	shell.o
0x0056C380	0x0095B880	?UpdateForHUDSplitScreen@FEText@@UAEXHHHMM@Z	public: virtual void __thiscall FEText::UpdateForHUDSplitScreen(int,int,int,float,float)	shell.o
0x0056C4F0	0x0095B9F0	?UpdateForSplitScreen@FEText@@UAEXHH@Z	public: virtual void __thiscall FEText::UpdateForSplitScreen(int,int)	shell.o
0x0056C7F0	0x0095BCF0	?SetHJustify@FEText@@UAEXH@Z	public: virtual void __thiscall FEText::SetHJustify(int)	shell.o
0x0056C830	0x0095BD30	?SetVJustify@FEText@@UAEXH@Z	public: virtual void __thiscall FEText::SetVJustify(int)	shell.o
0x0056C870	0x0095BD70	?SetText@FEText@@UAEXPBD@Z	public: virtual void __thiscall FEText::SetText(char const *)	shell.o
0x0056C900	0x0095BE00	?SetText@FEText@@UAEXI@Z	public: virtual void __thiscall FEText::SetText(unsigned int)	shell.o
0x0056C930	0x0095BE30	?SetNoFlash@FEText@@UAEXVcolor32@@@Z	public: virtual void __thiscall FEText::SetNoFlash(class color32)	shell.o
0x0056C950	0x0095BE50	?SetFlash@FEText@@UAEXVcolor32@@0M@Z	public: virtual void __thiscall FEText::SetFlash(class color32,class color32,float)	shell.o
0x0056C9D0	0x0095BED0	?SetNoColor@FEText@@UAEXXZ	public: virtual void __thiscall FEText::SetNoColor(void)	shell.o
0x0056C9E0	0x0095BEE0	?CreateNGLColorCode@FEText@@SAXVcolor32@@PAD@Z	public: static void __cdecl FEText::CreateNGLColorCode(class color32,char *)	shell.o
0x0056CA30	0x0095BF30	?Animate@FEText@@MAEXPAVMat43@math@@M@Z	protected: virtual void __thiscall FEText::Animate(class math::Mat43 *,float)	shell.o
0x0056CB60	0x0095C060	?AdjustForJustification@FEText@@MAEXAAM0M@Z	protected: virtual void __thiscall FEText::AdjustForJustification(float &,float &,float)	shell.o
0x0056CC40	0x0095C140	??0MultiLineString@@QAE@XZ	public: __thiscall MultiLineString::MultiLineString(void)	shell.o
0x0056CD00	0x0095C200	??1MultiLineString@@QAE@XZ	public: __thiscall MultiLineString::~MultiLineString(void)	shell.o
0x0056CD30	0x0095C230	?CopyFrom@MultiLineString@@QAEXPAV1@@Z	public: void __thiscall MultiLineString::CopyFrom(class MultiLineString *)	shell.o
0x0056CDE0	0x0095C2E0	?AdjustForScale@MultiLineString@@QAEXM@Z	public: void __thiscall MultiLineString::AdjustForScale(float)	shell.o
0x0056CE20	0x0095C320	?CompareButton@@YA_NPBD0PAPBD0AAH@Z	bool __cdecl CompareButton(char const *,char const *,char const * *,char const *,int &)	shell.o
0x0056CEE0	0x0095C3E0	?ConvertStringToButtonCode@MultiLineString@@SAHPBDPAPBDABVstring@Broc@@@Z	public: static int __cdecl MultiLineString::ConvertStringToButtonCode(char const *,char const * *,class Broc::string const &)	shell.o
0x0056D180	0x0095C680	?CopyFrom@FEMultiLineText@@QAEXPAV1@@Z	public: void __thiscall FEMultiLineText::CopyFrom(class FEMultiLineText *)	shell.o
0x0056D2F0	0x0095C7F0	?Draw@FEMultiLineText@@UAEX_N@Z	public: virtual void __thiscall FEMultiLineText::Draw(bool)	shell.o
0x0056D340	0x0095C840	?GetWidth@FEMultiLineText@@UAEMXZ	public: virtual float __thiscall FEMultiLineText::GetWidth(void)	shell.o
0x0056D380	0x0095C880	?AddFont@FEMultiLineText@@UAEXHW4font_index@@@Z	public: virtual void __thiscall FEMultiLineText::AddFont(int,enum font_index)	shell.o
0x0056D3F0	0x0095C8F0	?SetFont@FEMultiLineText@@UAEXW4font_index@@@Z	public: virtual void __thiscall FEMultiLineText::SetFont(enum font_index)	shell.o
0x0056D430	0x0095C930	?Shift@FEMultiLineText@@UAEXMM@Z	public: virtual void __thiscall FEMultiLineText::Shift(float,float)	shell.o
0x0056D4A0	0x0095C9A0	?Scroll@FEMultiLineText@@UAEXM@Z	public: virtual void __thiscall FEMultiLineText::Scroll(float)	shell.o
0x0056D5B0	0x0095CAB0	?SetScrollable@FEMultiLineText@@UAEXH_N@Z	public: virtual void __thiscall FEMultiLineText::SetScrollable(int,bool)	shell.o
0x0056D630	0x0095CB30	?GetPercentage@FEMultiLineText@@UAEMXZ	public: virtual float __thiscall FEMultiLineText::GetPercentage(void)	shell.o
0x0056D6D0	0x0095CBD0	?SetNumLines@FEMultiLineText@@UAEXH@Z	public: virtual void __thiscall FEMultiLineText::SetNumLines(int)	shell.o
0x0056D7E0	0x0095CCE0	?SetText@FEMultiLineText@@UAEXPBD@Z	public: virtual void __thiscall FEMultiLineText::SetText(char const *)	shell.o
0x0056D820	0x0095CD20	?SetText@FEMultiLineText@@UAEXI@Z	public: virtual void __thiscall FEMultiLineText::SetText(unsigned int)	shell.o
0x0056D850	0x0095CD50	?ConvertActionToButton@FEMultiLineText@@UAEPBDPBD@Z	public: virtual char const * __thiscall FEMultiLineText::ConvertActionToButton(char const *)	shell.o
0x0056DA80	0x0095CF80	?UpdateForWidescreen@FEMultiLineText@@UAEX_N@Z	public: virtual void __thiscall FEMultiLineText::UpdateForWidescreen(bool)	shell.o
0x0056DBA0	0x0095D0A0	?UpdateForSplitScreen@FEMultiLineText@@UAEXHH@Z	public: virtual void __thiscall FEMultiLineText::UpdateForSplitScreen(int,int)	shell.o
0x0056DCB0	0x0095D1B0	?TranslateAction@FEMultiLineText@@UAEPBDPBD@Z	public: virtual char const * __thiscall FEMultiLineText::TranslateAction(char const *)	shell.o
0x0056E5A0	0x0095DAA0	?SetTextBox@FEMultiLineText@@UAEXPBDHM@Z	public: virtual void __thiscall FEMultiLineText::SetTextBox(char const *,int,float)	shell.o
0x0056E600	0x0095DB00	?CheckIfNotTooLong@FEMultiLineText@@AAE_NH@Z	private: bool __thiscall FEMultiLineText::CheckIfNotTooLong(int)	shell.o
0x0056E670	0x0095DB70	?ReplaceEndlines@FEMultiLineText@@SA?AVstring@Broc@@V23@@Z	public: static class Broc::string __cdecl FEMultiLineText::ReplaceEndlines(class Broc::string)	shell.o
0x0056E720	0x0095DC20	??0InGameOptionsMenu@@QAE@PAVFEMenuSystem@@@Z	public: __thiscall InGameOptionsMenu::InGameOptionsMenu(class FEMenuSystem *)	shell.o
0x0056E7F0	0x0095DCF0	??1InGameOptionsMenu@@UAE@XZ	public: virtual __thiscall InGameOptionsMenu::~InGameOptionsMenu(void)	shell.o
0x0056E850	0x0095DD50	?Init@InGameOptionsMenu@@UAEXXZ	public: virtual void __thiscall InGameOptionsMenu::Init(void)	shell.o
0x0056E860	0x0095DD60	?OnActivate@InGameOptionsMenu@@UAEXXZ	public: virtual void __thiscall InGameOptionsMenu::OnActivate(void)	shell.o
0x0056EA30	0x0095DF30	?Draw@InGameOptionsMenu@@UAEXXZ	public: virtual void __thiscall InGameOptionsMenu::Draw(void)	shell.o
0x0056EA40	0x0095DF40	?ButtonHeldAction@InGameOptionsMenu@@UAEXXZ	public: virtual void __thiscall InGameOptionsMenu::ButtonHeldAction(void)	shell.o
0x0056EAB0	0x0095DFB0	?UpdateScrollBar@InGameOptionsMenu@@IAEXXZ	protected: void __thiscall InGameOptionsMenu::UpdateScrollBar(void)	shell.o
0x0056EB10	0x0095E010	?Me@InGameOptionsMenu@@SAPAV1@H@Z	public: static class InGameOptionsMenu * __cdecl InGameOptionsMenu::Me(int)	shell.o
0x0056EB30	0x0095E030	?OnCross@InGameOptionsMenu@@UAEXH@Z	public: virtual void __thiscall InGameOptionsMenu::OnCross(int)	shell.o
0x0056EBE0	0x0095E0E0	?OnStart@InGameOptionsMenu@@UAEXH@Z	public: virtual void __thiscall InGameOptionsMenu::OnStart(int)	shell.o
0x0056EBF0	0x0095E0F0	?ResponseYesApplyNowHelper@InGameOptionsMenu@@IAE_NXZ	protected: bool __thiscall InGameOptionsMenu::ResponseYesApplyNowHelper(void)	shell.o
0x0056EEB0	0x0095E3B0	?ResponseNoJustGoBackToPauseMenuHelper@InGameOptionsMenu@@IAE_NXZ	protected: bool __thiscall InGameOptionsMenu::ResponseNoJustGoBackToPauseMenuHelper(void)	shell.o
0x0056EEC0	0x0095E3C0	?ResponseYesApplyNow@InGameOptionsMenu@@KA_NH@Z	protected: static bool __cdecl InGameOptionsMenu::ResponseYesApplyNow(int)	shell.o
0x0056EEE0	0x0095E3E0	?ResponseNoJustGoBackToPauseMenu@InGameOptionsMenu@@KA_NH@Z	protected: static bool __cdecl InGameOptionsMenu::ResponseNoJustGoBackToPauseMenu(int)	shell.o
0x0056EF10	0x0095E410	??0AARInGameOptionsMenu@@QAE@PAVFEMenuSystem@@@Z	public: __thiscall AARInGameOptionsMenu::AARInGameOptionsMenu(class FEMenuSystem *)	shell.o
0x0056EF70	0x0095E470	??0AARInGameOptionsMenu@@AAE@ABV0@@Z	private: __thiscall AARInGameOptionsMenu::AARInGameOptionsMenu(class AARInGameOptionsMenu const &)	shell.o
0x0056EFF0	0x0095E4F0	??1AARInGameOptionsMenu@@UAE@XZ	public: virtual __thiscall AARInGameOptionsMenu::~AARInGameOptionsMenu(void)	shell.o
0x0056F000	0x0095E500	?Me@AARInGameOptionsMenu@@SAPAV1@H@Z	public: static class AARInGameOptionsMenu * __cdecl AARInGameOptionsMenu::Me(int)	shell.o
0x0056F010	0x0095E510	?ResponseAARYesApplyNow@AARInGameOptionsMenu@@SA_NH@Z	public: static bool __cdecl AARInGameOptionsMenu::ResponseAARYesApplyNow(int)	shell.o
0x0056F020	0x0095E520	?ResponseAARNoJustGoBackToPauseMenu@AARInGameOptionsMenu@@SA_NH@Z	public: static bool __cdecl AARInGameOptionsMenu::ResponseAARNoJustGoBackToPauseMenu(int)	shell.o
0x0056F040	0x0095E540	??1FEManager@@UAE@XZ	public: virtual __thiscall FEManager::~FEManager(void)	shell.o
0x0056F0C0	0x0095E5C0	?LoadFonts@FEManager@@QAEXXZ	public: void __thiscall FEManager::LoadFonts(void)	shell.o
0x0056F0D0	0x0095E5D0	?ReleaseFonts@FEManager@@QAEXXZ	public: void __thiscall FEManager::ReleaseFonts(void)	shell.o
0x0056F0E0	0x0095E5E0	?ReleaseFont@FEManager@@QAEXW4font_index@@@Z	public: void __thiscall FEManager::ReleaseFont(enum font_index)	shell.o
0x0056F0F0	0x0095E5F0	?UpdateFrontEnd@FEManager@@QAEXM@Z	public: void __thiscall FEManager::UpdateFrontEnd(float)	shell.o
0x0056F1B0	0x0095E6B0	?UpdateAARMenus@FEManager@@QAEXM@Z	public: void __thiscall FEManager::UpdateAARMenus(float)	shell.o
0x0056F230	0x0095E730	?UpdateInGameMenus@FEManager@@QAEXM@Z	public: void __thiscall FEManager::UpdateInGameMenus(float)	shell.o
0x0056F280	0x0095E780	?DrawIGO@FEManager@@QAEXH@Z	public: void __thiscall FEManager::DrawIGO(int)	shell.o
0x0056F330	0x0095E830	?Draw3DWorldSpace@FEManager@@QAEXXZ	public: void __thiscall FEManager::Draw3DWorldSpace(void)	shell.o
0x0056F380	0x0095E880	?AsciiToUnicode@@YAXPADPAG@Z	void __cdecl AsciiToUnicode(char *,unsigned short *)	shell.o
0x0056F3B0	0x0095E8B0	?DrawLoadingDots@FEManager@@QAEXXZ	public: void __thiscall FEManager::DrawLoadingDots(void)	shell.o
0x0056F3C0	0x0095E8C0	?GetXboxLanguage@@YAXXZ	void __cdecl GetXboxLanguage(void)	shell.o
0x0056F440	0x0095E940	?DrawDebugDiscError@FEManager@@QAEXXZ	public: void __thiscall FEManager::DrawDebugDiscError(void)	shell.o
0x0056F5F0	0x0095EAF0	?PlayFadeInOranScreen@FEManager@@QAEXXZ	public: void __thiscall FEManager::PlayFadeInOranScreen(void)	shell.o
0x0056F820	0x0095ED20	?DrawFrontEnd@FEManager@@QAEXXZ	public: void __thiscall FEManager::DrawFrontEnd(void)	shell.o
0x0056F8A0	0x0095EDA0	?DrawInGameMenus@FEManager@@QAEXXZ	public: void __thiscall FEManager::DrawInGameMenus(void)	shell.o
0x0056F980	0x0095EE80	?DrawAARMenus@FEManager@@QAEXXZ	public: void __thiscall FEManager::DrawAARMenus(void)	shell.o
0x0056FA20	0x0095EF20	?PrepareLoadingMenus@FEManager@@QAEXXZ	public: void __thiscall FEManager::PrepareLoadingMenus(void)	shell.o
0x0056FA30	0x0095EF30	?ReleaseInGameMenus@FEManager@@QAEXXZ	public: void __thiscall FEManager::ReleaseInGameMenus(void)	shell.o
0x0056FA70	0x0095EF70	?GetFont@FEManager@@QAEPAVnglFont@@W4font_index@@@Z	public: class nglFont * __thiscall FEManager::GetFont(enum font_index)	shell.o
0x0056FAE0	0x0095EFE0	?UpdateSplitScreen@FEManager@@QAEXXZ	public: void __thiscall FEManager::UpdateSplitScreen(void)	shell.o
0x0056FB10	0x0095F010	?GetInfo@FEMenuColorScheme@@SA_NDAAVcolor32@@00@Z	public: static bool __cdecl FEMenuColorScheme::GetInfo(char,class color32 &,class color32 &,class color32 &)	shell.o
0x0056FB50	0x0095F050	?GetInfo@FEMenuColorScheme@@SA_NDAAVcolor32@@0@Z	public: static bool __cdecl FEMenuColorScheme::GetInfo(char,class color32 &,class color32 &)	shell.o
0x0056FB80	0x0095F080	?GetSchemeFromText@FEMenuColorScheme@@SAHAAVstring@Broc@@@Z	public: static int __cdecl FEMenuColorScheme::GetSchemeFromText(class Broc::string &)	shell.o
0x0056FBC0	0x0095F0C0	?CommonConstructor@FEMenuEntry@@QAEXPAVFEText@@PAVFEMenu@@@Z	public: void __thiscall FEMenuEntry::CommonConstructor(class FEText *,class FEMenu *)	shell.o
0x0056FC20	0x0095F120	?CopyFrom@FEMenuEntry@@UAEXPAVFEText@@@Z	public: virtual void __thiscall FEMenuEntry::CopyFrom(class FEText *)	shell.o
0x0056FC30	0x0095F130	?SetText@FEMenuEntry@@UAEXPAVFEText@@@Z	public: virtual void __thiscall FEMenuEntry::SetText(class FEText *)	shell.o
0x0056FC40	0x0095F140	?Highlight@FEMenuEntry@@UAEX_N0@Z	public: virtual void __thiscall FEMenuEntry::Highlight(bool,bool)	shell.o
0x0056FC70	0x0095F170	?Disable@FEMenuEntry@@UAEX_N@Z	public: virtual void __thiscall FEMenuEntry::Disable(bool)	shell.o
0x0056FC90	0x0095F190	?WithAlpha@FEMenuEntry@@UAE?AVcolor32@@V2@H@Z	public: virtual class color32 __thiscall FEMenuEntry::WithAlpha(class color32,int)	shell.o
0x0056FCB0	0x0095F1B0	?AdjustColor@FEMenuEntry@@UAEXXZ	public: virtual void __thiscall FEMenuEntry::AdjustColor(void)	shell.o
0x0056FCC0	0x0095F1C0	?AdjustColor@FEMenuEntry@@MAEXPAVFEText@@@Z	protected: virtual void __thiscall FEMenuEntry::AdjustColor(class FEText *)	shell.o
0x0056FE70	0x0095F370	?MoveForSplitScreen@FEMenuEntry@@UAEXHH@Z	public: virtual void __thiscall FEMenuEntry::MoveForSplitScreen(int,int)	shell.o
0x0056FE80	0x0095F380	?ConnectEntries@FEMenu@@IAEXF@Z	protected: void __thiscall FEMenu::ConnectEntries(short)	shell.o
0x0056FF00	0x0095F400	?Down@FEMenu@@MAEXXZ	protected: virtual void __thiscall FEMenu::Down(void)	shell.o
0x00570020	0x0095F520	?Up@FEMenu@@MAEXXZ	protected: virtual void __thiscall FEMenu::Up(void)	shell.o
0x00570140	0x0095F640	?Left@FEMenu@@MAEXXZ	protected: virtual void __thiscall FEMenu::Left(void)	shell.o
0x005701E0	0x0095F6E0	?Right@FEMenu@@MAEXXZ	protected: virtual void __thiscall FEMenu::Right(void)	shell.o
0x00570280	0x0095F780	?SetVis@FEMenu@@UAEXH@Z	public: virtual void __thiscall FEMenu::SetVis(int)	shell.o
0x00570350	0x0095F850	?SetVerticalJust@FEMenu@@UAEX_N0@Z	public: virtual void __thiscall FEMenu::SetVerticalJust(bool,bool)	shell.o
0x00570390	0x0095F890	?SetScaleThroughout@FEMenu@@UAEXM@Z	public: virtual void __thiscall FEMenu::SetScaleThroughout(float)	shell.o
0x005703C0	0x0095F8C0	?SetZThroughout@FEMenu@@UAEXMW4panel_layer@@@Z	public: virtual void __thiscall FEMenu::SetZThroughout(float,enum panel_layer)	shell.o
0x00570400	0x0095F900	?Init@FEMenu@@UAEXXZ	public: virtual void __thiscall FEMenu::Init(void)	shell.o
0x00570550	0x0095FA50	?Draw@FEMenu@@UAEXXZ	public: virtual void __thiscall FEMenu::Draw(void)	shell.o
0x00570660	0x0095FB60	?Update@FEMenu@@UAEXM@Z	public: virtual void __thiscall FEMenu::Update(float)	shell.o
0x00570700	0x0095FC00	?HighlightDefault@FEMenu@@UAEXXZ	public: virtual void __thiscall FEMenu::HighlightDefault(void)	shell.o
0x00570750	0x0095FC50	?OnActivate@FEMenu@@UAEXXZ	public: virtual void __thiscall FEMenu::OnActivate(void)	shell.o
0x005707D0	0x0095FCD0	?OnCross@FEMenu@@UAEXH@Z	public: virtual void __thiscall FEMenu::OnCross(int)	shell.o
0x00570810	0x0095FD10	?OnAnyButtonPress@FEMenu@@UAEXHH@Z	public: virtual void __thiscall FEMenu::OnAnyButtonPress(int,int)	shell.o
0x00570850	0x0095FD50	?OnButtonRelease@FEMenu@@UAEXHH@Z	public: virtual void __thiscall FEMenu::OnButtonRelease(int,int)	shell.o
0x00570890	0x0095FD90	?ButtonHeldAction@FEMenu@@MAEXXZ	protected: virtual void __thiscall FEMenu::ButtonHeldAction(void)	shell.o
0x005708C0	0x0095FDC0	?ClearAllButtons@FEMenu@@IAEXXZ	protected: void __thiscall FEMenu::ClearAllButtons(void)	shell.o
0x00570910	0x0095FE10	?ClearButton@FEMenu@@IAEXW4ButtonIndex@controller@@@Z	protected: void __thiscall FEMenu::ClearButton(enum controller::ButtonIndex)	shell.o
0x00570950	0x0095FE50	?ButtonHeldAction@FEMultiMenu@@MAEXXZ	protected: virtual void __thiscall FEMultiMenu::ButtonHeldAction(void)	shell.o
0x005709D0	0x0095FED0	??1FEMenuSystem@@UAE@XZ	public: virtual __thiscall FEMenuSystem::~FEMenuSystem(void)	shell.o
0x00570A30	0x0095FF30	?Add@FEMenuSystem@@UAEXPAVFEMenu@@@Z	public: virtual void __thiscall FEMenuSystem::Add(class FEMenu *)	shell.o
0x00570AA0	0x0095FFA0	?InitAll@FEMenuSystem@@UAEXXZ	public: virtual void __thiscall FEMenuSystem::InitAll(void)	shell.o
0x00570AD0	0x0095FFD0	?ReturnToPreviousMenu@FEMenuSystem@@UAEXH@Z	public: virtual void __thiscall FEMenuSystem::ReturnToPreviousMenu(int)	shell.o
0x00570B20	0x00960020	?MakeActive@FEMenuSystem@@UAEXH@Z	public: virtual void __thiscall FEMenuSystem::MakeActive(int)	shell.o
0x00570B40	0x00960040	?MakeActiveAndReturn@FEMenuSystem@@UAEXH@Z	public: virtual void __thiscall FEMenuSystem::MakeActiveAndReturn(int)	shell.o
0x00570B80	0x00960080	?MakeActiveAndReturn@FEMenuSystem@@UAEXHH@Z	public: virtual void __thiscall FEMenuSystem::MakeActiveAndReturn(int,int)	shell.o
0x00570BC0	0x009600C0	?IsMenuActive@FEMenuSystem@@UAE_NH@Z	public: virtual bool __thiscall FEMenuSystem::IsMenuActive(int)	shell.o
0x00570BE0	0x009600E0	?ClearReturnMenu@FEMenuSystem@@UAEXH@Z	public: virtual void __thiscall FEMenuSystem::ClearReturnMenu(int)	shell.o
0x00570C00	0x00960100	?AddOverlay@FEMenuSystem@@UAEXH@Z	public: virtual void __thiscall FEMenuSystem::AddOverlay(int)	shell.o
0x00570D00	0x00960200	?RemoveOverlay@FEMenuSystem@@UAEXXZ	public: virtual void __thiscall FEMenuSystem::RemoveOverlay(void)	shell.o
0x00570DC0	0x009602C0	?CurrentOverlay@FEMenuSystem@@QAEHXZ	public: int __thiscall FEMenuSystem::CurrentOverlay(void)	shell.o
0x00570DD0	0x009602D0	?Update@FEMenuSystem@@UAEXM@Z	public: virtual void __thiscall FEMenuSystem::Update(float)	shell.o
0x00570E10	0x00960310	?UpdateSplitScreen@FEMenuSystem@@UAEXXZ	public: virtual void __thiscall FEMenuSystem::UpdateSplitScreen(void)	shell.o
0x00570E40	0x00960340	?UpdateButtonDown@FEMenuSystem@@UAEXXZ	public: virtual void __thiscall FEMenuSystem::UpdateButtonDown(void)	shell.o
0x00570E90	0x00960390	?Draw@FEMenuSystem@@UAEXXZ	public: virtual void __thiscall FEMenuSystem::Draw(void)	shell.o
0x00570ED0	0x009603D0	?Draw3D@FEMenuSystem@@UAEXXZ	public: virtual void __thiscall FEMenuSystem::Draw3D(void)	shell.o
0x00570F10	0x00960410	?OnButtonPress@FEMenuSystem@@MAEXHH@Z	protected: virtual void __thiscall FEMenuSystem::OnButtonPress(int,int)	shell.o
0x005711A0	0x009606A0	?OnButtonRelease@FEMenuSystem@@MAEXHH@Z	protected: virtual void __thiscall FEMenuSystem::OnButtonRelease(int,int)	shell.o
0x005711D0	0x009606D0	?GetAnalogPressed@FEMenuSystem@@MAE_NHPAH@Z	protected: virtual bool __thiscall FEMenuSystem::GetAnalogPressed(int,int *)	shell.o
0x00571300	0x00960800	?GetCurrentClient@FEMenuSystem@@UAEHXZ	public: virtual int __thiscall FEMenuSystem::GetCurrentClient(void)	shell.o
0x00571310	0x00960810	?GetCurrentClientController@FEMenuSystem@@UAEHXZ	public: virtual int __thiscall FEMenuSystem::GetCurrentClientController(void)	shell.o
0x00571320	0x00960820	?GetClientFromController@FEMenuSystem@@MAEHH@Z	protected: virtual int __thiscall FEMenuSystem::GetClientFromController(int)	shell.o
0x00571330	0x00960830	?GetButtonPressed@FEMenuSystem@@MAE_NHPAH@Z	protected: virtual bool __thiscall FEMenuSystem::GetButtonPressed(int,int *)	shell.o
0x00571350	0x00960850	?GetButtonReleased@FEMenuSystem@@MAE_NHPAH@Z	protected: virtual bool __thiscall FEMenuSystem::GetButtonReleased(int,int *)	shell.o
0x00571370	0x00960870	?GetActiveMenu@FEMenuSystem@@UAEHXZ	public: virtual int __thiscall FEMenuSystem::GetActiveMenu(void)	shell.o
0x00571380	0x00960880	?SetActiveMenu@FEMenuSystem@@UAEXH@Z	public: virtual void __thiscall FEMenuSystem::SetActiveMenu(int)	shell.o
0x00571390	0x00960890	?GetStickValueX@FEMenuSystem@@MAEHHPAH@Z	protected: virtual int __thiscall FEMenuSystem::GetStickValueX(int,int *)	shell.o
0x005713B0	0x009608B0	?GetStickValueY@FEMenuSystem@@MAEHHPAH@Z	protected: virtual int __thiscall FEMenuSystem::GetStickValueY(int,int *)	shell.o
0x005713D0	0x009608D0	?mapButton@@YA?AW4ButtonIndex@controller@@H@Z	enum controller::ButtonIndex __cdecl mapButton(int)	shell.o
0x005714F0	0x009609F0	?Draw@FEComboBox@@UAEXXZ	public: virtual void __thiscall FEComboBox::Draw(void)	shell.o
0x00571520	0x00960A20	?SetWidgets@FEComboBox@@QAEXPAVFEText@@0PAVPanelQuad@@1@Z	public: void __thiscall FEComboBox::SetWidgets(class FEText *,class FEText *,class PanelQuad *,class PanelQuad *)	shell.o
0x00571570	0x00960A70	?AddOption@FEComboBox@@QAEXVstring@Broc@@@Z	public: void __thiscall FEComboBox::AddOption(class Broc::string)	shell.o
0x00571660	0x00960B60	?ClearOptions@FEComboBox@@QAEXXZ	public: void __thiscall FEComboBox::ClearOptions(void)	shell.o
0x00571700	0x00960C00	?SetOption@FEComboBox@@QAEXHVstring@Broc@@@Z	public: void __thiscall FEComboBox::SetOption(int,class Broc::string)	shell.o
0x00571810	0x00960D10	?Update@FEComboBox@@UAEXM@Z	public: virtual void __thiscall FEComboBox::Update(float)	shell.o
0x00571950	0x00960E50	?AddOptionNoLocalize@FEComboBox@@QAEXVstring@Broc@@@Z	public: void __thiscall FEComboBox::AddOptionNoLocalize(class Broc::string)	shell.o
0x00571A30	0x00960F30	?SetCurrOption@FEComboBox@@QAEXF@Z	public: void __thiscall FEComboBox::SetCurrOption(short)	shell.o
0x00571A80	0x00960F80	?Highlight@FEComboBox@@UAEX_N0@Z	public: virtual void __thiscall FEComboBox::Highlight(bool,bool)	shell.o
0x00571AC0	0x00960FC0	?MoveForSplitScreen@FEComboBox@@UAEXHH@Z	public: virtual void __thiscall FEComboBox::MoveForSplitScreen(int,int)	shell.o
0x00571B00	0x00961000	?AdjustColor@FEComboBox@@UAEXXZ	public: virtual void __thiscall FEComboBox::AdjustColor(void)	shell.o
0x00571B30	0x00961030	?Draw@FESlider@@UAEXXZ	public: virtual void __thiscall FESlider::Draw(void)	shell.o
0x00571B70	0x00961070	?Update@FESlider@@UAEXM@Z	public: virtual void __thiscall FESlider::Update(float)	shell.o
0x00571BB0	0x009610B0	?SetRange@FESlider@@QAEXHH@Z	public: void __thiscall FESlider::SetRange(int,int)	shell.o
0x00571BD0	0x009610D0	?Highlight@FESlider@@UAEX_N0@Z	public: virtual void __thiscall FESlider::Highlight(bool,bool)	shell.o
0x00571C10	0x00961110	?UpdateWidescreen@FESlider@@UAEX_N@Z	public: virtual void __thiscall FESlider::UpdateWidescreen(bool)	shell.o
0x00571C30	0x00961130	??1FEDoubleEntry@@UAE@XZ	public: virtual __thiscall FEDoubleEntry::~FEDoubleEntry(void)	shell.o
0x00571C50	0x00961150	?Draw@FEDoubleEntry@@UAEXXZ	public: virtual void __thiscall FEDoubleEntry::Draw(void)	shell.o
0x00571C80	0x00961180	?Update@FEDoubleEntry@@UAEXM@Z	public: virtual void __thiscall FEDoubleEntry::Update(float)	shell.o
0x00571CB0	0x009611B0	?Highlight@FEDoubleEntry@@UAEX_N0@Z	public: virtual void __thiscall FEDoubleEntry::Highlight(bool,bool)	shell.o
0x00571CF0	0x009611F0	?MoveForSplitScreen@FEDoubleEntry@@UAEXHH@Z	public: virtual void __thiscall FEDoubleEntry::MoveForSplitScreen(int,int)	shell.o
0x00571D30	0x00961230	?AdjustColor@FEDoubleEntry@@UAEXXZ	public: virtual void __thiscall FEDoubleEntry::AdjustColor(void)	shell.o
0x00571D60	0x00961260	?AddSubItem@FEMenuListBoxItem@@QAE?BIABVstring@Broc@@@Z	public: unsigned int const __thiscall FEMenuListBoxItem::AddSubItem(class Broc::string const &)	shell.o
0x00571D90	0x00961290	?GetSubItem@FEMenuListBoxItem@@QAEABVstring@Broc@@I@Z	public: class Broc::string const & __thiscall FEMenuListBoxItem::GetSubItem(unsigned int)	shell.o
0x00571DF0	0x009612F0	?SetColumnWidth@FEMenuListBox@@QAEXIM@Z	public: void __thiscall FEMenuListBox::SetColumnWidth(unsigned int,float)	shell.o
0x00571E60	0x00961360	?SetColumnHeading@FEMenuListBox@@QAEXIPBD@Z	public: void __thiscall FEMenuListBox::SetColumnHeading(unsigned int,char const *)	shell.o
0x00571ED0	0x009613D0	?Sort@FEMenuListBox@@QAEXI@Z	public: void __thiscall FEMenuListBox::Sort(unsigned int)	shell.o
0x00571EE0	0x009613E0	?FormatForSplitScreen@FEMenuListBox@@QAEXHH@Z	public: void __thiscall FEMenuListBox::FormatForSplitScreen(int,int)	shell.o
0x005721C0	0x009616C0	?SetInitialMenu@FrontEndMenuSystem@@QAEXXZ	public: void __thiscall FrontEndMenuSystem::SetInitialMenu(void)	shell.o
0x005721D0	0x009616D0	?CheckIfSignedInXBox@FrontEndMenuSystem@@QAEXXZ	public: void __thiscall FrontEndMenuSystem::CheckIfSignedInXBox(void)	shell.o
0x00572370	0x00961870	?CheckIfSignedIn@FrontEndMenuSystem@@QAEXXZ	public: void __thiscall FrontEndMenuSystem::CheckIfSignedIn(void)	shell.o
0x00572380	0x00961880	?PlayBGMusic@FrontEndMenuSystem@@QAEXXZ	public: void __thiscall FrontEndMenuSystem::PlayBGMusic(void)	shell.o
0x005723A0	0x009618A0	?PanelFileUnloaded@FrontEndMenuSystem@@UAEXPAVPanelFile@@@Z	public: virtual void __thiscall FrontEndMenuSystem::PanelFileUnloaded(class PanelFile *)	shell.o
0x005723B0	0x009618B0	??0DialogMenuDisplay@@QAE@H@Z	public: __thiscall DialogMenuDisplay::DialogMenuDisplay(int)	shell.o
0x00572400	0x00961900	?SetText@DialogMenuDisplay@@QAEXPBD@Z	public: void __thiscall DialogMenuDisplay::SetText(char const *)	shell.o
0x00572460	0x00961960	?SetTitle@DialogMenuDisplay@@QAEXPBD@Z	public: void __thiscall DialogMenuDisplay::SetTitle(char const *)	shell.o
0x00572480	0x00961980	?OnActivate@DialogMenuDisplay@@QAEXXZ	public: void __thiscall DialogMenuDisplay::OnActivate(void)	shell.o
0x00572490	0x00961990	?Me@DialogMenuDisplay@@SAPAV1@H@Z	public: static class DialogMenuDisplay * __cdecl DialogMenuDisplay::Me(int)	shell.o
0x005724B0	0x009619B0	?AddOption@DialogMenuDisplay@@QAEXPBD@Z	public: void __thiscall DialogMenuDisplay::AddOption(char const *)	shell.o
0x005724D0	0x009619D0	?SetDialogFlash@DialogMenuDisplay@@QAEXH@Z	public: void __thiscall DialogMenuDisplay::SetDialogFlash(int)	shell.o
0x005725D0	0x00961AD0	?Reformat@DialogMenuDisplay@@QAEXXZ	public: void __thiscall DialogMenuDisplay::Reformat(void)	shell.o
0x00572680	0x00961B80	?OnButtonRelease@DialogMenuSystem@@UAEXHH@Z	public: virtual void __thiscall DialogMenuSystem::OnButtonRelease(int,int)	shell.o
0x005726B0	0x00961BB0	?GeneralBringUpStuff@DialogMenuSystem@@QAEX_N@Z	public: void __thiscall DialogMenuSystem::GeneralBringUpStuff(bool)	shell.o
0x00572770	0x00961C70	?SetText@DialogMenuSystem@@QAEXPBD@Z	public: void __thiscall DialogMenuSystem::SetText(char const *)	shell.o
0x00572790	0x00961C90	?CloseDialog@DialogMenuSystem@@QAEXXZ	public: void __thiscall DialogMenuSystem::CloseDialog(void)	shell.o
0x005727E0	0x00961CE0	?OnFinish@DialogMenuSystem@@QAEXXZ	public: void __thiscall DialogMenuSystem::OnFinish(void)	shell.o
0x00572830	0x00961D30	?GetLayer@DialogMenuSystem@@QAEPAVDialogMenu@@_N@Z	public: class DialogMenu * __thiscall DialogMenuSystem::GetLayer(bool)	shell.o
0x00572850	0x00961D50	?UseSmallBackground@DialogMenuSystem@@QAEX_N@Z	public: void __thiscall DialogMenuSystem::UseSmallBackground(bool)	shell.o
0x00572860	0x00961D60	?DefaultNoResponse@DialogMenuSystem@@SA_NH@Z	public: static bool __cdecl DialogMenuSystem::DefaultNoResponse(int)	shell.o
0x00572880	0x00961D80	?OnStart@DialogMenuSystem@@QAEXH@Z	public: void __thiscall DialogMenuSystem::OnStart(int)	shell.o
0x005728B0	0x00961DB0	?GetClientFromController@DialogMenuSystem@@UAEHH@Z	public: virtual int __thiscall DialogMenuSystem::GetClientFromController(int)	shell.o
0x005728E0	0x00961DE0	?GetCurrentClient@DialogMenuSystem@@UAEHXZ	public: virtual int __thiscall DialogMenuSystem::GetCurrentClient(void)	shell.o
0x00572900	0x00961E00	?GetCurrentClientController@DialogMenuSystem@@UAEHXZ	public: virtual int __thiscall DialogMenuSystem::GetCurrentClientController(void)	shell.o
0x00572930	0x00961E30	?GetAnalogPressed@DialogMenuSystem@@UAE_NHPAH@Z	public: virtual bool __thiscall DialogMenuSystem::GetAnalogPressed(int,int *)	shell.o
0x00572A90	0x00961F90	?GetButtonPressed@DialogMenuSystem@@UAE_NHPAH@Z	public: virtual bool __thiscall DialogMenuSystem::GetButtonPressed(int,int *)	shell.o
0x00572B00	0x00962000	?GetStickValueX@DialogMenuSystem@@UAEHHPAH@Z	public: virtual int __thiscall DialogMenuSystem::GetStickValueX(int,int *)	shell.o
0x00572B70	0x00962070	?GetStickValueY@DialogMenuSystem@@UAEHHPAH@Z	public: virtual int __thiscall DialogMenuSystem::GetStickValueY(int,int *)	shell.o
0x00572BE0	0x009620E0	?OnActivate@DialogMenu@@UAEXXZ	public: virtual void __thiscall DialogMenu::OnActivate(void)	shell.o
0x00572BF0	0x009620F0	?Draw@DialogMenu@@UAEXXZ	public: virtual void __thiscall DialogMenu::Draw(void)	shell.o
0x00572C00	0x00962100	?Update@DialogMenu@@UAEXM@Z	public: virtual void __thiscall DialogMenu::Update(float)	shell.o
0x00572C60	0x00962160	?UpdateWidescreen@DialogMenu@@UAEX_N@Z	public: virtual void __thiscall DialogMenu::UpdateWidescreen(bool)	shell.o
0x00572C80	0x00962180	?Select@DialogMenu@@UAEXH@Z	public: virtual void __thiscall DialogMenu::Select(int)	shell.o
0x00572CC0	0x009621C0	?OnTriangle@DialogMenu@@UAEXH@Z	public: virtual void __thiscall DialogMenu::OnTriangle(int)	shell.o
0x00572CF0	0x009621F0	?BringUp@DialogMenu@@QAEXAAVstring@Broc@@0H@Z	public: void __thiscall DialogMenu::BringUp(class Broc::string &,class Broc::string &,int)	shell.o
0x00572EE0	0x009623E0	?AddOption@DialogMenu@@QAEXPBDP6A_NH@Z@Z	public: void __thiscall DialogMenu::AddOption(char const *,bool (__cdecl*)(int))	shell.o
0x00572F40	0x00962440	?Reformat@DialogMenu@@QAEX_NH@Z	public: void __thiscall DialogMenu::Reformat(bool,int)	shell.o
0x00572F60	0x00962460	?CloseOnDelay@DialogMenu@@QAEXHP6AXH@Z@Z	public: void __thiscall DialogMenu::CloseOnDelay(int,void (__cdecl*)(int))	shell.o
0x00572F90	0x00962490	?UpdateSplitScreen@DialogMenu@@UAEXXZ	public: virtual void __thiscall DialogMenu::UpdateSplitScreen(void)	shell.o
0x00572FA0	0x009624A0	?ButtonHeldAction@DialogMenu@@UAEXXZ	public: virtual void __thiscall DialogMenu::ButtonHeldAction(void)	shell.o
0x00572FD0	0x009624D0	?ActivateMenu@InGameMenuSystem@@QAEXH@Z	public: void __thiscall InGameMenuSystem::ActivateMenu(int)	shell.o
0x00573030	0x00962530	?ActivateHotJoinMenu@InGameMenuSystem@@QAEXXZ	public: void __thiscall InGameMenuSystem::ActivateHotJoinMenu(void)	shell.o
0x00573070	0x00962570	?ActivatePauseMenu@InGameMenuSystem@@QAEXXZ	public: void __thiscall InGameMenuSystem::ActivatePauseMenu(void)	shell.o
0x005730C0	0x009625C0	?Draw@InGameMenuSystem@@UAEXXZ	public: virtual void __thiscall InGameMenuSystem::Draw(void)	shell.o
0x00573110	0x00962610	?Update@InGameMenuSystem@@UAEXM@Z	public: virtual void __thiscall InGameMenuSystem::Update(float)	shell.o
0x005731A0	0x009626A0	?GetAnalogPressed@InGameMenuSystem@@UAE_NHPAH@Z	public: virtual bool __thiscall InGameMenuSystem::GetAnalogPressed(int,int *)	shell.o
0x005732D0	0x009627D0	?UpdateSplitScreen@InGameMenuSystem@@UAEXXZ	public: virtual void __thiscall InGameMenuSystem::UpdateSplitScreen(void)	shell.o
0x00573300	0x00962800	?GetButtonPressed@InGameMenuSystem@@UAE_NHPAH@Z	public: virtual bool __thiscall InGameMenuSystem::GetButtonPressed(int,int *)	shell.o
0x00573350	0x00962850	?GetStickValueX@InGameMenuSystem@@UAEHHPAH@Z	public: virtual int __thiscall InGameMenuSystem::GetStickValueX(int,int *)	shell.o
0x005733A0	0x009628A0	?GetStickValueY@InGameMenuSystem@@UAEHHPAH@Z	public: virtual int __thiscall InGameMenuSystem::GetStickValueY(int,int *)	shell.o
0x005733F0	0x009628F0	?GetCurrentClient@InGameMenuSystem@@UAEHXZ	public: virtual int __thiscall InGameMenuSystem::GetCurrentClient(void)	shell.o
0x00573400	0x00962900	?GetCurrentClientController@InGameMenuSystem@@UAEHXZ	public: virtual int __thiscall InGameMenuSystem::GetCurrentClientController(void)	shell.o
0x00573410	0x00962910	?GetClientFromController@InGameMenuSystem@@UAEHH@Z	public: virtual int __thiscall InGameMenuSystem::GetClientFromController(int)	shell.o
0x00573420	0x00962920	?CheckForNoMenus@InGameMenuSystem@@IAEXXZ	protected: void __thiscall InGameMenuSystem::CheckForNoMenus(void)	shell.o
0x00573450	0x00962950	?UpdateWidescreen@InGameMenuSystem@@UAEX_N@Z	public: virtual void __thiscall InGameMenuSystem::UpdateWidescreen(bool)	shell.o
0x00573480	0x00962980	?Me@MemCardCheckMenu@@SAPAV1@XZ	public: static class MemCardCheckMenu * __cdecl MemCardCheckMenu::Me(void)	shell.o
0x00573490	0x00962990	?UpdateWidescreen@MemCardCheckMenu@@UAEX_N@Z	public: virtual void __thiscall MemCardCheckMenu::UpdateWidescreen(bool)	shell.o
0x005734A0	0x009629A0	?Me@OptionsGameplayMenu@@SAPAV1@XZ	public: static class OptionsGameplayMenu * __cdecl OptionsGameplayMenu::Me(void)	shell.o
0x005734B0	0x009629B0	?AdjustOptions@OptionsGameplayMenu@@AAEX_N@Z	private: void __thiscall OptionsGameplayMenu::AdjustOptions(bool)	shell.o
0x00573580	0x00962A80	?OnUp@OptionsGameplayMenu@@UAEXH@Z	public: virtual void __thiscall OptionsGameplayMenu::OnUp(int)	shell.o
0x005735F0	0x00962AF0	?OnDown@OptionsGameplayMenu@@UAEXH@Z	public: virtual void __thiscall OptionsGameplayMenu::OnDown(int)	shell.o
0x00573660	0x00962B60	?SetDefaultOptions@OptionsGameplayMenu@@AAEXXZ	private: void __thiscall OptionsGameplayMenu::SetDefaultOptions(void)	shell.o
0x00573720	0x00962C20	?Update@OptionsGameplayMenu@@UAEXM@Z	public: virtual void __thiscall OptionsGameplayMenu::Update(float)	shell.o
0x005737A0	0x00962CA0	?ButtonHeldAction@OptionsGameplayMenu@@UAEXXZ	public: virtual void __thiscall OptionsGameplayMenu::ButtonHeldAction(void)	shell.o
0x005737D0	0x00962CD0	?Me@OptionsControlsMenu@@SAPAV1@XZ	public: static class OptionsControlsMenu * __cdecl OptionsControlsMenu::Me(void)	shell.o
0x005737E0	0x00962CE0	?Update@OptionsControlsMenu@@UAEXM@Z	public: virtual void __thiscall OptionsControlsMenu::Update(float)	shell.o
0x00573860	0x00962D60	?ButtonHeldAction@OptionsControlsMenu@@UAEXXZ	public: virtual void __thiscall OptionsControlsMenu::ButtonHeldAction(void)	shell.o
0x005738D0	0x00962DD0	?OnUp@OptionsControlsMenu@@UAEXH@Z	public: virtual void __thiscall OptionsControlsMenu::OnUp(int)	shell.o
0x005739D0	0x00962ED0	?OnDown@OptionsControlsMenu@@UAEXH@Z	public: virtual void __thiscall OptionsControlsMenu::OnDown(int)	shell.o
0x00573AD0	0x00962FD0	?Select@OptionsControlsMenu@@UAEXH@Z	public: virtual void __thiscall OptionsControlsMenu::Select(int)	shell.o
0x00573B00	0x00963000	?HighlightDefault@OptionsControlsMenu@@AAEXH@Z	private: void __thiscall OptionsControlsMenu::HighlightDefault(int)	shell.o
0x00573B80	0x00963080	?Me@OptionsSoundMenu@@SAPAV1@XZ	public: static class OptionsSoundMenu * __cdecl OptionsSoundMenu::Me(void)	shell.o
0x00573B90	0x00963090	?Update@OptionsSoundMenu@@UAEXM@Z	public: virtual void __thiscall OptionsSoundMenu::Update(float)	shell.o
0x00573BF0	0x009630F0	?OnUp@OptionsSoundMenu@@UAEXH@Z	public: virtual void __thiscall OptionsSoundMenu::OnUp(int)	shell.o
0x00573C80	0x00963180	?OnDown@OptionsSoundMenu@@UAEXH@Z	public: virtual void __thiscall OptionsSoundMenu::OnDown(int)	shell.o
0x00573D10	0x00963210	?ButtonHeldAction@OptionsSoundMenu@@UAEXXZ	public: virtual void __thiscall OptionsSoundMenu::ButtonHeldAction(void)	shell.o
0x00573D80	0x00963280	?Me@OptionsStickMenu@@SAPAV1@XZ	public: static class OptionsStickMenu * __cdecl OptionsStickMenu::Me(void)	shell.o
0x00573D90	0x00963290	?Update@OptionsStickMenu@@UAEXM@Z	public: virtual void __thiscall OptionsStickMenu::Update(float)	shell.o
0x00573DF0	0x009632F0	?SetDefaultOptions@OptionsStickMenu@@AAEXXZ	private: void __thiscall OptionsStickMenu::SetDefaultOptions(void)	shell.o
0x00573ED0	0x009633D0	?AdjustOptions@OptionsStickMenu@@AAEX_N@Z	private: void __thiscall OptionsStickMenu::AdjustOptions(bool)	shell.o
0x00574030	0x00963530	?ButtonHeldAction@OptionsStickMenu@@UAEXXZ	public: virtual void __thiscall OptionsStickMenu::ButtonHeldAction(void)	shell.o
0x00574060	0x00963560	?Me@OptionsButtonMenu@@SAPAV1@XZ	public: static class OptionsButtonMenu * __cdecl OptionsButtonMenu::Me(void)	shell.o
0x00574070	0x00963570	?Update@OptionsButtonMenu@@UAEXM@Z	public: virtual void __thiscall OptionsButtonMenu::Update(float)	shell.o
0x005740D0	0x009635D0	?SetDefaultOptions@OptionsButtonMenu@@AAEXXZ	private: void __thiscall OptionsButtonMenu::SetDefaultOptions(void)	shell.o
0x00574160	0x00963660	?AdjustOptions@OptionsButtonMenu@@AAEX_N@Z	private: void __thiscall OptionsButtonMenu::AdjustOptions(bool)	shell.o
0x00574270	0x00963770	?ButtonHeldAction@OptionsButtonMenu@@UAEXXZ	public: virtual void __thiscall OptionsButtonMenu::ButtonHeldAction(void)	shell.o
0x005742A0	0x009637A0	?Me@GammaScreenMenu@@SAPAV1@XZ	public: static class GammaScreenMenu * __cdecl GammaScreenMenu::Me(void)	shell.o
0x005742B0	0x009637B0	?Update@GammaScreenMenu@@UAEXM@Z	public: virtual void __thiscall GammaScreenMenu::Update(float)	shell.o
0x00574310	0x00963810	?OnTriangle@GammaScreenMenu@@UAEXH@Z	public: virtual void __thiscall GammaScreenMenu::OnTriangle(int)	shell.o
0x00574320	0x00963820	?OnLeft@GammaScreenMenu@@UAEXH@Z	public: virtual void __thiscall GammaScreenMenu::OnLeft(int)	shell.o
0x00574360	0x00963860	?OnRight@GammaScreenMenu@@UAEXH@Z	public: virtual void __thiscall GammaScreenMenu::OnRight(int)	shell.o
0x005743A0	0x009638A0	?OnSquare@GammaScreenMenu@@UAEXH@Z	public: virtual void __thiscall GammaScreenMenu::OnSquare(int)	shell.o
0x005743B0	0x009638B0	?OnDeactivate@GammaScreenMenu@@UAEXPAVFEMenu@@@Z	public: virtual void __thiscall GammaScreenMenu::OnDeactivate(class FEMenu *)	shell.o
0x005743C0	0x009638C0	?ButtonHeldAction@GammaScreenMenu@@UAEXXZ	public: virtual void __thiscall GammaScreenMenu::ButtonHeldAction(void)	shell.o
0x005743F0	0x009638F0	?OnDeactivate@LoadingMenu@@UAEXPAVFEMenu@@@Z	public: virtual void __thiscall LoadingMenu::OnDeactivate(class FEMenu *)	shell.o
0x00574410	0x00963910	?Select@LoadingMenu@@UAEXH@Z	public: virtual void __thiscall LoadingMenu::Select(int)	shell.o
0x00574420	0x00963920	?OnCross@LoadingMenu@@UAEXH@Z	public: virtual void __thiscall LoadingMenu::OnCross(int)	shell.o
0x00574430	0x00963930	?Me@LoadingMenu@@SAPAV1@XZ	public: static class LoadingMenu * __cdecl LoadingMenu::Me(void)	shell.o
0x00574450	0x00963950	?Update@LoadingMenu@@UAEXM@Z	public: virtual void __thiscall LoadingMenu::Update(float)	shell.o
0x00574460	0x00963960	?UpdateLoading@LoadingMenu@@QAEXM@Z	public: void __thiscall LoadingMenu::UpdateLoading(float)	shell.o
0x00574480	0x00963980	?OnActivate@ControllerDisconnectedMenu@@UAEXXZ	public: virtual void __thiscall ControllerDisconnectedMenu::OnActivate(void)	shell.o
0x00574490	0x00963990	?SetErrorMessage@ControllerDisconnectedMenu@@QAEXXZ	public: void __thiscall ControllerDisconnectedMenu::SetErrorMessage(void)	shell.o
0x005744A0	0x009639A0	?OnTriangle@VKMenu@@UAEXH@Z	public: virtual void __thiscall VKMenu::OnTriangle(int)	shell.o
0x005744B0	0x009639B0	?Me@VKMenu@@SAPAV1@XZ	public: static class VKMenu * __cdecl VKMenu::Me(void)	shell.o
0x005744C0	0x009639C0	?SetEntryPositions@VKMenu@@QAEXXZ	public: void __thiscall VKMenu::SetEntryPositions(void)	shell.o
0x005749D0	0x00963ED0	?ChangeShift@VKMenu@@AAEXXZ	private: void __thiscall VKMenu::ChangeShift(void)	shell.o
0x00574A50	0x00963F50	?Up@VKMenu@@UAEXXZ	public: virtual void __thiscall VKMenu::Up(void)	shell.o
0x00574AC0	0x00963FC0	?Down@VKMenu@@UAEXXZ	public: virtual void __thiscall VKMenu::Down(void)	shell.o
0x00574B90	0x00964090	?Left@VKMenu@@UAEXXZ	public: virtual void __thiscall VKMenu::Left(void)	shell.o
0x00574C70	0x00964170	?Right@VKMenu@@UAEXXZ	public: virtual void __thiscall VKMenu::Right(void)	shell.o
0x00574D30	0x00964230	?UpdateShadows@VKMenu@@QAEXXZ	public: void __thiscall VKMenu::UpdateShadows(void)	shell.o
0x00574E40	0x00964340	?ButtonHeldAction@VKMenu@@UAEXXZ	public: virtual void __thiscall VKMenu::ButtonHeldAction(void)	shell.o
0x00574E90	0x00964390	?DialogResponseSaveSuccess@VKMenu@@SA_NH@Z	public: static bool __cdecl VKMenu::DialogResponseSaveSuccess(int)	shell.o
0x00574EA0	0x009643A0	?DialogResponseNoMemCard@VKMenu@@SA_NH@Z	public: static bool __cdecl VKMenu::DialogResponseNoMemCard(int)	shell.o
0x00574EB0	0x009643B0	?Me@ProfileMainMenu@@SAPAV1@XZ	public: static class ProfileMainMenu * __cdecl ProfileMainMenu::Me(void)	shell.o
0x00574EC0	0x009643C0	?ClearEntries@ProfileMainMenu@@QAEXXZ	public: void __thiscall ProfileMainMenu::ClearEntries(void)	shell.o
0x00574F00	0x00964400	?Update@ProfileMainMenu@@UAEXM@Z	public: virtual void __thiscall ProfileMainMenu::Update(float)	shell.o
0x00574F10	0x00964410	?CreateProfile@ProfileMainMenu@@QAEXXZ	public: void __thiscall ProfileMainMenu::CreateProfile(void)	shell.o
0x00574F40	0x00964440	?ButtonHeldAction@ProfileMainMenu@@UAEXXZ	public: virtual void __thiscall ProfileMainMenu::ButtonHeldAction(void)	shell.o
0x00574F70	0x00964470	?DialogResponseProfileLoadOk@ProfileMainMenu@@SA_NH@Z	public: static bool __cdecl ProfileMainMenu::DialogResponseProfileLoadOk(int)	shell.o
0x00574F80	0x00964480	?DialogResponseProfileEdit@ProfileMainMenu@@SA_NH@Z	public: static bool __cdecl ProfileMainMenu::DialogResponseProfileEdit(int)	shell.o
0x00574F90	0x00964490	?DialogResponseDeleteCancel@ProfileMainMenu@@SA_NH@Z	public: static bool __cdecl ProfileMainMenu::DialogResponseDeleteCancel(int)	shell.o
0x00574FA0	0x009644A0	?Me@ProfileEditMenu@@SAPAV1@XZ	public: static class ProfileEditMenu * __cdecl ProfileEditMenu::Me(void)	shell.o
0x00574FB0	0x009644B0	?Update@ProfileEditMenu@@UAEXM@Z	public: virtual void __thiscall ProfileEditMenu::Update(float)	shell.o
0x00574FC0	0x009644C0	?OnUp@ProfileEditMenu@@UAEXH@Z	public: virtual void __thiscall ProfileEditMenu::OnUp(int)	shell.o
0x00575020	0x00964520	?OnDown@ProfileEditMenu@@UAEXH@Z	public: virtual void __thiscall ProfileEditMenu::OnDown(int)	shell.o
0x00575080	0x00964580	?Select@ProfileEditMenu@@UAEXH@Z	public: virtual void __thiscall ProfileEditMenu::Select(int)	shell.o
0x005750E0	0x009645E0	?ButtonHeldAction@ProfileEditMenu@@UAEXXZ	public: virtual void __thiscall ProfileEditMenu::ButtonHeldAction(void)	shell.o
0x00575110	0x00964610	?HighlightDefault@ProfileEditMenu@@AAEXH@Z	private: void __thiscall ProfileEditMenu::HighlightDefault(int)	shell.o
0x005751A0	0x009646A0	?ExitMenu@ProfileEditMenu@@SAXH@Z	public: static void __cdecl ProfileEditMenu::ExitMenu(int)	shell.o
0x005751D0	0x009646D0	?Me@ProfileManager@@SAPAV1@XZ	public: static class ProfileManager * __cdecl ProfileManager::Me(void)	shell.o
0x005751E0	0x009646E0	??1ProfileManager@@QAE@XZ	public: __thiscall ProfileManager::~ProfileManager(void)	shell.o
0x005751F0	0x009646F0	?OperationDone@ProfileManager@@QAEX_N@Z	public: void __thiscall ProfileManager::OperationDone(bool)	shell.o
0x00575210	0x00964710	?Reset@ProfileManager@@QAEXXZ	public: void __thiscall ProfileManager::Reset(void)	shell.o
0x00575270	0x00964770	?Callback@ProfileManager@@EAEXW4eDeviceChange@MemoryUnitManager@@H@Z	private: virtual void __thiscall ProfileManager::Callback(enum MemoryUnitManager::eDeviceChange,int)	shell.o
0x00575280	0x00964780	?ActivateMemDevice@ProfileManager@@AAE_NXZ	private: bool __thiscall ProfileManager::ActivateMemDevice(void)	shell.o
0x00575290	0x00964790	?DeviceIsUnformatted@ProfileManager@@QAE_NXZ	public: bool __thiscall ProfileManager::DeviceIsUnformatted(void)	shell.o
0x005752D0	0x009647D0	?StartCountdown@ProfileManager@@AAEXXZ	private: void __thiscall ProfileManager::StartCountdown(void)	shell.o
0x005752F0	0x009647F0	?IsCountdownDone@ProfileManager@@ABE_NXZ	private: bool __thiscall ProfileManager::IsCountdownDone(void)const 	shell.o
0x00575310	0x00964810	?TimeToString@ProfileManager@@SAPADAAUStubData@@@Z	public: static char * __cdecl ProfileManager::TimeToString(struct StubData &)	shell.o
0x00575390	0x00964890	?SplitTime@ProfileManager@@SAXHAAH000@Z	public: static void __cdecl ProfileManager::SplitTime(int,int &,int &,int &,int &)	shell.o
0x00575420	0x00964920	?GetLoadedProfile@ProfileManager@@QBEPBDXZ	public: char const * __thiscall ProfileManager::GetLoadedProfile(void)const 	shell.o
0x00575430	0x00964930	?IssueCallback@ProfileManager@@AAEXXZ	private: void __thiscall ProfileManager::IssueCallback(void)	shell.o
0x00575470	0x00964970	?DialogResponseOperationDone@ProfileManager@@CA_NH@Z	private: static bool __cdecl ProfileManager::DialogResponseOperationDone(int)	shell.o
0x005754C0	0x009649C0	?DialogResponseNoData@ProfileManager@@CA_NH@Z	private: static bool __cdecl ProfileManager::DialogResponseNoData(int)	shell.o
0x00575510	0x00964A10	?DialogResponseContinueNoSave@ProfileManager@@CA_NH@Z	private: static bool __cdecl ProfileManager::DialogResponseContinueNoSave(int)	shell.o
0x00575570	0x00964A70	?DialogResponseContinue@ProfileManager@@CA_NH@Z	private: static bool __cdecl ProfileManager::DialogResponseContinue(int)	shell.o
0x005755C0	0x00964AC0	?equals@system_time@@QAE_NV1@@Z	public: bool __thiscall system_time::equals(class system_time)	shell.o
0x00575620	0x00964B20	?newer_than@system_time@@QAE_NV1@@Z	public: bool __thiscall system_time::newer_than(class system_time)	shell.o
0x00575690	0x00964B90	?GetSystemDate@@YA?AVsystem_time@@XZ	class system_time __cdecl GetSystemDate(void)	shell.o
0x005759F0	0x00964EF0	??1GameSettings@@UAE@XZ	public: virtual __thiscall GameSettings::~GameSettings(void)	shell.o
0x00575A10	0x00964F10	?Callback@GameSettings@@UAEXW4eOperation@MemoryUnitManager@@@Z	public: virtual void __thiscall GameSettings::Callback(enum MemoryUnitManager::eOperation)	shell.o
0x00575B70	0x00965070	?get_temp_buffer@GameSettings@@QAEPAUSaveGameData@@XZ	public: struct SaveGameData * __thiscall GameSettings::get_temp_buffer(void)	shell.o
0x00575B80	0x00965080	?get_temp_buffer_size@GameSettings@@QBEIXZ	public: unsigned int __thiscall GameSettings::get_temp_buffer_size(void)const 	shell.o
0x00575B90	0x00965090	?init_save@GameSettings@@AAEXPAUSaveGameData@@@Z	private: void __thiscall GameSettings::init_save(struct SaveGameData *)	shell.o
0x00575C30	0x00965130	?delete_save@GameSettings@@QAEXXZ	public: void __thiscall GameSettings::delete_save(void)	shell.o
0x00575C60	0x00965160	?format@GameSettings@@QAEXXZ	public: void __thiscall GameSettings::format(void)	shell.o
0x00575C70	0x00965170	?debug_unformat@GameSettings@@QAE_NXZ	public: bool __thiscall GameSettings::debug_unformat(void)	shell.o
0x00575C80	0x00965180	?debug_format@GameSettings@@QAE_NXZ	public: bool __thiscall GameSettings::debug_format(void)	shell.o
0x00575C90	0x00965190	?debug_delete_all@GameSettings@@QAE_NXZ	public: bool __thiscall GameSettings::debug_delete_all(void)	shell.o
0x00575CA0	0x009651A0	?write_crc@GameSettings@@QAEXPAUSaveGameData@@@Z	public: void __thiscall GameSettings::write_crc(struct SaveGameData *)	shell.o
0x00575CB0	0x009651B0	?start_new_game@GameSettings@@QAEX_N@Z	public: void __thiscall GameSettings::start_new_game(bool)	shell.o
0x00575CD0	0x009651D0	?get_total_game_size@GameSettings@@QAEHXZ	public: int __thiscall GameSettings::get_total_game_size(void)	shell.o
0x00575D00	0x00965200	?enough_space@GameSettings@@QAE_NXZ	public: bool __thiscall GameSettings::enough_space(void)	shell.o
0x00575D70	0x00965270	?get_blocks_needed@GameSettings@@QAEHXZ	public: int __thiscall GameSettings::get_blocks_needed(void)	shell.o
0x00575DD0	0x009652D0	?get_blocks_total@GameSettings@@QAEHXZ	public: int __thiscall GameSettings::get_blocks_total(void)	shell.o
0x00575E10	0x00965310	?get_insufficient_space_error@GameSettings@@QAEXPAD_N@Z	public: void __thiscall GameSettings::get_insufficient_space_error(char *,bool)	shell.o
0x00575E80	0x00965380	?is_memory_unit_damaged@GameSettings@@QAE_NXZ	public: bool __thiscall GameSettings::is_memory_unit_damaged(void)	shell.o
0x00575EB0	0x009653B0	?does_file_exist@GameSettings@@QAE_NXZ	public: bool __thiscall GameSettings::does_file_exist(void)	shell.o
0x00575F30	0x00965430	?is_valid@GameSettings@@QAE_NHPAUSaveGameData@@@Z	public: bool __thiscall GameSettings::is_valid(int,struct SaveGameData *)	shell.o
0x00575F50	0x00965450	?is_corrupt@GameSettings@@QAE_NPAUSaveGameData@@@Z	public: bool __thiscall GameSettings::is_corrupt(struct SaveGameData *)	shell.o
0x00576000	0x00965500	?set_cur_name@GameSettings@@QAEXPBD@Z	public: void __thiscall GameSettings::set_cur_name(char const *)	shell.o
0x00576030	0x00965530	?collect_GameSettings@GameSettings@@QAEXPAUSaveGameData@@@Z	public: void __thiscall GameSettings::collect_GameSettings(struct SaveGameData *)	shell.o
0x00576100	0x00965600	?SEH_UpdateCurrentLanguage@@YAXXZ	void __cdecl SEH_UpdateCurrentLanguage(void)	shell.o
0x00576190	0x00965690	?SEH_GetCurrentLanguage@@YAHXZ	int __cdecl SEH_GetCurrentLanguage(void)	shell.o
0x00576200	0x00965700	?SEH_GetLanguageName@@YAPBDH@Z	char const * __cdecl SEH_GetLanguageName(int)	shell.o
0x00576220	0x00965720	?SEH_GetLanguageIndexForName@@YAHPBDPAH@Z	int __cdecl SEH_GetLanguageIndexForName(char const *,int *)	shell.o
0x00576270	0x00965770	?SEH_InitLanguage@@YAXXZ	void __cdecl SEH_InitLanguage(void)	shell.o
0x005762F0	0x009657F0	?SEH_VerifyLanguageSelection@@YAHH@Z	int __cdecl SEH_VerifyLanguageSelection(int)	shell.o
0x00576350	0x00965850	?SEH_StringEd_GetString@@YAPBDPBD@Z	char const * __cdecl SEH_StringEd_GetString(char const *)	shell.o
0x00576390	0x00965890	?SEH_StringEd_GetString@@YAPBDI@Z	char const * __cdecl SEH_StringEd_GetString(unsigned int)	shell.o
0x005763B0	0x009658B0	?SEH_StringEd_GetString@@YAPBDW4TPakId@@I@Z	char const * __cdecl SEH_StringEd_GetString(enum TPakId,unsigned int)	shell.o
0x005763D0	0x009658D0	?SEH_SafeTranslateString@@YAPBDPBD@Z	char const * __cdecl SEH_SafeTranslateString(char const *)	shell.o
0x00576500	0x00965A00	?SEH_GetLocalizedTokenReference@@YAHPADPBD1W4msgLocErrType_t@@@Z	int __cdecl SEH_GetLocalizedTokenReference(char *,char const *,char const *,enum msgLocErrType_t)	shell.o
0x005765D0	0x00965AD0	?SEH_LocalizeTextMessage@@YAPBDPBD0W4msgLocErrType_t@@@Z	char const * __cdecl SEH_LocalizeTextMessage(char const *,char const *,enum msgLocErrType_t)	shell.o
0x00576910	0x00965E10	?Korean_CollapseKSC5601HangulCode@@YAHI@Z	int __cdecl Korean_CollapseKSC5601HangulCode(unsigned int)	shell.o
0x005769A0	0x00965EA0	?Taiwanese_CollapseBig5Code@@YAHI@Z	int __cdecl Taiwanese_CollapseBig5Code(unsigned int)	shell.o
0x00576A80	0x00965F80	?Japanese_CollapseShiftJISCode@@YAHI@Z	int __cdecl Japanese_CollapseShiftJISCode(unsigned int)	shell.o
0x00576B60	0x00966060	?Chinese_CollapseGBCode@@YAHI@Z	int __cdecl Chinese_CollapseGBCode(unsigned int)	shell.o
0x00576BA0	0x009660A0	?Language_IsAsian@@YAHXZ	int __cdecl Language_IsAsian(void)	shell.o
0x00576BB0	0x009660B0	?Language_UsesSpaces@@YAHXZ	int __cdecl Language_UsesSpaces(void)	shell.o
0x00576BD0	0x009660D0	?Filename_PathOnly@CStringEdPackage@@AAEPADPBD@Z	private: char * __thiscall CStringEdPackage::Filename_PathOnly(char const *)	shell.o
0x00576C20	0x00966120	?Filename_WithoutExt@CStringEdPackage@@AAEPADPBD@Z	private: char * __thiscall CStringEdPackage::Filename_WithoutExt(char const *)	shell.o
0x00576C90	0x00966190	?Filename_WithoutPath@CStringEdPackage@@AAEPADPBD@Z	private: char * __thiscall CStringEdPackage::Filename_WithoutPath(char const *)	shell.o
0x00576CE0	0x009661E0	?ExtractLanguageFromPath@CStringEdPackage@@QAEPBDPBD@Z	public: char const * __thiscall CStringEdPackage::ExtractLanguageFromPath(char const *)	shell.o
0x00576D00	0x00966200	?CheckLineForKeyword@CStringEdPackage@@AAEHPBDAAPBD@Z	private: int __thiscall CStringEdPackage::CheckLineForKeyword(char const *,char const * &)	shell.o
0x00576D70	0x00966270	?REMKill@CStringEdPackage@@AAEXPAD@Z	private: void __thiscall CStringEdPackage::REMKill(char *)	shell.o
0x00576E10	0x00966310	?ReadLine@CStringEdPackage@@QAEHAAPBDPAD@Z	public: int __thiscall CStringEdPackage::ReadLine(char const * &,char *)	shell.o
0x00576F10	0x00966410	?SE_LoadFileData@@YAPAEPBDPAH@Z	unsigned char * __cdecl SE_LoadFileData(char const *,int *)	shell.o
0x00576F50	0x00966450	?SE_FreeFileDataAfterLoad@@YAXPAE@Z	void __cdecl SE_FreeFileDataAfterLoad(unsigned char *)	shell.o
0x00576F70	0x00966470	?MoveUpTo@UIListBox@@IAEXH@Z	protected: void __thiscall UIListBox::MoveUpTo(int)	shell.o
0x00576FE0	0x009664E0	?MoveDownTo@UIListBox@@IAEXH@Z	protected: void __thiscall UIListBox::MoveDownTo(int)	shell.o
0x00577050	0x00966550	?SetScrollBarQuad@UIListBox@@QAEXW4EScrollQuads@1@PAVPanelQuad@@@Z	public: void __thiscall UIListBox::SetScrollBarQuad(enum UIListBox::EScrollQuads,class PanelQuad *)	shell.o
0x005770B0	0x009665B0	?FormatForSplitScreen@UIListBox@@QAEXHH@Z	public: void __thiscall UIListBox::FormatForSplitScreen(int,int)	shell.o
0x005770C0	0x009665C0	?FormatForWidescreen@UIListBox@@QAEX_NM@Z	public: void __thiscall UIListBox::FormatForWidescreen(bool,float)	shell.o
0x005770D0	0x009665D0	?ApplyStubOptions@StubData@@QAEXXZ	public: void __thiscall StubData::ApplyStubOptions(void)	shell.o
0x005771D0	0x009666D0	?Draw3DScreenSpace@IGOFrontEnd@@QAEXXZ	public: void __thiscall IGOFrontEnd::Draw3DScreenSpace(void)	shell.o
0x00577200	0x00966700	?UpdateWidescreen@IGOFrontEnd@@UAEX_N@Z	public: virtual void __thiscall IGOFrontEnd::UpdateWidescreen(bool)	shell.o
0x00577420	0x00966920	?FindKeyBindings@IGOFrontEnd@@QAEXXZ	public: void __thiscall IGOFrontEnd::FindKeyBindings(void)	shell.o
0x005775A0	0x00966AA0	?SetFuse@IGOFrontEnd@@QAEXMMH@Z	public: void __thiscall IGOFrontEnd::SetFuse(float,float,int)	shell.o
0x005775D0	0x00966AD0	?UpdateSplitScreen@IGOStanceWidget@@UAEXHH@Z	public: virtual void __thiscall IGOStanceWidget::UpdateSplitScreen(int,int)	shell.o
0x00577660	0x00966B60	?UpdateSplitScreen@IGORaiseFlagWidget@@UAEXHH@Z	public: virtual void __thiscall IGORaiseFlagWidget::UpdateSplitScreen(int,int)	shell.o
0x005776A0	0x00966BA0	?Update@IGOTimerWidget@@UAEXM@Z	public: virtual void __thiscall IGOTimerWidget::Update(float)	shell.o
0x005777D0	0x00966CD0	?UpdateSplitScreen@IGOInGameScoreWidget@@UAEXHH@Z	public: virtual void __thiscall IGOInGameScoreWidget::UpdateSplitScreen(int,int)	shell.o
0x00577840	0x00966D40	?UpdateSplitScreen@IGOAmmoWidget@@UAEXHH@Z	public: virtual void __thiscall IGOAmmoWidget::UpdateSplitScreen(int,int)	shell.o
0x005778A0	0x00966DA0	?UpdateSplitScreen@IGOGrenadeWidget@@UAEXHH@Z	public: virtual void __thiscall IGOGrenadeWidget::UpdateSplitScreen(int,int)	shell.o
0x00577980	0x00966E80	?UpdateSplitScreen@IGOWeaponNameWidget@@UAEXHH@Z	public: virtual void __thiscall IGOWeaponNameWidget::UpdateSplitScreen(int,int)	shell.o
0x005779C0	0x00966EC0	??0IGOActionHintWidget@@QAE@H@Z	public: __thiscall IGOActionHintWidget::IGOActionHintWidget(int)	shell.o
0x00577A70	0x00966F70	?UpdateSplitScreen@IGOTankLoadingWidget@@UAEXHH@Z	public: virtual void __thiscall IGOTankLoadingWidget::UpdateSplitScreen(int,int)	shell.o
0x00577AB0	0x00966FB0	?UpdateSplitScreen@IGORankWidget@@UAEXHH@Z	public: virtual void __thiscall IGORankWidget::UpdateSplitScreen(int,int)	shell.o
0x00577B40	0x00967040	?UpdateSplitScreen@IGOSpecialWeaponWidget@@UAEXHH@Z	public: virtual void __thiscall IGOSpecialWeaponWidget::UpdateSplitScreen(int,int)	shell.o
0x00577B90	0x00967090	??1IGOWarStatusWidget@@UAE@XZ	public: virtual __thiscall IGOWarStatusWidget::~IGOWarStatusWidget(void)	shell.o
0x00577FC0	0x009674C0	?UpdateSplitScreen@IGOWarStatusWidget@@UAEXHH@Z	public: virtual void __thiscall IGOWarStatusWidget::UpdateSplitScreen(int,int)	shell.o
0x005782A0	0x009677A0	?UpdateSplitScreen@IGOTankIconWidget@@UAEXHH@Z	public: virtual void __thiscall IGOTankIconWidget::UpdateSplitScreen(int,int)	shell.o
0x005783F0	0x009678F0	??0IGOCompassWidget@@QAE@H@Z	public: __thiscall IGOCompassWidget::IGOCompassWidget(int)	shell.o
0x00578580	0x00967A80	?UpdateCompassRotation@IGOCompassWidget@@QAEXXZ	public: void __thiscall IGOCompassWidget::UpdateCompassRotation(void)	shell.o
0x00578800	0x00967D00	?CheckpointRestart@IGOCompassWidget@@QAEXXZ	public: void __thiscall IGOCompassWidget::CheckpointRestart(void)	shell.o
0x00578820	0x00967D20	?CalculateMapObjectABS@IGOCompassWidget@@AAEXPAVIGOMapObject@@MMM_N@Z	private: void __thiscall IGOCompassWidget::CalculateMapObjectABS(class IGOMapObject *,float,float,float,bool)	shell.o
0x005789A0	0x00967EA0	?Update@IGOJeepMapWidget@@UAEXM@Z	public: virtual void __thiscall IGOJeepMapWidget::Update(float)	shell.o
0x00578AD0	0x00967FD0	?Update@IGOHintWidget@@UAEXM@Z	public: virtual void __thiscall IGOHintWidget::Update(float)	shell.o
0x005792B0	0x009687B0	?UpdateSplitScreen@IGOHintWidget@@UAEXHH@Z	public: virtual void __thiscall IGOHintWidget::UpdateSplitScreen(int,int)	shell.o
0x00579310	0x00968810	??0IGOGrenadeIndicator@@QAE@H@Z	public: __thiscall IGOGrenadeIndicator::IGOGrenadeIndicator(int)	shell.o
0x005793A0	0x009688A0	?DrawGrenade@IGOGrenadeIndicator@@QAEXPBVEntity@@@Z	public: void __thiscall IGOGrenadeIndicator::DrawGrenade(class Entity const *)	shell.o
0x00579530	0x00968A30	?UpdateWidescreen@IGOVoipList@@UAEX_NM@Z	public: virtual void __thiscall IGOVoipList::UpdateWidescreen(bool,float)	shell.o
0x00579540	0x00968A40	?UpdateSplitScreen@IGOVoipList@@UAEXHH@Z	public: virtual void __thiscall IGOVoipList::UpdateSplitScreen(int,int)	shell.o
0x00579550	0x00968A50	?AddPQSection@PanelQuadSection@@QAEXQAUvector@Broc@@0QAVcolor32@@M@Z	public: void __thiscall PanelQuadSection::AddPQSection(struct Broc::vector * const,struct Broc::vector * const,class color32 * const,float)	shell.o
0x00579610	0x00968B10	?Mask@PanelQuadSection@@QAEXMW4mask_type@@MM@Z	public: void __thiscall PanelQuadSection::Mask(float,enum mask_type,float,float)	shell.o
0x00579800	0x00968D00	?SetColorNAVert@PanelQuadSection@@QAEXHVcolor32@@@Z	public: void __thiscall PanelQuadSection::SetColorNAVert(int,class color32)	shell.o
0x00579840	0x00968D40	?SetAlphaVert@PanelQuadSection@@QAEXHM@Z	public: void __thiscall PanelQuadSection::SetAlphaVert(int,float)	shell.o
0x005798A0	0x00968DA0	?SetVisibility@PanelQuadSection@@QAEXHM@Z	public: void __thiscall PanelQuadSection::SetVisibility(int,float)	shell.o
0x00579900	0x00968E00	?GetColor@PanelQuadSection@@QAE?AVcolor32@@H@Z	public: class color32 __thiscall PanelQuadSection::GetColor(int)	shell.o
0x00579930	0x00968E30	?Fatten@PanelQuadSection@@QAEXM@Z	public: void __thiscall PanelQuadSection::Fatten(float)	shell.o
0x005799E0	0x00968EE0	?InstanceFrom@PanelQuad@@UAEXPBV1@@Z	public: virtual void __thiscall PanelQuad::InstanceFrom(class PanelQuad const *)	shell.o
0x00579BC0	0x009690C0	?Draw@PanelQuad@@UAEXXZ	public: virtual void __thiscall PanelQuad::Draw(void)	shell.o
0x00579C40	0x00969140	?Mask@PanelQuad@@QAEXMW4mask_type@@M@Z	public: void __thiscall PanelQuad::Mask(float,enum mask_type,float)	shell.o
0x00579D40	0x00969240	?Rotate@PanelQuad@@UAEXMMM_N@Z	public: virtual void __thiscall PanelQuad::Rotate(float,float,float,bool)	shell.o
0x00579E70	0x00969370	?Scale@PanelQuad@@UAEXMMMM_N@Z	public: virtual void __thiscall PanelQuad::Scale(float,float,float,float,bool)	shell.o
0x0057A050	0x00969550	?ScaleAbsoluteCenter@PanelQuad@@UAEXMM@Z	public: virtual void __thiscall PanelQuad::ScaleAbsoluteCenter(float,float)	shell.o
0x0057A170	0x00969670	?SetTexture@PanelQuad@@UAEXPAUnglTexture@@@Z	public: virtual void __thiscall PanelQuad::SetTexture(struct nglTexture *)	shell.o
0x0057A1F0	0x009696F0	?SetColor@PanelQuad@@UAEXVcolor32@@@Z	public: virtual void __thiscall PanelQuad::SetColor(class color32)	shell.o
0x0057A2B0	0x009697B0	?SetColorNA@PanelQuad@@UAEXVcolor32@@@Z	public: virtual void __thiscall PanelQuad::SetColorNA(class color32)	shell.o
0x0057A370	0x00969870	?SetAlpha@PanelQuad@@UAEXM@Z	public: virtual void __thiscall PanelQuad::SetAlpha(float)	shell.o
0x0057A450	0x00969950	?SetVisibility@PanelQuad@@UAEXM@Z	public: virtual void __thiscall PanelQuad::SetVisibility(float)	shell.o
0x0057A530	0x00969A30	?SetZvalueAbs@PanelQuad@@UAEXM@Z	public: virtual void __thiscall PanelQuad::SetZvalueAbs(float)	shell.o
0x0057A5C0	0x00969AC0	?GetPos@PanelQuad@@UAEXQAM0@Z	public: virtual void __thiscall PanelQuad::GetPos(float * const,float * const)	shell.o
0x0057A6A0	0x00969BA0	?Shift@PanelQuad@@UAEXMM@Z	public: virtual void __thiscall PanelQuad::Shift(float,float)	shell.o
0x0057A7E0	0x00969CE0	?ShiftXYInitial@PanelQuad@@UAEXMM@Z	public: virtual void __thiscall PanelQuad::ShiftXYInitial(float,float)	shell.o
0x0057A8A0	0x00969DA0	?SetXYInitialToCurrentPos@PanelQuad@@UAEXXZ	public: virtual void __thiscall PanelQuad::SetXYInitialToCurrentPos(void)	shell.o
0x0057A940	0x00969E40	?FormatForSplitScreen@PanelQuad@@QAEXHH@Z	public: void __thiscall PanelQuad::FormatForSplitScreen(int,int)	shell.o
0x0057A9C0	0x00969EC0	?MoveForSplitScreen@PanelQuad@@QAEXHH@Z	public: void __thiscall PanelQuad::MoveForSplitScreen(int,int)	shell.o
0x0057AA40	0x00969F40	?FattenMeForWidescreen@PanelQuad@@QAEX_NM@Z	public: void __thiscall PanelQuad::FattenMeForWidescreen(bool,float)	shell.o
0x0057AB70	0x0096A070	?Animate@PanelQuad@@MAEXPAVMat43@math@@M@Z	protected: virtual void __thiscall PanelQuad::Animate(class math::Mat43 *,float)	shell.o
0x0057AC40	0x0096A140	?GetMax@PanelQuad@@QAE?AUvector@Broc@@XZ	public: struct Broc::vector __thiscall PanelQuad::GetMax(void)	shell.o
0x0057AF20	0x0096A420	?GetMin@PanelQuad@@QAE?AUvector@Broc@@XZ	public: struct Broc::vector __thiscall PanelQuad::GetMin(void)	shell.o
0x0057B200	0x0096A700	?GetInitialMax@PanelQuad@@QAE?AUvector@Broc@@XZ	public: struct Broc::vector __thiscall PanelQuad::GetInitialMax(void)	shell.o
0x0057B490	0x0096A990	?GetInitialMin@PanelQuad@@QAE?AUvector@Broc@@XZ	public: struct Broc::vector __thiscall PanelQuad::GetInitialMin(void)	shell.o
0x0057B730	0x0096AC30	?PostUnmashFixup@PanelFile@@QAEXW4panel_layer@@@Z	public: void __thiscall PanelFile::PostUnmashFixup(enum panel_layer)	shell.o
0x0057B900	0x0096AE00	?Draw@PanelFile@@QAEXXZ	public: void __thiscall PanelFile::Draw(void)	shell.o
0x0057BA40	0x0096AF40	?Update@PanelFile@@QAEXM@Z	public: void __thiscall PanelFile::Update(float)	shell.o
0x0057BAC0	0x0096AFC0	?UpdateWidescreen@PanelFile@@QAEX_NM@Z	public: void __thiscall PanelFile::UpdateWidescreen(bool,float)	shell.o
0x0057BBB0	0x0096B0B0	?UpdateSplitScreen@PanelFile@@QAEXHH@Z	public: void __thiscall PanelFile::UpdateSplitScreen(int,int)	shell.o
0x0057BCB0	0x0096B1B0	?MoveSplitScreen@PanelFile@@QAEXHH@Z	public: void __thiscall PanelFile::MoveSplitScreen(int,int)	shell.o
0x0057BDB0	0x0096B2B0	?GetTextPointer@PanelFile@@QAEPAVFEText@@PBD@Z	public: class FEText * __thiscall PanelFile::GetTextPointer(char const *)	shell.o
0x0057BEE0	0x0096B3E0	?ReadPanelMaterial@PanelFile@@QAEXAAVPanelMaterial@@PAEAAH@Z	public: void __thiscall PanelFile::ReadPanelMaterial(class PanelMaterial &,unsigned char *,int &)	shell.o
0x0057BF80	0x0096B480	?FindPanelQuadByPointer@PanelFile@@QAEHPAVPanelQuad@@@Z	public: int __thiscall PanelFile::FindPanelQuadByPointer(class PanelQuad *)	shell.o
0x0057BFC0	0x0096B4C0	?FindFETextByPointer@PanelFile@@QAEHPAVFEText@@@Z	public: int __thiscall PanelFile::FindFETextByPointer(class FEText *)	shell.o
0x0057C000	0x0096B500	?ReadMatrix3x4@@YAXAAVMat43@math@@PAEAAH@Z	void __cdecl ReadMatrix3x4(class math::Mat43 &,unsigned char *,int &)	shell.o
0x0057C180	0x0096B680	?movie_done@movie_manager@@SAX_N@Z	public: static void __cdecl movie_manager::movie_done(bool)	shell.o
0x0057C240	0x0096B740	?shut_down@movie_manager@@SAXXZ	public: static void __cdecl movie_manager::shut_down(void)	shell.o
0x0057C260	0x0096B760	?render@subtitle_manager@@SAXXZ	public: static void __cdecl subtitle_manager::render(void)	shell.o
0x0057C390	0x0096B890	?Draw@FEText@@UAEX_N@Z	public: virtual void __thiscall FEText::Draw(bool)	shell.o
0x0057C6E0	0x0096BBE0	?GetWidth@FEText@@UAEMPBM@Z	public: virtual float __thiscall FEText::GetWidth(float const *)	shell.o
0x0057C910	0x0096BE10	?GetHeight@FEText@@UAEMPBM@Z	public: virtual float __thiscall FEText::GetHeight(float const *)	shell.o
0x0057C980	0x0096BE80	?Draw@MultiLineString@@QAEXMHHMMMM@Z	public: void __thiscall MultiLineString::Draw(float,int,int,float,float,float,float)	shell.o
0x0057CC20	0x0096C120	?GetWidth@MultiLineString@@SAMPBDMW4font_index@@@Z	public: static float __cdecl MultiLineString::GetWidth(char const *,float,enum font_index)	shell.o
0x0057CCE0	0x0096C1E0	??1FEMultiLineText@@UAE@XZ	public: virtual __thiscall FEMultiLineText::~FEMultiLineText(void)	shell.o
0x0057CD60	0x0096C260	?Clone@FEMultiLineText@@UAEPAVFEText@@XZ	public: virtual class FEText * __thiscall FEMultiLineText::Clone(void)	shell.o
0x0057CDE0	0x0096C2E0	?Draw@FEMultiLineText@@UAEXHH@Z	public: virtual void __thiscall FEMultiLineText::Draw(int,int)	shell.o
0x0057CF20	0x0096C420	?GetHeight@FEMultiLineText@@UAEMXZ	public: virtual float __thiscall FEMultiLineText::GetHeight(void)	shell.o
0x0057CFA0	0x0096C4A0	?SetLineSpacing@FEMultiLineText@@UAEXH@Z	public: virtual void __thiscall FEMultiLineText::SetLineSpacing(int)	shell.o
0x0057D020	0x0096C520	?AdjustForJustification@FEMultiLineText@@AAEXXZ	private: void __thiscall FEMultiLineText::AdjustForJustification(void)	shell.o
0x0057D300	0x0096C800	?AddOptionsToCombos@InGameOptionsMenu@@IAEXXZ	protected: void __thiscall InGameOptionsMenu::AddOptionsToCombos(void)	shell.o
0x0057D450	0x0096C950	?Update@InGameOptionsMenu@@UAEXM@Z	public: virtual void __thiscall InGameOptionsMenu::Update(float)	shell.o
0x0057D630	0x0096CB30	?OnDeactivate@InGameOptionsMenu@@UAEXPAVFEMenu@@@Z	public: virtual void __thiscall InGameOptionsMenu::OnDeactivate(class FEMenu *)	shell.o
0x0057D640	0x0096CB40	?SetTimerText@AARInGameOptionsMenu@@AAEXXZ	private: void __thiscall AARInGameOptionsMenu::SetTimerText(void)	shell.o
0x0057D6D0	0x0096CBD0	?UpdateLoadingMenu@FEManager@@QAEXM@Z	public: void __thiscall FEManager::UpdateLoadingMenu(float)	shell.o
0x0057D720	0x0096CC20	?LoadFont@FEManager@@QAEXW4font_index@@@Z	public: void __thiscall FEManager::LoadFont(enum font_index)	shell.o
0x0057D770	0x0096CC70	?Draw3DScreenSpace@FEManager@@QAEXXZ	public: void __thiscall FEManager::Draw3DScreenSpace(void)	shell.o
0x0057D7A0	0x0096CCA0	?DrawLoadingScreen@FEManager@@QAEXH@Z	public: void __thiscall FEManager::DrawLoadingScreen(int)	shell.o
0x0057D8A0	0x0096CDA0	?DrawDiscError@FEManager@@QAEXXZ	public: void __thiscall FEManager::DrawDiscError(void)	shell.o
0x0057DA30	0x0096CF30	?DrawControllerError@FEManager@@QAEXXZ	public: void __thiscall FEManager::DrawControllerError(void)	shell.o
0x0057DA80	0x0096CF80	??0FEMenu@@QAE@XZ	public: __thiscall FEMenu::FEMenu(void)	shell.o
0x0057DAE0	0x0096CFE0	??0FEMenu@@QAE@PAVFEMenuSystem@@HHHHH@Z	public: __thiscall FEMenu::FEMenu(class FEMenuSystem *,int,int,int,int,int)	shell.o
0x0057DBA0	0x0096D0A0	?AddEntry@FEMenu@@UAEXHPAVFEText@@_N@Z	public: virtual void __thiscall FEMenu::AddEntry(int,class FEText *,bool)	shell.o
0x0057DC70	0x0096D170	?SetHigh@FEMenu@@UAEXH_N@Z	public: virtual void __thiscall FEMenu::SetHigh(int,bool)	shell.o
0x0057DD00	0x0096D200	?PlayNavigationSound@FEMenu@@UAEXXZ	public: virtual void __thiscall FEMenu::PlayNavigationSound(void)	shell.o
0x0057DD70	0x0096D270	??0FEMenuSystem@@QAE@HW4font_index@@@Z	public: __thiscall FEMenuSystem::FEMenuSystem(int,enum font_index)	shell.o
0x0057DDF0	0x0096D2F0	?MakeActive@FEMenuSystem@@UAEXHH@Z	public: virtual void __thiscall FEMenuSystem::MakeActive(int,int)	shell.o
0x0057DF20	0x0096D420	?UpdateWidescreen@FEMenu@@UAEX_N@Z	public: virtual void __thiscall FEMenu::UpdateWidescreen(bool)	shell.o
0x0057DFB0	0x0096D4B0	?UpdateButtonPresses@FEMenuSystem@@UAEXXZ	public: virtual void __thiscall FEMenuSystem::UpdateButtonPresses(void)	shell.o
0x0057E0E0	0x0096D5E0	??0FEComboBox@@QAE@PAVFEMenu@@FPAVFEText@@1PAVPanelQuad@@2@Z	public: __thiscall FEComboBox::FEComboBox(class FEMenu *,short,class FEText *,class FEText *,class PanelQuad *,class PanelQuad *)	shell.o
0x0057E230	0x0096D730	?PlayNavigationSound@FEComboBox@@QAEXXZ	public: void __thiscall FEComboBox::PlayNavigationSound(void)	shell.o
0x0057E2B0	0x0096D7B0	??0FESlider@@QAE@PAVFEMenu@@PAVPanelQuad@@PAVFEText@@2@Z	public: __thiscall FESlider::FESlider(class FEMenu *,class PanelQuad *,class FEText *,class FEText *)	shell.o
0x0057E350	0x0096D850	?AdjustBar@FESlider@@QAEXXZ	public: void __thiscall FESlider::AdjustBar(void)	shell.o
0x0057E3C0	0x0096D8C0	?PlayNavigationSound@FESlider@@QAEXXZ	public: void __thiscall FESlider::PlayNavigationSound(void)	shell.o
0x0057E440	0x0096D940	?MoveForSplitScreen@FESlider@@UAEXHH@Z	public: virtual void __thiscall FESlider::MoveForSplitScreen(int,int)	shell.o
0x0057E470	0x0096D970	?SetWidgets@FESlider@@QAEXPAVPanelQuad@@PAVFEText@@1@Z	public: void __thiscall FESlider::SetWidgets(class PanelQuad *,class FEText *,class FEText *)	shell.o
0x0057E4B0	0x0096D9B0	??0FEDoubleEntry@@QAE@PAVFEMenu@@PAVFEText@@1@Z	public: __thiscall FEDoubleEntry::FEDoubleEntry(class FEMenu *,class FEText *,class FEText *)	shell.o
0x0057E520	0x0096DA20	?AddSubItem@FEMenuListBox@@QAE?BIIABVstring@Broc@@@Z	public: unsigned int const __thiscall FEMenuListBox::AddSubItem(unsigned int,class Broc::string const &)	shell.o
0x0057E5B0	0x0096DAB0	?Draw@FEMenuListBox@@UAEXXZ	public: virtual void __thiscall FEMenuListBox::Draw(void)	shell.o
0x0057E8F0	0x0096DDF0	?OnUp@FEMenuListBox@@UAEFXZ	public: virtual short __thiscall FEMenuListBox::OnUp(void)	shell.o
0x0057E970	0x0096DE70	?OnDown@FEMenuListBox@@UAEFXZ	public: virtual short __thiscall FEMenuListBox::OnDown(void)	shell.o
0x0057EA00	0x0096DF00	?SetCurrentSelection@FEMenuListBox@@QAEXH@Z	public: void __thiscall FEMenuListBox::SetCurrentSelection(int)	shell.o
0x0057EA60	0x0096DF60	?GetCurrentSelection@FEMenuListBox@@QAE?BHXZ	public: int const __thiscall FEMenuListBox::GetCurrentSelection(void)	shell.o
0x0057EA80	0x0096DF80	?GetCurrentSelectionData@FEMenuListBox@@QAE?BHXZ	public: int const __thiscall FEMenuListBox::GetCurrentSelectionData(void)	shell.o
0x0057EAA0	0x0096DFA0	??1FrontEndMenuSystem@@UAE@XZ	public: virtual __thiscall FrontEndMenuSystem::~FrontEndMenuSystem(void)	shell.o
0x0057EB10	0x0096E010	?Draw@FrontEndMenuSystem@@UAEXXZ	public: virtual void __thiscall FrontEndMenuSystem::Draw(void)	shell.o
0x0057EB60	0x0096E060	?Update@FrontEndMenuSystem@@UAEXM@Z	public: virtual void __thiscall FrontEndMenuSystem::Update(float)	shell.o
0x0057ED10	0x0096E210	?SetPanelFile@FrontEndMenuSystem@@UAEXPAVPanelFile@@@Z	public: virtual void __thiscall FrontEndMenuSystem::SetPanelFile(class PanelFile *)	shell.o
0x0057ED70	0x0096E270	?Update@DialogMenuDisplay@@QAEXM@Z	public: void __thiscall DialogMenuDisplay::Update(float)	shell.o
0x0057EE70	0x0096E370	?UpdateWidescreen@DialogMenuDisplay@@UAEX_N@Z	public: virtual void __thiscall DialogMenuDisplay::UpdateWidescreen(bool)	shell.o
0x0057EEB0	0x0096E3B0	?Draw@DialogMenuDisplay@@QAEXXZ	public: void __thiscall DialogMenuDisplay::Draw(void)	shell.o
0x0057EF80	0x0096E480	?SetPanelFileSplitScreen@DialogMenuDisplay@@AAEXPAVPanelFile@@@Z	private: void __thiscall DialogMenuDisplay::SetPanelFileSplitScreen(class PanelFile *)	shell.o
0x0057EFF0	0x0096E4F0	?OnUp@DialogMenuDisplay@@QAEXXZ	public: void __thiscall DialogMenuDisplay::OnUp(void)	shell.o
0x0057F020	0x0096E520	?OnDown@DialogMenuDisplay@@QAEXXZ	public: void __thiscall DialogMenuDisplay::OnDown(void)	shell.o
0x0057F050	0x0096E550	?HighlightEntry@DialogMenuDisplay@@QAEXH@Z	public: void __thiscall DialogMenuDisplay::HighlightEntry(int)	shell.o
0x0057F070	0x0096E570	?UpdateSplitScreen@DialogMenuDisplay@@QAEXXZ	public: void __thiscall DialogMenuDisplay::UpdateSplitScreen(void)	shell.o
0x0057F0B0	0x0096E5B0	?Update@DialogMenuSystem@@UAEXM@Z	public: virtual void __thiscall DialogMenuSystem::Update(float)	shell.o
0x0057F160	0x0096E660	?OnButtonPress@DialogMenuSystem@@UAEXHH@Z	public: virtual void __thiscall DialogMenuSystem::OnButtonPress(int,int)	shell.o
0x0057F1A0	0x0096E6A0	?HighlightOption@DialogMenuSystem@@QAEXH@Z	public: void __thiscall DialogMenuSystem::HighlightOption(int)	shell.o
0x0057F1F0	0x0096E6F0	?MakeActive@DialogMenuSystem@@UAEXH@Z	public: virtual void __thiscall DialogMenuSystem::MakeActive(int)	shell.o
0x0057F230	0x0096E730	?UpdateSplitScreen@DialogMenuSystem@@UAEXXZ	public: virtual void __thiscall DialogMenuSystem::UpdateSplitScreen(void)	shell.o
0x0057F270	0x0096E770	?OnUp@DialogMenu@@UAEXH@Z	public: virtual void __thiscall DialogMenu::OnUp(int)	shell.o
0x0057F2D0	0x0096E7D0	?OnDown@DialogMenu@@UAEXH@Z	public: virtual void __thiscall DialogMenu::OnDown(int)	shell.o
0x0057F330	0x0096E830	?NewMenuActive@InGameMenuSystem@@MAEXXZ	protected: virtual void __thiscall InGameMenuSystem::NewMenuActive(void)	shell.o
0x0057F360	0x0096E860	?GetPanelFileUsers@InGameMenuSystem@@QAE_NPBDAAV?$ae_sized_array@PAVPanelFileUser@@$0M@@@@Z	public: bool __thiscall InGameMenuSystem::GetPanelFileUsers(char const *,class ae_sized_array<class PanelFileUser *,12> &)	shell.o
0x0057F6A0	0x0096EBA0	?DialogResponseContinue@MemCardCheckMenu@@SA_NH@Z	public: static bool __cdecl MemCardCheckMenu::DialogResponseContinue(int)	shell.o
0x0057F6C0	0x0096EBC0	?OnActivate@OptionsGameplayMenu@@UAEXXZ	public: virtual void __thiscall OptionsGameplayMenu::OnActivate(void)	shell.o
0x0057F810	0x0096ED10	?Draw@OptionsGameplayMenu@@UAEXXZ	public: virtual void __thiscall OptionsGameplayMenu::Draw(void)	shell.o
0x0057F840	0x0096ED40	?UpdateWidescreen@OptionsGameplayMenu@@UAEX_N@Z	public: virtual void __thiscall OptionsGameplayMenu::UpdateWidescreen(bool)	shell.o
0x0057F880	0x0096ED80	?OnTriangle@OptionsGameplayMenu@@UAEXH@Z	public: virtual void __thiscall OptionsGameplayMenu::OnTriangle(int)	shell.o
0x0057F900	0x0096EE00	?Draw@OptionsControlsMenu@@UAEXXZ	public: virtual void __thiscall OptionsControlsMenu::Draw(void)	shell.o
0x0057F930	0x0096EE30	?UpdateWidescreen@OptionsControlsMenu@@UAEX_N@Z	public: virtual void __thiscall OptionsControlsMenu::UpdateWidescreen(bool)	shell.o
0x0057F980	0x0096EE80	?AdjustGauge@OptionsControlsMenu@@AAEXPAVPanelQuad@@H@Z	private: void __thiscall OptionsControlsMenu::AdjustGauge(class PanelQuad *,int)	shell.o
0x0057F9C0	0x0096EEC0	?OnTriangle@OptionsControlsMenu@@UAEXH@Z	public: virtual void __thiscall OptionsControlsMenu::OnTriangle(int)	shell.o
0x0057FA90	0x0096EF90	?Draw@OptionsSoundMenu@@UAEXXZ	public: virtual void __thiscall OptionsSoundMenu::Draw(void)	shell.o
0x0057FAC0	0x0096EFC0	?UpdateWidescreen@OptionsSoundMenu@@UAEX_N@Z	public: virtual void __thiscall OptionsSoundMenu::UpdateWidescreen(bool)	shell.o
0x0057FB10	0x0096F010	?AdjustGauge@OptionsSoundMenu@@AAEXPAVPanelQuad@@H@Z	private: void __thiscall OptionsSoundMenu::AdjustGauge(class PanelQuad *,int)	shell.o
0x0057FB40	0x0096F040	?OnTriangle@OptionsSoundMenu@@UAEXH@Z	public: virtual void __thiscall OptionsSoundMenu::OnTriangle(int)	shell.o
0x0057FB80	0x0096F080	?OnActivate@OptionsStickMenu@@UAEXXZ	public: virtual void __thiscall OptionsStickMenu::OnActivate(void)	shell.o
0x0057FBC0	0x0096F0C0	?Draw@OptionsStickMenu@@UAEXXZ	public: virtual void __thiscall OptionsStickMenu::Draw(void)	shell.o
0x0057FBE0	0x0096F0E0	?UpdateWidescreen@OptionsStickMenu@@UAEX_N@Z	public: virtual void __thiscall OptionsStickMenu::UpdateWidescreen(bool)	shell.o
0x0057FC30	0x0096F130	?OnTriangle@OptionsStickMenu@@UAEXH@Z	public: virtual void __thiscall OptionsStickMenu::OnTriangle(int)	shell.o
0x0057FD40	0x0096F240	?Draw@OptionsButtonMenu@@UAEXXZ	public: virtual void __thiscall OptionsButtonMenu::Draw(void)	shell.o
0x0057FD70	0x0096F270	?UpdateWidescreen@OptionsButtonMenu@@UAEX_N@Z	public: virtual void __thiscall OptionsButtonMenu::UpdateWidescreen(bool)	shell.o
0x0057FDC0	0x0096F2C0	?OnTriangle@OptionsButtonMenu@@UAEXH@Z	public: virtual void __thiscall OptionsButtonMenu::OnTriangle(int)	shell.o
0x0057FE20	0x0096F320	?GetButtonAction@OptionsButtonMenu@@AAEHH@Z	private: int __thiscall OptionsButtonMenu::GetButtonAction(int)	shell.o
0x0057FED0	0x0096F3D0	?Draw@GammaScreenMenu@@UAEXXZ	public: virtual void __thiscall GammaScreenMenu::Draw(void)	shell.o
0x0057FEF0	0x0096F3F0	?AdjustGauge@GammaScreenMenu@@AAEXXZ	private: void __thiscall GammaScreenMenu::AdjustGauge(void)	shell.o
0x0057FF20	0x0096F420	?OnActivate@GammaScreenMenu@@UAEXXZ	public: virtual void __thiscall GammaScreenMenu::OnActivate(void)	shell.o
0x0057FF80	0x0096F480	?UpdateWidescreen@GammaScreenMenu@@UAEX_N@Z	public: virtual void __thiscall GammaScreenMenu::UpdateWidescreen(bool)	shell.o
0x0057FFC0	0x0096F4C0	?Draw@LoadingMenu@@UAEXXZ	public: virtual void __thiscall LoadingMenu::Draw(void)	shell.o
0x00580010	0x0096F510	?PickTip@LoadingMenu@@QAEXXZ	public: void __thiscall LoadingMenu::PickTip(void)	shell.o
0x00580230	0x0096F730	?UpdateWidescreen@LoadingMenu@@UAEX_N@Z	public: virtual void __thiscall LoadingMenu::UpdateWidescreen(bool)	shell.o
0x00580290	0x0096F790	?Draw@ControllerDisconnectedMenu@@UAEXXZ	public: virtual void __thiscall ControllerDisconnectedMenu::Draw(void)	shell.o
0x005803A0	0x0096F8A0	?OnActivate@VKMenu@@UAEXXZ	public: virtual void __thiscall VKMenu::OnActivate(void)	shell.o
0x00580420	0x0096F920	?OnDeactivate@VKMenu@@UAEXPAVFEMenu@@@Z	public: virtual void __thiscall VKMenu::OnDeactivate(class FEMenu *)	shell.o
0x00580440	0x0096F940	?Draw@VKMenu@@UAEXXZ	public: virtual void __thiscall VKMenu::Draw(void)	shell.o
0x00580490	0x0096F990	?PlaySound@VKMenu@@QAEXXZ	public: void __thiscall VKMenu::PlaySound(void)	shell.o
0x00580500	0x0096FA00	?UpdateWidescreen@VKMenu@@UAEX_N@Z	public: virtual void __thiscall VKMenu::UpdateWidescreen(bool)	shell.o
0x00580530	0x0096FA30	?AddCharacter@VKMenu@@AAEXH@Z	private: void __thiscall VKMenu::AddCharacter(int)	shell.o
0x00580670	0x0096FB70	?RemoveCharacter@VKMenu@@AAEXXZ	private: void __thiscall VKMenu::RemoveCharacter(void)	shell.o
0x00580730	0x0096FC30	?Draw@ProfileMainMenu@@UAEXXZ	public: virtual void __thiscall ProfileMainMenu::Draw(void)	shell.o
0x00580760	0x0096FC60	?UpdateWidescreen@ProfileMainMenu@@UAEX_N@Z	public: virtual void __thiscall ProfileMainMenu::UpdateWidescreen(bool)	shell.o
0x005807D0	0x0096FCD0	?OnTriangle@ProfileMainMenu@@UAEXH@Z	public: virtual void __thiscall ProfileMainMenu::OnTriangle(int)	shell.o
0x005807F0	0x0096FCF0	?OnSelectionChange@ProfileMainMenu@@AAEXXZ	private: void __thiscall ProfileMainMenu::OnSelectionChange(void)	shell.o
0x00580B00	0x00970000	?DeleteDone@ProfileMainMenu@@SAXH@Z	public: static void __cdecl ProfileMainMenu::DeleteDone(int)	shell.o
0x00580B40	0x00970040	?Draw@ProfileEditMenu@@UAEXXZ	public: virtual void __thiscall ProfileEditMenu::Draw(void)	shell.o
0x00580B60	0x00970060	?UpdateWidescreen@ProfileEditMenu@@UAEX_N@Z	public: virtual void __thiscall ProfileEditMenu::UpdateWidescreen(bool)	shell.o
0x00580BA0	0x009700A0	?OnActivate@ProfileEditMenu@@UAEXH@Z	public: virtual void __thiscall ProfileEditMenu::OnActivate(int)	shell.o
0x00580CD0	0x009701D0	?DialogResponseCancel@ProfileEditMenu@@CA_NH@Z	private: static bool __cdecl ProfileEditMenu::DialogResponseCancel(int)	shell.o
0x00580D30	0x00970230	??0ProfileManager@@QAE@XZ	public: __thiscall ProfileManager::ProfileManager(void)	shell.o
0x00580D90	0x00970290	?HasMemCard@ProfileManager@@QAE_NXZ	public: bool __thiscall ProfileManager::HasMemCard(void)	shell.o
0x00580DB0	0x009702B0	?IsProfileNameUsed@ProfileManager@@QBE_NPBD@Z	public: bool __thiscall ProfileManager::IsProfileNameUsed(char const *)const 	shell.o
0x00580E40	0x00970340	?GetProfiles@ProfileManager@@QAEHQAPAUProfile@1@@Z	public: int __thiscall ProfileManager::GetProfiles(struct ProfileManager::Profile * * const)	shell.o
0x00580EC0	0x009703C0	?FileExists@ProfileManager@@AAE_NXZ	private: bool __thiscall ProfileManager::FileExists(void)	shell.o
0x00580ED0	0x009703D0	?EnoughFreeSpace@ProfileManager@@QAE_NXZ	public: bool __thiscall ProfileManager::EnoughFreeSpace(void)	shell.o
0x00580F00	0x00970400	?SetProfile@ProfileManager@@QAEXPAUSaveGameData@@@Z	public: void __thiscall ProfileManager::SetProfile(struct SaveGameData *)	shell.o
0x00580F40	0x00970440	??0GameSettings@@QAE@XZ	public: __thiscall GameSettings::GameSettings(void)	shell.o
0x00581010	0x00970510	?dashboard_reboot_to_free_blocks@GameSettings@@QAEXXZ	public: void __thiscall GameSettings::dashboard_reboot_to_free_blocks(void)	shell.o
0x005810A0	0x009705A0	?SEH_ReadCharFromString@@YAIPAPBDPAH@Z	unsigned int __cdecl SEH_ReadCharFromString(char const * *,int *)	shell.o
0x00581200	0x00970700	?SEH_PrintStrlen@@YAHPBD@Z	int __cdecl SEH_PrintStrlen(char const *)	shell.o
0x00581370	0x00970870	?SE_GetNumFlags@@YAHXZ	int __cdecl SE_GetNumFlags(void)	shell.o
0x005813A0	0x009708A0	?SetText@UIListBoxItem@UIListBox@@QAEXPBD@Z	public: void __thiscall UIListBox::UIListBoxItem::SetText(char const *)	shell.o
0x00581460	0x00970960	?SetSelected@UIListBoxItem@UIListBox@@QAEX_N0@Z	public: void __thiscall UIListBox::UIListBoxItem::SetSelected(bool,bool)	shell.o
0x00581580	0x00970A80	?SetColor@UIListBoxItem@UIListBox@@QAEXVcolor32@@0@Z	public: void __thiscall UIListBox::UIListBoxItem::SetColor(class color32,class color32)	shell.o
0x00581650	0x00970B50	?SetEnabled@UIListBoxItem@UIListBox@@QAEX_N@Z	public: void __thiscall UIListBox::UIListBoxItem::SetEnabled(bool)	shell.o
0x005816B0	0x00970BB0	?RemoveAllItems@UIListBox@@QAEXXZ	public: void __thiscall UIListBox::RemoveAllItems(void)	shell.o
0x00581750	0x00970C50	?Update@UIListBox@@UAEXM@Z	public: virtual void __thiscall UIListBox::Update(float)	shell.o
0x00581910	0x00970E10	?Draw@UIListBox@@UAEXXZ	public: virtual void __thiscall UIListBox::Draw(void)	shell.o
0x00581990	0x00970E90	?SetItemState@UIListBox@@QAEXHHH@Z	public: void __thiscall UIListBox::SetItemState(int,int,int)	shell.o
0x00581A90	0x00970F90	?PlayNavigationSound@UIListBox@@IAEXXZ	protected: void __thiscall UIListBox::PlayNavigationSound(void)	shell.o
0x00581B00	0x00971000	?PageDown@UIListBox@@QAEXH@Z	public: void __thiscall UIListBox::PageDown(int)	shell.o
0x00581BC0	0x009710C0	?PageUp@UIListBox@@QAEXH@Z	public: void __thiscall UIListBox::PageUp(int)	shell.o
0x00581C70	0x00971170	?UpdateScrollBar@UIListBox@@IAEXXZ	protected: void __thiscall UIListBox::UpdateScrollBar(void)	shell.o
0x00581D40	0x00971240	?SetAllColumnsSelectable@UIListBox@@QAEX_N@Z	public: void __thiscall UIListBox::SetAllColumnsSelectable(bool)	shell.o
0x00581DC0	0x009712C0	?ClearHighlights@UIHighlightListBox@@QAEXXZ	public: void __thiscall UIHighlightListBox::ClearHighlights(void)	shell.o
0x00581E40	0x00971340	?UpdateHighlight@UIHighlightListBox@@IAEXXZ	protected: void __thiscall UIHighlightListBox::UpdateHighlight(void)	shell.o
0x00581F90	0x00971490	?SaveHighlightRowColor@UIHighlightListBox@@IAEXXZ	protected: void __thiscall UIHighlightListBox::SaveHighlightRowColor(void)	shell.o
0x005820C0	0x009715C0	?CheckIfLocalPlayer@UIPlayerListBox@@IAEXH@Z	protected: void __thiscall UIPlayerListBox::CheckIfLocalPlayer(int)	shell.o
0x005821F0	0x009716F0	?Update@IGOFrontEnd@@UAEXM@Z	public: virtual void __thiscall IGOFrontEnd::Update(float)	shell.o
0x00582550	0x00971A50	?Draw@IGOStanceWidget@@UAEXXZ	public: virtual void __thiscall IGOStanceWidget::Draw(void)	shell.o
0x00582650	0x00971B50	?UpdateWidescreen@IGOStanceWidget@@UAEX_NM@Z	public: virtual void __thiscall IGOStanceWidget::UpdateWidescreen(bool,float)	shell.o
0x005826B0	0x00971BB0	?Update@IGOHealthWidget@@UAEXM@Z	public: virtual void __thiscall IGOHealthWidget::Update(float)	shell.o
0x00582890	0x00971D90	?UpdateWidescreen@IGOHealthWidget@@UAEX_NM@Z	public: virtual void __thiscall IGOHealthWidget::UpdateWidescreen(bool,float)	shell.o
0x005828F0	0x00971DF0	?Update@IGOHQProgressBarWidget@@UAEXM@Z	public: virtual void __thiscall IGOHQProgressBarWidget::Update(float)	shell.o
0x00582B70	0x00972070	?UpdateWidescreen@IGOHQProgressBarWidget@@UAEX_NM@Z	public: virtual void __thiscall IGOHQProgressBarWidget::UpdateWidescreen(bool,float)	shell.o
0x00582BD0	0x009720D0	?UpdateSplitScreen@IGOHQProgressBarWidget@@UAEXHH@Z	public: virtual void __thiscall IGOHQProgressBarWidget::UpdateSplitScreen(int,int)	shell.o
0x00582C40	0x00972140	?UpdateWidescreen@IGORaiseFlagWidget@@UAEX_NM@Z	public: virtual void __thiscall IGORaiseFlagWidget::UpdateWidescreen(bool,float)	shell.o
0x00582C70	0x00972170	?Init@IGOTimerWidget@@UAEXPAVPanelFile@@@Z	public: virtual void __thiscall IGOTimerWidget::Init(class PanelFile *)	shell.o
0x00582D00	0x00972200	?UpdateWidescreen@IGOInGameScoreWidget@@UAEX_NM@Z	public: virtual void __thiscall IGOInGameScoreWidget::UpdateWidescreen(bool,float)	shell.o
0x00582D30	0x00972230	?UpdateWidescreen@IGOAmmoWidget@@UAEX_NM@Z	public: virtual void __thiscall IGOAmmoWidget::UpdateWidescreen(bool,float)	shell.o
0x00582D70	0x00972270	?UpdateWidescreen@IGOGrenadeWidget@@UAEX_NM@Z	public: virtual void __thiscall IGOGrenadeWidget::UpdateWidescreen(bool,float)	shell.o
0x00582DF0	0x009722F0	?UpdateWidescreen@IGOGrenadeCookWidget@@UAEX_NM@Z	public: virtual void __thiscall IGOGrenadeCookWidget::UpdateWidescreen(bool,float)	shell.o
0x00582E40	0x00972340	?UpdateSplitScreen@IGOGrenadeCookWidget@@UAEXHH@Z	public: virtual void __thiscall IGOGrenadeCookWidget::UpdateSplitScreen(int,int)	shell.o
0x00582E90	0x00972390	?UpdateWidescreen@IGOWeaponNameWidget@@UAEX_NM@Z	public: virtual void __thiscall IGOWeaponNameWidget::UpdateWidescreen(bool,float)	shell.o
0x00582EC0	0x009723C0	?Update@IGOActionHintWidget@@UAEXM@Z	public: virtual void __thiscall IGOActionHintWidget::Update(float)	shell.o
0x00583170	0x00972670	?UpdateWidescreen@IGOTankHealthWidget@@UAEX_NM@Z	public: virtual void __thiscall IGOTankHealthWidget::UpdateWidescreen(bool,float)	shell.o
0x005831B0	0x009726B0	?UpdateWidescreen@IGOTankLoadingWidget@@UAEX_NM@Z	public: virtual void __thiscall IGOTankLoadingWidget::UpdateWidescreen(bool,float)	shell.o
0x005831E0	0x009726E0	?UpdateWidescreen@IGOTankReticleWidget@@UAEX_NM@Z	public: virtual void __thiscall IGOTankReticleWidget::UpdateWidescreen(bool,float)	shell.o
0x00583230	0x00972730	?UpdateSplitScreen@IGOTankReticleWidget@@UAEXHH@Z	public: virtual void __thiscall IGOTankReticleWidget::UpdateSplitScreen(int,int)	shell.o
0x00583280	0x00972780	?UpdateWidescreen@IGORankWidget@@UAEX_NM@Z	public: virtual void __thiscall IGORankWidget::UpdateWidescreen(bool,float)	shell.o
0x005832C0	0x009727C0	?UpdateWidescreen@IGOVoteWidget@@UAEX_NM@Z	public: virtual void __thiscall IGOVoteWidget::UpdateWidescreen(bool,float)	shell.o
0x005832D0	0x009727D0	?Draw@IGOSpecialWeaponWidget@@UAEXXZ	public: virtual void __thiscall IGOSpecialWeaponWidget::Draw(void)	shell.o
0x005834B0	0x009729B0	?UpdateWidescreen@IGOSpecialWeaponWidget@@UAEX_NM@Z	public: virtual void __thiscall IGOSpecialWeaponWidget::UpdateWidescreen(bool,float)	shell.o
0x005834F0	0x009729F0	?DrawFlag@IGOWarStatusWidget@@QAEXHHHHHHM@Z	public: void __thiscall IGOWarStatusWidget::DrawFlag(int,int,int,int,int,int,float)	shell.o
0x00583640	0x00972B40	?UpdateWidescreen@IGOWarStatusWidget@@UAEX_NM@Z	public: virtual void __thiscall IGOWarStatusWidget::UpdateWidescreen(bool,float)	shell.o
0x00583890	0x00972D90	?UpdateWidescreen@IGOTankIconWidget@@UAEX_NM@Z	public: virtual void __thiscall IGOTankIconWidget::UpdateWidescreen(bool,float)	shell.o
0x00583970	0x00972E70	?UpdateSplitScreen@IGOCompassWidget@@UAEXHH@Z	public: virtual void __thiscall IGOCompassWidget::UpdateSplitScreen(int,int)	shell.o
0x00583A10	0x00972F10	?UpdateWidescreen@IGOCompassWidget@@UAEX_NM@Z	public: virtual void __thiscall IGOCompassWidget::UpdateWidescreen(bool,float)	shell.o
0x00583AA0	0x00972FA0	?CalculateMapObject@IGOCompassWidget@@AAEXPAVIGOMapObject@@MMM_N@Z	private: void __thiscall IGOCompassWidget::CalculateMapObject(class IGOMapObject *,float,float,float,bool)	shell.o
0x00583C40	0x00973140	?UpdateWidescreen@IGOJeepMapWidget@@UAEX_NM@Z	public: virtual void __thiscall IGOJeepMapWidget::UpdateWidescreen(bool,float)	shell.o
0x00583C70	0x00973170	?UpdateWidescreen@IGOHintWidget@@UAEX_NM@Z	public: virtual void __thiscall IGOHintWidget::UpdateWidescreen(bool,float)	shell.o
0x00583CD0	0x009731D0	?UpdateWidescreen@IGOGrenadeIndicator@@UAEX_NM@Z	public: virtual void __thiscall IGOGrenadeIndicator::UpdateWidescreen(bool,float)	shell.o
0x00583D00	0x00973200	?UpdateWidescreen@IGOHeadIcons@@UAEX_NM@Z	public: virtual void __thiscall IGOHeadIcons::UpdateWidescreen(bool,float)	shell.o
0x00583D30	0x00973230	?UpdateSplitScreen@IGOHeadIcons@@UAEXHH@Z	public: virtual void __thiscall IGOHeadIcons::UpdateSplitScreen(int,int)	shell.o
0x00583D60	0x00973260	?UpdateWidescreen@IGORowboatWidget@@UAEX_NM@Z	public: virtual void __thiscall IGORowboatWidget::UpdateWidescreen(bool,float)	shell.o
0x00583D90	0x00973290	?UpdateWidescreen@IGOItemIcons@@UAEX_NM@Z	public: virtual void __thiscall IGOItemIcons::UpdateWidescreen(bool,float)	shell.o
0x00583DC0	0x009732C0	?UpdateSplitScreen@IGOItemIcons@@UAEXHH@Z	public: virtual void __thiscall IGOItemIcons::UpdateSplitScreen(int,int)	shell.o
0x00583DF0	0x009732F0	?SetPos@PanelQuad@@UAEXQAM0@Z	public: virtual void __thiscall PanelQuad::SetPos(float * const,float * const)	shell.o
0x00584250	0x00973750	?ResetToInitialXY@PanelQuad@@UAEXXZ	public: virtual void __thiscall PanelQuad::ResetToInitialXY(void)	shell.o
0x005843D0	0x009738D0	??0PanelFile@@QAE@XZ	public: __thiscall PanelFile::PanelFile(void)	shell.o
0x005843F0	0x009738F0	?render@movie_manager@@SAXXZ	public: static void __cdecl movie_manager::render(void)	shell.o
0x00584430	0x00973930	?render2@movie_manager@@SA?AW4nvlFrameState@@XZ	public: static enum nvlFrameState __cdecl movie_manager::render2(void)	shell.o
0x00584460	0x00973960	?play_subtitle@subtitle_manager@@SA_NPBDPAD@Z	public: static bool __cdecl subtitle_manager::play_subtitle(char const *,char *)	shell.o
0x005848C0	0x00973DC0	?frame_advance@subtitle_manager@@SAXH@Z	public: static void __cdecl subtitle_manager::frame_advance(int)	shell.o
0x00584910	0x00973E10	?GetStringWidth@MultiLineString@@SAMPBDW4font_index@@MM@Z	public: static float __cdecl MultiLineString::GetStringWidth(char const *,enum font_index,float,float)	shell.o
0x00584AB0	0x00973FB0	?ParseForButtons@MultiLineString@@AAEXMM@Z	private: void __thiscall MultiLineString::ParseForButtons(float,float)	shell.o
0x00584DA0	0x009742A0	??0FEMultiLineText@@QAE@W4font_index@@MMHW4panel_layer@@MHHVcolor32@@@Z	public: __thiscall FEMultiLineText::FEMultiLineText(enum font_index,float,float,int,enum panel_layer,float,int,int,class color32)	shell.o
0x00584ED0	0x009743D0	?SetScaleAdjustButtons@FEMultiLineText@@UAEXMM@Z	public: virtual void __thiscall FEMultiLineText::SetScaleAdjustButtons(float,float)	shell.o
0x00584FC0	0x009744C0	?SetPos@FEMultiLineText@@UAEXMM@Z	public: virtual void __thiscall FEMultiLineText::SetPos(float,float)	shell.o
0x00585010	0x00974510	?Animate@FEMultiLineText@@MAEXPAVMat43@math@@M@Z	protected: virtual void __thiscall FEMultiLineText::Animate(class math::Mat43 *,float)	shell.o
0x005851D0	0x009746D0	?SetHigh@InGameOptionsMenu@@MAEXH_N@Z	protected: virtual void __thiscall InGameOptionsMenu::SetHigh(int,bool)	shell.o
0x00585240	0x00974740	?Update@AARInGameOptionsMenu@@UAEXM@Z	public: virtual void __thiscall AARInGameOptionsMenu::Update(float)	shell.o
0x00585260	0x00974760	?UpdateButtonFontForLanguage@FEManager@@QAEXXZ	public: void __thiscall FEManager::UpdateButtonFontForLanguage(void)	shell.o
0x005852E0	0x009747E0	?FindFont@FEManager@@QAE?AW4font_index@@PBD_N@Z	public: enum font_index __thiscall FEManager::FindFont(char const *,bool)	shell.o
0x00585450	0x00974950	?ReleaseFrontEnd@FEManager@@QAEXXZ	public: void __thiscall FEManager::ReleaseFrontEnd(void)	shell.o
0x00585490	0x00974990	?GetFont@FEManager@@QAEPAVnglFont@@W4font_index@@M@Z	public: class nglFont * __thiscall FEManager::GetFont(enum font_index,float)	shell.o
0x005854D0	0x009749D0	?GetPanelFileUsers@FEManager@@IAEXPBDAAV?$ae_sized_array@PAVPanelFileUser@@$0M@@@@Z	protected: void __thiscall FEManager::GetPanelFileUsers(char const *,class ae_sized_array<class PanelFileUser *,12> &)	shell.o
0x00585C70	0x00975170	??0FEMenuEntry@@QAE@PBDPAVFEMenu@@_NW4font_index@@H@Z	public: __thiscall FEMenuEntry::FEMenuEntry(char const *,class FEMenu *,bool,enum font_index,int)	shell.o
0x00585DA0	0x009752A0	?AddEntry@FEMenu@@UAEXHPBD@Z	public: virtual void __thiscall FEMenu::AddEntry(int,char const *)	shell.o
0x00585E60	0x00975360	?AddComboBox@FEMenu@@UAEPAVFEComboBox@@HHPAVFEText@@PAVPanelQuad@@1@Z	public: virtual class FEComboBox * __thiscall FEMenu::AddComboBox(int,int,class FEText *,class PanelQuad *,class PanelQuad *)	shell.o
0x00585F30	0x00975430	?AddComboBox@FEMenu@@UAEPAVFEComboBox@@HHPAVFEText@@0PAVPanelQuad@@1@Z	public: virtual class FEComboBox * __thiscall FEMenu::AddComboBox(int,int,class FEText *,class FEText *,class PanelQuad *,class PanelQuad *)	shell.o
0x00586000	0x00975500	?AddSlider@FEMenu@@UAEPAVFESlider@@HPAVPanelQuad@@PAVFEText@@@Z	public: virtual class FESlider * __thiscall FEMenu::AddSlider(int,class PanelQuad *,class FEText *)	shell.o
0x005860D0	0x009755D0	?AddSlider@FEMenu@@UAEPAVFESlider@@HPAVFEText@@0@Z	public: virtual class FESlider * __thiscall FEMenu::AddSlider(int,class FEText *,class FEText *)	shell.o
0x005861A0	0x009756A0	?AddDoubleEntry@FEMenu@@UAEPAVFEDoubleEntry@@HPAVFEText@@0@Z	public: virtual class FEDoubleEntry * __thiscall FEMenu::AddDoubleEntry(int,class FEText *,class FEText *)	shell.o
0x00586260	0x00975760	?OnLeft@FEComboBox@@UAEFXZ	public: virtual short __thiscall FEComboBox::OnLeft(void)	shell.o
0x00586310	0x00975810	?OnRight@FEComboBox@@UAEFXZ	public: virtual short __thiscall FEComboBox::OnRight(void)	shell.o
0x005863C0	0x009758C0	?OnLeft@FESlider@@UAEFXZ	public: virtual short __thiscall FESlider::OnLeft(void)	shell.o
0x005863F0	0x009758F0	?OnRight@FESlider@@UAEFXZ	public: virtual short __thiscall FESlider::OnRight(void)	shell.o
0x00586420	0x00975920	?Clear@FEMenuListBox@@QAEXXZ	public: void __thiscall FEMenuListBox::Clear(void)	shell.o
0x00586470	0x00975970	?CountDown@DialogMenuSystem@@AAEXM@Z	private: void __thiscall DialogMenuSystem::CountDown(float)	shell.o
0x00586570	0x00975A70	?Draw@DialogMenuSystem@@UAEXXZ	public: virtual void __thiscall DialogMenuSystem::Draw(void)	shell.o
0x00586640	0x00975B40	?SetState@DialogMenuSystem@@QAEXW4eState@1@@Z	public: void __thiscall DialogMenuSystem::SetState(enum DialogMenuSystem::eState)	shell.o
0x00586690	0x00975B90	?DefaultYesResponse@DialogMenuSystem@@SA_NH@Z	public: static bool __cdecl DialogMenuSystem::DefaultYesResponse(int)	shell.o
0x005866F0	0x00975BF0	?Activate@MemCardCheckMenu@@AAEXXZ	private: void __thiscall MemCardCheckMenu::Activate(void)	shell.o
0x00586730	0x00975C30	?Update@MemCardCheckMenu@@UAEXM@Z	public: virtual void __thiscall MemCardCheckMenu::Update(float)	shell.o
0x005867A0	0x00975CA0	?SetDefaultOptions@OptionsControlsMenu@@AAEXXZ	private: void __thiscall OptionsControlsMenu::SetDefaultOptions(void)	shell.o
0x00586980	0x00975E80	?AdjustOptions@OptionsControlsMenu@@AAEX_N@Z	private: void __thiscall OptionsControlsMenu::AdjustOptions(bool)	shell.o
0x00586B10	0x00976010	?SetDefaultOptions@OptionsSoundMenu@@AAEXXZ	private: void __thiscall OptionsSoundMenu::SetDefaultOptions(void)	shell.o
0x00586B60	0x00976060	?AdjustOptions@OptionsSoundMenu@@AAEX_N@Z	private: void __thiscall OptionsSoundMenu::AdjustOptions(bool)	shell.o
0x00586CD0	0x009761D0	?ReadControllerConfig@OptionsButtonMenu@@AAEXXZ	private: void __thiscall OptionsButtonMenu::ReadControllerConfig(void)	shell.o
0x00586D20	0x00976220	?SetPanelFile@ControllerDisconnectedMenu@@UAEXPAVPanelFile@@@Z	public: virtual void __thiscall ControllerDisconnectedMenu::SetPanelFile(class PanelFile *)	shell.o
0x00586E20	0x00976320	?OnActivate@ProfileMainMenu@@UAEXH@Z	public: virtual void __thiscall ProfileMainMenu::OnActivate(int)	shell.o
0x00586E50	0x00976350	?LoadProfilesDone@ProfileMainMenu@@QAEXXZ	public: void __thiscall ProfileMainMenu::LoadProfilesDone(void)	shell.o
0x00586FD0	0x009764D0	?SetPanelFile@ProfileEditMenu@@UAEXPAVPanelFile@@@Z	public: virtual void __thiscall ProfileEditMenu::SetPanelFile(class PanelFile *)	shell.o
0x00587130	0x00976630	?DialogDisplayFormatting@ProfileManager@@AAEXXZ	private: void __thiscall ProfileManager::DialogDisplayFormatting(void)	shell.o
0x005871C0	0x009766C0	?DialogDisplayNoMemDevice@ProfileManager@@AAEXXZ	private: void __thiscall ProfileManager::DialogDisplayNoMemDevice(void)	shell.o
0x00587250	0x00976750	?DialogResponseFreeMoreBlocks@ProfileManager@@CA_NH@Z	private: static bool __cdecl ProfileManager::DialogResponseFreeMoreBlocks(int)	shell.o
0x00587260	0x00976760	?DialogDisplayAutoSave@ProfileManager@@AAEXXZ	private: void __thiscall ProfileManager::DialogDisplayAutoSave(void)	shell.o
0x00587380	0x00976880	?save@GameSettings@@QAE?AW4eStatus@MemoryUnitManager@@XZ	public: enum MemoryUnitManager::eStatus __thiscall GameSettings::save(void)	shell.o
0x00587520	0x00976A20	?del@GameSettings@@QAE?AW4eStatus@MemoryUnitManager@@H@Z	public: enum MemoryUnitManager::eStatus __thiscall GameSettings::del(int)	shell.o
0x00587670	0x00976B70	?load@GameSettings@@QAE?AW4eStatus@MemoryUnitManager@@H@Z	public: enum MemoryUnitManager::eStatus __thiscall GameSettings::load(int)	shell.o
0x005877B0	0x00976CB0	?load_all@GameSettings@@QAE?AW4eStatus@MemoryUnitManager@@QAPAUSaveGameData@@@Z	public: enum MemoryUnitManager::eStatus __thiscall GameSettings::load_all(struct SaveGameData * * const)	shell.o
0x005878C0	0x00976DC0	?GetCurrentReference_ParseOnly@CStringEdPackage@@AAEPBDXZ	private: char const * __thiscall CStringEdPackage::GetCurrentReference_ParseOnly(void)	shell.o
0x005878D0	0x00976DD0	?SetRowEnabled@UIListBox@@QAEXH_N@Z	public: void __thiscall UIListBox::SetRowEnabled(int,bool)	shell.o
0x00587960	0x00976E60	?SetColumnStateCount@UIListBox@@QAEXHH@Z	public: void __thiscall UIListBox::SetColumnStateCount(int,int)	shell.o
0x00587BA0	0x009770A0	?SetItem@UIListBox@@QAEXHHPAVFEText@@H@Z	public: void __thiscall UIListBox::SetItem(int,int,class FEText *,int)	shell.o
0x00587CB0	0x009771B0	?SetItem@UIListBox@@QAEXHHPAVPanelQuad@@H@Z	public: void __thiscall UIListBox::SetItem(int,int,class PanelQuad *,int)	shell.o
0x00587DC0	0x009772C0	?SetText@UIListBox@@QAEXHHPBD@Z	public: void __thiscall UIListBox::SetText(int,int,char const *)	shell.o
0x00587F00	0x00977400	?MoveUp@UIListBox@@IAEFH@Z	protected: short __thiscall UIListBox::MoveUp(int)	shell.o
0x00587FF0	0x009774F0	?MoveDown@UIListBox@@IAEFH@Z	protected: short __thiscall UIListBox::MoveDown(int)	shell.o
0x005880E0	0x009775E0	?DeselectRow@UIListBox@@IAEXXZ	protected: void __thiscall UIListBox::DeselectRow(void)	shell.o
0x00588180	0x00977680	?SelectRow@UIListBox@@IAEXXZ	protected: void __thiscall UIListBox::SelectRow(void)	shell.o
0x00588220	0x00977720	?RestoreHighlightRowColor@UIHighlightListBox@@IAEXXZ	protected: void __thiscall UIHighlightListBox::RestoreHighlightRowColor(void)	shell.o
0x005882F0	0x009777F0	?ColorHighlightRow@UIHighlightListBox@@IAEXXZ	protected: void __thiscall UIHighlightListBox::ColorHighlightRow(void)	shell.o
0x00588390	0x00977890	?SetEntryColor@UIHighlightListBox@@QAEXHHVcolor32@@0@Z	public: void __thiscall UIHighlightListBox::SetEntryColor(int,int,class color32,class color32)	shell.o
0x00588400	0x00977900	?SetPlayerID@UIPlayerListBox@@QAEXHH@Z	public: void __thiscall UIPlayerListBox::SetPlayerID(int,int)	shell.o
0x00588480	0x00977980	?SetPlayerXUID@UIPlayerListBox@@QAEXHU_XUID@@@Z	public: void __thiscall UIPlayerListBox::SetPlayerXUID(int,struct _XUID)	shell.o
0x00588510	0x00977A10	?Update@IGOAmmoWidget@@UAEXM@Z	public: virtual void __thiscall IGOAmmoWidget::Update(float)	shell.o
0x00588920	0x00977E20	?GetPlayersTank@@YA?AV?$DbLinkedHandle@VEntityHandleDb@@VEntity@@@@XZ	class DbLinkedHandle<class EntityHandleDb,class Entity> __cdecl GetPlayersTank(void)	shell.o
0x00588A30	0x00977F30	?Update@IGOTankHealthWidget@@UAEXM@Z	public: virtual void __thiscall IGOTankHealthWidget::Update(float)	shell.o
0x00588AF0	0x00977FF0	?Update@IGOTankLoadingWidget@@UAEXM@Z	public: virtual void __thiscall IGOTankLoadingWidget::Update(float)	shell.o
0x00588B40	0x00978040	?Update@IGOTankReticleWidget@@UAEXM@Z	public: virtual void __thiscall IGOTankReticleWidget::Update(float)	shell.o
0x00588C90	0x00978190	?Draw@IGOWarStatusWidget@@UAEXXZ	public: virtual void __thiscall IGOWarStatusWidget::Draw(void)	shell.o
0x00588DF0	0x009782F0	?Update@IGOTankIconWidget@@UAEXM@Z	public: virtual void __thiscall IGOTankIconWidget::Update(float)	shell.o
0x005890A0	0x009785A0	?UpdateFriendlies@IGOCompassWidget@@AAEXXZ	private: void __thiscall IGOCompassWidget::UpdateFriendlies(void)	shell.o
0x005895F0	0x00978AF0	?UpdateEnemies@IGOCompassWidget@@AAEXXZ	private: void __thiscall IGOCompassWidget::UpdateEnemies(void)	shell.o
0x00589880	0x00978D80	?UpdateObjectives@IGOCompassWidget@@AAEXXZ	private: void __thiscall IGOCompassWidget::UpdateObjectives(void)	shell.o
0x00589AD0	0x00978FD0	?UpdateTanks@IGOCompassWidget@@AAEXXZ	private: void __thiscall IGOCompassWidget::UpdateTanks(void)	shell.o
0x00589F40	0x00979440	?DrawVehcile@IGOCompassWidget@@AAEXXZ	private: void __thiscall IGOCompassWidget::DrawVehcile(void)	shell.o
0x0058A020	0x00979520	?UpdateObjectivesABS@IGOCompassWidget@@AAEXXZ	private: void __thiscall IGOCompassWidget::UpdateObjectivesABS(void)	shell.o
0x0058A230	0x00979730	?UpdateEnemiesABS@IGOCompassWidget@@AAEXXZ	private: void __thiscall IGOCompassWidget::UpdateEnemiesABS(void)	shell.o
0x0058A4F0	0x009799F0	?UpdateTanksABS@IGOCompassWidget@@AAEXXZ	private: void __thiscall IGOCompassWidget::UpdateTanksABS(void)	shell.o
0x0058A9A0	0x00979EA0	?Update@IGOGrenadeIndicator@@UAEXM@Z	public: virtual void __thiscall IGOGrenadeIndicator::Update(float)	shell.o
0x0058AAA0	0x00979FA0	?Draw@IGOGrenadeIndicator@@UAEXXZ	public: virtual void __thiscall IGOGrenadeIndicator::Draw(void)	shell.o
0x0058ABE0	0x0097A0E0	?AddActiveGrenade@IGOGrenadeIndicator@@QAEXPBVEntity@@@Z	public: void __thiscall IGOGrenadeIndicator::AddActiveGrenade(class Entity const *)	shell.o
0x0058AC90	0x0097A190	?Update@IGOHeadIcons@@UAEXM@Z	public: virtual void __thiscall IGOHeadIcons::Update(float)	shell.o
0x0058B070	0x0097A570	?Draw@IGOHeadIcons@@UAEXXZ	public: virtual void __thiscall IGOHeadIcons::Draw(void)	shell.o
0x0058B680	0x0097AB80	?Update@IGOVoipList@@UAEXM@Z	public: virtual void __thiscall IGOVoipList::Update(float)	shell.o
0x0058B780	0x0097AC80	??0PanelQuad@@QAE@XZ	public: __thiscall PanelQuad::PanelQuad(void)	shell.o
0x0058B840	0x0097AD40	??0PanelQuad@@QAE@PAD@Z	public: __thiscall PanelQuad::PanelQuad(char *)	shell.o
0x0058B930	0x0097AE30	?CopyFrom@PanelQuad@@UAEXPBV1@@Z	public: virtual void __thiscall PanelQuad::CopyFrom(class PanelQuad const *)	shell.o
0x0058BAC0	0x0097AFC0	?Init@PanelQuad@@UAEXQAUvector@Broc@@QAVcolor32@@W4panel_layer@@MPBD@Z	public: virtual void __thiscall PanelQuad::Init(struct Broc::vector * const,class color32 * const,enum panel_layer,float,char const *)	shell.o
0x0058BC10	0x0097B110	?Load@PanelQuad@@UAEXPAVPanelMaterial@@PAEAAHPBVMat43@math@@@Z	public: virtual void __thiscall PanelQuad::Load(class PanelMaterial *,unsigned char *,int &,class math::Mat43 const *)	shell.o
0x0058C450	0x0097B950	?Clone@PanelQuad@@SAPAV1@PAV1@@Z	public: static class PanelQuad * __cdecl PanelQuad::Clone(class PanelQuad *)	shell.o
0x0058C4C0	0x0097B9C0	?Cleanup@PanelFile@@AAEXXZ	private: void __thiscall PanelFile::Cleanup(void)	shell.o
0x0058C5B0	0x0097BAB0	?Clone@PanelFile@@QAEPAV1@XZ	public: class PanelFile * __thiscall PanelFile::Clone(void)	shell.o
0x0058C770	0x0097BC70	?LoadPanelObject@PanelFile@@QAEXPAEAAHPBVMat43@math@@PBDF@Z	public: void __thiscall PanelFile::LoadPanelObject(unsigned char *,int &,class math::Mat43 const *,char const *,short)	shell.o
0x0058C8E0	0x0097BDE0	?LoadPanelText@PanelFile@@QAEXPAEAAHPBVMat43@math@@PBDF@Z	public: void __thiscall PanelFile::LoadPanelText(unsigned char *,int &,class math::Mat43 const *,char const *,short)	shell.o
0x0058CCF0	0x0097C1F0	?LoadPanelText2@PanelFile@@QAEXPAEAAHPBVMat43@math@@PBDF@Z	public: void __thiscall PanelFile::LoadPanelText2(unsigned char *,int &,class math::Mat43 const *,char const *,short)	shell.o
0x0058D330	0x0097C830	?frame_advance@movie_manager@@SAXXZ	public: static void __cdecl movie_manager::frame_advance(void)	shell.o
0x0058D3B0	0x0097C8B0	?Set@MultiLineString@@QAEXPBDW4font_index@@MM@Z	public: void __thiscall MultiLineString::Set(char const *,enum font_index,float,float)	shell.o
0x0058D500	0x0097CA00	?SetTextNoLocalize@FEMultiLineText@@UAEXPBD@Z	public: virtual void __thiscall FEMultiLineText::SetTextNoLocalize(char const *)	shell.o
0x0058D710	0x0097CC10	?SetTextAllocNoLocalize@FEMultiLineText@@UAEXPBDH@Z	public: virtual void __thiscall FEMultiLineText::SetTextAllocNoLocalize(char const *,int)	shell.o
0x0058D8E0	0x0097CDE0	?MakeBox@FEMultiLineText@@AAEHPBDHHMM_N@Z	private: int __thiscall FEMultiLineText::MakeBox(char const *,int,int,float,float,bool)	shell.o
0x0058DD60	0x0097D260	?SetFont@FEManager@@QAEXPAVnglFont@@PBD@Z	public: void __thiscall FEManager::SetFont(class nglFont *,char const *)	shell.o
0x0058DE00	0x0097D300	?HandlePanelFilePointer@FEManager@@QAEXPBDPAVPanelFile@@W4TPakId@@@Z	public: void __thiscall FEManager::HandlePanelFilePointer(char const *,class PanelFile *,enum TPakId)	shell.o
0x0058DF00	0x0097D400	?FEManagerSetFont@@YAXPAVnglFont@@PBD@Z	void __cdecl FEManagerSetFont(class nglFont *,char const *)	shell.o
0x0058DF20	0x0097D420	?Cleanup@FEMenu@@QAEXXZ	public: void __thiscall FEMenu::Cleanup(void)	shell.o
0x0058DFF0	0x0097D4F0	?AddListBoxEntry@FEMenu@@UAEPAVFEMenuListBox@@HPAVFEText@@H@Z	public: virtual class FEMenuListBox * __thiscall FEMenu::AddListBoxEntry(int,class FEText *,int)	shell.o
0x0058E0B0	0x0097D5B0	?PlayNavigationSoundWait@FEMenu@@UAEXXZ	public: virtual void __thiscall FEMenu::PlayNavigationSoundWait(void)	shell.o
0x0058E180	0x0097D680	??1FEComboBox@@UAE@XZ	public: virtual __thiscall FEComboBox::~FEComboBox(void)	shell.o
0x0058E270	0x0097D770	??1FESlider@@UAE@XZ	public: virtual __thiscall FESlider::~FESlider(void)	shell.o
0x0058E330	0x0097D830	?AddItem@FEMenuListBox@@QAE?BIABVstring@Broc@@H@Z	public: unsigned int const __thiscall FEMenuListBox::AddItem(class Broc::string const &,int)	shell.o
0x0058E3B0	0x0097D8B0	?BringUp@DialogMenuSystem@@QAEXPBD_N101@Z	public: void __thiscall DialogMenuSystem::BringUp(char const *,bool,bool,char const *,bool)	shell.o
0x0058E4C0	0x0097D9C0	?DialogDisplayNotifyAutoSave@MemCardCheckMenu@@QAEXXZ	public: void __thiscall MemCardCheckMenu::DialogDisplayNotifyAutoSave(void)	shell.o
0x0058E610	0x0097DB10	?DialogResponseNotifyAutoSave@MemCardCheckMenu@@SA_NH@Z	public: static bool __cdecl MemCardCheckMenu::DialogResponseNotifyAutoSave(int)	shell.o
0x0058E630	0x0097DB30	?OnActivate@OptionsControlsMenu@@UAEXH@Z	public: virtual void __thiscall OptionsControlsMenu::OnActivate(int)	shell.o
0x0058E770	0x0097DC70	?OnActivate@OptionsSoundMenu@@UAEXXZ	public: virtual void __thiscall OptionsSoundMenu::OnActivate(void)	shell.o
0x0058E8F0	0x0097DDF0	?OnActivate@OptionsButtonMenu@@UAEXXZ	public: virtual void __thiscall OptionsButtonMenu::OnActivate(void)	shell.o
0x0058E950	0x0097DE50	?DialogDisplaySaving@VKMenu@@QAEXXZ	public: void __thiscall VKMenu::DialogDisplaySaving(void)	shell.o
0x0058EA20	0x0097DF20	?DialogDisplaySaveSuccess@VKMenu@@QAEXXZ	public: void __thiscall VKMenu::DialogDisplaySaveSuccess(void)	shell.o
0x0058EB70	0x0097E070	?DialogDisplayNoMemDevice@VKMenu@@QAEXXZ	public: void __thiscall VKMenu::DialogDisplayNoMemDevice(void)	shell.o
0x0058ECC0	0x0097E1C0	?DialogDisplayProfileLoadSuccess@ProfileMainMenu@@SAXH@Z	public: static void __cdecl ProfileMainMenu::DialogDisplayProfileLoadSuccess(int)	shell.o
0x0058EE10	0x0097E310	?Format@ProfileManager@@QAEXXZ	public: void __thiscall ProfileManager::Format(void)	shell.o
0x0058EE90	0x0097E390	?DialogDisplayLoading@ProfileManager@@AAEXXZ	private: void __thiscall ProfileManager::DialogDisplayLoading(void)	shell.o
0x0058EF40	0x0097E440	?DialogDisplayDeleting@ProfileManager@@AAEXXZ	private: void __thiscall ProfileManager::DialogDisplayDeleting(void)	shell.o
0x0058EFF0	0x0097E4F0	?DialogDisplaySaving@ProfileManager@@AAEXXZ	private: void __thiscall ProfileManager::DialogDisplaySaving(void)	shell.o
0x0058F0B0	0x0097E5B0	?DialogDisplayOverwriting@ProfileManager@@AAEXXZ	private: void __thiscall ProfileManager::DialogDisplayOverwriting(void)	shell.o
0x0058F170	0x0097E670	?DialogDisplaySaveDone@ProfileManager@@AAEXXZ	private: void __thiscall ProfileManager::DialogDisplaySaveDone(void)	shell.o
0x0058F2D0	0x0097E7D0	?DialogDisplayDeleteDone@ProfileManager@@AAEXXZ	private: void __thiscall ProfileManager::DialogDisplayDeleteDone(void)	shell.o
0x0058F420	0x0097E920	?DialogDisplayNoData@ProfileManager@@AAEXXZ	private: void __thiscall ProfileManager::DialogDisplayNoData(void)	shell.o
0x0058F570	0x0097EA70	?DialogDisplayOverwrite@ProfileManager@@AAEXXZ	private: void __thiscall ProfileManager::DialogDisplayOverwrite(void)	shell.o
0x0058F700	0x0097EC00	?DialogDisplayNoFreeSpace@ProfileManager@@AAEXXZ	private: void __thiscall ProfileManager::DialogDisplayNoFreeSpace(void)	shell.o
0x0058F8A0	0x0097EDA0	?DialogDisplayLoadFailed@ProfileManager@@AAEXXZ	private: void __thiscall ProfileManager::DialogDisplayLoadFailed(void)	shell.o
0x0058F9F0	0x0097EEF0	?DialogDisplaySaveFailed@ProfileManager@@AAEXXZ	private: void __thiscall ProfileManager::DialogDisplaySaveFailed(void)	shell.o
0x0058FB50	0x0097F050	?DialogDisplayDeleteFailed@ProfileManager@@AAEXXZ	private: void __thiscall ProfileManager::DialogDisplayDeleteFailed(void)	shell.o
0x0058FCA0	0x0097F1A0	?DialogDisplayFormatFailed@ProfileManager@@AAEXXZ	private: void __thiscall ProfileManager::DialogDisplayFormatFailed(void)	shell.o
0x0058FE90	0x0097F390	?SE_GetFlagName@@YAPBDH@Z	char const * __cdecl SE_GetFlagName(int)	shell.o
0x0058FEF0	0x0097F3F0	?SE_GetLanguageName@@YAPBDH@Z	char const * __cdecl SE_GetLanguageName(int)	shell.o
0x0058FF50	0x0097F450	?SE_GetLanguageDir@@YAPBDH@Z	char const * __cdecl SE_GetLanguageDir(int)	shell.o
0x0058FFC0	0x0097F4C0	?Clear@UIListBox@@UAEXXZ	public: virtual void __thiscall UIListBox::Clear(void)	shell.o
0x00590050	0x0097F550	?ClearRow@UIListBox@@UAEXH@Z	public: virtual void __thiscall UIListBox::ClearRow(int)	shell.o
0x00590150	0x0097F650	?ResizeDataRows@UIListBox@@QAEXH@Z	public: void __thiscall UIListBox::ResizeDataRows(int)	shell.o
0x00590290	0x0097F790	?OnUp@UIListBox@@UAEFH@Z	public: virtual short __thiscall UIListBox::OnUp(int)	shell.o
0x00590340	0x0097F840	?OnDown@UIListBox@@UAEFH@Z	public: virtual short __thiscall UIListBox::OnDown(int)	shell.o
0x005903F0	0x0097F8F0	?SelectLine@UIListBox@@UAEXH@Z	public: virtual void __thiscall UIListBox::SelectLine(int)	shell.o
0x005904A0	0x0097F9A0	?SelectLine@UIListBox@@MAEXHH@Z	protected: virtual void __thiscall UIListBox::SelectLine(int,int)	shell.o
0x00590520	0x0097FA20	?Refresh@UIListBox@@UAEXXZ	public: virtual void __thiscall UIListBox::Refresh(void)	shell.o
0x005909B0	0x0097FEB0	?Clear@UIHighlightListBox@@UAEXXZ	public: virtual void __thiscall UIHighlightListBox::Clear(void)	shell.o
0x005909D0	0x0097FED0	?Refresh@UIHighlightListBox@@UAEXXZ	public: virtual void __thiscall UIHighlightListBox::Refresh(void)	shell.o
0x00590A00	0x0097FF00	?Clear@UIPlayerListBox@@UAEXXZ	public: virtual void __thiscall UIPlayerListBox::Clear(void)	shell.o
0x00590AB0	0x0097FFB0	?ClearRow@UIPlayerListBox@@UAEXH@Z	public: virtual void __thiscall UIPlayerListBox::ClearRow(int)	shell.o
0x00590AF0	0x0097FFF0	?AddActiveGrenade@IGOFrontEnd@@QAEXPBVEntity@@@Z	public: void __thiscall IGOFrontEnd::AddActiveGrenade(class Entity const *)	shell.o
0x00590B00	0x00980000	??0IGOWeaponNameWidget@@QAE@H@Z	public: __thiscall IGOWeaponNameWidget::IGOWeaponNameWidget(int)	shell.o
0x00590BF0	0x009800F0	?Update@IGOCompassWidget@@UAEXM@Z	public: virtual void __thiscall IGOCompassWidget::Update(float)	shell.o
0x00590E90	0x00980390	?Draw@IGOCompassWidget@@UAEXXZ	public: virtual void __thiscall IGOCompassWidget::Draw(void)	shell.o
0x00590F70	0x00980470	??1PanelQuad@@UAE@XZ	public: virtual __thiscall PanelQuad::~PanelQuad(void)	shell.o
0x00591070	0x00980570	??0FloatingPQ@@QAE@PAD@Z	public: __thiscall FloatingPQ::FloatingPQ(char *)	shell.o
0x005910E0	0x009805E0	?LoadPanelGeom@PanelFile@@QAEXPAEAAHPBVMat43@math@@@Z	public: void __thiscall PanelFile::LoadPanelGeom(unsigned char *,int &,class math::Mat43 const *)	shell.o
0x005913B0	0x009808B0	?load_movie@movie_manager@@SA_NPBD0@Z	public: static bool __cdecl movie_manager::load_movie(char const *,char const *)	shell.o
0x00591640	0x00980B40	?PakLoadCallback@movie_manager@@SAXM@Z	public: static void __cdecl movie_manager::PakLoadCallback(float)	shell.o
0x00591690	0x00980B90	?continue_playing_wait_for_keypress@movie_manager@@SAXXZ	public: static void __cdecl movie_manager::continue_playing_wait_for_keypress(void)	shell.o
0x005917C0	0x00980CC0	?SetTextBoxNoLocalize@FEMultiLineText@@UAEXVstring@Broc@@HM@Z	public: virtual void __thiscall FEMultiLineText::SetTextBoxNoLocalize(class Broc::string,int,float)	shell.o
0x00591930	0x00980E30	?SetTextBoxAllocNoLocalize@FEMultiLineText@@UAEXVstring@Broc@@HM@Z	public: virtual void __thiscall FEMultiLineText::SetTextBoxAllocNoLocalize(class Broc::string,int,float)	shell.o
0x00591B00	0x00981000	?OnTriangle@InGameOptionsMenu@@UAEXH@Z	public: virtual void __thiscall InGameOptionsMenu::OnTriangle(int)	shell.o
0x00591E10	0x00981310	?OnTriangle@AARInGameOptionsMenu@@UAEXH@Z	public: virtual void __thiscall AARInGameOptionsMenu::OnTriangle(int)	shell.o
0x00592150	0x00981650	??1FEMenu@@UAE@XZ	public: virtual __thiscall FEMenu::~FEMenu(void)	shell.o
0x005921B0	0x009816B0	??0FEMultiMenu@@QAE@PAVFEMenuSystem@@HH@Z	public: __thiscall FEMultiMenu::FEMultiMenu(class FEMenuSystem *,int,int)	shell.o
0x005922A0	0x009817A0	??1DialogMenuDisplay@@QAE@XZ	public: __thiscall DialogMenuDisplay::~DialogMenuDisplay(void)	shell.o
0x005922E0	0x009817E0	?PanelFileUnloaded@DialogMenuDisplay@@UAEXPAVPanelFile@@@Z	public: virtual void __thiscall DialogMenuDisplay::PanelFileUnloaded(class PanelFile *)	shell.o
0x00592340	0x00981840	??0DialogMenu@@QAE@PAVFEMenuSystem@@@Z	public: __thiscall DialogMenu::DialogMenu(class FEMenuSystem *)	shell.o
0x005923F0	0x009818F0	??0MemCardCheckMenu@@QAE@PAVFEMenuSystem@@@Z	public: __thiscall MemCardCheckMenu::MemCardCheckMenu(class FEMenuSystem *)	shell.o
0x00592430	0x00981930	??1MemCardCheckMenu@@UAE@XZ	public: virtual __thiscall MemCardCheckMenu::~MemCardCheckMenu(void)	shell.o
0x00592440	0x00981940	?DialogDisplayNoMemCard@MemCardCheckMenu@@QAEXXZ	public: void __thiscall MemCardCheckMenu::DialogDisplayNoMemCard(void)	shell.o
0x005925D0	0x00981AD0	?DialogDisplayNoFreeSpace@MemCardCheckMenu@@QAEXXZ	public: void __thiscall MemCardCheckMenu::DialogDisplayNoFreeSpace(void)	shell.o
0x00592760	0x00981C60	?DialogResponseRetry@MemCardCheckMenu@@SA_NH@Z	public: static bool __cdecl MemCardCheckMenu::DialogResponseRetry(int)	shell.o
0x00592800	0x00981D00	??0OptionsGameplayMenu@@QAE@PAVFEMenuSystem@@@Z	public: __thiscall OptionsGameplayMenu::OptionsGameplayMenu(class FEMenuSystem *)	shell.o
0x005928C0	0x00981DC0	??1OptionsGameplayMenu@@UAE@XZ	public: virtual __thiscall OptionsGameplayMenu::~OptionsGameplayMenu(void)	shell.o
0x00592950	0x00981E50	??0OptionsControlsMenu@@QAE@PAVFEMenuSystem@@@Z	public: __thiscall OptionsControlsMenu::OptionsControlsMenu(class FEMenuSystem *)	shell.o
0x00592A30	0x00981F30	??1OptionsControlsMenu@@UAE@XZ	public: virtual __thiscall OptionsControlsMenu::~OptionsControlsMenu(void)	shell.o
0x00592AC0	0x00981FC0	??0OptionsSoundMenu@@QAE@PAVFEMenuSystem@@@Z	public: __thiscall OptionsSoundMenu::OptionsSoundMenu(class FEMenuSystem *)	shell.o
0x00592B80	0x00982080	??1OptionsSoundMenu@@UAE@XZ	public: virtual __thiscall OptionsSoundMenu::~OptionsSoundMenu(void)	shell.o
0x00592C10	0x00982110	??0OptionsStickMenu@@QAE@PAVFEMenuSystem@@@Z	public: __thiscall OptionsStickMenu::OptionsStickMenu(class FEMenuSystem *)	shell.o
0x00592C70	0x00982170	??1OptionsStickMenu@@UAE@XZ	public: virtual __thiscall OptionsStickMenu::~OptionsStickMenu(void)	shell.o
0x00592CE0	0x009821E0	??0OptionsButtonMenu@@QAE@PAVFEMenuSystem@@@Z	public: __thiscall OptionsButtonMenu::OptionsButtonMenu(class FEMenuSystem *)	shell.o
0x00592D40	0x00982240	??1OptionsButtonMenu@@UAE@XZ	public: virtual __thiscall OptionsButtonMenu::~OptionsButtonMenu(void)	shell.o
0x00592DB0	0x009822B0	??0GammaScreenMenu@@QAE@PAVFEMenuSystem@@@Z	public: __thiscall GammaScreenMenu::GammaScreenMenu(class FEMenuSystem *)	shell.o
0x00592E20	0x00982320	??1GammaScreenMenu@@UAE@XZ	public: virtual __thiscall GammaScreenMenu::~GammaScreenMenu(void)	shell.o
0x00592E90	0x00982390	??0LoadingMenu@@QAE@PAVFEMenuSystem@@@Z	public: __thiscall LoadingMenu::LoadingMenu(class FEMenuSystem *)	shell.o
0x00592FF0	0x009824F0	??1LoadingMenu@@UAE@XZ	public: virtual __thiscall LoadingMenu::~LoadingMenu(void)	shell.o
0x00593080	0x00982580	?PanelFileUnloaded@LoadingMenu@@UAEXPAVPanelFile@@@Z	public: virtual void __thiscall LoadingMenu::PanelFileUnloaded(class PanelFile *)	shell.o
0x005931C0	0x009826C0	??0ControllerDisconnectedMenu@@QAE@XZ	public: __thiscall ControllerDisconnectedMenu::ControllerDisconnectedMenu(void)	shell.o
0x00593220	0x00982720	??0ProfileMainMenu@@QAE@PAVFEMenuSystem@@@Z	public: __thiscall ProfileMainMenu::ProfileMainMenu(class FEMenuSystem *)	shell.o
0x005932C0	0x009827C0	??1ProfileMainMenu@@UAE@XZ	public: virtual __thiscall ProfileMainMenu::~ProfileMainMenu(void)	shell.o
0x005933A0	0x009828A0	?DialogDisplayProfileLoading@ProfileMainMenu@@QAEXH@Z	public: void __thiscall ProfileMainMenu::DialogDisplayProfileLoading(int)	shell.o
0x005934A0	0x009829A0	??0ProfileEditMenu@@QAE@PAVFEMenuSystem@@@Z	public: __thiscall ProfileEditMenu::ProfileEditMenu(class FEMenuSystem *)	shell.o
0x00593530	0x00982A30	??1ProfileEditMenu@@UAE@XZ	public: virtual __thiscall ProfileEditMenu::~ProfileEditMenu(void)	shell.o
0x005935B0	0x00982AB0	?EnumProfiles@ProfileManager@@QAEXQAPAUSaveGameData@@@Z	public: void __thiscall ProfileManager::EnumProfiles(struct SaveGameData * * const)	shell.o
0x005936F0	0x00982BF0	?DeleteProfile@ProfileManager@@QAEXH@Z	public: void __thiscall ProfileManager::DeleteProfile(int)	shell.o
0x00593860	0x00982D60	?DeleteCorruptSave@ProfileManager@@QAEXXZ	public: void __thiscall ProfileManager::DeleteCorruptSave(void)	shell.o
0x00593910	0x00982E10	?DialogResponseDeleteCorruptSave@ProfileManager@@CA_NH@Z	private: static bool __cdecl ProfileManager::DialogResponseDeleteCorruptSave(int)	shell.o
0x00593930	0x00982E30	?DialogResponseConfirmFormat@ProfileManager@@CA_NH@Z	private: static bool __cdecl ProfileManager::DialogResponseConfirmFormat(int)	shell.o
0x005939E0	0x00982EE0	?DialogResponseFormat@ProfileManager@@CA_NH@Z	private: static bool __cdecl ProfileManager::DialogResponseFormat(int)	shell.o
0x00593A00	0x00982F00	?Load@PanelFile@@QAE_NPBDPAEH@Z	public: bool __thiscall PanelFile::Load(char const *,unsigned char *,int)	shell.o
0x00593AF0	0x00982FF0	?load_and_play_movie@movie_manager@@SAXPBD0@Z	public: static void __cdecl movie_manager::load_and_play_movie(char const *,char const *)	shell.o
0x00593C90	0x00983190	??0FEManager@@QAE@XZ	public: __thiscall FEManager::FEManager(void)	shell.o
0x00593D90	0x00983290	?GetDefaultPQ@FEManager@@QAEPAVPanelQuad@@XZ	public: class PanelQuad * __thiscall FEManager::GetDefaultPQ(void)	shell.o
0x00593F00	0x00983400	?DecodePanel@@YAXPBDPAEHW4TPakId@@PAVPakFile@@@Z	void __cdecl DecodePanel(char const *,unsigned char *,int,enum TPakId,class PakFile *)	shell.o
0x00593F60	0x00983460	?UnloadBank@FEManager@@QAEXW4TPakId@@@Z	public: void __thiscall FEManager::UnloadBank(enum TPakId)	shell.o
0x005940C0	0x009835C0	??0DialogMenuSystem@@QAE@H@Z	public: __thiscall DialogMenuSystem::DialogMenuSystem(int)	shell.o
0x005941D0	0x009836D0	??1DialogMenuSystem@@UAE@XZ	public: virtual __thiscall DialogMenuSystem::~DialogMenuSystem(void)	shell.o
0x005942A0	0x009837A0	??0VKMenu@@QAE@PAVFEMenuSystem@@@Z	public: __thiscall VKMenu::VKMenu(class FEMenuSystem *)	shell.o
0x005942F0	0x009837F0	??1VKMenu@@UAE@XZ	public: virtual __thiscall VKMenu::~VKMenu(void)	shell.o
0x00594300	0x00983800	?LoadSelectedProfile@ProfileMainMenu@@AAEX_N@Z	private: void __thiscall ProfileMainMenu::LoadSelectedProfile(bool)	shell.o
0x00594370	0x00983870	?EnumProfiles@ProfileManager@@QAEXQAPAUSaveGameData@@P6AXH@Z@Z	public: void __thiscall ProfileManager::EnumProfiles(struct SaveGameData * * const,void (__cdecl*)(int))	shell.o
0x005943F0	0x009838F0	?DeleteProfile@ProfileManager@@QAEXHP6AXH@Z@Z	public: void __thiscall ProfileManager::DeleteProfile(int,void (__cdecl*)(int))	shell.o
0x00594470	0x00983970	?DialogDisplayCorruptData@ProfileManager@@AAEXXZ	private: void __thiscall ProfileManager::DialogDisplayCorruptData(void)	shell.o
0x00594600	0x00983B00	?DialogDisplayFormat@ProfileManager@@AAEXXZ	private: void __thiscall ProfileManager::DialogDisplayFormat(void)	shell.o
0x00594790	0x00983C90	?GetPointer@PanelFile@@QAEPAVPanelQuad@@PBD@Z	public: class PanelQuad * __thiscall PanelFile::GetPointer(char const *)	shell.o
0x005948C0	0x00983DC0	?FindAnimObject@PanelFile@@QAEPAVPanelAnimObject@@PBD@Z	public: class PanelAnimObject * __thiscall PanelFile::FindAnimObject(char const *)	shell.o
0x00594900	0x00983E00	?SetPanelFileMain@InGameOptionsMenu@@IAEXPAVPanelFile@@@Z	protected: void __thiscall InGameOptionsMenu::SetPanelFileMain(class PanelFile *)	shell.o
0x00594E70	0x00984370	?SetPanelFileSplitScreen@InGameOptionsMenu@@IAEXPAVPanelFile@@@Z	protected: void __thiscall InGameOptionsMenu::SetPanelFileSplitScreen(class PanelFile *)	shell.o
0x00595200	0x00984700	?UpdateSplitScreenOptions@InGameOptionsMenu@@IAEXH@Z	protected: void __thiscall InGameOptionsMenu::UpdateSplitScreenOptions(int)	shell.o
0x00595690	0x00984B90	?OnUp@InGameOptionsMenu@@UAEXH@Z	public: virtual void __thiscall InGameOptionsMenu::OnUp(int)	shell.o
0x00595720	0x00984C20	?OnDown@InGameOptionsMenu@@UAEXH@Z	public: virtual void __thiscall InGameOptionsMenu::OnDown(int)	shell.o
0x005957B0	0x00984CB0	?SetPanelFile@AARInGameOptionsMenu@@UAEXPAVPanelFile@@@Z	public: virtual void __thiscall AARInGameOptionsMenu::SetPanelFile(class PanelFile *)	shell.o
0x005957E0	0x00984CE0	?OnActivate@AARInGameOptionsMenu@@UAEXXZ	public: virtual void __thiscall AARInGameOptionsMenu::OnActivate(void)	shell.o
0x005958A0	0x00984DA0	?InitDialogMenuSystem@FEManager@@QAEXXZ	public: void __thiscall FEManager::InitDialogMenuSystem(void)	shell.o
0x00595900	0x00984E00	??0FrontEndMenuSystem@@QAE@XZ	public: __thiscall FrontEndMenuSystem::FrontEndMenuSystem(void)	shell.o
0x00596030	0x00985530	?SetPanelFileMain@DialogMenuDisplay@@AAEXPAVPanelFile@@@Z	private: void __thiscall DialogMenuDisplay::SetPanelFileMain(class PanelFile *)	shell.o
0x005960B0	0x009855B0	??0InGameMenuSystem@@QAE@H@Z	public: __thiscall InGameMenuSystem::InGameMenuSystem(int)	shell.o
0x00596440	0x00985940	?SetPanelFile@OptionsGameplayMenu@@UAEXPAVPanelFile@@@Z	public: virtual void __thiscall OptionsGameplayMenu::SetPanelFile(class PanelFile *)	shell.o
0x005966A0	0x00985BA0	?SetPanelFile@OptionsControlsMenu@@UAEXPAVPanelFile@@@Z	public: virtual void __thiscall OptionsControlsMenu::SetPanelFile(class PanelFile *)	shell.o
0x00596890	0x00985D90	?SetPanelFile@OptionsSoundMenu@@UAEXPAVPanelFile@@@Z	public: virtual void __thiscall OptionsSoundMenu::SetPanelFile(class PanelFile *)	shell.o
0x00596B30	0x00986030	?SetPanelFile@OptionsStickMenu@@UAEXPAVPanelFile@@@Z	public: virtual void __thiscall OptionsStickMenu::SetPanelFile(class PanelFile *)	shell.o
0x00596CB0	0x009861B0	?SetPanelFile@OptionsButtonMenu@@UAEXPAVPanelFile@@@Z	public: virtual void __thiscall OptionsButtonMenu::SetPanelFile(class PanelFile *)	shell.o
0x00596E20	0x00986320	?SetPanelFile@GammaScreenMenu@@UAEXPAVPanelFile@@@Z	public: virtual void __thiscall GammaScreenMenu::SetPanelFile(class PanelFile *)	shell.o
0x00596FB0	0x009864B0	?OnActivate@LoadingMenu@@UAEXXZ	public: virtual void __thiscall LoadingMenu::OnActivate(void)	shell.o
0x00597120	0x00986620	?SetPanelFile@LoadingMenu@@UAEXPAVPanelFile@@@Z	public: virtual void __thiscall LoadingMenu::SetPanelFile(class PanelFile *)	shell.o
0x00597740	0x00986C40	?SetPanelFile@VKMenu@@UAEXPAVPanelFile@@@Z	public: virtual void __thiscall VKMenu::SetPanelFile(class PanelFile *)	shell.o
0x00597960	0x00986E60	?SetPanelFile@ProfileMainMenu@@UAEXPAVPanelFile@@@Z	public: virtual void __thiscall ProfileMainMenu::SetPanelFile(class PanelFile *)	shell.o
0x00597B10	0x00987010	?Select@ProfileMainMenu@@UAEXH@Z	public: virtual void __thiscall ProfileMainMenu::Select(int)	shell.o
0x00597BB0	0x009870B0	?DialogResponseDeleteConfirm@ProfileMainMenu@@SA_NH@Z	public: static bool __cdecl ProfileMainMenu::DialogResponseDeleteConfirm(int)	shell.o
0x00597C40	0x00987140	?EnumProfilesDone@ProfileManager@@QAEX_N@Z	public: void __thiscall ProfileManager::EnumProfilesDone(bool)	shell.o
0x00597E30	0x00987330	?CreateProfile@ProfileManager@@QAEXH@Z	public: void __thiscall ProfileManager::CreateProfile(int)	shell.o
0x00597FF0	0x009874F0	?SaveProfile@ProfileManager@@AAEXXZ	private: void __thiscall ProfileManager::SaveProfile(void)	shell.o
0x00598120	0x00987620	?SetScrollBarFromPanelFile@UIListBox@@QAEXPAVPanelFile@@@Z	public: void __thiscall UIListBox::SetScrollBarFromPanelFile(class PanelFile *)	shell.o
0x00598250	0x00987750	?Init@IGOStanceWidget@@UAEXPAVPanelFile@@@Z	public: virtual void __thiscall IGOStanceWidget::Init(class PanelFile *)	shell.o
0x00598330	0x00987830	?Init@IGOHealthWidget@@UAEXPAVPanelFile@@@Z	public: virtual void __thiscall IGOHealthWidget::Init(class PanelFile *)	shell.o
0x00598410	0x00987910	?Init@IGOHQProgressBarWidget@@UAEXPAVPanelFile@@@Z	public: virtual void __thiscall IGOHQProgressBarWidget::Init(class PanelFile *)	shell.o
0x005984D0	0x009879D0	?Init@IGORaiseFlagWidget@@UAEXPAVPanelFile@@@Z	public: virtual void __thiscall IGORaiseFlagWidget::Init(class PanelFile *)	shell.o
0x00598540	0x00987A40	?Init@IGOInGameScoreWidget@@UAEXPAVPanelFile@@@Z	public: virtual void __thiscall IGOInGameScoreWidget::Init(class PanelFile *)	shell.o
0x00598660	0x00987B60	?Init@IGOAmmoWidget@@UAEXPAVPanelFile@@@Z	public: virtual void __thiscall IGOAmmoWidget::Init(class PanelFile *)	shell.o
0x00598730	0x00987C30	?Init@IGOGrenadeWidget@@UAEXPAVPanelFile@@@Z	public: virtual void __thiscall IGOGrenadeWidget::Init(class PanelFile *)	shell.o
0x005988D0	0x00987DD0	?Init@IGOGrenadeCookWidget@@UAEXPAVPanelFile@@@Z	public: virtual void __thiscall IGOGrenadeCookWidget::Init(class PanelFile *)	shell.o
0x00598AB0	0x00987FB0	?Init@IGOTankHealthWidget@@UAEXPAVPanelFile@@@Z	public: virtual void __thiscall IGOTankHealthWidget::Init(class PanelFile *)	shell.o
0x00598B00	0x00988000	?Init@IGOTankLoadingWidget@@UAEXPAVPanelFile@@@Z	public: virtual void __thiscall IGOTankLoadingWidget::Init(class PanelFile *)	shell.o
0x00598B50	0x00988050	?Init@IGOTankReticleWidget@@UAEXPAVPanelFile@@@Z	public: virtual void __thiscall IGOTankReticleWidget::Init(class PanelFile *)	shell.o
0x00598D00	0x00988200	?Init@IGORankWidget@@UAEXPAVPanelFile@@@Z	public: virtual void __thiscall IGORankWidget::Init(class PanelFile *)	shell.o
0x00598D70	0x00988270	?Init@IGOVoteWidget@@UAEXPAVPanelFile@@@Z	public: virtual void __thiscall IGOVoteWidget::Init(class PanelFile *)	shell.o
0x00598DE0	0x009882E0	?Init@IGOSpecialWeaponWidget@@UAEXPAVPanelFile@@@Z	public: virtual void __thiscall IGOSpecialWeaponWidget::Init(class PanelFile *)	shell.o
0x00598E70	0x00988370	?Init@IGOWarStatusWidget@@UAEXPAVPanelFile@@@Z	public: virtual void __thiscall IGOWarStatusWidget::Init(class PanelFile *)	shell.o
0x00599D10	0x00989210	?Init@IGOTankIconWidget@@UAEXPAVPanelFile@@@Z	public: virtual void __thiscall IGOTankIconWidget::Init(class PanelFile *)	shell.o
0x00599FA0	0x009894A0	?Init@IGOCompassWidget@@QAEXPAVPanelFile@@_N@Z	public: void __thiscall IGOCompassWidget::Init(class PanelFile *,bool)	shell.o
0x0059A250	0x00989750	?Init@IGOJeepMapWidget@@UAEXPAVPanelFile@@@Z	public: virtual void __thiscall IGOJeepMapWidget::Init(class PanelFile *)	shell.o
0x0059A2E0	0x009897E0	?Init@IGOHintWidget@@UAEXPAVPanelFile@@@Z	public: virtual void __thiscall IGOHintWidget::Init(class PanelFile *)	shell.o
0x0059A5E0	0x00989AE0	?SetWeaponsPQs@IGOHintWidget@@QAEXPAVPanelFile@@0@Z	public: void __thiscall IGOHintWidget::SetWeaponsPQs(class PanelFile *,class PanelFile *)	shell.o
0x0059A780	0x00989C80	?Init@IGOGrenadeIndicator@@UAEXPAVPanelFile@@@Z	public: virtual void __thiscall IGOGrenadeIndicator::Init(class PanelFile *)	shell.o
0x0059A8A0	0x00989DA0	?Init@IGOHeadIcons@@UAEXPAVPanelFile@@@Z	public: virtual void __thiscall IGOHeadIcons::Init(class PanelFile *)	shell.o
0x0059A980	0x00989E80	?Init@IGORowboatWidget@@UAEXPAVPanelFile@@@Z	public: virtual void __thiscall IGORowboatWidget::Init(class PanelFile *)	shell.o
0x0059AA40	0x00989F40	?Init@IGOItemIcons@@UAEXPAVPanelFile@@@Z	public: virtual void __thiscall IGOItemIcons::Init(class PanelFile *)	shell.o
0x0059AB00	0x0098A000	??1IGOVoipList@@UAE@XZ	public: virtual __thiscall IGOVoipList::~IGOVoipList(void)	shell.o
0x0059AB50	0x0098A050	?Init@IGOVoipList@@UAEXPAVPanelFile@@@Z	public: virtual void __thiscall IGOVoipList::Init(class PanelFile *)	shell.o
0x0059ABC0	0x0098A0C0	?HideQuad@PanelFile@@QAEXPBD@Z	public: void __thiscall PanelFile::HideQuad(char const *)	shell.o
0x0059AC10	0x0098A110	?SetQuadVisible@PanelFile@@QAEXPBD_N@Z	public: void __thiscall PanelFile::SetQuadVisible(char const *,bool)	shell.o
0x0059AC60	0x0098A160	?SetPanelFile@InGameOptionsMenu@@UAEXPAVPanelFile@@@Z	public: virtual void __thiscall InGameOptionsMenu::SetPanelFile(class PanelFile *)	shell.o
0x0059ACB0	0x0098A1B0	?SwapMenus@InGameOptionsMenu@@MAEXXZ	protected: virtual void __thiscall InGameOptionsMenu::SwapMenus(void)	shell.o
0x0059ACD0	0x0098A1D0	?LoadFrontEnd@FEManager@@QAEXXZ	public: void __thiscall FEManager::LoadFrontEnd(void)	shell.o
0x0059AD70	0x0098A270	?LoadInGameMenus@FEManager@@QAEXXZ	public: void __thiscall FEManager::LoadInGameMenus(void)	shell.o
0x0059AE00	0x0098A300	?SetPanelFile@DialogMenuDisplay@@UAEXPAVPanelFile@@@Z	public: virtual void __thiscall DialogMenuDisplay::SetPanelFile(class PanelFile *)	shell.o
0x0059AE50	0x0098A350	?CreateProfileDone@VKMenu@@QAEXXZ	public: void __thiscall VKMenu::CreateProfileDone(void)	shell.o
0x0059AE70	0x0098A370	?DialogResponseDelete@ProfileMainMenu@@SA_NH@Z	public: static bool __cdecl ProfileMainMenu::DialogResponseDelete(int)	shell.o
0x0059AFC0	0x0098A4C0	?CreateProfile@ProfileManager@@QAEXHP6AXH@Z@Z	public: void __thiscall ProfileManager::CreateProfile(int,void (__cdecl*)(int))	shell.o
0x0059B040	0x0098A540	?Retry@ProfileManager@@QAEXXZ	public: void __thiscall ProfileManager::Retry(void)	shell.o
0x0059B130	0x0098A630	?SaveProfile@ProfileManager@@QAEXP6AXH@Z_N@Z	public: void __thiscall ProfileManager::SaveProfile(void (__cdecl*)(int),bool)	shell.o
0x0059B1B0	0x0098A6B0	?DialogResponseRetry@ProfileManager@@CA_NH@Z	private: static bool __cdecl ProfileManager::DialogResponseRetry(int)	shell.o
0x0059B1C0	0x0098A6C0	?DialogResponseConfirmCreateSave@ProfileManager@@CA_NH@Z	private: static bool __cdecl ProfileManager::DialogResponseConfirmCreateSave(int)	shell.o
0x0059B1F0	0x0098A6F0	?DialogResponseOverwrite@ProfileManager@@CA_NH@Z	private: static bool __cdecl ProfileManager::DialogResponseOverwrite(int)	shell.o
0x0059B220	0x0098A720	?SetupNewFileParse@CStringEdPackage@@QAEXPBDH@Z	public: void __thiscall CStringEdPackage::SetupNewFileParse(char const *,int)	shell.o
0x0059B2E0	0x0098A7E0	?ConvertCRLiterals_Read@CStringEdPackage@@AAEPBDPBD@Z	private: char const * __thiscall CStringEdPackage::ConvertCRLiterals_Read(char const *)	shell.o
0x0059B3E0	0x0098A8E0	?InsideQuotes@CStringEdPackage@@AAEPBDPBD@Z	private: char const * __thiscall CStringEdPackage::InsideQuotes(char const *)	shell.o
0x0059B5B0	0x0098AAB0	?GetFlagMask@CStringEdPackage@@QAEHPBD@Z	public: int __thiscall CStringEdPackage::GetFlagMask(char const *)	shell.o
0x0059B670	0x0098AB70	?SetString@CStringEdPackage@@AAEXPBD0H@Z	private: void __thiscall CStringEdPackage::SetString(char const *,char const *,int)	shell.o
0x0059B850	0x0098AD50	?SE_GetString@@YAPBDPBDH@Z	char const * __cdecl SE_GetString(char const *,int)	shell.o
0x0059B950	0x0098AE50	?SE_GetFlags@@YAHPBD@Z	int __cdecl SE_GetFlags(char const *)	shell.o
0x0059BA00	0x0098AF00	?SE_GetFlagMask@@YAHPBD@Z	int __cdecl SE_GetFlagMask(char const *)	shell.o
0x0059BB30	0x0098B030	?SE_BuildFileList@@YAHPBDAAV?$basic_string@DU?$char_traits@D@std@@V?$allocator@D@2@@std@@@Z	int __cdecl SE_BuildFileList(char const *,class std::basic_string<char,struct std::char_traits<char>,class std::allocator<char> > &)	shell.o
0x0059BB70	0x0098B070	??0UIListBox@@QAE@HHH_N@Z	public: __thiscall UIListBox::UIListBox(int,int,int,bool)	shell.o
0x0059BF60	0x0098B460	??0UIHighlightListBox@@QAE@HHH_N@Z	public: __thiscall UIHighlightListBox::UIHighlightListBox(int,int,int,bool)	shell.o
0x0059C020	0x0098B520	??0UIPlayerListBox@@QAE@HHH_N@Z	public: __thiscall UIPlayerListBox::UIPlayerListBox(int,int,int,bool)	shell.o
0x0059C0F0	0x0098B5F0	?SetPanelFile@IGOFrontEnd@@UAEXPAVPanelFile@@@Z	public: virtual void __thiscall IGOFrontEnd::SetPanelFile(class PanelFile *)	shell.o
0x0059C460	0x0098B960	?UpdateAfterWeaponsLoaded@IGOFrontEnd@@QAEXXZ	public: void __thiscall IGOFrontEnd::UpdateAfterWeaponsLoaded(void)	shell.o
0x0059C480	0x0098B980	??0IGOVoipList@@QAE@H@Z	public: __thiscall IGOVoipList::IGOVoipList(int)	shell.o
0x0059C4E0	0x0098B9E0	?CompleteName@VKMenu@@AAEXXZ	private: void __thiscall VKMenu::CompleteName(void)	shell.o
0x0059C560	0x0098BA60	?DialogDisplayProfileSelected@ProfileMainMenu@@QAEXXZ	public: void __thiscall ProfileMainMenu::DialogDisplayProfileSelected(void)	shell.o
0x0059C6B0	0x0098BBB0	?DialogResponseSave@ProfileEditMenu@@CA_NH@Z	private: static bool __cdecl ProfileEditMenu::DialogResponseSave(int)	shell.o
0x0059C720	0x0098BC20	?DialogDisplayFormatSuccess@ProfileManager@@AAEXXZ	private: void __thiscall ProfileManager::DialogDisplayFormatSuccess(void)	shell.o
0x0059C870	0x0098BD70	?DialogDisplayCreateSave@ProfileManager@@AAEXXZ	private: void __thiscall ProfileManager::DialogDisplayCreateSave(void)	shell.o
0x0059CA00	0x0098BF00	?SE_GetString@@YAPBDPBD0H@Z	char const * __cdecl SE_GetString(char const *,char const *,int)	shell.o
0x0059CA40	0x0098BF40	?SE_GetFlags@@YAHPBD0@Z	int __cdecl SE_GetFlags(char const *,char const *)	shell.o
0x0059CA80	0x0098BF80	??0IGOFrontEnd@@QAE@XZ	public: __thiscall IGOFrontEnd::IGOFrontEnd(void)	shell.o
0x0059D0C0	0x0098C5C0	?InitIGO@FEManager@@QAEXXZ	public: void __thiscall FEManager::InitIGO(void)	shell.o
0x0059D130	0x0098C630	?Select@VKMenu@@UAEXH@Z	public: virtual void __thiscall VKMenu::Select(int)	shell.o
0x0059D1A0	0x0098C6A0	?OnSquare@ProfileMainMenu@@UAEXH@Z	public: virtual void __thiscall ProfileMainMenu::OnSquare(int)	shell.o
0x0059D200	0x0098C700	?DialogDisplayConfirmSave@ProfileEditMenu@@AAEXXZ	private: void __thiscall ProfileEditMenu::DialogDisplayConfirmSave(void)	shell.o
0x0059D390	0x0098C890	?FinishOperation@ProfileManager@@AAEXXZ	private: void __thiscall ProfileManager::FinishOperation(void)	shell.o
0x0059D5C0	0x0098CAC0	?Update@ProfileManager@@QAEXXZ	public: void __thiscall ProfileManager::Update(void)	shell.o
0x0059D5F0	0x0098CAF0	?Update@VKMenu@@UAEXM@Z	public: virtual void __thiscall VKMenu::Update(float)	shell.o
0x0059D720	0x0098CC20	?OnTriangle@ProfileEditMenu@@UAEXH@Z	public: virtual void __thiscall ProfileEditMenu::OnTriangle(int)	shell.o
0x0059D790	0x0098CC90	?Clear@CStringEdPackage@@QAEXH@Z	public: void __thiscall CStringEdPackage::Clear(int)	shell.o
0x0059D850	0x0098CD50	?SE_NewLanguage@@YAXXZ	void __cdecl SE_NewLanguage(void)	shell.o
0x0059D8C0	0x0098CDC0	?SE_Init@@YAXXZ	void __cdecl SE_Init(void)	shell.o
0x0059D8D0	0x0098CDD0	?SE_ShutDown@@YAXXZ	void __cdecl SE_ShutDown(void)	shell.o
0x0059D8E0	0x0098CDE0	?SEH_UpdateLanguageInfo@@YAXXZ	void __cdecl SEH_UpdateLanguageInfo(void)	shell.o
0x0059D950	0x0098CE50	?SEH_Init_StringEd@@YAXXZ	void __cdecl SEH_Init_StringEd(void)	shell.o
0x0059D960	0x0098CE60	?SEH_Shutdown_StringEd@@YAXXZ	void __cdecl SEH_Shutdown_StringEd(void)	shell.o
0x0059D970	0x0098CE70	?SEH_Restart_StringEd@@YAXXZ	void __cdecl SEH_Restart_StringEd(void)	shell.o
0x0059D980	0x0098CE80	?AddEntry@CStringEdPackage@@AAEXPBD@Z	private: void __thiscall CStringEdPackage::AddEntry(char const *)	shell.o
0x0059DB40	0x0098D040	?AddFlagReference@CStringEdPackage@@AAEXPBD0@Z	private: void __thiscall CStringEdPackage::AddFlagReference(char const *,char const *)	shell.o
0x0059DD00	0x0098D200	?ParseLine@CStringEdPackage@@QAEPBDPBD@Z	public: char const * __thiscall CStringEdPackage::ParseLine(char const *)	shell.o
0x0059E060	0x0098D560	?DecodeStringTable@@YAXPBDPAEHW4TPakId@@@Z	void __cdecl DecodeStringTable(char const *,unsigned char *,int,enum TPakId)	shell.o
0x0059E1E0	0x0098D6E0	?SE_Load@@YAPBDPBDH@Z	char const * __cdecl SE_Load(char const *,int)	shell.o
0x0059E270	0x0098D770	?SE_GetNumLanguages@@YAHXZ	int __cdecl SE_GetNumLanguages(void)	shell.o
0x0059E670	0x0098DB70	?SE_LoadLanguage@@YAPBDPBDH@Z	char const * __cdecl SE_LoadLanguage(char const *,int)	shell.o
