ida_ea	name	signature	source_cpp
0x00563FE0	?Init@StubData@@QAEXXZ	public: void __thiscall StubData::Init(void)	
0x005641E0	?LoadData@StubData@@QAEXPAU1@@Z	public: void __thiscall StubData::LoadData(struct StubData *)	
0x00564400	?LoadDataLastMinFix@StubData@@QAEXPAU1@@Z	public: void __thiscall StubData::LoadDataLastMinFix(struct StubData *)	
0x00564610	?ApplyDifficulty@StubData@@QAEXXZ	public: void __thiscall StubData::ApplyDifficulty(void)	
0x00564620	?set@MPsharedStubData@@QAEXPAUStubData@@@Z	public: void __thiscall MPsharedStubData::set(struct StubData *)	
0x005648C0	?get@MPsharedStubData@@QBEXPAUStubData@@@Z	public: void __thiscall MPsharedStubData::get(struct StubData *)const 	
0x00564BB0	?ApplyControllerButtonConfig@@YAXH@Z	void __cdecl ApplyControllerButtonConfig(int)	
0x00564C70	?Init@SaveGameData@@QAEXXZ	public: void __thiscall SaveGameData::Init(void)	
0x00564D30	?LoadData@SaveGameData@@QAEXPAU1@@Z	public: void __thiscall SaveGameData::LoadData(struct SaveGameData *)	
0x00564F10	?ApplyControllerStickConfig@@YAXH@Z	void __cdecl ApplyControllerStickConfig(int)	
0x00564F70	??1IGOFrontEnd@@UAE@XZ	public: virtual __thiscall IGOFrontEnd::~IGOFrontEnd(void)	
0x00565110	?PanelFileUnloaded@IGOFrontEnd@@UAEXPAVPanelFile@@@Z	public: virtual void __thiscall IGOFrontEnd::PanelFileUnloaded(class PanelFile *)	
0x00565140	?UpdateInScene@IGOFrontEnd@@UAEXM@Z	public: virtual void __thiscall IGOFrontEnd::UpdateInScene(float)	
0x00565180	?SetTutorialText@IGOFrontEnd@@QAEXHH@Z	public: void __thiscall IGOFrontEnd::SetTutorialText(int,int)	
0x00565260	?SetActionHint@IGOFrontEnd@@QAEXHH@Z	public: void __thiscall IGOFrontEnd::SetActionHint(int,int)	
0x00565300	?DrawHint@IGOFrontEnd@@UAEXH@Z	public: virtual void __thiscall IGOFrontEnd::DrawHint(int)	
0x00565350	?Draw@IGOFrontEnd@@UAEXH@Z	public: virtual void __thiscall IGOFrontEnd::Draw(int)	
0x00565660	?Draw3DWorldSpace@IGOFrontEnd@@QAEXXZ	public: void __thiscall IGOFrontEnd::Draw3DWorldSpace(void)	
0x00565690	?UpdateSplitScreen@IGOFrontEnd@@QAEXXZ	public: void __thiscall IGOFrontEnd::UpdateSplitScreen(void)	
0x00565920	?ResetWidgets@IGOFrontEnd@@QAEXXZ	public: void __thiscall IGOFrontEnd::ResetWidgets(void)	
0x00565A40	?TurnOffMostWidgets@IGOFrontEnd@@QAEXXZ	public: void __thiscall IGOFrontEnd::TurnOffMostWidgets(void)	
0x00565B50	?SetForLiberatorBomber@IGOFrontEnd@@QAEXXZ	public: void __thiscall IGOFrontEnd::SetForLiberatorBomber(void)	
0x00565B60	?SetForLiberatorGround@IGOFrontEnd@@QAEXXZ	public: void __thiscall IGOFrontEnd::SetForLiberatorGround(void)	
0x00565BF0	?SetForTunisia@IGOFrontEnd@@QAEXXZ	public: void __thiscall IGOFrontEnd::SetForTunisia(void)	
0x00565C40	?SetHUDType@IGOFrontEnd@@QAEXW4hud_type@@H@Z	public: void __thiscall IGOFrontEnd::SetHUDType(enum hud_type,int)	
0x00565C80	?get_screensafe_left@@YAMXZ	float __cdecl get_screensafe_left(void)	
0x00565C90	?get_screensafe_right@@YAMXZ	float __cdecl get_screensafe_right(void)	
0x00565CA0	?get_screensafe_top@@YAMXZ	float __cdecl get_screensafe_top(void)	
0x00565CB0	?get_screensafe_bottom@@YAMXZ	float __cdecl get_screensafe_bottom(void)	
0x00565CC0	??0IGOStanceWidget@@QAE@H@Z	public: __thiscall IGOStanceWidget::IGOStanceWidget(int)	
0x00565D00	?Update@IGOStanceWidget@@UAEXM@Z	public: virtual void __thiscall IGOStanceWidget::Update(float)	
0x00565EA0	??0IGOHealthWidget@@QAE@H@Z	public: __thiscall IGOHealthWidget::IGOHealthWidget(int)	
0x00565EE0	?Draw@IGOHealthWidget@@UAEXXZ	public: virtual void __thiscall IGOHealthWidget::Draw(void)	
0x00565F50	??0IGOHQProgressBarWidget@@QAE@H@Z	public: __thiscall IGOHQProgressBarWidget::IGOHQProgressBarWidget(int)	
0x00565F90	??1IGOHQProgressBarWidget@@UAE@XZ	public: virtual __thiscall IGOHQProgressBarWidget::~IGOHQProgressBarWidget(void)	
0x00566020	?Draw@IGOHQProgressBarWidget@@UAEXXZ	public: virtual void __thiscall IGOHQProgressBarWidget::Draw(void)	
0x00566070	??0IGORaiseFlagWidget@@QAE@H@Z	public: __thiscall IGORaiseFlagWidget::IGORaiseFlagWidget(int)	
0x005660A0	??1IGORaiseFlagWidget@@UAE@XZ	public: virtual __thiscall IGORaiseFlagWidget::~IGORaiseFlagWidget(void)	
0x00566100	?Update@IGORaiseFlagWidget@@UAEXM@Z	public: virtual void __thiscall IGORaiseFlagWidget::Update(float)	
0x005661D0	?Draw@IGORaiseFlagWidget@@UAEXXZ	public: virtual void __thiscall IGORaiseFlagWidget::Draw(void)	
0x005661F0	??0IGOTimerWidget@@QAE@H@Z	public: __thiscall IGOTimerWidget::IGOTimerWidget(int)	
0x00566230	??1IGOTimerWidget@@UAE@XZ	public: virtual __thiscall IGOTimerWidget::~IGOTimerWidget(void)	
0x00566280	?Draw@IGOTimerWidget@@UAEXXZ	public: virtual void __thiscall IGOTimerWidget::Draw(void)	
0x005662A0	?UpdateWidescreen@IGOTimerWidget@@UAEX_NM@Z	public: virtual void __thiscall IGOTimerWidget::UpdateWidescreen(bool,float)	
0x005662C0	?UpdateSplitScreen@IGOTimerWidget@@UAEXHH@Z	public: virtual void __thiscall IGOTimerWidget::UpdateSplitScreen(int,int)	
0x005662F0	?setTimerValues@IGOTimerWidget@@AAEXXZ	private: void __thiscall IGOTimerWidget::setTimerValues(void)	
0x00566340	??0IGOInGameScoreWidget@@QAE@H@Z	public: __thiscall IGOInGameScoreWidget::IGOInGameScoreWidget(int)	
0x00566380	??1IGOInGameScoreWidget@@UAE@XZ	public: virtual __thiscall IGOInGameScoreWidget::~IGOInGameScoreWidget(void)	
0x00566400	?Update@IGOInGameScoreWidget@@UAEXM@Z	public: virtual void __thiscall IGOInGameScoreWidget::Update(float)	
0x005664F0	?Draw@IGOInGameScoreWidget@@UAEXXZ	public: virtual void __thiscall IGOInGameScoreWidget::Draw(void)	
0x00566530	??0IGOAmmoWidget@@QAE@H@Z	public: __thiscall IGOAmmoWidget::IGOAmmoWidget(int)	
0x00566560	?Draw@IGOAmmoWidget@@UAEXXZ	public: virtual void __thiscall IGOAmmoWidget::Draw(void)	
0x00566590	??0IGOGrenadeWidget@@QAE@H@Z	public: __thiscall IGOGrenadeWidget::IGOGrenadeWidget(int)	
0x005665F0	??1IGOGrenadeWidget@@UAE@XZ	public: virtual __thiscall IGOGrenadeWidget::~IGOGrenadeWidget(void)	
0x005666B0	?Update@IGOGrenadeWidget@@UAEXM@Z	public: virtual void __thiscall IGOGrenadeWidget::Update(float)	
0x00566BC0	?Draw@IGOGrenadeWidget@@UAEXXZ	public: virtual void __thiscall IGOGrenadeWidget::Draw(void)	
0x00566C50	??0IGOGrenadeCookWidget@@QAE@H@Z	public: __thiscall IGOGrenadeCookWidget::IGOGrenadeCookWidget(int)	
0x00566CE0	??1IGOGrenadeCookWidget@@UAE@XZ	public: virtual __thiscall IGOGrenadeCookWidget::~IGOGrenadeCookWidget(void)	
0x00566D50	?SetFuse@IGOGrenadeCookWidget@@QAEXMM@Z	public: void __thiscall IGOGrenadeCookWidget::SetFuse(float,float)	
0x00566D70	?Update@IGOGrenadeCookWidget@@UAEXM@Z	public: virtual void __thiscall IGOGrenadeCookWidget::Update(float)	
0x00566F50	?Draw@IGOGrenadeCookWidget@@UAEXXZ	public: virtual void __thiscall IGOGrenadeCookWidget::Draw(void)	
0x00566F90	?Init@IGOWeaponNameWidget@@UAEXPAVPanelFile@@@Z	public: virtual void __thiscall IGOWeaponNameWidget::Init(class PanelFile *)	
0x00567040	?Update@IGOWeaponNameWidget@@UAEXM@Z	public: virtual void __thiscall IGOWeaponNameWidget::Update(float)	
0x005672E0	?Draw@IGOWeaponNameWidget@@UAEXXZ	public: virtual void __thiscall IGOWeaponNameWidget::Draw(void)	
0x00567310	?Init@IGOActionHintWidget@@UAEXPAVPanelFile@@@Z	public: virtual void __thiscall IGOActionHintWidget::Init(class PanelFile *)	
0x00567320	?Draw@IGOActionHintWidget@@UAEXXZ	public: virtual void __thiscall IGOActionHintWidget::Draw(void)	
0x00567340	?UpdateWidescreen@IGOActionHintWidget@@UAEX_NM@Z	public: virtual void __thiscall IGOActionHintWidget::UpdateWidescreen(bool,float)	
0x00567360	?UpdateSplitScreen@IGOActionHintWidget@@UAEXHH@Z	public: virtual void __thiscall IGOActionHintWidget::UpdateSplitScreen(int,int)	
0x00567370	??0IGOTankHealthWidget@@QAE@H@Z	public: __thiscall IGOTankHealthWidget::IGOTankHealthWidget(int)	
0x005673B0	?Draw@IGOTankHealthWidget@@UAEXXZ	public: virtual void __thiscall IGOTankHealthWidget::Draw(void)	
0x00567420	??0IGOTankLoadingWidget@@QAE@H@Z	public: __thiscall IGOTankLoadingWidget::IGOTankLoadingWidget(int)	
0x00567450	?Draw@IGOTankLoadingWidget@@UAEXXZ	public: virtual void __thiscall IGOTankLoadingWidget::Draw(void)	
0x00567500	??0IGOTankReticleWidget@@QAE@H@Z	public: __thiscall IGOTankReticleWidget::IGOTankReticleWidget(int)	
0x00567530	?Draw@IGOTankReticleWidget@@UAEXXZ	public: virtual void __thiscall IGOTankReticleWidget::Draw(void)	
0x00567630	??0IGORankWidget@@QAE@H@Z	public: __thiscall IGORankWidget::IGORankWidget(int)	
0x00567660	?Update@IGORankWidget@@UAEXM@Z	public: virtual void __thiscall IGORankWidget::Update(float)	
0x00567760	?Draw@IGORankWidget@@UAEXXZ	public: virtual void __thiscall IGORankWidget::Draw(void)	
0x005677A0	??0IGOVoteWidget@@QAE@H@Z	public: __thiscall IGOVoteWidget::IGOVoteWidget(int)	
0x005677D0	?Update@IGOVoteWidget@@UAEXM@Z	public: virtual void __thiscall IGOVoteWidget::Update(float)	
0x005677F0	?Draw@IGOVoteWidget@@UAEXXZ	public: virtual void __thiscall IGOVoteWidget::Draw(void)	
0x00567820	??0IGOSpecialWeaponWidget@@QAE@H@Z	public: __thiscall IGOSpecialWeaponWidget::IGOSpecialWeaponWidget(int)	
0x00567860	?Update@IGOSpecialWeaponWidget@@UAEXM@Z	public: virtual void __thiscall IGOSpecialWeaponWidget::Update(float)	
0x005679F0	??0IGOWarStatusWidget@@QAE@H@Z	public: __thiscall IGOWarStatusWidget::IGOWarStatusWidget(int)	
0x00567A90	?Update@IGOWarStatusWidget@@UAEXM@Z	public: virtual void __thiscall IGOWarStatusWidget::Update(float)	
0x00567AA0	??0IGOTankIconWidget@@QAE@H@Z	public: __thiscall IGOTankIconWidget::IGOTankIconWidget(int)	
0x00567B00	?Rotate@IGOTankIconWidget@@QAEXPAVPanelQuad@@M@Z	public: void __thiscall IGOTankIconWidget::Rotate(class PanelQuad *,float)	
0x00567BE0	?Draw@IGOTankIconWidget@@UAEXXZ	public: virtual void __thiscall IGOTankIconWidget::Draw(void)	
0x00567CC0	?GetVehicleIndex@IGOTankIconWidget@@QBEHPAUscr_vehicle_t@@@Z	public: int __thiscall IGOTankIconWidget::GetVehicleIndex(struct scr_vehicle_t *)const 	
0x00567CF0	??1IGOCompassWidget@@UAE@XZ	public: virtual __thiscall IGOCompassWidget::~IGOCompassWidget(void)	
0x00567D00	?Draw3DObjective@IGOCompassWidget@@QAEXH@Z	public: void __thiscall IGOCompassWidget::Draw3DObjective(int)	
0x00567F80	?Draw3DObjectiveLocations@IGOCompassWidget@@QAEXXZ	public: void __thiscall IGOCompassWidget::Draw3DObjectiveLocations(void)	
0x00567FE0	?UpdateCompassDial@IGOCompassWidget@@AAEXXZ	private: void __thiscall IGOCompassWidget::UpdateCompassDial(void)	
0x005680D0	?UpdateCompassFrame@IGOCompassWidget@@AAEXXZ	private: void __thiscall IGOCompassWidget::UpdateCompassFrame(void)	
0x00568250	?DrawEnemies@IGOCompassWidget@@AAEXXZ	private: void __thiscall IGOCompassWidget::DrawEnemies(void)	
0x00568340	?DrawFriendlies@IGOCompassWidget@@AAEXXZ	private: void __thiscall IGOCompassWidget::DrawFriendlies(void)	
0x00568440	?DrawTanks@IGOCompassWidget@@AAEXXZ	private: void __thiscall IGOCompassWidget::DrawTanks(void)	
0x00568540	?DrawObjectives@IGOCompassWidget@@AAEXXZ	private: void __thiscall IGOCompassWidget::DrawObjectives(void)	
0x00568660	?CalculateRing@IGOCompassWidget@@AAEXPAVIGOMapObject@@M@Z	private: void __thiscall IGOCompassWidget::CalculateRing(class IGOMapObject *,float)	
0x00568850	?SetHideCompassStar@IGOCompassWidget@@QAEXHH@Z	public: void __thiscall IGOCompassWidget::SetHideCompassStar(int,int)	
0x00568870	?IsCompassStarHidden@IGOCompassWidget@@QAEHH@Z	public: int __thiscall IGOCompassWidget::IsCompassStarHidden(int)	
0x005688A0	?SetHideUpdatedText@IGOCompassWidget@@QAEXHH@Z	public: void __thiscall IGOCompassWidget::SetHideUpdatedText(int,int)	
0x005688C0	?IsUpdatedTextHidden@IGOCompassWidget@@QAEHH@Z	public: int __thiscall IGOCompassWidget::IsUpdatedTextHidden(int)	
0x005688F0	?ObjectiveStateIndexFromString@IGOCompassWidget@@SAHPBD@Z	public: static int __cdecl IGOCompassWidget::ObjectiveStateIndexFromString(char const *)	
0x005689A0	?UpdateVehcile@IGOCompassWidget@@AAEXXZ	private: void __thiscall IGOCompassWidget::UpdateVehcile(void)	
0x005689B0	??0IGOJeepMapWidget@@QAE@H@Z	public: __thiscall IGOJeepMapWidget::IGOJeepMapWidget(int)	
0x005689E0	?SetLevelMap@IGOJeepMapWidget@@QAEXHW4TPakId@@@Z	public: void __thiscall IGOJeepMapWidget::SetLevelMap(int,enum TPakId)	
0x00568A90	?WithinMap@IGOJeepMapWidget@@AAEXMMAAM0@Z	private: void __thiscall IGOJeepMapWidget::WithinMap(float,float,float &,float &)	
0x00568AD0	?Draw@IGOJeepMapWidget@@UAEXXZ	public: virtual void __thiscall IGOJeepMapWidget::Draw(void)	
0x00568AF0	??0IGOHintWidget@@QAE@H@Z	public: __thiscall IGOHintWidget::IGOHintWidget(int)	
0x00568B50	?Draw@IGOHintWidget@@UAEXXZ	public: virtual void __thiscall IGOHintWidget::Draw(void)	
0x00568BA0	??1IGOGrenadeIndicator@@UAE@XZ	public: virtual __thiscall IGOGrenadeIndicator::~IGOGrenadeIndicator(void)	
0x00568C30	?ValidHudGrenade@IGOGrenadeIndicator@@ABE_NPBVEntity@@MAAY02MAAM@Z	private: bool __thiscall IGOGrenadeIndicator::ValidHudGrenade(class Entity const *,float,float (&)[3],float &)const 	
0x00568D70	?CalcGrenadeAlpha@IGOGrenadeIndicator@@ABEMMMM@Z	private: float __thiscall IGOGrenadeIndicator::CalcGrenadeAlpha(float,float,float)const 	
0x00568DE0	?DrawGrenadeIcon@IGOGrenadeIndicator@@ABEXMMM@Z	private: void __thiscall IGOGrenadeIndicator::DrawGrenadeIcon(float,float,float)const 	
0x00568E80	?DrawGrenadeArrow@IGOGrenadeIndicator@@ABEXMMMM@Z	private: void __thiscall IGOGrenadeIndicator::DrawGrenadeArrow(float,float,float,float)const 	
0x00568F50	?CanBePickUp@IGOGrenadeIndicator@@QAE_NXZ	public: bool __thiscall IGOGrenadeIndicator::CanBePickUp(void)	
0x00568F60	?SetDefaultIcon@IGOGrenadeIndicator@@QAEXXZ	public: void __thiscall IGOGrenadeIndicator::SetDefaultIcon(void)	
0x00568F70	??0IGOHeadIcons@@QAE@H@Z	public: __thiscall IGOHeadIcons::IGOHeadIcons(int)	
0x00568F90	??1IGOHeadIcons@@UAE@XZ	public: virtual __thiscall IGOHeadIcons::~IGOHeadIcons(void)	
0x00568FA0	??0IGORowboatWidget@@QAE@XZ	public: __thiscall IGORowboatWidget::IGORowboatWidget(void)	
0x00568FD0	?Update@IGORowboatWidget@@UAEXM@Z	public: virtual void __thiscall IGORowboatWidget::Update(float)	
0x00569180	?Draw@IGORowboatWidget@@UAEXXZ	public: virtual void __thiscall IGORowboatWidget::Draw(void)	
0x005691B0	??0IGOItemIcons@@QAE@H@Z	public: __thiscall IGOItemIcons::IGOItemIcons(int)	
0x005691D0	??1IGOItemIcons@@UAE@XZ	public: virtual __thiscall IGOItemIcons::~IGOItemIcons(void)	
0x005691E0	?Update@IGOItemIcons@@UAEXM@Z	public: virtual void __thiscall IGOItemIcons::Update(float)	
0x005691F0	?Draw@IGOItemIcons@@AAEXPAVEntity@@ABVPosition3@math@@H@Z	private: void __thiscall IGOItemIcons::Draw(class Entity *,class math::Position3 const &,int)	
0x00569530	?Draw@IGOItemIcons@@UAEXXZ	public: virtual void __thiscall IGOItemIcons::Draw(void)	
0x005696B0	?Draw@IGOVoipList@@UAEXXZ	public: virtual void __thiscall IGOVoipList::Draw(void)	
0x005696D0	??0PanelQuadSection@@QAE@XZ	public: __thiscall PanelQuadSection::PanelQuadSection(void)	
0x005696F0	?SetInitialXY@PanelQuadSection@@QAEXQAUvector@Broc@@@Z	public: void __thiscall PanelQuadSection::SetInitialXY(struct Broc::vector * const)	
0x00569720	?SetXYInitialToCurrentPos@PanelQuadSection@@QAEXXZ	public: void __thiscall PanelQuadSection::SetXYInitialToCurrentPos(void)	
0x00569750	?Rotate@PanelQuadSection@@QAEXMMM@Z	public: void __thiscall PanelQuadSection::Rotate(float,float,float)	
0x005697E0	?Scale@PanelQuadSection@@QAEXMMMM@Z	public: void __thiscall PanelQuadSection::Scale(float,float,float,float)	
0x005698B0	?ScaleAbsoluteCenter@PanelQuadSection@@QAEXMMMM@Z	public: void __thiscall PanelQuadSection::ScaleAbsoluteCenter(float,float,float,float)	
0x00569AB0	?SetColorVert@PanelQuadSection@@QAEXHVcolor32@@@Z	public: void __thiscall PanelQuadSection::SetColorVert(int,class color32)	
0x00569AF0	?SetUV@PanelQuadSection@@QAEXQAM0@Z	public: void __thiscall PanelQuadSection::SetUV(float * const,float * const)	
0x00569B30	?SetUV@PanelQuadSection@@QAEXQAUvector@Broc@@@Z	public: void __thiscall PanelQuadSection::SetUV(struct Broc::vector * const)	
0x00569B70	?SetPos@PanelQuadSection@@QAEXQAM0@Z	public: void __thiscall PanelQuadSection::SetPos(float * const,float * const)	
0x00569BB0	?SetPos@PanelQuadSection@@QAEXQAUvector@Broc@@@Z	public: void __thiscall PanelQuadSection::SetPos(struct Broc::vector * const)	
0x00569BF0	?ResetToInitialXY@PanelQuadSection@@QAEXXZ	public: void __thiscall PanelQuadSection::ResetToInitialXY(void)	
0x00569C60	?GetMax@PanelQuadSection@@QAE?AUvector@Broc@@XZ	public: struct Broc::vector __thiscall PanelQuadSection::GetMax(void)	
0x00569D00	?GetMin@PanelQuadSection@@QAE?AUvector@Broc@@XZ	public: struct Broc::vector __thiscall PanelQuadSection::GetMin(void)	
0x00569DA0	?GetInitialMax@PanelQuadSection@@QAE?AUvector@Broc@@XZ	public: struct Broc::vector __thiscall PanelQuadSection::GetInitialMax(void)	
0x00569E50	?GetInitialMin@PanelQuadSection@@QAE?AUvector@Broc@@XZ	public: struct Broc::vector __thiscall PanelQuadSection::GetInitialMin(void)	
0x00569F00	?GetMaxUV@PanelQuadSection@@QAE?AUvector@Broc@@XZ	public: struct Broc::vector __thiscall PanelQuadSection::GetMaxUV(void)	
0x00569FB0	?GetMinUV@PanelQuadSection@@QAE?AUvector@Broc@@XZ	public: struct Broc::vector __thiscall PanelQuadSection::GetMinUV(void)	
0x0056A050	?Shift@PanelQuadSection@@QAEXMM@Z	public: void __thiscall PanelQuadSection::Shift(float,float)	
0x0056A0E0	?ShiftXYInitial@PanelQuadSection@@QAEXMM@Z	public: void __thiscall PanelQuadSection::ShiftXYInitial(float,float)	
0x0056A130	?Animate@PanelQuadSection@@QAEXPAVMat43@math@@M_N@Z	public: void __thiscall PanelQuadSection::Animate(class math::Mat43 *,float,bool)	
0x0056A280	?Fatten@PanelQuadSection@@QAEXMM@Z	public: void __thiscall PanelQuadSection::Fatten(float,float)	
0x0056A2F0	?Draw@PanelQuadSection@@QAEXII@Z	public: void __thiscall PanelQuadSection::Draw(unsigned int,unsigned int)	
0x0056A3B0	?FormatForSplitScreen@PanelQuadSection@@QAEXHH@Z	public: void __thiscall PanelQuadSection::FormatForSplitScreen(int,int)	
0x0056A690	?MoveForSplitScreen@PanelQuadSection@@QAEXHH@Z	public: void __thiscall PanelQuadSection::MoveForSplitScreen(int,int)	
0x0056A810	?CopyFrom@PanelQuadSection@@QAEXPAV1@@Z	public: void __thiscall PanelQuadSection::CopyFrom(class PanelQuadSection *)	
0x0056A8A0	?LocalizedGetTexture@@YAPAUnglTexture@@PBD@Z	struct nglTexture * __cdecl LocalizedGetTexture(char const *)	
0x0056A9A0	?MultiplyColors@@YA?AVcolor32@@V1@0@Z	class color32 __cdecl MultiplyColors(class color32,class color32)	
0x0056AA40	?CountSharedVertices@@YAHPAFHHPAH@Z	int __cdecl CountSharedVertices(short *,int,int,int *)	
0x0056AB10	?evenly_divides@@YA_NMM@Z	bool __cdecl evenly_divides(float,float)	
0x0056AB40	?round_to_nearest_halfpi@@YAHM@Z	int __cdecl round_to_nearest_halfpi(float)	
0x0056AB80	?SetBlend@PanelQuad@@QAEXI@Z	public: void __thiscall PanelQuad::SetBlend(unsigned int)	
0x0056AB90	?SetMaterialFlags@PanelQuad@@UAEXI@Z	public: virtual void __thiscall PanelQuad::SetMaterialFlags(unsigned int)	
0x0056ABA0	?SetPos@PanelQuad@@UAEXMMMM@Z	public: virtual void __thiscall PanelQuad::SetPos(float,float,float,float)	
0x0056AC00	?FattenMeForPS2@PanelQuad@@QAEXXZ	public: void __thiscall PanelQuad::FattenMeForPS2(void)	
0x0056AC10	?FattenMeForGC@PanelQuad@@QAEXXZ	public: void __thiscall PanelQuad::FattenMeForGC(void)	
0x0056AC20	?FormatHUDForSplitScreen@PanelQuad@@QAEXHHHMM@Z	public: void __thiscall PanelQuad::FormatHUDForSplitScreen(int,int,int,float,float)	
0x0056AD40	?UpdateInScene@FloatingPQ@@UAEXXZ	public: virtual void __thiscall FloatingPQ::UpdateInScene(void)	
0x0056ADC0	?PreMashFixup@PanelFile@@QAEXXZ	public: void __thiscall PanelFile::PreMashFixup(void)	
0x0056ADD0	?ConvertTextColor@@YA?AVcolor32@@I@Z	class color32 __cdecl ConvertTextColor(unsigned int)	
0x0056AE00	?ReadColor@@YA?AVcolor32@@PAEAAH@Z	class color32 __cdecl ReadColor(unsigned char *,int &)	
0x0056AE40	?ReadLong@@YAIPAEAAH@Z	unsigned int __cdecl ReadLong(unsigned char *,int &)	
0x0056AE80	?ReadChar@@YAEPAEAAH@Z	unsigned char __cdecl ReadChar(unsigned char *,int &)	
0x0056AEA0	?ReadFloat@@YAMPAEAAH@Z	float __cdecl ReadFloat(unsigned char *,int &)	
0x0056AEE0	?ReadShort@@YAFPAEAAH@Z	short __cdecl ReadShort(unsigned char *,int &)	
0x0056AF00	?ReadString@@YAXPAEAAHAAVstring@Broc@@@Z	void __cdecl ReadString(unsigned char *,int &,class Broc::string &)	
0x0056AF50	?ReadStringPointer@@YAPADPAEAAH@Z	char * __cdecl ReadStringPointer(unsigned char *,int &)	
0x0056AFA0	?ReadVector3d@@YAXAAUvector@Broc@@PAEAAH@Z	void __cdecl ReadVector3d(struct Broc::vector &,unsigned char *,int &)	
0x0056B050	?ReadVector2d@@YAXAAUvector@Broc@@PAEAAH@Z	void __cdecl ReadVector2d(struct Broc::vector &,unsigned char *,int &)	
0x0056B0D0	?make_euler@@YAXAAVMat43@math@@ABUvector@Broc@@@Z	void __cdecl make_euler(class math::Mat43 &,struct Broc::vector const &)	
0x0056B2C0	?make_euler@@YAXAAVMat43@math@@M@Z	void __cdecl make_euler(class math::Mat43 &,float)	
0x0056B3C0	?eq_to_tolerance@@YA_NMMM@Z	bool __cdecl eq_to_tolerance(float,float,float)	
0x0056B400	?ConvertNGLColor@@YA?AVcolor32@@I@Z	class color32 __cdecl ConvertNGLColor(unsigned int)	
0x0056B430	?RegisterMovies@movie_manager@@SAXPBUPakInfoNode@@ABUSection@PakHeader@@@Z	public: static void __cdecl movie_manager::RegisterMovies(struct PakInfoNode const *,struct PakHeader::Section const &)	
0x0056B440	?init_manager@movie_manager@@SAXXZ	public: static void __cdecl movie_manager::init_manager(void)	
0x0056B450	?force_exit@movie_manager@@CA_NXZ	private: static bool __cdecl movie_manager::force_exit(void)	
0x0056B4C0	?init_movie@movie_manager@@CA_NPBD@Z	private: static bool __cdecl movie_manager::init_movie(char const *)	
0x0056B640	?dont_play_movies@movie_manager@@CA_NXZ	private: static bool __cdecl movie_manager::dont_play_movies(void)	
0x0056B650	?set_quad_pos@movie_manager@@SAXMMMM@Z	public: static void __cdecl movie_manager::set_quad_pos(float,float,float,float)	
0x0056B6A0	?stop@subtitle_manager@@SAXXZ	public: static void __cdecl subtitle_manager::stop(void)	
0x0056B6B0	?GetCol@subtitle_manager@@SAHH@Z	public: static int __cdecl subtitle_manager::GetCol(int)	
0x0056B6C0	?GetLevelName@subtitle_manager@@SAPADXZ	public: static char * __cdecl subtitle_manager::GetLevelName(void)	
0x0056B6E0	?Update@PanelAnimObject@@UAEXM@Z	public: virtual void __thiscall PanelAnimObject::Update(float)	
0x0056B770	?CopyFrom@PanelAnimObject@@UAEXPBV1@@Z	public: virtual void __thiscall PanelAnimObject::CopyFrom(class PanelAnimObject const *)	
0x0056B7A0	?SetWidescreenAlign@PanelAnimObject@@UAEXF@Z	public: virtual void __thiscall PanelAnimObject::SetWidescreenAlign(short)	
0x0056B7D0	?SetZvalue@PanelAnimObject@@UAEXMW4panel_layer@@@Z	public: virtual void __thiscall PanelAnimObject::SetZvalue(float,enum panel_layer)	
0x0056B820	?StartFade@PanelAnimObject@@UAEX_N0M@Z	public: virtual void __thiscall PanelAnimObject::StartFade(bool,bool,float)	
0x0056B8A0	?GetXScalingForWindow@@YAMH@Z	float __cdecl GetXScalingForWindow(int)	
0x0056B8F0	?GetYScalingForWindow@@YAMH@Z	float __cdecl GetYScalingForWindow(int)	
0x0056B940	??0FETextFlashInfo@@QAE@Vcolor32@@M@Z	public: __thiscall FETextFlashInfo::FETextFlashInfo(class color32,float)	
0x0056B970	?Update@FETextFlashInfo@@QAEXM@Z	public: void __thiscall FETextFlashInfo::Update(float)	
0x0056B9B0	?GetColor@FETextFlashInfo@@QAE?AVcolor32@@V2@@Z	public: class color32 __thiscall FETextFlashInfo::GetColor(class color32)	
0x0056BA70	?Reset@FETextFlashInfo@@QAEXXZ	public: void __thiscall FETextFlashInfo::Reset(void)	
0x0056BA80	??0FEText@@QAE@W4font_index@@PBDMMHW4panel_layer@@MHHVcolor32@@@Z	public: __thiscall FEText::FEText(enum font_index,char const *,float,float,int,enum panel_layer,float,int,int,class color32)	
0x0056BCE0	??1FEText@@UAE@XZ	public: virtual __thiscall FEText::~FEText(void)	
0x0056BD50	?Clone@FEText@@UAEPAV1@XZ	public: virtual class FEText * __thiscall FEText::Clone(void)	
0x0056BDC0	?CopyFrom@FEText@@UAEXPAV1@@Z	public: virtual void __thiscall FEText::CopyFrom(class FEText *)	
0x0056BEF0	?Update@FEText@@UAEXM@Z	public: virtual void __thiscall FEText::Update(float)	
0x0056BFF0	?UpdateForWidescreen@FEText@@UAEX_N@Z	public: virtual void __thiscall FEText::UpdateForWidescreen(bool)	
0x0056C120	?UpdateForWidescreen@FEText@@UAEX_NH@Z	public: virtual void __thiscall FEText::UpdateForWidescreen(bool,int)	
0x0056C250	?MoveForSplitScreen@FEText@@UAEXHH@Z	public: virtual void __thiscall FEText::MoveForSplitScreen(int,int)	
0x0056C380	?UpdateForHUDSplitScreen@FEText@@UAEXHHHMM@Z	public: virtual void __thiscall FEText::UpdateForHUDSplitScreen(int,int,int,float,float)	
0x0056C4F0	?UpdateForSplitScreen@FEText@@UAEXHH@Z	public: virtual void __thiscall FEText::UpdateForSplitScreen(int,int)	
0x0056C7F0	?SetHJustify@FEText@@UAEXH@Z	public: virtual void __thiscall FEText::SetHJustify(int)	
0x0056C830	?SetVJustify@FEText@@UAEXH@Z	public: virtual void __thiscall FEText::SetVJustify(int)	
0x0056C870	?SetText@FEText@@UAEXPBD@Z	public: virtual void __thiscall FEText::SetText(char const *)	
0x0056C900	?SetText@FEText@@UAEXI@Z	public: virtual void __thiscall FEText::SetText(unsigned int)	
0x0056C930	?SetNoFlash@FEText@@UAEXVcolor32@@@Z	public: virtual void __thiscall FEText::SetNoFlash(class color32)	
0x0056C950	?SetFlash@FEText@@UAEXVcolor32@@0M@Z	public: virtual void __thiscall FEText::SetFlash(class color32,class color32,float)	
0x0056C9D0	?SetNoColor@FEText@@UAEXXZ	public: virtual void __thiscall FEText::SetNoColor(void)	
0x0056C9E0	?CreateNGLColorCode@FEText@@SAXVcolor32@@PAD@Z	public: static void __cdecl FEText::CreateNGLColorCode(class color32,char *)	
0x0056CA30	?Animate@FEText@@MAEXPAVMat43@math@@M@Z	protected: virtual void __thiscall FEText::Animate(class math::Mat43 *,float)	
0x0056CB60	?AdjustForJustification@FEText@@MAEXAAM0M@Z	protected: virtual void __thiscall FEText::AdjustForJustification(float &,float &,float)	
0x0056CC40	??0MultiLineString@@QAE@XZ	public: __thiscall MultiLineString::MultiLineString(void)	
0x0056CD00	??1MultiLineString@@QAE@XZ	public: __thiscall MultiLineString::~MultiLineString(void)	
0x0056CD30	?CopyFrom@MultiLineString@@QAEXPAV1@@Z	public: void __thiscall MultiLineString::CopyFrom(class MultiLineString *)	
0x0056CDE0	?AdjustForScale@MultiLineString@@QAEXM@Z	public: void __thiscall MultiLineString::AdjustForScale(float)	
0x0056CE20	?CompareButton@@YA_NPBD0PAPBD0AAH@Z	bool __cdecl CompareButton(char const *,char const *,char const * *,char const *,int &)	
0x0056CEE0	?ConvertStringToButtonCode@MultiLineString@@SAHPBDPAPBDABVstring@Broc@@@Z	public: static int __cdecl MultiLineString::ConvertStringToButtonCode(char const *,char const * *,class Broc::string const &)	
0x0056D180	?CopyFrom@FEMultiLineText@@QAEXPAV1@@Z	public: void __thiscall FEMultiLineText::CopyFrom(class FEMultiLineText *)	
0x0056D2F0	?Draw@FEMultiLineText@@UAEX_N@Z	public: virtual void __thiscall FEMultiLineText::Draw(bool)	
0x0056D340	?GetWidth@FEMultiLineText@@UAEMXZ	public: virtual float __thiscall FEMultiLineText::GetWidth(void)	
0x0056D380	?AddFont@FEMultiLineText@@UAEXHW4font_index@@@Z	public: virtual void __thiscall FEMultiLineText::AddFont(int,enum font_index)	
0x0056D3F0	?SetFont@FEMultiLineText@@UAEXW4font_index@@@Z	public: virtual void __thiscall FEMultiLineText::SetFont(enum font_index)	
0x0056D430	?Shift@FEMultiLineText@@UAEXMM@Z	public: virtual void __thiscall FEMultiLineText::Shift(float,float)	
0x0056D4A0	?Scroll@FEMultiLineText@@UAEXM@Z	public: virtual void __thiscall FEMultiLineText::Scroll(float)	
0x0056D5B0	?SetScrollable@FEMultiLineText@@UAEXH_N@Z	public: virtual void __thiscall FEMultiLineText::SetScrollable(int,bool)	
0x0056D630	?GetPercentage@FEMultiLineText@@UAEMXZ	public: virtual float __thiscall FEMultiLineText::GetPercentage(void)	
0x0056D6D0	?SetNumLines@FEMultiLineText@@UAEXH@Z	public: virtual void __thiscall FEMultiLineText::SetNumLines(int)	
0x0056D7E0	?SetText@FEMultiLineText@@UAEXPBD@Z	public: virtual void __thiscall FEMultiLineText::SetText(char const *)	
0x0056D820	?SetText@FEMultiLineText@@UAEXI@Z	public: virtual void __thiscall FEMultiLineText::SetText(unsigned int)	
0x0056D850	?ConvertActionToButton@FEMultiLineText@@UAEPBDPBD@Z	public: virtual char const * __thiscall FEMultiLineText::ConvertActionToButton(char const *)	
0x0056DA80	?UpdateForWidescreen@FEMultiLineText@@UAEX_N@Z	public: virtual void __thiscall FEMultiLineText::UpdateForWidescreen(bool)	
0x0056DBA0	?UpdateForSplitScreen@FEMultiLineText@@UAEXHH@Z	public: virtual void __thiscall FEMultiLineText::UpdateForSplitScreen(int,int)	
0x0056DCB0	?TranslateAction@FEMultiLineText@@UAEPBDPBD@Z	public: virtual char const * __thiscall FEMultiLineText::TranslateAction(char const *)	
0x0056E5A0	?SetTextBox@FEMultiLineText@@UAEXPBDHM@Z	public: virtual void __thiscall FEMultiLineText::SetTextBox(char const *,int,float)	
0x0056E600	?CheckIfNotTooLong@FEMultiLineText@@AAE_NH@Z	private: bool __thiscall FEMultiLineText::CheckIfNotTooLong(int)	
0x0056E670	?ReplaceEndlines@FEMultiLineText@@SA?AVstring@Broc@@V23@@Z	public: static class Broc::string __cdecl FEMultiLineText::ReplaceEndlines(class Broc::string)	
0x0056E720	??0InGameOptionsMenu@@QAE@PAVFEMenuSystem@@@Z	public: __thiscall InGameOptionsMenu::InGameOptionsMenu(class FEMenuSystem *)	
0x0056E7F0	??1InGameOptionsMenu@@UAE@XZ	public: virtual __thiscall InGameOptionsMenu::~InGameOptionsMenu(void)	
0x0056E850	?Init@InGameOptionsMenu@@UAEXXZ	public: virtual void __thiscall InGameOptionsMenu::Init(void)	
0x0056E860	?OnActivate@InGameOptionsMenu@@UAEXXZ	public: virtual void __thiscall InGameOptionsMenu::OnActivate(void)	
0x0056EA30	?Draw@InGameOptionsMenu@@UAEXXZ	public: virtual void __thiscall InGameOptionsMenu::Draw(void)	
0x0056EA40	?ButtonHeldAction@InGameOptionsMenu@@UAEXXZ	public: virtual void __thiscall InGameOptionsMenu::ButtonHeldAction(void)	
0x0056EAB0	?UpdateScrollBar@InGameOptionsMenu@@IAEXXZ	protected: void __thiscall InGameOptionsMenu::UpdateScrollBar(void)	
0x0056EB10	?Me@InGameOptionsMenu@@SAPAV1@H@Z	public: static class InGameOptionsMenu * __cdecl InGameOptionsMenu::Me(int)	
0x0056EB30	?OnCross@InGameOptionsMenu@@UAEXH@Z	public: virtual void __thiscall InGameOptionsMenu::OnCross(int)	
0x0056EBE0	?OnStart@InGameOptionsMenu@@UAEXH@Z	public: virtual void __thiscall InGameOptionsMenu::OnStart(int)	
0x0056EBF0	?ResponseYesApplyNowHelper@InGameOptionsMenu@@IAE_NXZ	protected: bool __thiscall InGameOptionsMenu::ResponseYesApplyNowHelper(void)	
0x0056EEB0	?ResponseNoJustGoBackToPauseMenuHelper@InGameOptionsMenu@@IAE_NXZ	protected: bool __thiscall InGameOptionsMenu::ResponseNoJustGoBackToPauseMenuHelper(void)	
0x0056EEC0	?ResponseYesApplyNow@InGameOptionsMenu@@KA_NH@Z	protected: static bool __cdecl InGameOptionsMenu::ResponseYesApplyNow(int)	
0x0056EEE0	?ResponseNoJustGoBackToPauseMenu@InGameOptionsMenu@@KA_NH@Z	protected: static bool __cdecl InGameOptionsMenu::ResponseNoJustGoBackToPauseMenu(int)	
0x0056EF10	??0AARInGameOptionsMenu@@QAE@PAVFEMenuSystem@@@Z	public: __thiscall AARInGameOptionsMenu::AARInGameOptionsMenu(class FEMenuSystem *)	
0x0056EF70	??0AARInGameOptionsMenu@@AAE@ABV0@@Z	private: __thiscall AARInGameOptionsMenu::AARInGameOptionsMenu(class AARInGameOptionsMenu const &)	
0x0056EFF0	??1AARInGameOptionsMenu@@UAE@XZ	public: virtual __thiscall AARInGameOptionsMenu::~AARInGameOptionsMenu(void)	
0x0056F000	?Me@AARInGameOptionsMenu@@SAPAV1@H@Z	public: static class AARInGameOptionsMenu * __cdecl AARInGameOptionsMenu::Me(int)	
0x0056F010	?ResponseAARYesApplyNow@AARInGameOptionsMenu@@SA_NH@Z	public: static bool __cdecl AARInGameOptionsMenu::ResponseAARYesApplyNow(int)	
0x0056F020	?ResponseAARNoJustGoBackToPauseMenu@AARInGameOptionsMenu@@SA_NH@Z	public: static bool __cdecl AARInGameOptionsMenu::ResponseAARNoJustGoBackToPauseMenu(int)	
0x0056F040	??1FEManager@@UAE@XZ	public: virtual __thiscall FEManager::~FEManager(void)	
0x0056F0C0	?LoadFonts@FEManager@@QAEXXZ	public: void __thiscall FEManager::LoadFonts(void)	
0x0056F0D0	?ReleaseFonts@FEManager@@QAEXXZ	public: void __thiscall FEManager::ReleaseFonts(void)	
0x0056F0E0	?ReleaseFont@FEManager@@QAEXW4font_index@@@Z	public: void __thiscall FEManager::ReleaseFont(enum font_index)	
0x0056F0F0	?UpdateFrontEnd@FEManager@@QAEXM@Z	public: void __thiscall FEManager::UpdateFrontEnd(float)	
0x0056F1B0	?UpdateAARMenus@FEManager@@QAEXM@Z	public: void __thiscall FEManager::UpdateAARMenus(float)	
0x0056F230	?UpdateInGameMenus@FEManager@@QAEXM@Z	public: void __thiscall FEManager::UpdateInGameMenus(float)	
0x0056F280	?DrawIGO@FEManager@@QAEXH@Z	public: void __thiscall FEManager::DrawIGO(int)	
0x0056F330	?Draw3DWorldSpace@FEManager@@QAEXXZ	public: void __thiscall FEManager::Draw3DWorldSpace(void)	
0x0056F380	?AsciiToUnicode@@YAXPADPAG@Z	void __cdecl AsciiToUnicode(char *,unsigned short *)	
0x0056F3B0	?DrawLoadingDots@FEManager@@QAEXXZ	public: void __thiscall FEManager::DrawLoadingDots(void)	
0x0056F3C0	?GetXboxLanguage@@YAXXZ	void __cdecl GetXboxLanguage(void)	
0x0056F440	?DrawDebugDiscError@FEManager@@QAEXXZ	public: void __thiscall FEManager::DrawDebugDiscError(void)	
0x0056F5F0	?PlayFadeInOranScreen@FEManager@@QAEXXZ	public: void __thiscall FEManager::PlayFadeInOranScreen(void)	
0x0056F820	?DrawFrontEnd@FEManager@@QAEXXZ	public: void __thiscall FEManager::DrawFrontEnd(void)	
0x0056F8A0	?DrawInGameMenus@FEManager@@QAEXXZ	public: void __thiscall FEManager::DrawInGameMenus(void)	
0x0056F980	?DrawAARMenus@FEManager@@QAEXXZ	public: void __thiscall FEManager::DrawAARMenus(void)	
0x0056FA20	?PrepareLoadingMenus@FEManager@@QAEXXZ	public: void __thiscall FEManager::PrepareLoadingMenus(void)	
0x0056FA30	?ReleaseInGameMenus@FEManager@@QAEXXZ	public: void __thiscall FEManager::ReleaseInGameMenus(void)	
0x0056FA70	?GetFont@FEManager@@QAEPAVnglFont@@W4font_index@@@Z	public: class nglFont * __thiscall FEManager::GetFont(enum font_index)	
0x0056FAE0	?UpdateSplitScreen@FEManager@@QAEXXZ	public: void __thiscall FEManager::UpdateSplitScreen(void)	
0x0056FB10	?GetInfo@FEMenuColorScheme@@SA_NDAAVcolor32@@00@Z	public: static bool __cdecl FEMenuColorScheme::GetInfo(char,class color32 &,class color32 &,class color32 &)	
0x0056FB50	?GetInfo@FEMenuColorScheme@@SA_NDAAVcolor32@@0@Z	public: static bool __cdecl FEMenuColorScheme::GetInfo(char,class color32 &,class color32 &)	
0x0056FB80	?GetSchemeFromText@FEMenuColorScheme@@SAHAAVstring@Broc@@@Z	public: static int __cdecl FEMenuColorScheme::GetSchemeFromText(class Broc::string &)	
0x0056FBC0	?CommonConstructor@FEMenuEntry@@QAEXPAVFEText@@PAVFEMenu@@@Z	public: void __thiscall FEMenuEntry::CommonConstructor(class FEText *,class FEMenu *)	
0x0056FC20	?CopyFrom@FEMenuEntry@@UAEXPAVFEText@@@Z	public: virtual void __thiscall FEMenuEntry::CopyFrom(class FEText *)	
0x0056FC30	?SetText@FEMenuEntry@@UAEXPAVFEText@@@Z	public: virtual void __thiscall FEMenuEntry::SetText(class FEText *)	
0x0056FC40	?Highlight@FEMenuEntry@@UAEX_N0@Z	public: virtual void __thiscall FEMenuEntry::Highlight(bool,bool)	
0x0056FC70	?Disable@FEMenuEntry@@UAEX_N@Z	public: virtual void __thiscall FEMenuEntry::Disable(bool)	
0x0056FC90	?WithAlpha@FEMenuEntry@@UAE?AVcolor32@@V2@H@Z	public: virtual class color32 __thiscall FEMenuEntry::WithAlpha(class color32,int)	
0x0056FCB0	?AdjustColor@FEMenuEntry@@UAEXXZ	public: virtual void __thiscall FEMenuEntry::AdjustColor(void)	
0x0056FCC0	?AdjustColor@FEMenuEntry@@MAEXPAVFEText@@@Z	protected: virtual void __thiscall FEMenuEntry::AdjustColor(class FEText *)	
0x0056FE70	?MoveForSplitScreen@FEMenuEntry@@UAEXHH@Z	public: virtual void __thiscall FEMenuEntry::MoveForSplitScreen(int,int)	
0x0056FE80	?ConnectEntries@FEMenu@@IAEXF@Z	protected: void __thiscall FEMenu::ConnectEntries(short)	
0x0056FF00	?Down@FEMenu@@MAEXXZ	protected: virtual void __thiscall FEMenu::Down(void)	
0x00570020	?Up@FEMenu@@MAEXXZ	protected: virtual void __thiscall FEMenu::Up(void)	
0x00570140	?Left@FEMenu@@MAEXXZ	protected: virtual void __thiscall FEMenu::Left(void)	
0x005701E0	?Right@FEMenu@@MAEXXZ	protected: virtual void __thiscall FEMenu::Right(void)	
0x00570280	?SetVis@FEMenu@@UAEXH@Z	public: virtual void __thiscall FEMenu::SetVis(int)	
0x00570350	?SetVerticalJust@FEMenu@@UAEX_N0@Z	public: virtual void __thiscall FEMenu::SetVerticalJust(bool,bool)	
0x00570390	?SetScaleThroughout@FEMenu@@UAEXM@Z	public: virtual void __thiscall FEMenu::SetScaleThroughout(float)	
0x005703C0	?SetZThroughout@FEMenu@@UAEXMW4panel_layer@@@Z	public: virtual void __thiscall FEMenu::SetZThroughout(float,enum panel_layer)	
0x00570400	?Init@FEMenu@@UAEXXZ	public: virtual void __thiscall FEMenu::Init(void)	
0x00570550	?Draw@FEMenu@@UAEXXZ	public: virtual void __thiscall FEMenu::Draw(void)	
0x00570660	?Update@FEMenu@@UAEXM@Z	public: virtual void __thiscall FEMenu::Update(float)	
0x00570700	?HighlightDefault@FEMenu@@UAEXXZ	public: virtual void __thiscall FEMenu::HighlightDefault(void)	
0x00570750	?OnActivate@FEMenu@@UAEXXZ	public: virtual void __thiscall FEMenu::OnActivate(void)	
0x005707D0	?OnCross@FEMenu@@UAEXH@Z	public: virtual void __thiscall FEMenu::OnCross(int)	
0x00570810	?OnAnyButtonPress@FEMenu@@UAEXHH@Z	public: virtual void __thiscall FEMenu::OnAnyButtonPress(int,int)	
0x00570850	?OnButtonRelease@FEMenu@@UAEXHH@Z	public: virtual void __thiscall FEMenu::OnButtonRelease(int,int)	
0x00570890	?ButtonHeldAction@FEMenu@@MAEXXZ	protected: virtual void __thiscall FEMenu::ButtonHeldAction(void)	
0x005708C0	?ClearAllButtons@FEMenu@@IAEXXZ	protected: void __thiscall FEMenu::ClearAllButtons(void)	
0x00570910	?ClearButton@FEMenu@@IAEXW4ButtonIndex@controller@@@Z	protected: void __thiscall FEMenu::ClearButton(enum controller::ButtonIndex)	
0x00570950	?ButtonHeldAction@FEMultiMenu@@MAEXXZ	protected: virtual void __thiscall FEMultiMenu::ButtonHeldAction(void)	
0x005709D0	??1FEMenuSystem@@UAE@XZ	public: virtual __thiscall FEMenuSystem::~FEMenuSystem(void)	
0x00570A30	?Add@FEMenuSystem@@UAEXPAVFEMenu@@@Z	public: virtual void __thiscall FEMenuSystem::Add(class FEMenu *)	
0x00570AA0	?InitAll@FEMenuSystem@@UAEXXZ	public: virtual void __thiscall FEMenuSystem::InitAll(void)	
0x00570AD0	?ReturnToPreviousMenu@FEMenuSystem@@UAEXH@Z	public: virtual void __thiscall FEMenuSystem::ReturnToPreviousMenu(int)	
0x00570B20	?MakeActive@FEMenuSystem@@UAEXH@Z	public: virtual void __thiscall FEMenuSystem::MakeActive(int)	
0x00570B40	?MakeActiveAndReturn@FEMenuSystem@@UAEXH@Z	public: virtual void __thiscall FEMenuSystem::MakeActiveAndReturn(int)	
0x00570B80	?MakeActiveAndReturn@FEMenuSystem@@UAEXHH@Z	public: virtual void __thiscall FEMenuSystem::MakeActiveAndReturn(int,int)	
0x00570BC0	?IsMenuActive@FEMenuSystem@@UAE_NH@Z	public: virtual bool __thiscall FEMenuSystem::IsMenuActive(int)	
0x00570BE0	?ClearReturnMenu@FEMenuSystem@@UAEXH@Z	public: virtual void __thiscall FEMenuSystem::ClearReturnMenu(int)	
0x00570C00	?AddOverlay@FEMenuSystem@@UAEXH@Z	public: virtual void __thiscall FEMenuSystem::AddOverlay(int)	
0x00570D00	?RemoveOverlay@FEMenuSystem@@UAEXXZ	public: virtual void __thiscall FEMenuSystem::RemoveOverlay(void)	
0x00570DC0	?CurrentOverlay@FEMenuSystem@@QAEHXZ	public: int __thiscall FEMenuSystem::CurrentOverlay(void)	
0x00570DD0	?Update@FEMenuSystem@@UAEXM@Z	public: virtual void __thiscall FEMenuSystem::Update(float)	
0x00570E10	?UpdateSplitScreen@FEMenuSystem@@UAEXXZ	public: virtual void __thiscall FEMenuSystem::UpdateSplitScreen(void)	
0x00570E40	?UpdateButtonDown@FEMenuSystem@@UAEXXZ	public: virtual void __thiscall FEMenuSystem::UpdateButtonDown(void)	
0x00570E90	?Draw@FEMenuSystem@@UAEXXZ	public: virtual void __thiscall FEMenuSystem::Draw(void)	
0x00570ED0	?Draw3D@FEMenuSystem@@UAEXXZ	public: virtual void __thiscall FEMenuSystem::Draw3D(void)	
0x00570F10	?OnButtonPress@FEMenuSystem@@MAEXHH@Z	protected: virtual void __thiscall FEMenuSystem::OnButtonPress(int,int)	
0x005711A0	?OnButtonRelease@FEMenuSystem@@MAEXHH@Z	protected: virtual void __thiscall FEMenuSystem::OnButtonRelease(int,int)	
0x005711D0	?GetAnalogPressed@FEMenuSystem@@MAE_NHPAH@Z	protected: virtual bool __thiscall FEMenuSystem::GetAnalogPressed(int,int *)	
0x00571300	?GetCurrentClient@FEMenuSystem@@UAEHXZ	public: virtual int __thiscall FEMenuSystem::GetCurrentClient(void)	
0x00571310	?GetCurrentClientController@FEMenuSystem@@UAEHXZ	public: virtual int __thiscall FEMenuSystem::GetCurrentClientController(void)	
0x00571320	?GetClientFromController@FEMenuSystem@@MAEHH@Z	protected: virtual int __thiscall FEMenuSystem::GetClientFromController(int)	
0x00571330	?GetButtonPressed@FEMenuSystem@@MAE_NHPAH@Z	protected: virtual bool __thiscall FEMenuSystem::GetButtonPressed(int,int *)	
0x00571350	?GetButtonReleased@FEMenuSystem@@MAE_NHPAH@Z	protected: virtual bool __thiscall FEMenuSystem::GetButtonReleased(int,int *)	
0x00571370	?GetActiveMenu@FEMenuSystem@@UAEHXZ	public: virtual int __thiscall FEMenuSystem::GetActiveMenu(void)	
0x00571380	?SetActiveMenu@FEMenuSystem@@UAEXH@Z	public: virtual void __thiscall FEMenuSystem::SetActiveMenu(int)	
0x00571390	?GetStickValueX@FEMenuSystem@@MAEHHPAH@Z	protected: virtual int __thiscall FEMenuSystem::GetStickValueX(int,int *)	
0x005713B0	?GetStickValueY@FEMenuSystem@@MAEHHPAH@Z	protected: virtual int __thiscall FEMenuSystem::GetStickValueY(int,int *)	
0x005713D0	?mapButton@@YA?AW4ButtonIndex@controller@@H@Z	enum controller::ButtonIndex __cdecl mapButton(int)	
0x005714F0	?Draw@FEComboBox@@UAEXXZ	public: virtual void __thiscall FEComboBox::Draw(void)	
0x00571520	?SetWidgets@FEComboBox@@QAEXPAVFEText@@0PAVPanelQuad@@1@Z	public: void __thiscall FEComboBox::SetWidgets(class FEText *,class FEText *,class PanelQuad *,class PanelQuad *)	
0x00571570	?AddOption@FEComboBox@@QAEXVstring@Broc@@@Z	public: void __thiscall FEComboBox::AddOption(class Broc::string)	
0x00571660	?ClearOptions@FEComboBox@@QAEXXZ	public: void __thiscall FEComboBox::ClearOptions(void)	
0x00571700	?SetOption@FEComboBox@@QAEXHVstring@Broc@@@Z	public: void __thiscall FEComboBox::SetOption(int,class Broc::string)	
0x00571810	?Update@FEComboBox@@UAEXM@Z	public: virtual void __thiscall FEComboBox::Update(float)	
0x00571950	?AddOptionNoLocalize@FEComboBox@@QAEXVstring@Broc@@@Z	public: void __thiscall FEComboBox::AddOptionNoLocalize(class Broc::string)	
0x00571A30	?SetCurrOption@FEComboBox@@QAEXF@Z	public: void __thiscall FEComboBox::SetCurrOption(short)	
0x00571A80	?Highlight@FEComboBox@@UAEX_N0@Z	public: virtual void __thiscall FEComboBox::Highlight(bool,bool)	
0x00571AC0	?MoveForSplitScreen@FEComboBox@@UAEXHH@Z	public: virtual void __thiscall FEComboBox::MoveForSplitScreen(int,int)	
0x00571B00	?AdjustColor@FEComboBox@@UAEXXZ	public: virtual void __thiscall FEComboBox::AdjustColor(void)	
0x00571B30	?Draw@FESlider@@UAEXXZ	public: virtual void __thiscall FESlider::Draw(void)	
0x00571B70	?Update@FESlider@@UAEXM@Z	public: virtual void __thiscall FESlider::Update(float)	
0x00571BB0	?SetRange@FESlider@@QAEXHH@Z	public: void __thiscall FESlider::SetRange(int,int)	
0x00571BD0	?Highlight@FESlider@@UAEX_N0@Z	public: virtual void __thiscall FESlider::Highlight(bool,bool)	
0x00571C10	?UpdateWidescreen@FESlider@@UAEX_N@Z	public: virtual void __thiscall FESlider::UpdateWidescreen(bool)	
0x00571C30	??1FEDoubleEntry@@UAE@XZ	public: virtual __thiscall FEDoubleEntry::~FEDoubleEntry(void)	
0x00571C50	?Draw@FEDoubleEntry@@UAEXXZ	public: virtual void __thiscall FEDoubleEntry::Draw(void)	
0x00571C80	?Update@FEDoubleEntry@@UAEXM@Z	public: virtual void __thiscall FEDoubleEntry::Update(float)	
0x00571CB0	?Highlight@FEDoubleEntry@@UAEX_N0@Z	public: virtual void __thiscall FEDoubleEntry::Highlight(bool,bool)	
0x00571CF0	?MoveForSplitScreen@FEDoubleEntry@@UAEXHH@Z	public: virtual void __thiscall FEDoubleEntry::MoveForSplitScreen(int,int)	
0x00571D30	?AdjustColor@FEDoubleEntry@@UAEXXZ	public: virtual void __thiscall FEDoubleEntry::AdjustColor(void)	
0x00571D60	?AddSubItem@FEMenuListBoxItem@@QAE?BIABVstring@Broc@@@Z	public: unsigned int const __thiscall FEMenuListBoxItem::AddSubItem(class Broc::string const &)	
0x00571D90	?GetSubItem@FEMenuListBoxItem@@QAEABVstring@Broc@@I@Z	public: class Broc::string const & __thiscall FEMenuListBoxItem::GetSubItem(unsigned int)	
0x00571DF0	?SetColumnWidth@FEMenuListBox@@QAEXIM@Z	public: void __thiscall FEMenuListBox::SetColumnWidth(unsigned int,float)	
0x00571E60	?SetColumnHeading@FEMenuListBox@@QAEXIPBD@Z	public: void __thiscall FEMenuListBox::SetColumnHeading(unsigned int,char const *)	
0x00571ED0	?Sort@FEMenuListBox@@QAEXI@Z	public: void __thiscall FEMenuListBox::Sort(unsigned int)	
0x00571EE0	?FormatForSplitScreen@FEMenuListBox@@QAEXHH@Z	public: void __thiscall FEMenuListBox::FormatForSplitScreen(int,int)	
0x005721C0	?SetInitialMenu@FrontEndMenuSystem@@QAEXXZ	public: void __thiscall FrontEndMenuSystem::SetInitialMenu(void)	
0x005721D0	?CheckIfSignedInXBox@FrontEndMenuSystem@@QAEXXZ	public: void __thiscall FrontEndMenuSystem::CheckIfSignedInXBox(void)	
0x00572370	?CheckIfSignedIn@FrontEndMenuSystem@@QAEXXZ	public: void __thiscall FrontEndMenuSystem::CheckIfSignedIn(void)	
0x00572380	?PlayBGMusic@FrontEndMenuSystem@@QAEXXZ	public: void __thiscall FrontEndMenuSystem::PlayBGMusic(void)	
0x005723A0	?PanelFileUnloaded@FrontEndMenuSystem@@UAEXPAVPanelFile@@@Z	public: virtual void __thiscall FrontEndMenuSystem::PanelFileUnloaded(class PanelFile *)	
0x005723B0	??0DialogMenuDisplay@@QAE@H@Z	public: __thiscall DialogMenuDisplay::DialogMenuDisplay(int)	
0x00572400	?SetText@DialogMenuDisplay@@QAEXPBD@Z	public: void __thiscall DialogMenuDisplay::SetText(char const *)	
0x00572460	?SetTitle@DialogMenuDisplay@@QAEXPBD@Z	public: void __thiscall DialogMenuDisplay::SetTitle(char const *)	
0x00572480	?OnActivate@DialogMenuDisplay@@QAEXXZ	public: void __thiscall DialogMenuDisplay::OnActivate(void)	
0x00572490	?Me@DialogMenuDisplay@@SAPAV1@H@Z	public: static class DialogMenuDisplay * __cdecl DialogMenuDisplay::Me(int)	
0x005724B0	?AddOption@DialogMenuDisplay@@QAEXPBD@Z	public: void __thiscall DialogMenuDisplay::AddOption(char const *)	
0x005724D0	?SetDialogFlash@DialogMenuDisplay@@QAEXH@Z	public: void __thiscall DialogMenuDisplay::SetDialogFlash(int)	
0x005725D0	?Reformat@DialogMenuDisplay@@QAEXXZ	public: void __thiscall DialogMenuDisplay::Reformat(void)	
0x00572680	?OnButtonRelease@DialogMenuSystem@@UAEXHH@Z	public: virtual void __thiscall DialogMenuSystem::OnButtonRelease(int,int)	
0x005726B0	?GeneralBringUpStuff@DialogMenuSystem@@QAEX_N@Z	public: void __thiscall DialogMenuSystem::GeneralBringUpStuff(bool)	
0x00572770	?SetText@DialogMenuSystem@@QAEXPBD@Z	public: void __thiscall DialogMenuSystem::SetText(char const *)	
0x00572790	?CloseDialog@DialogMenuSystem@@QAEXXZ	public: void __thiscall DialogMenuSystem::CloseDialog(void)	
0x005727E0	?OnFinish@DialogMenuSystem@@QAEXXZ	public: void __thiscall DialogMenuSystem::OnFinish(void)	
0x00572830	?GetLayer@DialogMenuSystem@@QAEPAVDialogMenu@@_N@Z	public: class DialogMenu * __thiscall DialogMenuSystem::GetLayer(bool)	
0x00572850	?UseSmallBackground@DialogMenuSystem@@QAEX_N@Z	public: void __thiscall DialogMenuSystem::UseSmallBackground(bool)	
0x00572860	?DefaultNoResponse@DialogMenuSystem@@SA_NH@Z	public: static bool __cdecl DialogMenuSystem::DefaultNoResponse(int)	
0x00572880	?OnStart@DialogMenuSystem@@QAEXH@Z	public: void __thiscall DialogMenuSystem::OnStart(int)	
0x005728B0	?GetClientFromController@DialogMenuSystem@@UAEHH@Z	public: virtual int __thiscall DialogMenuSystem::GetClientFromController(int)	
0x005728E0	?GetCurrentClient@DialogMenuSystem@@UAEHXZ	public: virtual int __thiscall DialogMenuSystem::GetCurrentClient(void)	
0x00572900	?GetCurrentClientController@DialogMenuSystem@@UAEHXZ	public: virtual int __thiscall DialogMenuSystem::GetCurrentClientController(void)	
0x00572930	?GetAnalogPressed@DialogMenuSystem@@UAE_NHPAH@Z	public: virtual bool __thiscall DialogMenuSystem::GetAnalogPressed(int,int *)	
0x00572A90	?GetButtonPressed@DialogMenuSystem@@UAE_NHPAH@Z	public: virtual bool __thiscall DialogMenuSystem::GetButtonPressed(int,int *)	
0x00572B00	?GetStickValueX@DialogMenuSystem@@UAEHHPAH@Z	public: virtual int __thiscall DialogMenuSystem::GetStickValueX(int,int *)	
0x00572B70	?GetStickValueY@DialogMenuSystem@@UAEHHPAH@Z	public: virtual int __thiscall DialogMenuSystem::GetStickValueY(int,int *)	
0x00572BE0	?OnActivate@DialogMenu@@UAEXXZ	public: virtual void __thiscall DialogMenu::OnActivate(void)	
0x00572BF0	?Draw@DialogMenu@@UAEXXZ	public: virtual void __thiscall DialogMenu::Draw(void)	
0x00572C00	?Update@DialogMenu@@UAEXM@Z	public: virtual void __thiscall DialogMenu::Update(float)	
0x00572C60	?UpdateWidescreen@DialogMenu@@UAEX_N@Z	public: virtual void __thiscall DialogMenu::UpdateWidescreen(bool)	
0x00572C80	?Select@DialogMenu@@UAEXH@Z	public: virtual void __thiscall DialogMenu::Select(int)	
0x00572CC0	?OnTriangle@DialogMenu@@UAEXH@Z	public: virtual void __thiscall DialogMenu::OnTriangle(int)	
0x00572CF0	?BringUp@DialogMenu@@QAEXAAVstring@Broc@@0H@Z	public: void __thiscall DialogMenu::BringUp(class Broc::string &,class Broc::string &,int)	
0x00572EE0	?AddOption@DialogMenu@@QAEXPBDP6A_NH@Z@Z	public: void __thiscall DialogMenu::AddOption(char const *,bool (__cdecl*)(int))	
0x00572F40	?Reformat@DialogMenu@@QAEX_NH@Z	public: void __thiscall DialogMenu::Reformat(bool,int)	
0x00572F60	?CloseOnDelay@DialogMenu@@QAEXHP6AXH@Z@Z	public: void __thiscall DialogMenu::CloseOnDelay(int,void (__cdecl*)(int))	
0x00572F90	?UpdateSplitScreen@DialogMenu@@UAEXXZ	public: virtual void __thiscall DialogMenu::UpdateSplitScreen(void)	
0x00572FA0	?ButtonHeldAction@DialogMenu@@UAEXXZ	public: virtual void __thiscall DialogMenu::ButtonHeldAction(void)	
0x00572FD0	?ActivateMenu@InGameMenuSystem@@QAEXH@Z	public: void __thiscall InGameMenuSystem::ActivateMenu(int)	
0x00573030	?ActivateHotJoinMenu@InGameMenuSystem@@QAEXXZ	public: void __thiscall InGameMenuSystem::ActivateHotJoinMenu(void)	
0x00573070	?ActivatePauseMenu@InGameMenuSystem@@QAEXXZ	public: void __thiscall InGameMenuSystem::ActivatePauseMenu(void)	
0x005730C0	?Draw@InGameMenuSystem@@UAEXXZ	public: virtual void __thiscall InGameMenuSystem::Draw(void)	
0x00573110	?Update@InGameMenuSystem@@UAEXM@Z	public: virtual void __thiscall InGameMenuSystem::Update(float)	
0x005731A0	?GetAnalogPressed@InGameMenuSystem@@UAE_NHPAH@Z	public: virtual bool __thiscall InGameMenuSystem::GetAnalogPressed(int,int *)	
0x005732D0	?UpdateSplitScreen@InGameMenuSystem@@UAEXXZ	public: virtual void __thiscall InGameMenuSystem::UpdateSplitScreen(void)	
0x00573300	?GetButtonPressed@InGameMenuSystem@@UAE_NHPAH@Z	public: virtual bool __thiscall InGameMenuSystem::GetButtonPressed(int,int *)	
0x00573350	?GetStickValueX@InGameMenuSystem@@UAEHHPAH@Z	public: virtual int __thiscall InGameMenuSystem::GetStickValueX(int,int *)	
0x005733A0	?GetStickValueY@InGameMenuSystem@@UAEHHPAH@Z	public: virtual int __thiscall InGameMenuSystem::GetStickValueY(int,int *)	
0x005733F0	?GetCurrentClient@InGameMenuSystem@@UAEHXZ	public: virtual int __thiscall InGameMenuSystem::GetCurrentClient(void)	
0x00573400	?GetCurrentClientController@InGameMenuSystem@@UAEHXZ	public: virtual int __thiscall InGameMenuSystem::GetCurrentClientController(void)	
0x00573410	?GetClientFromController@InGameMenuSystem@@UAEHH@Z	public: virtual int __thiscall InGameMenuSystem::GetClientFromController(int)	
0x00573420	?CheckForNoMenus@InGameMenuSystem@@IAEXXZ	protected: void __thiscall InGameMenuSystem::CheckForNoMenus(void)	
0x00573450	?UpdateWidescreen@InGameMenuSystem@@UAEX_N@Z	public: virtual void __thiscall InGameMenuSystem::UpdateWidescreen(bool)	
0x00573480	?Me@MemCardCheckMenu@@SAPAV1@XZ	public: static class MemCardCheckMenu * __cdecl MemCardCheckMenu::Me(void)	
0x00573490	?UpdateWidescreen@MemCardCheckMenu@@UAEX_N@Z	public: virtual void __thiscall MemCardCheckMenu::UpdateWidescreen(bool)	
0x005734A0	?Me@OptionsGameplayMenu@@SAPAV1@XZ	public: static class OptionsGameplayMenu * __cdecl OptionsGameplayMenu::Me(void)	
0x005734B0	?AdjustOptions@OptionsGameplayMenu@@AAEX_N@Z	private: void __thiscall OptionsGameplayMenu::AdjustOptions(bool)	
0x00573580	?OnUp@OptionsGameplayMenu@@UAEXH@Z	public: virtual void __thiscall OptionsGameplayMenu::OnUp(int)	
0x005735F0	?OnDown@OptionsGameplayMenu@@UAEXH@Z	public: virtual void __thiscall OptionsGameplayMenu::OnDown(int)	
0x00573660	?SetDefaultOptions@OptionsGameplayMenu@@AAEXXZ	private: void __thiscall OptionsGameplayMenu::SetDefaultOptions(void)	
0x00573720	?Update@OptionsGameplayMenu@@UAEXM@Z	public: virtual void __thiscall OptionsGameplayMenu::Update(float)	
0x005737A0	?ButtonHeldAction@OptionsGameplayMenu@@UAEXXZ	public: virtual void __thiscall OptionsGameplayMenu::ButtonHeldAction(void)	
0x005737D0	?Me@OptionsControlsMenu@@SAPAV1@XZ	public: static class OptionsControlsMenu * __cdecl OptionsControlsMenu::Me(void)	
0x005737E0	?Update@OptionsControlsMenu@@UAEXM@Z	public: virtual void __thiscall OptionsControlsMenu::Update(float)	
0x00573860	?ButtonHeldAction@OptionsControlsMenu@@UAEXXZ	public: virtual void __thiscall OptionsControlsMenu::ButtonHeldAction(void)	
0x005738D0	?OnUp@OptionsControlsMenu@@UAEXH@Z	public: virtual void __thiscall OptionsControlsMenu::OnUp(int)	
0x005739D0	?OnDown@OptionsControlsMenu@@UAEXH@Z	public: virtual void __thiscall OptionsControlsMenu::OnDown(int)	
0x00573AD0	?Select@OptionsControlsMenu@@UAEXH@Z	public: virtual void __thiscall OptionsControlsMenu::Select(int)	
0x00573B00	?HighlightDefault@OptionsControlsMenu@@AAEXH@Z	private: void __thiscall OptionsControlsMenu::HighlightDefault(int)	
0x00573B80	?Me@OptionsSoundMenu@@SAPAV1@XZ	public: static class OptionsSoundMenu * __cdecl OptionsSoundMenu::Me(void)	
0x00573B90	?Update@OptionsSoundMenu@@UAEXM@Z	public: virtual void __thiscall OptionsSoundMenu::Update(float)	
0x00573BF0	?OnUp@OptionsSoundMenu@@UAEXH@Z	public: virtual void __thiscall OptionsSoundMenu::OnUp(int)	
0x00573C80	?OnDown@OptionsSoundMenu@@UAEXH@Z	public: virtual void __thiscall OptionsSoundMenu::OnDown(int)	
0x00573D10	?ButtonHeldAction@OptionsSoundMenu@@UAEXXZ	public: virtual void __thiscall OptionsSoundMenu::ButtonHeldAction(void)	
0x00573D80	?Me@OptionsStickMenu@@SAPAV1@XZ	public: static class OptionsStickMenu * __cdecl OptionsStickMenu::Me(void)	
0x00573D90	?Update@OptionsStickMenu@@UAEXM@Z	public: virtual void __thiscall OptionsStickMenu::Update(float)	
0x00573DF0	?SetDefaultOptions@OptionsStickMenu@@AAEXXZ	private: void __thiscall OptionsStickMenu::SetDefaultOptions(void)	
0x00573ED0	?AdjustOptions@OptionsStickMenu@@AAEX_N@Z	private: void __thiscall OptionsStickMenu::AdjustOptions(bool)	
0x00574030	?ButtonHeldAction@OptionsStickMenu@@UAEXXZ	public: virtual void __thiscall OptionsStickMenu::ButtonHeldAction(void)	
0x00574060	?Me@OptionsButtonMenu@@SAPAV1@XZ	public: static class OptionsButtonMenu * __cdecl OptionsButtonMenu::Me(void)	
0x00574070	?Update@OptionsButtonMenu@@UAEXM@Z	public: virtual void __thiscall OptionsButtonMenu::Update(float)	
0x005740D0	?SetDefaultOptions@OptionsButtonMenu@@AAEXXZ	private: void __thiscall OptionsButtonMenu::SetDefaultOptions(void)	
0x00574160	?AdjustOptions@OptionsButtonMenu@@AAEX_N@Z	private: void __thiscall OptionsButtonMenu::AdjustOptions(bool)	
0x00574270	?ButtonHeldAction@OptionsButtonMenu@@UAEXXZ	public: virtual void __thiscall OptionsButtonMenu::ButtonHeldAction(void)	
0x005742A0	?Me@GammaScreenMenu@@SAPAV1@XZ	public: static class GammaScreenMenu * __cdecl GammaScreenMenu::Me(void)	
0x005742B0	?Update@GammaScreenMenu@@UAEXM@Z	public: virtual void __thiscall GammaScreenMenu::Update(float)	
0x00574310	?OnTriangle@GammaScreenMenu@@UAEXH@Z	public: virtual void __thiscall GammaScreenMenu::OnTriangle(int)	
0x00574320	?OnLeft@GammaScreenMenu@@UAEXH@Z	public: virtual void __thiscall GammaScreenMenu::OnLeft(int)	
0x00574360	?OnRight@GammaScreenMenu@@UAEXH@Z	public: virtual void __thiscall GammaScreenMenu::OnRight(int)	
0x005743A0	?OnSquare@GammaScreenMenu@@UAEXH@Z	public: virtual void __thiscall GammaScreenMenu::OnSquare(int)	
0x005743B0	?OnDeactivate@GammaScreenMenu@@UAEXPAVFEMenu@@@Z	public: virtual void __thiscall GammaScreenMenu::OnDeactivate(class FEMenu *)	
0x005743C0	?ButtonHeldAction@GammaScreenMenu@@UAEXXZ	public: virtual void __thiscall GammaScreenMenu::ButtonHeldAction(void)	
0x005743F0	?OnDeactivate@LoadingMenu@@UAEXPAVFEMenu@@@Z	public: virtual void __thiscall LoadingMenu::OnDeactivate(class FEMenu *)	
0x00574410	?Select@LoadingMenu@@UAEXH@Z	public: virtual void __thiscall LoadingMenu::Select(int)	
0x00574420	?OnCross@LoadingMenu@@UAEXH@Z	public: virtual void __thiscall LoadingMenu::OnCross(int)	
0x00574430	?Me@LoadingMenu@@SAPAV1@XZ	public: static class LoadingMenu * __cdecl LoadingMenu::Me(void)	
0x00574450	?Update@LoadingMenu@@UAEXM@Z	public: virtual void __thiscall LoadingMenu::Update(float)	
0x00574460	?UpdateLoading@LoadingMenu@@QAEXM@Z	public: void __thiscall LoadingMenu::UpdateLoading(float)	
0x00574480	?OnActivate@ControllerDisconnectedMenu@@UAEXXZ	public: virtual void __thiscall ControllerDisconnectedMenu::OnActivate(void)	
0x00574490	?SetErrorMessage@ControllerDisconnectedMenu@@QAEXXZ	public: void __thiscall ControllerDisconnectedMenu::SetErrorMessage(void)	
0x005744A0	?OnTriangle@VKMenu@@UAEXH@Z	public: virtual void __thiscall VKMenu::OnTriangle(int)	
0x005744B0	?Me@VKMenu@@SAPAV1@XZ	public: static class VKMenu * __cdecl VKMenu::Me(void)	
0x005744C0	?SetEntryPositions@VKMenu@@QAEXXZ	public: void __thiscall VKMenu::SetEntryPositions(void)	
0x005749D0	?ChangeShift@VKMenu@@AAEXXZ	private: void __thiscall VKMenu::ChangeShift(void)	
0x00574A50	?Up@VKMenu@@UAEXXZ	public: virtual void __thiscall VKMenu::Up(void)	
0x00574AC0	?Down@VKMenu@@UAEXXZ	public: virtual void __thiscall VKMenu::Down(void)	
0x00574B90	?Left@VKMenu@@UAEXXZ	public: virtual void __thiscall VKMenu::Left(void)	
0x00574C70	?Right@VKMenu@@UAEXXZ	public: virtual void __thiscall VKMenu::Right(void)	
0x00574D30	?UpdateShadows@VKMenu@@QAEXXZ	public: void __thiscall VKMenu::UpdateShadows(void)	
0x00574E40	?ButtonHeldAction@VKMenu@@UAEXXZ	public: virtual void __thiscall VKMenu::ButtonHeldAction(void)	
0x00574E90	?DialogResponseSaveSuccess@VKMenu@@SA_NH@Z	public: static bool __cdecl VKMenu::DialogResponseSaveSuccess(int)	
0x00574EA0	?DialogResponseNoMemCard@VKMenu@@SA_NH@Z	public: static bool __cdecl VKMenu::DialogResponseNoMemCard(int)	
0x00574EB0	?Me@ProfileMainMenu@@SAPAV1@XZ	public: static class ProfileMainMenu * __cdecl ProfileMainMenu::Me(void)	
0x00574EC0	?ClearEntries@ProfileMainMenu@@QAEXXZ	public: void __thiscall ProfileMainMenu::ClearEntries(void)	
0x00574F00	?Update@ProfileMainMenu@@UAEXM@Z	public: virtual void __thiscall ProfileMainMenu::Update(float)	
0x00574F10	?CreateProfile@ProfileMainMenu@@QAEXXZ	public: void __thiscall ProfileMainMenu::CreateProfile(void)	
0x00574F40	?ButtonHeldAction@ProfileMainMenu@@UAEXXZ	public: virtual void __thiscall ProfileMainMenu::ButtonHeldAction(void)	
0x00574F70	?DialogResponseProfileLoadOk@ProfileMainMenu@@SA_NH@Z	public: static bool __cdecl ProfileMainMenu::DialogResponseProfileLoadOk(int)	
0x00574F80	?DialogResponseProfileEdit@ProfileMainMenu@@SA_NH@Z	public: static bool __cdecl ProfileMainMenu::DialogResponseProfileEdit(int)	
0x00574F90	?DialogResponseDeleteCancel@ProfileMainMenu@@SA_NH@Z	public: static bool __cdecl ProfileMainMenu::DialogResponseDeleteCancel(int)	
0x00574FA0	?Me@ProfileEditMenu@@SAPAV1@XZ	public: static class ProfileEditMenu * __cdecl ProfileEditMenu::Me(void)	
0x00574FB0	?Update@ProfileEditMenu@@UAEXM@Z	public: virtual void __thiscall ProfileEditMenu::Update(float)	
0x00574FC0	?OnUp@ProfileEditMenu@@UAEXH@Z	public: virtual void __thiscall ProfileEditMenu::OnUp(int)	
0x00575020	?OnDown@ProfileEditMenu@@UAEXH@Z	public: virtual void __thiscall ProfileEditMenu::OnDown(int)	
0x00575080	?Select@ProfileEditMenu@@UAEXH@Z	public: virtual void __thiscall ProfileEditMenu::Select(int)	
0x005750E0	?ButtonHeldAction@ProfileEditMenu@@UAEXXZ	public: virtual void __thiscall ProfileEditMenu::ButtonHeldAction(void)	
0x00575110	?HighlightDefault@ProfileEditMenu@@AAEXH@Z	private: void __thiscall ProfileEditMenu::HighlightDefault(int)	
0x005751A0	?ExitMenu@ProfileEditMenu@@SAXH@Z	public: static void __cdecl ProfileEditMenu::ExitMenu(int)	
0x005751D0	?Me@ProfileManager@@SAPAV1@XZ	public: static class ProfileManager * __cdecl ProfileManager::Me(void)	
0x005751E0	??1ProfileManager@@QAE@XZ	public: __thiscall ProfileManager::~ProfileManager(void)	
0x005751F0	?OperationDone@ProfileManager@@QAEX_N@Z	public: void __thiscall ProfileManager::OperationDone(bool)	
0x00575210	?Reset@ProfileManager@@QAEXXZ	public: void __thiscall ProfileManager::Reset(void)	
0x00575270	?Callback@ProfileManager@@EAEXW4eDeviceChange@MemoryUnitManager@@H@Z	private: virtual void __thiscall ProfileManager::Callback(enum MemoryUnitManager::eDeviceChange,int)	
0x00575280	?ActivateMemDevice@ProfileManager@@AAE_NXZ	private: bool __thiscall ProfileManager::ActivateMemDevice(void)	
0x00575290	?DeviceIsUnformatted@ProfileManager@@QAE_NXZ	public: bool __thiscall ProfileManager::DeviceIsUnformatted(void)	
0x005752D0	?StartCountdown@ProfileManager@@AAEXXZ	private: void __thiscall ProfileManager::StartCountdown(void)	
0x005752F0	?IsCountdownDone@ProfileManager@@ABE_NXZ	private: bool __thiscall ProfileManager::IsCountdownDone(void)const 	
0x00575310	?TimeToString@ProfileManager@@SAPADAAUStubData@@@Z	public: static char * __cdecl ProfileManager::TimeToString(struct StubData &)	
0x00575390	?SplitTime@ProfileManager@@SAXHAAH000@Z	public: static void __cdecl ProfileManager::SplitTime(int,int &,int &,int &,int &)	
0x00575420	?GetLoadedProfile@ProfileManager@@QBEPBDXZ	public: char const * __thiscall ProfileManager::GetLoadedProfile(void)const 	
0x00575430	?IssueCallback@ProfileManager@@AAEXXZ	private: void __thiscall ProfileManager::IssueCallback(void)	
0x00575470	?DialogResponseOperationDone@ProfileManager@@CA_NH@Z	private: static bool __cdecl ProfileManager::DialogResponseOperationDone(int)	
0x005754C0	?DialogResponseNoData@ProfileManager@@CA_NH@Z	private: static bool __cdecl ProfileManager::DialogResponseNoData(int)	
0x00575510	?DialogResponseContinueNoSave@ProfileManager@@CA_NH@Z	private: static bool __cdecl ProfileManager::DialogResponseContinueNoSave(int)	
0x00575570	?DialogResponseContinue@ProfileManager@@CA_NH@Z	private: static bool __cdecl ProfileManager::DialogResponseContinue(int)	
0x005755C0	?equals@system_time@@QAE_NV1@@Z	public: bool __thiscall system_time::equals(class system_time)	
0x00575620	?newer_than@system_time@@QAE_NV1@@Z	public: bool __thiscall system_time::newer_than(class system_time)	
0x00575690	?GetSystemDate@@YA?AVsystem_time@@XZ	class system_time __cdecl GetSystemDate(void)	
0x005759F0	??1GameSettings@@UAE@XZ	public: virtual __thiscall GameSettings::~GameSettings(void)	
0x00575A10	?Callback@GameSettings@@UAEXW4eOperation@MemoryUnitManager@@@Z	public: virtual void __thiscall GameSettings::Callback(enum MemoryUnitManager::eOperation)	
0x00575B70	?get_temp_buffer@GameSettings@@QAEPAUSaveGameData@@XZ	public: struct SaveGameData * __thiscall GameSettings::get_temp_buffer(void)	
0x00575B80	?get_temp_buffer_size@GameSettings@@QBEIXZ	public: unsigned int __thiscall GameSettings::get_temp_buffer_size(void)const 	
0x00575B90	?init_save@GameSettings@@AAEXPAUSaveGameData@@@Z	private: void __thiscall GameSettings::init_save(struct SaveGameData *)	
0x00575C30	?delete_save@GameSettings@@QAEXXZ	public: void __thiscall GameSettings::delete_save(void)	
0x00575C60	?format@GameSettings@@QAEXXZ	public: void __thiscall GameSettings::format(void)	
0x00575C70	?debug_unformat@GameSettings@@QAE_NXZ	public: bool __thiscall GameSettings::debug_unformat(void)	
0x00575C80	?debug_format@GameSettings@@QAE_NXZ	public: bool __thiscall GameSettings::debug_format(void)	
0x00575C90	?debug_delete_all@GameSettings@@QAE_NXZ	public: bool __thiscall GameSettings::debug_delete_all(void)	
0x00575CA0	?write_crc@GameSettings@@QAEXPAUSaveGameData@@@Z	public: void __thiscall GameSettings::write_crc(struct SaveGameData *)	
0x00575CB0	?start_new_game@GameSettings@@QAEX_N@Z	public: void __thiscall GameSettings::start_new_game(bool)	
0x00575CD0	?get_total_game_size@GameSettings@@QAEHXZ	public: int __thiscall GameSettings::get_total_game_size(void)	
0x00575D00	?enough_space@GameSettings@@QAE_NXZ	public: bool __thiscall GameSettings::enough_space(void)	
0x00575D70	?get_blocks_needed@GameSettings@@QAEHXZ	public: int __thiscall GameSettings::get_blocks_needed(void)	
0x00575DD0	?get_blocks_total@GameSettings@@QAEHXZ	public: int __thiscall GameSettings::get_blocks_total(void)	
0x00575E10	?get_insufficient_space_error@GameSettings@@QAEXPAD_N@Z	public: void __thiscall GameSettings::get_insufficient_space_error(char *,bool)	
0x00575E80	?is_memory_unit_damaged@GameSettings@@QAE_NXZ	public: bool __thiscall GameSettings::is_memory_unit_damaged(void)	
0x00575EB0	?does_file_exist@GameSettings@@QAE_NXZ	public: bool __thiscall GameSettings::does_file_exist(void)	
0x00575F30	?is_valid@GameSettings@@QAE_NHPAUSaveGameData@@@Z	public: bool __thiscall GameSettings::is_valid(int,struct SaveGameData *)	
0x00575F50	?is_corrupt@GameSettings@@QAE_NPAUSaveGameData@@@Z	public: bool __thiscall GameSettings::is_corrupt(struct SaveGameData *)	
0x00576000	?set_cur_name@GameSettings@@QAEXPBD@Z	public: void __thiscall GameSettings::set_cur_name(char const *)	
0x00576030	?collect_GameSettings@GameSettings@@QAEXPAUSaveGameData@@@Z	public: void __thiscall GameSettings::collect_GameSettings(struct SaveGameData *)	
0x00576100	?SEH_UpdateCurrentLanguage@@YAXXZ	void __cdecl SEH_UpdateCurrentLanguage(void)	
0x00576190	?SEH_GetCurrentLanguage@@YAHXZ	int __cdecl SEH_GetCurrentLanguage(void)	
0x00576200	?SEH_GetLanguageName@@YAPBDH@Z	char const * __cdecl SEH_GetLanguageName(int)	
0x00576220	?SEH_GetLanguageIndexForName@@YAHPBDPAH@Z	int __cdecl SEH_GetLanguageIndexForName(char const *,int *)	
0x00576270	?SEH_InitLanguage@@YAXXZ	void __cdecl SEH_InitLanguage(void)	
0x005762F0	?SEH_VerifyLanguageSelection@@YAHH@Z	int __cdecl SEH_VerifyLanguageSelection(int)	
0x00576350	?SEH_StringEd_GetString@@YAPBDPBD@Z	char const * __cdecl SEH_StringEd_GetString(char const *)	
0x00576390	?SEH_StringEd_GetString@@YAPBDI@Z	char const * __cdecl SEH_StringEd_GetString(unsigned int)	
0x005763B0	?SEH_StringEd_GetString@@YAPBDW4TPakId@@I@Z	char const * __cdecl SEH_StringEd_GetString(enum TPakId,unsigned int)	
0x005763D0	?SEH_SafeTranslateString@@YAPBDPBD@Z	char const * __cdecl SEH_SafeTranslateString(char const *)	
0x00576500	?SEH_GetLocalizedTokenReference@@YAHPADPBD1W4msgLocErrType_t@@@Z	int __cdecl SEH_GetLocalizedTokenReference(char *,char const *,char const *,enum msgLocErrType_t)	
0x005765D0	?SEH_LocalizeTextMessage@@YAPBDPBD0W4msgLocErrType_t@@@Z	char const * __cdecl SEH_LocalizeTextMessage(char const *,char const *,enum msgLocErrType_t)	
0x00576910	?Korean_CollapseKSC5601HangulCode@@YAHI@Z	int __cdecl Korean_CollapseKSC5601HangulCode(unsigned int)	
0x005769A0	?Taiwanese_CollapseBig5Code@@YAHI@Z	int __cdecl Taiwanese_CollapseBig5Code(unsigned int)	
0x00576A80	?Japanese_CollapseShiftJISCode@@YAHI@Z	int __cdecl Japanese_CollapseShiftJISCode(unsigned int)	
0x00576B60	?Chinese_CollapseGBCode@@YAHI@Z	int __cdecl Chinese_CollapseGBCode(unsigned int)	
0x00576BA0	?Language_IsAsian@@YAHXZ	int __cdecl Language_IsAsian(void)	
0x00576BB0	?Language_UsesSpaces@@YAHXZ	int __cdecl Language_UsesSpaces(void)	
0x00576BD0	?Filename_PathOnly@CStringEdPackage@@AAEPADPBD@Z	private: char * __thiscall CStringEdPackage::Filename_PathOnly(char const *)	
0x00576C20	?Filename_WithoutExt@CStringEdPackage@@AAEPADPBD@Z	private: char * __thiscall CStringEdPackage::Filename_WithoutExt(char const *)	
0x00576C90	?Filename_WithoutPath@CStringEdPackage@@AAEPADPBD@Z	private: char * __thiscall CStringEdPackage::Filename_WithoutPath(char const *)	
0x00576CE0	?ExtractLanguageFromPath@CStringEdPackage@@QAEPBDPBD@Z	public: char const * __thiscall CStringEdPackage::ExtractLanguageFromPath(char const *)	
0x00576D00	?CheckLineForKeyword@CStringEdPackage@@AAEHPBDAAPBD@Z	private: int __thiscall CStringEdPackage::CheckLineForKeyword(char const *,char const * &)	
0x00576D70	?REMKill@CStringEdPackage@@AAEXPAD@Z	private: void __thiscall CStringEdPackage::REMKill(char *)	
0x00576E10	?ReadLine@CStringEdPackage@@QAEHAAPBDPAD@Z	public: int __thiscall CStringEdPackage::ReadLine(char const * &,char *)	
0x00576F10	?SE_LoadFileData@@YAPAEPBDPAH@Z	unsigned char * __cdecl SE_LoadFileData(char const *,int *)	
0x00576F50	?SE_FreeFileDataAfterLoad@@YAXPAE@Z	void __cdecl SE_FreeFileDataAfterLoad(unsigned char *)	
0x00576F70	?MoveUpTo@UIListBox@@IAEXH@Z	protected: void __thiscall UIListBox::MoveUpTo(int)	
0x00576FE0	?MoveDownTo@UIListBox@@IAEXH@Z	protected: void __thiscall UIListBox::MoveDownTo(int)	
0x00577050	?SetScrollBarQuad@UIListBox@@QAEXW4EScrollQuads@1@PAVPanelQuad@@@Z	public: void __thiscall UIListBox::SetScrollBarQuad(enum UIListBox::EScrollQuads,class PanelQuad *)	
0x005770B0	?FormatForSplitScreen@UIListBox@@QAEXHH@Z	public: void __thiscall UIListBox::FormatForSplitScreen(int,int)	
0x005770C0	?FormatForWidescreen@UIListBox@@QAEX_NM@Z	public: void __thiscall UIListBox::FormatForWidescreen(bool,float)	
0x005770D0	?ApplyStubOptions@StubData@@QAEXXZ	public: void __thiscall StubData::ApplyStubOptions(void)	
0x005771D0	?Draw3DScreenSpace@IGOFrontEnd@@QAEXXZ	public: void __thiscall IGOFrontEnd::Draw3DScreenSpace(void)	
0x00577200	?UpdateWidescreen@IGOFrontEnd@@UAEX_N@Z	public: virtual void __thiscall IGOFrontEnd::UpdateWidescreen(bool)	
0x00577420	?FindKeyBindings@IGOFrontEnd@@QAEXXZ	public: void __thiscall IGOFrontEnd::FindKeyBindings(void)	
0x005775A0	?SetFuse@IGOFrontEnd@@QAEXMMH@Z	public: void __thiscall IGOFrontEnd::SetFuse(float,float,int)	
0x005775D0	?UpdateSplitScreen@IGOStanceWidget@@UAEXHH@Z	public: virtual void __thiscall IGOStanceWidget::UpdateSplitScreen(int,int)	
0x00577660	?UpdateSplitScreen@IGORaiseFlagWidget@@UAEXHH@Z	public: virtual void __thiscall IGORaiseFlagWidget::UpdateSplitScreen(int,int)	
0x005776A0	?Update@IGOTimerWidget@@UAEXM@Z	public: virtual void __thiscall IGOTimerWidget::Update(float)	
0x005777D0	?UpdateSplitScreen@IGOInGameScoreWidget@@UAEXHH@Z	public: virtual void __thiscall IGOInGameScoreWidget::UpdateSplitScreen(int,int)	
0x00577840	?UpdateSplitScreen@IGOAmmoWidget@@UAEXHH@Z	public: virtual void __thiscall IGOAmmoWidget::UpdateSplitScreen(int,int)	
0x005778A0	?UpdateSplitScreen@IGOGrenadeWidget@@UAEXHH@Z	public: virtual void __thiscall IGOGrenadeWidget::UpdateSplitScreen(int,int)	
0x00577980	?UpdateSplitScreen@IGOWeaponNameWidget@@UAEXHH@Z	public: virtual void __thiscall IGOWeaponNameWidget::UpdateSplitScreen(int,int)	
0x005779C0	??0IGOActionHintWidget@@QAE@H@Z	public: __thiscall IGOActionHintWidget::IGOActionHintWidget(int)	
0x00577A70	?UpdateSplitScreen@IGOTankLoadingWidget@@UAEXHH@Z	public: virtual void __thiscall IGOTankLoadingWidget::UpdateSplitScreen(int,int)	
0x00577AB0	?UpdateSplitScreen@IGORankWidget@@UAEXHH@Z	public: virtual void __thiscall IGORankWidget::UpdateSplitScreen(int,int)	
0x00577B40	?UpdateSplitScreen@IGOSpecialWeaponWidget@@UAEXHH@Z	public: virtual void __thiscall IGOSpecialWeaponWidget::UpdateSplitScreen(int,int)	
0x00577B90	??1IGOWarStatusWidget@@UAE@XZ	public: virtual __thiscall IGOWarStatusWidget::~IGOWarStatusWidget(void)	
0x00577FC0	?UpdateSplitScreen@IGOWarStatusWidget@@UAEXHH@Z	public: virtual void __thiscall IGOWarStatusWidget::UpdateSplitScreen(int,int)	
0x005782A0	?UpdateSplitScreen@IGOTankIconWidget@@UAEXHH@Z	public: virtual void __thiscall IGOTankIconWidget::UpdateSplitScreen(int,int)	
0x005783F0	??0IGOCompassWidget@@QAE@H@Z	public: __thiscall IGOCompassWidget::IGOCompassWidget(int)	
0x00578580	?UpdateCompassRotation@IGOCompassWidget@@QAEXXZ	public: void __thiscall IGOCompassWidget::UpdateCompassRotation(void)	
0x00578800	?CheckpointRestart@IGOCompassWidget@@QAEXXZ	public: void __thiscall IGOCompassWidget::CheckpointRestart(void)	
0x00578820	?CalculateMapObjectABS@IGOCompassWidget@@AAEXPAVIGOMapObject@@MMM_N@Z	private: void __thiscall IGOCompassWidget::CalculateMapObjectABS(class IGOMapObject *,float,float,float,bool)	
0x005789A0	?Update@IGOJeepMapWidget@@UAEXM@Z	public: virtual void __thiscall IGOJeepMapWidget::Update(float)	
0x00578AD0	?Update@IGOHintWidget@@UAEXM@Z	public: virtual void __thiscall IGOHintWidget::Update(float)	
0x005792B0	?UpdateSplitScreen@IGOHintWidget@@UAEXHH@Z	public: virtual void __thiscall IGOHintWidget::UpdateSplitScreen(int,int)	
0x00579310	??0IGOGrenadeIndicator@@QAE@H@Z	public: __thiscall IGOGrenadeIndicator::IGOGrenadeIndicator(int)	
0x005793A0	?DrawGrenade@IGOGrenadeIndicator@@QAEXPBVEntity@@@Z	public: void __thiscall IGOGrenadeIndicator::DrawGrenade(class Entity const *)	
0x00579530	?UpdateWidescreen@IGOVoipList@@UAEX_NM@Z	public: virtual void __thiscall IGOVoipList::UpdateWidescreen(bool,float)	
0x00579540	?UpdateSplitScreen@IGOVoipList@@UAEXHH@Z	public: virtual void __thiscall IGOVoipList::UpdateSplitScreen(int,int)	
0x00579550	?AddPQSection@PanelQuadSection@@QAEXQAUvector@Broc@@0QAVcolor32@@M@Z	public: void __thiscall PanelQuadSection::AddPQSection(struct Broc::vector * const,struct Broc::vector * const,class color32 * const,float)	
0x00579610	?Mask@PanelQuadSection@@QAEXMW4mask_type@@MM@Z	public: void __thiscall PanelQuadSection::Mask(float,enum mask_type,float,float)	
0x00579800	?SetColorNAVert@PanelQuadSection@@QAEXHVcolor32@@@Z	public: void __thiscall PanelQuadSection::SetColorNAVert(int,class color32)	
0x00579840	?SetAlphaVert@PanelQuadSection@@QAEXHM@Z	public: void __thiscall PanelQuadSection::SetAlphaVert(int,float)	
0x005798A0	?SetVisibility@PanelQuadSection@@QAEXHM@Z	public: void __thiscall PanelQuadSection::SetVisibility(int,float)	
0x00579900	?GetColor@PanelQuadSection@@QAE?AVcolor32@@H@Z	public: class color32 __thiscall PanelQuadSection::GetColor(int)	
0x00579930	?Fatten@PanelQuadSection@@QAEXM@Z	public: void __thiscall PanelQuadSection::Fatten(float)	
0x005799E0	?InstanceFrom@PanelQuad@@UAEXPBV1@@Z	public: virtual void __thiscall PanelQuad::InstanceFrom(class PanelQuad const *)	
0x00579BC0	?Draw@PanelQuad@@UAEXXZ	public: virtual void __thiscall PanelQuad::Draw(void)	
0x00579C40	?Mask@PanelQuad@@QAEXMW4mask_type@@M@Z	public: void __thiscall PanelQuad::Mask(float,enum mask_type,float)	
0x00579D40	?Rotate@PanelQuad@@UAEXMMM_N@Z	public: virtual void __thiscall PanelQuad::Rotate(float,float,float,bool)	
0x00579E70	?Scale@PanelQuad@@UAEXMMMM_N@Z	public: virtual void __thiscall PanelQuad::Scale(float,float,float,float,bool)	
0x0057A050	?ScaleAbsoluteCenter@PanelQuad@@UAEXMM@Z	public: virtual void __thiscall PanelQuad::ScaleAbsoluteCenter(float,float)	
0x0057A170	?SetTexture@PanelQuad@@UAEXPAUnglTexture@@@Z	public: virtual void __thiscall PanelQuad::SetTexture(struct nglTexture *)	
0x0057A1F0	?SetColor@PanelQuad@@UAEXVcolor32@@@Z	public: virtual void __thiscall PanelQuad::SetColor(class color32)	
0x0057A2B0	?SetColorNA@PanelQuad@@UAEXVcolor32@@@Z	public: virtual void __thiscall PanelQuad::SetColorNA(class color32)	
0x0057A370	?SetAlpha@PanelQuad@@UAEXM@Z	public: virtual void __thiscall PanelQuad::SetAlpha(float)	
0x0057A450	?SetVisibility@PanelQuad@@UAEXM@Z	public: virtual void __thiscall PanelQuad::SetVisibility(float)	
0x0057A530	?SetZvalueAbs@PanelQuad@@UAEXM@Z	public: virtual void __thiscall PanelQuad::SetZvalueAbs(float)	
0x0057A5C0	?GetPos@PanelQuad@@UAEXQAM0@Z	public: virtual void __thiscall PanelQuad::GetPos(float * const,float * const)	
0x0057A6A0	?Shift@PanelQuad@@UAEXMM@Z	public: virtual void __thiscall PanelQuad::Shift(float,float)	
0x0057A7E0	?ShiftXYInitial@PanelQuad@@UAEXMM@Z	public: virtual void __thiscall PanelQuad::ShiftXYInitial(float,float)	
0x0057A8A0	?SetXYInitialToCurrentPos@PanelQuad@@UAEXXZ	public: virtual void __thiscall PanelQuad::SetXYInitialToCurrentPos(void)	
0x0057A940	?FormatForSplitScreen@PanelQuad@@QAEXHH@Z	public: void __thiscall PanelQuad::FormatForSplitScreen(int,int)	
0x0057A9C0	?MoveForSplitScreen@PanelQuad@@QAEXHH@Z	public: void __thiscall PanelQuad::MoveForSplitScreen(int,int)	
0x0057AA40	?FattenMeForWidescreen@PanelQuad@@QAEX_NM@Z	public: void __thiscall PanelQuad::FattenMeForWidescreen(bool,float)	
0x0057AB70	?Animate@PanelQuad@@MAEXPAVMat43@math@@M@Z	protected: virtual void __thiscall PanelQuad::Animate(class math::Mat43 *,float)	
0x0057AC40	?GetMax@PanelQuad@@QAE?AUvector@Broc@@XZ	public: struct Broc::vector __thiscall PanelQuad::GetMax(void)	
0x0057AF20	?GetMin@PanelQuad@@QAE?AUvector@Broc@@XZ	public: struct Broc::vector __thiscall PanelQuad::GetMin(void)	
0x0057B200	?GetInitialMax@PanelQuad@@QAE?AUvector@Broc@@XZ	public: struct Broc::vector __thiscall PanelQuad::GetInitialMax(void)	
0x0057B490	?GetInitialMin@PanelQuad@@QAE?AUvector@Broc@@XZ	public: struct Broc::vector __thiscall PanelQuad::GetInitialMin(void)	
0x0057B730	?PostUnmashFixup@PanelFile@@QAEXW4panel_layer@@@Z	public: void __thiscall PanelFile::PostUnmashFixup(enum panel_layer)	
0x0057B900	?Draw@PanelFile@@QAEXXZ	public: void __thiscall PanelFile::Draw(void)	
0x0057BA40	?Update@PanelFile@@QAEXM@Z	public: void __thiscall PanelFile::Update(float)	
0x0057BAC0	?UpdateWidescreen@PanelFile@@QAEX_NM@Z	public: void __thiscall PanelFile::UpdateWidescreen(bool,float)	
0x0057BBB0	?UpdateSplitScreen@PanelFile@@QAEXHH@Z	public: void __thiscall PanelFile::UpdateSplitScreen(int,int)	
0x0057BCB0	?MoveSplitScreen@PanelFile@@QAEXHH@Z	public: void __thiscall PanelFile::MoveSplitScreen(int,int)	
0x0057BDB0	?GetTextPointer@PanelFile@@QAEPAVFEText@@PBD@Z	public: class FEText * __thiscall PanelFile::GetTextPointer(char const *)	
0x0057BEE0	?ReadPanelMaterial@PanelFile@@QAEXAAVPanelMaterial@@PAEAAH@Z	public: void __thiscall PanelFile::ReadPanelMaterial(class PanelMaterial &,unsigned char *,int &)	
0x0057BF80	?FindPanelQuadByPointer@PanelFile@@QAEHPAVPanelQuad@@@Z	public: int __thiscall PanelFile::FindPanelQuadByPointer(class PanelQuad *)	
0x0057BFC0	?FindFETextByPointer@PanelFile@@QAEHPAVFEText@@@Z	public: int __thiscall PanelFile::FindFETextByPointer(class FEText *)	
0x0057C000	?ReadMatrix3x4@@YAXAAVMat43@math@@PAEAAH@Z	void __cdecl ReadMatrix3x4(class math::Mat43 &,unsigned char *,int &)	
0x0057C180	?movie_done@movie_manager@@SAX_N@Z	public: static void __cdecl movie_manager::movie_done(bool)	
0x0057C240	?shut_down@movie_manager@@SAXXZ	public: static void __cdecl movie_manager::shut_down(void)	
0x0057C260	?render@subtitle_manager@@SAXXZ	public: static void __cdecl subtitle_manager::render(void)	
0x0057C390	?Draw@FEText@@UAEX_N@Z	public: virtual void __thiscall FEText::Draw(bool)	
0x0057C6E0	?GetWidth@FEText@@UAEMPBM@Z	public: virtual float __thiscall FEText::GetWidth(float const *)	
0x0057C910	?GetHeight@FEText@@UAEMPBM@Z	public: virtual float __thiscall FEText::GetHeight(float const *)	
0x0057C980	?Draw@MultiLineString@@QAEXMHHMMMM@Z	public: void __thiscall MultiLineString::Draw(float,int,int,float,float,float,float)	
0x0057CC20	?GetWidth@MultiLineString@@SAMPBDMW4font_index@@@Z	public: static float __cdecl MultiLineString::GetWidth(char const *,float,enum font_index)	
0x0057CCE0	??1FEMultiLineText@@UAE@XZ	public: virtual __thiscall FEMultiLineText::~FEMultiLineText(void)	
0x0057CD60	?Clone@FEMultiLineText@@UAEPAVFEText@@XZ	public: virtual class FEText * __thiscall FEMultiLineText::Clone(void)	
0x0057CDE0	?Draw@FEMultiLineText@@UAEXHH@Z	public: virtual void __thiscall FEMultiLineText::Draw(int,int)	
0x0057CF20	?GetHeight@FEMultiLineText@@UAEMXZ	public: virtual float __thiscall FEMultiLineText::GetHeight(void)	
0x0057CFA0	?SetLineSpacing@FEMultiLineText@@UAEXH@Z	public: virtual void __thiscall FEMultiLineText::SetLineSpacing(int)	
0x0057D020	?AdjustForJustification@FEMultiLineText@@AAEXXZ	private: void __thiscall FEMultiLineText::AdjustForJustification(void)	
0x0057D300	?AddOptionsToCombos@InGameOptionsMenu@@IAEXXZ	protected: void __thiscall InGameOptionsMenu::AddOptionsToCombos(void)	
0x0057D450	?Update@InGameOptionsMenu@@UAEXM@Z	public: virtual void __thiscall InGameOptionsMenu::Update(float)	
0x0057D630	?OnDeactivate@InGameOptionsMenu@@UAEXPAVFEMenu@@@Z	public: virtual void __thiscall InGameOptionsMenu::OnDeactivate(class FEMenu *)	
0x0057D640	?SetTimerText@AARInGameOptionsMenu@@AAEXXZ	private: void __thiscall AARInGameOptionsMenu::SetTimerText(void)	
0x0057D6D0	?UpdateLoadingMenu@FEManager@@QAEXM@Z	public: void __thiscall FEManager::UpdateLoadingMenu(float)	
0x0057D720	?LoadFont@FEManager@@QAEXW4font_index@@@Z	public: void __thiscall FEManager::LoadFont(enum font_index)	
0x0057D770	?Draw3DScreenSpace@FEManager@@QAEXXZ	public: void __thiscall FEManager::Draw3DScreenSpace(void)	
0x0057D7A0	?DrawLoadingScreen@FEManager@@QAEXH@Z	public: void __thiscall FEManager::DrawLoadingScreen(int)	
0x0057D8A0	?DrawDiscError@FEManager@@QAEXXZ	public: void __thiscall FEManager::DrawDiscError(void)	
0x0057DA30	?DrawControllerError@FEManager@@QAEXXZ	public: void __thiscall FEManager::DrawControllerError(void)	
0x0057DA80	??0FEMenu@@QAE@XZ	public: __thiscall FEMenu::FEMenu(void)	
0x0057DAE0	??0FEMenu@@QAE@PAVFEMenuSystem@@HHHHH@Z	public: __thiscall FEMenu::FEMenu(class FEMenuSystem *,int,int,int,int,int)	
0x0057DBA0	?AddEntry@FEMenu@@UAEXHPAVFEText@@_N@Z	public: virtual void __thiscall FEMenu::AddEntry(int,class FEText *,bool)	
0x0057DC70	?SetHigh@FEMenu@@UAEXH_N@Z	public: virtual void __thiscall FEMenu::SetHigh(int,bool)	
0x0057DD00	?PlayNavigationSound@FEMenu@@UAEXXZ	public: virtual void __thiscall FEMenu::PlayNavigationSound(void)	
0x0057DD70	??0FEMenuSystem@@QAE@HW4font_index@@@Z	public: __thiscall FEMenuSystem::FEMenuSystem(int,enum font_index)	
0x0057DDF0	?MakeActive@FEMenuSystem@@UAEXHH@Z	public: virtual void __thiscall FEMenuSystem::MakeActive(int,int)	
0x0057DF20	?UpdateWidescreen@FEMenu@@UAEX_N@Z	public: virtual void __thiscall FEMenu::UpdateWidescreen(bool)	
0x0057DFB0	?UpdateButtonPresses@FEMenuSystem@@UAEXXZ	public: virtual void __thiscall FEMenuSystem::UpdateButtonPresses(void)	
0x0057E0E0	??0FEComboBox@@QAE@PAVFEMenu@@FPAVFEText@@1PAVPanelQuad@@2@Z	public: __thiscall FEComboBox::FEComboBox(class FEMenu *,short,class FEText *,class FEText *,class PanelQuad *,class PanelQuad *)	
0x0057E230	?PlayNavigationSound@FEComboBox@@QAEXXZ	public: void __thiscall FEComboBox::PlayNavigationSound(void)	
0x0057E2B0	??0FESlider@@QAE@PAVFEMenu@@PAVPanelQuad@@PAVFEText@@2@Z	public: __thiscall FESlider::FESlider(class FEMenu *,class PanelQuad *,class FEText *,class FEText *)	
0x0057E350	?AdjustBar@FESlider@@QAEXXZ	public: void __thiscall FESlider::AdjustBar(void)	
0x0057E3C0	?PlayNavigationSound@FESlider@@QAEXXZ	public: void __thiscall FESlider::PlayNavigationSound(void)	
0x0057E440	?MoveForSplitScreen@FESlider@@UAEXHH@Z	public: virtual void __thiscall FESlider::MoveForSplitScreen(int,int)	
0x0057E470	?SetWidgets@FESlider@@QAEXPAVPanelQuad@@PAVFEText@@1@Z	public: void __thiscall FESlider::SetWidgets(class PanelQuad *,class FEText *,class FEText *)	
0x0057E4B0	??0FEDoubleEntry@@QAE@PAVFEMenu@@PAVFEText@@1@Z	public: __thiscall FEDoubleEntry::FEDoubleEntry(class FEMenu *,class FEText *,class FEText *)	
0x0057E520	?AddSubItem@FEMenuListBox@@QAE?BIIABVstring@Broc@@@Z	public: unsigned int const __thiscall FEMenuListBox::AddSubItem(unsigned int,class Broc::string const &)	
0x0057E5B0	?Draw@FEMenuListBox@@UAEXXZ	public: virtual void __thiscall FEMenuListBox::Draw(void)	
0x0057E8F0	?OnUp@FEMenuListBox@@UAEFXZ	public: virtual short __thiscall FEMenuListBox::OnUp(void)	
0x0057E970	?OnDown@FEMenuListBox@@UAEFXZ	public: virtual short __thiscall FEMenuListBox::OnDown(void)	
0x0057EA00	?SetCurrentSelection@FEMenuListBox@@QAEXH@Z	public: void __thiscall FEMenuListBox::SetCurrentSelection(int)	
0x0057EA60	?GetCurrentSelection@FEMenuListBox@@QAE?BHXZ	public: int const __thiscall FEMenuListBox::GetCurrentSelection(void)	
0x0057EA80	?GetCurrentSelectionData@FEMenuListBox@@QAE?BHXZ	public: int const __thiscall FEMenuListBox::GetCurrentSelectionData(void)	
0x0057EAA0	??1FrontEndMenuSystem@@UAE@XZ	public: virtual __thiscall FrontEndMenuSystem::~FrontEndMenuSystem(void)	
0x0057EB10	?Draw@FrontEndMenuSystem@@UAEXXZ	public: virtual void __thiscall FrontEndMenuSystem::Draw(void)	
0x0057EB60	?Update@FrontEndMenuSystem@@UAEXM@Z	public: virtual void __thiscall FrontEndMenuSystem::Update(float)	
0x0057ED10	?SetPanelFile@FrontEndMenuSystem@@UAEXPAVPanelFile@@@Z	public: virtual void __thiscall FrontEndMenuSystem::SetPanelFile(class PanelFile *)	
0x0057ED70	?Update@DialogMenuDisplay@@QAEXM@Z	public: void __thiscall DialogMenuDisplay::Update(float)	
0x0057EE70	?UpdateWidescreen@DialogMenuDisplay@@UAEX_N@Z	public: virtual void __thiscall DialogMenuDisplay::UpdateWidescreen(bool)	
0x0057EEB0	?Draw@DialogMenuDisplay@@QAEXXZ	public: void __thiscall DialogMenuDisplay::Draw(void)	
0x0057EF80	?SetPanelFileSplitScreen@DialogMenuDisplay@@AAEXPAVPanelFile@@@Z	private: void __thiscall DialogMenuDisplay::SetPanelFileSplitScreen(class PanelFile *)	
0x0057EFF0	?OnUp@DialogMenuDisplay@@QAEXXZ	public: void __thiscall DialogMenuDisplay::OnUp(void)	
0x0057F020	?OnDown@DialogMenuDisplay@@QAEXXZ	public: void __thiscall DialogMenuDisplay::OnDown(void)	
0x0057F050	?HighlightEntry@DialogMenuDisplay@@QAEXH@Z	public: void __thiscall DialogMenuDisplay::HighlightEntry(int)	
0x0057F070	?UpdateSplitScreen@DialogMenuDisplay@@QAEXXZ	public: void __thiscall DialogMenuDisplay::UpdateSplitScreen(void)	
0x0057F0B0	?Update@DialogMenuSystem@@UAEXM@Z	public: virtual void __thiscall DialogMenuSystem::Update(float)	
0x0057F160	?OnButtonPress@DialogMenuSystem@@UAEXHH@Z	public: virtual void __thiscall DialogMenuSystem::OnButtonPress(int,int)	
0x0057F1A0	?HighlightOption@DialogMenuSystem@@QAEXH@Z	public: void __thiscall DialogMenuSystem::HighlightOption(int)	
0x0057F1F0	?MakeActive@DialogMenuSystem@@UAEXH@Z	public: virtual void __thiscall DialogMenuSystem::MakeActive(int)	
0x0057F230	?UpdateSplitScreen@DialogMenuSystem@@UAEXXZ	public: virtual void __thiscall DialogMenuSystem::UpdateSplitScreen(void)	
0x0057F270	?OnUp@DialogMenu@@UAEXH@Z	public: virtual void __thiscall DialogMenu::OnUp(int)	
0x0057F2D0	?OnDown@DialogMenu@@UAEXH@Z	public: virtual void __thiscall DialogMenu::OnDown(int)	
0x0057F330	?NewMenuActive@InGameMenuSystem@@MAEXXZ	protected: virtual void __thiscall InGameMenuSystem::NewMenuActive(void)	
0x0057F360	?GetPanelFileUsers@InGameMenuSystem@@QAE_NPBDAAV?$ae_sized_array@PAVPanelFileUser@@$0M@@@@Z	public: bool __thiscall InGameMenuSystem::GetPanelFileUsers(char const *,class ae_sized_array<class PanelFileUser *,12> &)	
0x0057F6A0	?DialogResponseContinue@MemCardCheckMenu@@SA_NH@Z	public: static bool __cdecl MemCardCheckMenu::DialogResponseContinue(int)	
0x0057F6C0	?OnActivate@OptionsGameplayMenu@@UAEXXZ	public: virtual void __thiscall OptionsGameplayMenu::OnActivate(void)	
0x0057F810	?Draw@OptionsGameplayMenu@@UAEXXZ	public: virtual void __thiscall OptionsGameplayMenu::Draw(void)	
0x0057F840	?UpdateWidescreen@OptionsGameplayMenu@@UAEX_N@Z	public: virtual void __thiscall OptionsGameplayMenu::UpdateWidescreen(bool)	
0x0057F880	?OnTriangle@OptionsGameplayMenu@@UAEXH@Z	public: virtual void __thiscall OptionsGameplayMenu::OnTriangle(int)	
0x0057F900	?Draw@OptionsControlsMenu@@UAEXXZ	public: virtual void __thiscall OptionsControlsMenu::Draw(void)	
0x0057F930	?UpdateWidescreen@OptionsControlsMenu@@UAEX_N@Z	public: virtual void __thiscall OptionsControlsMenu::UpdateWidescreen(bool)	
0x0057F980	?AdjustGauge@OptionsControlsMenu@@AAEXPAVPanelQuad@@H@Z	private: void __thiscall OptionsControlsMenu::AdjustGauge(class PanelQuad *,int)	
0x0057F9C0	?OnTriangle@OptionsControlsMenu@@UAEXH@Z	public: virtual void __thiscall OptionsControlsMenu::OnTriangle(int)	
0x0057FA90	?Draw@OptionsSoundMenu@@UAEXXZ	public: virtual void __thiscall OptionsSoundMenu::Draw(void)	
0x0057FAC0	?UpdateWidescreen@OptionsSoundMenu@@UAEX_N@Z	public: virtual void __thiscall OptionsSoundMenu::UpdateWidescreen(bool)	
0x0057FB10	?AdjustGauge@OptionsSoundMenu@@AAEXPAVPanelQuad@@H@Z	private: void __thiscall OptionsSoundMenu::AdjustGauge(class PanelQuad *,int)	
0x0057FB40	?OnTriangle@OptionsSoundMenu@@UAEXH@Z	public: virtual void __thiscall OptionsSoundMenu::OnTriangle(int)	
0x0057FB80	?OnActivate@OptionsStickMenu@@UAEXXZ	public: virtual void __thiscall OptionsStickMenu::OnActivate(void)	
0x0057FBC0	?Draw@OptionsStickMenu@@UAEXXZ	public: virtual void __thiscall OptionsStickMenu::Draw(void)	
0x0057FBE0	?UpdateWidescreen@OptionsStickMenu@@UAEX_N@Z	public: virtual void __thiscall OptionsStickMenu::UpdateWidescreen(bool)	
0x0057FC30	?OnTriangle@OptionsStickMenu@@UAEXH@Z	public: virtual void __thiscall OptionsStickMenu::OnTriangle(int)	
0x0057FD40	?Draw@OptionsButtonMenu@@UAEXXZ	public: virtual void __thiscall OptionsButtonMenu::Draw(void)	
0x0057FD70	?UpdateWidescreen@OptionsButtonMenu@@UAEX_N@Z	public: virtual void __thiscall OptionsButtonMenu::UpdateWidescreen(bool)	
0x0057FDC0	?OnTriangle@OptionsButtonMenu@@UAEXH@Z	public: virtual void __thiscall OptionsButtonMenu::OnTriangle(int)	
0x0057FE20	?GetButtonAction@OptionsButtonMenu@@AAEHH@Z	private: int __thiscall OptionsButtonMenu::GetButtonAction(int)	
0x0057FED0	?Draw@GammaScreenMenu@@UAEXXZ	public: virtual void __thiscall GammaScreenMenu::Draw(void)	
0x0057FEF0	?AdjustGauge@GammaScreenMenu@@AAEXXZ	private: void __thiscall GammaScreenMenu::AdjustGauge(void)	
0x0057FF20	?OnActivate@GammaScreenMenu@@UAEXXZ	public: virtual void __thiscall GammaScreenMenu::OnActivate(void)	
0x0057FF80	?UpdateWidescreen@GammaScreenMenu@@UAEX_N@Z	public: virtual void __thiscall GammaScreenMenu::UpdateWidescreen(bool)	
0x0057FFC0	?Draw@LoadingMenu@@UAEXXZ	public: virtual void __thiscall LoadingMenu::Draw(void)	
0x00580010	?PickTip@LoadingMenu@@QAEXXZ	public: void __thiscall LoadingMenu::PickTip(void)	
0x00580230	?UpdateWidescreen@LoadingMenu@@UAEX_N@Z	public: virtual void __thiscall LoadingMenu::UpdateWidescreen(bool)	
0x00580290	?Draw@ControllerDisconnectedMenu@@UAEXXZ	public: virtual void __thiscall ControllerDisconnectedMenu::Draw(void)	
0x005803A0	?OnActivate@VKMenu@@UAEXXZ	public: virtual void __thiscall VKMenu::OnActivate(void)	
0x00580420	?OnDeactivate@VKMenu@@UAEXPAVFEMenu@@@Z	public: virtual void __thiscall VKMenu::OnDeactivate(class FEMenu *)	
0x00580440	?Draw@VKMenu@@UAEXXZ	public: virtual void __thiscall VKMenu::Draw(void)	
0x00580490	?PlaySound@VKMenu@@QAEXXZ	public: void __thiscall VKMenu::PlaySound(void)	
0x00580500	?UpdateWidescreen@VKMenu@@UAEX_N@Z	public: virtual void __thiscall VKMenu::UpdateWidescreen(bool)	
0x00580530	?AddCharacter@VKMenu@@AAEXH@Z	private: void __thiscall VKMenu::AddCharacter(int)	
0x00580670	?RemoveCharacter@VKMenu@@AAEXXZ	private: void __thiscall VKMenu::RemoveCharacter(void)	
0x00580730	?Draw@ProfileMainMenu@@UAEXXZ	public: virtual void __thiscall ProfileMainMenu::Draw(void)	
0x00580760	?UpdateWidescreen@ProfileMainMenu@@UAEX_N@Z	public: virtual void __thiscall ProfileMainMenu::UpdateWidescreen(bool)	
0x005807D0	?OnTriangle@ProfileMainMenu@@UAEXH@Z	public: virtual void __thiscall ProfileMainMenu::OnTriangle(int)	
0x005807F0	?OnSelectionChange@ProfileMainMenu@@AAEXXZ	private: void __thiscall ProfileMainMenu::OnSelectionChange(void)	
0x00580B00	?DeleteDone@ProfileMainMenu@@SAXH@Z	public: static void __cdecl ProfileMainMenu::DeleteDone(int)	
0x00580B40	?Draw@ProfileEditMenu@@UAEXXZ	public: virtual void __thiscall ProfileEditMenu::Draw(void)	
0x00580B60	?UpdateWidescreen@ProfileEditMenu@@UAEX_N@Z	public: virtual void __thiscall ProfileEditMenu::UpdateWidescreen(bool)	
0x00580BA0	?OnActivate@ProfileEditMenu@@UAEXH@Z	public: virtual void __thiscall ProfileEditMenu::OnActivate(int)	
0x00580CD0	?DialogResponseCancel@ProfileEditMenu@@CA_NH@Z	private: static bool __cdecl ProfileEditMenu::DialogResponseCancel(int)	
0x00580D30	??0ProfileManager@@QAE@XZ	public: __thiscall ProfileManager::ProfileManager(void)	
0x00580D90	?HasMemCard@ProfileManager@@QAE_NXZ	public: bool __thiscall ProfileManager::HasMemCard(void)	
0x00580DB0	?IsProfileNameUsed@ProfileManager@@QBE_NPBD@Z	public: bool __thiscall ProfileManager::IsProfileNameUsed(char const *)const 	
0x00580E40	?GetProfiles@ProfileManager@@QAEHQAPAUProfile@1@@Z	public: int __thiscall ProfileManager::GetProfiles(struct ProfileManager::Profile * * const)	
0x00580EC0	?FileExists@ProfileManager@@AAE_NXZ	private: bool __thiscall ProfileManager::FileExists(void)	
0x00580ED0	?EnoughFreeSpace@ProfileManager@@QAE_NXZ	public: bool __thiscall ProfileManager::EnoughFreeSpace(void)	
0x00580F00	?SetProfile@ProfileManager@@QAEXPAUSaveGameData@@@Z	public: void __thiscall ProfileManager::SetProfile(struct SaveGameData *)	
0x00580F40	??0GameSettings@@QAE@XZ	public: __thiscall GameSettings::GameSettings(void)	
0x00581010	?dashboard_reboot_to_free_blocks@GameSettings@@QAEXXZ	public: void __thiscall GameSettings::dashboard_reboot_to_free_blocks(void)	
0x005810A0	?SEH_ReadCharFromString@@YAIPAPBDPAH@Z	unsigned int __cdecl SEH_ReadCharFromString(char const * *,int *)	
0x00581200	?SEH_PrintStrlen@@YAHPBD@Z	int __cdecl SEH_PrintStrlen(char const *)	
0x00581370	?SE_GetNumFlags@@YAHXZ	int __cdecl SE_GetNumFlags(void)	
0x005813A0	?SetText@UIListBoxItem@UIListBox@@QAEXPBD@Z	public: void __thiscall UIListBox::UIListBoxItem::SetText(char const *)	
0x00581460	?SetSelected@UIListBoxItem@UIListBox@@QAEX_N0@Z	public: void __thiscall UIListBox::UIListBoxItem::SetSelected(bool,bool)	
0x00581580	?SetColor@UIListBoxItem@UIListBox@@QAEXVcolor32@@0@Z	public: void __thiscall UIListBox::UIListBoxItem::SetColor(class color32,class color32)	
0x00581650	?SetEnabled@UIListBoxItem@UIListBox@@QAEX_N@Z	public: void __thiscall UIListBox::UIListBoxItem::SetEnabled(bool)	
0x005816B0	?RemoveAllItems@UIListBox@@QAEXXZ	public: void __thiscall UIListBox::RemoveAllItems(void)	
0x00581750	?Update@UIListBox@@UAEXM@Z	public: virtual void __thiscall UIListBox::Update(float)	
0x00581910	?Draw@UIListBox@@UAEXXZ	public: virtual void __thiscall UIListBox::Draw(void)	
0x00581990	?SetItemState@UIListBox@@QAEXHHH@Z	public: void __thiscall UIListBox::SetItemState(int,int,int)	
0x00581A90	?PlayNavigationSound@UIListBox@@IAEXXZ	protected: void __thiscall UIListBox::PlayNavigationSound(void)	
0x00581B00	?PageDown@UIListBox@@QAEXH@Z	public: void __thiscall UIListBox::PageDown(int)	
0x00581BC0	?PageUp@UIListBox@@QAEXH@Z	public: void __thiscall UIListBox::PageUp(int)	
0x00581C70	?UpdateScrollBar@UIListBox@@IAEXXZ	protected: void __thiscall UIListBox::UpdateScrollBar(void)	
0x00581D40	?SetAllColumnsSelectable@UIListBox@@QAEX_N@Z	public: void __thiscall UIListBox::SetAllColumnsSelectable(bool)	
0x00581DC0	?ClearHighlights@UIHighlightListBox@@QAEXXZ	public: void __thiscall UIHighlightListBox::ClearHighlights(void)	
0x00581E40	?UpdateHighlight@UIHighlightListBox@@IAEXXZ	protected: void __thiscall UIHighlightListBox::UpdateHighlight(void)	
0x00581F90	?SaveHighlightRowColor@UIHighlightListBox@@IAEXXZ	protected: void __thiscall UIHighlightListBox::SaveHighlightRowColor(void)	
0x005820C0	?CheckIfLocalPlayer@UIPlayerListBox@@IAEXH@Z	protected: void __thiscall UIPlayerListBox::CheckIfLocalPlayer(int)	
0x005821F0	?Update@IGOFrontEnd@@UAEXM@Z	public: virtual void __thiscall IGOFrontEnd::Update(float)	
0x00582550	?Draw@IGOStanceWidget@@UAEXXZ	public: virtual void __thiscall IGOStanceWidget::Draw(void)	
0x00582650	?UpdateWidescreen@IGOStanceWidget@@UAEX_NM@Z	public: virtual void __thiscall IGOStanceWidget::UpdateWidescreen(bool,float)	
0x005826B0	?Update@IGOHealthWidget@@UAEXM@Z	public: virtual void __thiscall IGOHealthWidget::Update(float)	
0x00582890	?UpdateWidescreen@IGOHealthWidget@@UAEX_NM@Z	public: virtual void __thiscall IGOHealthWidget::UpdateWidescreen(bool,float)	
0x005828F0	?Update@IGOHQProgressBarWidget@@UAEXM@Z	public: virtual void __thiscall IGOHQProgressBarWidget::Update(float)	
0x00582B70	?UpdateWidescreen@IGOHQProgressBarWidget@@UAEX_NM@Z	public: virtual void __thiscall IGOHQProgressBarWidget::UpdateWidescreen(bool,float)	
0x00582BD0	?UpdateSplitScreen@IGOHQProgressBarWidget@@UAEXHH@Z	public: virtual void __thiscall IGOHQProgressBarWidget::UpdateSplitScreen(int,int)	
0x00582C40	?UpdateWidescreen@IGORaiseFlagWidget@@UAEX_NM@Z	public: virtual void __thiscall IGORaiseFlagWidget::UpdateWidescreen(bool,float)	
0x00582C70	?Init@IGOTimerWidget@@UAEXPAVPanelFile@@@Z	public: virtual void __thiscall IGOTimerWidget::Init(class PanelFile *)	
0x00582D00	?UpdateWidescreen@IGOInGameScoreWidget@@UAEX_NM@Z	public: virtual void __thiscall IGOInGameScoreWidget::UpdateWidescreen(bool,float)	
0x00582D30	?UpdateWidescreen@IGOAmmoWidget@@UAEX_NM@Z	public: virtual void __thiscall IGOAmmoWidget::UpdateWidescreen(bool,float)	
0x00582D70	?UpdateWidescreen@IGOGrenadeWidget@@UAEX_NM@Z	public: virtual void __thiscall IGOGrenadeWidget::UpdateWidescreen(bool,float)	
0x00582DF0	?UpdateWidescreen@IGOGrenadeCookWidget@@UAEX_NM@Z	public: virtual void __thiscall IGOGrenadeCookWidget::UpdateWidescreen(bool,float)	
0x00582E40	?UpdateSplitScreen@IGOGrenadeCookWidget@@UAEXHH@Z	public: virtual void __thiscall IGOGrenadeCookWidget::UpdateSplitScreen(int,int)	
0x00582E90	?UpdateWidescreen@IGOWeaponNameWidget@@UAEX_NM@Z	public: virtual void __thiscall IGOWeaponNameWidget::UpdateWidescreen(bool,float)	
0x00582EC0	?Update@IGOActionHintWidget@@UAEXM@Z	public: virtual void __thiscall IGOActionHintWidget::Update(float)	
0x00583170	?UpdateWidescreen@IGOTankHealthWidget@@UAEX_NM@Z	public: virtual void __thiscall IGOTankHealthWidget::UpdateWidescreen(bool,float)	
0x005831B0	?UpdateWidescreen@IGOTankLoadingWidget@@UAEX_NM@Z	public: virtual void __thiscall IGOTankLoadingWidget::UpdateWidescreen(bool,float)	
0x005831E0	?UpdateWidescreen@IGOTankReticleWidget@@UAEX_NM@Z	public: virtual void __thiscall IGOTankReticleWidget::UpdateWidescreen(bool,float)	
0x00583230	?UpdateSplitScreen@IGOTankReticleWidget@@UAEXHH@Z	public: virtual void __thiscall IGOTankReticleWidget::UpdateSplitScreen(int,int)	
0x00583280	?UpdateWidescreen@IGORankWidget@@UAEX_NM@Z	public: virtual void __thiscall IGORankWidget::UpdateWidescreen(bool,float)	
0x005832C0	?UpdateWidescreen@IGOVoteWidget@@UAEX_NM@Z	public: virtual void __thiscall IGOVoteWidget::UpdateWidescreen(bool,float)	
0x005832D0	?Draw@IGOSpecialWeaponWidget@@UAEXXZ	public: virtual void __thiscall IGOSpecialWeaponWidget::Draw(void)	
0x005834B0	?UpdateWidescreen@IGOSpecialWeaponWidget@@UAEX_NM@Z	public: virtual void __thiscall IGOSpecialWeaponWidget::UpdateWidescreen(bool,float)	
0x005834F0	?DrawFlag@IGOWarStatusWidget@@QAEXHHHHHHM@Z	public: void __thiscall IGOWarStatusWidget::DrawFlag(int,int,int,int,int,int,float)	
0x00583640	?UpdateWidescreen@IGOWarStatusWidget@@UAEX_NM@Z	public: virtual void __thiscall IGOWarStatusWidget::UpdateWidescreen(bool,float)	
0x00583890	?UpdateWidescreen@IGOTankIconWidget@@UAEX_NM@Z	public: virtual void __thiscall IGOTankIconWidget::UpdateWidescreen(bool,float)	
0x00583970	?UpdateSplitScreen@IGOCompassWidget@@UAEXHH@Z	public: virtual void __thiscall IGOCompassWidget::UpdateSplitScreen(int,int)	
0x00583A10	?UpdateWidescreen@IGOCompassWidget@@UAEX_NM@Z	public: virtual void __thiscall IGOCompassWidget::UpdateWidescreen(bool,float)	
0x00583AA0	?CalculateMapObject@IGOCompassWidget@@AAEXPAVIGOMapObject@@MMM_N@Z	private: void __thiscall IGOCompassWidget::CalculateMapObject(class IGOMapObject *,float,float,float,bool)	
0x00583C40	?UpdateWidescreen@IGOJeepMapWidget@@UAEX_NM@Z	public: virtual void __thiscall IGOJeepMapWidget::UpdateWidescreen(bool,float)	
0x00583C70	?UpdateWidescreen@IGOHintWidget@@UAEX_NM@Z	public: virtual void __thiscall IGOHintWidget::UpdateWidescreen(bool,float)	
0x00583CD0	?UpdateWidescreen@IGOGrenadeIndicator@@UAEX_NM@Z	public: virtual void __thiscall IGOGrenadeIndicator::UpdateWidescreen(bool,float)	
0x00583D00	?UpdateWidescreen@IGOHeadIcons@@UAEX_NM@Z	public: virtual void __thiscall IGOHeadIcons::UpdateWidescreen(bool,float)	
0x00583D30	?UpdateSplitScreen@IGOHeadIcons@@UAEXHH@Z	public: virtual void __thiscall IGOHeadIcons::UpdateSplitScreen(int,int)	
0x00583D60	?UpdateWidescreen@IGORowboatWidget@@UAEX_NM@Z	public: virtual void __thiscall IGORowboatWidget::UpdateWidescreen(bool,float)	
0x00583D90	?UpdateWidescreen@IGOItemIcons@@UAEX_NM@Z	public: virtual void __thiscall IGOItemIcons::UpdateWidescreen(bool,float)	
0x00583DC0	?UpdateSplitScreen@IGOItemIcons@@UAEXHH@Z	public: virtual void __thiscall IGOItemIcons::UpdateSplitScreen(int,int)	
0x00583DF0	?SetPos@PanelQuad@@UAEXQAM0@Z	public: virtual void __thiscall PanelQuad::SetPos(float * const,float * const)	
0x00584250	?ResetToInitialXY@PanelQuad@@UAEXXZ	public: virtual void __thiscall PanelQuad::ResetToInitialXY(void)	
0x005843D0	??0PanelFile@@QAE@XZ	public: __thiscall PanelFile::PanelFile(void)	
0x005843F0	?render@movie_manager@@SAXXZ	public: static void __cdecl movie_manager::render(void)	
0x00584430	?render2@movie_manager@@SA?AW4nvlFrameState@@XZ	public: static enum nvlFrameState __cdecl movie_manager::render2(void)	
0x00584460	?play_subtitle@subtitle_manager@@SA_NPBDPAD@Z	public: static bool __cdecl subtitle_manager::play_subtitle(char const *,char *)	
0x005848C0	?frame_advance@subtitle_manager@@SAXH@Z	public: static void __cdecl subtitle_manager::frame_advance(int)	
0x00584910	?GetStringWidth@MultiLineString@@SAMPBDW4font_index@@MM@Z	public: static float __cdecl MultiLineString::GetStringWidth(char const *,enum font_index,float,float)	
0x00584AB0	?ParseForButtons@MultiLineString@@AAEXMM@Z	private: void __thiscall MultiLineString::ParseForButtons(float,float)	
0x00584DA0	??0FEMultiLineText@@QAE@W4font_index@@MMHW4panel_layer@@MHHVcolor32@@@Z	public: __thiscall FEMultiLineText::FEMultiLineText(enum font_index,float,float,int,enum panel_layer,float,int,int,class color32)	
0x00584ED0	?SetScaleAdjustButtons@FEMultiLineText@@UAEXMM@Z	public: virtual void __thiscall FEMultiLineText::SetScaleAdjustButtons(float,float)	
0x00584FC0	?SetPos@FEMultiLineText@@UAEXMM@Z	public: virtual void __thiscall FEMultiLineText::SetPos(float,float)	
0x00585010	?Animate@FEMultiLineText@@MAEXPAVMat43@math@@M@Z	protected: virtual void __thiscall FEMultiLineText::Animate(class math::Mat43 *,float)	
0x005851D0	?SetHigh@InGameOptionsMenu@@MAEXH_N@Z	protected: virtual void __thiscall InGameOptionsMenu::SetHigh(int,bool)	
0x00585240	?Update@AARInGameOptionsMenu@@UAEXM@Z	public: virtual void __thiscall AARInGameOptionsMenu::Update(float)	
0x00585260	?UpdateButtonFontForLanguage@FEManager@@QAEXXZ	public: void __thiscall FEManager::UpdateButtonFontForLanguage(void)	
0x005852E0	?FindFont@FEManager@@QAE?AW4font_index@@PBD_N@Z	public: enum font_index __thiscall FEManager::FindFont(char const *,bool)	
0x00585450	?ReleaseFrontEnd@FEManager@@QAEXXZ	public: void __thiscall FEManager::ReleaseFrontEnd(void)	
0x00585490	?GetFont@FEManager@@QAEPAVnglFont@@W4font_index@@M@Z	public: class nglFont * __thiscall FEManager::GetFont(enum font_index,float)	
0x005854D0	?GetPanelFileUsers@FEManager@@IAEXPBDAAV?$ae_sized_array@PAVPanelFileUser@@$0M@@@@Z	protected: void __thiscall FEManager::GetPanelFileUsers(char const *,class ae_sized_array<class PanelFileUser *,12> &)	
0x00585C70	??0FEMenuEntry@@QAE@PBDPAVFEMenu@@_NW4font_index@@H@Z	public: __thiscall FEMenuEntry::FEMenuEntry(char const *,class FEMenu *,bool,enum font_index,int)	
0x00585DA0	?AddEntry@FEMenu@@UAEXHPBD@Z	public: virtual void __thiscall FEMenu::AddEntry(int,char const *)	
0x00585E60	?AddComboBox@FEMenu@@UAEPAVFEComboBox@@HHPAVFEText@@PAVPanelQuad@@1@Z	public: virtual class FEComboBox * __thiscall FEMenu::AddComboBox(int,int,class FEText *,class PanelQuad *,class PanelQuad *)	
0x00585F30	?AddComboBox@FEMenu@@UAEPAVFEComboBox@@HHPAVFEText@@0PAVPanelQuad@@1@Z	public: virtual class FEComboBox * __thiscall FEMenu::AddComboBox(int,int,class FEText *,class FEText *,class PanelQuad *,class PanelQuad *)	
0x00586000	?AddSlider@FEMenu@@UAEPAVFESlider@@HPAVPanelQuad@@PAVFEText@@@Z	public: virtual class FESlider * __thiscall FEMenu::AddSlider(int,class PanelQuad *,class FEText *)	
0x005860D0	?AddSlider@FEMenu@@UAEPAVFESlider@@HPAVFEText@@0@Z	public: virtual class FESlider * __thiscall FEMenu::AddSlider(int,class FEText *,class FEText *)	
0x005861A0	?AddDoubleEntry@FEMenu@@UAEPAVFEDoubleEntry@@HPAVFEText@@0@Z	public: virtual class FEDoubleEntry * __thiscall FEMenu::AddDoubleEntry(int,class FEText *,class FEText *)	
0x00586260	?OnLeft@FEComboBox@@UAEFXZ	public: virtual short __thiscall FEComboBox::OnLeft(void)	
0x00586310	?OnRight@FEComboBox@@UAEFXZ	public: virtual short __thiscall FEComboBox::OnRight(void)	
0x005863C0	?OnLeft@FESlider@@UAEFXZ	public: virtual short __thiscall FESlider::OnLeft(void)	
0x005863F0	?OnRight@FESlider@@UAEFXZ	public: virtual short __thiscall FESlider::OnRight(void)	
0x00586420	?Clear@FEMenuListBox@@QAEXXZ	public: void __thiscall FEMenuListBox::Clear(void)	
0x00586470	?CountDown@DialogMenuSystem@@AAEXM@Z	private: void __thiscall DialogMenuSystem::CountDown(float)	
0x00586570	?Draw@DialogMenuSystem@@UAEXXZ	public: virtual void __thiscall DialogMenuSystem::Draw(void)	
0x00586640	?SetState@DialogMenuSystem@@QAEXW4eState@1@@Z	public: void __thiscall DialogMenuSystem::SetState(enum DialogMenuSystem::eState)	
0x00586690	?DefaultYesResponse@DialogMenuSystem@@SA_NH@Z	public: static bool __cdecl DialogMenuSystem::DefaultYesResponse(int)	
0x005866F0	?Activate@MemCardCheckMenu@@AAEXXZ	private: void __thiscall MemCardCheckMenu::Activate(void)	
0x00586730	?Update@MemCardCheckMenu@@UAEXM@Z	public: virtual void __thiscall MemCardCheckMenu::Update(float)	
0x005867A0	?SetDefaultOptions@OptionsControlsMenu@@AAEXXZ	private: void __thiscall OptionsControlsMenu::SetDefaultOptions(void)	
0x00586980	?AdjustOptions@OptionsControlsMenu@@AAEX_N@Z	private: void __thiscall OptionsControlsMenu::AdjustOptions(bool)	
0x00586B10	?SetDefaultOptions@OptionsSoundMenu@@AAEXXZ	private: void __thiscall OptionsSoundMenu::SetDefaultOptions(void)	
0x00586B60	?AdjustOptions@OptionsSoundMenu@@AAEX_N@Z	private: void __thiscall OptionsSoundMenu::AdjustOptions(bool)	
0x00586CD0	?ReadControllerConfig@OptionsButtonMenu@@AAEXXZ	private: void __thiscall OptionsButtonMenu::ReadControllerConfig(void)	
0x00586D20	?SetPanelFile@ControllerDisconnectedMenu@@UAEXPAVPanelFile@@@Z	public: virtual void __thiscall ControllerDisconnectedMenu::SetPanelFile(class PanelFile *)	
0x00586E20	?OnActivate@ProfileMainMenu@@UAEXH@Z	public: virtual void __thiscall ProfileMainMenu::OnActivate(int)	
0x00586E50	?LoadProfilesDone@ProfileMainMenu@@QAEXXZ	public: void __thiscall ProfileMainMenu::LoadProfilesDone(void)	
0x00586FD0	?SetPanelFile@ProfileEditMenu@@UAEXPAVPanelFile@@@Z	public: virtual void __thiscall ProfileEditMenu::SetPanelFile(class PanelFile *)	
0x00587130	?DialogDisplayFormatting@ProfileManager@@AAEXXZ	private: void __thiscall ProfileManager::DialogDisplayFormatting(void)	
0x005871C0	?DialogDisplayNoMemDevice@ProfileManager@@AAEXXZ	private: void __thiscall ProfileManager::DialogDisplayNoMemDevice(void)	
0x00587250	?DialogResponseFreeMoreBlocks@ProfileManager@@CA_NH@Z	private: static bool __cdecl ProfileManager::DialogResponseFreeMoreBlocks(int)	
0x00587260	?DialogDisplayAutoSave@ProfileManager@@AAEXXZ	private: void __thiscall ProfileManager::DialogDisplayAutoSave(void)	
0x00587380	?save@GameSettings@@QAE?AW4eStatus@MemoryUnitManager@@XZ	public: enum MemoryUnitManager::eStatus __thiscall GameSettings::save(void)	
0x00587520	?del@GameSettings@@QAE?AW4eStatus@MemoryUnitManager@@H@Z	public: enum MemoryUnitManager::eStatus __thiscall GameSettings::del(int)	
0x00587670	?load@GameSettings@@QAE?AW4eStatus@MemoryUnitManager@@H@Z	public: enum MemoryUnitManager::eStatus __thiscall GameSettings::load(int)	
0x005877B0	?load_all@GameSettings@@QAE?AW4eStatus@MemoryUnitManager@@QAPAUSaveGameData@@@Z	public: enum MemoryUnitManager::eStatus __thiscall GameSettings::load_all(struct SaveGameData * * const)	
0x005878C0	?GetCurrentReference_ParseOnly@CStringEdPackage@@AAEPBDXZ	private: char const * __thiscall CStringEdPackage::GetCurrentReference_ParseOnly(void)	
0x005878D0	?SetRowEnabled@UIListBox@@QAEXH_N@Z	public: void __thiscall UIListBox::SetRowEnabled(int,bool)	
0x00587960	?SetColumnStateCount@UIListBox@@QAEXHH@Z	public: void __thiscall UIListBox::SetColumnStateCount(int,int)	
0x00587BA0	?SetItem@UIListBox@@QAEXHHPAVFEText@@H@Z	public: void __thiscall UIListBox::SetItem(int,int,class FEText *,int)	
0x00587CB0	?SetItem@UIListBox@@QAEXHHPAVPanelQuad@@H@Z	public: void __thiscall UIListBox::SetItem(int,int,class PanelQuad *,int)	
0x00587DC0	?SetText@UIListBox@@QAEXHHPBD@Z	public: void __thiscall UIListBox::SetText(int,int,char const *)	
0x00587F00	?MoveUp@UIListBox@@IAEFH@Z	protected: short __thiscall UIListBox::MoveUp(int)	
0x00587FF0	?MoveDown@UIListBox@@IAEFH@Z	protected: short __thiscall UIListBox::MoveDown(int)	
0x005880E0	?DeselectRow@UIListBox@@IAEXXZ	protected: void __thiscall UIListBox::DeselectRow(void)	
0x00588180	?SelectRow@UIListBox@@IAEXXZ	protected: void __thiscall UIListBox::SelectRow(void)	
0x00588220	?RestoreHighlightRowColor@UIHighlightListBox@@IAEXXZ	protected: void __thiscall UIHighlightListBox::RestoreHighlightRowColor(void)	
0x005882F0	?ColorHighlightRow@UIHighlightListBox@@IAEXXZ	protected: void __thiscall UIHighlightListBox::ColorHighlightRow(void)	
0x00588390	?SetEntryColor@UIHighlightListBox@@QAEXHHVcolor32@@0@Z	public: void __thiscall UIHighlightListBox::SetEntryColor(int,int,class color32,class color32)	
0x00588400	?SetPlayerID@UIPlayerListBox@@QAEXHH@Z	public: void __thiscall UIPlayerListBox::SetPlayerID(int,int)	
0x00588480	?SetPlayerXUID@UIPlayerListBox@@QAEXHU_XUID@@@Z	public: void __thiscall UIPlayerListBox::SetPlayerXUID(int,struct _XUID)	
0x00588510	?Update@IGOAmmoWidget@@UAEXM@Z	public: virtual void __thiscall IGOAmmoWidget::Update(float)	
0x00588920	?GetPlayersTank@@YA?AV?$DbLinkedHandle@VEntityHandleDb@@VEntity@@@@XZ	class DbLinkedHandle<class EntityHandleDb,class Entity> __cdecl GetPlayersTank(void)	
0x00588A30	?Update@IGOTankHealthWidget@@UAEXM@Z	public: virtual void __thiscall IGOTankHealthWidget::Update(float)	
0x00588AF0	?Update@IGOTankLoadingWidget@@UAEXM@Z	public: virtual void __thiscall IGOTankLoadingWidget::Update(float)	
0x00588B40	?Update@IGOTankReticleWidget@@UAEXM@Z	public: virtual void __thiscall IGOTankReticleWidget::Update(float)	
0x00588C90	?Draw@IGOWarStatusWidget@@UAEXXZ	public: virtual void __thiscall IGOWarStatusWidget::Draw(void)	
0x00588DF0	?Update@IGOTankIconWidget@@UAEXM@Z	public: virtual void __thiscall IGOTankIconWidget::Update(float)	
0x005890A0	?UpdateFriendlies@IGOCompassWidget@@AAEXXZ	private: void __thiscall IGOCompassWidget::UpdateFriendlies(void)	
0x005895F0	?UpdateEnemies@IGOCompassWidget@@AAEXXZ	private: void __thiscall IGOCompassWidget::UpdateEnemies(void)	
0x00589880	?UpdateObjectives@IGOCompassWidget@@AAEXXZ	private: void __thiscall IGOCompassWidget::UpdateObjectives(void)	
0x00589AD0	?UpdateTanks@IGOCompassWidget@@AAEXXZ	private: void __thiscall IGOCompassWidget::UpdateTanks(void)	
0x00589F40	?DrawVehcile@IGOCompassWidget@@AAEXXZ	private: void __thiscall IGOCompassWidget::DrawVehcile(void)	
0x0058A020	?UpdateObjectivesABS@IGOCompassWidget@@AAEXXZ	private: void __thiscall IGOCompassWidget::UpdateObjectivesABS(void)	
0x0058A230	?UpdateEnemiesABS@IGOCompassWidget@@AAEXXZ	private: void __thiscall IGOCompassWidget::UpdateEnemiesABS(void)	
0x0058A4F0	?UpdateTanksABS@IGOCompassWidget@@AAEXXZ	private: void __thiscall IGOCompassWidget::UpdateTanksABS(void)	
0x0058A9A0	?Update@IGOGrenadeIndicator@@UAEXM@Z	public: virtual void __thiscall IGOGrenadeIndicator::Update(float)	
0x0058AAA0	?Draw@IGOGrenadeIndicator@@UAEXXZ	public: virtual void __thiscall IGOGrenadeIndicator::Draw(void)	
0x0058ABE0	?AddActiveGrenade@IGOGrenadeIndicator@@QAEXPBVEntity@@@Z	public: void __thiscall IGOGrenadeIndicator::AddActiveGrenade(class Entity const *)	
0x0058AC90	?Update@IGOHeadIcons@@UAEXM@Z	public: virtual void __thiscall IGOHeadIcons::Update(float)	
0x0058B070	?Draw@IGOHeadIcons@@UAEXXZ	public: virtual void __thiscall IGOHeadIcons::Draw(void)	
0x0058B680	?Update@IGOVoipList@@UAEXM@Z	public: virtual void __thiscall IGOVoipList::Update(float)	
0x0058B780	??0PanelQuad@@QAE@XZ	public: __thiscall PanelQuad::PanelQuad(void)	
0x0058B840	??0PanelQuad@@QAE@PAD@Z	public: __thiscall PanelQuad::PanelQuad(char *)	
0x0058B930	?CopyFrom@PanelQuad@@UAEXPBV1@@Z	public: virtual void __thiscall PanelQuad::CopyFrom(class PanelQuad const *)	
0x0058BAC0	?Init@PanelQuad@@UAEXQAUvector@Broc@@QAVcolor32@@W4panel_layer@@MPBD@Z	public: virtual void __thiscall PanelQuad::Init(struct Broc::vector * const,class color32 * const,enum panel_layer,float,char const *)	
0x0058BC10	?Load@PanelQuad@@UAEXPAVPanelMaterial@@PAEAAHPBVMat43@math@@@Z	public: virtual void __thiscall PanelQuad::Load(class PanelMaterial *,unsigned char *,int &,class math::Mat43 const *)	
0x0058C450	?Clone@PanelQuad@@SAPAV1@PAV1@@Z	public: static class PanelQuad * __cdecl PanelQuad::Clone(class PanelQuad *)	
0x0058C4C0	?Cleanup@PanelFile@@AAEXXZ	private: void __thiscall PanelFile::Cleanup(void)	
0x0058C5B0	?Clone@PanelFile@@QAEPAV1@XZ	public: class PanelFile * __thiscall PanelFile::Clone(void)	
0x0058C770	?LoadPanelObject@PanelFile@@QAEXPAEAAHPBVMat43@math@@PBDF@Z	public: void __thiscall PanelFile::LoadPanelObject(unsigned char *,int &,class math::Mat43 const *,char const *,short)	
0x0058C8E0	?LoadPanelText@PanelFile@@QAEXPAEAAHPBVMat43@math@@PBDF@Z	public: void __thiscall PanelFile::LoadPanelText(unsigned char *,int &,class math::Mat43 const *,char const *,short)	
0x0058CCF0	?LoadPanelText2@PanelFile@@QAEXPAEAAHPBVMat43@math@@PBDF@Z	public: void __thiscall PanelFile::LoadPanelText2(unsigned char *,int &,class math::Mat43 const *,char const *,short)	
0x0058D330	?frame_advance@movie_manager@@SAXXZ	public: static void __cdecl movie_manager::frame_advance(void)	
0x0058D3B0	?Set@MultiLineString@@QAEXPBDW4font_index@@MM@Z	public: void __thiscall MultiLineString::Set(char const *,enum font_index,float,float)	
0x0058D500	?SetTextNoLocalize@FEMultiLineText@@UAEXPBD@Z	public: virtual void __thiscall FEMultiLineText::SetTextNoLocalize(char const *)	
0x0058D710	?SetTextAllocNoLocalize@FEMultiLineText@@UAEXPBDH@Z	public: virtual void __thiscall FEMultiLineText::SetTextAllocNoLocalize(char const *,int)	
0x0058D8E0	?MakeBox@FEMultiLineText@@AAEHPBDHHMM_N@Z	private: int __thiscall FEMultiLineText::MakeBox(char const *,int,int,float,float,bool)	
0x0058DD60	?SetFont@FEManager@@QAEXPAVnglFont@@PBD@Z	public: void __thiscall FEManager::SetFont(class nglFont *,char const *)	
0x0058DE00	?HandlePanelFilePointer@FEManager@@QAEXPBDPAVPanelFile@@W4TPakId@@@Z	public: void __thiscall FEManager::HandlePanelFilePointer(char const *,class PanelFile *,enum TPakId)	
0x0058DF00	?FEManagerSetFont@@YAXPAVnglFont@@PBD@Z	void __cdecl FEManagerSetFont(class nglFont *,char const *)	
0x0058DF20	?Cleanup@FEMenu@@QAEXXZ	public: void __thiscall FEMenu::Cleanup(void)	
0x0058DFF0	?AddListBoxEntry@FEMenu@@UAEPAVFEMenuListBox@@HPAVFEText@@H@Z	public: virtual class FEMenuListBox * __thiscall FEMenu::AddListBoxEntry(int,class FEText *,int)	
0x0058E0B0	?PlayNavigationSoundWait@FEMenu@@UAEXXZ	public: virtual void __thiscall FEMenu::PlayNavigationSoundWait(void)	
0x0058E180	??1FEComboBox@@UAE@XZ	public: virtual __thiscall FEComboBox::~FEComboBox(void)	
0x0058E270	??1FESlider@@UAE@XZ	public: virtual __thiscall FESlider::~FESlider(void)	
0x0058E330	?AddItem@FEMenuListBox@@QAE?BIABVstring@Broc@@H@Z	public: unsigned int const __thiscall FEMenuListBox::AddItem(class Broc::string const &,int)	
0x0058E3B0	?BringUp@DialogMenuSystem@@QAEXPBD_N101@Z	public: void __thiscall DialogMenuSystem::BringUp(char const *,bool,bool,char const *,bool)	
0x0058E4C0	?DialogDisplayNotifyAutoSave@MemCardCheckMenu@@QAEXXZ	public: void __thiscall MemCardCheckMenu::DialogDisplayNotifyAutoSave(void)	
0x0058E610	?DialogResponseNotifyAutoSave@MemCardCheckMenu@@SA_NH@Z	public: static bool __cdecl MemCardCheckMenu::DialogResponseNotifyAutoSave(int)	
0x0058E630	?OnActivate@OptionsControlsMenu@@UAEXH@Z	public: virtual void __thiscall OptionsControlsMenu::OnActivate(int)	
0x0058E770	?OnActivate@OptionsSoundMenu@@UAEXXZ	public: virtual void __thiscall OptionsSoundMenu::OnActivate(void)	
0x0058E8F0	?OnActivate@OptionsButtonMenu@@UAEXXZ	public: virtual void __thiscall OptionsButtonMenu::OnActivate(void)	
0x0058E950	?DialogDisplaySaving@VKMenu@@QAEXXZ	public: void __thiscall VKMenu::DialogDisplaySaving(void)	
0x0058EA20	?DialogDisplaySaveSuccess@VKMenu@@QAEXXZ	public: void __thiscall VKMenu::DialogDisplaySaveSuccess(void)	
0x0058EB70	?DialogDisplayNoMemDevice@VKMenu@@QAEXXZ	public: void __thiscall VKMenu::DialogDisplayNoMemDevice(void)	
0x0058ECC0	?DialogDisplayProfileLoadSuccess@ProfileMainMenu@@SAXH@Z	public: static void __cdecl ProfileMainMenu::DialogDisplayProfileLoadSuccess(int)	
0x0058EE10	?Format@ProfileManager@@QAEXXZ	public: void __thiscall ProfileManager::Format(void)	
0x0058EE90	?DialogDisplayLoading@ProfileManager@@AAEXXZ	private: void __thiscall ProfileManager::DialogDisplayLoading(void)	
0x0058EF40	?DialogDisplayDeleting@ProfileManager@@AAEXXZ	private: void __thiscall ProfileManager::DialogDisplayDeleting(void)	
0x0058EFF0	?DialogDisplaySaving@ProfileManager@@AAEXXZ	private: void __thiscall ProfileManager::DialogDisplaySaving(void)	
0x0058F0B0	?DialogDisplayOverwriting@ProfileManager@@AAEXXZ	private: void __thiscall ProfileManager::DialogDisplayOverwriting(void)	
0x0058F170	?DialogDisplaySaveDone@ProfileManager@@AAEXXZ	private: void __thiscall ProfileManager::DialogDisplaySaveDone(void)	
0x0058F2D0	?DialogDisplayDeleteDone@ProfileManager@@AAEXXZ	private: void __thiscall ProfileManager::DialogDisplayDeleteDone(void)	
0x0058F420	?DialogDisplayNoData@ProfileManager@@AAEXXZ	private: void __thiscall ProfileManager::DialogDisplayNoData(void)	
0x0058F570	?DialogDisplayOverwrite@ProfileManager@@AAEXXZ	private: void __thiscall ProfileManager::DialogDisplayOverwrite(void)	
0x0058F700	?DialogDisplayNoFreeSpace@ProfileManager@@AAEXXZ	private: void __thiscall ProfileManager::DialogDisplayNoFreeSpace(void)	
0x0058F8A0	?DialogDisplayLoadFailed@ProfileManager@@AAEXXZ	private: void __thiscall ProfileManager::DialogDisplayLoadFailed(void)	
0x0058F9F0	?DialogDisplaySaveFailed@ProfileManager@@AAEXXZ	private: void __thiscall ProfileManager::DialogDisplaySaveFailed(void)	
0x0058FB50	?DialogDisplayDeleteFailed@ProfileManager@@AAEXXZ	private: void __thiscall ProfileManager::DialogDisplayDeleteFailed(void)	
0x0058FCA0	?DialogDisplayFormatFailed@ProfileManager@@AAEXXZ	private: void __thiscall ProfileManager::DialogDisplayFormatFailed(void)	
0x0058FE90	?SE_GetFlagName@@YAPBDH@Z	char const * __cdecl SE_GetFlagName(int)	
0x0058FEF0	?SE_GetLanguageName@@YAPBDH@Z	char const * __cdecl SE_GetLanguageName(int)	
0x0058FF50	?SE_GetLanguageDir@@YAPBDH@Z	char const * __cdecl SE_GetLanguageDir(int)	
0x0058FFC0	?Clear@UIListBox@@UAEXXZ	public: virtual void __thiscall UIListBox::Clear(void)	
0x00590050	?ClearRow@UIListBox@@UAEXH@Z	public: virtual void __thiscall UIListBox::ClearRow(int)	
0x00590150	?ResizeDataRows@UIListBox@@QAEXH@Z	public: void __thiscall UIListBox::ResizeDataRows(int)	
0x00590290	?OnUp@UIListBox@@UAEFH@Z	public: virtual short __thiscall UIListBox::OnUp(int)	
0x00590340	?OnDown@UIListBox@@UAEFH@Z	public: virtual short __thiscall UIListBox::OnDown(int)	
0x005903F0	?SelectLine@UIListBox@@UAEXH@Z	public: virtual void __thiscall UIListBox::SelectLine(int)	
0x005904A0	?SelectLine@UIListBox@@MAEXHH@Z	protected: virtual void __thiscall UIListBox::SelectLine(int,int)	
0x00590520	?Refresh@UIListBox@@UAEXXZ	public: virtual void __thiscall UIListBox::Refresh(void)	
0x005909B0	?Clear@UIHighlightListBox@@UAEXXZ	public: virtual void __thiscall UIHighlightListBox::Clear(void)	
0x005909D0	?Refresh@UIHighlightListBox@@UAEXXZ	public: virtual void __thiscall UIHighlightListBox::Refresh(void)	
0x00590A00	?Clear@UIPlayerListBox@@UAEXXZ	public: virtual void __thiscall UIPlayerListBox::Clear(void)	
0x00590AB0	?ClearRow@UIPlayerListBox@@UAEXH@Z	public: virtual void __thiscall UIPlayerListBox::ClearRow(int)	
0x00590AF0	?AddActiveGrenade@IGOFrontEnd@@QAEXPBVEntity@@@Z	public: void __thiscall IGOFrontEnd::AddActiveGrenade(class Entity const *)	
0x00590B00	??0IGOWeaponNameWidget@@QAE@H@Z	public: __thiscall IGOWeaponNameWidget::IGOWeaponNameWidget(int)	
0x00590BF0	?Update@IGOCompassWidget@@UAEXM@Z	public: virtual void __thiscall IGOCompassWidget::Update(float)	
0x00590E90	?Draw@IGOCompassWidget@@UAEXXZ	public: virtual void __thiscall IGOCompassWidget::Draw(void)	
0x00590F70	??1PanelQuad@@UAE@XZ	public: virtual __thiscall PanelQuad::~PanelQuad(void)	
0x00591070	??0FloatingPQ@@QAE@PAD@Z	public: __thiscall FloatingPQ::FloatingPQ(char *)	
0x005910E0	?LoadPanelGeom@PanelFile@@QAEXPAEAAHPBVMat43@math@@@Z	public: void __thiscall PanelFile::LoadPanelGeom(unsigned char *,int &,class math::Mat43 const *)	
0x005913B0	?load_movie@movie_manager@@SA_NPBD0@Z	public: static bool __cdecl movie_manager::load_movie(char const *,char const *)	
0x00591640	?PakLoadCallback@movie_manager@@SAXM@Z	public: static void __cdecl movie_manager::PakLoadCallback(float)	
0x00591690	?continue_playing_wait_for_keypress@movie_manager@@SAXXZ	public: static void __cdecl movie_manager::continue_playing_wait_for_keypress(void)	
0x005917C0	?SetTextBoxNoLocalize@FEMultiLineText@@UAEXVstring@Broc@@HM@Z	public: virtual void __thiscall FEMultiLineText::SetTextBoxNoLocalize(class Broc::string,int,float)	
0x00591930	?SetTextBoxAllocNoLocalize@FEMultiLineText@@UAEXVstring@Broc@@HM@Z	public: virtual void __thiscall FEMultiLineText::SetTextBoxAllocNoLocalize(class Broc::string,int,float)	
0x00591B00	?OnTriangle@InGameOptionsMenu@@UAEXH@Z	public: virtual void __thiscall InGameOptionsMenu::OnTriangle(int)	
0x00591E10	?OnTriangle@AARInGameOptionsMenu@@UAEXH@Z	public: virtual void __thiscall AARInGameOptionsMenu::OnTriangle(int)	
0x00592150	??1FEMenu@@UAE@XZ	public: virtual __thiscall FEMenu::~FEMenu(void)	
0x005921B0	??0FEMultiMenu@@QAE@PAVFEMenuSystem@@HH@Z	public: __thiscall FEMultiMenu::FEMultiMenu(class FEMenuSystem *,int,int)	
0x005922A0	??1DialogMenuDisplay@@QAE@XZ	public: __thiscall DialogMenuDisplay::~DialogMenuDisplay(void)	
0x005922E0	?PanelFileUnloaded@DialogMenuDisplay@@UAEXPAVPanelFile@@@Z	public: virtual void __thiscall DialogMenuDisplay::PanelFileUnloaded(class PanelFile *)	
0x00592340	??0DialogMenu@@QAE@PAVFEMenuSystem@@@Z	public: __thiscall DialogMenu::DialogMenu(class FEMenuSystem *)	
0x005923F0	??0MemCardCheckMenu@@QAE@PAVFEMenuSystem@@@Z	public: __thiscall MemCardCheckMenu::MemCardCheckMenu(class FEMenuSystem *)	
0x00592430	??1MemCardCheckMenu@@UAE@XZ	public: virtual __thiscall MemCardCheckMenu::~MemCardCheckMenu(void)	
0x00592440	?DialogDisplayNoMemCard@MemCardCheckMenu@@QAEXXZ	public: void __thiscall MemCardCheckMenu::DialogDisplayNoMemCard(void)	
0x005925D0	?DialogDisplayNoFreeSpace@MemCardCheckMenu@@QAEXXZ	public: void __thiscall MemCardCheckMenu::DialogDisplayNoFreeSpace(void)	
0x00592760	?DialogResponseRetry@MemCardCheckMenu@@SA_NH@Z	public: static bool __cdecl MemCardCheckMenu::DialogResponseRetry(int)	
0x00592800	??0OptionsGameplayMenu@@QAE@PAVFEMenuSystem@@@Z	public: __thiscall OptionsGameplayMenu::OptionsGameplayMenu(class FEMenuSystem *)	
0x005928C0	??1OptionsGameplayMenu@@UAE@XZ	public: virtual __thiscall OptionsGameplayMenu::~OptionsGameplayMenu(void)	
0x00592950	??0OptionsControlsMenu@@QAE@PAVFEMenuSystem@@@Z	public: __thiscall OptionsControlsMenu::OptionsControlsMenu(class FEMenuSystem *)	
0x00592A30	??1OptionsControlsMenu@@UAE@XZ	public: virtual __thiscall OptionsControlsMenu::~OptionsControlsMenu(void)	
0x00592AC0	??0OptionsSoundMenu@@QAE@PAVFEMenuSystem@@@Z	public: __thiscall OptionsSoundMenu::OptionsSoundMenu(class FEMenuSystem *)	
0x00592B80	??1OptionsSoundMenu@@UAE@XZ	public: virtual __thiscall OptionsSoundMenu::~OptionsSoundMenu(void)	
0x00592C10	??0OptionsStickMenu@@QAE@PAVFEMenuSystem@@@Z	public: __thiscall OptionsStickMenu::OptionsStickMenu(class FEMenuSystem *)	
0x00592C70	??1OptionsStickMenu@@UAE@XZ	public: virtual __thiscall OptionsStickMenu::~OptionsStickMenu(void)	
0x00592CE0	??0OptionsButtonMenu@@QAE@PAVFEMenuSystem@@@Z	public: __thiscall OptionsButtonMenu::OptionsButtonMenu(class FEMenuSystem *)	
0x00592D40	??1OptionsButtonMenu@@UAE@XZ	public: virtual __thiscall OptionsButtonMenu::~OptionsButtonMenu(void)	
0x00592DB0	??0GammaScreenMenu@@QAE@PAVFEMenuSystem@@@Z	public: __thiscall GammaScreenMenu::GammaScreenMenu(class FEMenuSystem *)	
0x00592E20	??1GammaScreenMenu@@UAE@XZ	public: virtual __thiscall GammaScreenMenu::~GammaScreenMenu(void)	
0x00592E90	??0LoadingMenu@@QAE@PAVFEMenuSystem@@@Z	public: __thiscall LoadingMenu::LoadingMenu(class FEMenuSystem *)	
0x00592FF0	??1LoadingMenu@@UAE@XZ	public: virtual __thiscall LoadingMenu::~LoadingMenu(void)	
0x00593080	?PanelFileUnloaded@LoadingMenu@@UAEXPAVPanelFile@@@Z	public: virtual void __thiscall LoadingMenu::PanelFileUnloaded(class PanelFile *)	
0x005931C0	??0ControllerDisconnectedMenu@@QAE@XZ	public: __thiscall ControllerDisconnectedMenu::ControllerDisconnectedMenu(void)	
0x00593220	??0ProfileMainMenu@@QAE@PAVFEMenuSystem@@@Z	public: __thiscall ProfileMainMenu::ProfileMainMenu(class FEMenuSystem *)	
0x005932C0	??1ProfileMainMenu@@UAE@XZ	public: virtual __thiscall ProfileMainMenu::~ProfileMainMenu(void)	
0x005933A0	?DialogDisplayProfileLoading@ProfileMainMenu@@QAEXH@Z	public: void __thiscall ProfileMainMenu::DialogDisplayProfileLoading(int)	
0x005934A0	??0ProfileEditMenu@@QAE@PAVFEMenuSystem@@@Z	public: __thiscall ProfileEditMenu::ProfileEditMenu(class FEMenuSystem *)	
0x00593530	??1ProfileEditMenu@@UAE@XZ	public: virtual __thiscall ProfileEditMenu::~ProfileEditMenu(void)	
0x005935B0	?EnumProfiles@ProfileManager@@QAEXQAPAUSaveGameData@@@Z	public: void __thiscall ProfileManager::EnumProfiles(struct SaveGameData * * const)	
0x005936F0	?DeleteProfile@ProfileManager@@QAEXH@Z	public: void __thiscall ProfileManager::DeleteProfile(int)	
0x00593860	?DeleteCorruptSave@ProfileManager@@QAEXXZ	public: void __thiscall ProfileManager::DeleteCorruptSave(void)	
0x00593910	?DialogResponseDeleteCorruptSave@ProfileManager@@CA_NH@Z	private: static bool __cdecl ProfileManager::DialogResponseDeleteCorruptSave(int)	
0x00593930	?DialogResponseConfirmFormat@ProfileManager@@CA_NH@Z	private: static bool __cdecl ProfileManager::DialogResponseConfirmFormat(int)	
0x005939E0	?DialogResponseFormat@ProfileManager@@CA_NH@Z	private: static bool __cdecl ProfileManager::DialogResponseFormat(int)	
0x00593A00	?Load@PanelFile@@QAE_NPBDPAEH@Z	public: bool __thiscall PanelFile::Load(char const *,unsigned char *,int)	
0x00593AF0	?load_and_play_movie@movie_manager@@SAXPBD0@Z	public: static void __cdecl movie_manager::load_and_play_movie(char const *,char const *)	
0x00593C90	??0FEManager@@QAE@XZ	public: __thiscall FEManager::FEManager(void)	
0x00593D90	?GetDefaultPQ@FEManager@@QAEPAVPanelQuad@@XZ	public: class PanelQuad * __thiscall FEManager::GetDefaultPQ(void)	
0x00593F00	?DecodePanel@@YAXPBDPAEHW4TPakId@@PAVPakFile@@@Z	void __cdecl DecodePanel(char const *,unsigned char *,int,enum TPakId,class PakFile *)	
0x00593F60	?UnloadBank@FEManager@@QAEXW4TPakId@@@Z	public: void __thiscall FEManager::UnloadBank(enum TPakId)	
0x005940C0	??0DialogMenuSystem@@QAE@H@Z	public: __thiscall DialogMenuSystem::DialogMenuSystem(int)	
0x005941D0	??1DialogMenuSystem@@UAE@XZ	public: virtual __thiscall DialogMenuSystem::~DialogMenuSystem(void)	
0x005942A0	??0VKMenu@@QAE@PAVFEMenuSystem@@@Z	public: __thiscall VKMenu::VKMenu(class FEMenuSystem *)	
0x005942F0	??1VKMenu@@UAE@XZ	public: virtual __thiscall VKMenu::~VKMenu(void)	
0x00594300	?LoadSelectedProfile@ProfileMainMenu@@AAEX_N@Z	private: void __thiscall ProfileMainMenu::LoadSelectedProfile(bool)	
0x00594370	?EnumProfiles@ProfileManager@@QAEXQAPAUSaveGameData@@P6AXH@Z@Z	public: void __thiscall ProfileManager::EnumProfiles(struct SaveGameData * * const,void (__cdecl*)(int))	
0x005943F0	?DeleteProfile@ProfileManager@@QAEXHP6AXH@Z@Z	public: void __thiscall ProfileManager::DeleteProfile(int,void (__cdecl*)(int))	
0x00594470	?DialogDisplayCorruptData@ProfileManager@@AAEXXZ	private: void __thiscall ProfileManager::DialogDisplayCorruptData(void)	
0x00594600	?DialogDisplayFormat@ProfileManager@@AAEXXZ	private: void __thiscall ProfileManager::DialogDisplayFormat(void)	
0x00594790	?GetPointer@PanelFile@@QAEPAVPanelQuad@@PBD@Z	public: class PanelQuad * __thiscall PanelFile::GetPointer(char const *)	
0x005948C0	?FindAnimObject@PanelFile@@QAEPAVPanelAnimObject@@PBD@Z	public: class PanelAnimObject * __thiscall PanelFile::FindAnimObject(char const *)	
0x00594900	?SetPanelFileMain@InGameOptionsMenu@@IAEXPAVPanelFile@@@Z	protected: void __thiscall InGameOptionsMenu::SetPanelFileMain(class PanelFile *)	
0x00594E70	?SetPanelFileSplitScreen@InGameOptionsMenu@@IAEXPAVPanelFile@@@Z	protected: void __thiscall InGameOptionsMenu::SetPanelFileSplitScreen(class PanelFile *)	
0x00595200	?UpdateSplitScreenOptions@InGameOptionsMenu@@IAEXH@Z	protected: void __thiscall InGameOptionsMenu::UpdateSplitScreenOptions(int)	
0x00595690	?OnUp@InGameOptionsMenu@@UAEXH@Z	public: virtual void __thiscall InGameOptionsMenu::OnUp(int)	
0x00595720	?OnDown@InGameOptionsMenu@@UAEXH@Z	public: virtual void __thiscall InGameOptionsMenu::OnDown(int)	
0x005957B0	?SetPanelFile@AARInGameOptionsMenu@@UAEXPAVPanelFile@@@Z	public: virtual void __thiscall AARInGameOptionsMenu::SetPanelFile(class PanelFile *)	
0x005957E0	?OnActivate@AARInGameOptionsMenu@@UAEXXZ	public: virtual void __thiscall AARInGameOptionsMenu::OnActivate(void)	
0x005958A0	?InitDialogMenuSystem@FEManager@@QAEXXZ	public: void __thiscall FEManager::InitDialogMenuSystem(void)	
0x00595900	??0FrontEndMenuSystem@@QAE@XZ	public: __thiscall FrontEndMenuSystem::FrontEndMenuSystem(void)	
0x00596030	?SetPanelFileMain@DialogMenuDisplay@@AAEXPAVPanelFile@@@Z	private: void __thiscall DialogMenuDisplay::SetPanelFileMain(class PanelFile *)	
0x005960B0	??0InGameMenuSystem@@QAE@H@Z	public: __thiscall InGameMenuSystem::InGameMenuSystem(int)	
0x00596440	?SetPanelFile@OptionsGameplayMenu@@UAEXPAVPanelFile@@@Z	public: virtual void __thiscall OptionsGameplayMenu::SetPanelFile(class PanelFile *)	
0x005966A0	?SetPanelFile@OptionsControlsMenu@@UAEXPAVPanelFile@@@Z	public: virtual void __thiscall OptionsControlsMenu::SetPanelFile(class PanelFile *)	
0x00596890	?SetPanelFile@OptionsSoundMenu@@UAEXPAVPanelFile@@@Z	public: virtual void __thiscall OptionsSoundMenu::SetPanelFile(class PanelFile *)	
0x00596B30	?SetPanelFile@OptionsStickMenu@@UAEXPAVPanelFile@@@Z	public: virtual void __thiscall OptionsStickMenu::SetPanelFile(class PanelFile *)	
0x00596CB0	?SetPanelFile@OptionsButtonMenu@@UAEXPAVPanelFile@@@Z	public: virtual void __thiscall OptionsButtonMenu::SetPanelFile(class PanelFile *)	
0x00596E20	?SetPanelFile@GammaScreenMenu@@UAEXPAVPanelFile@@@Z	public: virtual void __thiscall GammaScreenMenu::SetPanelFile(class PanelFile *)	
0x00596FB0	?OnActivate@LoadingMenu@@UAEXXZ	public: virtual void __thiscall LoadingMenu::OnActivate(void)	
0x00597120	?SetPanelFile@LoadingMenu@@UAEXPAVPanelFile@@@Z	public: virtual void __thiscall LoadingMenu::SetPanelFile(class PanelFile *)	
0x00597740	?SetPanelFile@VKMenu@@UAEXPAVPanelFile@@@Z	public: virtual void __thiscall VKMenu::SetPanelFile(class PanelFile *)	
0x00597960	?SetPanelFile@ProfileMainMenu@@UAEXPAVPanelFile@@@Z	public: virtual void __thiscall ProfileMainMenu::SetPanelFile(class PanelFile *)	
0x00597B10	?Select@ProfileMainMenu@@UAEXH@Z	public: virtual void __thiscall ProfileMainMenu::Select(int)	
0x00597BB0	?DialogResponseDeleteConfirm@ProfileMainMenu@@SA_NH@Z	public: static bool __cdecl ProfileMainMenu::DialogResponseDeleteConfirm(int)	
0x00597C40	?EnumProfilesDone@ProfileManager@@QAEX_N@Z	public: void __thiscall ProfileManager::EnumProfilesDone(bool)	
0x00597E30	?CreateProfile@ProfileManager@@QAEXH@Z	public: void __thiscall ProfileManager::CreateProfile(int)	
0x00597FF0	?SaveProfile@ProfileManager@@AAEXXZ	private: void __thiscall ProfileManager::SaveProfile(void)	
0x00598120	?SetScrollBarFromPanelFile@UIListBox@@QAEXPAVPanelFile@@@Z	public: void __thiscall UIListBox::SetScrollBarFromPanelFile(class PanelFile *)	
0x00598250	?Init@IGOStanceWidget@@UAEXPAVPanelFile@@@Z	public: virtual void __thiscall IGOStanceWidget::Init(class PanelFile *)	
0x00598330	?Init@IGOHealthWidget@@UAEXPAVPanelFile@@@Z	public: virtual void __thiscall IGOHealthWidget::Init(class PanelFile *)	
0x00598410	?Init@IGOHQProgressBarWidget@@UAEXPAVPanelFile@@@Z	public: virtual void __thiscall IGOHQProgressBarWidget::Init(class PanelFile *)	
0x005984D0	?Init@IGORaiseFlagWidget@@UAEXPAVPanelFile@@@Z	public: virtual void __thiscall IGORaiseFlagWidget::Init(class PanelFile *)	
0x00598540	?Init@IGOInGameScoreWidget@@UAEXPAVPanelFile@@@Z	public: virtual void __thiscall IGOInGameScoreWidget::Init(class PanelFile *)	
0x00598660	?Init@IGOAmmoWidget@@UAEXPAVPanelFile@@@Z	public: virtual void __thiscall IGOAmmoWidget::Init(class PanelFile *)	
0x00598730	?Init@IGOGrenadeWidget@@UAEXPAVPanelFile@@@Z	public: virtual void __thiscall IGOGrenadeWidget::Init(class PanelFile *)	
0x005988D0	?Init@IGOGrenadeCookWidget@@UAEXPAVPanelFile@@@Z	public: virtual void __thiscall IGOGrenadeCookWidget::Init(class PanelFile *)	
0x00598AB0	?Init@IGOTankHealthWidget@@UAEXPAVPanelFile@@@Z	public: virtual void __thiscall IGOTankHealthWidget::Init(class PanelFile *)	
0x00598B00	?Init@IGOTankLoadingWidget@@UAEXPAVPanelFile@@@Z	public: virtual void __thiscall IGOTankLoadingWidget::Init(class PanelFile *)	
0x00598B50	?Init@IGOTankReticleWidget@@UAEXPAVPanelFile@@@Z	public: virtual void __thiscall IGOTankReticleWidget::Init(class PanelFile *)	
0x00598D00	?Init@IGORankWidget@@UAEXPAVPanelFile@@@Z	public: virtual void __thiscall IGORankWidget::Init(class PanelFile *)	
0x00598D70	?Init@IGOVoteWidget@@UAEXPAVPanelFile@@@Z	public: virtual void __thiscall IGOVoteWidget::Init(class PanelFile *)	
0x00598DE0	?Init@IGOSpecialWeaponWidget@@UAEXPAVPanelFile@@@Z	public: virtual void __thiscall IGOSpecialWeaponWidget::Init(class PanelFile *)	
0x00598E70	?Init@IGOWarStatusWidget@@UAEXPAVPanelFile@@@Z	public: virtual void __thiscall IGOWarStatusWidget::Init(class PanelFile *)	
0x00599D10	?Init@IGOTankIconWidget@@UAEXPAVPanelFile@@@Z	public: virtual void __thiscall IGOTankIconWidget::Init(class PanelFile *)	
0x00599FA0	?Init@IGOCompassWidget@@QAEXPAVPanelFile@@_N@Z	public: void __thiscall IGOCompassWidget::Init(class PanelFile *,bool)	
0x0059A250	?Init@IGOJeepMapWidget@@UAEXPAVPanelFile@@@Z	public: virtual void __thiscall IGOJeepMapWidget::Init(class PanelFile *)	
0x0059A2E0	?Init@IGOHintWidget@@UAEXPAVPanelFile@@@Z	public: virtual void __thiscall IGOHintWidget::Init(class PanelFile *)	
0x0059A5E0	?SetWeaponsPQs@IGOHintWidget@@QAEXPAVPanelFile@@0@Z	public: void __thiscall IGOHintWidget::SetWeaponsPQs(class PanelFile *,class PanelFile *)	
0x0059A780	?Init@IGOGrenadeIndicator@@UAEXPAVPanelFile@@@Z	public: virtual void __thiscall IGOGrenadeIndicator::Init(class PanelFile *)	
0x0059A8A0	?Init@IGOHeadIcons@@UAEXPAVPanelFile@@@Z	public: virtual void __thiscall IGOHeadIcons::Init(class PanelFile *)	
0x0059A980	?Init@IGORowboatWidget@@UAEXPAVPanelFile@@@Z	public: virtual void __thiscall IGORowboatWidget::Init(class PanelFile *)	
0x0059AA40	?Init@IGOItemIcons@@UAEXPAVPanelFile@@@Z	public: virtual void __thiscall IGOItemIcons::Init(class PanelFile *)	
0x0059AB00	??1IGOVoipList@@UAE@XZ	public: virtual __thiscall IGOVoipList::~IGOVoipList(void)	
0x0059AB50	?Init@IGOVoipList@@UAEXPAVPanelFile@@@Z	public: virtual void __thiscall IGOVoipList::Init(class PanelFile *)	
0x0059ABC0	?HideQuad@PanelFile@@QAEXPBD@Z	public: void __thiscall PanelFile::HideQuad(char const *)	
0x0059AC10	?SetQuadVisible@PanelFile@@QAEXPBD_N@Z	public: void __thiscall PanelFile::SetQuadVisible(char const *,bool)	
0x0059AC60	?SetPanelFile@InGameOptionsMenu@@UAEXPAVPanelFile@@@Z	public: virtual void __thiscall InGameOptionsMenu::SetPanelFile(class PanelFile *)	
0x0059ACB0	?SwapMenus@InGameOptionsMenu@@MAEXXZ	protected: virtual void __thiscall InGameOptionsMenu::SwapMenus(void)	
0x0059ACD0	?LoadFrontEnd@FEManager@@QAEXXZ	public: void __thiscall FEManager::LoadFrontEnd(void)	
0x0059AD70	?LoadInGameMenus@FEManager@@QAEXXZ	public: void __thiscall FEManager::LoadInGameMenus(void)	
0x0059AE00	?SetPanelFile@DialogMenuDisplay@@UAEXPAVPanelFile@@@Z	public: virtual void __thiscall DialogMenuDisplay::SetPanelFile(class PanelFile *)	
0x0059AE50	?CreateProfileDone@VKMenu@@QAEXXZ	public: void __thiscall VKMenu::CreateProfileDone(void)	
0x0059AE70	?DialogResponseDelete@ProfileMainMenu@@SA_NH@Z	public: static bool __cdecl ProfileMainMenu::DialogResponseDelete(int)	
0x0059AFC0	?CreateProfile@ProfileManager@@QAEXHP6AXH@Z@Z	public: void __thiscall ProfileManager::CreateProfile(int,void (__cdecl*)(int))	
0x0059B040	?Retry@ProfileManager@@QAEXXZ	public: void __thiscall ProfileManager::Retry(void)	
0x0059B130	?SaveProfile@ProfileManager@@QAEXP6AXH@Z_N@Z	public: void __thiscall ProfileManager::SaveProfile(void (__cdecl*)(int),bool)	
0x0059B1B0	?DialogResponseRetry@ProfileManager@@CA_NH@Z	private: static bool __cdecl ProfileManager::DialogResponseRetry(int)	
0x0059B1C0	?DialogResponseConfirmCreateSave@ProfileManager@@CA_NH@Z	private: static bool __cdecl ProfileManager::DialogResponseConfirmCreateSave(int)	
0x0059B1F0	?DialogResponseOverwrite@ProfileManager@@CA_NH@Z	private: static bool __cdecl ProfileManager::DialogResponseOverwrite(int)	
0x0059B220	?SetupNewFileParse@CStringEdPackage@@QAEXPBDH@Z	public: void __thiscall CStringEdPackage::SetupNewFileParse(char const *,int)	
0x0059B2E0	?ConvertCRLiterals_Read@CStringEdPackage@@AAEPBDPBD@Z	private: char const * __thiscall CStringEdPackage::ConvertCRLiterals_Read(char const *)	
0x0059B3E0	?InsideQuotes@CStringEdPackage@@AAEPBDPBD@Z	private: char const * __thiscall CStringEdPackage::InsideQuotes(char const *)	
0x0059B5B0	?GetFlagMask@CStringEdPackage@@QAEHPBD@Z	public: int __thiscall CStringEdPackage::GetFlagMask(char const *)	
0x0059B670	?SetString@CStringEdPackage@@AAEXPBD0H@Z	private: void __thiscall CStringEdPackage::SetString(char const *,char const *,int)	
0x0059B850	?SE_GetString@@YAPBDPBDH@Z	char const * __cdecl SE_GetString(char const *,int)	
0x0059B950	?SE_GetFlags@@YAHPBD@Z	int __cdecl SE_GetFlags(char const *)	
0x0059BA00	?SE_GetFlagMask@@YAHPBD@Z	int __cdecl SE_GetFlagMask(char const *)	
0x0059BB30	?SE_BuildFileList@@YAHPBDAAV?$basic_string@DU?$char_traits@D@std@@V?$allocator@D@2@@std@@@Z	int __cdecl SE_BuildFileList(char const *,class std::basic_string<char,struct std::char_traits<char>,class std::allocator<char> > &)	
0x0059BB70	??0UIListBox@@QAE@HHH_N@Z	public: __thiscall UIListBox::UIListBox(int,int,int,bool)	
0x0059BF60	??0UIHighlightListBox@@QAE@HHH_N@Z	public: __thiscall UIHighlightListBox::UIHighlightListBox(int,int,int,bool)	
0x0059C020	??0UIPlayerListBox@@QAE@HHH_N@Z	public: __thiscall UIPlayerListBox::UIPlayerListBox(int,int,int,bool)	
0x0059C0F0	?SetPanelFile@IGOFrontEnd@@UAEXPAVPanelFile@@@Z	public: virtual void __thiscall IGOFrontEnd::SetPanelFile(class PanelFile *)	
0x0059C460	?UpdateAfterWeaponsLoaded@IGOFrontEnd@@QAEXXZ	public: void __thiscall IGOFrontEnd::UpdateAfterWeaponsLoaded(void)	
0x0059C480	??0IGOVoipList@@QAE@H@Z	public: __thiscall IGOVoipList::IGOVoipList(int)	
0x0059C4E0	?CompleteName@VKMenu@@AAEXXZ	private: void __thiscall VKMenu::CompleteName(void)	
0x0059C560	?DialogDisplayProfileSelected@ProfileMainMenu@@QAEXXZ	public: void __thiscall ProfileMainMenu::DialogDisplayProfileSelected(void)	
0x0059C6B0	?DialogResponseSave@ProfileEditMenu@@CA_NH@Z	private: static bool __cdecl ProfileEditMenu::DialogResponseSave(int)	
0x0059C720	?DialogDisplayFormatSuccess@ProfileManager@@AAEXXZ	private: void __thiscall ProfileManager::DialogDisplayFormatSuccess(void)	
0x0059C870	?DialogDisplayCreateSave@ProfileManager@@AAEXXZ	private: void __thiscall ProfileManager::DialogDisplayCreateSave(void)	
0x0059CA00	?SE_GetString@@YAPBDPBD0H@Z	char const * __cdecl SE_GetString(char const *,char const *,int)	
0x0059CA40	?SE_GetFlags@@YAHPBD0@Z	int __cdecl SE_GetFlags(char const *,char const *)	
0x0059CA80	??0IGOFrontEnd@@QAE@XZ	public: __thiscall IGOFrontEnd::IGOFrontEnd(void)	
0x0059D0C0	?InitIGO@FEManager@@QAEXXZ	public: void __thiscall FEManager::InitIGO(void)	
0x0059D130	?Select@VKMenu@@UAEXH@Z	public: virtual void __thiscall VKMenu::Select(int)	
0x0059D1A0	?OnSquare@ProfileMainMenu@@UAEXH@Z	public: virtual void __thiscall ProfileMainMenu::OnSquare(int)	
0x0059D200	?DialogDisplayConfirmSave@ProfileEditMenu@@AAEXXZ	private: void __thiscall ProfileEditMenu::DialogDisplayConfirmSave(void)	
0x0059D390	?FinishOperation@ProfileManager@@AAEXXZ	private: void __thiscall ProfileManager::FinishOperation(void)	
0x0059D5C0	?Update@ProfileManager@@QAEXXZ	public: void __thiscall ProfileManager::Update(void)	
0x0059D5F0	?Update@VKMenu@@UAEXM@Z	public: virtual void __thiscall VKMenu::Update(float)	
0x0059D720	?OnTriangle@ProfileEditMenu@@UAEXH@Z	public: virtual void __thiscall ProfileEditMenu::OnTriangle(int)	
0x0059D790	?Clear@CStringEdPackage@@QAEXH@Z	public: void __thiscall CStringEdPackage::Clear(int)	
0x0059D850	?SE_NewLanguage@@YAXXZ	void __cdecl SE_NewLanguage(void)	
0x0059D8C0	?SE_Init@@YAXXZ	void __cdecl SE_Init(void)	
0x0059D8D0	?SE_ShutDown@@YAXXZ	void __cdecl SE_ShutDown(void)	
0x0059D8E0	?SEH_UpdateLanguageInfo@@YAXXZ	void __cdecl SEH_UpdateLanguageInfo(void)	
0x0059D950	?SEH_Init_StringEd@@YAXXZ	void __cdecl SEH_Init_StringEd(void)	
0x0059D960	?SEH_Shutdown_StringEd@@YAXXZ	void __cdecl SEH_Shutdown_StringEd(void)	
0x0059D970	?SEH_Restart_StringEd@@YAXXZ	void __cdecl SEH_Restart_StringEd(void)	
0x0059D980	?AddEntry@CStringEdPackage@@AAEXPBD@Z	private: void __thiscall CStringEdPackage::AddEntry(char const *)	
0x0059DB40	?AddFlagReference@CStringEdPackage@@AAEXPBD0@Z	private: void __thiscall CStringEdPackage::AddFlagReference(char const *,char const *)	
0x0059DD00	?ParseLine@CStringEdPackage@@QAEPBDPBD@Z	public: char const * __thiscall CStringEdPackage::ParseLine(char const *)	
0x0059E060	?DecodeStringTable@@YAXPBDPAEHW4TPakId@@@Z	void __cdecl DecodeStringTable(char const *,unsigned char *,int,enum TPakId)	
0x0059E1E0	?SE_Load@@YAPBDPBDH@Z	char const * __cdecl SE_Load(char const *,int)	
0x0059E270	?SE_GetNumLanguages@@YAHXZ	int __cdecl SE_GetNumLanguages(void)	
0x0059E670	?SE_LoadLanguage@@YAPBDPBDH@Z	char const * __cdecl SE_LoadLanguage(char const *,int)	
