index	status	map_line
1	VERIFIED_LIBRARY	0002:00157f00       ?compare@?$char_traits@D@std@@SAHPBD0I@Z 00953400 f i shell.o
2	VERIFIED_LIBRARY	0002:00157f30       ?find@?$char_traits@D@std@@SAPBDPBDIABD@Z 00953430 f i shell.o
3	VERIFIED_LIBRARY	0002:00157f60       ?assign@?$char_traits@D@std@@SAPADPADID@Z 00953460 f i shell.o
4	VERIFIED	0002:00157fe0       ?Init@StubData@@QAEXXZ     009534e0 f   shell.o
5	VERIFIED	0002:001581e0       ?LoadData@StubData@@QAEXPAU1@@Z 009536e0 f   shell.o
6	VERIFIED	0002:00158400       ?LoadDataLastMinFix@StubData@@QAEXPAU1@@Z 00953900 f   shell.o
7	VERIFIED	0002:00158610       ?ApplyDifficulty@StubData@@QAEXXZ 00953b10 f   shell.o
8	VERIFIED	0002:00158620       ?set@MPsharedStubData@@QAEXPAUStubData@@@Z 00953b20 f   shell.o
9	VERIFIED	0002:001588c0       ?get@MPsharedStubData@@QBEXPAUStubData@@@Z 00953dc0 f   shell.o
10	VERIFIED	0002:00158bb0       ?ApplyControllerButtonConfig@@YAXH@Z 009540b0 f   shell.o
11	FIXED	0002:00158c70       ?Init@SaveGameData@@QAEXXZ 00954170 f   shell.o
12	VERIFIED	0002:00158d30       ?LoadData@SaveGameData@@QAEXPAU1@@Z 00954230 f   shell.o
13	VERIFIED	0002:00158f10       ?ApplyControllerStickConfig@@YAXH@Z 00954410 f   shell.o
14	VERIFIED	0002:00158f70       ??1IGOFrontEnd@@UAE@XZ     00954470 f   shell.o
15	VERIFIED	0002:00159110       ?PanelFileUnloaded@IGOFrontEnd@@UAEXPAVPanelFile@@@Z 00954610 f   shell.o
16	VERIFIED	0002:00159140       ?UpdateInScene@IGOFrontEnd@@UAEXM@Z 00954640 f   shell.o
17	VERIFIED	0002:00159180       ?SetTutorialText@IGOFrontEnd@@QAEXHH@Z 00954680 f   shell.o
18	VERIFIED	0002:00159260       ?SetActionHint@IGOFrontEnd@@QAEXHH@Z 00954760 f   shell.o
19	VERIFIED	0002:00159300       ?DrawHint@IGOFrontEnd@@UAEXH@Z 00954800 f   shell.o
20	VERIFIED	0002:00159350       ?Draw@IGOFrontEnd@@UAEXH@Z 00954850 f   shell.o
21	VERIFIED	0002:00159660       ?Draw3DWorldSpace@IGOFrontEnd@@QAEXXZ 00954b60 f   shell.o
22	VERIFIED	0002:00159690       ?UpdateSplitScreen@IGOFrontEnd@@QAEXXZ 00954b90 f   shell.o
23	VERIFIED	0002:00159920       ?ResetWidgets@IGOFrontEnd@@QAEXXZ 00954e20 f   shell.o
24	VERIFIED	0002:00159a40       ?TurnOffMostWidgets@IGOFrontEnd@@QAEXXZ 00954f40 f   shell.o
25	VERIFIED	0002:00159b50       ?SetForLiberatorBomber@IGOFrontEnd@@QAEXXZ 00955050 f   shell.o
26	VERIFIED	0002:00159b60       ?SetForLiberatorGround@IGOFrontEnd@@QAEXXZ 00955060 f   shell.o
27	VERIFIED	0002:00159bf0       ?SetForTunisia@IGOFrontEnd@@QAEXXZ 009550f0 f   shell.o
28	VERIFIED	0002:00159c40       ?SetHUDType@IGOFrontEnd@@QAEXW4hud_type@@H@Z 00955140 f   shell.o
29	VERIFIED	0002:00159c80       ?get_screensafe_left@@YAMXZ 00955180 f   shell.o
30	VERIFIED	0002:00159c90       ?get_screensafe_right@@YAMXZ 00955190 f   shell.o
31	VERIFIED	0002:00159ca0       ?get_screensafe_top@@YAMXZ 009551a0 f   shell.o
32	VERIFIED	0002:00159cb0       ?get_screensafe_bottom@@YAMXZ 009551b0 f   shell.o
33	FIXED	0002:00159cc0       ??0IGOStanceWidget@@QAE@H@Z 009551c0 f   shell.o
34	VERIFIED	0002:00159d00       ?Update@IGOStanceWidget@@UAEXM@Z 00955200 f   shell.o
35	FIXED	0002:00159ea0       ??0IGOHealthWidget@@QAE@H@Z 009553a0 f   shell.o
36	VERIFIED	0002:00159ee0       ?Draw@IGOHealthWidget@@UAEXXZ 009553e0 f   shell.o
37	VERIFIED	0002:00159f50       ??0IGOHQProgressBarWidget@@QAE@H@Z 00955450 f   shell.o
38	VERIFIED	0002:00159f90       ??1IGOHQProgressBarWidget@@UAE@XZ 00955490 f   shell.o
39	VERIFIED	0002:0015a020       ?Draw@IGOHQProgressBarWidget@@UAEXXZ 00955520 f   shell.o
40	VERIFIED	0002:0015a070       ??0IGORaiseFlagWidget@@QAE@H@Z 00955570 f   shell.o
41	VERIFIED	0002:0015a0a0       ??1IGORaiseFlagWidget@@UAE@XZ 009555a0 f   shell.o
42	VERIFIED	0002:0015a100       ?Update@IGORaiseFlagWidget@@UAEXM@Z 00955600 f   shell.o
43	VERIFIED	0002:0015a1d0       ?Draw@IGORaiseFlagWidget@@UAEXXZ 009556d0 f   shell.o
44	VERIFIED	0002:0015a1f0       ??0IGOTimerWidget@@QAE@H@Z 009556f0 f   shell.o
45	VERIFIED	0002:0015a230       ??1IGOTimerWidget@@UAE@XZ  00955730 f   shell.o
46	VERIFIED	0002:0015a280       ?Draw@IGOTimerWidget@@UAEXXZ 00955780 f   shell.o
47	VERIFIED	0002:0015a2a0       ?UpdateWidescreen@IGOTimerWidget@@UAEX_NM@Z 009557a0 f   shell.o
48	VERIFIED	0002:0015a2c0       ?UpdateSplitScreen@IGOTimerWidget@@UAEXHH@Z 009557c0 f   shell.o
49	FIXED	0002:0015a2f0       ?setTimerValues@IGOTimerWidget@@AAEXXZ 009557f0 f   shell.o
50	VERIFIED	0002:0015a340       ??0IGOInGameScoreWidget@@QAE@H@Z 00955840 f   shell.o
51	VERIFIED	0002:0015a380       ??1IGOInGameScoreWidget@@UAE@XZ 00955880 f   shell.o
52	VERIFIED	0002:0015a400       ?Update@IGOInGameScoreWidget@@UAEXM@Z 00955900 f   shell.o
53	VERIFIED	0002:0015a4f0       ?Draw@IGOInGameScoreWidget@@UAEXXZ 009559f0 f   shell.o
54	FIXED	0002:0015a530       ??0IGOAmmoWidget@@QAE@H@Z  00955a30 f   shell.o
55	FIXED	0002:0015a560       ?Draw@IGOAmmoWidget@@UAEXXZ 00955a60 f   shell.o
56	VERIFIED	0002:0015a590       ??0IGOGrenadeWidget@@QAE@H@Z 00955a90 f   shell.o
57	VERIFIED	0002:0015a5f0       ??1IGOGrenadeWidget@@UAE@XZ 00955af0 f   shell.o
58	VERIFIED	0002:0015a6b0       ?Update@IGOGrenadeWidget@@UAEXM@Z 00955bb0 f   shell.o
59	VERIFIED	0002:0015abc0       ?Draw@IGOGrenadeWidget@@UAEXXZ 009560c0 f   shell.o
60	VERIFIED	0002:0015ac50       ??0IGOGrenadeCookWidget@@QAE@H@Z 00956150 f   shell.o
61	VERIFIED	0002:0015ace0       ??1IGOGrenadeCookWidget@@UAE@XZ 009561e0 f   shell.o
62	VERIFIED	0002:0015ad50       ?SetFuse@IGOGrenadeCookWidget@@QAEXMM@Z 00956250 f   shell.o
63	VERIFIED	0002:0015ad70       ?Update@IGOGrenadeCookWidget@@UAEXM@Z 00956270 f   shell.o
64	VERIFIED	0002:0015af50       ?Draw@IGOGrenadeCookWidget@@UAEXXZ 00956450 f   shell.o
65	VERIFIED	0002:0015af90       ?Init@IGOWeaponNameWidget@@UAEXPAVPanelFile@@@Z 00956490 f   shell.o
66	VERIFIED	0002:0015b040       ?Update@IGOWeaponNameWidget@@UAEXM@Z 00956540 f   shell.o
67	VERIFIED	0002:0015b2e0       ?Draw@IGOWeaponNameWidget@@UAEXXZ 009567e0 f   shell.o
68	VERIFIED	0002:0015b310       ?Init@IGOActionHintWidget@@UAEXPAVPanelFile@@@Z 00956810 f   shell.o
69	VERIFIED	0002:0015b320       ?Draw@IGOActionHintWidget@@UAEXXZ 00956820 f   shell.o
70	VERIFIED	0002:0015b340       ?UpdateWidescreen@IGOActionHintWidget@@UAEX_NM@Z 00956840 f   shell.o
71	VERIFIED	0002:0015b360       ?UpdateSplitScreen@IGOActionHintWidget@@UAEXHH@Z 00956860 f   shell.o
72	VERIFIED	0002:0015b370       ??0IGOTankHealthWidget@@QAE@H@Z 00956870 f   shell.o
73	VERIFIED	0002:0015b3b0       ?Draw@IGOTankHealthWidget@@UAEXXZ 009568b0 f   shell.o
74	VERIFIED	0002:0015b420       ??0IGOTankLoadingWidget@@QAE@H@Z 00956920 f   shell.o
75	VERIFIED	0002:0015b450       ?Draw@IGOTankLoadingWidget@@UAEXXZ 00956950 f   shell.o
76	FIXED	0002:0015b500       ??0IGOTankReticleWidget@@QAE@H@Z 00956a00 f   shell.o
77	VERIFIED	0002:0015b530       ?Draw@IGOTankReticleWidget@@UAEXXZ 00956a30 f   shell.o
78	VERIFIED	0002:0015b630       ??0IGORankWidget@@QAE@H@Z  00956b30 f   shell.o
79	VERIFIED	0002:0015b660       ?Update@IGORankWidget@@UAEXM@Z 00956b60 f   shell.o
80	VERIFIED	0002:0015b760       ?Draw@IGORankWidget@@UAEXXZ 00956c60 f   shell.o
81	VERIFIED	0002:0015b7a0       ??0IGOVoteWidget@@QAE@H@Z  00956ca0 f   shell.o
82	VERIFIED	0002:0015b7d0       ?Update@IGOVoteWidget@@UAEXM@Z 00956cd0 f   shell.o
83	VERIFIED	0002:0015b7f0       ?Draw@IGOVoteWidget@@UAEXXZ 00956cf0 f   shell.o
84	FIXED	0002:0015b820       ??0IGOSpecialWeaponWidget@@QAE@H@Z 00956d20 f   shell.o
85	VERIFIED	0002:0015b860       ?Update@IGOSpecialWeaponWidget@@UAEXM@Z 00956d60 f   shell.o
86	FIXED	0002:0015b9f0       ??0IGOWarStatusWidget@@QAE@H@Z 00956ef0 f   shell.o
87	VERIFIED	0002:0015ba90       ?Update@IGOWarStatusWidget@@UAEXM@Z 00956f90 f   shell.o
88	VERIFIED	0002:0015baa0       ??0IGOTankIconWidget@@QAE@H@Z 00956fa0 f   shell.o
89	VERIFIED	0002:0015bb00       ?Rotate@IGOTankIconWidget@@QAEXPAVPanelQuad@@M@Z 00957000 f   shell.o
90	VERIFIED	0002:0015bbe0       ?Draw@IGOTankIconWidget@@UAEXXZ 009570e0 f   shell.o
91	VERIFIED	0002:0015bcc0       ?GetVehicleIndex@IGOTankIconWidget@@QBEHPAUscr_vehicle_t@@@Z 009571c0 f   shell.o
92	VERIFIED	0002:0015bcf0       ??1IGOCompassWidget@@UAE@XZ 009571f0 f   shell.o
93	VERIFIED	0002:0015bd00       ?Draw3DObjective@IGOCompassWidget@@QAEXH@Z 00957200 f   shell.o
94	VERIFIED	0002:0015bf80       ?Draw3DObjectiveLocations@IGOCompassWidget@@QAEXXZ 00957480 f   shell.o
95	VERIFIED	0002:0015bfe0       ?UpdateCompassDial@IGOCompassWidget@@AAEXXZ 009574e0 f   shell.o
96	VERIFIED	0002:0015c0d0       ?UpdateCompassFrame@IGOCompassWidget@@AAEXXZ 009575d0 f   shell.o
97	FIXED	0002:0015c250       ?DrawEnemies@IGOCompassWidget@@AAEXXZ 00957750 f   shell.o
98	FIXED	0002:0015c340       ?DrawFriendlies@IGOCompassWidget@@AAEXXZ 00957840 f   shell.o
99	FIXED	0002:0015c440       ?DrawTanks@IGOCompassWidget@@AAEXXZ 00957940 f   shell.o
100	FIXED	0002:0015c540       ?DrawObjectives@IGOCompassWidget@@AAEXXZ 00957a40 f   shell.o
101	VERIFIED	0002:0015c660       ?CalculateRing@IGOCompassWidget@@AAEXPAVIGOMapObject@@M@Z 00957b60 f   shell.o
102	VERIFIED	0002:0015c850       ?SetHideCompassStar@IGOCompassWidget@@QAEXHH@Z 00957d50 f   shell.o
103	VERIFIED	0002:0015c870       ?IsCompassStarHidden@IGOCompassWidget@@QAEHH@Z 00957d70 f   shell.o
104	VERIFIED	0002:0015c8a0       ?SetHideUpdatedText@IGOCompassWidget@@QAEXHH@Z 00957da0 f   shell.o
105	VERIFIED	0002:0015c8c0       ?IsUpdatedTextHidden@IGOCompassWidget@@QAEHH@Z 00957dc0 f   shell.o
106	VERIFIED	0002:0015c8f0       ?ObjectiveStateIndexFromString@IGOCompassWidget@@SAHPBD@Z 00957df0 f   shell.o
107	VERIFIED	0002:0015c9a0       ?UpdateVehcile@IGOCompassWidget@@AAEXXZ 00957ea0 f   shell.o
108	VERIFIED	0002:0015c9b0       ??0IGOJeepMapWidget@@QAE@H@Z 00957eb0 f   shell.o
109	VERIFIED	0002:0015c9e0       ?SetLevelMap@IGOJeepMapWidget@@QAEXHW4TPakId@@@Z 00957ee0 f   shell.o
110	VERIFIED	0002:0015ca90       ?WithinMap@IGOJeepMapWidget@@AAEXMMAAM0@Z 00957f90 f   shell.o
111	VERIFIED	0002:0015cad0       ?Draw@IGOJeepMapWidget@@UAEXXZ 00957fd0 f   shell.o
112	VERIFIED	0002:0015caf0       ??0IGOHintWidget@@QAE@H@Z  00957ff0 f   shell.o
113	VERIFIED	0002:0015cb50       ?Draw@IGOHintWidget@@UAEXXZ 00958050 f   shell.o
114	FIXED	0002:0015cba0       ??1IGOGrenadeIndicator@@UAE@XZ 009580a0 f   shell.o
115	VERIFIED	0002:0015cc30       ?ValidHudGrenade@IGOGrenadeIndicator@@ABE_NPBVEntity@@MAAY02MAAM@Z 00958130 f   shell.o
116	VERIFIED	0002:0015cd70       ?CalcGrenadeAlpha@IGOGrenadeIndicator@@ABEMMMM@Z 00958270 f   shell.o
117	VERIFIED	0002:0015cde0       ?DrawGrenadeIcon@IGOGrenadeIndicator@@ABEXMMM@Z 009582e0 f   shell.o
118	VERIFIED	0002:0015ce80       ?DrawGrenadeArrow@IGOGrenadeIndicator@@ABEXMMMM@Z 00958380 f   shell.o
119	VERIFIED	0002:0015cf50       ?CanBePickUp@IGOGrenadeIndicator@@QAE_NXZ 00958450 f   shell.o
120	VERIFIED	0002:0015cf60       ?SetDefaultIcon@IGOGrenadeIndicator@@QAEXXZ 00958460 f   shell.o
121	FIXED	0002:0015cf70       ??0IGOHeadIcons@@QAE@H@Z   00958470 f   shell.o
122	VERIFIED	0002:0015cf90       ??1IGOHeadIcons@@UAE@XZ    00958490 f   shell.o
123	VERIFIED	0002:0015cfa0       ??0IGORowboatWidget@@QAE@XZ 009584a0 f   shell.o
124	VERIFIED	0002:0015cfd0       ?Update@IGORowboatWidget@@UAEXM@Z 009584d0 f   shell.o
125	VERIFIED	0002:0015d180       ?Draw@IGORowboatWidget@@UAEXXZ 00958680 f   shell.o
126	FIXED	0002:0015d1b0       ??0IGOItemIcons@@QAE@H@Z   009586b0 f   shell.o
127	VERIFIED	0002:0015d1d0       ??1IGOItemIcons@@UAE@XZ    009586d0 f   shell.o
128	VERIFIED	0002:0015d1e0       ?Update@IGOItemIcons@@UAEXM@Z 009586e0 f   shell.o
129	VERIFIED	0002:0015d1f0       ?Draw@IGOItemIcons@@AAEXPAVEntity@@ABVPosition3@math@@H@Z 009586f0 f   shell.o
130	VERIFIED	0002:0015d530       ?Draw@IGOItemIcons@@UAEXXZ 00958a30 f   shell.o
131	VERIFIED	0002:0015d6b0       ?Draw@IGOVoipList@@UAEXXZ  00958bb0 f   shell.o
132	VERIFIED	0002:0015d6d0       ??0PanelQuadSection@@QAE@XZ 00958bd0 f   shell.o
133	VERIFIED	0002:0015d6f0       ?SetInitialXY@PanelQuadSection@@QAEXQAUvector@Broc@@@Z 00958bf0 f   shell.o
134	VERIFIED	0002:0015d720       ?SetXYInitialToCurrentPos@PanelQuadSection@@QAEXXZ 00958c20 f   shell.o
135	VERIFIED	0002:0015d750       ?Rotate@PanelQuadSection@@QAEXMMM@Z 00958c50 f   shell.o
136	VERIFIED	0002:0015d7e0       ?Scale@PanelQuadSection@@QAEXMMMM@Z 00958ce0 f   shell.o
137	VERIFIED	0002:0015d8b0       ?ScaleAbsoluteCenter@PanelQuadSection@@QAEXMMMM@Z 00958db0 f   shell.o
138	VERIFIED	0002:0015dab0       ?SetColorVert@PanelQuadSection@@QAEXHVcolor32@@@Z 00958fb0 f   shell.o
139	VERIFIED	0002:0015daf0       ?SetUV@PanelQuadSection@@QAEXQAM0@Z 00958ff0 f   shell.o
140	VERIFIED	0002:0015db30       ?SetUV@PanelQuadSection@@QAEXQAUvector@Broc@@@Z 00959030 f   shell.o
141	VERIFIED	0002:0015db70       ?SetPos@PanelQuadSection@@QAEXQAM0@Z 00959070 f   shell.o
142	VERIFIED	0002:0015dbb0       ?SetPos@PanelQuadSection@@QAEXQAUvector@Broc@@@Z 009590b0 f   shell.o
143	VERIFIED	0002:0015dbf0       ?ResetToInitialXY@PanelQuadSection@@QAEXXZ 009590f0 f   shell.o
144	VERIFIED	0002:0015dc60       ?GetMax@PanelQuadSection@@QAE?AUvector@Broc@@XZ 00959160 f   shell.o
145	VERIFIED	0002:0015dd00       ?GetMin@PanelQuadSection@@QAE?AUvector@Broc@@XZ 00959200 f   shell.o
146	VERIFIED	0002:0015dda0       ?GetInitialMax@PanelQuadSection@@QAE?AUvector@Broc@@XZ 009592a0 f   shell.o
147	VERIFIED	0002:0015de50       ?GetInitialMin@PanelQuadSection@@QAE?AUvector@Broc@@XZ 00959350 f   shell.o
148	VERIFIED	0002:0015df00       ?GetMaxUV@PanelQuadSection@@QAE?AUvector@Broc@@XZ 00959400 f   shell.o
149	VERIFIED	0002:0015dfb0       ?GetMinUV@PanelQuadSection@@QAE?AUvector@Broc@@XZ 009594b0 f   shell.o
150	VERIFIED	0002:0015e050       ?Shift@PanelQuadSection@@QAEXMM@Z 00959550 f   shell.o
151	VERIFIED	0002:0015e0e0       ?ShiftXYInitial@PanelQuadSection@@QAEXMM@Z 009595e0 f   shell.o
152	VERIFIED	0002:0015e130       ?Animate@PanelQuadSection@@QAEXPAVMat43@math@@M_N@Z 00959630 f   shell.o
153	VERIFIED	0002:0015e280       ?Fatten@PanelQuadSection@@QAEXMM@Z 00959780 f   shell.o
154	VERIFIED	0002:0015e2f0       ?Draw@PanelQuadSection@@QAEXII@Z 009597f0 f   shell.o
155	VERIFIED	0002:0015e3b0       ?FormatForSplitScreen@PanelQuadSection@@QAEXHH@Z 009598b0 f   shell.o
156	VERIFIED	0002:0015e690       ?MoveForSplitScreen@PanelQuadSection@@QAEXHH@Z 00959b90 f   shell.o
157	VERIFIED	0002:0015e810       ?CopyFrom@PanelQuadSection@@QAEXPAV1@@Z 00959d10 f   shell.o
158	VERIFIED	0002:0015e8a0       ?LocalizedGetTexture@@YAPAUnglTexture@@PBD@Z 00959da0 f   shell.o
159	VERIFIED	0002:0015e9a0       ?MultiplyColors@@YA?AVcolor32@@V1@0@Z 00959ea0 f   shell.o
160	VERIFIED	0002:0015ea40       ?CountSharedVertices@@YAHPAFHHPAH@Z 00959f40 f   shell.o
161	VERIFIED	0002:0015eb10       ?evenly_divides@@YA_NMM@Z  0095a010 f   shell.o
162	VERIFIED	0002:0015eb40       ?round_to_nearest_halfpi@@YAHM@Z 0095a040 f   shell.o
163	VERIFIED	0002:0015eb80       ?SetBlend@PanelQuad@@QAEXI@Z 0095a080 f   shell.o
164	VERIFIED	0002:0015eb90       ?SetMaterialFlags@PanelQuad@@UAEXI@Z 0095a090 f   shell.o
165	VERIFIED	0002:0015eba0       ?SetPos@PanelQuad@@UAEXMMMM@Z 0095a0a0 f   shell.o
166	VERIFIED	0002:0015ec00       ?FattenMeForPS2@PanelQuad@@QAEXXZ 0095a100 f   shell.o
167	VERIFIED	0002:0015ec10       ?FattenMeForGC@PanelQuad@@QAEXXZ 0095a110 f   shell.o
168	VERIFIED	0002:0015ec20       ?FormatHUDForSplitScreen@PanelQuad@@QAEXHHHMM@Z 0095a120 f   shell.o
169	VERIFIED	0002:0015ed40       ?UpdateInScene@FloatingPQ@@UAEXXZ 0095a240 f   shell.o
170	VERIFIED	0002:0015edc0       ?PreMashFixup@PanelFile@@QAEXXZ 0095a2c0 f   shell.o
171	VERIFIED	0002:0015edd0       ?ConvertTextColor@@YA?AVcolor32@@I@Z 0095a2d0 f   shell.o
172	VERIFIED	0002:0015ee00       ?ReadColor@@YA?AVcolor32@@PAEAAH@Z 0095a300 f   shell.o
173	VERIFIED	0002:0015ee40       ?ReadLong@@YAIPAEAAH@Z     0095a340 f   shell.o
174	VERIFIED	0002:0015ee80       ?ReadChar@@YAEPAEAAH@Z     0095a380 f   shell.o
175	VERIFIED	0002:0015eea0       ?ReadFloat@@YAMPAEAAH@Z    0095a3a0 f   shell.o
176	FIXED	0002:0015eee0       ?ReadShort@@YAFPAEAAH@Z    0095a3e0 f   shell.o
177	VERIFIED	0002:0015ef00       ?ReadString@@YAXPAEAAHAAVstring@Broc@@@Z 0095a400 f   shell.o
178	VERIFIED	0002:0015ef50       ?ReadStringPointer@@YAPADPAEAAH@Z 0095a450 f   shell.o
179	VERIFIED	0002:0015efa0       ?ReadVector3d@@YAXAAUvector@Broc@@PAEAAH@Z 0095a4a0 f   shell.o
180	VERIFIED	0002:0015f050       ?ReadVector2d@@YAXAAUvector@Broc@@PAEAAH@Z 0095a550 f   shell.o
181	VERIFIED	0002:0015f0d0       ?make_euler@@YAXAAVMat43@math@@ABUvector@Broc@@@Z 0095a5d0 f   shell.o
182	VERIFIED	0002:0015f2c0       ?make_euler@@YAXAAVMat43@math@@M@Z 0095a7c0 f   shell.o
183	VERIFIED	0002:0015f3c0       ?eq_to_tolerance@@YA_NMMM@Z 0095a8c0 f   shell.o
184	VERIFIED	0002:0015f400       ?ConvertNGLColor@@YA?AVcolor32@@I@Z 0095a900 f   shell.o
185	VERIFIED	0002:0015f430       ?RegisterMovies@movie_manager@@SAXPBUPakInfoNode@@ABUSection@PakHeader@@@Z 0095a930 f   shell.o
186	VERIFIED	0002:0015f440       ?init_manager@movie_manager@@SAXXZ 0095a940 f   shell.o
187	VERIFIED	0002:0015f450       ?force_exit@movie_manager@@CA_NXZ 0095a950 f   shell.o
188	VERIFIED	0002:0015f4c0       ?init_movie@movie_manager@@CA_NPBD@Z 0095a9c0 f   shell.o
189	VERIFIED	0002:0015f640       ?dont_play_movies@movie_manager@@CA_NXZ 0095ab40 f   shell.o
190	VERIFIED	0002:0015f650       ?set_quad_pos@movie_manager@@SAXMMMM@Z 0095ab50 f   shell.o
191	VERIFIED	0002:0015f6a0       ?stop@subtitle_manager@@SAXXZ 0095aba0 f   shell.o
192	VERIFIED	0002:0015f6b0       ?GetCol@subtitle_manager@@SAHH@Z 0095abb0 f   shell.o
193	VERIFIED	0002:0015f6c0       ?GetLevelName@subtitle_manager@@SAPADXZ 0095abc0 f   shell.o
194	VERIFIED	0002:0015f6e0       ?Update@PanelAnimObject@@UAEXM@Z 0095abe0 f   shell.o
195	VERIFIED	0002:0015f770       ?CopyFrom@PanelAnimObject@@UAEXPBV1@@Z 0095ac70 f   shell.o
196	VERIFIED	0002:0015f7a0       ?SetWidescreenAlign@PanelAnimObject@@UAEXF@Z 0095aca0 f   shell.o
197	FIXED	0002:0015f7d0       ?SetZvalue@PanelAnimObject@@UAEXMW4panel_layer@@@Z 0095acd0 f   shell.o
198	FIXED	0002:0015f820       ?StartFade@PanelAnimObject@@UAEX_N0M@Z 0095ad20 f   shell.o
199	VERIFIED	0002:0015f8a0       ?GetXScalingForWindow@@YAMH@Z 0095ada0 f   shell.o
200	VERIFIED	0002:0015f8f0       ?GetYScalingForWindow@@YAMH@Z 0095adf0 f   shell.o
201	VERIFIED	0002:0015f940       ??0FETextFlashInfo@@QAE@Vcolor32@@M@Z 0095ae40 f   shell.o
202	VERIFIED	0002:0015f970       ?Update@FETextFlashInfo@@QAEXM@Z 0095ae70 f   shell.o
203	VERIFIED	0002:0015f9b0       ?GetColor@FETextFlashInfo@@QAE?AVcolor32@@V2@@Z 0095aeb0 f   shell.o
204	VERIFIED	0002:0015fa70       ?Reset@FETextFlashInfo@@QAEXXZ 0095af70 f   shell.o
205	FIXED	0002:0015fa80       ??0FEText@@QAE@W4font_index@@PBDMMHW4panel_layer@@MHHVcolor32@@@Z 0095af80 f   shell.o
206	VERIFIED	0002:0015fce0       ??1FEText@@UAE@XZ          0095b1e0 f   shell.o
207	VERIFIED	0002:0015fd50       ?Clone@FEText@@UAEPAV1@XZ  0095b250 f   shell.o
208	VERIFIED	0002:0015fdc0       ?CopyFrom@FEText@@UAEXPAV1@@Z 0095b2c0 f   shell.o
209	VERIFIED	0002:0015fef0       ?Update@FEText@@UAEXM@Z    0095b3f0 f   shell.o
210	VERIFIED	0002:0015fff0       ?UpdateForWidescreen@FEText@@UAEX_N@Z 0095b4f0 f   shell.o
211	VERIFIED	0002:00160120       ?UpdateForWidescreen@FEText@@UAEX_NH@Z 0095b620 f   shell.o
212	VERIFIED	0002:00160250       ?MoveForSplitScreen@FEText@@UAEXHH@Z 0095b750 f   shell.o
213	VERIFIED	0002:00160380       ?UpdateForHUDSplitScreen@FEText@@UAEXHHHMM@Z 0095b880 f   shell.o
214	VERIFIED	0002:001604f0       ?UpdateForSplitScreen@FEText@@UAEXHH@Z 0095b9f0 f   shell.o
215	VERIFIED	0002:001607f0       ?SetHJustify@FEText@@UAEXH@Z 0095bcf0 f   shell.o
216	VERIFIED	0002:00160830       ?SetVJustify@FEText@@UAEXH@Z 0095bd30 f   shell.o
217	VERIFIED	0002:00160870       ?SetText@FEText@@UAEXPBD@Z 0095bd70 f   shell.o
218	VERIFIED	0002:00160900       ?SetText@FEText@@UAEXI@Z   0095be00 f   shell.o
219	VERIFIED	0002:00160930       ?SetNoFlash@FEText@@UAEXVcolor32@@@Z 0095be30 f   shell.o
220	VERIFIED	0002:00160950       ?SetFlash@FEText@@UAEXVcolor32@@0M@Z 0095be50 f   shell.o
221	VERIFIED	0002:001609d0       ?SetNoColor@FEText@@UAEXXZ 0095bed0 f   shell.o
222	VERIFIED	0002:001609e0       ?CreateNGLColorCode@FEText@@SAXVcolor32@@PAD@Z 0095bee0 f   shell.o
223	VERIFIED	0002:00160a30       ?Animate@FEText@@MAEXPAVMat43@math@@M@Z 0095bf30 f   shell.o
224	VERIFIED	0002:00160b60       ?AdjustForJustification@FEText@@MAEXAAM0M@Z 0095c060 f   shell.o
225	FIXED	0002:00160c40       ??0MultiLineString@@QAE@XZ 0095c140 f   shell.o
226	VERIFIED	0002:00160d00       ??1MultiLineString@@QAE@XZ 0095c200 f   shell.o
227	VERIFIED	0002:00160d30       ?CopyFrom@MultiLineString@@QAEXPAV1@@Z 0095c230 f   shell.o
228	VERIFIED	0002:00160de0       ?AdjustForScale@MultiLineString@@QAEXM@Z 0095c2e0 f   shell.o
229	VERIFIED	0002:00160e20       ?CompareButton@@YA_NPBD0PAPBD0AAH@Z 0095c320 f   shell.o
230	VERIFIED	0002:00160ee0       ?ConvertStringToButtonCode@MultiLineString@@SAHPBDPAPBDABVstring@Broc@@@Z 0095c3e0 f   shell.o
231	VERIFIED	0002:00161180       ?CopyFrom@FEMultiLineText@@QAEXPAV1@@Z 0095c680 f   shell.o
232	VERIFIED	0002:001612f0       ?Draw@FEMultiLineText@@UAEX_N@Z 0095c7f0 f   shell.o
233	VERIFIED	0002:00161340       ?GetWidth@FEMultiLineText@@UAEMXZ 0095c840 f   shell.o
234	VERIFIED	0002:00161380       ?AddFont@FEMultiLineText@@UAEXHW4font_index@@@Z 0095c880 f   shell.o
235	VERIFIED	0002:001613f0       ?SetFont@FEMultiLineText@@UAEXW4font_index@@@Z 0095c8f0 f   shell.o
236	VERIFIED	0002:00161430       ?Shift@FEMultiLineText@@UAEXMM@Z 0095c930 f   shell.o
237	VERIFIED	0002:001614a0       ?Scroll@FEMultiLineText@@UAEXM@Z 0095c9a0 f   shell.o
238	VERIFIED	0002:001615b0       ?SetScrollable@FEMultiLineText@@UAEXH_N@Z 0095cab0 f   shell.o
239	VERIFIED	0002:00161630       ?GetPercentage@FEMultiLineText@@UAEMXZ 0095cb30 f   shell.o
240	VERIFIED	0002:001616d0       ?SetNumLines@FEMultiLineText@@UAEXH@Z 0095cbd0 f   shell.o
241	VERIFIED	0002:001617e0       ?SetText@FEMultiLineText@@UAEXPBD@Z 0095cce0 f   shell.o
242	VERIFIED	0002:00161820       ?SetText@FEMultiLineText@@UAEXI@Z 0095cd20 f   shell.o
243	VERIFIED	0002:00161850       ?ConvertActionToButton@FEMultiLineText@@UAEPBDPBD@Z 0095cd50 f   shell.o
244	FIXED	0002:00161a80       ?UpdateForWidescreen@FEMultiLineText@@UAEX_N@Z 0095cf80 f   shell.o
245	FIXED	0002:00161ba0       ?UpdateForSplitScreen@FEMultiLineText@@UAEXHH@Z 0095d0a0 f   shell.o
246	VERIFIED	0002:00161cb0       ?TranslateAction@FEMultiLineText@@UAEPBDPBD@Z 0095d1b0 f   shell.o
247	VERIFIED	0002:001625a0       ?SetTextBox@FEMultiLineText@@UAEXPBDHM@Z 0095daa0 f   shell.o
248	VERIFIED	0002:00162600       ?CheckIfNotTooLong@FEMultiLineText@@AAE_NH@Z 0095db00 f   shell.o
249	VERIFIED	0002:00162670       ?ReplaceEndlines@FEMultiLineText@@SA?AVstring@Broc@@V23@@Z 0095db70 f   shell.o
250	VERIFIED	0002:00162720       ??0InGameOptionsMenu@@QAE@PAVFEMenuSystem@@@Z 0095dc20 f   shell.o
251	VERIFIED	0002:001627f0       ??1InGameOptionsMenu@@UAE@XZ 0095dcf0 f   shell.o
252	VERIFIED	0002:00162850       ?Init@InGameOptionsMenu@@UAEXXZ 0095dd50 f   shell.o
253	VERIFIED	0002:00162860       ?OnActivate@InGameOptionsMenu@@UAEXXZ 0095dd60 f   shell.o
254	VERIFIED	0002:00162a30       ?Draw@InGameOptionsMenu@@UAEXXZ 0095df30 f   shell.o
255	VERIFIED	0002:00162a40       ?ButtonHeldAction@InGameOptionsMenu@@UAEXXZ 0095df40 f   shell.o
256	VERIFIED	0002:00162ab0       ?UpdateScrollBar@InGameOptionsMenu@@IAEXXZ 0095dfb0 f   shell.o
257	VERIFIED	0002:00162b10       ?Me@InGameOptionsMenu@@SAPAV1@H@Z 0095e010 f   shell.o
258	VERIFIED	0002:00162b30       ?OnCross@InGameOptionsMenu@@UAEXH@Z 0095e030 f   shell.o
259	VERIFIED	0002:00162be0       ?OnStart@InGameOptionsMenu@@UAEXH@Z 0095e0e0 f   shell.o
260	VERIFIED	0002:00162bf0       ?ResponseYesApplyNowHelper@InGameOptionsMenu@@IAE_NXZ 0095e0f0 f   shell.o
261	VERIFIED	0002:00162eb0       ?ResponseNoJustGoBackToPauseMenuHelper@InGameOptionsMenu@@IAE_NXZ 0095e3b0 f   shell.o
262	VERIFIED	0002:00162ec0       ?ResponseYesApplyNow@InGameOptionsMenu@@KA_NH@Z 0095e3c0 f   shell.o
263	VERIFIED	0002:00162ee0       ?ResponseNoJustGoBackToPauseMenu@InGameOptionsMenu@@KA_NH@Z 0095e3e0 f   shell.o
264	VERIFIED	0002:00162f10       ??0AARInGameOptionsMenu@@QAE@PAVFEMenuSystem@@@Z 0095e410 f   shell.o
265	VERIFIED	0002:00162f70       ??0AARInGameOptionsMenu@@AAE@ABV0@@Z 0095e470 f   shell.o
266	VERIFIED	0002:00162ff0       ??1AARInGameOptionsMenu@@UAE@XZ 0095e4f0 f   shell.o
267	VERIFIED	0002:00163000       ?Me@AARInGameOptionsMenu@@SAPAV1@H@Z 0095e500 f   shell.o
268	VERIFIED	0002:00163010       ?ResponseAARYesApplyNow@AARInGameOptionsMenu@@SA_NH@Z 0095e510 f   shell.o
269	VERIFIED	0002:00163020       ?ResponseAARNoJustGoBackToPauseMenu@AARInGameOptionsMenu@@SA_NH@Z 0095e520 f   shell.o
270	VERIFIED	0002:00163040       ??1FEManager@@UAE@XZ       0095e540 f   shell.o
271	VERIFIED	0002:001630c0       ?LoadFonts@FEManager@@QAEXXZ 0095e5c0 f   shell.o
272	VERIFIED	0002:001630d0       ?ReleaseFonts@FEManager@@QAEXXZ 0095e5d0 f   shell.o
273	VERIFIED	0002:001630e0       ?ReleaseFont@FEManager@@QAEXW4font_index@@@Z 0095e5e0 f   shell.o
274	VERIFIED	0002:001630f0       ?UpdateFrontEnd@FEManager@@QAEXM@Z 0095e5f0 f   shell.o
275	VERIFIED	0002:001631b0       ?UpdateAARMenus@FEManager@@QAEXM@Z 0095e6b0 f   shell.o
276	VERIFIED	0002:00163230       ?UpdateInGameMenus@FEManager@@QAEXM@Z 0095e730 f   shell.o
277	VERIFIED	0002:00163280       ?DrawIGO@FEManager@@QAEXH@Z 0095e780 f   shell.o
278	VERIFIED	0002:00163330       ?Draw3DWorldSpace@FEManager@@QAEXXZ 0095e830 f   shell.o
279	VERIFIED	0002:00163380       ?AsciiToUnicode@@YAXPADPAG@Z 0095e880 f   shell.o
280	VERIFIED	0002:001633b0       ?DrawLoadingDots@FEManager@@QAEXXZ 0095e8b0 f   shell.o
281	VERIFIED	0002:001633c0       ?GetXboxLanguage@@YAXXZ    0095e8c0 f   shell.o
282	PLATFORM_STUB	0002:00163440       ?DrawDebugDiscError@FEManager@@QAEXXZ 0095e940 f   shell.o
283	FIXED	0002:001635f0       ?PlayFadeInOranScreen@FEManager@@QAEXXZ 0095eaf0 f   shell.o
284	VERIFIED	0002:00163820       ?DrawFrontEnd@FEManager@@QAEXXZ 0095ed20 f   shell.o
285	VERIFIED	0002:001638a0       ?DrawInGameMenus@FEManager@@QAEXXZ 0095eda0 f   shell.o
286	VERIFIED	0002:00163980       ?DrawAARMenus@FEManager@@QAEXXZ 0095ee80 f   shell.o
287	VERIFIED	0002:00163a20       ?PrepareLoadingMenus@FEManager@@QAEXXZ 0095ef20 f   shell.o
288	VERIFIED	0002:00163a30       ?ReleaseInGameMenus@FEManager@@QAEXXZ 0095ef30 f   shell.o
289	VERIFIED	0002:00163a70       ?GetFont@FEManager@@QAEPAVnglFont@@W4font_index@@@Z 0095ef70 f   shell.o
290	VERIFIED	0002:00163ae0       ?UpdateSplitScreen@FEManager@@QAEXXZ 0095efe0 f   shell.o
291	VERIFIED	0002:00163b10       ?GetInfo@FEMenuColorScheme@@SA_NDAAVcolor32@@00@Z 0095f010 f   shell.o
292	VERIFIED	0002:00163b50       ?GetInfo@FEMenuColorScheme@@SA_NDAAVcolor32@@0@Z 0095f050 f   shell.o
293	VERIFIED	0002:00163b80       ?GetSchemeFromText@FEMenuColorScheme@@SAHAAVstring@Broc@@@Z 0095f080 f   shell.o
294	VERIFIED	0002:00163bc0       ?CommonConstructor@FEMenuEntry@@QAEXPAVFEText@@PAVFEMenu@@@Z 0095f0c0 f   shell.o
295	VERIFIED	0002:00163c20       ?CopyFrom@FEMenuEntry@@UAEXPAVFEText@@@Z 0095f120 f   shell.o
296	VERIFIED	0002:00163c30       ?SetText@FEMenuEntry@@UAEXPAVFEText@@@Z 0095f130 f   shell.o
297	VERIFIED	0002:00163c40       ?Highlight@FEMenuEntry@@UAEX_N0@Z 0095f140 f   shell.o
298	VERIFIED	0002:00163c70       ?Disable@FEMenuEntry@@UAEX_N@Z 0095f170 f   shell.o
299	VERIFIED	0002:00163c90       ?WithAlpha@FEMenuEntry@@UAE?AVcolor32@@V2@H@Z 0095f190 f   shell.o
300	VERIFIED	0002:00163cb0       ?AdjustColor@FEMenuEntry@@UAEXXZ 0095f1b0 f   shell.o
301	VERIFIED	0002:00163cc0       ?AdjustColor@FEMenuEntry@@MAEXPAVFEText@@@Z 0095f1c0 f   shell.o
302	VERIFIED	0002:00163e70       ?MoveForSplitScreen@FEMenuEntry@@UAEXHH@Z 0095f370 f   shell.o
303	VERIFIED	0002:00163e80       ?ConnectEntries@FEMenu@@IAEXF@Z 0095f380 f   shell.o
304	VERIFIED	0002:00163f00       ?Down@FEMenu@@MAEXXZ       0095f400 f   shell.o
305	VERIFIED	0002:00164020       ?Up@FEMenu@@MAEXXZ         0095f520 f   shell.o
306	VERIFIED	0002:00164140       ?Left@FEMenu@@MAEXXZ       0095f640 f   shell.o
307	VERIFIED	0002:001641e0       ?Right@FEMenu@@MAEXXZ      0095f6e0 f   shell.o
308	VERIFIED	0002:00164280       ?SetVis@FEMenu@@UAEXH@Z    0095f780 f   shell.o
309	VERIFIED	0002:00164350       ?SetVerticalJust@FEMenu@@UAEX_N0@Z 0095f850 f   shell.o
310	VERIFIED	0002:00164390       ?SetScaleThroughout@FEMenu@@UAEXM@Z 0095f890 f   shell.o
311	VERIFIED	0002:001643c0       ?SetZThroughout@FEMenu@@UAEXMW4panel_layer@@@Z 0095f8c0 f   shell.o
312	VERIFIED	0002:00164400       ?Init@FEMenu@@UAEXXZ       0095f900 f   shell.o
313	VERIFIED	0002:00164550       ?Draw@FEMenu@@UAEXXZ       0095fa50 f   shell.o
314	VERIFIED	0002:00164660       ?Update@FEMenu@@UAEXM@Z    0095fb60 f   shell.o
315	VERIFIED	0002:00164700       ?HighlightDefault@FEMenu@@UAEXXZ 0095fc00 f   shell.o
316	VERIFIED	0002:00164750       ?OnActivate@FEMenu@@UAEXXZ 0095fc50 f   shell.o
317	VERIFIED	0002:001647d0       ?OnCross@FEMenu@@UAEXH@Z   0095fcd0 f   shell.o
318	VERIFIED	0002:00164810       ?OnAnyButtonPress@FEMenu@@UAEXHH@Z 0095fd10 f   shell.o
319	VERIFIED	0002:00164850       ?OnButtonRelease@FEMenu@@UAEXHH@Z 0095fd50 f   shell.o
320	VERIFIED	0002:00164890       ?ButtonHeldAction@FEMenu@@MAEXXZ 0095fd90 f   shell.o
321	VERIFIED	0002:001648c0       ?ClearAllButtons@FEMenu@@IAEXXZ 0095fdc0 f   shell.o
322	VERIFIED	0002:00164910       ?ClearButton@FEMenu@@IAEXW4ButtonIndex@controller@@@Z 0095fe10 f   shell.o
323	VERIFIED	0002:00164950       ?ButtonHeldAction@FEMultiMenu@@MAEXXZ 0095fe50 f   shell.o
324	VERIFIED	0002:001649d0       ??1FEMenuSystem@@UAE@XZ    0095fed0 f   shell.o
325	VERIFIED	0002:00164a30       ?Add@FEMenuSystem@@UAEXPAVFEMenu@@@Z 0095ff30 f   shell.o
326	VERIFIED	0002:00164aa0       ?InitAll@FEMenuSystem@@UAEXXZ 0095ffa0 f   shell.o
327	VERIFIED	0002:00164ad0       ?ReturnToPreviousMenu@FEMenuSystem@@UAEXH@Z 0095ffd0 f   shell.o
328	VERIFIED	0002:00164b20       ?MakeActive@FEMenuSystem@@UAEXH@Z 00960020 f   shell.o
329	VERIFIED	0002:00164b40       ?MakeActiveAndReturn@FEMenuSystem@@UAEXH@Z 00960040 f   shell.o
330	VERIFIED	0002:00164b80       ?MakeActiveAndReturn@FEMenuSystem@@UAEXHH@Z 00960080 f   shell.o
331	VERIFIED	0002:00164bc0       ?IsMenuActive@FEMenuSystem@@UAE_NH@Z 009600c0 f   shell.o
332	VERIFIED	0002:00164be0       ?ClearReturnMenu@FEMenuSystem@@UAEXH@Z 009600e0 f   shell.o
333	VERIFIED	0002:00164c00       ?AddOverlay@FEMenuSystem@@UAEXH@Z 00960100 f   shell.o
334	VERIFIED	0002:00164d00       ?RemoveOverlay@FEMenuSystem@@UAEXXZ 00960200 f   shell.o
335	VERIFIED	0002:00164dc0       ?CurrentOverlay@FEMenuSystem@@QAEHXZ 009602c0 f   shell.o
336	VERIFIED	0002:00164dd0       ?Update@FEMenuSystem@@UAEXM@Z 009602d0 f   shell.o
337	VERIFIED	0002:00164e10       ?UpdateSplitScreen@FEMenuSystem@@UAEXXZ 00960310 f   shell.o
338	VERIFIED	0002:00164e40       ?UpdateButtonDown@FEMenuSystem@@UAEXXZ 00960340 f   shell.o
339	VERIFIED	0002:00164e90       ?Draw@FEMenuSystem@@UAEXXZ 00960390 f   shell.o
340	VERIFIED	0002:00164ed0       ?Draw3D@FEMenuSystem@@UAEXXZ 009603d0 f   shell.o
341	VERIFIED	0002:00164f10       ?OnButtonPress@FEMenuSystem@@MAEXHH@Z 00960410 f   shell.o
342	VERIFIED	0002:001651a0       ?OnButtonRelease@FEMenuSystem@@MAEXHH@Z 009606a0 f   shell.o
343	VERIFIED	0002:001651d0       ?GetAnalogPressed@FEMenuSystem@@MAE_NHPAH@Z 009606d0 f   shell.o
344	VERIFIED	0002:00165300       ?GetCurrentClient@FEMenuSystem@@UAEHXZ 00960800 f   shell.o
345	VERIFIED	0002:00165310       ?GetCurrentClientController@FEMenuSystem@@UAEHXZ 00960810 f   shell.o
346	VERIFIED	0002:00165320       ?GetClientFromController@FEMenuSystem@@MAEHH@Z 00960820 f   shell.o
347	VERIFIED	0002:00165330       ?GetButtonPressed@FEMenuSystem@@MAE_NHPAH@Z 00960830 f   shell.o
348	VERIFIED	0002:00165350       ?GetButtonReleased@FEMenuSystem@@MAE_NHPAH@Z 00960850 f   shell.o
349	VERIFIED	0002:00165370       ?GetActiveMenu@FEMenuSystem@@UAEHXZ 00960870 f   shell.o
350	VERIFIED	0002:00165380       ?SetActiveMenu@FEMenuSystem@@UAEXH@Z 00960880 f   shell.o
351	VERIFIED	0002:00165390       ?GetStickValueX@FEMenuSystem@@MAEHHPAH@Z 00960890 f   shell.o
352	VERIFIED	0002:001653b0       ?GetStickValueY@FEMenuSystem@@MAEHHPAH@Z 009608b0 f   shell.o
353	VERIFIED	0002:001653d0       ?mapButton@@YA?AW4ButtonIndex@controller@@H@Z 009608d0 f   shell.o
354	VERIFIED	0002:001654f0       ?Draw@FEComboBox@@UAEXXZ   009609f0 f   shell.o
355	VERIFIED	0002:00165520       ?SetWidgets@FEComboBox@@QAEXPAVFEText@@0PAVPanelQuad@@1@Z 00960a20 f   shell.o
356	VERIFIED	0002:00165570       ?AddOption@FEComboBox@@QAEXVstring@Broc@@@Z 00960a70 f   shell.o
357	VERIFIED	0002:00165660       ?ClearOptions@FEComboBox@@QAEXXZ 00960b60 f   shell.o
358	VERIFIED	0002:00165700       ?SetOption@FEComboBox@@QAEXHVstring@Broc@@@Z 00960c00 f   shell.o
359	VERIFIED	0002:00165810       ?Update@FEComboBox@@UAEXM@Z 00960d10 f   shell.o
360	VERIFIED	0002:00165950       ?AddOptionNoLocalize@FEComboBox@@QAEXVstring@Broc@@@Z 00960e50 f   shell.o
361	VERIFIED	0002:00165a30       ?SetCurrOption@FEComboBox@@QAEXF@Z 00960f30 f   shell.o
362	VERIFIED	0002:00165a80       ?Highlight@FEComboBox@@UAEX_N0@Z 00960f80 f   shell.o
363	VERIFIED	0002:00165ac0       ?MoveForSplitScreen@FEComboBox@@UAEXHH@Z 00960fc0 f   shell.o
364	VERIFIED	0002:00165b00       ?AdjustColor@FEComboBox@@UAEXXZ 00961000 f   shell.o
365	VERIFIED	0002:00165b30       ?Draw@FESlider@@UAEXXZ     00961030 f   shell.o
366	VERIFIED	0002:00165b70       ?Update@FESlider@@UAEXM@Z  00961070 f   shell.o
367	VERIFIED	0002:00165bb0       ?SetRange@FESlider@@QAEXHH@Z 009610b0 f   shell.o
368	VERIFIED	0002:00165bd0       ?Highlight@FESlider@@UAEX_N0@Z 009610d0 f   shell.o
369	VERIFIED	0002:00165c10       ?UpdateWidescreen@FESlider@@UAEX_N@Z 00961110 f   shell.o
370	VERIFIED	0002:00165c30       ??1FEDoubleEntry@@UAE@XZ   00961130 f   shell.o
371	VERIFIED	0002:00165c50       ?Draw@FEDoubleEntry@@UAEXXZ 00961150 f   shell.o
372	VERIFIED	0002:00165c80       ?Update@FEDoubleEntry@@UAEXM@Z 00961180 f   shell.o
373	VERIFIED	0002:00165cb0       ?Highlight@FEDoubleEntry@@UAEX_N0@Z 009611b0 f   shell.o
374	VERIFIED	0002:00165cf0       ?MoveForSplitScreen@FEDoubleEntry@@UAEXHH@Z 009611f0 f   shell.o
375	VERIFIED	0002:00165d30       ?AdjustColor@FEDoubleEntry@@UAEXXZ 00961230 f   shell.o
376	VERIFIED	0002:00165d60       ?AddSubItem@FEMenuListBoxItem@@QAE?BIABVstring@Broc@@@Z 00961260 f   shell.o
377	VERIFIED	0002:00165d90       ?GetSubItem@FEMenuListBoxItem@@QAEABVstring@Broc@@I@Z 00961290 f   shell.o
378	VERIFIED	0002:00165df0       ?SetColumnWidth@FEMenuListBox@@QAEXIM@Z 009612f0 f   shell.o
379	VERIFIED	0002:00165e60       ?SetColumnHeading@FEMenuListBox@@QAEXIPBD@Z 00961360 f   shell.o
380	VERIFIED	0002:00165ed0       ?Sort@FEMenuListBox@@QAEXI@Z 009613d0 f   shell.o
381	VERIFIED	0002:00165ee0       ?FormatForSplitScreen@FEMenuListBox@@QAEXHH@Z 009613e0 f   shell.o
382	VERIFIED	0002:001661c0       ?SetInitialMenu@FrontEndMenuSystem@@QAEXXZ 009616c0 f   shell.o
383	VERIFIED	0002:001661d0       ?CheckIfSignedInXBox@FrontEndMenuSystem@@QAEXXZ 009616d0 f   shell.o
384	VERIFIED	0002:00166370       ?CheckIfSignedIn@FrontEndMenuSystem@@QAEXXZ 00961870 f   shell.o
385	VERIFIED	0002:00166380       ?PlayBGMusic@FrontEndMenuSystem@@QAEXXZ 00961880 f   shell.o
386	VERIFIED	0002:001663a0       ?PanelFileUnloaded@FrontEndMenuSystem@@UAEXPAVPanelFile@@@Z 009618a0 f   shell.o
387	VERIFIED	0002:001663b0       ??0DialogMenuDisplay@@QAE@H@Z 009618b0 f   shell.o
388	VERIFIED	0002:00166400       ?SetText@DialogMenuDisplay@@QAEXPBD@Z 00961900 f   shell.o
389	VERIFIED	0002:00166460       ?SetTitle@DialogMenuDisplay@@QAEXPBD@Z 00961960 f   shell.o
390	VERIFIED	0002:00166480       ?OnActivate@DialogMenuDisplay@@QAEXXZ 00961980 f   shell.o
391	VERIFIED	0002:00166490       ?Me@DialogMenuDisplay@@SAPAV1@H@Z 00961990 f   shell.o
392	VERIFIED	0002:001664b0       ?AddOption@DialogMenuDisplay@@QAEXPBD@Z 009619b0 f   shell.o
393	VERIFIED	0002:001664d0       ?SetDialogFlash@DialogMenuDisplay@@QAEXH@Z 009619d0 f   shell.o
394	VERIFIED	0002:001665d0       ?Reformat@DialogMenuDisplay@@QAEXXZ 00961ad0 f   shell.o
395	VERIFIED	0002:00166680       ?OnButtonRelease@DialogMenuSystem@@UAEXHH@Z 00961b80 f   shell.o
396	VERIFIED	0002:001666b0       ?GeneralBringUpStuff@DialogMenuSystem@@QAEX_N@Z 00961bb0 f   shell.o
397	VERIFIED	0002:00166770       ?SetText@DialogMenuSystem@@QAEXPBD@Z 00961c70 f   shell.o
398	VERIFIED	0002:00166790       ?CloseDialog@DialogMenuSystem@@QAEXXZ 00961c90 f   shell.o
399	VERIFIED	0002:001667e0       ?OnFinish@DialogMenuSystem@@QAEXXZ 00961ce0 f   shell.o
400	VERIFIED	0002:00166830       ?GetLayer@DialogMenuSystem@@QAEPAVDialogMenu@@_N@Z 00961d30 f   shell.o
401	VERIFIED	0002:00166850       ?UseSmallBackground@DialogMenuSystem@@QAEX_N@Z 00961d50 f   shell.o
402	VERIFIED	0002:00166860       ?DefaultNoResponse@DialogMenuSystem@@SA_NH@Z 00961d60 f   shell.o
403	VERIFIED	0002:00166880       ?OnStart@DialogMenuSystem@@QAEXH@Z 00961d80 f   shell.o
404	VERIFIED	0002:001668b0       ?GetClientFromController@DialogMenuSystem@@UAEHH@Z 00961db0 f   shell.o
405	VERIFIED	0002:001668e0       ?GetCurrentClient@DialogMenuSystem@@UAEHXZ 00961de0 f   shell.o
406	VERIFIED	0002:00166900       ?GetCurrentClientController@DialogMenuSystem@@UAEHXZ 00961e00 f   shell.o
407	VERIFIED	0002:00166930       ?GetAnalogPressed@DialogMenuSystem@@UAE_NHPAH@Z 00961e30 f   shell.o
408	VERIFIED	0002:00166a90       ?GetButtonPressed@DialogMenuSystem@@UAE_NHPAH@Z 00961f90 f   shell.o
409	VERIFIED	0002:00166b00       ?GetStickValueX@DialogMenuSystem@@UAEHHPAH@Z 00962000 f   shell.o
410	VERIFIED	0002:00166b70       ?GetStickValueY@DialogMenuSystem@@UAEHHPAH@Z 00962070 f   shell.o
411	VERIFIED	0002:00166be0       ?OnActivate@DialogMenu@@UAEXXZ 009620e0 f   shell.o
412	VERIFIED	0002:00166bf0       ?Draw@DialogMenu@@UAEXXZ   009620f0 f   shell.o
413	VERIFIED	0002:00166c00       ?Update@DialogMenu@@UAEXM@Z 00962100 f   shell.o
414	VERIFIED	0002:00166c60       ?UpdateWidescreen@DialogMenu@@UAEX_N@Z 00962160 f   shell.o
415	VERIFIED	0002:00166c80       ?Select@DialogMenu@@UAEXH@Z 00962180 f   shell.o
416	VERIFIED	0002:00166cc0       ?OnTriangle@DialogMenu@@UAEXH@Z 009621c0 f   shell.o
417	VERIFIED	0002:00166cf0       ?BringUp@DialogMenu@@QAEXAAVstring@Broc@@0H@Z 009621f0 f   shell.o
418	VERIFIED	0002:00166ee0       ?AddOption@DialogMenu@@QAEXPBDP6A_NH@Z@Z 009623e0 f   shell.o
419	VERIFIED	0002:00166f40       ?Reformat@DialogMenu@@QAEX_NH@Z 00962440 f   shell.o
420	VERIFIED	0002:00166f60       ?CloseOnDelay@DialogMenu@@QAEXHP6AXH@Z@Z 00962460 f   shell.o
421	VERIFIED	0002:00166f90       ?UpdateSplitScreen@DialogMenu@@UAEXXZ 00962490 f   shell.o
422	VERIFIED	0002:00166fa0       ?ButtonHeldAction@DialogMenu@@UAEXXZ 009624a0 f   shell.o
423	VERIFIED	0002:00166fd0       ?ActivateMenu@InGameMenuSystem@@QAEXH@Z 009624d0 f   shell.o
424	VERIFIED	0002:00167030       ?ActivateHotJoinMenu@InGameMenuSystem@@QAEXXZ 00962530 f   shell.o
425	VERIFIED	0002:00167070       ?ActivatePauseMenu@InGameMenuSystem@@QAEXXZ 00962570 f   shell.o
426	VERIFIED	0002:001670c0       ?Draw@InGameMenuSystem@@UAEXXZ 009625c0 f   shell.o
427	VERIFIED	0002:00167110       ?Update@InGameMenuSystem@@UAEXM@Z 00962610 f   shell.o
428	VERIFIED	0002:001671a0       ?GetAnalogPressed@InGameMenuSystem@@UAE_NHPAH@Z 009626a0 f   shell.o
429	VERIFIED	0002:001672d0       ?UpdateSplitScreen@InGameMenuSystem@@UAEXXZ 009627d0 f   shell.o
430	VERIFIED	0002:00167300       ?GetButtonPressed@InGameMenuSystem@@UAE_NHPAH@Z 00962800 f   shell.o
431	VERIFIED	0002:00167350       ?GetStickValueX@InGameMenuSystem@@UAEHHPAH@Z 00962850 f   shell.o
432	VERIFIED	0002:001673a0       ?GetStickValueY@InGameMenuSystem@@UAEHHPAH@Z 009628a0 f   shell.o
433	VERIFIED	0002:001673f0       ?GetCurrentClient@InGameMenuSystem@@UAEHXZ 009628f0 f   shell.o
434	VERIFIED	0002:00167400       ?GetCurrentClientController@InGameMenuSystem@@UAEHXZ 00962900 f   shell.o
435	VERIFIED	0002:00167410       ?GetClientFromController@InGameMenuSystem@@UAEHH@Z 00962910 f   shell.o
436	VERIFIED	0002:00167420       ?CheckForNoMenus@InGameMenuSystem@@IAEXXZ 00962920 f   shell.o
437	VERIFIED	0002:00167450       ?UpdateWidescreen@InGameMenuSystem@@UAEX_N@Z 00962950 f   shell.o
438	VERIFIED	0002:00167480       ?Me@MemCardCheckMenu@@SAPAV1@XZ 00962980 f   shell.o
439	VERIFIED	0002:00167490       ?UpdateWidescreen@MemCardCheckMenu@@UAEX_N@Z 00962990 f   shell.o
440	VERIFIED	0002:001674a0       ?Me@OptionsGameplayMenu@@SAPAV1@XZ 009629a0 f   shell.o
441	VERIFIED	0002:001674b0       ?AdjustOptions@OptionsGameplayMenu@@AAEX_N@Z 009629b0 f   shell.o
442	VERIFIED	0002:00167580       ?OnUp@OptionsGameplayMenu@@UAEXH@Z 00962a80 f   shell.o
443	VERIFIED	0002:001675f0       ?OnDown@OptionsGameplayMenu@@UAEXH@Z 00962af0 f   shell.o
444	VERIFIED	0002:00167660       ?SetDefaultOptions@OptionsGameplayMenu@@AAEXXZ 00962b60 f   shell.o
445	VERIFIED	0002:00167720       ?Update@OptionsGameplayMenu@@UAEXM@Z 00962c20 f   shell.o
446	VERIFIED	0002:001677a0       ?ButtonHeldAction@OptionsGameplayMenu@@UAEXXZ 00962ca0 f   shell.o
447	VERIFIED	0002:001677d0       ?Me@OptionsControlsMenu@@SAPAV1@XZ 00962cd0 f   shell.o
448	VERIFIED	0002:001677e0       ?Update@OptionsControlsMenu@@UAEXM@Z 00962ce0 f   shell.o
449	VERIFIED	0002:00167860       ?ButtonHeldAction@OptionsControlsMenu@@UAEXXZ 00962d60 f   shell.o
450	VERIFIED	0002:001678d0       ?OnUp@OptionsControlsMenu@@UAEXH@Z 00962dd0 f   shell.o
451	VERIFIED	0002:001679d0       ?OnDown@OptionsControlsMenu@@UAEXH@Z 00962ed0 f   shell.o
452	VERIFIED	0002:00167ad0       ?Select@OptionsControlsMenu@@UAEXH@Z 00962fd0 f   shell.o
453	VERIFIED	0002:00167b00       ?HighlightDefault@OptionsControlsMenu@@AAEXH@Z 00963000 f   shell.o
454	VERIFIED	0002:00167b80       ?Me@OptionsSoundMenu@@SAPAV1@XZ 00963080 f   shell.o
455	VERIFIED	0002:00167b90       ?Update@OptionsSoundMenu@@UAEXM@Z 00963090 f   shell.o
456	VERIFIED	0002:00167bf0       ?OnUp@OptionsSoundMenu@@UAEXH@Z 009630f0 f   shell.o
457	VERIFIED	0002:00167c80       ?OnDown@OptionsSoundMenu@@UAEXH@Z 00963180 f   shell.o
458	VERIFIED	0002:00167d10       ?ButtonHeldAction@OptionsSoundMenu@@UAEXXZ 00963210 f   shell.o
459	VERIFIED	0002:00167d80       ?Me@OptionsStickMenu@@SAPAV1@XZ 00963280 f   shell.o
460	VERIFIED	0002:00167d90       ?Update@OptionsStickMenu@@UAEXM@Z 00963290 f   shell.o
461	VERIFIED	0002:00167df0       ?SetDefaultOptions@OptionsStickMenu@@AAEXXZ 009632f0 f   shell.o
462	VERIFIED	0002:00167ed0       ?AdjustOptions@OptionsStickMenu@@AAEX_N@Z 009633d0 f   shell.o
463	VERIFIED	0002:00168030       ?ButtonHeldAction@OptionsStickMenu@@UAEXXZ 00963530 f   shell.o
464	VERIFIED	0002:00168060       ?Me@OptionsButtonMenu@@SAPAV1@XZ 00963560 f   shell.o
465	VERIFIED	0002:00168070       ?Update@OptionsButtonMenu@@UAEXM@Z 00963570 f   shell.o
466	VERIFIED	0002:001680d0       ?SetDefaultOptions@OptionsButtonMenu@@AAEXXZ 009635d0 f   shell.o
467	VERIFIED	0002:00168160       ?AdjustOptions@OptionsButtonMenu@@AAEX_N@Z 00963660 f   shell.o
468	VERIFIED	0002:00168270       ?ButtonHeldAction@OptionsButtonMenu@@UAEXXZ 00963770 f   shell.o
469	VERIFIED	0002:001682a0       ?Me@GammaScreenMenu@@SAPAV1@XZ 009637a0 f   shell.o
470	VERIFIED	0002:001682b0       ?Update@GammaScreenMenu@@UAEXM@Z 009637b0 f   shell.o
471	VERIFIED	0002:00168310       ?OnTriangle@GammaScreenMenu@@UAEXH@Z 00963810 f   shell.o
472	VERIFIED	0002:00168320       ?OnLeft@GammaScreenMenu@@UAEXH@Z 00963820 f   shell.o
473	VERIFIED	0002:00168360       ?OnRight@GammaScreenMenu@@UAEXH@Z 00963860 f   shell.o
474	VERIFIED	0002:001683a0       ?OnSquare@GammaScreenMenu@@UAEXH@Z 009638a0 f   shell.o
475	VERIFIED	0002:001683b0       ?OnDeactivate@GammaScreenMenu@@UAEXPAVFEMenu@@@Z 009638b0 f   shell.o
476	VERIFIED	0002:001683c0       ?ButtonHeldAction@GammaScreenMenu@@UAEXXZ 009638c0 f   shell.o
477	VERIFIED	0002:001683f0       ?OnDeactivate@LoadingMenu@@UAEXPAVFEMenu@@@Z 009638f0 f   shell.o
478	VERIFIED	0002:00168410       ?Select@LoadingMenu@@UAEXH@Z 00963910 f   shell.o
479	VERIFIED	0002:00168420       ?OnCross@LoadingMenu@@UAEXH@Z 00963920 f   shell.o
480	VERIFIED	0002:00168430       ?Me@LoadingMenu@@SAPAV1@XZ 00963930 f   shell.o
481	VERIFIED	0002:00168450       ?Update@LoadingMenu@@UAEXM@Z 00963950 f   shell.o
482	VERIFIED	0002:00168460       ?UpdateLoading@LoadingMenu@@QAEXM@Z 00963960 f   shell.o
483	VERIFIED	0002:00168480       ?OnActivate@ControllerDisconnectedMenu@@UAEXXZ 00963980 f   shell.o
484	VERIFIED	0002:00168490       ?SetErrorMessage@ControllerDisconnectedMenu@@QAEXXZ 00963990 f   shell.o
485	VERIFIED	0002:001684a0       ?OnTriangle@VKMenu@@UAEXH@Z 009639a0 f   shell.o
486	VERIFIED	0002:001684b0       ?Me@VKMenu@@SAPAV1@XZ      009639b0 f   shell.o
487	VERIFIED	0002:001684c0       ?SetEntryPositions@VKMenu@@QAEXXZ 009639c0 f   shell.o
488	VERIFIED	0002:001689d0       ?ChangeShift@VKMenu@@AAEXXZ 00963ed0 f   shell.o
489	VERIFIED	0002:00168a50       ?Up@VKMenu@@UAEXXZ         00963f50 f   shell.o
490	VERIFIED	0002:00168ac0       ?Down@VKMenu@@UAEXXZ       00963fc0 f   shell.o
491	VERIFIED	0002:00168b90       ?Left@VKMenu@@UAEXXZ       00964090 f   shell.o
492	VERIFIED	0002:00168c70       ?Right@VKMenu@@UAEXXZ      00964170 f   shell.o
493	VERIFIED	0002:00168d30       ?UpdateShadows@VKMenu@@QAEXXZ 00964230 f   shell.o
494	VERIFIED	0002:00168e40       ?ButtonHeldAction@VKMenu@@UAEXXZ 00964340 f   shell.o
495	VERIFIED	0002:00168e90       ?DialogResponseSaveSuccess@VKMenu@@SA_NH@Z 00964390 f   shell.o
496	VERIFIED	0002:00168ea0       ?DialogResponseNoMemCard@VKMenu@@SA_NH@Z 009643a0 f   shell.o
497	VERIFIED	0002:00168eb0       ?Me@ProfileMainMenu@@SAPAV1@XZ 009643b0 f   shell.o
498	VERIFIED	0002:00168ec0       ?ClearEntries@ProfileMainMenu@@QAEXXZ 009643c0 f   shell.o
499	VERIFIED	0002:00168f00       ?Update@ProfileMainMenu@@UAEXM@Z 00964400 f   shell.o
500	VERIFIED	0002:00168f10       ?CreateProfile@ProfileMainMenu@@QAEXXZ 00964410 f   shell.o
501	VERIFIED	0002:00168f40       ?ButtonHeldAction@ProfileMainMenu@@UAEXXZ 00964440 f   shell.o
502	VERIFIED	0002:00168f70       ?DialogResponseProfileLoadOk@ProfileMainMenu@@SA_NH@Z 00964470 f   shell.o
503	VERIFIED	0002:00168f80       ?DialogResponseProfileEdit@ProfileMainMenu@@SA_NH@Z 00964480 f   shell.o
504	VERIFIED	0002:00168f90       ?DialogResponseDeleteCancel@ProfileMainMenu@@SA_NH@Z 00964490 f   shell.o
505	VERIFIED	0002:00168fa0       ?Me@ProfileEditMenu@@SAPAV1@XZ 009644a0 f   shell.o
506	VERIFIED	0002:00168fb0       ?Update@ProfileEditMenu@@UAEXM@Z 009644b0 f   shell.o
507	VERIFIED	0002:00168fc0       ?OnUp@ProfileEditMenu@@UAEXH@Z 009644c0 f   shell.o
508	VERIFIED	0002:00169020       ?OnDown@ProfileEditMenu@@UAEXH@Z 00964520 f   shell.o
509	VERIFIED	0002:00169080       ?Select@ProfileEditMenu@@UAEXH@Z 00964580 f   shell.o
510	VERIFIED	0002:001690e0       ?ButtonHeldAction@ProfileEditMenu@@UAEXXZ 009645e0 f   shell.o
511	VERIFIED	0002:00169110       ?HighlightDefault@ProfileEditMenu@@AAEXH@Z 00964610 f   shell.o
512	VERIFIED	0002:001691a0       ?ExitMenu@ProfileEditMenu@@SAXH@Z 009646a0 f   shell.o
513	VERIFIED	0002:001691d0       ?Me@ProfileManager@@SAPAV1@XZ 009646d0 f   shell.o
514	VERIFIED	0002:001691e0       ??1ProfileManager@@QAE@XZ  009646e0 f   shell.o
515	VERIFIED	0002:001691f0       ?OperationDone@ProfileManager@@QAEX_N@Z 009646f0 f   shell.o
516	VERIFIED	0002:00169210       ?Reset@ProfileManager@@QAEXXZ 00964710 f   shell.o
517	VERIFIED	0002:00169270       ?Callback@ProfileManager@@EAEXW4eDeviceChange@MemoryUnitManager@@H@Z 00964770 f   shell.o
518	VERIFIED	0002:00169280       ?ActivateMemDevice@ProfileManager@@AAE_NXZ 00964780 f   shell.o
519	VERIFIED	0002:00169290       ?DeviceIsUnformatted@ProfileManager@@QAE_NXZ 00964790 f   shell.o
520	VERIFIED	0002:001692d0       ?StartCountdown@ProfileManager@@AAEXXZ 009647d0 f   shell.o
521	VERIFIED	0002:001692f0       ?IsCountdownDone@ProfileManager@@ABE_NXZ 009647f0 f   shell.o
522	VERIFIED	0002:00169310       ?TimeToString@ProfileManager@@SAPADAAUStubData@@@Z 00964810 f   shell.o
523	VERIFIED	0002:00169390       ?SplitTime@ProfileManager@@SAXHAAH000@Z 00964890 f   shell.o
524	VERIFIED	0002:00169420       ?GetLoadedProfile@ProfileManager@@QBEPBDXZ 00964920 f   shell.o
525	VERIFIED	0002:00169430       ?IssueCallback@ProfileManager@@AAEXXZ 00964930 f   shell.o
526	VERIFIED	0002:00169470       ?DialogResponseOperationDone@ProfileManager@@CA_NH@Z 00964970 f   shell.o
527	VERIFIED	0002:001694c0       ?DialogResponseNoData@ProfileManager@@CA_NH@Z 009649c0 f   shell.o
528	VERIFIED	0002:00169510       ?DialogResponseContinueNoSave@ProfileManager@@CA_NH@Z 00964a10 f   shell.o
529	VERIFIED	0002:00169570       ?DialogResponseContinue@ProfileManager@@CA_NH@Z 00964a70 f   shell.o
530	VERIFIED	0002:001695c0       ?equals@system_time@@QAE_NV1@@Z 00964ac0 f   shell.o
531	VERIFIED	0002:00169620       ?newer_than@system_time@@QAE_NV1@@Z 00964b20 f   shell.o
532	VERIFIED	0002:00169690       ?GetSystemDate@@YA?AVsystem_time@@XZ 00964b90 f   shell.o
533	VERIFIED	0002:001699f0       ??1GameSettings@@UAE@XZ    00964ef0 f   shell.o
534	VERIFIED	0002:00169a10       ?Callback@GameSettings@@UAEXW4eOperation@MemoryUnitManager@@@Z 00964f10 f   shell.o
535	VERIFIED	0002:00169b70       ?get_temp_buffer@GameSettings@@QAEPAUSaveGameData@@XZ 00965070 f   shell.o
536	VERIFIED	0002:00169b80       ?get_temp_buffer_size@GameSettings@@QBEIXZ 00965080 f   shell.o
537	VERIFIED	0002:00169b90       ?init_save@GameSettings@@AAEXPAUSaveGameData@@@Z 00965090 f   shell.o
538	VERIFIED	0002:00169c30       ?delete_save@GameSettings@@QAEXXZ 00965130 f   shell.o
539	VERIFIED	0002:00169c60       ?format@GameSettings@@QAEXXZ 00965160 f   shell.o
540	VERIFIED	0002:00169c70       ?debug_unformat@GameSettings@@QAE_NXZ 00965170 f   shell.o
541	VERIFIED	0002:00169c80       ?debug_format@GameSettings@@QAE_NXZ 00965180 f   shell.o
542	VERIFIED	0002:00169c90       ?debug_delete_all@GameSettings@@QAE_NXZ 00965190 f   shell.o
543	VERIFIED	0002:00169ca0       ?write_crc@GameSettings@@QAEXPAUSaveGameData@@@Z 009651a0 f   shell.o
544	VERIFIED	0002:00169cb0       ?start_new_game@GameSettings@@QAEX_N@Z 009651b0 f   shell.o
545	VERIFIED	0002:00169cd0       ?get_total_game_size@GameSettings@@QAEHXZ 009651d0 f   shell.o
546	VERIFIED	0002:00169d00       ?enough_space@GameSettings@@QAE_NXZ 00965200 f   shell.o
547	VERIFIED	0002:00169d70       ?get_blocks_needed@GameSettings@@QAEHXZ 00965270 f   shell.o
548	VERIFIED	0002:00169dd0       ?get_blocks_total@GameSettings@@QAEHXZ 009652d0 f   shell.o
549	VERIFIED	0002:00169e10       ?get_insufficient_space_error@GameSettings@@QAEXPAD_N@Z 00965310 f   shell.o
550	VERIFIED	0002:00169e80       ?is_memory_unit_damaged@GameSettings@@QAE_NXZ 00965380 f   shell.o
551	VERIFIED	0002:00169eb0       ?does_file_exist@GameSettings@@QAE_NXZ 009653b0 f   shell.o
552	VERIFIED	0002:00169f30       ?is_valid@GameSettings@@QAE_NHPAUSaveGameData@@@Z 00965430 f   shell.o
553	VERIFIED	0002:00169f50       ?is_corrupt@GameSettings@@QAE_NPAUSaveGameData@@@Z 00965450 f   shell.o
554	VERIFIED	0002:0016a000       ?set_cur_name@GameSettings@@QAEXPBD@Z 00965500 f   shell.o
555	VERIFIED	0002:0016a030       ?collect_GameSettings@GameSettings@@QAEXPAUSaveGameData@@@Z 00965530 f   shell.o
556	VERIFIED	0002:0016a100       ?SEH_UpdateCurrentLanguage@@YAXXZ 00965600 f   shell.o
557	VERIFIED	0002:0016a190       ?SEH_GetCurrentLanguage@@YAHXZ 00965690 f   shell.o
558	VERIFIED	0002:0016a200       ?SEH_GetLanguageName@@YAPBDH@Z 00965700 f   shell.o
559	VERIFIED	0002:0016a220       ?SEH_GetLanguageIndexForName@@YAHPBDPAH@Z 00965720 f   shell.o
560	VERIFIED	0002:0016a270       ?SEH_InitLanguage@@YAXXZ   00965770 f   shell.o
561	VERIFIED	0002:0016a2f0       ?SEH_VerifyLanguageSelection@@YAHH@Z 009657f0 f   shell.o
562	VERIFIED	0002:0016a350       ?SEH_StringEd_GetString@@YAPBDPBD@Z 00965850 f   shell.o
563	VERIFIED	0002:0016a390       ?SEH_StringEd_GetString@@YAPBDI@Z 00965890 f   shell.o
564	VERIFIED	0002:0016a3b0       ?SEH_StringEd_GetString@@YAPBDW4TPakId@@I@Z 009658b0 f   shell.o
565	VERIFIED	0002:0016a3d0       ?SEH_SafeTranslateString@@YAPBDPBD@Z 009658d0 f   shell.o
566	VERIFIED	0002:0016a500       ?SEH_GetLocalizedTokenReference@@YAHPADPBD1W4msgLocErrType_t@@@Z 00965a00 f   shell.o
567	VERIFIED	0002:0016a5d0       ?SEH_LocalizeTextMessage@@YAPBDPBD0W4msgLocErrType_t@@@Z 00965ad0 f   shell.o
568	VERIFIED	0002:0016a910       ?Korean_CollapseKSC5601HangulCode@@YAHI@Z 00965e10 f   shell.o
569	VERIFIED	0002:0016a9a0       ?Taiwanese_CollapseBig5Code@@YAHI@Z 00965ea0 f   shell.o
570	VERIFIED	0002:0016aa80       ?Japanese_CollapseShiftJISCode@@YAHI@Z 00965f80 f   shell.o
571	VERIFIED	0002:0016ab60       ?Chinese_CollapseGBCode@@YAHI@Z 00966060 f   shell.o
572	VERIFIED	0002:0016aba0       ?Language_IsAsian@@YAHXZ   009660a0 f   shell.o
573	VERIFIED	0002:0016abb0       ?Language_UsesSpaces@@YAHXZ 009660b0 f   shell.o
574	VERIFIED	0002:0016abd0       ?Filename_PathOnly@CStringEdPackage@@AAEPADPBD@Z 009660d0 f   shell.o
575	VERIFIED	0002:0016ac20       ?Filename_WithoutExt@CStringEdPackage@@AAEPADPBD@Z 00966120 f   shell.o
576	VERIFIED	0002:0016ac90       ?Filename_WithoutPath@CStringEdPackage@@AAEPADPBD@Z 00966190 f   shell.o
577	VERIFIED	0002:0016ace0       ?ExtractLanguageFromPath@CStringEdPackage@@QAEPBDPBD@Z 009661e0 f   shell.o
578	VERIFIED	0002:0016ad00       ?CheckLineForKeyword@CStringEdPackage@@AAEHPBDAAPBD@Z 00966200 f   shell.o
579	VERIFIED	0002:0016ad70       ?REMKill@CStringEdPackage@@AAEXPAD@Z 00966270 f   shell.o
580	VERIFIED	0002:0016ae10       ?ReadLine@CStringEdPackage@@QAEHAAPBDPAD@Z 00966310 f   shell.o
581	VERIFIED	0002:0016af10       ?SE_LoadFileData@@YAPAEPBDPAH@Z 00966410 f   shell.o
582	VERIFIED	0002:0016af50       ?SE_FreeFileDataAfterLoad@@YAXPAE@Z 00966450 f   shell.o
583	VERIFIED	0002:0016af70       ?MoveUpTo@UIListBox@@IAEXH@Z 00966470 f   shell.o
584	VERIFIED	0002:0016afe0       ?MoveDownTo@UIListBox@@IAEXH@Z 009664e0 f   shell.o
585	VERIFIED	0002:0016b050       ?SetScrollBarQuad@UIListBox@@QAEXW4EScrollQuads@1@PAVPanelQuad@@@Z 00966550 f   shell.o
586	VERIFIED	0002:0016b0b0       ?FormatForSplitScreen@UIListBox@@QAEXHH@Z 009665b0 f   shell.o
587	VERIFIED	0002:0016b0c0       ?FormatForWidescreen@UIListBox@@QAEX_NM@Z 009665c0 f   shell.o
588	VERIFIED	0002:0016b0d0       ?ApplyStubOptions@StubData@@QAEXXZ 009665d0 f   shell.o
589	VERIFIED	0002:0016b1d0       ?Draw3DScreenSpace@IGOFrontEnd@@QAEXXZ 009666d0 f   shell.o
590	VERIFIED	0002:0016b200       ?UpdateWidescreen@IGOFrontEnd@@UAEX_N@Z 00966700 f   shell.o
591	VERIFIED	0002:0016b420       ?FindKeyBindings@IGOFrontEnd@@QAEXXZ 00966920 f   shell.o
592	VERIFIED	0002:0016b5a0       ?SetFuse@IGOFrontEnd@@QAEXMMH@Z 00966aa0 f   shell.o
593	VERIFIED	0002:0016b5d0       ?UpdateSplitScreen@IGOStanceWidget@@UAEXHH@Z 00966ad0 f   shell.o
594	VERIFIED	0002:0016b660       ?UpdateSplitScreen@IGORaiseFlagWidget@@UAEXHH@Z 00966b60 f   shell.o
595	VERIFIED	0002:0016b6a0       ?Update@IGOTimerWidget@@UAEXM@Z 00966ba0 f   shell.o
596	VERIFIED	0002:0016b7d0       ?UpdateSplitScreen@IGOInGameScoreWidget@@UAEXHH@Z 00966cd0 f   shell.o
597	VERIFIED	0002:0016b840       ?UpdateSplitScreen@IGOAmmoWidget@@UAEXHH@Z 00966d40 f   shell.o
598	VERIFIED	0002:0016b8a0       ?UpdateSplitScreen@IGOGrenadeWidget@@UAEXHH@Z 00966da0 f   shell.o
599	VERIFIED	0002:0016b980       ?UpdateSplitScreen@IGOWeaponNameWidget@@UAEXHH@Z 00966e80 f   shell.o
600	VERIFIED	0002:0016b9c0       ??0IGOActionHintWidget@@QAE@H@Z 00966ec0 f   shell.o
601	VERIFIED	0002:0016ba70       ?UpdateSplitScreen@IGOTankLoadingWidget@@UAEXHH@Z 00966f70 f   shell.o
602	VERIFIED	0002:0016bab0       ?UpdateSplitScreen@IGORankWidget@@UAEXHH@Z 00966fb0 f   shell.o
603	VERIFIED	0002:0016bb40       ?UpdateSplitScreen@IGOSpecialWeaponWidget@@UAEXHH@Z 00967040 f   shell.o
604	VERIFIED	0002:0016bb90       ??1IGOWarStatusWidget@@UAE@XZ 00967090 f   shell.o
605	VERIFIED	0002:0016bfc0       ?UpdateSplitScreen@IGOWarStatusWidget@@UAEXHH@Z 009674c0 f   shell.o
606	VERIFIED	0002:0016c2a0       ?UpdateSplitScreen@IGOTankIconWidget@@UAEXHH@Z 009677a0 f   shell.o
607	VERIFIED	0002:0016c3f0       ??0IGOCompassWidget@@QAE@H@Z 009678f0 f   shell.o
608	VERIFIED	0002:0016c580       ?UpdateCompassRotation@IGOCompassWidget@@QAEXXZ 00967a80 f   shell.o
609	VERIFIED	0002:0016c800       ?CheckpointRestart@IGOCompassWidget@@QAEXXZ 00967d00 f   shell.o
610	VERIFIED	0002:0016c820       ?CalculateMapObjectABS@IGOCompassWidget@@AAEXPAVIGOMapObject@@MMM_N@Z 00967d20 f   shell.o
611	VERIFIED	0002:0016c9a0       ?Update@IGOJeepMapWidget@@UAEXM@Z 00967ea0 f   shell.o
612	VERIFIED	0002:0016cad0       ?Update@IGOHintWidget@@UAEXM@Z 00967fd0 f   shell.o
613	VERIFIED	0002:0016d2b0       ?UpdateSplitScreen@IGOHintWidget@@UAEXHH@Z 009687b0 f   shell.o
614	VERIFIED	0002:0016d310       ??0IGOGrenadeIndicator@@QAE@H@Z 00968810 f   shell.o
615	VERIFIED	0002:0016d3a0       ?DrawGrenade@IGOGrenadeIndicator@@QAEXPBVEntity@@@Z 009688a0 f   shell.o
616	VERIFIED	0002:0016d530       ?UpdateWidescreen@IGOVoipList@@UAEX_NM@Z 00968a30 f   shell.o
617	VERIFIED	0002:0016d540       ?UpdateSplitScreen@IGOVoipList@@UAEXHH@Z 00968a40 f   shell.o
618	VERIFIED	0002:0016d550       ?AddPQSection@PanelQuadSection@@QAEXQAUvector@Broc@@0QAVcolor32@@M@Z 00968a50 f   shell.o
619	VERIFIED	0002:0016d610       ?Mask@PanelQuadSection@@QAEXMW4mask_type@@MM@Z 00968b10 f   shell.o
620	VERIFIED	0002:0016d800       ?SetColorNAVert@PanelQuadSection@@QAEXHVcolor32@@@Z 00968d00 f   shell.o
621	VERIFIED	0002:0016d840       ?SetAlphaVert@PanelQuadSection@@QAEXHM@Z 00968d40 f   shell.o
622	VERIFIED	0002:0016d8a0       ?SetVisibility@PanelQuadSection@@QAEXHM@Z 00968da0 f   shell.o
623	VERIFIED	0002:0016d900       ?GetColor@PanelQuadSection@@QAE?AVcolor32@@H@Z 00968e00 f   shell.o
624	VERIFIED	0002:0016d930       ?Fatten@PanelQuadSection@@QAEXM@Z 00968e30 f   shell.o
625	VERIFIED	0002:0016d9e0       ?InstanceFrom@PanelQuad@@UAEXPBV1@@Z 00968ee0 f   shell.o
626	VERIFIED	0002:0016dbc0       ?Draw@PanelQuad@@UAEXXZ    009690c0 f   shell.o
627	VERIFIED	0002:0016dc40       ?Mask@PanelQuad@@QAEXMW4mask_type@@M@Z 00969140 f   shell.o
628	VERIFIED	0002:0016dd40       ?Rotate@PanelQuad@@UAEXMMM_N@Z 00969240 f   shell.o
629	VERIFIED	0002:0016de70       ?Scale@PanelQuad@@UAEXMMMM_N@Z 00969370 f   shell.o
630	VERIFIED	0002:0016e050       ?ScaleAbsoluteCenter@PanelQuad@@UAEXMM@Z 00969550 f   shell.o
631	VERIFIED	0002:0016e170       ?SetTexture@PanelQuad@@UAEXPAUnglTexture@@@Z 00969670 f   shell.o
632	VERIFIED	0002:0016e1f0       ?SetColor@PanelQuad@@UAEXVcolor32@@@Z 009696f0 f   shell.o
633	VERIFIED	0002:0016e2b0       ?SetColorNA@PanelQuad@@UAEXVcolor32@@@Z 009697b0 f   shell.o
634	VERIFIED	0002:0016e370       ?SetAlpha@PanelQuad@@UAEXM@Z 00969870 f   shell.o
635	VERIFIED	0002:0016e450       ?SetVisibility@PanelQuad@@UAEXM@Z 00969950 f   shell.o
636	VERIFIED	0002:0016e530       ?SetZvalueAbs@PanelQuad@@UAEXM@Z 00969a30 f   shell.o
637	VERIFIED	0002:0016e5c0       ?GetPos@PanelQuad@@UAEXQAM0@Z 00969ac0 f   shell.o
638	VERIFIED	0002:0016e6a0       ?Shift@PanelQuad@@UAEXMM@Z 00969ba0 f   shell.o
639	VERIFIED	0002:0016e7e0       ?ShiftXYInitial@PanelQuad@@UAEXMM@Z 00969ce0 f   shell.o
640	VERIFIED	0002:0016e8a0       ?SetXYInitialToCurrentPos@PanelQuad@@UAEXXZ 00969da0 f   shell.o
641	VERIFIED	0002:0016e940       ?FormatForSplitScreen@PanelQuad@@QAEXHH@Z 00969e40 f   shell.o
642	VERIFIED	0002:0016e9c0       ?MoveForSplitScreen@PanelQuad@@QAEXHH@Z 00969ec0 f   shell.o
643	VERIFIED	0002:0016ea40       ?FattenMeForWidescreen@PanelQuad@@QAEX_NM@Z 00969f40 f   shell.o
644	VERIFIED	0002:0016eb70       ?Animate@PanelQuad@@MAEXPAVMat43@math@@M@Z 0096a070 f   shell.o
645	VERIFIED	0002:0016ec40       ?GetMax@PanelQuad@@QAE?AUvector@Broc@@XZ 0096a140 f   shell.o
646	VERIFIED	0002:0016ef20       ?GetMin@PanelQuad@@QAE?AUvector@Broc@@XZ 0096a420 f   shell.o
647	VERIFIED	0002:0016f200       ?GetInitialMax@PanelQuad@@QAE?AUvector@Broc@@XZ 0096a700 f   shell.o
648	VERIFIED	0002:0016f490       ?GetInitialMin@PanelQuad@@QAE?AUvector@Broc@@XZ 0096a990 f   shell.o
649	VERIFIED	0002:0016f730       ?PostUnmashFixup@PanelFile@@QAEXW4panel_layer@@@Z 0096ac30 f   shell.o
650	VERIFIED	0002:0016f900       ?Draw@PanelFile@@QAEXXZ    0096ae00 f   shell.o
651	VERIFIED	0002:0016fa40       ?Update@PanelFile@@QAEXM@Z 0096af40 f   shell.o
652	VERIFIED	0002:0016fac0       ?UpdateWidescreen@PanelFile@@QAEX_NM@Z 0096afc0 f   shell.o
653	VERIFIED	0002:0016fbb0       ?UpdateSplitScreen@PanelFile@@QAEXHH@Z 0096b0b0 f   shell.o
654	VERIFIED	0002:0016fcb0       ?MoveSplitScreen@PanelFile@@QAEXHH@Z 0096b1b0 f   shell.o
655	VERIFIED	0002:0016fdb0       ?GetTextPointer@PanelFile@@QAEPAVFEText@@PBD@Z 0096b2b0 f   shell.o
656	VERIFIED	0002:0016fee0       ?ReadPanelMaterial@PanelFile@@QAEXAAVPanelMaterial@@PAEAAH@Z 0096b3e0 f   shell.o
657	VERIFIED	0002:0016ff80       ?FindPanelQuadByPointer@PanelFile@@QAEHPAVPanelQuad@@@Z 0096b480 f   shell.o
658	VERIFIED	0002:0016ffc0       ?FindFETextByPointer@PanelFile@@QAEHPAVFEText@@@Z 0096b4c0 f   shell.o
659	VERIFIED	0002:00170000       ?ReadMatrix3x4@@YAXAAVMat43@math@@PAEAAH@Z 0096b500 f   shell.o
660	VERIFIED	0002:00170180       ?movie_done@movie_manager@@SAX_N@Z 0096b680 f   shell.o
661	VERIFIED	0002:00170240       ?shut_down@movie_manager@@SAXXZ 0096b740 f   shell.o
662	VERIFIED	0002:00170260       ?render@subtitle_manager@@SAXXZ 0096b760 f   shell.o
663	VERIFIED	0002:00170390       ?Draw@FEText@@UAEX_N@Z     0096b890 f   shell.o
664	VERIFIED	0002:001706e0       ?GetWidth@FEText@@UAEMPBM@Z 0096bbe0 f   shell.o
665	VERIFIED	0002:00170910       ?GetHeight@FEText@@UAEMPBM@Z 0096be10 f   shell.o
666	VERIFIED	0002:00170980       ?Draw@MultiLineString@@QAEXMHHMMMM@Z 0096be80 f   shell.o
667	VERIFIED	0002:00170c20       ?GetWidth@MultiLineString@@SAMPBDMW4font_index@@@Z 0096c120 f   shell.o
668	VERIFIED	0002:00170ce0       ??1FEMultiLineText@@UAE@XZ 0096c1e0 f   shell.o
669	VERIFIED	0002:00170d60       ?Clone@FEMultiLineText@@UAEPAVFEText@@XZ 0096c260 f   shell.o
670	VERIFIED	0002:00170de0       ?Draw@FEMultiLineText@@UAEXHH@Z 0096c2e0 f   shell.o
671	VERIFIED	0002:00170f20       ?GetHeight@FEMultiLineText@@UAEMXZ 0096c420 f   shell.o
672	VERIFIED	0002:00170fa0       ?SetLineSpacing@FEMultiLineText@@UAEXH@Z 0096c4a0 f   shell.o
673	VERIFIED	0002:00171020       ?AdjustForJustification@FEMultiLineText@@AAEXXZ 0096c520 f   shell.o
674	VERIFIED	0002:00171300       ?AddOptionsToCombos@InGameOptionsMenu@@IAEXXZ 0096c800 f   shell.o
675	VERIFIED	0002:00171450       ?Update@InGameOptionsMenu@@UAEXM@Z 0096c950 f   shell.o
676	VERIFIED	0002:00171630       ?OnDeactivate@InGameOptionsMenu@@UAEXPAVFEMenu@@@Z 0096cb30 f   shell.o
677	VERIFIED	0002:00171640       ?SetTimerText@AARInGameOptionsMenu@@AAEXXZ 0096cb40 f   shell.o
678	VERIFIED	0002:001716d0       ?UpdateLoadingMenu@FEManager@@QAEXM@Z 0096cbd0 f   shell.o
679	VERIFIED	0002:00171720       ?LoadFont@FEManager@@QAEXW4font_index@@@Z 0096cc20 f   shell.o
680	VERIFIED	0002:00171770       ?Draw3DScreenSpace@FEManager@@QAEXXZ 0096cc70 f   shell.o
681	VERIFIED	0002:001717a0       ?DrawLoadingScreen@FEManager@@QAEXH@Z 0096cca0 f   shell.o
682	VERIFIED	0002:001718a0       ?DrawDiscError@FEManager@@QAEXXZ 0096cda0 f   shell.o
683	VERIFIED	0002:00171a30       ?DrawControllerError@FEManager@@QAEXXZ 0096cf30 f   shell.o
684	VERIFIED	0002:00171a80       ??0FEMenu@@QAE@XZ          0096cf80 f   shell.o
685	VERIFIED	0002:00171ae0       ??0FEMenu@@QAE@PAVFEMenuSystem@@HHHHH@Z 0096cfe0 f   shell.o
686	VERIFIED	0002:00171ba0       ?AddEntry@FEMenu@@UAEXHPAVFEText@@_N@Z 0096d0a0 f   shell.o
687	VERIFIED	0002:00171c70       ?SetHigh@FEMenu@@UAEXH_N@Z 0096d170 f   shell.o
688	VERIFIED	0002:00171d00       ?PlayNavigationSound@FEMenu@@UAEXXZ 0096d200 f   shell.o
689	VERIFIED	0002:00171d70       ??0FEMenuSystem@@QAE@HW4font_index@@@Z 0096d270 f   shell.o
690	VERIFIED	0002:00171df0       ?MakeActive@FEMenuSystem@@UAEXHH@Z 0096d2f0 f   shell.o
691	VERIFIED	0002:00171f20       ?UpdateWidescreen@FEMenu@@UAEX_N@Z 0096d420 f   shell.o
692	VERIFIED	0002:00171fb0       ?UpdateButtonPresses@FEMenuSystem@@UAEXXZ 0096d4b0 f   shell.o
693	VERIFIED	0002:001720e0       ??0FEComboBox@@QAE@PAVFEMenu@@FPAVFEText@@1PAVPanelQuad@@2@Z 0096d5e0 f   shell.o
694	VERIFIED	0002:00172230       ?PlayNavigationSound@FEComboBox@@QAEXXZ 0096d730 f   shell.o
695	VERIFIED	0002:001722b0       ??0FESlider@@QAE@PAVFEMenu@@PAVPanelQuad@@PAVFEText@@2@Z 0096d7b0 f   shell.o
696	VERIFIED	0002:00172350       ?AdjustBar@FESlider@@QAEXXZ 0096d850 f   shell.o
697	VERIFIED	0002:001723c0       ?PlayNavigationSound@FESlider@@QAEXXZ 0096d8c0 f   shell.o
698	VERIFIED	0002:00172440       ?MoveForSplitScreen@FESlider@@UAEXHH@Z 0096d940 f   shell.o
699	VERIFIED	0002:00172470       ?SetWidgets@FESlider@@QAEXPAVPanelQuad@@PAVFEText@@1@Z 0096d970 f   shell.o
700	VERIFIED	0002:001724b0       ??0FEDoubleEntry@@QAE@PAVFEMenu@@PAVFEText@@1@Z 0096d9b0 f   shell.o
701	VERIFIED	0002:00172520       ?AddSubItem@FEMenuListBox@@QAE?BIIABVstring@Broc@@@Z 0096da20 f   shell.o
702	VERIFIED	0002:001725b0       ?Draw@FEMenuListBox@@UAEXXZ 0096dab0 f   shell.o
703	VERIFIED	0002:001728f0       ?OnUp@FEMenuListBox@@UAEFXZ 0096ddf0 f   shell.o
704	VERIFIED	0002:00172970       ?OnDown@FEMenuListBox@@UAEFXZ 0096de70 f   shell.o
705	VERIFIED	0002:00172a00       ?SetCurrentSelection@FEMenuListBox@@QAEXH@Z 0096df00 f   shell.o
706	VERIFIED	0002:00172a60       ?GetCurrentSelection@FEMenuListBox@@QAE?BHXZ 0096df60 f   shell.o
707	VERIFIED	0002:00172a80       ?GetCurrentSelectionData@FEMenuListBox@@QAE?BHXZ 0096df80 f   shell.o
708	VERIFIED	0002:00172aa0       ??1FrontEndMenuSystem@@UAE@XZ 0096dfa0 f   shell.o
709	VERIFIED	0002:00172b10       ?Draw@FrontEndMenuSystem@@UAEXXZ 0096e010 f   shell.o
710	VERIFIED	0002:00172b60       ?Update@FrontEndMenuSystem@@UAEXM@Z 0096e060 f   shell.o
711	VERIFIED	0002:00172d10       ?SetPanelFile@FrontEndMenuSystem@@UAEXPAVPanelFile@@@Z 0096e210 f   shell.o
712	VERIFIED	0002:00172d70       ?Update@DialogMenuDisplay@@QAEXM@Z 0096e270 f   shell.o
713	VERIFIED	0002:00172e70       ?UpdateWidescreen@DialogMenuDisplay@@UAEX_N@Z 0096e370 f   shell.o
714	VERIFIED	0002:00172eb0       ?Draw@DialogMenuDisplay@@QAEXXZ 0096e3b0 f   shell.o
715	VERIFIED	0002:00172f80       ?SetPanelFileSplitScreen@DialogMenuDisplay@@AAEXPAVPanelFile@@@Z 0096e480 f   shell.o
716	VERIFIED	0002:00172ff0       ?OnUp@DialogMenuDisplay@@QAEXXZ 0096e4f0 f   shell.o
717	VERIFIED	0002:00173020       ?OnDown@DialogMenuDisplay@@QAEXXZ 0096e520 f   shell.o
718	VERIFIED	0002:00173050       ?HighlightEntry@DialogMenuDisplay@@QAEXH@Z 0096e550 f   shell.o
719	VERIFIED	0002:00173070       ?UpdateSplitScreen@DialogMenuDisplay@@QAEXXZ 0096e570 f   shell.o
720	VERIFIED	0002:001730b0       ?Update@DialogMenuSystem@@UAEXM@Z 0096e5b0 f   shell.o
721	VERIFIED	0002:00173160       ?OnButtonPress@DialogMenuSystem@@UAEXHH@Z 0096e660 f   shell.o
722	VERIFIED	0002:001731a0       ?HighlightOption@DialogMenuSystem@@QAEXH@Z 0096e6a0 f   shell.o
723	VERIFIED	0002:001731f0       ?MakeActive@DialogMenuSystem@@UAEXH@Z 0096e6f0 f   shell.o
724	VERIFIED	0002:00173230       ?UpdateSplitScreen@DialogMenuSystem@@UAEXXZ 0096e730 f   shell.o
725	VERIFIED	0002:00173270       ?OnUp@DialogMenu@@UAEXH@Z  0096e770 f   shell.o
726	VERIFIED	0002:001732d0       ?OnDown@DialogMenu@@UAEXH@Z 0096e7d0 f   shell.o
727	VERIFIED	0002:00173330       ?NewMenuActive@InGameMenuSystem@@MAEXXZ 0096e830 f   shell.o
728	VERIFIED	0002:00173360       ?GetPanelFileUsers@InGameMenuSystem@@QAE_NPBDAAV?$ae_sized_array@PAVPanelFileUser@@$0M@@@@Z 0096e860 f   shell.o
729	VERIFIED	0002:001736a0       ?DialogResponseContinue@MemCardCheckMenu@@SA_NH@Z 0096eba0 f   shell.o
730	VERIFIED	0002:001736c0       ?OnActivate@OptionsGameplayMenu@@UAEXXZ 0096ebc0 f   shell.o
731	VERIFIED	0002:00173810       ?Draw@OptionsGameplayMenu@@UAEXXZ 0096ed10 f   shell.o
732	VERIFIED	0002:00173840       ?UpdateWidescreen@OptionsGameplayMenu@@UAEX_N@Z 0096ed40 f   shell.o
733	VERIFIED	0002:00173880       ?OnTriangle@OptionsGameplayMenu@@UAEXH@Z 0096ed80 f   shell.o
734	VERIFIED	0002:00173900       ?Draw@OptionsControlsMenu@@UAEXXZ 0096ee00 f   shell.o
735	VERIFIED	0002:00173930       ?UpdateWidescreen@OptionsControlsMenu@@UAEX_N@Z 0096ee30 f   shell.o
736	VERIFIED	0002:00173980       ?AdjustGauge@OptionsControlsMenu@@AAEXPAVPanelQuad@@H@Z 0096ee80 f   shell.o
737	VERIFIED	0002:001739c0       ?OnTriangle@OptionsControlsMenu@@UAEXH@Z 0096eec0 f   shell.o
738	VERIFIED	0002:00173a90       ?Draw@OptionsSoundMenu@@UAEXXZ 0096ef90 f   shell.o
739	VERIFIED	0002:00173ac0       ?UpdateWidescreen@OptionsSoundMenu@@UAEX_N@Z 0096efc0 f   shell.o
740	VERIFIED	0002:00173b10       ?AdjustGauge@OptionsSoundMenu@@AAEXPAVPanelQuad@@H@Z 0096f010 f   shell.o
741	VERIFIED	0002:00173b40       ?OnTriangle@OptionsSoundMenu@@UAEXH@Z 0096f040 f   shell.o
742	VERIFIED	0002:00173b80       ?OnActivate@OptionsStickMenu@@UAEXXZ 0096f080 f   shell.o
743	VERIFIED	0002:00173bc0       ?Draw@OptionsStickMenu@@UAEXXZ 0096f0c0 f   shell.o
744	VERIFIED	0002:00173be0       ?UpdateWidescreen@OptionsStickMenu@@UAEX_N@Z 0096f0e0 f   shell.o
745	VERIFIED	0002:00173c30       ?OnTriangle@OptionsStickMenu@@UAEXH@Z 0096f130 f   shell.o
746	VERIFIED	0002:00173d40       ?Draw@OptionsButtonMenu@@UAEXXZ 0096f240 f   shell.o
747	VERIFIED	0002:00173d70       ?UpdateWidescreen@OptionsButtonMenu@@UAEX_N@Z 0096f270 f   shell.o
748	VERIFIED	0002:00173dc0       ?OnTriangle@OptionsButtonMenu@@UAEXH@Z 0096f2c0 f   shell.o
749	VERIFIED	0002:00173e20       ?GetButtonAction@OptionsButtonMenu@@AAEHH@Z 0096f320 f   shell.o
750	VERIFIED	0002:00173ed0       ?Draw@GammaScreenMenu@@UAEXXZ 0096f3d0 f   shell.o
751	VERIFIED	0002:00173ef0       ?AdjustGauge@GammaScreenMenu@@AAEXXZ 0096f3f0 f   shell.o
752	VERIFIED	0002:00173f20       ?OnActivate@GammaScreenMenu@@UAEXXZ 0096f420 f   shell.o
753	VERIFIED	0002:00173f80       ?UpdateWidescreen@GammaScreenMenu@@UAEX_N@Z 0096f480 f   shell.o
754	VERIFIED	0002:00173fc0       ?Draw@LoadingMenu@@UAEXXZ  0096f4c0 f   shell.o
755	VERIFIED	0002:00174010       ?PickTip@LoadingMenu@@QAEXXZ 0096f510 f   shell.o
756	VERIFIED	0002:00174230       ?UpdateWidescreen@LoadingMenu@@UAEX_N@Z 0096f730 f   shell.o
757	VERIFIED	0002:00174290       ?Draw@ControllerDisconnectedMenu@@UAEXXZ 0096f790 f   shell.o
758	VERIFIED	0002:001743a0       ?OnActivate@VKMenu@@UAEXXZ 0096f8a0 f   shell.o
759	VERIFIED	0002:00174420       ?OnDeactivate@VKMenu@@UAEXPAVFEMenu@@@Z 0096f920 f   shell.o
760	VERIFIED	0002:00174440       ?Draw@VKMenu@@UAEXXZ       0096f940 f   shell.o
761	VERIFIED	0002:00174490       ?PlaySound@VKMenu@@QAEXXZ  0096f990 f   shell.o
762	VERIFIED	0002:00174500       ?UpdateWidescreen@VKMenu@@UAEX_N@Z 0096fa00 f   shell.o
763	VERIFIED	0002:00174530       ?AddCharacter@VKMenu@@AAEXH@Z 0096fa30 f   shell.o
764	VERIFIED	0002:00174670       ?RemoveCharacter@VKMenu@@AAEXXZ 0096fb70 f   shell.o
765	VERIFIED	0002:00174730       ?Draw@ProfileMainMenu@@UAEXXZ 0096fc30 f   shell.o
766	VERIFIED	0002:00174760       ?UpdateWidescreen@ProfileMainMenu@@UAEX_N@Z 0096fc60 f   shell.o
767	VERIFIED	0002:001747d0       ?OnTriangle@ProfileMainMenu@@UAEXH@Z 0096fcd0 f   shell.o
768	VERIFIED	0002:001747f0       ?OnSelectionChange@ProfileMainMenu@@AAEXXZ 0096fcf0 f   shell.o
769	VERIFIED	0002:00174b00       ?DeleteDone@ProfileMainMenu@@SAXH@Z 00970000 f   shell.o
770	VERIFIED	0002:00174b40       ?Draw@ProfileEditMenu@@UAEXXZ 00970040 f   shell.o
771	VERIFIED	0002:00174b60       ?UpdateWidescreen@ProfileEditMenu@@UAEX_N@Z 00970060 f   shell.o
772	VERIFIED	0002:00174ba0       ?OnActivate@ProfileEditMenu@@UAEXH@Z 009700a0 f   shell.o
773	VERIFIED	0002:00174cd0       ?DialogResponseCancel@ProfileEditMenu@@CA_NH@Z 009701d0 f   shell.o
774	VERIFIED	0002:00174d30       ??0ProfileManager@@QAE@XZ  00970230 f   shell.o
775	VERIFIED	0002:00174d90       ?HasMemCard@ProfileManager@@QAE_NXZ 00970290 f   shell.o
776	VERIFIED	0002:00174db0       ?IsProfileNameUsed@ProfileManager@@QBE_NPBD@Z 009702b0 f   shell.o
777	VERIFIED	0002:00174e40       ?GetProfiles@ProfileManager@@QAEHQAPAUProfile@1@@Z 00970340 f   shell.o
778	VERIFIED	0002:00174ec0       ?FileExists@ProfileManager@@AAE_NXZ 009703c0 f   shell.o
779	VERIFIED	0002:00174ed0       ?EnoughFreeSpace@ProfileManager@@QAE_NXZ 009703d0 f   shell.o
780	VERIFIED	0002:00174f00       ?SetProfile@ProfileManager@@QAEXPAUSaveGameData@@@Z 00970400 f   shell.o
781	VERIFIED	0002:00174f40       ??0GameSettings@@QAE@XZ    00970440 f   shell.o
782	FIXED	0002:00175010       ?dashboard_reboot_to_free_blocks@GameSettings@@QAEXXZ 00970510 f   shell.o
783	VERIFIED	0002:001750a0       ?SEH_ReadCharFromString@@YAIPAPBDPAH@Z 009705a0 f   shell.o
784	VERIFIED	0002:00175200       ?SEH_PrintStrlen@@YAHPBD@Z 00970700 f   shell.o
785	VERIFIED	0002:00175370       ?SE_GetNumFlags@@YAHXZ     00970870 f   shell.o
786	VERIFIED	0002:001753a0       ?SetText@UIListBoxItem@UIListBox@@QAEXPBD@Z 009708a0 f   shell.o
787	VERIFIED	0002:00175460       ?SetSelected@UIListBoxItem@UIListBox@@QAEX_N0@Z 00970960 f   shell.o
788	VERIFIED	0002:00175580       ?SetColor@UIListBoxItem@UIListBox@@QAEXVcolor32@@0@Z 00970a80 f   shell.o
789	VERIFIED	0002:00175650       ?SetEnabled@UIListBoxItem@UIListBox@@QAEX_N@Z 00970b50 f   shell.o
790	VERIFIED	0002:001756b0       ?RemoveAllItems@UIListBox@@QAEXXZ 00970bb0 f   shell.o
791	VERIFIED	0002:00175750       ?Update@UIListBox@@UAEXM@Z 00970c50 f   shell.o
792	VERIFIED	0002:00175910       ?Draw@UIListBox@@UAEXXZ    00970e10 f   shell.o
793	VERIFIED	0002:00175990       ?SetItemState@UIListBox@@QAEXHHH@Z 00970e90 f   shell.o
794	VERIFIED	0002:00175a90       ?PlayNavigationSound@UIListBox@@IAEXXZ 00970f90 f   shell.o
795	VERIFIED	0002:00175b00       ?PageDown@UIListBox@@QAEXH@Z 00971000 f   shell.o
796	VERIFIED	0002:00175bc0       ?PageUp@UIListBox@@QAEXH@Z 009710c0 f   shell.o
797	VERIFIED	0002:00175c70       ?UpdateScrollBar@UIListBox@@IAEXXZ 00971170 f   shell.o
798	VERIFIED	0002:00175d40       ?SetAllColumnsSelectable@UIListBox@@QAEX_N@Z 00971240 f   shell.o
799	VERIFIED	0002:00175dc0       ?ClearHighlights@UIHighlightListBox@@QAEXXZ 009712c0 f   shell.o
800	VERIFIED	0002:00175e40       ?UpdateHighlight@UIHighlightListBox@@IAEXXZ 00971340 f   shell.o
801	VERIFIED	0002:00175f90       ?SaveHighlightRowColor@UIHighlightListBox@@IAEXXZ 00971490 f   shell.o
802	VERIFIED	0002:001760c0       ?CheckIfLocalPlayer@UIPlayerListBox@@IAEXH@Z 009715c0 f   shell.o
803	VERIFIED	0002:001761f0       ?Update@IGOFrontEnd@@UAEXM@Z 009716f0 f   shell.o
804	VERIFIED	0002:00176550       ?Draw@IGOStanceWidget@@UAEXXZ 00971a50 f   shell.o
805	VERIFIED	0002:00176650       ?UpdateWidescreen@IGOStanceWidget@@UAEX_NM@Z 00971b50 f   shell.o
806	VERIFIED	0002:001766b0       ?Update@IGOHealthWidget@@UAEXM@Z 00971bb0 f   shell.o
807	VERIFIED	0002:00176890       ?UpdateWidescreen@IGOHealthWidget@@UAEX_NM@Z 00971d90 f   shell.o
808	VERIFIED	0002:001768f0       ?Update@IGOHQProgressBarWidget@@UAEXM@Z 00971df0 f   shell.o
809	VERIFIED	0002:00176b70       ?UpdateWidescreen@IGOHQProgressBarWidget@@UAEX_NM@Z 00972070 f   shell.o
810	VERIFIED	0002:00176bd0       ?UpdateSplitScreen@IGOHQProgressBarWidget@@UAEXHH@Z 009720d0 f   shell.o
811	VERIFIED	0002:00176c40       ?UpdateWidescreen@IGORaiseFlagWidget@@UAEX_NM@Z 00972140 f   shell.o
812	VERIFIED	0002:00176c70       ?Init@IGOTimerWidget@@UAEXPAVPanelFile@@@Z 00972170 f   shell.o
813	VERIFIED	0002:00176d00       ?UpdateWidescreen@IGOInGameScoreWidget@@UAEX_NM@Z 00972200 f   shell.o
814	VERIFIED	0002:00176d30       ?UpdateWidescreen@IGOAmmoWidget@@UAEX_NM@Z 00972230 f   shell.o
815	VERIFIED	0002:00176d70       ?UpdateWidescreen@IGOGrenadeWidget@@UAEX_NM@Z 00972270 f   shell.o
816	VERIFIED	0002:00176df0       ?UpdateWidescreen@IGOGrenadeCookWidget@@UAEX_NM@Z 009722f0 f   shell.o
817	VERIFIED	0002:00176e40       ?UpdateSplitScreen@IGOGrenadeCookWidget@@UAEXHH@Z 00972340 f   shell.o
818	VERIFIED	0002:00176e90       ?UpdateWidescreen@IGOWeaponNameWidget@@UAEX_NM@Z 00972390 f   shell.o
819	VERIFIED	0002:00176ec0       ?Update@IGOActionHintWidget@@UAEXM@Z 009723c0 f   shell.o
820	VERIFIED	0002:00177170       ?UpdateWidescreen@IGOTankHealthWidget@@UAEX_NM@Z 00972670 f   shell.o
821	VERIFIED	0002:001771b0       ?UpdateWidescreen@IGOTankLoadingWidget@@UAEX_NM@Z 009726b0 f   shell.o
822	VERIFIED	0002:001771e0       ?UpdateWidescreen@IGOTankReticleWidget@@UAEX_NM@Z 009726e0 f   shell.o
823	VERIFIED	0002:00177230       ?UpdateSplitScreen@IGOTankReticleWidget@@UAEXHH@Z 00972730 f   shell.o
824	VERIFIED	0002:00177280       ?UpdateWidescreen@IGORankWidget@@UAEX_NM@Z 00972780 f   shell.o
825	VERIFIED	0002:001772c0       ?UpdateWidescreen@IGOVoteWidget@@UAEX_NM@Z 009727c0 f   shell.o
826	VERIFIED	0002:001772d0       ?Draw@IGOSpecialWeaponWidget@@UAEXXZ 009727d0 f   shell.o
827	VERIFIED	0002:001774b0       ?UpdateWidescreen@IGOSpecialWeaponWidget@@UAEX_NM@Z 009729b0 f   shell.o
828	VERIFIED	0002:001774f0       ?DrawFlag@IGOWarStatusWidget@@QAEXHHHHHHM@Z 009729f0 f   shell.o
829	VERIFIED	0002:00177640       ?UpdateWidescreen@IGOWarStatusWidget@@UAEX_NM@Z 00972b40 f   shell.o
830	VERIFIED	0002:00177890       ?UpdateWidescreen@IGOTankIconWidget@@UAEX_NM@Z 00972d90 f   shell.o
831	VERIFIED	0002:00177970       ?UpdateSplitScreen@IGOCompassWidget@@UAEXHH@Z 00972e70 f   shell.o
832	VERIFIED	0002:00177a10       ?UpdateWidescreen@IGOCompassWidget@@UAEX_NM@Z 00972f10 f   shell.o
833	VERIFIED	0002:00177aa0       ?CalculateMapObject@IGOCompassWidget@@AAEXPAVIGOMapObject@@MMM_N@Z 00972fa0 f   shell.o
834	VERIFIED	0002:00177c40       ?UpdateWidescreen@IGOJeepMapWidget@@UAEX_NM@Z 00973140 f   shell.o
835	VERIFIED	0002:00177c70       ?UpdateWidescreen@IGOHintWidget@@UAEX_NM@Z 00973170 f   shell.o
836	VERIFIED	0002:00177cd0       ?UpdateWidescreen@IGOGrenadeIndicator@@UAEX_NM@Z 009731d0 f   shell.o
837	VERIFIED	0002:00177d00       ?UpdateWidescreen@IGOHeadIcons@@UAEX_NM@Z 00973200 f   shell.o
838	VERIFIED	0002:00177d30       ?UpdateSplitScreen@IGOHeadIcons@@UAEXHH@Z 00973230 f   shell.o
839	VERIFIED	0002:00177d60       ?UpdateWidescreen@IGORowboatWidget@@UAEX_NM@Z 00973260 f   shell.o
840	VERIFIED	0002:00177d90       ?UpdateWidescreen@IGOItemIcons@@UAEX_NM@Z 00973290 f   shell.o
841	VERIFIED	0002:00177dc0       ?UpdateSplitScreen@IGOItemIcons@@UAEXHH@Z 009732c0 f   shell.o
842	VERIFIED	0002:00177df0       ?SetPos@PanelQuad@@UAEXQAM0@Z 009732f0 f   shell.o
843	VERIFIED	0002:00178250       ?ResetToInitialXY@PanelQuad@@UAEXXZ 00973750 f   shell.o
844	VERIFIED	0002:001783d0       ??0PanelFile@@QAE@XZ       009738d0 f   shell.o
845	VERIFIED	0002:001783f0       ?render@movie_manager@@SAXXZ 009738f0 f   shell.o
846	VERIFIED	0002:00178430       ?render2@movie_manager@@SA?AW4nvlFrameState@@XZ 00973930 f   shell.o
847	VERIFIED	0002:00178460       ?play_subtitle@subtitle_manager@@SA_NPBDPAD@Z 00973960 f   shell.o
848	VERIFIED	0002:001788c0       ?frame_advance@subtitle_manager@@SAXH@Z 00973dc0 f   shell.o
849	VERIFIED	0002:00178910       ?GetStringWidth@MultiLineString@@SAMPBDW4font_index@@MM@Z 00973e10 f   shell.o
850	VERIFIED	0002:00178ab0       ?ParseForButtons@MultiLineString@@AAEXMM@Z 00973fb0 f   shell.o
851	VERIFIED	0002:00178da0       ??0FEMultiLineText@@QAE@W4font_index@@MMHW4panel_layer@@MHHVcolor32@@@Z 009742a0 f   shell.o
852	VERIFIED	0002:00178ed0       ?SetScaleAdjustButtons@FEMultiLineText@@UAEXMM@Z 009743d0 f   shell.o
853	VERIFIED	0002:00178fc0       ?SetPos@FEMultiLineText@@UAEXMM@Z 009744c0 f   shell.o
854	VERIFIED	0002:00179010       ?Animate@FEMultiLineText@@MAEXPAVMat43@math@@M@Z 00974510 f   shell.o
855	VERIFIED	0002:001791d0       ?SetHigh@InGameOptionsMenu@@MAEXH_N@Z 009746d0 f   shell.o
856	VERIFIED	0002:00179240       ?Update@AARInGameOptionsMenu@@UAEXM@Z 00974740 f   shell.o
857	VERIFIED	0002:00179260       ?UpdateButtonFontForLanguage@FEManager@@QAEXXZ 00974760 f   shell.o
858	VERIFIED	0002:001792e0       ?FindFont@FEManager@@QAE?AW4font_index@@PBD_N@Z 009747e0 f   shell.o
859	VERIFIED	0002:00179450       ?ReleaseFrontEnd@FEManager@@QAEXXZ 00974950 f   shell.o
860	VERIFIED	0002:00179490       ?GetFont@FEManager@@QAEPAVnglFont@@W4font_index@@M@Z 00974990 f   shell.o
861	VERIFIED	0002:001794d0       ?GetPanelFileUsers@FEManager@@IAEXPBDAAV?$ae_sized_array@PAVPanelFileUser@@$0M@@@@Z 009749d0 f   shell.o
862	VERIFIED	0002:00179c70       ??0FEMenuEntry@@QAE@PBDPAVFEMenu@@_NW4font_index@@H@Z 00975170 f   shell.o
863	VERIFIED	0002:00179da0       ?AddEntry@FEMenu@@UAEXHPBD@Z 009752a0 f   shell.o
864	VERIFIED	0002:00179e60       ?AddComboBox@FEMenu@@UAEPAVFEComboBox@@HHPAVFEText@@PAVPanelQuad@@1@Z 00975360 f   shell.o
865	VERIFIED	0002:00179f30       ?AddComboBox@FEMenu@@UAEPAVFEComboBox@@HHPAVFEText@@0PAVPanelQuad@@1@Z 00975430 f   shell.o
866	VERIFIED	0002:0017a000       ?AddSlider@FEMenu@@UAEPAVFESlider@@HPAVPanelQuad@@PAVFEText@@@Z 00975500 f   shell.o
867	VERIFIED	0002:0017a0d0       ?AddSlider@FEMenu@@UAEPAVFESlider@@HPAVFEText@@0@Z 009755d0 f   shell.o
868	VERIFIED	0002:0017a1a0       ?AddDoubleEntry@FEMenu@@UAEPAVFEDoubleEntry@@HPAVFEText@@0@Z 009756a0 f   shell.o
869	VERIFIED	0002:0017a260       ?OnLeft@FEComboBox@@UAEFXZ 00975760 f   shell.o
870	VERIFIED	0002:0017a310       ?OnRight@FEComboBox@@UAEFXZ 00975810 f   shell.o
871	VERIFIED	0002:0017a3c0       ?OnLeft@FESlider@@UAEFXZ   009758c0 f   shell.o
872	VERIFIED	0002:0017a3f0       ?OnRight@FESlider@@UAEFXZ  009758f0 f   shell.o
873	VERIFIED	0002:0017a420       ?Clear@FEMenuListBox@@QAEXXZ 00975920 f   shell.o
874	VERIFIED	0002:0017a470       ?CountDown@DialogMenuSystem@@AAEXM@Z 00975970 f   shell.o
875	VERIFIED	0002:0017a570       ?Draw@DialogMenuSystem@@UAEXXZ 00975a70 f   shell.o
876	VERIFIED	0002:0017a640       ?SetState@DialogMenuSystem@@QAEXW4eState@1@@Z 00975b40 f   shell.o
877	VERIFIED	0002:0017a690       ?DefaultYesResponse@DialogMenuSystem@@SA_NH@Z 00975b90 f   shell.o
878	VERIFIED	0002:0017a6f0       ?Activate@MemCardCheckMenu@@AAEXXZ 00975bf0 f   shell.o
879	VERIFIED	0002:0017a730       ?Update@MemCardCheckMenu@@UAEXM@Z 00975c30 f   shell.o
880	VERIFIED	0002:0017a7a0       ?SetDefaultOptions@OptionsControlsMenu@@AAEXXZ 00975ca0 f   shell.o
881	VERIFIED	0002:0017a980       ?AdjustOptions@OptionsControlsMenu@@AAEX_N@Z 00975e80 f   shell.o
882	VERIFIED	0002:0017ab10       ?SetDefaultOptions@OptionsSoundMenu@@AAEXXZ 00976010 f   shell.o
883	VERIFIED	0002:0017ab60       ?AdjustOptions@OptionsSoundMenu@@AAEX_N@Z 00976060 f   shell.o
884	VERIFIED	0002:0017acd0       ?ReadControllerConfig@OptionsButtonMenu@@AAEXXZ 009761d0 f   shell.o
885	VERIFIED	0002:0017ad20       ?SetPanelFile@ControllerDisconnectedMenu@@UAEXPAVPanelFile@@@Z 00976220 f   shell.o
886	VERIFIED	0002:0017ae20       ?OnActivate@ProfileMainMenu@@UAEXH@Z 00976320 f   shell.o
887	VERIFIED	0002:0017ae50       ?LoadProfilesDone@ProfileMainMenu@@QAEXXZ 00976350 f   shell.o
888	VERIFIED	0002:0017afd0       ?SetPanelFile@ProfileEditMenu@@UAEXPAVPanelFile@@@Z 009764d0 f   shell.o
889	VERIFIED	0002:0017b130       ?DialogDisplayFormatting@ProfileManager@@AAEXXZ 00976630 f   shell.o
890	VERIFIED	0002:0017b1c0       ?DialogDisplayNoMemDevice@ProfileManager@@AAEXXZ 009766c0 f   shell.o
891	VERIFIED	0002:0017b250       ?DialogResponseFreeMoreBlocks@ProfileManager@@CA_NH@Z 00976750 f   shell.o
892	VERIFIED	0002:0017b260       ?DialogDisplayAutoSave@ProfileManager@@AAEXXZ 00976760 f   shell.o
893	VERIFIED	0002:0017b380       ?save@GameSettings@@QAE?AW4eStatus@MemoryUnitManager@@XZ 00976880 f   shell.o
894	VERIFIED	0002:0017b520       ?del@GameSettings@@QAE?AW4eStatus@MemoryUnitManager@@H@Z 00976a20 f   shell.o
895	VERIFIED	0002:0017b670       ?load@GameSettings@@QAE?AW4eStatus@MemoryUnitManager@@H@Z 00976b70 f   shell.o
896	VERIFIED	0002:0017b7b0       ?load_all@GameSettings@@QAE?AW4eStatus@MemoryUnitManager@@QAPAUSaveGameData@@@Z 00976cb0 f   shell.o
897	VERIFIED	0002:0017b8c0       ?GetCurrentReference_ParseOnly@CStringEdPackage@@AAEPBDXZ 00976dc0 f   shell.o
898	VERIFIED	0002:0017b8d0       ?SetRowEnabled@UIListBox@@QAEXH_N@Z 00976dd0 f   shell.o
899	VERIFIED	0002:0017b960       ?SetColumnStateCount@UIListBox@@QAEXHH@Z 00976e60 f   shell.o
900	VERIFIED	0002:0017bba0       ?SetItem@UIListBox@@QAEXHHPAVFEText@@H@Z 009770a0 f   shell.o
901	VERIFIED	0002:0017bcb0       ?SetItem@UIListBox@@QAEXHHPAVPanelQuad@@H@Z 009771b0 f   shell.o
902	VERIFIED	0002:0017bdc0       ?SetText@UIListBox@@QAEXHHPBD@Z 009772c0 f   shell.o
903	VERIFIED	0002:0017bf00       ?MoveUp@UIListBox@@IAEFH@Z 00977400 f   shell.o
904	VERIFIED	0002:0017bff0       ?MoveDown@UIListBox@@IAEFH@Z 009774f0 f   shell.o
905	VERIFIED	0002:0017c0e0       ?DeselectRow@UIListBox@@IAEXXZ 009775e0 f   shell.o
906	VERIFIED	0002:0017c180       ?SelectRow@UIListBox@@IAEXXZ 00977680 f   shell.o
907	VERIFIED	0002:0017c220       ?RestoreHighlightRowColor@UIHighlightListBox@@IAEXXZ 00977720 f   shell.o
908	VERIFIED	0002:0017c2f0       ?ColorHighlightRow@UIHighlightListBox@@IAEXXZ 009777f0 f   shell.o
909	VERIFIED	0002:0017c390       ?SetEntryColor@UIHighlightListBox@@QAEXHHVcolor32@@0@Z 00977890 f   shell.o
910	VERIFIED	0002:0017c400       ?SetPlayerID@UIPlayerListBox@@QAEXHH@Z 00977900 f   shell.o
911	VERIFIED	0002:0017c480       ?SetPlayerXUID@UIPlayerListBox@@QAEXHU_XUID@@@Z 00977980 f   shell.o
912	VERIFIED	0002:0017c510       ?Update@IGOAmmoWidget@@UAEXM@Z 00977a10 f   shell.o
913	VERIFIED	0002:0017c920       ?GetPlayersTank@@YA?AV?$DbLinkedHandle@VEntityHandleDb@@VEntity@@@@XZ 00977e20 f   shell.o
914	VERIFIED	0002:0017ca30       ?Update@IGOTankHealthWidget@@UAEXM@Z 00977f30 f   shell.o
915	VERIFIED	0002:0017caf0       ?Update@IGOTankLoadingWidget@@UAEXM@Z 00977ff0 f   shell.o
916	VERIFIED	0002:0017cb40       ?Update@IGOTankReticleWidget@@UAEXM@Z 00978040 f   shell.o
917	VERIFIED	0002:0017cc90       ?Draw@IGOWarStatusWidget@@UAEXXZ 00978190 f   shell.o
918	VERIFIED	0002:0017cdf0       ?Update@IGOTankIconWidget@@UAEXM@Z 009782f0 f   shell.o
919	VERIFIED	0002:0017d0a0       ?UpdateFriendlies@IGOCompassWidget@@AAEXXZ 009785a0 f   shell.o
920	VERIFIED	0002:0017d5f0       ?UpdateEnemies@IGOCompassWidget@@AAEXXZ 00978af0 f   shell.o
921	VERIFIED	0002:0017d880       ?UpdateObjectives@IGOCompassWidget@@AAEXXZ 00978d80 f   shell.o
922	VERIFIED	0002:0017dad0       ?UpdateTanks@IGOCompassWidget@@AAEXXZ 00978fd0 f   shell.o
923	FIXED	0002:0017df40       ?DrawVehcile@IGOCompassWidget@@AAEXXZ 00979440 f   shell.o
924	VERIFIED	0002:0017e020       ?UpdateObjectivesABS@IGOCompassWidget@@AAEXXZ 00979520 f   shell.o
925	VERIFIED	0002:0017e230       ?UpdateEnemiesABS@IGOCompassWidget@@AAEXXZ 00979730 f   shell.o
926	VERIFIED	0002:0017e4f0       ?UpdateTanksABS@IGOCompassWidget@@AAEXXZ 009799f0 f   shell.o
927	VERIFIED	0002:0017e9a0       ?Update@IGOGrenadeIndicator@@UAEXM@Z 00979ea0 f   shell.o
928	VERIFIED	0002:0017eaa0       ?Draw@IGOGrenadeIndicator@@UAEXXZ 00979fa0 f   shell.o
929	VERIFIED	0002:0017ebe0       ?AddActiveGrenade@IGOGrenadeIndicator@@QAEXPBVEntity@@@Z 0097a0e0 f   shell.o
930	VERIFIED	0002:0017ec90       ?Update@IGOHeadIcons@@UAEXM@Z 0097a190 f   shell.o
931	VERIFIED	0002:0017f070       ?Draw@IGOHeadIcons@@UAEXXZ 0097a570 f   shell.o
932	VERIFIED	0002:0017f680       ?Update@IGOVoipList@@UAEXM@Z 0097ab80 f   shell.o
933	VERIFIED	0002:0017f780       ??0PanelQuad@@QAE@XZ       0097ac80 f   shell.o
934	VERIFIED	0002:0017f840       ??0PanelQuad@@QAE@PAD@Z    0097ad40 f   shell.o
935	VERIFIED	0002:0017f930       ?CopyFrom@PanelQuad@@UAEXPBV1@@Z 0097ae30 f   shell.o
936	VERIFIED	0002:0017fac0       ?Init@PanelQuad@@UAEXQAUvector@Broc@@QAVcolor32@@W4panel_layer@@MPBD@Z 0097afc0 f   shell.o
937	VERIFIED	0002:0017fc10       ?Load@PanelQuad@@UAEXPAVPanelMaterial@@PAEAAHPBVMat43@math@@@Z 0097b110 f   shell.o
938	VERIFIED	0002:00180450       ?Clone@PanelQuad@@SAPAV1@PAV1@@Z 0097b950 f   shell.o
939	VERIFIED	0002:001804c0       ?Cleanup@PanelFile@@AAEXXZ 0097b9c0 f   shell.o
940	VERIFIED	0002:001805b0       ?Clone@PanelFile@@QAEPAV1@XZ 0097bab0 f   shell.o
941	VERIFIED	0002:00180770       ?LoadPanelObject@PanelFile@@QAEXPAEAAHPBVMat43@math@@PBDF@Z 0097bc70 f   shell.o
942	VERIFIED	0002:001808e0       ?LoadPanelText@PanelFile@@QAEXPAEAAHPBVMat43@math@@PBDF@Z 0097bde0 f   shell.o
943	VERIFIED	0002:00180cf0       ?LoadPanelText2@PanelFile@@QAEXPAEAAHPBVMat43@math@@PBDF@Z 0097c1f0 f   shell.o
944	VERIFIED	0002:00181330       ?frame_advance@movie_manager@@SAXXZ 0097c830 f   shell.o
945	VERIFIED	0002:001813b0       ?Set@MultiLineString@@QAEXPBDW4font_index@@MM@Z 0097c8b0 f   shell.o
946	VERIFIED	0002:00181500       ?SetTextNoLocalize@FEMultiLineText@@UAEXPBD@Z 0097ca00 f   shell.o
947	VERIFIED	0002:00181710       ?SetTextAllocNoLocalize@FEMultiLineText@@UAEXPBDH@Z 0097cc10 f   shell.o
948	VERIFIED	0002:001818e0       ?MakeBox@FEMultiLineText@@AAEHPBDHHMM_N@Z 0097cde0 f   shell.o
949	VERIFIED	0002:00181d60       ?SetFont@FEManager@@QAEXPAVnglFont@@PBD@Z 0097d260 f   shell.o
950	VERIFIED	0002:00181e00       ?HandlePanelFilePointer@FEManager@@QAEXPBDPAVPanelFile@@W4TPakId@@@Z 0097d300 f   shell.o
951	VERIFIED	0002:00181f00       ?FEManagerSetFont@@YAXPAVnglFont@@PBD@Z 0097d400 f   shell.o
952	VERIFIED	0002:00181f20       ?Cleanup@FEMenu@@QAEXXZ    0097d420 f   shell.o
953	VERIFIED	0002:00181ff0       ?AddListBoxEntry@FEMenu@@UAEPAVFEMenuListBox@@HPAVFEText@@H@Z 0097d4f0 f   shell.o
954	VERIFIED	0002:001820b0       ?PlayNavigationSoundWait@FEMenu@@UAEXXZ 0097d5b0 f   shell.o
955	VERIFIED	0002:00182180       ??1FEComboBox@@UAE@XZ      0097d680 f   shell.o
956	VERIFIED	0002:00182270       ??1FESlider@@UAE@XZ        0097d770 f   shell.o
957	VERIFIED	0002:00182330       ?AddItem@FEMenuListBox@@QAE?BIABVstring@Broc@@H@Z 0097d830 f   shell.o
958	VERIFIED	0002:001823b0       ?BringUp@DialogMenuSystem@@QAEXPBD_N101@Z 0097d8b0 f   shell.o
959	VERIFIED	0002:001824c0       ?DialogDisplayNotifyAutoSave@MemCardCheckMenu@@QAEXXZ 0097d9c0 f   shell.o
960	VERIFIED	0002:00182610       ?DialogResponseNotifyAutoSave@MemCardCheckMenu@@SA_NH@Z 0097db10 f   shell.o
961	VERIFIED	0002:00182630       ?OnActivate@OptionsControlsMenu@@UAEXH@Z 0097db30 f   shell.o
962	VERIFIED	0002:00182770       ?OnActivate@OptionsSoundMenu@@UAEXXZ 0097dc70 f   shell.o
963	VERIFIED	0002:001828f0       ?OnActivate@OptionsButtonMenu@@UAEXXZ 0097ddf0 f   shell.o
964	VERIFIED	0002:00182950       ?DialogDisplaySaving@VKMenu@@QAEXXZ 0097de50 f   shell.o
965	VERIFIED	0002:00182a20       ?DialogDisplaySaveSuccess@VKMenu@@QAEXXZ 0097df20 f   shell.o
966	VERIFIED	0002:00182b70       ?DialogDisplayNoMemDevice@VKMenu@@QAEXXZ 0097e070 f   shell.o
967	VERIFIED	0002:00182cc0       ?DialogDisplayProfileLoadSuccess@ProfileMainMenu@@SAXH@Z 0097e1c0 f   shell.o
968	VERIFIED	0002:00182e10       ?Format@ProfileManager@@QAEXXZ 0097e310 f   shell.o
969	VERIFIED	0002:00182e90       ?DialogDisplayLoading@ProfileManager@@AAEXXZ 0097e390 f   shell.o
970	VERIFIED	0002:00182f40       ?DialogDisplayDeleting@ProfileManager@@AAEXXZ 0097e440 f   shell.o
971	VERIFIED	0002:00182ff0       ?DialogDisplaySaving@ProfileManager@@AAEXXZ 0097e4f0 f   shell.o
972	VERIFIED	0002:001830b0       ?DialogDisplayOverwriting@ProfileManager@@AAEXXZ 0097e5b0 f   shell.o
973	VERIFIED	0002:00183170       ?DialogDisplaySaveDone@ProfileManager@@AAEXXZ 0097e670 f   shell.o
974	VERIFIED	0002:001832d0       ?DialogDisplayDeleteDone@ProfileManager@@AAEXXZ 0097e7d0 f   shell.o
975	VERIFIED	0002:00183420       ?DialogDisplayNoData@ProfileManager@@AAEXXZ 0097e920 f   shell.o
976	VERIFIED	0002:00183570       ?DialogDisplayOverwrite@ProfileManager@@AAEXXZ 0097ea70 f   shell.o
977	VERIFIED	0002:00183700       ?DialogDisplayNoFreeSpace@ProfileManager@@AAEXXZ 0097ec00 f   shell.o
978	VERIFIED	0002:001838a0       ?DialogDisplayLoadFailed@ProfileManager@@AAEXXZ 0097eda0 f   shell.o
979	VERIFIED	0002:001839f0       ?DialogDisplaySaveFailed@ProfileManager@@AAEXXZ 0097eef0 f   shell.o
980	VERIFIED	0002:00183b50       ?DialogDisplayDeleteFailed@ProfileManager@@AAEXXZ 0097f050 f   shell.o
981	VERIFIED	0002:00183ca0       ?DialogDisplayFormatFailed@ProfileManager@@AAEXXZ 0097f1a0 f   shell.o
982	VERIFIED	0002:00183e90       ?SE_GetFlagName@@YAPBDH@Z  0097f390 f   shell.o
983	VERIFIED	0002:00183ef0       ?SE_GetLanguageName@@YAPBDH@Z 0097f3f0 f   shell.o
984	VERIFIED	0002:00183f50       ?SE_GetLanguageDir@@YAPBDH@Z 0097f450 f   shell.o
985	VERIFIED	0002:00183fc0       ?Clear@UIListBox@@UAEXXZ   0097f4c0 f   shell.o
986	VERIFIED	0002:00184050       ?ClearRow@UIListBox@@UAEXH@Z 0097f550 f   shell.o
987	VERIFIED	0002:00184150       ?ResizeDataRows@UIListBox@@QAEXH@Z 0097f650 f   shell.o
988	VERIFIED	0002:00184290       ?OnUp@UIListBox@@UAEFH@Z   0097f790 f   shell.o
989	VERIFIED	0002:00184340       ?OnDown@UIListBox@@UAEFH@Z 0097f840 f   shell.o
990	VERIFIED	0002:001843f0       ?SelectLine@UIListBox@@UAEXH@Z 0097f8f0 f   shell.o
991	VERIFIED	0002:001844a0       ?SelectLine@UIListBox@@MAEXHH@Z 0097f9a0 f   shell.o
992	VERIFIED	0002:00184520       ?Refresh@UIListBox@@UAEXXZ 0097fa20 f   shell.o
993	VERIFIED	0002:001849b0       ?Clear@UIHighlightListBox@@UAEXXZ 0097feb0 f   shell.o
994	VERIFIED	0002:001849d0       ?Refresh@UIHighlightListBox@@UAEXXZ 0097fed0 f   shell.o
995	VERIFIED	0002:00184a00       ?Clear@UIPlayerListBox@@UAEXXZ 0097ff00 f   shell.o
996	VERIFIED	0002:00184ab0       ?ClearRow@UIPlayerListBox@@UAEXH@Z 0097ffb0 f   shell.o
997	VERIFIED	0002:00184af0       ?AddActiveGrenade@IGOFrontEnd@@QAEXPBVEntity@@@Z 0097fff0 f   shell.o
998	VERIFIED	0002:00184b00       ??0IGOWeaponNameWidget@@QAE@H@Z 00980000 f   shell.o
999	VERIFIED	0002:00184bf0       ?Update@IGOCompassWidget@@UAEXM@Z 009800f0 f   shell.o
1000	VERIFIED	0002:00184e90       ?Draw@IGOCompassWidget@@UAEXXZ 00980390 f   shell.o
1001	VERIFIED	0002:00184f70       ??1PanelQuad@@UAE@XZ       00980470 f   shell.o
1002	VERIFIED	0002:00185070       ??0FloatingPQ@@QAE@PAD@Z   00980570 f   shell.o
1003	VERIFIED	0002:001850e0       ?LoadPanelGeom@PanelFile@@QAEXPAEAAHPBVMat43@math@@@Z 009805e0 f   shell.o
1004	VERIFIED	0002:001853b0       ?load_movie@movie_manager@@SA_NPBD0@Z 009808b0 f   shell.o
1005	VERIFIED	0002:00185640       ?PakLoadCallback@movie_manager@@SAXM@Z 00980b40 f   shell.o
1006	VERIFIED	0002:00185690       ?continue_playing_wait_for_keypress@movie_manager@@SAXXZ 00980b90 f   shell.o
1007	VERIFIED	0002:001857c0       ?SetTextBoxNoLocalize@FEMultiLineText@@UAEXVstring@Broc@@HM@Z 00980cc0 f   shell.o
1008	VERIFIED	0002:00185930       ?SetTextBoxAllocNoLocalize@FEMultiLineText@@UAEXVstring@Broc@@HM@Z 00980e30 f   shell.o
1009	VERIFIED	0002:00185b00       ?OnTriangle@InGameOptionsMenu@@UAEXH@Z 00981000 f   shell.o
1010	VERIFIED	0002:00185e10       ?OnTriangle@AARInGameOptionsMenu@@UAEXH@Z 00981310 f   shell.o
1011	VERIFIED	0002:00186150       ??1FEMenu@@UAE@XZ          00981650 f   shell.o
1012	VERIFIED	0002:001861b0       ??0FEMultiMenu@@QAE@PAVFEMenuSystem@@HH@Z 009816b0 f   shell.o
1013	VERIFIED	0002:001862a0       ??1DialogMenuDisplay@@QAE@XZ 009817a0 f   shell.o
1014	VERIFIED	0002:001862e0       ?PanelFileUnloaded@DialogMenuDisplay@@UAEXPAVPanelFile@@@Z 009817e0 f   shell.o
1015	VERIFIED	0002:00186340       ??0DialogMenu@@QAE@PAVFEMenuSystem@@@Z 00981840 f   shell.o
1016	VERIFIED	0002:001863f0       ??0MemCardCheckMenu@@QAE@PAVFEMenuSystem@@@Z 009818f0 f   shell.o
1017	VERIFIED	0002:00186430       ??1MemCardCheckMenu@@UAE@XZ 00981930 f   shell.o
1018	VERIFIED	0002:00186440       ?DialogDisplayNoMemCard@MemCardCheckMenu@@QAEXXZ 00981940 f   shell.o
1019	VERIFIED	0002:001865d0       ?DialogDisplayNoFreeSpace@MemCardCheckMenu@@QAEXXZ 00981ad0 f   shell.o
1020	VERIFIED	0002:00186760       ?DialogResponseRetry@MemCardCheckMenu@@SA_NH@Z 00981c60 f   shell.o
1021	VERIFIED	0002:00186800       ??0OptionsGameplayMenu@@QAE@PAVFEMenuSystem@@@Z 00981d00 f   shell.o
1022	VERIFIED	0002:001868c0       ??1OptionsGameplayMenu@@UAE@XZ 00981dc0 f   shell.o
1023	VERIFIED	0002:00186950       ??0OptionsControlsMenu@@QAE@PAVFEMenuSystem@@@Z 00981e50 f   shell.o
1024	VERIFIED	0002:00186a30       ??1OptionsControlsMenu@@UAE@XZ 00981f30 f   shell.o
1025	VERIFIED	0002:00186ac0       ??0OptionsSoundMenu@@QAE@PAVFEMenuSystem@@@Z 00981fc0 f   shell.o
1026	VERIFIED	0002:00186b80       ??1OptionsSoundMenu@@UAE@XZ 00982080 f   shell.o
1027	VERIFIED	0002:00186c10       ??0OptionsStickMenu@@QAE@PAVFEMenuSystem@@@Z 00982110 f   shell.o
1028	VERIFIED	0002:00186c70       ??1OptionsStickMenu@@UAE@XZ 00982170 f   shell.o
1029	VERIFIED	0002:00186ce0       ??0OptionsButtonMenu@@QAE@PAVFEMenuSystem@@@Z 009821e0 f   shell.o
1030	VERIFIED	0002:00186d40       ??1OptionsButtonMenu@@UAE@XZ 00982240 f   shell.o
1031	VERIFIED	0002:00186db0       ??0GammaScreenMenu@@QAE@PAVFEMenuSystem@@@Z 009822b0 f   shell.o
1032	VERIFIED	0002:00186e20       ??1GammaScreenMenu@@UAE@XZ 00982320 f   shell.o
1033	VERIFIED	0002:00186e90       ??0LoadingMenu@@QAE@PAVFEMenuSystem@@@Z 00982390 f   shell.o
1034	VERIFIED	0002:00186ff0       ??1LoadingMenu@@UAE@XZ     009824f0 f   shell.o
1035	VERIFIED	0002:00187080       ?PanelFileUnloaded@LoadingMenu@@UAEXPAVPanelFile@@@Z 00982580 f   shell.o
1036	VERIFIED	0002:001871c0       ??0ControllerDisconnectedMenu@@QAE@XZ 009826c0 f   shell.o
1037	VERIFIED	0002:00187220       ??0ProfileMainMenu@@QAE@PAVFEMenuSystem@@@Z 00982720 f   shell.o
1038	VERIFIED	0002:001872c0       ??1ProfileMainMenu@@UAE@XZ 009827c0 f   shell.o
1039	VERIFIED	0002:001873a0       ?DialogDisplayProfileLoading@ProfileMainMenu@@QAEXH@Z 009828a0 f   shell.o
1040	VERIFIED	0002:001874a0       ??0ProfileEditMenu@@QAE@PAVFEMenuSystem@@@Z 009829a0 f   shell.o
1041	VERIFIED	0002:00187530       ??1ProfileEditMenu@@UAE@XZ 00982a30 f   shell.o
1042	VERIFIED	0002:001875b0       ?EnumProfiles@ProfileManager@@QAEXQAPAUSaveGameData@@@Z 00982ab0 f   shell.o
1043	VERIFIED	0002:001876f0       ?DeleteProfile@ProfileManager@@QAEXH@Z 00982bf0 f   shell.o
1044	VERIFIED	0002:00187860       ?DeleteCorruptSave@ProfileManager@@QAEXXZ 00982d60 f   shell.o
1045	VERIFIED	0002:00187910       ?DialogResponseDeleteCorruptSave@ProfileManager@@CA_NH@Z 00982e10 f   shell.o
1046	VERIFIED	0002:00187930       ?DialogResponseConfirmFormat@ProfileManager@@CA_NH@Z 00982e30 f   shell.o
1047	VERIFIED	0002:001879e0       ?DialogResponseFormat@ProfileManager@@CA_NH@Z 00982ee0 f   shell.o
1048	VERIFIED	0002:00187a00       ?Load@PanelFile@@QAE_NPBDPAEH@Z 00982f00 f   shell.o
1049	VERIFIED	0002:00187af0       ?load_and_play_movie@movie_manager@@SAXPBD0@Z 00982ff0 f   shell.o
1050	VERIFIED	0002:00187c90       ??0FEManager@@QAE@XZ       00983190 f   shell.o
1051	FIXED	0002:00187d90       ?GetDefaultPQ@FEManager@@QAEPAVPanelQuad@@XZ 00983290 f   shell.o
1052	VERIFIED	0002:00187f00       ?DecodePanel@@YAXPBDPAEHW4TPakId@@PAVPakFile@@@Z 00983400 f   shell.o
1053	VERIFIED	0002:00187f60       ?UnloadBank@FEManager@@QAEXW4TPakId@@@Z 00983460 f   shell.o
1054	VERIFIED	0002:001880c0       ??0DialogMenuSystem@@QAE@H@Z 009835c0 f   shell.o
1055	VERIFIED	0002:001881d0       ??1DialogMenuSystem@@UAE@XZ 009836d0 f   shell.o
1056	VERIFIED	0002:001882a0       ??0VKMenu@@QAE@PAVFEMenuSystem@@@Z 009837a0 f   shell.o
1057	VERIFIED	0002:001882f0       ??1VKMenu@@UAE@XZ          009837f0 f   shell.o
1058	VERIFIED	0002:00188300       ?LoadSelectedProfile@ProfileMainMenu@@AAEX_N@Z 00983800 f   shell.o
1059	VERIFIED	0002:00188370       ?EnumProfiles@ProfileManager@@QAEXQAPAUSaveGameData@@P6AXH@Z@Z 00983870 f   shell.o
1060	VERIFIED	0002:001883f0       ?DeleteProfile@ProfileManager@@QAEXHP6AXH@Z@Z 009838f0 f   shell.o
1061	VERIFIED	0002:00188470       ?DialogDisplayCorruptData@ProfileManager@@AAEXXZ 00983970 f   shell.o
1062	VERIFIED	0002:00188600       ?DialogDisplayFormat@ProfileManager@@AAEXXZ 00983b00 f   shell.o
1063	VERIFIED	0002:00188790       ?GetPointer@PanelFile@@QAEPAVPanelQuad@@PBD@Z 00983c90 f   shell.o
1064	VERIFIED	0002:001888c0       ?FindAnimObject@PanelFile@@QAEPAVPanelAnimObject@@PBD@Z 00983dc0 f   shell.o
1065	VERIFIED	0002:00188900       ?SetPanelFileMain@InGameOptionsMenu@@IAEXPAVPanelFile@@@Z 00983e00 f   shell.o
1066	VERIFIED	0002:00188e70       ?SetPanelFileSplitScreen@InGameOptionsMenu@@IAEXPAVPanelFile@@@Z 00984370 f   shell.o
1067	VERIFIED	0002:00189200       ?UpdateSplitScreenOptions@InGameOptionsMenu@@IAEXH@Z 00984700 f   shell.o
1068	VERIFIED	0002:00189690       ?OnUp@InGameOptionsMenu@@UAEXH@Z 00984b90 f   shell.o
1069	VERIFIED	0002:00189720       ?OnDown@InGameOptionsMenu@@UAEXH@Z 00984c20 f   shell.o
1070	VERIFIED	0002:001897b0       ?SetPanelFile@AARInGameOptionsMenu@@UAEXPAVPanelFile@@@Z 00984cb0 f   shell.o
1071	VERIFIED	0002:001897e0       ?OnActivate@AARInGameOptionsMenu@@UAEXXZ 00984ce0 f   shell.o
1072	VERIFIED	0002:001898a0       ?InitDialogMenuSystem@FEManager@@QAEXXZ 00984da0 f   shell.o
1073	VERIFIED	0002:00189900       ??0FrontEndMenuSystem@@QAE@XZ 00984e00 f   shell.o
1074	VERIFIED	0002:0018a030       ?SetPanelFileMain@DialogMenuDisplay@@AAEXPAVPanelFile@@@Z 00985530 f   shell.o
1075	VERIFIED	0002:0018a0b0       ??0InGameMenuSystem@@QAE@H@Z 009855b0 f   shell.o
1076	VERIFIED	0002:0018a440       ?SetPanelFile@OptionsGameplayMenu@@UAEXPAVPanelFile@@@Z 00985940 f   shell.o
1077	VERIFIED	0002:0018a6a0       ?SetPanelFile@OptionsControlsMenu@@UAEXPAVPanelFile@@@Z 00985ba0 f   shell.o
1078	VERIFIED	0002:0018a890       ?SetPanelFile@OptionsSoundMenu@@UAEXPAVPanelFile@@@Z 00985d90 f   shell.o
1079	VERIFIED	0002:0018ab30       ?SetPanelFile@OptionsStickMenu@@UAEXPAVPanelFile@@@Z 00986030 f   shell.o
1080	VERIFIED	0002:0018acb0       ?SetPanelFile@OptionsButtonMenu@@UAEXPAVPanelFile@@@Z 009861b0 f   shell.o
1081	VERIFIED	0002:0018ae20       ?SetPanelFile@GammaScreenMenu@@UAEXPAVPanelFile@@@Z 00986320 f   shell.o
1082	VERIFIED	0002:0018afb0       ?OnActivate@LoadingMenu@@UAEXXZ 009864b0 f   shell.o
1083	VERIFIED	0002:0018b120       ?SetPanelFile@LoadingMenu@@UAEXPAVPanelFile@@@Z 00986620 f   shell.o
1084	VERIFIED	0002:0018b740       ?SetPanelFile@VKMenu@@UAEXPAVPanelFile@@@Z 00986c40 f   shell.o
1085	VERIFIED	0002:0018b960       ?SetPanelFile@ProfileMainMenu@@UAEXPAVPanelFile@@@Z 00986e60 f   shell.o
1086	VERIFIED	0002:0018bb10       ?Select@ProfileMainMenu@@UAEXH@Z 00987010 f   shell.o
1087	VERIFIED	0002:0018bbb0       ?DialogResponseDeleteConfirm@ProfileMainMenu@@SA_NH@Z 009870b0 f   shell.o
1088	VERIFIED	0002:0018bc40       ?EnumProfilesDone@ProfileManager@@QAEX_N@Z 00987140 f   shell.o
1089	VERIFIED	0002:0018be30       ?CreateProfile@ProfileManager@@QAEXH@Z 00987330 f   shell.o
1090	VERIFIED	0002:0018bff0       ?SaveProfile@ProfileManager@@AAEXXZ 009874f0 f   shell.o
1091	VERIFIED	0002:0018c120       ?SetScrollBarFromPanelFile@UIListBox@@QAEXPAVPanelFile@@@Z 00987620 f   shell.o
1092	VERIFIED	0002:0018c250       ?Init@IGOStanceWidget@@UAEXPAVPanelFile@@@Z 00987750 f   shell.o
1093	VERIFIED	0002:0018c330       ?Init@IGOHealthWidget@@UAEXPAVPanelFile@@@Z 00987830 f   shell.o
1094	VERIFIED	0002:0018c410       ?Init@IGOHQProgressBarWidget@@UAEXPAVPanelFile@@@Z 00987910 f   shell.o
1095	VERIFIED	0002:0018c4d0       ?Init@IGORaiseFlagWidget@@UAEXPAVPanelFile@@@Z 009879d0 f   shell.o
1096	VERIFIED	0002:0018c540       ?Init@IGOInGameScoreWidget@@UAEXPAVPanelFile@@@Z 00987a40 f   shell.o
1097	VERIFIED	0002:0018c660       ?Init@IGOAmmoWidget@@UAEXPAVPanelFile@@@Z 00987b60 f   shell.o
1098	VERIFIED	0002:0018c730       ?Init@IGOGrenadeWidget@@UAEXPAVPanelFile@@@Z 00987c30 f   shell.o
1099	VERIFIED	0002:0018c8d0       ?Init@IGOGrenadeCookWidget@@UAEXPAVPanelFile@@@Z 00987dd0 f   shell.o
1100	VERIFIED	0002:0018cab0       ?Init@IGOTankHealthWidget@@UAEXPAVPanelFile@@@Z 00987fb0 f   shell.o
1101	VERIFIED	0002:0018cb00       ?Init@IGOTankLoadingWidget@@UAEXPAVPanelFile@@@Z 00988000 f   shell.o
1102	VERIFIED	0002:0018cb50       ?Init@IGOTankReticleWidget@@UAEXPAVPanelFile@@@Z 00988050 f   shell.o
1103	VERIFIED	0002:0018cd00       ?Init@IGORankWidget@@UAEXPAVPanelFile@@@Z 00988200 f   shell.o
1104	VERIFIED	0002:0018cd70       ?Init@IGOVoteWidget@@UAEXPAVPanelFile@@@Z 00988270 f   shell.o
1105	VERIFIED	0002:0018cde0       ?Init@IGOSpecialWeaponWidget@@UAEXPAVPanelFile@@@Z 009882e0 f   shell.o
1106	VERIFIED	0002:0018ce70       ?Init@IGOWarStatusWidget@@UAEXPAVPanelFile@@@Z 00988370 f   shell.o
1107	VERIFIED	0002:0018dd10       ?Init@IGOTankIconWidget@@UAEXPAVPanelFile@@@Z 00989210 f   shell.o
1108	VERIFIED	0002:0018dfa0       ?Init@IGOCompassWidget@@QAEXPAVPanelFile@@_N@Z 009894a0 f   shell.o
1109	VERIFIED	0002:0018e250       ?Init@IGOJeepMapWidget@@UAEXPAVPanelFile@@@Z 00989750 f   shell.o
1110	VERIFIED	0002:0018e2e0       ?Init@IGOHintWidget@@UAEXPAVPanelFile@@@Z 009897e0 f   shell.o
1111	VERIFIED	0002:0018e5e0       ?SetWeaponsPQs@IGOHintWidget@@QAEXPAVPanelFile@@0@Z 00989ae0 f   shell.o
1112	VERIFIED	0002:0018e780       ?Init@IGOGrenadeIndicator@@UAEXPAVPanelFile@@@Z 00989c80 f   shell.o
1113	VERIFIED	0002:0018e8a0       ?Init@IGOHeadIcons@@UAEXPAVPanelFile@@@Z 00989da0 f   shell.o
1114	VERIFIED	0002:0018e980       ?Init@IGORowboatWidget@@UAEXPAVPanelFile@@@Z 00989e80 f   shell.o
1115	VERIFIED	0002:0018ea40       ?Init@IGOItemIcons@@UAEXPAVPanelFile@@@Z 00989f40 f   shell.o
1116	VERIFIED	0002:0018eb00       ??1IGOVoipList@@UAE@XZ     0098a000 f   shell.o
1117	VERIFIED	0002:0018eb50       ?Init@IGOVoipList@@UAEXPAVPanelFile@@@Z 0098a050 f   shell.o
1118	VERIFIED	0002:0018ebc0       ?HideQuad@PanelFile@@QAEXPBD@Z 0098a0c0 f   shell.o
1119	VERIFIED	0002:0018ec10       ?SetQuadVisible@PanelFile@@QAEXPBD_N@Z 0098a110 f   shell.o
1120	VERIFIED	0002:0018ec60       ?SetPanelFile@InGameOptionsMenu@@UAEXPAVPanelFile@@@Z 0098a160 f   shell.o
1121	VERIFIED	0002:0018ecb0       ?SwapMenus@InGameOptionsMenu@@MAEXXZ 0098a1b0 f   shell.o
1122	VERIFIED	0002:0018ecd0       ?LoadFrontEnd@FEManager@@QAEXXZ 0098a1d0 f   shell.o
1123	VERIFIED	0002:0018ed70       ?LoadInGameMenus@FEManager@@QAEXXZ 0098a270 f   shell.o
1124	VERIFIED	0002:0018ee00       ?SetPanelFile@DialogMenuDisplay@@UAEXPAVPanelFile@@@Z 0098a300 f   shell.o
1125	VERIFIED	0002:0018ee50       ?CreateProfileDone@VKMenu@@QAEXXZ 0098a350 f   shell.o
1126	VERIFIED	0002:0018ee70       ?DialogResponseDelete@ProfileMainMenu@@SA_NH@Z 0098a370 f   shell.o
1127	VERIFIED	0002:0018efc0       ?CreateProfile@ProfileManager@@QAEXHP6AXH@Z@Z 0098a4c0 f   shell.o
1128	VERIFIED	0002:0018f040       ?Retry@ProfileManager@@QAEXXZ 0098a540 f   shell.o
1129	VERIFIED	0002:0018f130       ?SaveProfile@ProfileManager@@QAEXP6AXH@Z_N@Z 0098a630 f   shell.o
1130	VERIFIED	0002:0018f1b0       ?DialogResponseRetry@ProfileManager@@CA_NH@Z 0098a6b0 f   shell.o
1131	VERIFIED	0002:0018f1c0       ?DialogResponseConfirmCreateSave@ProfileManager@@CA_NH@Z 0098a6c0 f   shell.o
1132	VERIFIED	0002:0018f1f0       ?DialogResponseOverwrite@ProfileManager@@CA_NH@Z 0098a6f0 f   shell.o
1133	VERIFIED	0002:0018f220       ?SetupNewFileParse@CStringEdPackage@@QAEXPBDH@Z 0098a720 f   shell.o
1134	VERIFIED	0002:0018f2e0       ?ConvertCRLiterals_Read@CStringEdPackage@@AAEPBDPBD@Z 0098a7e0 f   shell.o
1135	VERIFIED	0002:0018f3e0       ?InsideQuotes@CStringEdPackage@@AAEPBDPBD@Z 0098a8e0 f   shell.o
1136	VERIFIED	0002:0018f5b0       ?GetFlagMask@CStringEdPackage@@QAEHPBD@Z 0098aab0 f   shell.o
1137	VERIFIED	0002:0018f670       ?SetString@CStringEdPackage@@AAEXPBD0H@Z 0098ab70 f   shell.o
1138	VERIFIED	0002:0018f850       ?SE_GetString@@YAPBDPBDH@Z 0098ad50 f   shell.o
1139	VERIFIED	0002:0018f950       ?SE_GetFlags@@YAHPBD@Z     0098ae50 f   shell.o
1140	VERIFIED	0002:0018fa00       ?SE_GetFlagMask@@YAHPBD@Z  0098af00 f   shell.o
1141	VERIFIED	0002:0018fb30       ?SE_BuildFileList@@YAHPBDAAV?$basic_string@DU?$char_traits@D@std@@V?$allocator@D@2@@std@@@Z 0098b030 f   shell.o
1142	FIXED	0002:0018fb70       ??0UIListBox@@QAE@HHH_N@Z  0098b070 f   shell.o
1143	VERIFIED	0002:0018ff60       ??0UIHighlightListBox@@QAE@HHH_N@Z 0098b460 f   shell.o
1144	VERIFIED	0002:00190020       ??0UIPlayerListBox@@QAE@HHH_N@Z 0098b520 f   shell.o
1145	VERIFIED	0002:001900f0       ?SetPanelFile@IGOFrontEnd@@UAEXPAVPanelFile@@@Z 0098b5f0 f   shell.o
1146	VERIFIED	0002:00190460       ?UpdateAfterWeaponsLoaded@IGOFrontEnd@@QAEXXZ 0098b960 f   shell.o
1147	VERIFIED	0002:00190480       ??0IGOVoipList@@QAE@H@Z    0098b980 f   shell.o
1148	VERIFIED	0002:001904e0       ?CompleteName@VKMenu@@AAEXXZ 0098b9e0 f   shell.o
1149	VERIFIED	0002:00190560       ?DialogDisplayProfileSelected@ProfileMainMenu@@QAEXXZ 0098ba60 f   shell.o
1150	VERIFIED	0002:001906b0       ?DialogResponseSave@ProfileEditMenu@@CA_NH@Z 0098bbb0 f   shell.o
1151	VERIFIED	0002:00190720       ?DialogDisplayFormatSuccess@ProfileManager@@AAEXXZ 0098bc20 f   shell.o
1152	VERIFIED	0002:00190870       ?DialogDisplayCreateSave@ProfileManager@@AAEXXZ 0098bd70 f   shell.o
1153	VERIFIED	0002:00190a00       ?SE_GetString@@YAPBDPBD0H@Z 0098bf00 f   shell.o
1154	VERIFIED	0002:00190a40       ?SE_GetFlags@@YAHPBD0@Z    0098bf40 f   shell.o
1155	FIXED	0002:00190a80       ??0IGOFrontEnd@@QAE@XZ     0098bf80 f   shell.o
1156	VERIFIED	0002:001910c0       ?InitIGO@FEManager@@QAEXXZ 0098c5c0 f   shell.o
1157	VERIFIED	0002:00191130       ?Select@VKMenu@@UAEXH@Z    0098c630 f   shell.o
1158	VERIFIED	0002:001911a0       ?OnSquare@ProfileMainMenu@@UAEXH@Z 0098c6a0 f   shell.o
1159	VERIFIED	0002:00191200       ?DialogDisplayConfirmSave@ProfileEditMenu@@AAEXXZ 0098c700 f   shell.o
1160	VERIFIED	0002:00191390       ?FinishOperation@ProfileManager@@AAEXXZ 0098c890 f   shell.o
1161	VERIFIED	0002:001915c0       ?Update@ProfileManager@@QAEXXZ 0098cac0 f   shell.o
1162	VERIFIED	0002:001915f0       ?Update@VKMenu@@UAEXM@Z    0098caf0 f   shell.o
1163	VERIFIED	0002:00191720       ?OnTriangle@ProfileEditMenu@@UAEXH@Z 0098cc20 f   shell.o
1164	VERIFIED	0002:00191790       ?Clear@CStringEdPackage@@QAEXH@Z 0098cc90 f   shell.o
1165	VERIFIED	0002:00191850       ?SE_NewLanguage@@YAXXZ     0098cd50 f   shell.o
1166	VERIFIED	0002:001918c0       ?SE_Init@@YAXXZ            0098cdc0 f   shell.o
1167	VERIFIED	0002:001918d0       ?SE_ShutDown@@YAXXZ        0098cdd0 f   shell.o
1168	VERIFIED	0002:001918e0       ?SEH_UpdateLanguageInfo@@YAXXZ 0098cde0 f   shell.o
1169	VERIFIED	0002:00191950       ?SEH_Init_StringEd@@YAXXZ  0098ce50 f   shell.o
1170	VERIFIED	0002:00191960       ?SEH_Shutdown_StringEd@@YAXXZ 0098ce60 f   shell.o
1171	VERIFIED	0002:00191970       ?SEH_Restart_StringEd@@YAXXZ 0098ce70 f   shell.o
1172	VERIFIED	0002:00191980       ?AddEntry@CStringEdPackage@@AAEXPBD@Z 0098ce80 f   shell.o
1173	VERIFIED	0002:00191b40       ?AddFlagReference@CStringEdPackage@@AAEXPBD0@Z 0098d040 f   shell.o
1174	FIXED	0002:00191d00       ?ParseLine@CStringEdPackage@@QAEPBDPBD@Z 0098d200 f   shell.o
1175	VERIFIED	0002:00192060       ?DecodeStringTable@@YAXPBDPAEHW4TPakId@@@Z 0098d560 f   shell.o
1176	VERIFIED	0002:001921e0       ?SE_Load@@YAPBDPBDH@Z      0098d6e0 f   shell.o
1177	VERIFIED	0002:00192270       ?SE_GetNumLanguages@@YAHXZ 0098d770 f   shell.o
1178	VERIFIED	0002:00192670       ?SE_LoadLanguage@@YAPBDPBDH@Z 0098db70 f   shell.o
1179	FIXED	0002:001a1200       ??0SCheckpointGameVar@@QAE@XZ 0099c700 f i shell.o
1180	FIXED	0002:001a1210       ??0SEntitySaveInfo@@QAE@XZ 0099c710 f i shell.o
1181	PENDING	0002:001a1240       ?TextOut@XFONT@@QAGJPAUD3DSurface@@PBGIJJ@Z 0099c740 f i shell.o
1182	VERIFIED	0002:001a1250       ?GetHandle@LiveWrapper@@SAPAV1@XZ 0099c750 f i shell.o
1183	VERIFIED	0002:001a1260       ?GetLocalPlayer@MPLiveEngine@@QAEPAVLivePlayer@@XZ 0099c760 f i shell.o
1184	VERIFIED	0002:001a1270       ?button_pressed_clear_all@controller@@QAEXXZ 0099c770 f i shell.o
1185	FIXED	0002:001a12d0       ?GetLerpOrigin@EntityState@@QBE?BVPosition3@math@@XZ 0099c7d0 f i shell.o
1186	FIXED	0002:001a1300       ??0vector@Broc@@QAE@MM@Z   0099c800 f i shell.o
1187	FIXED	0002:001a1330       ??Yvector@Broc@@QAEAAU01@ABU01@@Z 0099c830 f i shell.o
1188	FIXED	0002:001a1380       ??8vector@Broc@@QBE_NABU01@@Z 0099c880 f i shell.o
1189	FIXED	0002:001a13d0       ??HBroc@@YA?AUvector@0@ABU10@0@Z 0099c8d0 f i shell.o
1190	FIXED	0002:001a1420       ??GBroc@@YA?AUvector@0@ABU10@0@Z 0099c920 f i shell.o
1191	FIXED	0002:001a1470       ??KBroc@@YA?AUvector@0@ABU10@M@Z 0099c970 f i shell.o
1192	FIXED	0002:001a14c0       ?IsMedic@@YA_NH@Z          0099c9c0 f i shell.o
1193	FIXED	0002:001a14e0       ??0color32@@QAE@EEEE@Z     0099c9e0 f i shell.o
1194	FIXED	0002:001a1510       ?get_red@color32@@QBEEXZ   0099ca10 f i shell.o
1195	FIXED	0002:001a1520       ?get_green@color32@@QBEEXZ 0099ca20 f i shell.o
1196	FIXED	0002:001a1530       ?get_blue@color32@@QBEEXZ  0099ca30 f i shell.o
1197	FIXED	0002:001a1540       ?get_alpha@color32@@QBEEXZ 0099ca40 f i shell.o
1198	FIXED	0002:001a1550       ?set_alpha@color32@@QAEXE@Z 0099ca50 f i shell.o
1199	FIXED	0002:001a1560       ??4color32@@QAEABV0@ABV0@@Z 0099ca60 f i shell.o
1200	FIXED	0002:001a1580       ??0PanelAnimObject@@QAE@XZ 0099ca80 f i shell.o
1201	VERIFIED	0002:001a15a0       ??1PanelAnimObject@@UAE@XZ 0099caa0 f i shell.o
1202	FIXED	0002:001a15b0       ?SetZvalueAbs@PanelAnimObject@@UAEXM@Z 0099cab0 f i shell.o
1203	FIXED	0002:001a15d0       ?GetZvalue@PanelAnimObject@@UAEMXZ 0099cad0 f i shell.o
1204	FIXED	0002:001a15e0       ?GetY@PanelAnimObject@@UAEMXZ 0099cae0 f i shell.o
1205	FIXED	0002:001a15f0       ?SetPAOFlag@PanelAnimObject@@QAEXH_N@Z 0099caf0 f i shell.o
1206	FIXED	0002:001a1630       ?GetPAOFlag@PanelAnimObject@@QAE_NH@Z 0099cb30 f i shell.o
1207	VERIFIED	0002:001a1650       ??_GPanelAnimObject@@UAEPAXI@Z 0099cb50 f i shell.o
1208	VERIFIED	0002:001a1650       ??_EPanelAnimObject@@UAEPAXI@Z 0099cb50 f i shell.o
1209	VERIFIED	0002:001a1680       ?SetColor@FETextFlashInfo@@QAEXVcolor32@@@Z 0099cb80 f i shell.o
1210	VERIFIED	0002:001a1690       ?SetPeriod@FETextFlashInfo@@QAEXM@Z 0099cb90 f i shell.o
1211	VERIFIED	0002:001a16b0       ??0FEText@@QAE@XZ          0099cbb0 f i shell.o
1212	VERIFIED	0002:001a1830       ?Draw@FEText@@UAEXXZ       0099cd30 f i shell.o
1213	VERIFIED	0002:001a1840       ?AddedToMenu@FEText@@UAEX_N@Z 0099cd40 f i shell.o
1214	VERIFIED	0002:001a1860       ?IsOnMenu@FEText@@UAE_NXZ  0099cd60 f i shell.o
1215	VERIFIED	0002:001a1870       ?IsMultiLineObject@FEText@@UAE_NXZ 0099cd70 f i shell.o
1216	VERIFIED	0002:001a1880       ?SetInitialXY@FEText@@QAEXUvector@Broc@@@Z 0099cd80 f i shell.o
1217	VERIFIED	0002:001a18b0       ?SetFont@FEText@@UAEXW4font_index@@@Z 0099cdb0 f i shell.o
1218	VERIFIED	0002:001a18c0       ?SetEvenNumberSpacing@FEText@@UAEX_N@Z 0099cdc0 f i shell.o
1219	VERIFIED	0002:001a18e0       ?SetScale@FEText@@UAEXM@Z  0099cde0 f i shell.o
1220	VERIFIED	0002:001a1950       ?SetScale@FEText@@UAEXMM@Z 0099ce50 f i shell.o
1221	VERIFIED	0002:001a19d0       ?SetScaleMenuItem@FEText@@UAEXMM@Z 0099ced0 f i shell.o
1222	VERIFIED	0002:001a1a50       ?SetScaleInit@FEText@@UAEXMM@Z 0099cf50 f i shell.o
1223	VERIFIED	0002:001a1aa0       ?SetName@FEText@@UAEXPBD@Z 0099cfa0 f i shell.o
1224	VERIFIED	0002:001a1ab0       ?Shift@FEText@@UAEXMM@Z    0099cfb0 f i shell.o
1225	VERIFIED	0002:001a1af0       ?ShiftXYInitial@FEText@@UAEXUvector@Broc@@@Z 0099cff0 f i shell.o
1226	VERIFIED	0002:001a1b40       ?SetTextNoLocalize@FEText@@UAEXPBD@Z 0099d040 f i shell.o
1227	VERIFIED	0002:001a1b50       ?SetPos@FEText@@UAEXMM@Z   0099d050 f i shell.o
1228	VERIFIED	0002:001a1ba0       ?SetX@FEText@@UAEXM@Z      0099d0a0 f i shell.o
1229	VERIFIED	0002:001a1bc0       ?SetY@FEText@@UAEXM@Z      0099d0c0 f i shell.o
1230	FIXED	0002:001a1be0       ?SetAlpha@FEText@@UAEXM@Z  0099d0e0 f i shell.o
1231	VERIFIED	0002:001a1c10       ?SetPanelTextIndex@FEText@@UAEXH@Z 0099d110 f i shell.o
1232	VERIFIED	0002:001a1c20       ?SetColor@FEText@@UAEXVcolor32@@@Z 0099d120 f i shell.o
1233	VERIFIED	0002:001a1c30       ?SetColorMenuItem@FEText@@UAEXVcolor32@@0@Z 0099d130 f i shell.o
1234	VERIFIED	0002:001a1c50       ?GetName@FEText@@UAE?AVstring@Broc@@XZ 0099d150 f i shell.o
1235	VERIFIED	0002:001a1c80       ?GetText@FEText@@UAE?AVstring@Broc@@XZ 0099d180 f i shell.o
1236	VERIFIED	0002:001a1cb0       ?GetScaleX@FEText@@UBEMXZ  0099d1b0 f i shell.o
1237	VERIFIED	0002:001a1cc0       ?GetScaleInitX@FEText@@UBEMXZ 0099d1c0 f i shell.o
1238	VERIFIED	0002:001a1cd0       ?GetScaleInitY@FEText@@UBEMXZ 0099d1d0 f i shell.o
1239	VERIFIED	0002:001a1ce0       ?GetScaleY@FEText@@UBEMXZ  0099d1e0 f i shell.o
1240	VERIFIED	0002:001a1cf0       ?GetEvenNumberSpacing@FEText@@UBE_NXZ 0099d1f0 f i shell.o
1241	VERIFIED	0002:001a1d00       ?GetFont@FEText@@UAE?AW4font_index@@XZ 0099d200 f i shell.o
1242	VERIFIED	0002:001a1d10       ?GetColor@FEText@@UAE?AVcolor32@@XZ 0099d210 f i shell.o
1243	VERIFIED	0002:001a1d30       ?GetUnselectedColor@FEText@@UAE?AVcolor32@@XZ 0099d230 f i shell.o
1244	VERIFIED	0002:001a1d50       ?GetFlags@FEText@@UAEHXZ   0099d250 f i shell.o
1245	VERIFIED	0002:001a1d60       ?GetHJustify@FEText@@UAEHXZ 0099d260 f i shell.o
1246	VERIFIED	0002:001a1d70       ?GetVJustify@FEText@@UAEHXZ 0099d270 f i shell.o
1247	VERIFIED	0002:001a1d80       ?GetLineNum@FEText@@UAEHXZ 0099d280 f i shell.o
1248	VERIFIED	0002:001a1d90       ?GetX@FEText@@UAEMXZ       0099d290 f i shell.o
1249	VERIFIED	0002:001a1da0       ?GetY@FEText@@UAEMXZ       0099d2a0 f i shell.o
1250	VERIFIED	0002:001a1db0       ?GetFlag@FEText@@UAE_NH@Z  0099d2b0 f i shell.o
1251	VERIFIED	0002:001a1dd0       ?SetFlag@FEText@@UAEXH_N@Z 0099d2d0 f i shell.o
1252	VERIFIED	0002:001a1e00       ?UpdateInScene@FEText@@UAEX_N@Z 0099d300 f i shell.o
1253	VERIFIED	0002:001a1e10       ?SetLineSpacing@FEText@@UAEXH@Z 0099d310 f i shell.o
1254	VERIFIED	0002:001a1e20       ?ResetLineSpacing@FEText@@UAEXXZ 0099d320 f i shell.o
1255	VERIFIED	0002:001a1e30       ?SetLocation3D@FEText@@UAEXUvector@Broc@@@Z 0099d330 f i shell.o
1256	VERIFIED	0002:001a1e40       ?SetBehaviorNF@FEText@@UAEXMM@Z 0099d340 f i shell.o
1257	VERIFIED	0002:001a1e50       ?SetBehavior@FEText@@UAEX_N@Z 0099d350 f i shell.o
1258	VERIFIED	0002:001a1e60       ?GetLocation3D@FEText@@UAE?AUvector@Broc@@XZ 0099d360 f i shell.o
1259	FIXED	0002:001a1e90       ?ConvertColor@FEText@@SAIVcolor32@@@Z 0099d390 f i shell.o
1260	FIXED	0002:001a1ed0       ??0MultiLineButtons@@QAE@XZ 0099d3d0 f i shell.o
1261	FIXED	0002:001a1ef0       ?CopyFrom@MultiLineButtons@@QAEXPAV1@@Z 0099d3f0 f i shell.o
1262	FIXED	0002:001a1f10       ?SetPos@MultiLineString@@QAEXMM@Z 0099d410 f i shell.o
1263	FIXED	0002:001a1f60       ?Shift@MultiLineString@@QAEXMM@Z 0099d460 f i shell.o
1264	FIXED	0002:001a1fa0       ?GetTotalWidth@MultiLineString@@QAEMXZ 0099d4a0 f i shell.o
1265	FIXED	0002:001a1fb0       ??0PanelMaterial@@QAE@XZ   0099d4b0 f i shell.o
1266	VERIFIED	0002:001a1fd0       ??1PanelMaterial@@QAE@XZ   0099d4d0 f i shell.o
1267	FIXED	0002:001a1fe0       ??0LightPanelQuad@@QAE@XZ  0099d4e0 f i shell.o
1268	FIXED	0002:001a2000       ?SetX@PanelQuadSection@@AAEXHM@Z 0099d500 f i shell.o
1269	FIXED	0002:001a2020       ?SetY@PanelQuadSection@@AAEXHM@Z 0099d520 f i shell.o
1270	FIXED	0002:001a2040       ?SetU@PanelQuadSection@@AAEXHM@Z 0099d540 f i shell.o
1271	FIXED	0002:001a2060       ?SetV@PanelQuadSection@@AAEXHM@Z 0099d560 f i shell.o
1272	FIXED	0002:001a2080       ?SetCol@PanelQuadSection@@AAEXHI@Z 0099d580 f i shell.o
1273	FIXED	0002:001a20a0       ?SetTex@PanelQuadSection@@AAEXPAUnglTexture@@@Z 0099d5a0 f i shell.o
1274	FIXED	0002:001a20b0       ?SetTexture@PanelQuadSection@@QAEXPAUnglTexture@@@Z 0099d5b0 f i shell.o
1275	FIXED	0002:001a20c0       ?SetZ@PanelQuadSection@@QAEXM@Z 0099d5c0 f i shell.o
1276	FIXED	0002:001a20e0       ?GetTexture@PanelQuadSection@@QAEPAUnglTexture@@XZ 0099d5e0 f i shell.o
1277	FIXED	0002:001a20f0       ?GetX@PanelQuadSection@@QAEMH@Z 0099d5f0 f i shell.o
1278	FIXED	0002:001a2110       ?GetY@PanelQuadSection@@QAEMH@Z 0099d610 f i shell.o
1279	FIXED	0002:001a2130       ?GetU@PanelQuadSection@@QAEMH@Z 0099d630 f i shell.o
1280	FIXED	0002:001a2150       ?GetV@PanelQuadSection@@QAEMH@Z 0099d650 f i shell.o
1281	FIXED	0002:001a2170       ?GetZ@PanelQuadSection@@QAEMXZ 0099d670 f i shell.o
1282	FIXED	0002:001a2180       ?GetCol@PanelQuadSection@@QAEIH@Z 0099d680 f i shell.o
1283	FIXED	0002:001a21a0       ?Maximum@PanelQuad@@SAMMM@Z 0099d6a0 f i shell.o
1284	FIXED	0002:001a21d0       ?Minimum@PanelQuad@@SAMMM@Z 0099d6d0 f i shell.o
1285	FIXED	0002:001a2200       ?Maximum@PanelQuad@@SAMMMMM@Z 0099d700 f i shell.o
1286	FIXED	0002:001a2250       ?Minimum@PanelQuad@@SAMMMMM@Z 0099d750 f i shell.o
1287	FIXED	0002:001a22a0       ??0PanelQuadFader@@QAE@XZ  0099d7a0 f i shell.o
1288	FIXED	0002:001a22e0       ?SetQuad@PanelQuadFader@@QAEXPAVPanelQuad@@@Z 0099d7e0 f i shell.o
1289	FIXED	0002:001a22f0       ?Fade@PanelQuadFader@@QAEXMMM@Z 0099d7f0 f i shell.o
1290	FIXED	0002:001a2360       ?Update@PanelQuadFader@@QAEXM@Z 0099d860 f i shell.o
1291	FIXED	0002:001a2400       ??0FEMenuColorScheme@@QAE@Vcolor32@@0@Z 0099d900 f i shell.o
1292	FIXED	0002:001a2430       ??0FEMenuColorScheme@@QAE@Vcolor32@@00@Z 0099d930 f i shell.o
1293	VERIFIED	0002:001a2460       ??1FEMenuEntry@@UAE@XZ     0099d960 f i shell.o
1294	VERIFIED	0002:001a2490       ?Load@FEMenuEntry@@UAEXXZ  0099d990 f i shell.o
1295	VERIFIED	0002:001a24a0       ?OnSelect@FEMenuEntry@@UAEXXZ 0099d9a0 f i shell.o
1296	FIXED	0002:001a24b0       ?SetUp@FEMenuEntry@@QAEXF@Z 0099d9b0 f i shell.o
1297	FIXED	0002:001a24d0       ?SetDown@FEMenuEntry@@QAEXF@Z 0099d9d0 f i shell.o
1298	VERIFIED	0002:001a24f0       ?OnUp@FEMenuEntry@@UAEFXZ  0099d9f0 f i shell.o
1299	VERIFIED	0002:001a2500       ?OnDown@FEMenuEntry@@UAEFXZ 0099da00 f i shell.o
1300	VERIFIED	0002:001a2510       ?OnLeft@FEMenuEntry@@UAEFXZ 0099da10 f i shell.o
1301	VERIFIED	0002:001a2520       ?OnRight@FEMenuEntry@@UAEFXZ 0099da20 f i shell.o
1302	VERIFIED	0002:001a2530       ?Draw@FEMenuEntry@@UAEXXZ  0099da30 f i shell.o
1303	VERIFIED	0002:001a2550       ?Update@FEMenuEntry@@UAEXM@Z 0099da50 f i shell.o
1304	VERIFIED	0002:001a2570       ?UpdateInScene@FEMenuEntry@@UAEXXZ 0099da70 f i shell.o
1305	VERIFIED	0002:001a2590       ?SetShown@FEMenuEntry@@UAEX_N@Z 0099da90 f i shell.o
1306	VERIFIED	0002:001a25a0       ?GetDisable@FEMenuEntry@@UAE_NXZ 0099daa0 f i shell.o
1307	VERIFIED	0002:001a25b0       ?StartFade@FEMenuEntry@@UAEX_N0M@Z 0099dab0 f i shell.o
1308	VERIFIED	0002:001a25c0       ?SetPos@FEMenuEntry@@UAEXMM@Z 0099dac0 f i shell.o
1309	VERIFIED	0002:001a25e0       ?SetText@FEMenuEntry@@UAEXPBD@Z 0099dae0 f i shell.o
1310	VERIFIED	0002:001a2600       ?SetTextNoLocalize@FEMenuEntry@@UAEXPAD@Z 0099db00 f i shell.o
1311	VERIFIED	0002:001a2620       ?SetLocation3D@FEMenuEntry@@UAEXUvector@Broc@@@Z 0099db20 f i shell.o
1312	VERIFIED	0002:001a2660       ?SetHJustify@FEMenuEntry@@UAEXH@Z 0099db60 f i shell.o
1313	VERIFIED	0002:001a2670       ?SetVJustify@FEMenuEntry@@UAEXH@Z 0099db70 f i shell.o
1314	VERIFIED	0002:001a2680       ?SetLineSpacing@FEMenuEntry@@UAEXH@Z 0099db80 f i shell.o
1315	VERIFIED	0002:001a26a0       ?SetFont@FEMenuEntry@@UAEXW4font_index@@@Z 0099dba0 f i shell.o
1316	VERIFIED	0002:001a26b0       ?SetBehaviorNF@FEMenuEntry@@UAEXMM@Z 0099dbb0 f i shell.o
1317	VERIFIED	0002:001a26d0       ?SetBehavior@FEMenuEntry@@UAEX_N@Z 0099dbd0 f i shell.o
1318	VERIFIED	0002:001a26f0       ?SetColorSchemeIndex@FEMenuEntry@@UAEXD@Z 0099dbf0 f i shell.o
1319	VERIFIED	0002:001a2710       ?SetScale@FEMenuEntry@@UAEXM@Z 0099dc10 f i shell.o
1320	VERIFIED	0002:001a2720       ?SetScale@FEMenuEntry@@UAEXMM@Z 0099dc20 f i shell.o
1321	VERIFIED	0002:001a2730       ?SetZ@FEMenuEntry@@UAEXMW4panel_layer@@@Z 0099dc30 f i shell.o
1322	VERIFIED	0002:001a2740       ?GetText@FEMenuEntry@@UAE?AVstring@Broc@@XZ 0099dc40 f i shell.o
1323	VERIFIED	0002:001a2770       ?GetWidth@FEMenuEntry@@UAEMXZ 0099dc70 f i shell.o
1324	VERIFIED	0002:001a2780       ?GetX@FEMenuEntry@@UAEMXZ  0099dc80 f i shell.o
1325	VERIFIED	0002:001a2790       ?GetY@FEMenuEntry@@UAEMXZ  0099dc90 f i shell.o
1326	VERIFIED	0002:001a27a0       ?GetLineNum@FEMenuEntry@@UAEHXZ 0099dca0 f i shell.o
1327	VERIFIED	0002:001a27b0       ?GetScaleX@FEMenuEntry@@UAEMXZ 0099dcb0 f i shell.o
1328	VERIFIED	0002:001a27c0       ?GetScaleY@FEMenuEntry@@UAEMXZ 0099dcc0 f i shell.o
1329	VERIFIED	0002:001a27d0       ?GetColorSchemeIndex@FEMenuEntry@@UAEDXZ 0099dcd0 f i shell.o
1330	VERIFIED	0002:001a27e0       ?GetColor@FEMenuEntry@@UAE?AVcolor32@@XZ 0099dce0 f i shell.o
1331	VERIFIED	0002:001a2800       ?GetZ@FEMenuEntry@@UAEMXZ  0099dd00 f i shell.o
1332	VERIFIED	0002:001a2810       ?AddFont@FEMenuEntry@@UAEXHW4font_index@@@Z 0099dd10 f i shell.o
1333	VERIFIED	0002:001a2830       ?UpdateWidescreen@FEMenuEntry@@UAEX_N@Z 0099dd30 f i shell.o
1334	VERIFIED	0002:001a2840       ?SetValue@FEMenuEntry@@UAEXH@Z 0099dd40 f i shell.o
1335	VERIFIED	0002:001a2850       ?GetValue@FEMenuEntry@@UAEHXZ 0099dd50 f i shell.o
1336	VERIFIED	0002:001a2860       ?OnHighlight@FEMenuEntry@@MAEX_N@Z 0099dd60 f i shell.o
1337	VERIFIED	0002:001a2870       ??_GFEMenuEntry@@UAEPAXI@Z 0099dd70 f i shell.o
1338	VERIFIED	0002:001a2870       ??_EFEMenuEntry@@UAEPAXI@Z 0099dd70 f i shell.o
1339	FIXED	0002:001a28c0       ??2FEMenu@@SAPAXI@Z        0099ddc0 f i shell.o
1340	FIXED	0002:001a28e0       ?GetReturnMenu@FEMenu@@QAEHXZ 0099dde0 f i shell.o
1341	FIXED	0002:001a28f0       ?SetReturnMenu@FEMenu@@QAEXH@Z 0099ddf0 f i shell.o
1342	VERIFIED	0002:001a2900       ?OnDeactivate@FEMenu@@UAEXPAV1@@Z 0099de00 f i shell.o
1343	VERIFIED	0002:001a2910       ?OnUp@FEMenu@@UAEXH@Z      0099de10 f i shell.o
1344	VERIFIED	0002:001a2920       ?OnDown@FEMenu@@UAEXH@Z    0099de20 f i shell.o
1345	VERIFIED	0002:001a2930       ?SetDefaultColorScheme@FEMenu@@UAEXD@Z 0099de30 f i shell.o
1346	VERIFIED	0002:001a2940       ?GetFlag@FEMenu@@QAE_NH@Z  0099de40 f i shell.o
1347	VERIFIED	0002:001a2960       ?SetFlag@FEMenu@@QAEXH_N@Z 0099de60 f i shell.o
1348	VERIFIED	0002:001a2990       ?SetDefaultColorScheme@FEMenuSystem@@UAEXD@Z 0099de90 f i shell.o
1349	FIXED	0002:001a29a0       ?GetBDFlag@FEMenuSystem@@IAE_NHH@Z 0099dea0 f i shell.o
1350	FIXED	0002:001a29c0       ?SetBDFlag@FEMenuSystem@@IAEXH_NH@Z 0099dec0 f i shell.o
1351	FIXED	0002:001a2a00       ??0PanelFileUser@@QAE@XZ   0099df00 f i shell.o
1352	VERIFIED	0002:001a2a10       ?SetPanelFile@PanelFileUser@@UAEXPAVPanelFile@@@Z 0099df10 f i shell.o
1353	VERIFIED	0002:001a2a20       ?PanelFileUnloaded@PanelFileUser@@UAEXPAVPanelFile@@@Z 0099df20 f i shell.o
1354	VERIFIED	0002:001a2a30       ?UpdateWidescreen@PanelFileUser@@UAEX_N@Z 0099df30 f i shell.o
1355	FIXED	0002:001a2a40       ??0IGOWidget@@QAE@H@Z      0099df40 f i shell.o
1356	VERIFIED	0002:001a2a70       ??1IGOWidget@@UAE@XZ       0099df70 f i shell.o
1357	VERIFIED	0002:001a2a80       ?Init@IGOWidget@@UAEXPAVPanelFile@@@Z 0099df80 f i shell.o
1358	VERIFIED	0002:001a2a90       ?Update@IGOWidget@@UAEXM@Z 0099df90 f i shell.o
1359	VERIFIED	0002:001a2aa0       ?Draw@IGOWidget@@UAEXXZ    0099dfa0 f i shell.o
1360	VERIFIED	0002:001a2ab0       ?IsShown@IGOWidget@@UAE_NXZ 0099dfb0 f i shell.o
1361	VERIFIED	0002:001a2ac0       ?SetShown@IGOWidget@@UAEX_N@Z 0099dfc0 f i shell.o
1362	VERIFIED	0002:001a2ad0       ?UpdateWidescreen@IGOWidget@@UAEX_NM@Z 0099dfd0 f i shell.o
1363	VERIFIED	0002:001a2ae0       ?UpdateSplitScreen@IGOWidget@@UAEXHH@Z 0099dfe0 f i shell.o
1364	VERIFIED	0002:001a2af0       ?ForceToAppear@IGOWidget@@UAEXXZ 0099dff0 f i shell.o
1365	VERIFIED	0002:001a2b00       ??_EIGOWidget@@UAEPAXI@Z   0099e000 f i shell.o
1366	VERIFIED	0002:001a2b00       ??_GIGOWidget@@UAEPAXI@Z   0099e000 f i shell.o
1367	FIXED	0002:001a2b30       ??0IGOMapObject@@QAE@XZ    0099e030 f i shell.o
1368	FIXED	0002:001a2b40       ??0IGOObjective@@QAE@XZ    0099e040 f i shell.o
1369	FIXED	0002:001a2b60       ?SetObjectivesOnly@IGOCompassWidget@@QAEX_N@Z 0099e060 f i shell.o
1370	FIXED	0002:001a2b80       ?GetInitialWidth@IGOCompassWidget@@QAEMXZ 0099e080 f i shell.o
1371	FIXED	0002:001a2bb0       ??0UIListBoxData@UIListBox@@QAE@XZ 0099e0b0 f i shell.o
1372	VERIFIED	0002:001a2bd0       ?GetState@UIListBoxData@UIListBox@@QAEHXZ 0099e0d0 f i shell.o
1373	VERIFIED	0002:001a2be0       ?SetState@UIListBoxData@UIListBox@@QAEXH@Z 0099e0e0 f i shell.o
1374	FIXED	0002:001a2c70       ?SetText@UIListBoxData@UIListBox@@QAEXPBD@Z 0099e170 f i shell.o
1375	FIXED	0002:001a2c80       ?ClearText@UIListBoxData@UIListBox@@QAEXXZ 0099e180 f i shell.o
1376	FIXED	0002:001a2ca0       ?ClearItem@UIListBoxData@UIListBox@@QAEXXZ 0099e1a0 f i shell.o
1377	FIXED	0002:001a2cd0       ??4UIListBoxData@UIListBox@@QAEXABV01@@Z 0099e1d0 f i shell.o
1378	FIXED	0002:001a2cf0       ?IsEnabled@UIListBoxDataRow@UIListBox@@QAE_NXZ 0099e1f0 f i shell.o
1379	FIXED	0002:001a2d00       ?SetEnabled@UIListBoxDataRow@UIListBox@@QAEX_N@Z 0099e200 f i shell.o
1380	FIXED	0002:001a2d10       ?GetActivateKey@IGOFrontEnd@@QAEPBDXZ 0099e210 f i shell.o
1381	FIXED	0002:001a2d20       ?GetLMGKey@IGOFrontEnd@@QAEPBDXZ 0099e220 f i shell.o
1382	FIXED	0002:001a2d40       ?GetActionHintTimer@IGOFrontEnd@@QAEHH@Z 0099e240 f i shell.o
1383	FIXED	0002:001a2d60       ?SetActionHintTimer@IGOFrontEnd@@QAEXHH@Z 0099e260 f i shell.o
1384	FIXED	0002:001a2d80       ?GetActionHintText@IGOFrontEnd@@QAEHH@Z 0099e280 f i shell.o
1385	FIXED	0002:001a2da0       ??0system_time@@QAE@XZ     0099e2a0 f i shell.o
1386	FIXED	0002:001a2dd0       ?Inst@GameSettings@@SAPAV1@XZ 0099e2d0 f i shell.o
1387	FIXED	0002:001a2de0       ?SetHighLight@DialogMenu@@QAEXH@Z 0099e2e0 f i shell.o
1388	FIXED	0002:001a2e00       ?Close@DialogMenuDisplay@@QAEXXZ 0099e300 f i shell.o
1389	FIXED	0002:001a2e10       ?IsSplitScreen@DialogMenuDisplay@@QBE_NXZ 0099e310 f i shell.o
1390	FIXED	0002:001a2e20       ?GetDisplay@DialogMenuSystem@@QAEPAVDialogMenuDisplay@@XZ 0099e320 f i shell.o
1391	FIXED	0002:001a2e30       ?GetFlag@DialogMenuSystem@@QAE_NH@Z 0099e330 f i shell.o
1392	FIXED	0002:001a2e50       ?SetFlag@DialogMenuSystem@@QAEXH_N@Z 0099e350 f i shell.o
1393	FIXED	0002:001a2e90       ?IsSaveEnabled@ProfileManager@@QBE_NXZ 0099e390 f i shell.o
1394	FIXED	0002:001a2ea0       ?SetContinueWithoutSaving@ProfileManager@@QAEXXZ 0099e3a0 f i shell.o
1395	FIXED	0002:001a2eb0       ?IsContinueWithoutSaving@ProfileManager@@QAE_NXZ 0099e3b0 f i shell.o
1396	FIXED	0002:001a2ec0       ?GetStatus@ProfileManager@@QBEHXZ 0099e3c0 f i shell.o
1397	FIXED	0002:001a2ed0       ?IsControllingDMS@ProfileManager@@ABE_NXZ 0099e3d0 f i shell.o
1398	FIXED	0002:001a2ee0       ?SetStatus@ProfileManager@@AAEXH@Z 0099e3e0 f i shell.o
1399	FIXED	0002:001a2ef0       ?SetOperation@ProfileManager@@AAEXH@Z 0099e3f0 f i shell.o
1400	FIXED	0002:001a2f00       ?SetLastCardId@ProfileManager@@AAEXXZ 0099e400 f i shell.o
1401	FIXED	0002:001a2f10       ?HasCardChanged@ProfileManager@@ABE_NXZ 0099e410 f i shell.o
1402	FIXED	0002:001a2f30       ?SetOverwriteOk@ProfileManager@@AAEXXZ 0099e430 f i shell.o
1403	FIXED	0002:001a2f40       ?IsOverwriteOk@ProfileManager@@ABE_NXZ 0099e440 f i shell.o
1404	FIXED	0002:001a2f50       ?SetCreateOk@ProfileManager@@AAEXXZ 0099e450 f i shell.o
1405	VERIFIED	0002:001a2f60       ?DMSMenusActiveAnyClient@FEManager@@QAE_NXZ 0099e460 f i shell.o
1406	VERIFIED	0002:001a2fb0       ?IsPlayerSpotted@@YA_NPAVEntity@@@Z 0099e4b0 f i shell.o
1407	FIXED	0002:001a3000       ?ValidPlayerState@@YA_NH@Z 0099e500 f i shell.o
1408	FIXED	0002:001a3040       ??0sTime@knet@kuju@@QAE@J@Z 0099e540 f i shell.o
1409	FIXED	0002:001a3060       ??GsTime@knet@kuju@@QBE?AV012@ABV012@@Z 0099e560 f i shell.o
1410	FIXED	0002:001a3080       ?getSeconds@sTime@knet@kuju@@QBEMXZ 0099e580 f i shell.o
1411	FIXED	0002:001a3090       ?SetReturnMenu@MPUIInterface@@SAXH@Z 0099e590 f i shell.o
1412	FIXED	0002:001a30a0       ?SetCableDisconnect@MPUIInterface@@SAX_N@Z 0099e5a0 f i shell.o
1413	FIXED	0002:001a30b0       ?GetServerParams@MPUIInterface@@SAPAUsServerCreateParams@@XZ 0099e5b0 f i shell.o
1414	FIXED	0002:001a30c0       ??_EIGOHealthWidget@@UAEPAXI@Z 0099e5c0 f i shell.o
1415	FIXED	0002:001a30c0       ??_GIGOHealthWidget@@UAEPAXI@Z 0099e5c0 f i shell.o
1416	FIXED	0002:001a30f0       ??1IGOHealthWidget@@UAE@XZ 0099e5f0 f i shell.o
1417	FIXED	0002:001a3160       ??_GIGOAmmoWidget@@UAEPAXI@Z 0099e660 f i shell.o
1418	FIXED	0002:001a3160       ??_EIGOAmmoWidget@@UAEPAXI@Z 0099e660 f i shell.o
1419	FIXED	0002:001a3190       ??1IGOAmmoWidget@@UAE@XZ   0099e690 f i shell.o
1420	FIXED	0002:001a3210       ??_EIGORankWidget@@UAEPAXI@Z 0099e710 f i shell.o
1421	FIXED	0002:001a3210       ??_GIGORankWidget@@UAEPAXI@Z 0099e710 f i shell.o
1422	FIXED	0002:001a3240       ??1IGORankWidget@@UAE@XZ   0099e740 f i shell.o
1423	FIXED	0002:001a32d0       ??_EIGOVoteWidget@@UAEPAXI@Z 0099e7d0 f i shell.o
1424	FIXED	0002:001a32d0       ??_GIGOVoteWidget@@UAEPAXI@Z 0099e7d0 f i shell.o
1425	FIXED	0002:001a3300       ??1IGOVoteWidget@@UAE@XZ   0099e800 f i shell.o
1426	FIXED	0002:001a3370       ??_EIGOSpecialWeaponWidget@@UAEPAXI@Z 0099e870 f i shell.o
1427	FIXED	0002:001a3370       ??_GIGOSpecialWeaponWidget@@UAEPAXI@Z 0099e870 f i shell.o
1428	FIXED	0002:001a33a0       ??1IGOSpecialWeaponWidget@@UAE@XZ 0099e8a0 f i shell.o
1429	FIXED	0002:001a3430       ??0IGOFriendly@@QAE@XZ     0099e930 f i shell.o
1430	FIXED	0002:001a3440       ??0IGOEnemy@@QAE@XZ        0099e940 f i shell.o
1431	FIXED	0002:001a3450       ?remove_surrounding_whitespace@string@Broc@@QAEAAV12@XZ 0099e950 f i shell.o
1432	FIXED	0002:001a3480       ??9Broc@@YA_NABVstring@0@PBD@Z 0099e980 f i shell.o
1433	FIXED	0002:001a34a0       ??_GIGOHintWidget@@UAEPAXI@Z 0099e9a0 f i shell.o
1434	FIXED	0002:001a34a0       ??_EIGOHintWidget@@UAEPAXI@Z 0099e9a0 f i shell.o
1435	FIXED	0002:001a34d0       ??1IGOHintWidget@@UAE@XZ   0099e9d0 f i shell.o
1436	FIXED	0002:001a3540       ?GetName@MPPlayer@@QBEPBDXZ 0099ea40 f i shell.o
1437	FIXED	0002:001a3550       ?GetTeam@MPPlayer@@QAEHXZ  0099ea50 f i shell.o
1438	FIXED	0002:001a3560       ?FindItem@MPPlayer@@QAEPAVEntity@@W4EDroppedItemTypes@@F@Z 0099ea60 f i shell.o
1439	FIXED	0002:001a3570       ??_Fcolor32@@QAEXXZ        0099ea70 f i shell.o
1440	VERIFIED	0002:001a3580       ??_EPanelMaterial@@QAEPAXI@Z 0099ea80 f i shell.o
1441	FIXED	0002:001a35f0       ?movie_valid@movie_manager@@SA_NXZ 0099eaf0 f i shell.o
1442	FIXED	0002:001a3610       ??0nvlMovie@@QAE@XZ        0099eb10 f i shell.o
1443	VERIFIED	0002:001a3630       ??_GnvlMovie@@UAEPAXI@Z    0099eb30 f i shell.o
1444	VERIFIED	0002:001a3630       ??_EnvlMovie@@UAEPAXI@Z    0099eb30 f i shell.o
1445	VERIFIED	0002:001a3660       ??_EMultiLineString@@QAEPAXI@Z 0099eb60 f i shell.o
1446	VERIFIED	0002:001a36d0       ?IsSplitScreen@FESplitScreenMenu@@QBE_NXZ 0099ebd0 f i shell.o
1447	VERIFIED	0002:001a36e0       ?GetIndex@FEMenuListBoxItem@@QBE?BIXZ 0099ebe0 f i shell.o
1448	VERIFIED	0002:001a36f0       ?GetSubItemCount@FEMenuListBoxItem@@QBE?BIXZ 0099ebf0 f i shell.o
1449	VERIFIED	0002:001a3700       ?GetText@FEMenuListBoxItem@@QBEABVstring@Broc@@XZ 0099ec00 f i shell.o
1450	VERIFIED	0002:001a3710       ?GetData@FEMenuListBoxItem@@QBE?BHXZ 0099ec10 f i shell.o
1451	VERIFIED	0002:001a3720       ?SetVerticalSpacing@FEMenuListBox@@QAEXM@Z 0099ec20 f i shell.o
1452	VERIFIED	0002:001a3740       ?SetHeadingVerticalSpacing@FEMenuListBox@@QAEXM@Z 0099ec40 f i shell.o
1453	FIXED	0002:001a3760       ?EnableNavigationSound@FESlider@@QAEX_N@Z 0099ec60 f i shell.o
1454	VERIFIED	0002:001a3770       ?EnableNavigationSound@FEMenu@@UAEX_N@Z 0099ec70 f i shell.o
1455	VERIFIED	0002:001a3780       ?InputLock@FEMenu@@UAEX_N@Z 0099ec80 f i shell.o
1456	VERIFIED	0002:001a3790       ?Load@FEMenu@@UAEX_N@Z     0099ec90 f i shell.o
1457	VERIFIED	0002:001a37a0       ?Load@FEMenu@@UAEXXZ       0099eca0 f i shell.o
1458	VERIFIED	0002:001a37b0       ?Draw3D@FEMenu@@UAEXXZ     0099ecb0 f i shell.o
1459	VERIFIED	0002:001a37c0       ?UpdateInScene@FEMenu@@UAEXXZ 0099ecc0 f i shell.o
1460	VERIFIED	0002:001a37d0       ?Select@FEMenu@@UAEXH@Z    0099ecd0 f i shell.o
1461	VERIFIED	0002:001a37e0       ?Select@FEMenu@@UAEXHH@Z   0099ece0 f i shell.o
1462	VERIFIED	0002:001a3800       ?OnActivate@FEMenu@@UAEXH@Z 0099ed00 f i shell.o
1463	VERIFIED	0002:001a3810       ?OnSelect@FEMenu@@UAEXH@Z  0099ed10 f i shell.o
1464	VERIFIED	0002:001a3820       ?OnLeft@FEMenu@@UAEXH@Z    0099ed20 f i shell.o
1465	VERIFIED	0002:001a3830       ?OnRight@FEMenu@@UAEXH@Z   0099ed30 f i shell.o
1466	VERIFIED	0002:001a3840       ?OnSquare@FEMenu@@UAEXH@Z  0099ed40 f i shell.o
1467	VERIFIED	0002:001a3850       ?OnCircle@FEMenu@@UAEXH@Z  0099ed50 f i shell.o
1468	VERIFIED	0002:001a3860       ?OnL1@FEMenu@@UAEXH@Z      0099ed60 f i shell.o
1469	VERIFIED	0002:001a3870       ?OnR1@FEMenu@@UAEXH@Z      0099ed70 f i shell.o
1470	VERIFIED	0002:001a3880       ?OnL2@FEMenu@@UAEXH@Z      0099ed80 f i shell.o
1471	VERIFIED	0002:001a3890       ?OnR2@FEMenu@@UAEXH@Z      0099ed90 f i shell.o
1472	VERIFIED	0002:001a38b0       ?OnTrueCircle@FEMenu@@UAEXH@Z 0099edb0 f i shell.o
1473	VERIFIED	0002:001a38c0       ?OnTrueTriangle@FEMenu@@UAEXH@Z 0099edc0 f i shell.o
1474	VERIFIED	0002:001a38d0       ?SetDistanceBetweenEntries@FEMenu@@UAEXH@Z 0099edd0 f i shell.o
1475	VERIFIED	0002:001a38e0       ?GetDefaultColorScheme@FEMenu@@UAEDXZ 0099ede0 f i shell.o
1476	VERIFIED	0002:001a38f0       ?GetSystem@FEMenu@@UAEPAVFEMenuSystem@@XZ 0099edf0 f i shell.o
1477	VERIFIED	0002:001a3900       ?GetFlags@FEMenu@@UAEHXZ   0099ee00 f i shell.o
1478	VERIFIED	0002:001a3910       ?UpdateSplitScreen@InGameOptionsMenu@@UAEXXZ 0099ee10 f i shell.o
1479	FIXED	0002:001a3920       ?GetSaveSlots@MPProfileMainMenu@@QAEPAPAUSaveGameData@@XZ 0099ee20 f i shell.o
1480	VERIFIED	0002:001a3930       ?SetSlotNum@VKMenu@@QAEXH@Z 0099ee30 f i shell.o
1481	FIXED	0002:001a3950       ?GetSaveSlots@ProfileMainMenu@@QAEPAPAUSaveGameData@@XZ 0099ee50 f i shell.o
1482	FIXED	0002:001a3960       ?NeedWrite@ProfileEditMenu@@QAEXXZ 0099ee60 f i shell.o
1483	VERIFIED	0002:001a3970       ?Me@HotJoinMenu@@SAPAV1@H@Z 0099ee70 f i shell.o
1484	FIXED	0002:001a3990       ?Me@SpectateMenu@@SAPAV1@H@Z 0099ee90 f i shell.o
1485	FIXED	0002:001a39b0       ?Me@WeaponSelectMenu@@SAPAV1@H@Z 0099eeb0 f i shell.o
1486	FIXED	0002:001a39d0       ?Me@InGameScoreBoard@@SAPAV1@H@Z 0099eed0 f i shell.o
1487	FIXED	0002:001a39f0       ?Me@InGameSwitchSides@@SAPAV1@H@Z 0099eef0 f i shell.o
1488	VERIFIED	0002:001a3a10       ?GetDefaultColorScheme@FEMenuSystem@@UAEDXZ 0099ef10 f i shell.o
1489	VERIFIED	0002:001a3a20       ?IsSystemActive@FEMenuSystem@@UAE_NXZ 0099ef20 f i shell.o
1490	VERIFIED	0002:001a3a30       ?NewMenuActive@FEMenuSystem@@MAEXXZ 0099ef30 f i shell.o
1491	VERIFIED	0002:001a3a40       ??_Estring@Broc@@QAEPAXI@Z 0099ef40 f i shell.o
1492	VERIFIED	0002:001a3ab0       ??1FEMenuListBoxItem@@QAE@XZ 0099efb0 f i shell.o
1493	FIXED	0002:001a3b20       ?SetDialogDisplayed@MemCardCheckMenu@@AAEXH@Z 0099f020 f i shell.o
1494	VERIFIED	0002:001a3b30       ??0InsertRemoveObserver@MemoryUnitManager@@QAE@XZ 0099f030 f i shell.o
1495	VERIFIED	0002:001a3b40       ??0Observer@MemoryUnitManager@@QAE@XZ 0099f040 f i shell.o
1496	FIXED	0002:001a3b50       ?EndMarkerFoundDuringParse@CStringEdPackage@@QAEHXZ 0099f050 f i shell.o
1497	VERIFIED	0002:001a3b60       ??4?$DbLinkedHandle@VSoundHandleDb@SoundDevice@@VSound@2@@@QAEAAV0@VHandle@@@Z 0099f060 f i shell.o
1498	VERIFIED	0002:001a3b80       ?empty@?$ae_fixed_string@$0CA@E@@QBE_NXZ 0099f080 f i shell.o
1499	VERIFIED	0002:001a3b90       ??0?$ae_vector@PAVPanelQuadSection@@@@QAE@XZ 0099f090 f i shell.o
1500	PENDING	0002:001a3ba0       ?size@?$ae_vector@PAVPanelQuadSection@@@@QBEHXZ 0099f0a0 f i shell.o
1501	PENDING	0002:001a3bb0       ??A?$ae_vector@PAVPanelQuadSection@@@@QBEABQAVPanelQuadSection@@H@Z 0099f0b0 f i shell.o
1502	PENDING	0002:001a3c30       ??A?$ae_vector@PAVPanelQuadSection@@@@QAEAAPAVPanelQuadSection@@H@Z 0099f130 f i shell.o
1503	PENDING	0002:001a3cb0       ??0?$ae_vector@PAVPanelQuad@@@@QAE@XZ 0099f1b0 f i shell.o
1504	PENDING	0002:001a3cc0       ?size@?$ae_vector@PAVPanelQuad@@@@QBEHXZ 0099f1c0 f i shell.o
1505	PENDING	0002:001a3cd0       ??A?$ae_vector@PAVPanelQuad@@@@QAEAAPAVPanelQuad@@H@Z 0099f1d0 f i shell.o
1506	PENDING	0002:001a3d50       ?begin@?$ae_vector@PAVPanelQuad@@@@QAEPAPAVPanelQuad@@XZ 0099f250 f i shell.o
1507	PENDING	0002:001a3d60       ?end@?$ae_vector@PAVPanelQuad@@@@QAEPAPAVPanelQuad@@XZ 0099f260 f i shell.o
1508	PENDING	0002:001a3d70       ??0?$ae_vector@PAVFEText@@@@QAE@XZ 0099f270 f i shell.o
1509	PENDING	0002:001a3d80       ?size@?$ae_vector@PAVFEText@@@@QBEHXZ 0099f280 f i shell.o
1510	PENDING	0002:001a3d90       ??A?$ae_vector@PAVFEText@@@@QAEAAPAVFEText@@H@Z 0099f290 f i shell.o
1511	PENDING	0002:001a3e10       ?begin@?$ae_vector@PAVFEText@@@@QAEPAPAVFEText@@XZ 0099f310 f i shell.o
1512	PENDING	0002:001a3e20       ?end@?$ae_vector@PAVFEText@@@@QAEPAPAVFEText@@XZ 0099f320 f i shell.o
1513	PENDING	0002:001a3e30       ??A?$ae_array@PAVPanelQuad@@$04@@QAEAAPAVPanelQuad@@H@Z 0099f330 f i shell.o
1514	PENDING	0002:001a3eb0       ??0?$ae_vector@PAVPanelAnimObject@@@@QAE@XZ 0099f3b0 f i shell.o
1515	PENDING	0002:001a3ec0       ??A?$ae_vector@PAVPanelAnimObject@@@@QBEABQAVPanelAnimObject@@H@Z 0099f3c0 f i shell.o
1516	PENDING	0002:001a3f40       ??A?$ae_vector@PAVPanelAnimObject@@@@QAEAAPAVPanelAnimObject@@H@Z 0099f440 f i shell.o
1517	PENDING	0002:001a3fc0       ??A?$ae_vector@VUIListBoxItem@UIListBox@@@@QAEAAVUIListBoxItem@UIListBox@@H@Z 0099f4c0 f i shell.o
1518	PENDING	0002:001a4040       ??0?$ae_vector@VUIListBoxData@UIListBox@@@@QAE@XZ 0099f540 f i shell.o
1519	PENDING	0002:001a4050       ??A?$ae_vector@VUIListBoxData@UIListBox@@@@QBEABVUIListBoxData@UIListBox@@H@Z 0099f550 f i shell.o
1520	PENDING	0002:001a40d0       ??A?$ae_vector@VUIListBoxData@UIListBox@@@@QAEAAVUIListBoxData@UIListBox@@H@Z 0099f5d0 f i shell.o
1521	PENDING	0002:001a4150       ??A?$ae_vector@VUIListBoxRow@UIListBox@@@@QAEAAVUIListBoxRow@UIListBox@@H@Z 0099f650 f i shell.o
1522	PENDING	0002:001a41d0       ??A?$ae_vector@VUIListBoxDataRow@UIListBox@@@@QAEAAVUIListBoxDataRow@UIListBox@@H@Z 0099f6d0 f i shell.o
1523	PENDING	0002:001a4250       ??A?$ae_vector@Vcolor32@@@@QAEAAVcolor32@@H@Z 0099f750 f i shell.o
1524	PENDING	0002:001a42d0       ??A?$ae_vector@_N@@QAEAA_NH@Z 0099f7d0 f i shell.o
1525	PENDING	0002:001a4350       ??0?$ae_sized_array@UProfile@ProfileManager@@$05@@QAE@XZ 0099f850 f i shell.o
1526	PENDING	0002:001a4360       ??A?$ae_sized_array@UProfile@ProfileManager@@$05@@QBEABUProfile@ProfileManager@@H@Z 0099f860 f i shell.o
1527	PENDING	0002:001a43e0       ??A?$ae_sized_array@UProfile@ProfileManager@@$05@@QAEAAUProfile@ProfileManager@@H@Z 0099f8e0 f i shell.o
1528	PENDING	0002:001a4460       ??0?$ae_formatted_string@$0EA@E@@QAA@PBDZZ 0099f960 f i shell.o
1529	PENDING	0002:001a44b0       ??0?$ae_vector@PAVFEMenuListBoxItem@@@@QAE@XZ 0099f9b0 f i shell.o
1530	PENDING	0002:001a44c0       ?size@?$ae_vector@PAVFEMenuListBoxItem@@@@QBEHXZ 0099f9c0 f i shell.o
1531	PENDING	0002:001a44d0       ??A?$ae_vector@PAVFEMenuListBoxItem@@@@QAEAAPAVFEMenuListBoxItem@@H@Z 0099f9d0 f i shell.o
1532	PENDING	0002:001a4550       ??0?$ae_pair@VHashString@@H@@QAE@ABVHashString@@ABH@Z 0099fa50 f i shell.o
1533	PENDING	0002:001a4570       ??A?$ae_array@PAVPanelQuad@@$08@@QAEAAPAVPanelQuad@@H@Z 0099fa70 f i shell.o
1534	PENDING	0002:001a45f0       ??A?$ae_array@PAVFEText@@$01@@QAEAAPAVFEText@@H@Z 0099faf0 f i shell.o
1535	PENDING	0002:001a4670       ??A?$ae_array@PAVFEText@@$00@@QAEAAPAVFEText@@H@Z 0099fb70 f i shell.o
1536	PENDING	0002:001a46f0       ??0?$ae_vector@H@@QAE@XZ   0099fbf0 f i shell.o
1537	PENDING	0002:001a4700       ??A?$ae_vector@H@@QAEAAHH@Z 0099fc00 f i shell.o
1538	PENDING	0002:001a4780       ??0?$ae_vector@U_XUID@@@@QAE@XZ 0099fc80 f i shell.o
1539	PENDING	0002:001a4790       ??A?$ae_vector@U_XUID@@@@QAEAAU_XUID@@H@Z 0099fc90 f i shell.o
1540	PENDING	0002:001a4810       ??0?$ae_sized_array@PAVPanelFileUser@@$0M@@@QAE@XZ 0099fd10 f i shell.o
1541	PENDING	0002:001a4820       ??A?$ae_sized_array@PAVPanelFileUser@@$0M@@@QAEAAPAVPanelFileUser@@H@Z 0099fd20 f i shell.o
1542	PENDING	0002:001a48a0       ?size@?$ae_sized_array@PAVPanelFileUser@@$0M@@@QBEHXZ 0099fda0 f i shell.o
1543	PENDING	0002:001a48b0       ?push_back@?$ae_sized_array@PAVPanelFileUser@@$0M@@@QAEXABQAVPanelFileUser@@@Z 0099fdb0 f i shell.o
1544	PENDING	0002:001a4930       ??8const_iterator@?$_Tree@V?$_Tmap_traits@V?$basic_string@DU?$char_traits@D@std@@V?$allocator@D@2@@std@@USE_Entry_s@@U?$less@V?$basic_string@DU?$char_traits@D@std@@V?$allocator@D@2@@std@@@2@V?$allocator@U?$pair@$$CBV?$basic_string@DU?$char_traits@D@std@@V?$allocator@D@2@@std@@USE_Entry_s@@@std@@@2@$0A@@std@@@std@@QBE_NABV012@@Z 0099fe30 f i shell.o
1545	PENDING	0002:001a4950       ??9const_iterator@?$_Tree@V?$_Tmap_traits@V?$basic_string@DU?$char_traits@D@std@@V?$allocator@D@2@@std@@USE_Entry_s@@U?$less@V?$basic_string@DU?$char_traits@D@std@@V?$allocator@D@2@@std@@@2@V?$allocator@U?$pair@$$CBV?$basic_string@DU?$char_traits@D@std@@V?$allocator@D@2@@std@@USE_Entry_s@@@std@@@2@$0A@@std@@@std@@QBE_NABV012@@Z 0099fe50 f i shell.o
1546	PENDING	0002:001a4970       ??1UIListBoxData@UIListBox@@QAE@XZ 0099fe70 f i shell.o
1547	PENDING	0002:001a4980       ?construct_array@?$ae_vector@PAVPanelQuadSection@@@@AAEPAPAVPanelQuadSection@@HH@Z 0099fe80 f i shell.o
1548	PENDING	0002:001a49b0       ?construct_array@?$ae_vector@PAVPanelQuad@@@@AAEPAPAVPanelQuad@@HH@Z 0099feb0 f i shell.o
1549	PENDING	0002:001a49e0       ?destroy_all@?$ae_vector@PAVPanelQuad@@@@AAEXXZ 0099fee0 f i shell.o
1550	PENDING	0002:001a4a10       ?construct_array@?$ae_vector@PAVFEText@@@@AAEPAPAVFEText@@HH@Z 0099ff10 f i shell.o
1551	PENDING	0002:001a4a40       ?destroy_all@?$ae_vector@PAVFEText@@@@AAEXXZ 0099ff40 f i shell.o
1552	PENDING	0002:001a4a70       ?begin@?$ae_vector@PAVPanelAnimObject@@@@QAEPAPAVPanelAnimObject@@XZ 0099ff70 f i shell.o
1553	PENDING	0002:001a4a80       ?end@?$ae_vector@PAVPanelAnimObject@@@@QAEPAPAVPanelAnimObject@@XZ 0099ff80 f i shell.o
1554	PENDING	0002:001a4a90       ?construct_array@?$ae_vector@PAVPanelAnimObject@@@@AAEPAPAVPanelAnimObject@@H@Z 0099ff90 f i shell.o
1555	PENDING	0002:001a4ac0       ?construct_and_initialize_array@?$ae_vector@PAVPanelAnimObject@@@@AAEPAPAVPanelAnimObject@@HABQAV2@@Z 0099ffc0 f i shell.o
1556	PENDING	0002:001a4b10       ?construct_array@?$ae_vector@PAVPanelAnimObject@@@@AAEPAPAVPanelAnimObject@@HH@Z 009a0010 f i shell.o
1557	PENDING	0002:001a4b40       ?destroy_all@?$ae_vector@PAVPanelAnimObject@@@@AAEXXZ 009a0040 f i shell.o
1558	PENDING	0002:001a4b70       ?begin@?$ae_vector@VUIListBoxItem@UIListBox@@@@QAEPAVUIListBoxItem@UIListBox@@XZ 009a0070 f i shell.o
1559	PENDING	0002:001a4b80       ?end@?$ae_vector@VUIListBoxItem@UIListBox@@@@QAEPAVUIListBoxItem@UIListBox@@XZ 009a0080 f i shell.o
1560	PENDING	0002:001a4b90       ?begin@?$ae_vector@VUIListBoxData@UIListBox@@@@QAEPAVUIListBoxData@UIListBox@@XZ 009a0090 f i shell.o
1561	PENDING	0002:001a4ba0       ?end@?$ae_vector@VUIListBoxData@UIListBox@@@@QAEPAVUIListBoxData@UIListBox@@XZ 009a00a0 f i shell.o
1562	PENDING	0002:001a4bb0       ?construct_array@?$ae_vector@VUIListBoxData@UIListBox@@@@AAEPAVUIListBoxData@UIListBox@@H@Z 009a00b0 f i shell.o
1563	PENDING	0002:001a4c60       ?construct_array@?$ae_vector@Vcolor32@@@@AAEPAVcolor32@@H@Z 009a0160 f i shell.o
1564	PENDING	0002:001a4cb0       ?construct_and_initialize_array@?$ae_vector@Vcolor32@@@@AAEPAVcolor32@@HABV2@@Z 009a01b0 f i shell.o
1565	PENDING	0002:001a4d00       ?construct_and_initialize_array@?$ae_vector@_N@@AAEPA_NHAB_N@Z 009a0200 f i shell.o
1566	PENDING	0002:001a4d40       ?end@?$ae_vector@PAVFEMenuListBoxItem@@@@QAEPAPAVFEMenuListBoxItem@@XZ 009a0240 f i shell.o
1567	PENDING	0002:001a4d50       ?construct_array@?$ae_vector@PAVFEMenuListBoxItem@@@@AAEPAPAVFEMenuListBoxItem@@HH@Z 009a0250 f i shell.o
1568	PENDING	0002:001a4d80       ?begin@?$ae_vector@H@@QAEPAHXZ 009a0280 f i shell.o
1569	PENDING	0002:001a4d90       ?end@?$ae_vector@H@@QAEPAHXZ 009a0290 f i shell.o
1570	PENDING	0002:001a4da0       ?construct_and_initialize_array@?$ae_vector@H@@AAEPAHHABH@Z 009a02a0 f i shell.o
1571	PENDING	0002:001a4df0       ?destroy_all@?$ae_vector@H@@AAEXXZ 009a02f0 f i shell.o
1572	PENDING	0002:001a4e20       ?begin@?$ae_vector@U_XUID@@@@QAEPAU_XUID@@XZ 009a0320 f i shell.o
1573	PENDING	0002:001a4e30       ?end@?$ae_vector@U_XUID@@@@QAEPAU_XUID@@XZ 009a0330 f i shell.o
1574	PENDING	0002:001a4e40       ?construct_and_initialize_array@?$ae_vector@U_XUID@@@@AAEPAU_XUID@@HABU2@@Z 009a0340 f i shell.o
1575	PENDING	0002:001a4ea0       ?destroy_all@?$ae_vector@U_XUID@@@@AAEXXZ 009a03a0 f i shell.o
1576	PENDING	0002:001a4ed0       ??0?$allocator@U?$pair@$$CBV?$basic_string@DU?$char_traits@D@std@@V?$allocator@D@2@@std@@USE_Entry_s@@@std@@@std@@QAE@XZ 009a03d0 f i shell.o
1577	PENDING	0002:001a4ee0       ??0?$allocator@U?$pair@$$CBV?$basic_string@DU?$char_traits@D@std@@V?$allocator@D@2@@std@@H@std@@@std@@QAE@XZ 009a03e0 f i shell.o
1578	PENDING	0002:001a4ef0       ??8const_iterator@?$_Tree@V?$_Tmap_traits@V?$basic_string@DU?$char_traits@D@std@@V?$allocator@D@2@@std@@HU?$less@V?$basic_string@DU?$char_traits@D@std@@V?$allocator@D@2@@std@@@2@V?$allocator@U?$pair@$$CBV?$basic_string@DU?$char_traits@D@std@@V?$allocator@D@2@@std@@H@std@@@2@$0A@@std@@@std@@QBE_NABV012@@Z 009a03f0 f i shell.o
1579	PENDING	0002:001a4f10       ?_Mynode@const_iterator@?$_Tree@V?$_Tmap_traits@V?$basic_string@DU?$char_traits@D@std@@V?$allocator@D@2@@std@@HU?$less@V?$basic_string@DU?$char_traits@D@std@@V?$allocator@D@2@@std@@@2@V?$allocator@U?$pair@$$CBV?$basic_string@DU?$char_traits@D@std@@V?$allocator@D@2@@std@@H@std@@@2@$0A@@std@@@std@@QBEPAU_Node@?$_Tree_nod@V?$_Tmap_traits@V?$basic_string@DU?$char_traits@D@std@@V?$allocator@D@2@@std@@HU?$less@V?$basic_string@DU?$char_traits@D@std@@V?$allocator@D@2@@std@@@2@V?$allocator@U?$pair@$$CBV?$basic_string@DU?$char_traits@D@std@@V?$allocator@D@2@@std@@H@std@@@2@$0A@@std@@@3@XZ 009a0410 f i shell.o
1580	PENDING	0002:001a4f20       ?_Mynode@const_iterator@?$_Tree@V?$_Tmap_traits@V?$basic_string@DU?$char_traits@D@std@@V?$allocator@D@2@@std@@USE_Entry_s@@U?$less@V?$basic_string@DU?$char_traits@D@std@@V?$allocator@D@2@@std@@@2@V?$allocator@U?$pair@$$CBV?$basic_string@DU?$char_traits@D@std@@V?$allocator@D@2@@std@@USE_Entry_s@@@std@@@2@$0A@@std@@@std@@QBEPAU_Node@?$_Tree_nod@V?$_Tmap_traits@V?$basic_string@DU?$char_traits@D@std@@V?$allocator@D@2@@std@@USE_Entry_s@@U?$less@V?$basic_string@DU?$char_traits@D@std@@V?$allocator@D@2@@std@@@2@V?$allocator@U?$pair@$$CBV?$basic_string@DU?$char_traits@D@std@@V?$allocator@D@2@@std@@USE_Entry_s@@@std@@@2@$0A@@std@@@3@XZ 009a0420 f i shell.o
1581	PENDING	0002:001a4f30       ?_Isnil@?$_Tree@V?$_Tset_traits@V?$basic_string@DU?$char_traits@D@std@@V?$allocator@D@2@@std@@U?$less@V?$basic_string@DU?$char_traits@D@std@@V?$allocator@D@2@@std@@@2@V?$allocator@V?$basic_string@DU?$char_traits@D@std@@V?$allocator@D@2@@std@@@2@$0A@@std@@@std@@KAAADPAU_Node@?$_Tree_nod@V?$_Tset_traits@V?$basic_string@DU?$char_traits@D@std@@V?$allocator@D@2@@std@@U?$less@V?$basic_string@DU?$char_traits@D@std@@V?$allocator@D@2@@std@@@2@V?$allocator@V?$basic_string@DU?$char_traits@D@std@@V?$allocator@D@2@@std@@@2@$0A@@std@@@2@@Z 009a0430 f i shell.o
1582	PENDING	0002:001a4f40       ?_Left@?$_Tree@V?$_Tset_traits@V?$basic_string@DU?$char_traits@D@std@@V?$allocator@D@2@@std@@U?$less@V?$basic_string@DU?$char_traits@D@std@@V?$allocator@D@2@@std@@@2@V?$allocator@V?$basic_string@DU?$char_traits@D@std@@V?$allocator@D@2@@std@@@2@$0A@@std@@@std@@KAAAPAU_Node@?$_Tree_nod@V?$_Tset_traits@V?$basic_string@DU?$char_traits@D@std@@V?$allocator@D@2@@std@@U?$less@V?$basic_string@DU?$char_traits@D@std@@V?$allocator@D@2@@std@@@2@V?$allocator@V?$basic_string@DU?$char_traits@D@std@@V?$allocator@D@2@@std@@@2@$0A@@std@@@2@PAU342@@Z 009a0440 f i shell.o
1583	PENDING	0002:001a4f50       ?_Right@?$_Tree@V?$_Tset_traits@V?$basic_string@DU?$char_traits@D@std@@V?$allocator@D@2@@std@@U?$less@V?$basic_string@DU?$char_traits@D@std@@V?$allocator@D@2@@std@@@2@V?$allocator@V?$basic_string@DU?$char_traits@D@std@@V?$allocator@D@2@@std@@@2@$0A@@std@@@std@@KAAAPAU_Node@?$_Tree_nod@V?$_Tset_traits@V?$basic_string@DU?$char_traits@D@std@@V?$allocator@D@2@@std@@U?$less@V?$basic_string@DU?$char_traits@D@std@@V?$allocator@D@2@@std@@@2@V?$allocator@V?$basic_string@DU?$char_traits@D@std@@V?$allocator@D@2@@std@@@2@$0A@@std@@@2@PAU342@@Z 009a0450 f i shell.o
1584	PENDING	0002:001a4f60       ?_Kfn@?$_Tset_traits@V?$basic_string@DU?$char_traits@D@std@@V?$allocator@D@2@@std@@U?$less@V?$basic_string@DU?$char_traits@D@std@@V?$allocator@D@2@@std@@@2@V?$allocator@V?$basic_string@DU?$char_traits@D@std@@V?$allocator@D@2@@std@@@2@$0A@@std@@SAABV?$basic_string@DU?$char_traits@D@std@@V?$allocator@D@2@@2@ABV32@@Z 009a0460 f i shell.o
1585	PENDING	0002:001a4f70       ??0?$pair@Viterator@?$_Tree@V?$_Tset_traits@V?$basic_string@DU?$char_traits@D@std@@V?$allocator@D@2@@std@@U?$less@V?$basic_string@DU?$char_traits@D@std@@V?$allocator@D@2@@std@@@2@V?$allocator@V?$basic_string@DU?$char_traits@D@std@@V?$allocator@D@2@@std@@@2@$0A@@std@@@std@@_N@std@@QAE@ABViterator@?$_Tree@V?$_Tset_traits@V?$basic_string@DU?$char_traits@D@std@@V?$allocator@D@2@@std@@U?$less@V?$basic_string@DU?$char_traits@D@std@@V?$allocator@D@2@@std@@@2@V?$allocator@V?$basic_string@DU?$char_traits@D@std@@V?$allocator@D@2@@std@@@2@$0A@@std@@@1@AB_N@Z 009a0470 f i shell.o
1586	PENDING	0002:001a4f90       ??8const_iterator@?$_Tree@V?$_Tset_traits@V?$basic_string@DU?$char_traits@D@std@@V?$allocator@D@2@@std@@U?$less@V?$basic_string@DU?$char_traits@D@std@@V?$allocator@D@2@@std@@@2@V?$allocator@V?$basic_string@DU?$char_traits@D@std@@V?$allocator@D@2@@std@@@2@$0A@@std@@@std@@QBE_NABV012@@Z 009a0490 f i shell.o
1587	PENDING	0002:001a4fb0       ?_Mynode@const_iterator@?$_Tree@V?$_Tset_traits@V?$basic_string@DU?$char_traits@D@std@@V?$allocator@D@2@@std@@U?$less@V?$basic_string@DU?$char_traits@D@std@@V?$allocator@D@2@@std@@@2@V?$allocator@V?$basic_string@DU?$char_traits@D@std@@V?$allocator@D@2@@std@@@2@$0A@@std@@@std@@QBEPAU_Node@?$_Tree_nod@V?$_Tset_traits@V?$basic_string@DU?$char_traits@D@std@@V?$allocator@D@2@@std@@U?$less@V?$basic_string@DU?$char_traits@D@std@@V?$allocator@D@2@@std@@@2@V?$allocator@V?$basic_string@DU?$char_traits@D@std@@V?$allocator@D@2@@std@@@2@$0A@@std@@@3@XZ 009a04b0 f i shell.o
1588	PENDING	0002:001a4fc0       ?begin@?$ae_vector@PAVPanelQuadSection@@@@QAEPAPAVPanelQuadSection@@XZ 009a04c0 f i shell.o
1589	PENDING	0002:001a4fd0       ?end@?$ae_vector@PAVPanelQuadSection@@@@QAEPAPAVPanelQuadSection@@XZ 009a04d0 f i shell.o
1590	PENDING	0002:001a4fe0       ?construct_array@?$ae_vector@PAVPanelQuadSection@@@@AAEPAPAVPanelQuadSection@@H@Z 009a04e0 f i shell.o
1591	PENDING	0002:001a5010       ?construct_array@?$ae_vector@PAVPanelQuad@@@@AAEPAPAVPanelQuad@@H@Z 009a0510 f i shell.o
1592	PENDING	0002:001a5040       ?construct_array@?$ae_vector@PAVFEText@@@@AAEPAPAVFEText@@H@Z 009a0540 f i shell.o
1593	PENDING	0002:001a5070       ??0?$ae_vector@VUIListBoxItem@UIListBox@@@@QAE@XZ 009a0570 f i shell.o
1594	PENDING	0002:001a5080       ?begin@?$ae_vector@VUIListBoxRow@UIListBox@@@@QAEPAVUIListBoxRow@UIListBox@@XZ 009a0580 f i shell.o
1595	PENDING	0002:001a5090       ?begin@?$ae_vector@VUIListBoxDataRow@UIListBox@@@@QAEPAVUIListBoxDataRow@UIListBox@@XZ 009a0590 f i shell.o
1596	PENDING	0002:001a50a0       ?begin@?$ae_vector@Vcolor32@@@@QAEPAVcolor32@@XZ 009a05a0 f i shell.o
1597	PENDING	0002:001a50b0       ?begin@?$ae_vector@_N@@QAEPA_NXZ 009a05b0 f i shell.o
1598	PENDING	0002:001a50c0       ?begin@?$ae_vector@PAVFEMenuListBoxItem@@@@QAEPAPAVFEMenuListBoxItem@@XZ 009a05c0 f i shell.o
1599	PENDING	0002:001a50d0       ?_Isnil@?$_Tree@V?$_Tmap_traits@V?$basic_string@DU?$char_traits@D@std@@V?$allocator@D@2@@std@@USE_Entry_s@@U?$less@V?$basic_string@DU?$char_traits@D@std@@V?$allocator@D@2@@std@@@2@V?$allocator@U?$pair@$$CBV?$basic_string@DU?$char_traits@D@std@@V?$allocator@D@2@@std@@USE_Entry_s@@@std@@@2@$0A@@std@@@std@@KAAADPAU_Node@?$_Tree_nod@V?$_Tmap_traits@V?$basic_string@DU?$char_traits@D@std@@V?$allocator@D@2@@std@@USE_Entry_s@@U?$less@V?$basic_string@DU?$char_traits@D@std@@V?$allocator@D@2@@std@@@2@V?$allocator@U?$pair@$$CBV?$basic_string@DU?$char_traits@D@std@@V?$allocator@D@2@@std@@USE_Entry_s@@@std@@@2@$0A@@std@@@2@@Z 009a05d0 f i shell.o
1600	PENDING	0002:001a50e0       ?_Left@?$_Tree@V?$_Tmap_traits@V?$basic_string@DU?$char_traits@D@std@@V?$allocator@D@2@@std@@USE_Entry_s@@U?$less@V?$basic_string@DU?$char_traits@D@std@@V?$allocator@D@2@@std@@@2@V?$allocator@U?$pair@$$CBV?$basic_string@DU?$char_traits@D@std@@V?$allocator@D@2@@std@@USE_Entry_s@@@std@@@2@$0A@@std@@@std@@KAAAPAU_Node@?$_Tree_nod@V?$_Tmap_traits@V?$basic_string@DU?$char_traits@D@std@@V?$allocator@D@2@@std@@USE_Entry_s@@U?$less@V?$basic_string@DU?$char_traits@D@std@@V?$allocator@D@2@@std@@@2@V?$allocator@U?$pair@$$CBV?$basic_string@DU?$char_traits@D@std@@V?$allocator@D@2@@std@@USE_Entry_s@@@std@@@2@$0A@@std@@@2@PAU342@@Z 009a05e0 f i shell.o
1601	PENDING	0002:001a50f0       ?_Parent@?$_Tree@V?$_Tmap_traits@V?$basic_string@DU?$char_traits@D@std@@V?$allocator@D@2@@std@@USE_Entry_s@@U?$less@V?$basic_string@DU?$char_traits@D@std@@V?$allocator@D@2@@std@@@2@V?$allocator@U?$pair@$$CBV?$basic_string@DU?$char_traits@D@std@@V?$allocator@D@2@@std@@USE_Entry_s@@@std@@@2@$0A@@std@@@std@@KAAAPAU_Node@?$_Tree_nod@V?$_Tmap_traits@V?$basic_string@DU?$char_traits@D@std@@V?$allocator@D@2@@std@@USE_Entry_s@@U?$less@V?$basic_string@DU?$char_traits@D@std@@V?$allocator@D@2@@std@@@2@V?$allocator@U?$pair@$$CBV?$basic_string@DU?$char_traits@D@std@@V?$allocator@D@2@@std@@USE_Entry_s@@@std@@@2@$0A@@std@@@2@PAU342@@Z 009a05f0 f i shell.o
1602	PENDING	0002:001a5100       ?_Right@?$_Tree@V?$_Tmap_traits@V?$basic_string@DU?$char_traits@D@std@@V?$allocator@D@2@@std@@USE_Entry_s@@U?$less@V?$basic_string@DU?$char_traits@D@std@@V?$allocator@D@2@@std@@@2@V?$allocator@U?$pair@$$CBV?$basic_string@DU?$char_traits@D@std@@V?$allocator@D@2@@std@@USE_Entry_s@@@std@@@2@$0A@@std@@@std@@KAAAPAU_Node@?$_Tree_nod@V?$_Tmap_traits@V?$basic_string@DU?$char_traits@D@std@@V?$allocator@D@2@@std@@USE_Entry_s@@U?$less@V?$basic_string@DU?$char_traits@D@std@@V?$allocator@D@2@@std@@@2@V?$allocator@U?$pair@$$CBV?$basic_string@DU?$char_traits@D@std@@V?$allocator@D@2@@std@@USE_Entry_s@@@std@@@2@$0A@@std@@@2@PAU342@@Z 009a0600 f i shell.o
1603	PENDING	0002:001a5110       ?_Myval@?$_Tree@V?$_Tmap_traits@V?$basic_string@DU?$char_traits@D@std@@V?$allocator@D@2@@std@@USE_Entry_s@@U?$less@V?$basic_string@DU?$char_traits@D@std@@V?$allocator@D@2@@std@@@2@V?$allocator@U?$pair@$$CBV?$basic_string@DU?$char_traits@D@std@@V?$allocator@D@2@@std@@USE_Entry_s@@@std@@@2@$0A@@std@@@std@@KAAAU?$pair@$$CBV?$basic_string@DU?$char_traits@D@std@@V?$allocator@D@2@@std@@USE_Entry_s@@@2@PAU_Node@?$_Tree_nod@V?$_Tmap_traits@V?$basic_string@DU?$char_traits@D@std@@V?$allocator@D@2@@std@@USE_Entry_s@@U?$less@V?$basic_string@DU?$char_traits@D@std@@V?$allocator@D@2@@std@@@2@V?$allocator@U?$pair@$$CBV?$basic_string@DU?$char_traits@D@std@@V?$allocator@D@2@@std@@USE_Entry_s@@@std@@@2@$0A@@std@@@2@@Z 009a0610 f i shell.o
1604	PENDING	0002:001a5120       ?size@?$_Tree@V?$_Tmap_traits@V?$basic_string@DU?$char_traits@D@std@@V?$allocator@D@2@@std@@USE_Entry_s@@U?$less@V?$basic_string@DU?$char_traits@D@std@@V?$allocator@D@2@@std@@@2@V?$allocator@U?$pair@$$CBV?$basic_string@DU?$char_traits@D@std@@V?$allocator@D@2@@std@@USE_Entry_s@@@std@@@2@$0A@@std@@@std@@QBEIXZ 009a0620 f i shell.o
1605	PENDING	0002:001a5130       ?_Kfn@?$_Tmap_traits@V?$basic_string@DU?$char_traits@D@std@@V?$allocator@D@2@@std@@USE_Entry_s@@U?$less@V?$basic_string@DU?$char_traits@D@std@@V?$allocator@D@2@@std@@@2@V?$allocator@U?$pair@$$CBV?$basic_string@DU?$char_traits@D@std@@V?$allocator@D@2@@std@@USE_Entry_s@@@std@@@2@$0A@@std@@SAABV?$basic_string@DU?$char_traits@D@std@@V?$allocator@D@2@@2@ABU?$pair@$$CBV?$basic_string@DU?$char_traits@D@std@@V?$allocator@D@2@@std@@USE_Entry_s@@@2@@Z 009a0630 f i shell.o
1606	PENDING	0002:001a5140       ??0?$allocator@U?$pair@$$CBV?$basic_string@DU?$char_traits@D@std@@V?$allocator@D@2@@std@@USE_Entry_s@@@std@@@std@@QAE@ABV01@@Z 009a0640 f i shell.o
1607	PENDING	0002:001a5150       ?deallocate@?$allocator@U_Node@?$_Tree_nod@V?$_Tmap_traits@V?$basic_string@DU?$char_traits@D@std@@V?$allocator@D@2@@std@@USE_Entry_s@@U?$less@V?$basic_string@DU?$char_traits@D@std@@V?$allocator@D@2@@std@@@2@V?$allocator@U?$pair@$$CBV?$basic_string@DU?$char_traits@D@std@@V?$allocator@D@2@@std@@USE_Entry_s@@@std@@@2@$0A@@std@@@std@@@std@@QAEXPAU_Node@?$_Tree_nod@V?$_Tmap_traits@V?$basic_string@DU?$char_traits@D@std@@V?$allocator@D@2@@std@@USE_Entry_s@@U?$less@V?$basic_string@DU?$char_traits@D@std@@V?$allocator@D@2@@std@@@2@V?$allocator@U?$pair@$$CBV?$basic_string@DU?$char_traits@D@std@@V?$allocator@D@2@@std@@USE_Entry_s@@@std@@@2@$0A@@std@@@2@I@Z 009a0650 f i shell.o
1608	PENDING	0002:001a5170       ?_Isnil@?$_Tree@V?$_Tmap_traits@V?$basic_string@DU?$char_traits@D@std@@V?$allocator@D@2@@std@@HU?$less@V?$basic_string@DU?$char_traits@D@std@@V?$allocator@D@2@@std@@@2@V?$allocator@U?$pair@$$CBV?$basic_string@DU?$char_traits@D@std@@V?$allocator@D@2@@std@@H@std@@@2@$0A@@std@@@std@@KAAADPAU_Node@?$_Tree_nod@V?$_Tmap_traits@V?$basic_string@DU?$char_traits@D@std@@V?$allocator@D@2@@std@@HU?$less@V?$basic_string@DU?$char_traits@D@std@@V?$allocator@D@2@@std@@@2@V?$allocator@U?$pair@$$CBV?$basic_string@DU?$char_traits@D@std@@V?$allocator@D@2@@std@@H@std@@@2@$0A@@std@@@2@@Z 009a0670 f i shell.o
1609	PENDING	0002:001a5180       ?_Left@?$_Tree@V?$_Tmap_traits@V?$basic_string@DU?$char_traits@D@std@@V?$allocator@D@2@@std@@HU?$less@V?$basic_string@DU?$char_traits@D@std@@V?$allocator@D@2@@std@@@2@V?$allocator@U?$pair@$$CBV?$basic_string@DU?$char_traits@D@std@@V?$allocator@D@2@@std@@H@std@@@2@$0A@@std@@@std@@KAAAPAU_Node@?$_Tree_nod@V?$_Tmap_traits@V?$basic_string@DU?$char_traits@D@std@@V?$allocator@D@2@@std@@HU?$less@V?$basic_string@DU?$char_traits@D@std@@V?$allocator@D@2@@std@@@2@V?$allocator@U?$pair@$$CBV?$basic_string@DU?$char_traits@D@std@@V?$allocator@D@2@@std@@H@std@@@2@$0A@@std@@@2@PAU342@@Z 009a0680 f i shell.o
1610	PENDING	0002:001a5190       ?_Parent@?$_Tree@V?$_Tmap_traits@V?$basic_string@DU?$char_traits@D@std@@V?$allocator@D@2@@std@@HU?$less@V?$basic_string@DU?$char_traits@D@std@@V?$allocator@D@2@@std@@@2@V?$allocator@U?$pair@$$CBV?$basic_string@DU?$char_traits@D@std@@V?$allocator@D@2@@std@@H@std@@@2@$0A@@std@@@std@@KAAAPAU_Node@?$_Tree_nod@V?$_Tmap_traits@V?$basic_string@DU?$char_traits@D@std@@V?$allocator@D@2@@std@@HU?$less@V?$basic_string@DU?$char_traits@D@std@@V?$allocator@D@2@@std@@@2@V?$allocator@U?$pair@$$CBV?$basic_string@DU?$char_traits@D@std@@V?$allocator@D@2@@std@@H@std@@@2@$0A@@std@@@2@PAU342@@Z 009a0690 f i shell.o
1611	PENDING	0002:001a51a0       ?_Right@?$_Tree@V?$_Tmap_traits@V?$basic_string@DU?$char_traits@D@std@@V?$allocator@D@2@@std@@HU?$less@V?$basic_string@DU?$char_traits@D@std@@V?$allocator@D@2@@std@@@2@V?$allocator@U?$pair@$$CBV?$basic_string@DU?$char_traits@D@std@@V?$allocator@D@2@@std@@H@std@@@2@$0A@@std@@@std@@KAAAPAU_Node@?$_Tree_nod@V?$_Tmap_traits@V?$basic_string@DU?$char_traits@D@std@@V?$allocator@D@2@@std@@HU?$less@V?$basic_string@DU?$char_traits@D@std@@V?$allocator@D@2@@std@@@2@V?$allocator@U?$pair@$$CBV?$basic_string@DU?$char_traits@D@std@@V?$allocator@D@2@@std@@H@std@@@2@$0A@@std@@@2@PAU342@@Z 009a06a0 f i shell.o
1612	PENDING	0002:001a51b0       ?_Myval@?$_Tree@V?$_Tmap_traits@V?$basic_string@DU?$char_traits@D@std@@V?$allocator@D@2@@std@@HU?$less@V?$basic_string@DU?$char_traits@D@std@@V?$allocator@D@2@@std@@@2@V?$allocator@U?$pair@$$CBV?$basic_string@DU?$char_traits@D@std@@V?$allocator@D@2@@std@@H@std@@@2@$0A@@std@@@std@@KAAAU?$pair@$$CBV?$basic_string@DU?$char_traits@D@std@@V?$allocator@D@2@@std@@H@2@PAU_Node@?$_Tree_nod@V?$_Tmap_traits@V?$basic_string@DU?$char_traits@D@std@@V?$allocator@D@2@@std@@HU?$less@V?$basic_string@DU?$char_traits@D@std@@V?$allocator@D@2@@std@@@2@V?$allocator@U?$pair@$$CBV?$basic_string@DU?$char_traits@D@std@@V?$allocator@D@2@@std@@H@std@@@2@$0A@@std@@@2@@Z 009a06b0 f i shell.o
1613	PENDING	0002:001a51c0       ?size@?$_Tree@V?$_Tmap_traits@V?$basic_string@DU?$char_traits@D@std@@V?$allocator@D@2@@std@@HU?$less@V?$basic_string@DU?$char_traits@D@std@@V?$allocator@D@2@@std@@@2@V?$allocator@U?$pair@$$CBV?$basic_string@DU?$char_traits@D@std@@V?$allocator@D@2@@std@@H@std@@@2@$0A@@std@@@std@@QBEIXZ 009a06c0 f i shell.o
1614	PENDING	0002:001a51d0       ?_Kfn@?$_Tmap_traits@V?$basic_string@DU?$char_traits@D@std@@V?$allocator@D@2@@std@@HU?$less@V?$basic_string@DU?$char_traits@D@std@@V?$allocator@D@2@@std@@@2@V?$allocator@U?$pair@$$CBV?$basic_string@DU?$char_traits@D@std@@V?$allocator@D@2@@std@@H@std@@@2@$0A@@std@@SAABV?$basic_string@DU?$char_traits@D@std@@V?$allocator@D@2@@2@ABU?$pair@$$CBV?$basic_string@DU?$char_traits@D@std@@V?$allocator@D@2@@std@@H@2@@Z 009a06d0 f i shell.o
1615	PENDING	0002:001a51e0       ??0?$allocator@U?$pair@$$CBV?$basic_string@DU?$char_traits@D@std@@V?$allocator@D@2@@std@@H@std@@@std@@QAE@ABV01@@Z 009a06e0 f i shell.o
1616	PENDING	0002:001a51f0       ?deallocate@?$allocator@U_Node@?$_Tree_nod@V?$_Tmap_traits@V?$basic_string@DU?$char_traits@D@std@@V?$allocator@D@2@@std@@HU?$less@V?$basic_string@DU?$char_traits@D@std@@V?$allocator@D@2@@std@@@2@V?$allocator@U?$pair@$$CBV?$basic_string@DU?$char_traits@D@std@@V?$allocator@D@2@@std@@H@std@@@2@$0A@@std@@@std@@@std@@QAEXPAU_Node@?$_Tree_nod@V?$_Tmap_traits@V?$basic_string@DU?$char_traits@D@std@@V?$allocator@D@2@@std@@HU?$less@V?$basic_string@DU?$char_traits@D@std@@V?$allocator@D@2@@std@@@2@V?$allocator@U?$pair@$$CBV?$basic_string@DU?$char_traits@D@std@@V?$allocator@D@2@@std@@H@std@@@2@$0A@@std@@@2@I@Z 009a06f0 f i shell.o
1617	PENDING	0002:001a5210       ??0const_iterator@?$_Tree@V?$_Tmap_traits@V?$basic_string@DU?$char_traits@D@std@@V?$allocator@D@2@@std@@HU?$less@V?$basic_string@DU?$char_traits@D@std@@V?$allocator@D@2@@std@@@2@V?$allocator@U?$pair@$$CBV?$basic_string@DU?$char_traits@D@std@@V?$allocator@D@2@@std@@H@std@@@2@$0A@@std@@@std@@QAE@PAU_Node@?$_Tree_nod@V?$_Tmap_traits@V?$basic_string@DU?$char_traits@D@std@@V?$allocator@D@2@@std@@HU?$less@V?$basic_string@DU?$char_traits@D@std@@V?$allocator@D@2@@std@@@2@V?$allocator@U?$pair@$$CBV?$basic_string@DU?$char_traits@D@std@@V?$allocator@D@2@@std@@H@std@@@2@$0A@@std@@@2@@Z 009a0710 f i shell.o
1618	PENDING	0002:001a5230       ??0const_iterator@?$_Tree@V?$_Tmap_traits@V?$basic_string@DU?$char_traits@D@std@@V?$allocator@D@2@@std@@USE_Entry_s@@U?$less@V?$basic_string@DU?$char_traits@D@std@@V?$allocator@D@2@@std@@@2@V?$allocator@U?$pair@$$CBV?$basic_string@DU?$char_traits@D@std@@V?$allocator@D@2@@std@@USE_Entry_s@@@std@@@2@$0A@@std@@@std@@QAE@PAU_Node@?$_Tree_nod@V?$_Tmap_traits@V?$basic_string@DU?$char_traits@D@std@@V?$allocator@D@2@@std@@USE_Entry_s@@U?$less@V?$basic_string@DU?$char_traits@D@std@@V?$allocator@D@2@@std@@@2@V?$allocator@U?$pair@$$CBV?$basic_string@DU?$char_traits@D@std@@V?$allocator@D@2@@std@@USE_Entry_s@@@std@@@2@$0A@@std@@@2@@Z 009a0730 f i shell.o
1619	PENDING	0002:001a5250       ?_Color@?$_Tree@V?$_Tset_traits@V?$basic_string@DU?$char_traits@D@std@@V?$allocator@D@2@@std@@U?$less@V?$basic_string@DU?$char_traits@D@std@@V?$allocator@D@2@@std@@@2@V?$allocator@V?$basic_string@DU?$char_traits@D@std@@V?$allocator@D@2@@std@@@2@$0A@@std@@@std@@KAAADPAU_Node@?$_Tree_nod@V?$_Tset_traits@V?$basic_string@DU?$char_traits@D@std@@V?$allocator@D@2@@std@@U?$less@V?$basic_string@DU?$char_traits@D@std@@V?$allocator@D@2@@std@@@2@V?$allocator@V?$basic_string@DU?$char_traits@D@std@@V?$allocator@D@2@@std@@@2@$0A@@std@@@2@@Z 009a0750 f i shell.o
1620	PENDING	0002:001a5260       ?_Parent@?$_Tree@V?$_Tset_traits@V?$basic_string@DU?$char_traits@D@std@@V?$allocator@D@2@@std@@U?$less@V?$basic_string@DU?$char_traits@D@std@@V?$allocator@D@2@@std@@@2@V?$allocator@V?$basic_string@DU?$char_traits@D@std@@V?$allocator@D@2@@std@@@2@$0A@@std@@@std@@KAAAPAU_Node@?$_Tree_nod@V?$_Tset_traits@V?$basic_string@DU?$char_traits@D@std@@V?$allocator@D@2@@std@@U?$less@V?$basic_string@DU?$char_traits@D@std@@V?$allocator@D@2@@std@@@2@V?$allocator@V?$basic_string@DU?$char_traits@D@std@@V?$allocator@D@2@@std@@@2@$0A@@std@@@2@PAU342@@Z 009a0760 f i shell.o
1621	PENDING	0002:001a5270       ?_Myval@?$_Tree@V?$_Tset_traits@V?$basic_string@DU?$char_traits@D@std@@V?$allocator@D@2@@std@@U?$less@V?$basic_string@DU?$char_traits@D@std@@V?$allocator@D@2@@std@@@2@V?$allocator@V?$basic_string@DU?$char_traits@D@std@@V?$allocator@D@2@@std@@@2@$0A@@std@@@std@@KAAAV?$basic_string@DU?$char_traits@D@std@@V?$allocator@D@2@@2@PAU_Node@?$_Tree_nod@V?$_Tset_traits@V?$basic_string@DU?$char_traits@D@std@@V?$allocator@D@2@@std@@U?$less@V?$basic_string@DU?$char_traits@D@std@@V?$allocator@D@2@@std@@@2@V?$allocator@V?$basic_string@DU?$char_traits@D@std@@V?$allocator@D@2@@std@@@2@$0A@@std@@@2@@Z 009a0770 f i shell.o
1622	PENDING	0002:001a5280       ?_Lmost@?$_Tree@V?$_Tset_traits@V?$basic_string@DU?$char_traits@D@std@@V?$allocator@D@2@@std@@U?$less@V?$basic_string@DU?$char_traits@D@std@@V?$allocator@D@2@@std@@@2@V?$allocator@V?$basic_string@DU?$char_traits@D@std@@V?$allocator@D@2@@std@@@2@$0A@@std@@@std@@IAEAAPAU_Node@?$_Tree_nod@V?$_Tset_traits@V?$basic_string@DU?$char_traits@D@std@@V?$allocator@D@2@@std@@U?$less@V?$basic_string@DU?$char_traits@D@std@@V?$allocator@D@2@@std@@@2@V?$allocator@V?$basic_string@DU?$char_traits@D@std@@V?$allocator@D@2@@std@@@2@$0A@@std@@@2@XZ 009a0780 f i shell.o
1623	PENDING	0002:001a5290       ?_Rmost@?$_Tree@V?$_Tset_traits@V?$basic_string@DU?$char_traits@D@std@@V?$allocator@D@2@@std@@U?$less@V?$basic_string@DU?$char_traits@D@std@@V?$allocator@D@2@@std@@@2@V?$allocator@V?$basic_string@DU?$char_traits@D@std@@V?$allocator@D@2@@std@@@2@$0A@@std@@@std@@IAEAAPAU_Node@?$_Tree_nod@V?$_Tset_traits@V?$basic_string@DU?$char_traits@D@std@@V?$allocator@D@2@@std@@U?$less@V?$basic_string@DU?$char_traits@D@std@@V?$allocator@D@2@@std@@@2@V?$allocator@V?$basic_string@DU?$char_traits@D@std@@V?$allocator@D@2@@std@@@2@$0A@@std@@@2@XZ 009a0790 f i shell.o
1624	PENDING	0002:001a52a0       ?deallocate@?$allocator@U_Node@?$_Tree_nod@V?$_Tset_traits@V?$basic_string@DU?$char_traits@D@std@@V?$allocator@D@2@@std@@U?$less@V?$basic_string@DU?$char_traits@D@std@@V?$allocator@D@2@@std@@@2@V?$allocator@V?$basic_string@DU?$char_traits@D@std@@V?$allocator@D@2@@std@@@2@$0A@@std@@@std@@@std@@QAEXPAU_Node@?$_Tree_nod@V?$_Tset_traits@V?$basic_string@DU?$char_traits@D@std@@V?$allocator@D@2@@std@@U?$less@V?$basic_string@DU?$char_traits@D@std@@V?$allocator@D@2@@std@@@2@V?$allocator@V?$basic_string@DU?$char_traits@D@std@@V?$allocator@D@2@@std@@@2@$0A@@std@@@2@I@Z 009a07a0 f i shell.o
1625	PENDING	0002:001a52c0       ??0const_iterator@?$_Tree@V?$_Tset_traits@V?$basic_string@DU?$char_traits@D@std@@V?$allocator@D@2@@std@@U?$less@V?$basic_string@DU?$char_traits@D@std@@V?$allocator@D@2@@std@@@2@V?$allocator@V?$basic_string@DU?$char_traits@D@std@@V?$allocator@D@2@@std@@@2@$0A@@std@@@std@@QAE@PAU_Node@?$_Tree_nod@V?$_Tset_traits@V?$basic_string@DU?$char_traits@D@std@@V?$allocator@D@2@@std@@U?$less@V?$basic_string@DU?$char_traits@D@std@@V?$allocator@D@2@@std@@@2@V?$allocator@V?$basic_string@DU?$char_traits@D@std@@V?$allocator@D@2@@std@@@2@$0A@@std@@@2@@Z 009a07c0 f i shell.o
1626	PENDING	0002:001a52e0       ??0?$pair@Vconst_iterator@?$_Tree@V?$_Tset_traits@V?$basic_string@DU?$char_traits@D@std@@V?$allocator@D@2@@std@@U?$less@V?$basic_string@DU?$char_traits@D@std@@V?$allocator@D@2@@std@@@2@V?$allocator@V?$basic_string@DU?$char_traits@D@std@@V?$allocator@D@2@@std@@@2@$0A@@std@@@std@@V123@@std@@QAE@ABVconst_iterator@?$_Tree@V?$_Tset_traits@V?$basic_string@DU?$char_traits@D@std@@V?$allocator@D@2@@std@@U?$less@V?$basic_string@DU?$char_traits@D@std@@V?$allocator@D@2@@std@@@2@V?$allocator@V?$basic_string@DU?$char_traits@D@std@@V?$allocator@D@2@@std@@@2@$0A@@std@@@1@0@Z 009a07e0 f i shell.o
1627	PENDING	0002:001a5300       ?_Color@?$_Tree@V?$_Tmap_traits@V?$basic_string@DU?$char_traits@D@std@@V?$allocator@D@2@@std@@USE_Entry_s@@U?$less@V?$basic_string@DU?$char_traits@D@std@@V?$allocator@D@2@@std@@@2@V?$allocator@U?$pair@$$CBV?$basic_string@DU?$char_traits@D@std@@V?$allocator@D@2@@std@@USE_Entry_s@@@std@@@2@$0A@@std@@@std@@KAAADPAU_Node@?$_Tree_nod@V?$_Tmap_traits@V?$basic_string@DU?$char_traits@D@std@@V?$allocator@D@2@@std@@USE_Entry_s@@U?$less@V?$basic_string@DU?$char_traits@D@std@@V?$allocator@D@2@@std@@@2@V?$allocator@U?$pair@$$CBV?$basic_string@DU?$char_traits@D@std@@V?$allocator@D@2@@std@@USE_Entry_s@@@std@@@2@$0A@@std@@@2@@Z 009a0800 f i shell.o
1628	PENDING	0002:001a5310       ?_Root@?$_Tree@V?$_Tmap_traits@V?$basic_string@DU?$char_traits@D@std@@V?$allocator@D@2@@std@@USE_Entry_s@@U?$less@V?$basic_string@DU?$char_traits@D@std@@V?$allocator@D@2@@std@@@2@V?$allocator@U?$pair@$$CBV?$basic_string@DU?$char_traits@D@std@@V?$allocator@D@2@@std@@USE_Entry_s@@@std@@@2@$0A@@std@@@std@@IBEAAPAU_Node@?$_Tree_nod@V?$_Tmap_traits@V?$basic_string@DU?$char_traits@D@std@@V?$allocator@D@2@@std@@USE_Entry_s@@U?$less@V?$basic_string@DU?$char_traits@D@std@@V?$allocator@D@2@@std@@@2@V?$allocator@U?$pair@$$CBV?$basic_string@DU?$char_traits@D@std@@V?$allocator@D@2@@std@@USE_Entry_s@@@std@@@2@$0A@@std@@@2@XZ 009a0810 f i shell.o
1629	PENDING	0002:001a5320       ?_Color@?$_Tree@V?$_Tmap_traits@V?$basic_string@DU?$char_traits@D@std@@V?$allocator@D@2@@std@@HU?$less@V?$basic_string@DU?$char_traits@D@std@@V?$allocator@D@2@@std@@@2@V?$allocator@U?$pair@$$CBV?$basic_string@DU?$char_traits@D@std@@V?$allocator@D@2@@std@@H@std@@@2@$0A@@std@@@std@@KAAADPAU_Node@?$_Tree_nod@V?$_Tmap_traits@V?$basic_string@DU?$char_traits@D@std@@V?$allocator@D@2@@std@@HU?$less@V?$basic_string@DU?$char_traits@D@std@@V?$allocator@D@2@@std@@@2@V?$allocator@U?$pair@$$CBV?$basic_string@DU?$char_traits@D@std@@V?$allocator@D@2@@std@@H@std@@@2@$0A@@std@@@2@@Z 009a0820 f i shell.o
1630	PENDING	0002:001a5330       ?_Root@?$_Tree@V?$_Tmap_traits@V?$basic_string@DU?$char_traits@D@std@@V?$allocator@D@2@@std@@HU?$less@V?$basic_string@DU?$char_traits@D@std@@V?$allocator@D@2@@std@@@2@V?$allocator@U?$pair@$$CBV?$basic_string@DU?$char_traits@D@std@@V?$allocator@D@2@@std@@H@std@@@2@$0A@@std@@@std@@IBEAAPAU_Node@?$_Tree_nod@V?$_Tmap_traits@V?$basic_string@DU?$char_traits@D@std@@V?$allocator@D@2@@std@@HU?$less@V?$basic_string@DU?$char_traits@D@std@@V?$allocator@D@2@@std@@@2@V?$allocator@U?$pair@$$CBV?$basic_string@DU?$char_traits@D@std@@V?$allocator@D@2@@std@@H@std@@@2@$0A@@std@@@2@XZ 009a0830 f i shell.o
1631	PENDING	0002:001a5340       ??0const_iterator@?$_Tree@V?$_Tmap_traits@V?$basic_string@DU?$char_traits@D@std@@V?$allocator@D@2@@std@@HU?$less@V?$basic_string@DU?$char_traits@D@std@@V?$allocator@D@2@@std@@@2@V?$allocator@U?$pair@$$CBV?$basic_string@DU?$char_traits@D@std@@V?$allocator@D@2@@std@@H@std@@@2@$0A@@std@@@std@@QAE@XZ 009a0840 f i shell.o
1632	PENDING	0002:001a5350       ??0const_iterator@?$_Tree@V?$_Tmap_traits@V?$basic_string@DU?$char_traits@D@std@@V?$allocator@D@2@@std@@USE_Entry_s@@U?$less@V?$basic_string@DU?$char_traits@D@std@@V?$allocator@D@2@@std@@@2@V?$allocator@U?$pair@$$CBV?$basic_string@DU?$char_traits@D@std@@V?$allocator@D@2@@std@@USE_Entry_s@@@std@@@2@$0A@@std@@@std@@QAE@XZ 009a0850 f i shell.o
1633	PENDING	0002:001a5360       ??9const_iterator@?$_Tree@V?$_Tset_traits@V?$basic_string@DU?$char_traits@D@std@@V?$allocator@D@2@@std@@U?$less@V?$basic_string@DU?$char_traits@D@std@@V?$allocator@D@2@@std@@@2@V?$allocator@V?$basic_string@DU?$char_traits@D@std@@V?$allocator@D@2@@std@@@2@$0A@@std@@@std@@QBE_NABV012@@Z 009a0860 f i shell.o
1634	PENDING	0002:001a5380       ??0?$pair@Viterator@?$_Tree@V?$_Tmap_traits@V?$basic_string@DU?$char_traits@D@std@@V?$allocator@D@2@@std@@USE_Entry_s@@U?$less@V?$basic_string@DU?$char_traits@D@std@@V?$allocator@D@2@@std@@@2@V?$allocator@U?$pair@$$CBV?$basic_string@DU?$char_traits@D@std@@V?$allocator@D@2@@std@@USE_Entry_s@@@std@@@2@$0A@@std@@@std@@_N@std@@QAE@ABViterator@?$_Tree@V?$_Tmap_traits@V?$basic_string@DU?$char_traits@D@std@@V?$allocator@D@2@@std@@USE_Entry_s@@U?$less@V?$basic_string@DU?$char_traits@D@std@@V?$allocator@D@2@@std@@@2@V?$allocator@U?$pair@$$CBV?$basic_string@DU?$char_traits@D@std@@V?$allocator@D@2@@std@@USE_Entry_s@@@std@@@2@$0A@@std@@@1@AB_N@Z 009a0880 f i shell.o
1635	PENDING	0002:001a53a0       ??0?$pair@Viterator@?$_Tree@V?$_Tmap_traits@V?$basic_string@DU?$char_traits@D@std@@V?$allocator@D@2@@std@@HU?$less@V?$basic_string@DU?$char_traits@D@std@@V?$allocator@D@2@@std@@@2@V?$allocator@U?$pair@$$CBV?$basic_string@DU?$char_traits@D@std@@V?$allocator@D@2@@std@@H@std@@@2@$0A@@std@@@std@@_N@std@@QAE@ABViterator@?$_Tree@V?$_Tmap_traits@V?$basic_string@DU?$char_traits@D@std@@V?$allocator@D@2@@std@@HU?$less@V?$basic_string@DU?$char_traits@D@std@@V?$allocator@D@2@@std@@@2@V?$allocator@U?$pair@$$CBV?$basic_string@DU?$char_traits@D@std@@V?$allocator@D@2@@std@@H@std@@@2@$0A@@std@@@1@AB_N@Z 009a08a0 f i shell.o
1636	PENDING	0002:001a53c0       ?_Max@?$_Tree@V?$_Tmap_traits@V?$basic_string@DU?$char_traits@D@std@@V?$allocator@D@2@@std@@USE_Entry_s@@U?$less@V?$basic_string@DU?$char_traits@D@std@@V?$allocator@D@2@@std@@@2@V?$allocator@U?$pair@$$CBV?$basic_string@DU?$char_traits@D@std@@V?$allocator@D@2@@std@@USE_Entry_s@@@std@@@2@$0A@@std@@@std@@KAPAU_Node@?$_Tree_nod@V?$_Tmap_traits@V?$basic_string@DU?$char_traits@D@std@@V?$allocator@D@2@@std@@USE_Entry_s@@U?$less@V?$basic_string@DU?$char_traits@D@std@@V?$allocator@D@2@@std@@@2@V?$allocator@U?$pair@$$CBV?$basic_string@DU?$char_traits@D@std@@V?$allocator@D@2@@std@@USE_Entry_s@@@std@@@2@$0A@@std@@@2@PAU342@@Z 009a08c0 f i shell.o
1637	PENDING	0002:001a53f0       ?_Min@?$_Tree@V?$_Tmap_traits@V?$basic_string@DU?$char_traits@D@std@@V?$allocator@D@2@@std@@USE_Entry_s@@U?$less@V?$basic_string@DU?$char_traits@D@std@@V?$allocator@D@2@@std@@@2@V?$allocator@U?$pair@$$CBV?$basic_string@DU?$char_traits@D@std@@V?$allocator@D@2@@std@@USE_Entry_s@@@std@@@2@$0A@@std@@@std@@KAPAU_Node@?$_Tree_nod@V?$_Tmap_traits@V?$basic_string@DU?$char_traits@D@std@@V?$allocator@D@2@@std@@USE_Entry_s@@U?$less@V?$basic_string@DU?$char_traits@D@std@@V?$allocator@D@2@@std@@@2@V?$allocator@U?$pair@$$CBV?$basic_string@DU?$char_traits@D@std@@V?$allocator@D@2@@std@@USE_Entry_s@@@std@@@2@$0A@@std@@@2@PAU342@@Z 009a08f0 f i shell.o
1638	PENDING	0002:001a5420       ?max_size@?$allocator@U?$pair@$$CBV?$basic_string@DU?$char_traits@D@std@@V?$allocator@D@2@@std@@USE_Entry_s@@@std@@@std@@QBEIXZ 009a0920 f i shell.o
1639	PENDING	0002:001a5430       ?_Max@?$_Tree@V?$_Tmap_traits@V?$basic_string@DU?$char_traits@D@std@@V?$allocator@D@2@@std@@HU?$less@V?$basic_string@DU?$char_traits@D@std@@V?$allocator@D@2@@std@@@2@V?$allocator@U?$pair@$$CBV?$basic_string@DU?$char_traits@D@std@@V?$allocator@D@2@@std@@H@std@@@2@$0A@@std@@@std@@KAPAU_Node@?$_Tree_nod@V?$_Tmap_traits@V?$basic_string@DU?$char_traits@D@std@@V?$allocator@D@2@@std@@HU?$less@V?$basic_string@DU?$char_traits@D@std@@V?$allocator@D@2@@std@@@2@V?$allocator@U?$pair@$$CBV?$basic_string@DU?$char_traits@D@std@@V?$allocator@D@2@@std@@H@std@@@2@$0A@@std@@@2@PAU342@@Z 009a0930 f i shell.o
1640	PENDING	0002:001a5460       ?_Min@?$_Tree@V?$_Tmap_traits@V?$basic_string@DU?$char_traits@D@std@@V?$allocator@D@2@@std@@HU?$less@V?$basic_string@DU?$char_traits@D@std@@V?$allocator@D@2@@std@@@2@V?$allocator@U?$pair@$$CBV?$basic_string@DU?$char_traits@D@std@@V?$allocator@D@2@@std@@H@std@@@2@$0A@@std@@@std@@KAPAU_Node@?$_Tree_nod@V?$_Tmap_traits@V?$basic_string@DU?$char_traits@D@std@@V?$allocator@D@2@@std@@HU?$less@V?$basic_string@DU?$char_traits@D@std@@V?$allocator@D@2@@std@@@2@V?$allocator@U?$pair@$$CBV?$basic_string@DU?$char_traits@D@std@@V?$allocator@D@2@@std@@H@std@@@2@$0A@@std@@@2@PAU342@@Z 009a0960 f i shell.o
1641	PENDING	0002:001a5490       ?max_size@?$allocator@U?$pair@$$CBV?$basic_string@DU?$char_traits@D@std@@V?$allocator@D@2@@std@@H@std@@@std@@QBEIXZ 009a0990 f i shell.o
1642	PENDING	0002:001a54a0       ?_Dec@const_iterator@?$_Tree@V?$_Tmap_traits@V?$basic_string@DU?$char_traits@D@std@@V?$allocator@D@2@@std@@HU?$less@V?$basic_string@DU?$char_traits@D@std@@V?$allocator@D@2@@std@@@2@V?$allocator@U?$pair@$$CBV?$basic_string@DU?$char_traits@D@std@@V?$allocator@D@2@@std@@H@std@@@2@$0A@@std@@@std@@QAEXXZ 009a09a0 f i shell.o
1643	PENDING	0002:001a5520       ?_Inc@const_iterator@?$_Tree@V?$_Tmap_traits@V?$basic_string@DU?$char_traits@D@std@@V?$allocator@D@2@@std@@HU?$less@V?$basic_string@DU?$char_traits@D@std@@V?$allocator@D@2@@std@@@2@V?$allocator@U?$pair@$$CBV?$basic_string@DU?$char_traits@D@std@@V?$allocator@D@2@@std@@H@std@@@2@$0A@@std@@@std@@QAEXXZ 009a0a20 f i shell.o
1644	PENDING	0002:001a5590       ?_Dec@const_iterator@?$_Tree@V?$_Tmap_traits@V?$basic_string@DU?$char_traits@D@std@@V?$allocator@D@2@@std@@USE_Entry_s@@U?$less@V?$basic_string@DU?$char_traits@D@std@@V?$allocator@D@2@@std@@@2@V?$allocator@U?$pair@$$CBV?$basic_string@DU?$char_traits@D@std@@V?$allocator@D@2@@std@@USE_Entry_s@@@std@@@2@$0A@@std@@@std@@QAEXXZ 009a0a90 f i shell.o
1645	PENDING	0002:001a5610       ?_Inc@const_iterator@?$_Tree@V?$_Tmap_traits@V?$basic_string@DU?$char_traits@D@std@@V?$allocator@D@2@@std@@USE_Entry_s@@U?$less@V?$basic_string@DU?$char_traits@D@std@@V?$allocator@D@2@@std@@@2@V?$allocator@U?$pair@$$CBV?$basic_string@DU?$char_traits@D@std@@V?$allocator@D@2@@std@@USE_Entry_s@@@std@@@2@$0A@@std@@@std@@QAEXXZ 009a0b10 f i shell.o
1646	PENDING	0002:001a5680       ?_Max@?$_Tree@V?$_Tset_traits@V?$basic_string@DU?$char_traits@D@std@@V?$allocator@D@2@@std@@U?$less@V?$basic_string@DU?$char_traits@D@std@@V?$allocator@D@2@@std@@@2@V?$allocator@V?$basic_string@DU?$char_traits@D@std@@V?$allocator@D@2@@std@@@2@$0A@@std@@@std@@KAPAU_Node@?$_Tree_nod@V?$_Tset_traits@V?$basic_string@DU?$char_traits@D@std@@V?$allocator@D@2@@std@@U?$less@V?$basic_string@DU?$char_traits@D@std@@V?$allocator@D@2@@std@@@2@V?$allocator@V?$basic_string@DU?$char_traits@D@std@@V?$allocator@D@2@@std@@@2@$0A@@std@@@2@PAU342@@Z 009a0b80 f i shell.o
1647	PENDING	0002:001a56b0       ?_Min@?$_Tree@V?$_Tset_traits@V?$basic_string@DU?$char_traits@D@std@@V?$allocator@D@2@@std@@U?$less@V?$basic_string@DU?$char_traits@D@std@@V?$allocator@D@2@@std@@@2@V?$allocator@V?$basic_string@DU?$char_traits@D@std@@V?$allocator@D@2@@std@@@2@$0A@@std@@@std@@KAPAU_Node@?$_Tree_nod@V?$_Tset_traits@V?$basic_string@DU?$char_traits@D@std@@V?$allocator@D@2@@std@@U?$less@V?$basic_string@DU?$char_traits@D@std@@V?$allocator@D@2@@std@@@2@V?$allocator@V?$basic_string@DU?$char_traits@D@std@@V?$allocator@D@2@@std@@@2@$0A@@std@@@2@PAU342@@Z 009a0bb0 f i shell.o
1648	PENDING	0002:001a56e0       ?_Root@?$_Tree@V?$_Tset_traits@V?$basic_string@DU?$char_traits@D@std@@V?$allocator@D@2@@std@@U?$less@V?$basic_string@DU?$char_traits@D@std@@V?$allocator@D@2@@std@@@2@V?$allocator@V?$basic_string@DU?$char_traits@D@std@@V?$allocator@D@2@@std@@@2@$0A@@std@@@std@@IBEAAPAU_Node@?$_Tree_nod@V?$_Tset_traits@V?$basic_string@DU?$char_traits@D@std@@V?$allocator@D@2@@std@@U?$less@V?$basic_string@DU?$char_traits@D@std@@V?$allocator@D@2@@std@@@2@V?$allocator@V?$basic_string@DU?$char_traits@D@std@@V?$allocator@D@2@@std@@@2@$0A@@std@@@2@XZ 009a0be0 f i shell.o
1649	PENDING	0002:001a56f0       ??0?$_Tmap_traits@V?$basic_string@DU?$char_traits@D@std@@V?$allocator@D@2@@std@@USE_Entry_s@@U?$less@V?$basic_string@DU?$char_traits@D@std@@V?$allocator@D@2@@std@@@2@V?$allocator@U?$pair@$$CBV?$basic_string@DU?$char_traits@D@std@@V?$allocator@D@2@@std@@USE_Entry_s@@@std@@@2@$0A@@std@@QAE@U?$less@V?$basic_string@DU?$char_traits@D@std@@V?$allocator@D@2@@std@@@1@@Z 009a0bf0 f i shell.o
1650	PENDING	0002:001a5700       ??0?$_Tmap_traits@V?$basic_string@DU?$char_traits@D@std@@V?$allocator@D@2@@std@@HU?$less@V?$basic_string@DU?$char_traits@D@std@@V?$allocator@D@2@@std@@@2@V?$allocator@U?$pair@$$CBV?$basic_string@DU?$char_traits@D@std@@V?$allocator@D@2@@std@@H@std@@@2@$0A@@std@@QAE@U?$less@V?$basic_string@DU?$char_traits@D@std@@V?$allocator@D@2@@std@@@1@@Z 009a0c00 f i shell.o
1651	PENDING	0002:001a5710       ??0?$_Tset_traits@V?$basic_string@DU?$char_traits@D@std@@V?$allocator@D@2@@std@@U?$less@V?$basic_string@DU?$char_traits@D@std@@V?$allocator@D@2@@std@@@2@V?$allocator@V?$basic_string@DU?$char_traits@D@std@@V?$allocator@D@2@@std@@@2@$0A@@std@@QAE@U?$less@V?$basic_string@DU?$char_traits@D@std@@V?$allocator@D@2@@std@@@1@@Z 009a0c10 f i shell.o
1652	PENDING	0002:001a5720       ?_Inc@const_iterator@?$_Tree@V?$_Tset_traits@V?$basic_string@DU?$char_traits@D@std@@V?$allocator@D@2@@std@@U?$less@V?$basic_string@DU?$char_traits@D@std@@V?$allocator@D@2@@std@@@2@V?$allocator@V?$basic_string@DU?$char_traits@D@std@@V?$allocator@D@2@@std@@@2@$0A@@std@@@std@@QAEXXZ 009a0c20 f i shell.o
1653	PENDING	0002:001a5790       ??$tl_clamp@HHH@@YAHABH00@Z 009a0c90 f i shell.o
1654	PENDING	0002:001a57c0       ??$_Destroy@PAU_Node@?$_Tree_nod@V?$_Tmap_traits@V?$basic_string@DU?$char_traits@D@std@@V?$allocator@D@2@@std@@USE_Entry_s@@U?$less@V?$basic_string@DU?$char_traits@D@std@@V?$allocator@D@2@@std@@@2@V?$allocator@U?$pair@$$CBV?$basic_string@DU?$char_traits@D@std@@V?$allocator@D@2@@std@@USE_Entry_s@@@std@@@2@$0A@@std@@@std@@@std@@YAXPAPAU_Node@?$_Tree_nod@V?$_Tmap_traits@V?$basic_string@DU?$char_traits@D@std@@V?$allocator@D@2@@std@@USE_Entry_s@@U?$less@V?$basic_string@DU?$char_traits@D@std@@V?$allocator@D@2@@std@@@2@V?$allocator@U?$pair@$$CBV?$basic_string@DU?$char_traits@D@std@@V?$allocator@D@2@@std@@USE_Entry_s@@@std@@@2@$0A@@std@@@0@@Z 009a0cc0 f i shell.o
1655	PENDING	0002:001a57d0       ??$_Destroy@PAU_Node@?$_Tree_nod@V?$_Tmap_traits@V?$basic_string@DU?$char_traits@D@std@@V?$allocator@D@2@@std@@HU?$less@V?$basic_string@DU?$char_traits@D@std@@V?$allocator@D@2@@std@@@2@V?$allocator@U?$pair@$$CBV?$basic_string@DU?$char_traits@D@std@@V?$allocator@D@2@@std@@H@std@@@2@$0A@@std@@@std@@@std@@YAXPAPAU_Node@?$_Tree_nod@V?$_Tmap_traits@V?$basic_string@DU?$char_traits@D@std@@V?$allocator@D@2@@std@@HU?$less@V?$basic_string@DU?$char_traits@D@std@@V?$allocator@D@2@@std@@@2@V?$allocator@U?$pair@$$CBV?$basic_string@DU?$char_traits@D@std@@V?$allocator@D@2@@std@@H@std@@@2@$0A@@std@@@0@@Z 009a0cd0 f i shell.o
1656	PENDING	0002:001a57e0       ??$_Destroy@PAU_Node@?$_Tree_nod@V?$_Tset_traits@V?$basic_string@DU?$char_traits@D@std@@V?$allocator@D@2@@std@@U?$less@V?$basic_string@DU?$char_traits@D@std@@V?$allocator@D@2@@std@@@2@V?$allocator@V?$basic_string@DU?$char_traits@D@std@@V?$allocator@D@2@@std@@@2@$0A@@std@@@std@@@std@@YAXPAPAU_Node@?$_Tree_nod@V?$_Tset_traits@V?$basic_string@DU?$char_traits@D@std@@V?$allocator@D@2@@std@@U?$less@V?$basic_string@DU?$char_traits@D@std@@V?$allocator@D@2@@std@@@2@V?$allocator@V?$basic_string@DU?$char_traits@D@std@@V?$allocator@D@2@@std@@@2@$0A@@std@@@0@@Z 009a0ce0 f i shell.o
1657	PENDING	0002:001a57f0       ??$swap@D@std@@YAXAAD0@Z   009a0cf0 f i shell.o
1658	PENDING	0002:001a5810       ??$?0U?$pair@$$CBV?$basic_string@DU?$char_traits@D@std@@V?$allocator@D@2@@std@@USE_Entry_s@@@std@@@?$allocator@PAU_Node@?$_Tree_nod@V?$_Tmap_traits@V?$basic_string@DU?$char_traits@D@std@@V?$allocator@D@2@@std@@USE_Entry_s@@U?$less@V?$basic_string@DU?$char_traits@D@std@@V?$allocator@D@2@@std@@@2@V?$allocator@U?$pair@$$CBV?$basic_string@DU?$char_traits@D@std@@V?$allocator@D@2@@std@@USE_Entry_s@@@std@@@2@$0A@@std@@@std@@@std@@QAE@ABV?$allocator@U?$pair@$$CBV?$basic_string@DU?$char_traits@D@std@@V?$allocator@D@2@@std@@USE_Entry_s@@@std@@@1@@Z 009a0d10 f i shell.o
1659	PENDING	0002:001a5820       ??$?0U?$pair@$$CBV?$basic_string@DU?$char_traits@D@std@@V?$allocator@D@2@@std@@H@std@@@?$allocator@PAU_Node@?$_Tree_nod@V?$_Tmap_traits@V?$basic_string@DU?$char_traits@D@std@@V?$allocator@D@2@@std@@HU?$less@V?$basic_string@DU?$char_traits@D@std@@V?$allocator@D@2@@std@@@2@V?$allocator@U?$pair@$$CBV?$basic_string@DU?$char_traits@D@std@@V?$allocator@D@2@@std@@H@std@@@2@$0A@@std@@@std@@@std@@QAE@ABV?$allocator@U?$pair@$$CBV?$basic_string@DU?$char_traits@D@std@@V?$allocator@D@2@@std@@H@std@@@1@@Z 009a0d20 f i shell.o
1660	PENDING	0002:001a5830       ??$?0V?$basic_string@DU?$char_traits@D@std@@V?$allocator@D@2@@std@@@?$allocator@PAU_Node@?$_Tree_nod@V?$_Tset_traits@V?$basic_string@DU?$char_traits@D@std@@V?$allocator@D@2@@std@@U?$less@V?$basic_string@DU?$char_traits@D@std@@V?$allocator@D@2@@std@@@2@V?$allocator@V?$basic_string@DU?$char_traits@D@std@@V?$allocator@D@2@@std@@@2@$0A@@std@@@std@@@std@@QAE@ABV?$allocator@V?$basic_string@DU?$char_traits@D@std@@V?$allocator@D@2@@std@@@1@@Z 009a0d30 f i shell.o
1661	PENDING	0002:001a5840       ??$_Allocate@U_Node@?$_Tree_nod@V?$_Tset_traits@V?$basic_string@DU?$char_traits@D@std@@V?$allocator@D@2@@std@@U?$less@V?$basic_string@DU?$char_traits@D@std@@V?$allocator@D@2@@std@@@2@V?$allocator@V?$basic_string@DU?$char_traits@D@std@@V?$allocator@D@2@@std@@@2@$0A@@std@@@std@@@std@@YAPAU_Node@?$_Tree_nod@V?$_Tset_traits@V?$basic_string@DU?$char_traits@D@std@@V?$allocator@D@2@@std@@U?$less@V?$basic_string@DU?$char_traits@D@std@@V?$allocator@D@2@@std@@@2@V?$allocator@V?$basic_string@DU?$char_traits@D@std@@V?$allocator@D@2@@std@@@2@$0A@@std@@@0@IPAU120@@Z 009a0d40 f i shell.o
1662	PENDING	0002:001a5860       ??$?0U?$pair@$$CBV?$basic_string@DU?$char_traits@D@std@@V?$allocator@D@2@@std@@USE_Entry_s@@@std@@@?$allocator@U_Node@?$_Tree_nod@V?$_Tmap_traits@V?$basic_string@DU?$char_traits@D@std@@V?$allocator@D@2@@std@@USE_Entry_s@@U?$less@V?$basic_string@DU?$char_traits@D@std@@V?$allocator@D@2@@std@@@2@V?$allocator@U?$pair@$$CBV?$basic_string@DU?$char_traits@D@std@@V?$allocator@D@2@@std@@USE_Entry_s@@@std@@@2@$0A@@std@@@std@@@std@@QAE@ABV?$allocator@U?$pair@$$CBV?$basic_string@DU?$char_traits@D@std@@V?$allocator@D@2@@std@@USE_Entry_s@@@std@@@1@@Z 009a0d60 f i shell.o
1663	PENDING	0002:001a5870       ??$_Allocate@U_Node@?$_Tree_nod@V?$_Tmap_traits@V?$basic_string@DU?$char_traits@D@std@@V?$allocator@D@2@@std@@USE_Entry_s@@U?$less@V?$basic_string@DU?$char_traits@D@std@@V?$allocator@D@2@@std@@@2@V?$allocator@U?$pair@$$CBV?$basic_string@DU?$char_traits@D@std@@V?$allocator@D@2@@std@@USE_Entry_s@@@std@@@2@$0A@@std@@@std@@@std@@YAPAU_Node@?$_Tree_nod@V?$_Tmap_traits@V?$basic_string@DU?$char_traits@D@std@@V?$allocator@D@2@@std@@USE_Entry_s@@U?$less@V?$basic_string@DU?$char_traits@D@std@@V?$allocator@D@2@@std@@@2@V?$allocator@U?$pair@$$CBV?$basic_string@DU?$char_traits@D@std@@V?$allocator@D@2@@std@@USE_Entry_s@@@std@@@2@$0A@@std@@@0@IPAU120@@Z 009a0d70 f i shell.o
1664	PENDING	0002:001a5890       ??$_Construct@PAU_Node@?$_Tree_nod@V?$_Tmap_traits@V?$basic_string@DU?$char_traits@D@std@@V?$allocator@D@2@@std@@USE_Entry_s@@U?$less@V?$basic_string@DU?$char_traits@D@std@@V?$allocator@D@2@@std@@@2@V?$allocator@U?$pair@$$CBV?$basic_string@DU?$char_traits@D@std@@V?$allocator@D@2@@std@@USE_Entry_s@@@std@@@2@$0A@@std@@@std@@PAU123@@std@@YAXPAPAU_Node@?$_Tree_nod@V?$_Tmap_traits@V?$basic_string@DU?$char_traits@D@std@@V?$allocator@D@2@@std@@USE_Entry_s@@U?$less@V?$basic_string@DU?$char_traits@D@std@@V?$allocator@D@2@@std@@@2@V?$allocator@U?$pair@$$CBV?$basic_string@DU?$char_traits@D@std@@V?$allocator@D@2@@std@@USE_Entry_s@@@std@@@2@$0A@@std@@@0@ABQAU120@@Z 009a0d90 f i shell.o
1665	PENDING	0002:001a58b0       ??$?0U?$pair@$$CBV?$basic_string@DU?$char_traits@D@std@@V?$allocator@D@2@@std@@H@std@@@?$allocator@U_Node@?$_Tree_nod@V?$_Tmap_traits@V?$basic_string@DU?$char_traits@D@std@@V?$allocator@D@2@@std@@HU?$less@V?$basic_string@DU?$char_traits@D@std@@V?$allocator@D@2@@std@@@2@V?$allocator@U?$pair@$$CBV?$basic_string@DU?$char_traits@D@std@@V?$allocator@D@2@@std@@H@std@@@2@$0A@@std@@@std@@@std@@QAE@ABV?$allocator@U?$pair@$$CBV?$basic_string@DU?$char_traits@D@std@@V?$allocator@D@2@@std@@H@std@@@1@@Z 009a0db0 f i shell.o
1666	PENDING	0002:001a58c0       ??$_Allocate@U_Node@?$_Tree_nod@V?$_Tmap_traits@V?$basic_string@DU?$char_traits@D@std@@V?$allocator@D@2@@std@@HU?$less@V?$basic_string@DU?$char_traits@D@std@@V?$allocator@D@2@@std@@@2@V?$allocator@U?$pair@$$CBV?$basic_string@DU?$char_traits@D@std@@V?$allocator@D@2@@std@@H@std@@@2@$0A@@std@@@std@@@std@@YAPAU_Node@?$_Tree_nod@V?$_Tmap_traits@V?$basic_string@DU?$char_traits@D@std@@V?$allocator@D@2@@std@@HU?$less@V?$basic_string@DU?$char_traits@D@std@@V?$allocator@D@2@@std@@@2@V?$allocator@U?$pair@$$CBV?$basic_string@DU?$char_traits@D@std@@V?$allocator@D@2@@std@@H@std@@@2@$0A@@std@@@0@IPAU120@@Z 009a0dc0 f i shell.o
1667	PENDING	0002:001a58e0       ??$_Construct@PAU_Node@?$_Tree_nod@V?$_Tmap_traits@V?$basic_string@DU?$char_traits@D@std@@V?$allocator@D@2@@std@@HU?$less@V?$basic_string@DU?$char_traits@D@std@@V?$allocator@D@2@@std@@@2@V?$allocator@U?$pair@$$CBV?$basic_string@DU?$char_traits@D@std@@V?$allocator@D@2@@std@@H@std@@@2@$0A@@std@@@std@@PAU123@@std@@YAXPAPAU_Node@?$_Tree_nod@V?$_Tmap_traits@V?$basic_string@DU?$char_traits@D@std@@V?$allocator@D@2@@std@@HU?$less@V?$basic_string@DU?$char_traits@D@std@@V?$allocator@D@2@@std@@@2@V?$allocator@U?$pair@$$CBV?$basic_string@DU?$char_traits@D@std@@V?$allocator@D@2@@std@@H@std@@@2@$0A@@std@@@0@ABQAU120@@Z 009a0de0 f i shell.o
1668	PENDING	0002:001a5900       ??$?0V?$basic_string@DU?$char_traits@D@std@@V?$allocator@D@2@@std@@@?$allocator@U_Node@?$_Tree_nod@V?$_Tset_traits@V?$basic_string@DU?$char_traits@D@std@@V?$allocator@D@2@@std@@U?$less@V?$basic_string@DU?$char_traits@D@std@@V?$allocator@D@2@@std@@@2@V?$allocator@V?$basic_string@DU?$char_traits@D@std@@V?$allocator@D@2@@std@@@2@$0A@@std@@@std@@@std@@QAE@ABV?$allocator@V?$basic_string@DU?$char_traits@D@std@@V?$allocator@D@2@@std@@@1@@Z 009a0e00 f i shell.o
1669	PENDING	0002:001a5910       ??$_Construct@PAU_Node@?$_Tree_nod@V?$_Tset_traits@V?$basic_string@DU?$char_traits@D@std@@V?$allocator@D@2@@std@@U?$less@V?$basic_string@DU?$char_traits@D@std@@V?$allocator@D@2@@std@@@2@V?$allocator@V?$basic_string@DU?$char_traits@D@std@@V?$allocator@D@2@@std@@@2@$0A@@std@@@std@@PAU123@@std@@YAXPAPAU_Node@?$_Tree_nod@V?$_Tset_traits@V?$basic_string@DU?$char_traits@D@std@@V?$allocator@D@2@@std@@U?$less@V?$basic_string@DU?$char_traits@D@std@@V?$allocator@D@2@@std@@@2@V?$allocator@V?$basic_string@DU?$char_traits@D@std@@V?$allocator@D@2@@std@@@2@$0A@@std@@@0@ABQAU120@@Z 009a0e10 f i shell.o
1670	PENDING	0002:001a5930       ?compare@?$basic_string@DU?$char_traits@D@std@@V?$allocator@D@2@@std@@QBEHIIPBDI@Z 009a0e30 f i shell.o
1671	PENDING	0002:001a59d0       ??$_Iter_cat@Vconst_iterator@?$_Tree@V?$_Tset_traits@V?$basic_string@DU?$char_traits@D@std@@V?$allocator@D@2@@std@@U?$less@V?$basic_string@DU?$char_traits@D@std@@V?$allocator@D@2@@std@@@2@V?$allocator@V?$basic_string@DU?$char_traits@D@std@@V?$allocator@D@2@@std@@@2@$0A@@std@@@std@@@std@@YA?AUbidirectional_iterator_tag@0@ABVconst_iterator@?$_Tree@V?$_Tset_traits@V?$basic_string@DU?$char_traits@D@std@@V?$allocator@D@2@@std@@U?$less@V?$basic_string@DU?$char_traits@D@std@@V?$allocator@D@2@@std@@@2@V?$allocator@V?$basic_string@DU?$char_traits@D@std@@V?$allocator@D@2@@std@@@2@$0A@@std@@@0@@Z 009a0ed0 f i shell.o
1672	PENDING	0002:001a59e0       ??0StubData@@QAE@XZ        009a0ee0 f i shell.o
1673	PENDING	0002:001a5a00       ??0SaveGameData@@QAE@XZ    009a0f00 f i shell.o
1674	PENDING	0002:001a5a90       ?StartAnim@PanelAnimObject@@UAEX_N@Z 009a0f90 f i shell.o
1675	PENDING	0002:001a5ac0       ?ResetXform@PanelAnimObject@@UAEXXZ 009a0fc0 f i shell.o
1676	PENDING	0002:001a5ad0       ?IsFading@PanelAnimObject@@UAE_NXZ 009a0fd0 f i shell.o
1677	PENDING	0002:001a5b00       ?IsShown@PanelAnimObject@@UAE_NXZ 009a1000 f i shell.o
1678	PENDING	0002:001a5b10       ?SetShown@PanelAnimObject@@UAEX_N@Z 009a1010 f i shell.o
1679	PENDING	0002:001a5b40       ?ResetFlash@FEText@@QAEXXZ 009a1040 f i shell.o
1680	PENDING	0002:001a5b60       ??_EFEText@@UAEPAXI@Z      009a1060 f i shell.o
1681	PENDING	0002:001a5b60       ??_GFEText@@UAEPAXI@Z      009a1060 f i shell.o
1682	PENDING	0002:001a5b90       ??0FEMultiLineText@@QAE@XZ 009a1090 f i shell.o
1683	PENDING	0002:001a5bb0       ?IsMultiLineObject@FEMultiLineText@@UAE_NXZ 009a10b0 f i shell.o
1684	PENDING	0002:001a5bc0       ?GetLineNum@FEMultiLineText@@UAEHXZ 009a10c0 f i shell.o
1685	PENDING	0002:001a5bd0       ?GetLineAvailNum@FEMultiLineText@@UAEHXZ 009a10d0 f i shell.o
1686	PENDING	0002:001a5be0       ?GetBoxWidth@FEMultiLineText@@UAEHXZ 009a10e0 f i shell.o
1687	PENDING	0002:001a5bf0       ?ResetLineSpacing@FEMultiLineText@@UAEXXZ 009a10f0 f i shell.o
1688	PENDING	0002:001a5c00       ?SetButtonScale@FEMultiLineText@@UAEXM@Z 009a1100 f i shell.o
1689	PENDING	0002:001a5c20       ?SetButtonColor@FEMultiLineText@@UAEXVcolor32@@@Z 009a1120 f i shell.o
1690	PENDING	0002:001a5c30       ?SetBoxWidth@FEMultiLineText@@UAEXH@Z 009a1130 f i shell.o
1691	PENDING	0002:001a5c50       ?GetPos@FEMultiLineText@@UAEXAAM0@Z 009a1150 f i shell.o
1692	PENDING	0002:001a5c70       ?SetCutOffIfTooLong@FEMultiLineText@@UAEX_N@Z 009a1170 f i shell.o
1693	PENDING	0002:001a5c90       ??0FEMenuEntry@@QAE@PAVFEText@@PAVFEMenu@@_N@Z 009a1190 f i shell.o
1694	PENDING	0002:001a5cd0       ?ResetTextFlash@FEMenuEntry@@QAEXXZ 009a11d0 f i shell.o
1695	PENDING	0002:001a5d00       ?SetText@FEMenuEntry@@UAEXVstring@Broc@@@Z 009a1200 f i shell.o
1696	PENDING	0002:001a5d80       ?SetTextNoLocalize@FEMenuEntry@@UAEXVstring@Broc@@@Z 009a1280 f i shell.o
1697	PENDING	0002:001a5e00       ??_EFEMenuSystem@@UAEPAXI@Z 009a1300 f i shell.o
1698	PENDING	0002:001a5e00       ??_GFEMenuSystem@@UAEPAXI@Z 009a1300 f i shell.o
1699	PENDING	0002:001a5e30       ?SetState@UIListBoxItem@UIListBox@@QAEXH@Z 009a1330 f i shell.o
1700	PENDING	0002:001a6070       ?RemoveItems@UIListBoxItem@UIListBox@@QAEXXZ 009a1570 f i shell.o
1701	PENDING	0002:001a6110       ?Draw@UIListBoxItem@UIListBox@@QAEXXZ 009a1610 f i shell.o
1702	PENDING	0002:001a6150       ?Update@UIListBoxItem@UIListBox@@QAEXM@Z 009a1650 f i shell.o
1703	PENDING	0002:001a61a0       ?GetY@UIListBoxItem@UIListBox@@QAEMXZ 009a16a0 f i shell.o
1704	PENDING	0002:001a62b0       ?GetColor@UIListBoxItem@UIListBox@@QAE?AVcolor32@@XZ 009a17b0 f i shell.o
1705	PENDING	0002:001a63d0       ?GetUnselectedColor@UIListBoxItem@UIListBox@@QAE?AVcolor32@@XZ 009a18d0 f i shell.o
1706	PENDING	0002:001a64e0       ?SetObject@UIListBoxItem@UIListBox@@AAEXPAVPanelAnimObject@@H@Z 009a19e0 f i shell.o
1707	PENDING	0002:001a6580       ?GetText@UIListBoxData@UIListBox@@QAEPBDXZ 009a1a80 f i shell.o
1708	PENDING	0002:001a65a0       ?SetItemState@UIListBoxRow@UIListBox@@QAEXHH@Z 009a1aa0 f i shell.o
1709	PENDING	0002:001a6630       ?RemoveItems@UIListBoxRow@UIListBox@@QAEXXZ 009a1b30 f i shell.o
1710	PENDING	0002:001a66d0       ?Draw@UIListBoxRow@UIListBox@@QAEXXZ 009a1bd0 f i shell.o
1711	PENDING	0002:001a6870       ?Update@UIListBoxRow@UIListBox@@QAEXM@Z 009a1d70 f i shell.o
1712	PENDING	0002:001a6a20       ?GetY@UIListBoxRow@UIListBox@@QAEMH@Z 009a1f20 f i shell.o
1713	PENDING	0002:001a6ab0       ?GetColumnSelectedColor@UIListBoxRow@UIListBox@@QAE?AVcolor32@@H@Z 009a1fb0 f i shell.o
1714	PENDING	0002:001a6b40       ?GetColumnUnselectedColor@UIListBoxRow@UIListBox@@QAE?AVcolor32@@H@Z 009a2040 f i shell.o
1715	PENDING	0002:001a6bd0       ?GetItemState@UIListBoxDataRow@UIListBox@@QAEHH@Z 009a20d0 f i shell.o
1716	PENDING	0002:001a6bf0       ?SetItemState@UIListBoxDataRow@UIListBox@@QAEXHH@Z 009a20f0 f i shell.o
1717	PENDING	0002:001a6c80       ?SetText@UIListBoxDataRow@UIListBox@@QAEXHPBD@Z 009a2180 f i shell.o
1718	PENDING	0002:001a6d10       ?GetText@UIListBoxDataRow@UIListBox@@QAEPBDH@Z 009a2210 f i shell.o
1719	PENDING	0002:001a6db0       ?ClearItem@UIListBoxDataRow@UIListBox@@QAEXXZ 009a22b0 f i shell.o
1720	PENDING	0002:001a6ec0       ?GetFontName@FEManager@@SAPBDW4font_index@@@Z 009a23c0 f i shell.o
1721	PENDING	0002:001a6ee0       ??_EIGOFrontEnd@@UAEPAXI@Z 009a23e0 f i shell.o
1722	PENDING	0002:001a6ee0       ??_GIGOFrontEnd@@UAEPAXI@Z 009a23e0 f i shell.o
1723	PENDING	0002:001a6f10       ?GetGlyphInfo@nglFont@@QAEABUnglGlyphInfo@@E@Z 009a2410 f i shell.o
1724	PENDING	0002:001a6f60       ??_EIGOStanceWidget@@UAEPAXI@Z 009a2460 f i shell.o
1725	PENDING	0002:001a6f60       ??_GIGOStanceWidget@@UAEPAXI@Z 009a2460 f i shell.o
1726	PENDING	0002:001a6f90       ??1IGOStanceWidget@@UAE@XZ 009a2490 f i shell.o
1727	PENDING	0002:001a6fa0       ??_EIGOHQProgressBarWidget@@UAEPAXI@Z 009a24a0 f i shell.o
1728	PENDING	0002:001a6fa0       ??_GIGOHQProgressBarWidget@@UAEPAXI@Z 009a24a0 f i shell.o
1729	PENDING	0002:001a6fd0       ??_GIGORaiseFlagWidget@@UAEPAXI@Z 009a24d0 f i shell.o
1730	PENDING	0002:001a6fd0       ??_EIGORaiseFlagWidget@@UAEPAXI@Z 009a24d0 f i shell.o
1731	PENDING	0002:001a7000       ??_GIGOTimerWidget@@UAEPAXI@Z 009a2500 f i shell.o
1732	PENDING	0002:001a7000       ??_EIGOTimerWidget@@UAEPAXI@Z 009a2500 f i shell.o
1733	PENDING	0002:001a7030       ??_EIGOInGameScoreWidget@@UAEPAXI@Z 009a2530 f i shell.o
1734	PENDING	0002:001a7030       ??_GIGOInGameScoreWidget@@UAEPAXI@Z 009a2530 f i shell.o
1735	PENDING	0002:001a7060       ??_EIGOGrenadeWidget@@UAEPAXI@Z 009a2560 f i shell.o
1736	PENDING	0002:001a7060       ??_GIGOGrenadeWidget@@UAEPAXI@Z 009a2560 f i shell.o
1737	PENDING	0002:001a7090       ??_GIGOGrenadeCookWidget@@UAEPAXI@Z 009a2590 f i shell.o
1738	PENDING	0002:001a7090       ??_EIGOGrenadeCookWidget@@UAEPAXI@Z 009a2590 f i shell.o
1739	PENDING	0002:001a70c0       ??_GIGOActionHintWidget@@UAEPAXI@Z 009a25c0 f i shell.o
1740	PENDING	0002:001a70c0       ??_EIGOActionHintWidget@@UAEPAXI@Z 009a25c0 f i shell.o
1741	PENDING	0002:001a70f0       ??1IGOActionHintWidget@@UAE@XZ 009a25f0 f i shell.o
1742	PENDING	0002:001a7160       ??_EIGOTankHealthWidget@@UAEPAXI@Z 009a2660 f i shell.o
1743	PENDING	0002:001a7160       ??_GIGOTankHealthWidget@@UAEPAXI@Z 009a2660 f i shell.o
1744	PENDING	0002:001a7190       ??1IGOTankHealthWidget@@UAE@XZ 009a2690 f i shell.o
1745	PENDING	0002:001a71a0       ??_GIGOTankLoadingWidget@@UAEPAXI@Z 009a26a0 f i shell.o
1746	PENDING	0002:001a71a0       ??_EIGOTankLoadingWidget@@UAEPAXI@Z 009a26a0 f i shell.o
1747	PENDING	0002:001a71d0       ??1IGOTankLoadingWidget@@UAE@XZ 009a26d0 f i shell.o
1748	PENDING	0002:001a71e0       ??_EIGOTankReticleWidget@@UAEPAXI@Z 009a26e0 f i shell.o
1749	PENDING	0002:001a71e0       ??_GIGOTankReticleWidget@@UAEPAXI@Z 009a26e0 f i shell.o
1750	PENDING	0002:001a7210       ??1IGOTankReticleWidget@@UAE@XZ 009a2710 f i shell.o
1751	PENDING	0002:001a7220       ??_GIGOTankIconWidget@@UAEPAXI@Z 009a2720 f i shell.o
1752	PENDING	0002:001a7220       ??_EIGOTankIconWidget@@UAEPAXI@Z 009a2720 f i shell.o
1753	PENDING	0002:001a7250       ??1IGOTankIconWidget@@UAE@XZ 009a2750 f i shell.o
1754	PENDING	0002:001a7260       ??_GIGOCompassWidget@@UAEPAXI@Z 009a2760 f i shell.o
1755	PENDING	0002:001a7260       ??_EIGOCompassWidget@@UAEPAXI@Z 009a2760 f i shell.o
1756	PENDING	0002:001a7290       ??_GIGOJeepMapWidget@@UAEPAXI@Z 009a2790 f i shell.o
1757	PENDING	0002:001a7290       ??_EIGOJeepMapWidget@@UAEPAXI@Z 009a2790 f i shell.o
1758	PENDING	0002:001a72c0       ??1IGOJeepMapWidget@@UAE@XZ 009a27c0 f i shell.o
1759	PENDING	0002:001a72d0       ??_GIGOGrenadeIndicator@@UAEPAXI@Z 009a27d0 f i shell.o
1760	PENDING	0002:001a72d0       ??_EIGOGrenadeIndicator@@UAEPAXI@Z 009a27d0 f i shell.o
1761	PENDING	0002:001a7300       ??_GIGOHeadIcons@@UAEPAXI@Z 009a2800 f i shell.o
1762	PENDING	0002:001a7300       ??_EIGOHeadIcons@@UAEPAXI@Z 009a2800 f i shell.o
1763	PENDING	0002:001a7330       ??_EIGORowboatWidget@@UAEPAXI@Z 009a2830 f i shell.o
1764	PENDING	0002:001a7330       ??_GIGORowboatWidget@@UAEPAXI@Z 009a2830 f i shell.o
1765	PENDING	0002:001a7360       ??1IGORowboatWidget@@UAE@XZ 009a2860 f i shell.o
1766	PENDING	0002:001a7370       ??_EIGOItemIcons@@UAEPAXI@Z 009a2870 f i shell.o
1767	PENDING	0002:001a7370       ??_GIGOItemIcons@@UAEPAXI@Z 009a2870 f i shell.o
1768	PENDING	0002:001a73a0       ?HighlightRow@UIHighlightListBox@@QAEXH_N@Z 009a28a0 f i shell.o
1769	PENDING	0002:001a73d0       ?DrawBackground@FESplitScreenMenu@@SAXXZ 009a28d0 f i shell.o
1770	PENDING	0002:001a73f0       ??0FEMenuListBoxItem@@QAE@IABVstring@Broc@@H@Z 009a28f0 f i shell.o
1771	PENDING	0002:001a7480       ??_EInGameOptionsMenu@@UAEPAXI@Z 009a2980 f i shell.o
1772	PENDING	0002:001a7480       ??_GInGameOptionsMenu@@UAEPAXI@Z 009a2980 f i shell.o
1773	PENDING	0002:001a74b0       ??_EAARInGameOptionsMenu@@UAEPAXI@Z 009a29b0 f i shell.o
1774	PENDING	0002:001a74b0       ??_GAARInGameOptionsMenu@@UAEPAXI@Z 009a29b0 f i shell.o
1775	PENDING	0002:001a74e0       ??_GFEManager@@UAEPAXI@Z   009a29e0 f i shell.o
1776	PENDING	0002:001a74e0       ??_EFEManager@@UAEPAXI@Z   009a29e0 f i shell.o
1777	PENDING	0002:001a7510       ??_GProfileManager@@QAEPAXI@Z 009a2a10 f i shell.o
1778	PENDING	0002:001a7550       ?UpdateSplitScreen@FEMenu@@UAEXXZ 009a2a50 f i shell.o
1779	PENDING	0002:001a7560       ?OnStart@FEMenu@@UAEXH@Z   009a2a60 f i shell.o
1780	PENDING	0002:001a7570       ?OnTriangle@FEMenu@@UAEXH@Z 009a2a70 f i shell.o
1781	PENDING	0002:001a7580       ?GetValue@FEComboBox@@UAEHXZ 009a2a80 f i shell.o
1782	PENDING	0002:001a7590       ?SetShown@FEComboBox@@UAEX_N@Z 009a2a90 f i shell.o
1783	PENDING	0002:001a75d0       ?SetValue@FEComboBox@@UAEXH@Z 009a2ad0 f i shell.o
1784	PENDING	0002:001a7630       ?GetValue@FESlider@@UAEHXZ 009a2b30 f i shell.o
1785	PENDING	0002:001a7640       ?SetShown@FESlider@@UAEX_N@Z 009a2b40 f i shell.o
1786	PENDING	0002:001a7690       ?SetShown@FEDoubleEntry@@UAEX_N@Z 009a2b90 f i shell.o
1787	PENDING	0002:001a76d0       ??_GFEDoubleEntry@@UAEPAXI@Z 009a2bd0 f i shell.o
1788	PENDING	0002:001a76d0       ??_EFEDoubleEntry@@UAEPAXI@Z 009a2bd0 f i shell.o
1789	PENDING	0002:001a7700       ??_GFEMenuListBoxItem@@QAEPAXI@Z 009a2c00 f i shell.o
1790	PENDING	0002:001a7730       ??_GGameSettings@@UAEPAXI@Z 009a2c30 f i shell.o
1791	PENDING	0002:001a7730       ??_EGameSettings@@UAEPAXI@Z 009a2c30 f i shell.o
1792	PENDING	0002:001a7770       ??A?$basic_string@DU?$char_traits@D@std@@V?$allocator@D@2@@std@@QAEAADI@Z 009a2c70 f i shell.o
1793	PENDING	0002:001a77a0       ?c_str@?$basic_string@DU?$char_traits@D@std@@V?$allocator@D@2@@std@@QBEPBDXZ 009a2ca0 f i shell.o
1794	PENDING	0002:001a77c0       ?find@?$ae_fixed_string@$0CA@E@@QBEHDH@Z 009a2cc0 f i shell.o
1795	PENDING	0002:001a77f0       ?substr@?$ae_fixed_string@$0CA@E@@QBEAAV1@AAV1@HH@Z 009a2cf0 f i shell.o
1796	PENDING	0002:001a7830       ??A?$ae_fixed_string@$0CA@E@@QAEAADH@Z 009a2d30 f i shell.o
1797	PENDING	0002:001a78b0       ??Y?$ae_fixed_string@$0CA@E@@QAEAAV0@PBD@Z 009a2db0 f i shell.o
1798	PENDING	0002:001a78f0       ??Y?$ae_fixed_string@$0CA@E@@QAEAAV0@D@Z 009a2df0 f i shell.o
1799	PENDING	0002:001a7930       ??1?$ae_vector@PAVPanelQuad@@@@QAE@XZ 009a2e30 f i shell.o
1800	PENDING	0002:001a7960       ?push_back@?$ae_vector@PAVPanelQuad@@@@QAEXABQAVPanelQuad@@@Z 009a2e60 f i shell.o
1801	PENDING	0002:001a7a10       ??1?$ae_vector@PAVFEText@@@@QAE@XZ 009a2f10 f i shell.o
1802	PENDING	0002:001a7a40       ?push_back@?$ae_vector@PAVFEText@@@@QAEXABQAVFEText@@@Z 009a2f40 f i shell.o
1803	PENDING	0002:001a7af0       ??1?$ae_vector@PAVPanelAnimObject@@@@QAE@XZ 009a2ff0 f i shell.o
1804	PENDING	0002:001a7b20       ?resize@?$ae_vector@PAVPanelAnimObject@@@@QAEXH@Z 009a3020 f i shell.o
1805	PENDING	0002:001a7bc0       ?resize@?$ae_vector@PAVPanelAnimObject@@@@QAEXHABQAVPanelAnimObject@@@Z 009a30c0 f i shell.o
1806	PENDING	0002:001a7c80       ?push_back@?$ae_vector@PAVPanelAnimObject@@@@QAEXABQAVPanelAnimObject@@@Z 009a3180 f i shell.o
1807	PENDING	0002:001a7d30       ??0?$ae_vector@Vcolor32@@@@QAE@H@Z 009a3230 f i shell.o
1808	PENDING	0002:001a7d60       ??0?$ae_vector@Vcolor32@@@@QAE@HABVcolor32@@@Z 009a3260 f i shell.o
1809	PENDING	0002:001a7dc0       ??0?$ae_vector@_N@@QAE@HAB_N@Z 009a32c0 f i shell.o
1810	PENDING	0002:001a7e20       ?back@?$ae_vector@PAVFEMenuListBoxItem@@@@QAEAAPAVFEMenuListBoxItem@@XZ 009a3320 f i shell.o
1811	PENDING	0002:001a7e30       ?pop_back@?$ae_vector@PAVFEMenuListBoxItem@@@@QAEXXZ 009a3330 f i shell.o
1812	PENDING	0002:001a7e40       ??1?$ae_vector@H@@QAE@XZ   009a3340 f i shell.o
1813	PENDING	0002:001a7e70       ?resize@?$ae_vector@H@@QAEXHABH@Z 009a3370 f i shell.o
1814	PENDING	0002:001a7f30       ??1?$ae_vector@U_XUID@@@@QAE@XZ 009a3430 f i shell.o
1815	PENDING	0002:001a7f60       ?resize@?$ae_vector@U_XUID@@@@QAEXHABU_XUID@@@Z 009a3460 f i shell.o
1816	PENDING	0002:001a8070       ??9const_iterator@?$_Tree@V?$_Tmap_traits@V?$basic_string@DU?$char_traits@D@std@@V?$allocator@D@2@@std@@HU?$less@V?$basic_string@DU?$char_traits@D@std@@V?$allocator@D@2@@std@@@2@V?$allocator@U?$pair@$$CBV?$basic_string@DU?$char_traits@D@std@@V?$allocator@D@2@@std@@H@std@@@2@$0A@@std@@@std@@QBE_NABV012@@Z 009a3570 f i shell.o
1817	PENDING	0002:001a8090       ??_GUIListBoxData@UIListBox@@QAEPAXI@Z 009a3590 f i shell.o
1818	PENDING	0002:001a80c0       ??1UIListBoxItem@UIListBox@@QAE@XZ 009a35c0 f i shell.o
1819	PENDING	0002:001a80f0       ?find@?$basic_string@DU?$char_traits@D@std@@V?$allocator@D@2@@std@@QBEIPBDII@Z 009a35f0 f i shell.o
1820	PENDING	0002:001a81f0       ?destroy_all@?$ae_vector@PAVPanelQuadSection@@@@AAEXXZ 009a36f0 f i shell.o
1821	PENDING	0002:001a8220       ?resize@?$ae_vector@PAVPanelQuad@@@@QAEXH@Z 009a3720 f i shell.o
1822	PENDING	0002:001a82c0       ?resize@?$ae_vector@PAVFEText@@@@QAEXH@Z 009a37c0 f i shell.o
1823	PENDING	0002:001a8360       ?destroy_all@?$ae_vector@VUIListBoxData@UIListBox@@@@AAEXXZ 009a3860 f i shell.o
1824	PENDING	0002:001a83b0       ?destroy_all@?$ae_vector@Vcolor32@@@@AAEXXZ 009a38b0 f i shell.o
1825	PENDING	0002:001a83e0       ?destroy_all@?$ae_vector@_N@@AAEXXZ 009a38e0 f i shell.o
1826	PENDING	0002:001a8410       ?destroy_all@?$ae_vector@PAVFEMenuListBoxItem@@@@AAEXXZ 009a3910 f i shell.o
1827	PENDING	0002:001a8440       ?_Key@?$_Tree@V?$_Tmap_traits@V?$basic_string@DU?$char_traits@D@std@@V?$allocator@D@2@@std@@USE_Entry_s@@U?$less@V?$basic_string@DU?$char_traits@D@std@@V?$allocator@D@2@@std@@@2@V?$allocator@U?$pair@$$CBV?$basic_string@DU?$char_traits@D@std@@V?$allocator@D@2@@std@@USE_Entry_s@@@std@@@2@$0A@@std@@@std@@KAABV?$basic_string@DU?$char_traits@D@std@@V?$allocator@D@2@@2@PAU_Node@?$_Tree_nod@V?$_Tmap_traits@V?$basic_string@DU?$char_traits@D@std@@V?$allocator@D@2@@std@@USE_Entry_s@@U?$less@V?$basic_string@DU?$char_traits@D@std@@V?$allocator@D@2@@std@@@2@V?$allocator@U?$pair@$$CBV?$basic_string@DU?$char_traits@D@std@@V?$allocator@D@2@@std@@USE_Entry_s@@@std@@@2@$0A@@std@@@2@@Z 009a3940 f i shell.o
1828	PENDING	0002:001a8450       ?_Lmost@?$_Tree@V?$_Tmap_traits@V?$basic_string@DU?$char_traits@D@std@@V?$allocator@D@2@@std@@USE_Entry_s@@U?$less@V?$basic_string@DU?$char_traits@D@std@@V?$allocator@D@2@@std@@@2@V?$allocator@U?$pair@$$CBV?$basic_string@DU?$char_traits@D@std@@V?$allocator@D@2@@std@@USE_Entry_s@@@std@@@2@$0A@@std@@@std@@IAEAAPAU_Node@?$_Tree_nod@V?$_Tmap_traits@V?$basic_string@DU?$char_traits@D@std@@V?$allocator@D@2@@std@@USE_Entry_s@@U?$less@V?$basic_string@DU?$char_traits@D@std@@V?$allocator@D@2@@std@@@2@V?$allocator@U?$pair@$$CBV?$basic_string@DU?$char_traits@D@std@@V?$allocator@D@2@@std@@USE_Entry_s@@@std@@@2@$0A@@std@@@2@XZ 009a3950 f i shell.o
1829	PENDING	0002:001a8460       ?_Rmost@?$_Tree@V?$_Tmap_traits@V?$basic_string@DU?$char_traits@D@std@@V?$allocator@D@2@@std@@USE_Entry_s@@U?$less@V?$basic_string@DU?$char_traits@D@std@@V?$allocator@D@2@@std@@@2@V?$allocator@U?$pair@$$CBV?$basic_string@DU?$char_traits@D@std@@V?$allocator@D@2@@std@@USE_Entry_s@@@std@@@2@$0A@@std@@@std@@IAEAAPAU_Node@?$_Tree_nod@V?$_Tmap_traits@V?$basic_string@DU?$char_traits@D@std@@V?$allocator@D@2@@std@@USE_Entry_s@@U?$less@V?$basic_string@DU?$char_traits@D@std@@V?$allocator@D@2@@std@@@2@V?$allocator@U?$pair@$$CBV?$basic_string@DU?$char_traits@D@std@@V?$allocator@D@2@@std@@USE_Entry_s@@@std@@@2@$0A@@std@@@2@XZ 009a3960 f i shell.o
1830	PENDING	0002:001a8470       ?_Root@?$_Tree@V?$_Tmap_traits@V?$basic_string@DU?$char_traits@D@std@@V?$allocator@D@2@@std@@USE_Entry_s@@U?$less@V?$basic_string@DU?$char_traits@D@std@@V?$allocator@D@2@@std@@@2@V?$allocator@U?$pair@$$CBV?$basic_string@DU?$char_traits@D@std@@V?$allocator@D@2@@std@@USE_Entry_s@@@std@@@2@$0A@@std@@@std@@IAEAAPAU_Node@?$_Tree_nod@V?$_Tmap_traits@V?$basic_string@DU?$char_traits@D@std@@V?$allocator@D@2@@std@@USE_Entry_s@@U?$less@V?$basic_string@DU?$char_traits@D@std@@V?$allocator@D@2@@std@@@2@V?$allocator@U?$pair@$$CBV?$basic_string@DU?$char_traits@D@std@@V?$allocator@D@2@@std@@USE_Entry_s@@@std@@@2@$0A@@std@@@2@XZ 009a3970 f i shell.o
1831	PENDING	0002:001a8480       ?_Key@?$_Tree@V?$_Tmap_traits@V?$basic_string@DU?$char_traits@D@std@@V?$allocator@D@2@@std@@HU?$less@V?$basic_string@DU?$char_traits@D@std@@V?$allocator@D@2@@std@@@2@V?$allocator@U?$pair@$$CBV?$basic_string@DU?$char_traits@D@std@@V?$allocator@D@2@@std@@H@std@@@2@$0A@@std@@@std@@KAABV?$basic_string@DU?$char_traits@D@std@@V?$allocator@D@2@@2@PAU_Node@?$_Tree_nod@V?$_Tmap_traits@V?$basic_string@DU?$char_traits@D@std@@V?$allocator@D@2@@std@@HU?$less@V?$basic_string@DU?$char_traits@D@std@@V?$allocator@D@2@@std@@@2@V?$allocator@U?$pair@$$CBV?$basic_string@DU?$char_traits@D@std@@V?$allocator@D@2@@std@@H@std@@@2@$0A@@std@@@2@@Z 009a3980 f i shell.o
1832	PENDING	0002:001a8490       ?_Lmost@?$_Tree@V?$_Tmap_traits@V?$basic_string@DU?$char_traits@D@std@@V?$allocator@D@2@@std@@HU?$less@V?$basic_string@DU?$char_traits@D@std@@V?$allocator@D@2@@std@@@2@V?$allocator@U?$pair@$$CBV?$basic_string@DU?$char_traits@D@std@@V?$allocator@D@2@@std@@H@std@@@2@$0A@@std@@@std@@IAEAAPAU_Node@?$_Tree_nod@V?$_Tmap_traits@V?$basic_string@DU?$char_traits@D@std@@V?$allocator@D@2@@std@@HU?$less@V?$basic_string@DU?$char_traits@D@std@@V?$allocator@D@2@@std@@@2@V?$allocator@U?$pair@$$CBV?$basic_string@DU?$char_traits@D@std@@V?$allocator@D@2@@std@@H@std@@@2@$0A@@std@@@2@XZ 009a3990 f i shell.o
1833	PENDING	0002:001a84a0       ?_Rmost@?$_Tree@V?$_Tmap_traits@V?$basic_string@DU?$char_traits@D@std@@V?$allocator@D@2@@std@@HU?$less@V?$basic_string@DU?$char_traits@D@std@@V?$allocator@D@2@@std@@@2@V?$allocator@U?$pair@$$CBV?$basic_string@DU?$char_traits@D@std@@V?$allocator@D@2@@std@@H@std@@@2@$0A@@std@@@std@@IAEAAPAU_Node@?$_Tree_nod@V?$_Tmap_traits@V?$basic_string@DU?$char_traits@D@std@@V?$allocator@D@2@@std@@HU?$less@V?$basic_string@DU?$char_traits@D@std@@V?$allocator@D@2@@std@@@2@V?$allocator@U?$pair@$$CBV?$basic_string@DU?$char_traits@D@std@@V?$allocator@D@2@@std@@H@std@@@2@$0A@@std@@@2@XZ 009a39a0 f i shell.o
1834	PENDING	0002:001a84b0       ?_Root@?$_Tree@V?$_Tmap_traits@V?$basic_string@DU?$char_traits@D@std@@V?$allocator@D@2@@std@@HU?$less@V?$basic_string@DU?$char_traits@D@std@@V?$allocator@D@2@@std@@@2@V?$allocator@U?$pair@$$CBV?$basic_string@DU?$char_traits@D@std@@V?$allocator@D@2@@std@@H@std@@@2@$0A@@std@@@std@@IAEAAPAU_Node@?$_Tree_nod@V?$_Tmap_traits@V?$basic_string@DU?$char_traits@D@std@@V?$allocator@D@2@@std@@HU?$less@V?$basic_string@DU?$char_traits@D@std@@V?$allocator@D@2@@std@@@2@V?$allocator@U?$pair@$$CBV?$basic_string@DU?$char_traits@D@std@@V?$allocator@D@2@@std@@H@std@@@2@$0A@@std@@@2@XZ 009a39b0 f i shell.o
1835	PENDING	0002:001a84c0       ??0iterator@?$_Tree@V?$_Tmap_traits@V?$basic_string@DU?$char_traits@D@std@@V?$allocator@D@2@@std@@HU?$less@V?$basic_string@DU?$char_traits@D@std@@V?$allocator@D@2@@std@@@2@V?$allocator@U?$pair@$$CBV?$basic_string@DU?$char_traits@D@std@@V?$allocator@D@2@@std@@H@std@@@2@$0A@@std@@@std@@QAE@PAU_Node@?$_Tree_nod@V?$_Tmap_traits@V?$basic_string@DU?$char_traits@D@std@@V?$allocator@D@2@@std@@HU?$less@V?$basic_string@DU?$char_traits@D@std@@V?$allocator@D@2@@std@@@2@V?$allocator@U?$pair@$$CBV?$basic_string@DU?$char_traits@D@std@@V?$allocator@D@2@@std@@H@std@@@2@$0A@@std@@@2@@Z 009a39c0 f i shell.o
1836	PENDING	0002:001a84e0       ??Dconst_iterator@?$_Tree@V?$_Tmap_traits@V?$basic_string@DU?$char_traits@D@std@@V?$allocator@D@2@@std@@HU?$less@V?$basic_string@DU?$char_traits@D@std@@V?$allocator@D@2@@std@@@2@V?$allocator@U?$pair@$$CBV?$basic_string@DU?$char_traits@D@std@@V?$allocator@D@2@@std@@H@std@@@2@$0A@@std@@@std@@QBEABU?$pair@$$CBV?$basic_string@DU?$char_traits@D@std@@V?$allocator@D@2@@std@@H@2@XZ 009a39e0 f i shell.o
1837	PENDING	0002:001a84f0       ??0iterator@?$_Tree@V?$_Tmap_traits@V?$basic_string@DU?$char_traits@D@std@@V?$allocator@D@2@@std@@USE_Entry_s@@U?$less@V?$basic_string@DU?$char_traits@D@std@@V?$allocator@D@2@@std@@@2@V?$allocator@U?$pair@$$CBV?$basic_string@DU?$char_traits@D@std@@V?$allocator@D@2@@std@@USE_Entry_s@@@std@@@2@$0A@@std@@@std@@QAE@PAU_Node@?$_Tree_nod@V?$_Tmap_traits@V?$basic_string@DU?$char_traits@D@std@@V?$allocator@D@2@@std@@USE_Entry_s@@U?$less@V?$basic_string@DU?$char_traits@D@std@@V?$allocator@D@2@@std@@@2@V?$allocator@U?$pair@$$CBV?$basic_string@DU?$char_traits@D@std@@V?$allocator@D@2@@std@@USE_Entry_s@@@std@@@2@$0A@@std@@@2@@Z 009a39f0 f i shell.o
1838	PENDING	0002:001a8510       ??Dconst_iterator@?$_Tree@V?$_Tmap_traits@V?$basic_string@DU?$char_traits@D@std@@V?$allocator@D@2@@std@@USE_Entry_s@@U?$less@V?$basic_string@DU?$char_traits@D@std@@V?$allocator@D@2@@std@@@2@V?$allocator@U?$pair@$$CBV?$basic_string@DU?$char_traits@D@std@@V?$allocator@D@2@@std@@USE_Entry_s@@@std@@@2@$0A@@std@@@std@@QBEABU?$pair@$$CBV?$basic_string@DU?$char_traits@D@std@@V?$allocator@D@2@@std@@USE_Entry_s@@@2@XZ 009a3a10 f i shell.o
1839	PENDING	0002:001a8520       ?_Key@?$_Tree@V?$_Tset_traits@V?$basic_string@DU?$char_traits@D@std@@V?$allocator@D@2@@std@@U?$less@V?$basic_string@DU?$char_traits@D@std@@V?$allocator@D@2@@std@@@2@V?$allocator@V?$basic_string@DU?$char_traits@D@std@@V?$allocator@D@2@@std@@@2@$0A@@std@@@std@@KAABV?$basic_string@DU?$char_traits@D@std@@V?$allocator@D@2@@2@PAU_Node@?$_Tree_nod@V?$_Tset_traits@V?$basic_string@DU?$char_traits@D@std@@V?$allocator@D@2@@std@@U?$less@V?$basic_string@DU?$char_traits@D@std@@V?$allocator@D@2@@std@@@2@V?$allocator@V?$basic_string@DU?$char_traits@D@std@@V?$allocator@D@2@@std@@@2@$0A@@std@@@2@@Z 009a3a20 f i shell.o
1840	PENDING	0002:001a8530       ?_Root@?$_Tree@V?$_Tset_traits@V?$basic_string@DU?$char_traits@D@std@@V?$allocator@D@2@@std@@U?$less@V?$basic_string@DU?$char_traits@D@std@@V?$allocator@D@2@@std@@@2@V?$allocator@V?$basic_string@DU?$char_traits@D@std@@V?$allocator@D@2@@std@@@2@$0A@@std@@@std@@IAEAAPAU_Node@?$_Tree_nod@V?$_Tset_traits@V?$basic_string@DU?$char_traits@D@std@@V?$allocator@D@2@@std@@U?$less@V?$basic_string@DU?$char_traits@D@std@@V?$allocator@D@2@@std@@@2@V?$allocator@V?$basic_string@DU?$char_traits@D@std@@V?$allocator@D@2@@std@@@2@$0A@@std@@@2@XZ 009a3a30 f i shell.o
1841	PENDING	0002:001a8540       ??0iterator@?$_Tree@V?$_Tset_traits@V?$basic_string@DU?$char_traits@D@std@@V?$allocator@D@2@@std@@U?$less@V?$basic_string@DU?$char_traits@D@std@@V?$allocator@D@2@@std@@@2@V?$allocator@V?$basic_string@DU?$char_traits@D@std@@V?$allocator@D@2@@std@@@2@$0A@@std@@@std@@QAE@PAU_Node@?$_Tree_nod@V?$_Tset_traits@V?$basic_string@DU?$char_traits@D@std@@V?$allocator@D@2@@std@@U?$less@V?$basic_string@DU?$char_traits@D@std@@V?$allocator@D@2@@std@@@2@V?$allocator@V?$basic_string@DU?$char_traits@D@std@@V?$allocator@D@2@@std@@@2@$0A@@std@@@2@@Z 009a3a40 f i shell.o
1842	PENDING	0002:001a8560       ?begin@?$_Tree@V?$_Tmap_traits@V?$basic_string@DU?$char_traits@D@std@@V?$allocator@D@2@@std@@USE_Entry_s@@U?$less@V?$basic_string@DU?$char_traits@D@std@@V?$allocator@D@2@@std@@@2@V?$allocator@U?$pair@$$CBV?$basic_string@DU?$char_traits@D@std@@V?$allocator@D@2@@std@@USE_Entry_s@@@std@@@2@$0A@@std@@@std@@QAE?AViterator@12@XZ 009a3a60 f i shell.o
1843	PENDING	0002:001a8580       ?destroy@?$allocator@PAU_Node@?$_Tree_nod@V?$_Tmap_traits@V?$basic_string@DU?$char_traits@D@std@@V?$allocator@D@2@@std@@USE_Entry_s@@U?$less@V?$basic_string@DU?$char_traits@D@std@@V?$allocator@D@2@@std@@@2@V?$allocator@U?$pair@$$CBV?$basic_string@DU?$char_traits@D@std@@V?$allocator@D@2@@std@@USE_Entry_s@@@std@@@2@$0A@@std@@@std@@@std@@QAEXPAPAU_Node@?$_Tree_nod@V?$_Tmap_traits@V?$basic_string@DU?$char_traits@D@std@@V?$allocator@D@2@@std@@USE_Entry_s@@U?$less@V?$basic_string@DU?$char_traits@D@std@@V?$allocator@D@2@@std@@@2@V?$allocator@U?$pair@$$CBV?$basic_string@DU?$char_traits@D@std@@V?$allocator@D@2@@std@@USE_Entry_s@@@std@@@2@$0A@@std@@@2@@Z 009a3a80 f i shell.o
1844	PENDING	0002:001a8590       ?begin@?$_Tree@V?$_Tmap_traits@V?$basic_string@DU?$char_traits@D@std@@V?$allocator@D@2@@std@@HU?$less@V?$basic_string@DU?$char_traits@D@std@@V?$allocator@D@2@@std@@@2@V?$allocator@U?$pair@$$CBV?$basic_string@DU?$char_traits@D@std@@V?$allocator@D@2@@std@@H@std@@@2@$0A@@std@@@std@@QAE?AViterator@12@XZ 009a3a90 f i shell.o
1845	PENDING	0002:001a85b0       ?destroy@?$allocator@PAU_Node@?$_Tree_nod@V?$_Tmap_traits@V?$basic_string@DU?$char_traits@D@std@@V?$allocator@D@2@@std@@HU?$less@V?$basic_string@DU?$char_traits@D@std@@V?$allocator@D@2@@std@@@2@V?$allocator@U?$pair@$$CBV?$basic_string@DU?$char_traits@D@std@@V?$allocator@D@2@@std@@H@std@@@2@$0A@@std@@@std@@@std@@QAEXPAPAU_Node@?$_Tree_nod@V?$_Tmap_traits@V?$basic_string@DU?$char_traits@D@std@@V?$allocator@D@2@@std@@HU?$less@V?$basic_string@DU?$char_traits@D@std@@V?$allocator@D@2@@std@@@2@V?$allocator@U?$pair@$$CBV?$basic_string@DU?$char_traits@D@std@@V?$allocator@D@2@@std@@H@std@@@2@$0A@@std@@@2@@Z 009a3ab0 f i shell.o
1846	PENDING	0002:001a85c0       ??0iterator@?$_Tree@V?$_Tmap_traits@V?$basic_string@DU?$char_traits@D@std@@V?$allocator@D@2@@std@@HU?$less@V?$basic_string@DU?$char_traits@D@std@@V?$allocator@D@2@@std@@@2@V?$allocator@U?$pair@$$CBV?$basic_string@DU?$char_traits@D@std@@V?$allocator@D@2@@std@@H@std@@@2@$0A@@std@@@std@@QAE@XZ 009a3ac0 f i shell.o
1847	PENDING	0002:001a85d0       ??0iterator@?$_Tree@V?$_Tmap_traits@V?$basic_string@DU?$char_traits@D@std@@V?$allocator@D@2@@std@@USE_Entry_s@@U?$less@V?$basic_string@DU?$char_traits@D@std@@V?$allocator@D@2@@std@@@2@V?$allocator@U?$pair@$$CBV?$basic_string@DU?$char_traits@D@std@@V?$allocator@D@2@@std@@USE_Entry_s@@@std@@@2@$0A@@std@@@std@@QAE@XZ 009a3ad0 f i shell.o
1848	PENDING	0002:001a85e0       ?end@?$_Tree@V?$_Tset_traits@V?$basic_string@DU?$char_traits@D@std@@V?$allocator@D@2@@std@@U?$less@V?$basic_string@DU?$char_traits@D@std@@V?$allocator@D@2@@std@@@2@V?$allocator@V?$basic_string@DU?$char_traits@D@std@@V?$allocator@D@2@@std@@@2@$0A@@std@@@std@@QAE?AViterator@12@XZ 009a3ae0 f i shell.o
1849	PENDING	0002:001a8600       ?max_size@?$_Tree@V?$_Tset_traits@V?$basic_string@DU?$char_traits@D@std@@V?$allocator@D@2@@std@@U?$less@V?$basic_string@DU?$char_traits@D@std@@V?$allocator@D@2@@std@@@2@V?$allocator@V?$basic_string@DU?$char_traits@D@std@@V?$allocator@D@2@@std@@@2@$0A@@std@@@std@@QBEIXZ 009a3b00 f i shell.o
1850	PENDING	0002:001a8610       ?_Lrotate@?$_Tree@V?$_Tset_traits@V?$basic_string@DU?$char_traits@D@std@@V?$allocator@D@2@@std@@U?$less@V?$basic_string@DU?$char_traits@D@std@@V?$allocator@D@2@@std@@@2@V?$allocator@V?$basic_string@DU?$char_traits@D@std@@V?$allocator@D@2@@std@@@2@$0A@@std@@@std@@IAEXPAU_Node@?$_Tree_nod@V?$_Tset_traits@V?$basic_string@DU?$char_traits@D@std@@V?$allocator@D@2@@std@@U?$less@V?$basic_string@DU?$char_traits@D@std@@V?$allocator@D@2@@std@@@2@V?$allocator@V?$basic_string@DU?$char_traits@D@std@@V?$allocator@D@2@@std@@@2@$0A@@std@@@2@@Z 009a3b10 f i shell.o
1851	PENDING	0002:001a8680       ?_Rrotate@?$_Tree@V?$_Tset_traits@V?$basic_string@DU?$char_traits@D@std@@V?$allocator@D@2@@std@@U?$less@V?$basic_string@DU?$char_traits@D@std@@V?$allocator@D@2@@std@@@2@V?$allocator@V?$basic_string@DU?$char_traits@D@std@@V?$allocator@D@2@@std@@@2@$0A@@std@@@std@@IAEXPAU_Node@?$_Tree_nod@V?$_Tset_traits@V?$basic_string@DU?$char_traits@D@std@@V?$allocator@D@2@@std@@U?$less@V?$basic_string@DU?$char_traits@D@std@@V?$allocator@D@2@@std@@@2@V?$allocator@V?$basic_string@DU?$char_traits@D@std@@V?$allocator@D@2@@std@@@2@$0A@@std@@@2@@Z 009a3b80 f i shell.o
1852	PENDING	0002:001a8700       ?destroy@?$allocator@PAU_Node@?$_Tree_nod@V?$_Tset_traits@V?$basic_string@DU?$char_traits@D@std@@V?$allocator@D@2@@std@@U?$less@V?$basic_string@DU?$char_traits@D@std@@V?$allocator@D@2@@std@@@2@V?$allocator@V?$basic_string@DU?$char_traits@D@std@@V?$allocator@D@2@@std@@@2@$0A@@std@@@std@@@std@@QAEXPAPAU_Node@?$_Tree_nod@V?$_Tset_traits@V?$basic_string@DU?$char_traits@D@std@@V?$allocator@D@2@@std@@U?$less@V?$basic_string@DU?$char_traits@D@std@@V?$allocator@D@2@@std@@@2@V?$allocator@V?$basic_string@DU?$char_traits@D@std@@V?$allocator@D@2@@std@@@2@$0A@@std@@@2@@Z 009a3c00 f i shell.o
1853	PENDING	0002:001a8710       ?max_size@?$_Tree@V?$_Tmap_traits@V?$basic_string@DU?$char_traits@D@std@@V?$allocator@D@2@@std@@USE_Entry_s@@U?$less@V?$basic_string@DU?$char_traits@D@std@@V?$allocator@D@2@@std@@@2@V?$allocator@U?$pair@$$CBV?$basic_string@DU?$char_traits@D@std@@V?$allocator@D@2@@std@@USE_Entry_s@@@std@@@2@$0A@@std@@@std@@QBEIXZ 009a3c10 f i shell.o
1854	PENDING	0002:001a8720       ?_Lrotate@?$_Tree@V?$_Tmap_traits@V?$basic_string@DU?$char_traits@D@std@@V?$allocator@D@2@@std@@USE_Entry_s@@U?$less@V?$basic_string@DU?$char_traits@D@std@@V?$allocator@D@2@@std@@@2@V?$allocator@U?$pair@$$CBV?$basic_string@DU?$char_traits@D@std@@V?$allocator@D@2@@std@@USE_Entry_s@@@std@@@2@$0A@@std@@@std@@IAEXPAU_Node@?$_Tree_nod@V?$_Tmap_traits@V?$basic_string@DU?$char_traits@D@std@@V?$allocator@D@2@@std@@USE_Entry_s@@U?$less@V?$basic_string@DU?$char_traits@D@std@@V?$allocator@D@2@@std@@@2@V?$allocator@U?$pair@$$CBV?$basic_string@DU?$char_traits@D@std@@V?$allocator@D@2@@std@@USE_Entry_s@@@std@@@2@$0A@@std@@@2@@Z 009a3c20 f i shell.o
1855	PENDING	0002:001a8790       ?_Rrotate@?$_Tree@V?$_Tmap_traits@V?$basic_string@DU?$char_traits@D@std@@V?$allocator@D@2@@std@@USE_Entry_s@@U?$less@V?$basic_string@DU?$char_traits@D@std@@V?$allocator@D@2@@std@@@2@V?$allocator@U?$pair@$$CBV?$basic_string@DU?$char_traits@D@std@@V?$allocator@D@2@@std@@USE_Entry_s@@@std@@@2@$0A@@std@@@std@@IAEXPAU_Node@?$_Tree_nod@V?$_Tmap_traits@V?$basic_string@DU?$char_traits@D@std@@V?$allocator@D@2@@std@@USE_Entry_s@@U?$less@V?$basic_string@DU?$char_traits@D@std@@V?$allocator@D@2@@std@@@2@V?$allocator@U?$pair@$$CBV?$basic_string@DU?$char_traits@D@std@@V?$allocator@D@2@@std@@USE_Entry_s@@@std@@@2@$0A@@std@@@2@@Z 009a3c90 f i shell.o
1856	PENDING	0002:001a8810       ?max_size@?$_Tree@V?$_Tmap_traits@V?$basic_string@DU?$char_traits@D@std@@V?$allocator@D@2@@std@@HU?$less@V?$basic_string@DU?$char_traits@D@std@@V?$allocator@D@2@@std@@@2@V?$allocator@U?$pair@$$CBV?$basic_string@DU?$char_traits@D@std@@V?$allocator@D@2@@std@@H@std@@@2@$0A@@std@@@std@@QBEIXZ 009a3d10 f i shell.o
1857	PENDING	0002:001a8820       ?_Lrotate@?$_Tree@V?$_Tmap_traits@V?$basic_string@DU?$char_traits@D@std@@V?$allocator@D@2@@std@@HU?$less@V?$basic_string@DU?$char_traits@D@std@@V?$allocator@D@2@@std@@@2@V?$allocator@U?$pair@$$CBV?$basic_string@DU?$char_traits@D@std@@V?$allocator@D@2@@std@@H@std@@@2@$0A@@std@@@std@@IAEXPAU_Node@?$_Tree_nod@V?$_Tmap_traits@V?$basic_string@DU?$char_traits@D@std@@V?$allocator@D@2@@std@@HU?$less@V?$basic_string@DU?$char_traits@D@std@@V?$allocator@D@2@@std@@@2@V?$allocator@U?$pair@$$CBV?$basic_string@DU?$char_traits@D@std@@V?$allocator@D@2@@std@@H@std@@@2@$0A@@std@@@2@@Z 009a3d20 f i shell.o
1858	PENDING	0002:001a8890       ?_Rrotate@?$_Tree@V?$_Tmap_traits@V?$basic_string@DU?$char_traits@D@std@@V?$allocator@D@2@@std@@HU?$less@V?$basic_string@DU?$char_traits@D@std@@V?$allocator@D@2@@std@@@2@V?$allocator@U?$pair@$$CBV?$basic_string@DU?$char_traits@D@std@@V?$allocator@D@2@@std@@H@std@@@2@$0A@@std@@@std@@IAEXPAU_Node@?$_Tree_nod@V?$_Tmap_traits@V?$basic_string@DU?$char_traits@D@std@@V?$allocator@D@2@@std@@HU?$less@V?$basic_string@DU?$char_traits@D@std@@V?$allocator@D@2@@std@@@2@V?$allocator@U?$pair@$$CBV?$basic_string@DU?$char_traits@D@std@@V?$allocator@D@2@@std@@H@std@@@2@$0A@@std@@@2@@Z 009a3d90 f i shell.o
1859	PENDING	0002:001a8910       ??Econst_iterator@?$_Tree@V?$_Tmap_traits@V?$basic_string@DU?$char_traits@D@std@@V?$allocator@D@2@@std@@HU?$less@V?$basic_string@DU?$char_traits@D@std@@V?$allocator@D@2@@std@@@2@V?$allocator@U?$pair@$$CBV?$basic_string@DU?$char_traits@D@std@@V?$allocator@D@2@@std@@H@std@@@2@$0A@@std@@@std@@QAEAAV012@XZ 009a3e10 f i shell.o
1860	PENDING	0002:001a8920       ??Fconst_iterator@?$_Tree@V?$_Tmap_traits@V?$basic_string@DU?$char_traits@D@std@@V?$allocator@D@2@@std@@HU?$less@V?$basic_string@DU?$char_traits@D@std@@V?$allocator@D@2@@std@@@2@V?$allocator@U?$pair@$$CBV?$basic_string@DU?$char_traits@D@std@@V?$allocator@D@2@@std@@H@std@@@2@$0A@@std@@@std@@QAEAAV012@XZ 009a3e20 f i shell.o
1861	PENDING	0002:001a8930       ??Econst_iterator@?$_Tree@V?$_Tmap_traits@V?$basic_string@DU?$char_traits@D@std@@V?$allocator@D@2@@std@@USE_Entry_s@@U?$less@V?$basic_string@DU?$char_traits@D@std@@V?$allocator@D@2@@std@@@2@V?$allocator@U?$pair@$$CBV?$basic_string@DU?$char_traits@D@std@@V?$allocator@D@2@@std@@USE_Entry_s@@@std@@@2@$0A@@std@@@std@@QAEAAV012@XZ 009a3e30 f i shell.o
1862	PENDING	0002:001a8940       ??Fconst_iterator@?$_Tree@V?$_Tmap_traits@V?$basic_string@DU?$char_traits@D@std@@V?$allocator@D@2@@std@@USE_Entry_s@@U?$less@V?$basic_string@DU?$char_traits@D@std@@V?$allocator@D@2@@std@@@2@V?$allocator@U?$pair@$$CBV?$basic_string@DU?$char_traits@D@std@@V?$allocator@D@2@@std@@USE_Entry_s@@@std@@@2@$0A@@std@@@std@@QAEAAV012@XZ 009a3e40 f i shell.o
1863	PENDING	0002:001a8950       ?allocate@?$allocator@U_Node@?$_Tree_nod@V?$_Tset_traits@V?$basic_string@DU?$char_traits@D@std@@V?$allocator@D@2@@std@@U?$less@V?$basic_string@DU?$char_traits@D@std@@V?$allocator@D@2@@std@@@2@V?$allocator@V?$basic_string@DU?$char_traits@D@std@@V?$allocator@D@2@@std@@@2@$0A@@std@@@std@@@std@@QAEPAU_Node@?$_Tree_nod@V?$_Tset_traits@V?$basic_string@DU?$char_traits@D@std@@V?$allocator@D@2@@std@@U?$less@V?$basic_string@DU?$char_traits@D@std@@V?$allocator@D@2@@std@@@2@V?$allocator@V?$basic_string@DU?$char_traits@D@std@@V?$allocator@D@2@@std@@@2@$0A@@std@@@2@I@Z 009a3e50 f i shell.o
1864	PENDING	0002:001a8970       ?_Dec@const_iterator@?$_Tree@V?$_Tset_traits@V?$basic_string@DU?$char_traits@D@std@@V?$allocator@D@2@@std@@U?$less@V?$basic_string@DU?$char_traits@D@std@@V?$allocator@D@2@@std@@@2@V?$allocator@V?$basic_string@DU?$char_traits@D@std@@V?$allocator@D@2@@std@@@2@$0A@@std@@@std@@QAEXXZ 009a3e70 f i shell.o
1865	PENDING	0002:001a89f0       ??0?$_Tree_nod@V?$_Tmap_traits@V?$basic_string@DU?$char_traits@D@std@@V?$allocator@D@2@@std@@USE_Entry_s@@U?$less@V?$basic_string@DU?$char_traits@D@std@@V?$allocator@D@2@@std@@@2@V?$allocator@U?$pair@$$CBV?$basic_string@DU?$char_traits@D@std@@V?$allocator@D@2@@std@@USE_Entry_s@@@std@@@2@$0A@@std@@@std@@IAE@ABU?$less@V?$basic_string@DU?$char_traits@D@std@@V?$allocator@D@2@@std@@@1@V?$allocator@U?$pair@$$CBV?$basic_string@DU?$char_traits@D@std@@V?$allocator@D@2@@std@@USE_Entry_s@@@std@@@1@@Z 009a3ef0 f i shell.o
1866	PENDING	0002:001a8a00       ?allocate@?$allocator@U_Node@?$_Tree_nod@V?$_Tmap_traits@V?$basic_string@DU?$char_traits@D@std@@V?$allocator@D@2@@std@@USE_Entry_s@@U?$less@V?$basic_string@DU?$char_traits@D@std@@V?$allocator@D@2@@std@@@2@V?$allocator@U?$pair@$$CBV?$basic_string@DU?$char_traits@D@std@@V?$allocator@D@2@@std@@USE_Entry_s@@@std@@@2@$0A@@std@@@std@@@std@@QAEPAU_Node@?$_Tree_nod@V?$_Tmap_traits@V?$basic_string@DU?$char_traits@D@std@@V?$allocator@D@2@@std@@USE_Entry_s@@U?$less@V?$basic_string@DU?$char_traits@D@std@@V?$allocator@D@2@@std@@@2@V?$allocator@U?$pair@$$CBV?$basic_string@DU?$char_traits@D@std@@V?$allocator@D@2@@std@@USE_Entry_s@@@std@@@2@$0A@@std@@@2@I@Z 009a3f00 f i shell.o
1867	PENDING	0002:001a8a20       ?construct@?$allocator@PAU_Node@?$_Tree_nod@V?$_Tmap_traits@V?$basic_string@DU?$char_traits@D@std@@V?$allocator@D@2@@std@@USE_Entry_s@@U?$less@V?$basic_string@DU?$char_traits@D@std@@V?$allocator@D@2@@std@@@2@V?$allocator@U?$pair@$$CBV?$basic_string@DU?$char_traits@D@std@@V?$allocator@D@2@@std@@USE_Entry_s@@@std@@@2@$0A@@std@@@std@@@std@@QAEXPAPAU_Node@?$_Tree_nod@V?$_Tmap_traits@V?$basic_string@DU?$char_traits@D@std@@V?$allocator@D@2@@std@@USE_Entry_s@@U?$less@V?$basic_string@DU?$char_traits@D@std@@V?$allocator@D@2@@std@@@2@V?$allocator@U?$pair@$$CBV?$basic_string@DU?$char_traits@D@std@@V?$allocator@D@2@@std@@USE_Entry_s@@@std@@@2@$0A@@std@@@2@ABQAU342@@Z 009a3f20 f i shell.o
1868	PENDING	0002:001a8a40       ??0?$_Tree_nod@V?$_Tmap_traits@V?$basic_string@DU?$char_traits@D@std@@V?$allocator@D@2@@std@@HU?$less@V?$basic_string@DU?$char_traits@D@std@@V?$allocator@D@2@@std@@@2@V?$allocator@U?$pair@$$CBV?$basic_string@DU?$char_traits@D@std@@V?$allocator@D@2@@std@@H@std@@@2@$0A@@std@@@std@@IAE@ABU?$less@V?$basic_string@DU?$char_traits@D@std@@V?$allocator@D@2@@std@@@1@V?$allocator@U?$pair@$$CBV?$basic_string@DU?$char_traits@D@std@@V?$allocator@D@2@@std@@H@std@@@1@@Z 009a3f40 f i shell.o
1869	PENDING	0002:001a8a50       ?allocate@?$allocator@U_Node@?$_Tree_nod@V?$_Tmap_traits@V?$basic_string@DU?$char_traits@D@std@@V?$allocator@D@2@@std@@HU?$less@V?$basic_string@DU?$char_traits@D@std@@V?$allocator@D@2@@std@@@2@V?$allocator@U?$pair@$$CBV?$basic_string@DU?$char_traits@D@std@@V?$allocator@D@2@@std@@H@std@@@2@$0A@@std@@@std@@@std@@QAEPAU_Node@?$_Tree_nod@V?$_Tmap_traits@V?$basic_string@DU?$char_traits@D@std@@V?$allocator@D@2@@std@@HU?$less@V?$basic_string@DU?$char_traits@D@std@@V?$allocator@D@2@@std@@@2@V?$allocator@U?$pair@$$CBV?$basic_string@DU?$char_traits@D@std@@V?$allocator@D@2@@std@@H@std@@@2@$0A@@std@@@2@I@Z 009a3f50 f i shell.o
1870	PENDING	0002:001a8a70       ?construct@?$allocator@PAU_Node@?$_Tree_nod@V?$_Tmap_traits@V?$basic_string@DU?$char_traits@D@std@@V?$allocator@D@2@@std@@HU?$less@V?$basic_string@DU?$char_traits@D@std@@V?$allocator@D@2@@std@@@2@V?$allocator@U?$pair@$$CBV?$basic_string@DU?$char_traits@D@std@@V?$allocator@D@2@@std@@H@std@@@2@$0A@@std@@@std@@@std@@QAEXPAPAU_Node@?$_Tree_nod@V?$_Tmap_traits@V?$basic_string@DU?$char_traits@D@std@@V?$allocator@D@2@@std@@HU?$less@V?$basic_string@DU?$char_traits@D@std@@V?$allocator@D@2@@std@@@2@V?$allocator@U?$pair@$$CBV?$basic_string@DU?$char_traits@D@std@@V?$allocator@D@2@@std@@H@std@@@2@$0A@@std@@@2@ABQAU342@@Z 009a3f70 f i shell.o
1871	PENDING	0002:001a8a90       ??0?$_Tree_nod@V?$_Tset_traits@V?$basic_string@DU?$char_traits@D@std@@V?$allocator@D@2@@std@@U?$less@V?$basic_string@DU?$char_traits@D@std@@V?$allocator@D@2@@std@@@2@V?$allocator@V?$basic_string@DU?$char_traits@D@std@@V?$allocator@D@2@@std@@@2@$0A@@std@@@std@@IAE@ABU?$less@V?$basic_string@DU?$char_traits@D@std@@V?$allocator@D@2@@std@@@1@V?$allocator@V?$basic_string@DU?$char_traits@D@std@@V?$allocator@D@2@@std@@@1@@Z 009a3f90 f i shell.o
1872	PENDING	0002:001a8aa0       ?construct@?$allocator@PAU_Node@?$_Tree_nod@V?$_Tset_traits@V?$basic_string@DU?$char_traits@D@std@@V?$allocator@D@2@@std@@U?$less@V?$basic_string@DU?$char_traits@D@std@@V?$allocator@D@2@@std@@@2@V?$allocator@V?$basic_string@DU?$char_traits@D@std@@V?$allocator@D@2@@std@@@2@$0A@@std@@@std@@@std@@QAEXPAPAU_Node@?$_Tree_nod@V?$_Tset_traits@V?$basic_string@DU?$char_traits@D@std@@V?$allocator@D@2@@std@@U?$less@V?$basic_string@DU?$char_traits@D@std@@V?$allocator@D@2@@std@@@2@V?$allocator@V?$basic_string@DU?$char_traits@D@std@@V?$allocator@D@2@@std@@@2@$0A@@std@@@2@ABQAU342@@Z 009a3fa0 f i shell.o
1873	PENDING	0002:001a8ac0       ??Econst_iterator@?$_Tree@V?$_Tset_traits@V?$basic_string@DU?$char_traits@D@std@@V?$allocator@D@2@@std@@U?$less@V?$basic_string@DU?$char_traits@D@std@@V?$allocator@D@2@@std@@@2@V?$allocator@V?$basic_string@DU?$char_traits@D@std@@V?$allocator@D@2@@std@@@2@$0A@@std@@@std@@QAEAAV012@XZ 009a3fc0 f i shell.o
1874	PENDING	0002:001a8ad0       ??$?8$0EA@E@@YA_NABV?$ae_fixed_string@$0EA@E@@PBD@Z 009a3fd0 f i shell.o
1875	PENDING	0002:001a8b00       ?compare@?$basic_string@DU?$char_traits@D@std@@V?$allocator@D@2@@std@@QBEHABV12@@Z 009a4000 f i shell.o
1876	PENDING	0002:001a8b50       ??$_Distance2@Vconst_iterator@?$_Tree@V?$_Tset_traits@V?$basic_string@DU?$char_traits@D@std@@V?$allocator@D@2@@std@@U?$less@V?$basic_string@DU?$char_traits@D@std@@V?$allocator@D@2@@std@@@2@V?$allocator@V?$basic_string@DU?$char_traits@D@std@@V?$allocator@D@2@@std@@@2@$0A@@std@@@std@@I@std@@YAXVconst_iterator@?$_Tree@V?$_Tset_traits@V?$basic_string@DU?$char_traits@D@std@@V?$allocator@D@2@@std@@U?$less@V?$basic_string@DU?$char_traits@D@std@@V?$allocator@D@2@@std@@@2@V?$allocator@V?$basic_string@DU?$char_traits@D@std@@V?$allocator@D@2@@std@@@2@$0A@@std@@@0@0AAIUbidirectional_iterator_tag@0@@Z 009a4050 f i shell.o
1877	VERIFIED	0002:001a8b80       ?SetHJustify@FEMultiLineText@@UAEXH@Z 009a4080 f i shell.o
1878	VERIFIED	0002:001a8bd0       ?SetVJustify@FEMultiLineText@@UAEXH@Z 009a40d0 f i shell.o
1879	VERIFIED	0002:001a8c20       ?SetScale@FEMultiLineText@@UAEXM@Z 009a4120 f i shell.o
1880	VERIFIED	0002:001a8ca0       ?SetScale@FEMultiLineText@@UAEXMM@Z 009a41a0 f i shell.o
1881	PENDING	0002:001a8d20       ??_GFEMultiLineText@@UAEPAXI@Z 009a4220 f i shell.o
1882	PENDING	0002:001a8d20       ??_EFEMultiLineText@@UAEPAXI@Z 009a4220 f i shell.o
1883	PENDING	0002:001a8d50       ??0UIListBoxItem@UIListBox@@QAE@XZ 009a4250 f i shell.o
1884	VERIFIED	0002:001a8dc0       ?SetStateCount@UIListBoxItem@UIListBox@@QAEXH@Z 009a42c0 f i shell.o
1885	FIXED	0002:001a8e60       ?SetItem@UIListBoxItem@UIListBox@@QAEXPAVFEText@@H@Z 009a4360 f i shell.o
1886	FIXED	0002:001a8e90       ?SetItem@UIListBoxItem@UIListBox@@QAEXPAVPanelQuad@@H@Z 009a4390 f i shell.o
1887	FIXED	0002:001a8ec0       ?ClearText@UIListBoxItem@UIListBox@@QAEXXZ 009a43c0 f i shell.o
1888	FIXED	0002:001a8fc0       ?ClearItem@UIListBoxItem@UIListBox@@QAEXXZ 009a44c0 f i shell.o
1889	PENDING	0002:001a8fe0       ??4UIListBoxItem@UIListBox@@QAEXABV01@@Z 009a44e0 f i shell.o
1890	VERIFIED	0002:001a9130       ?SetColumnStateCount@UIListBoxRow@UIListBox@@QAEXHH@Z 009a4630 f i shell.o
1891	VERIFIED	0002:001a91c0       ?SetItem@UIListBoxRow@UIListBox@@QAEXHPAVFEText@@H@Z 009a46c0 f i shell.o
1892	VERIFIED	0002:001a9260       ?SetItem@UIListBoxRow@UIListBox@@QAEXHPAVPanelQuad@@H@Z 009a4760 f i shell.o
1893	VERIFIED	0002:001a9300       ?SetText@UIListBoxRow@UIListBox@@QAEXHPBD@Z 009a4800 f i shell.o
1894	VERIFIED	0002:001a9390       ?ClearItem@UIListBoxRow@UIListBox@@QAEXXZ 009a4890 f i shell.o
1895	VERIFIED	0002:001a9450       ?SetColumnColor@UIListBoxRow@UIListBox@@QAEXHVcolor32@@0@Z 009a4950 f i shell.o
1896	VERIFIED	0002:001a94e0       ?SetSelected@UIListBoxRow@UIListBox@@QAEXH_N0@Z 009a49e0 f i shell.o
1897	VERIFIED	0002:001a9570       ?SetEnabled@UIListBoxRow@UIListBox@@QAEX_N@Z 009a4a70 f i shell.o
1898	VERIFIED	0002:001a9670       ?AddOption@DialogMenuSystem@@QAEXPBDP6A_NH@Z@Z 009a4b70 f i shell.o
1899	FIXED	0002:001a96c0       ?CloseOnDelay@DialogMenuSystem@@QAEXHP6AXH@Z@Z 009a4bc0 f i shell.o
1900	PENDING	0002:001a9720       ??_GIGOWarStatusWidget@@UAEPAXI@Z 009a4c20 f i shell.o
1901	PENDING	0002:001a9720       ??_EIGOWarStatusWidget@@UAEPAXI@Z 009a4c20 f i shell.o
1902	PENDING	0002:001a9750       ?SetValue@FESlider@@UAEXH@Z 009a4c50 f i shell.o
1903	PENDING	0002:001a9770       ??_GFrontEndMenuSystem@@UAEPAXI@Z 009a4c70 f i shell.o
1904	PENDING	0002:001a9770       ??_EFrontEndMenuSystem@@UAEPAXI@Z 009a4c70 f i shell.o
1905	PENDING	0002:001a97a0       ??0?$basic_string@DU?$char_traits@D@std@@V?$allocator@D@2@@std@@QAE@XZ 009a4ca0 f i shell.o
1906	PENDING	0002:001a97c0       ?find@?$basic_string@DU?$char_traits@D@std@@V?$allocator@D@2@@std@@QBEIPBDI@Z 009a4cc0 f i shell.o
1907	PENDING	0002:001a9800       ??1?$ae_vector@PAVPanelQuadSection@@@@QAE@XZ 009a4d00 f i shell.o
1908	PENDING	0002:001a9830       ?push_back@?$ae_vector@PAVPanelQuadSection@@@@QAEXABQAVPanelQuadSection@@@Z 009a4d30 f i shell.o
1909	PENDING	0002:001a98e0       ?clear@?$ae_vector@PAVPanelQuad@@@@QAEXXZ 009a4de0 f i shell.o
1910	PENDING	0002:001a98f0       ?clear@?$ae_vector@PAVFEText@@@@QAEXXZ 009a4df0 f i shell.o
1911	PENDING	0002:001a9900       ??1?$ae_vector@VUIListBoxData@UIListBox@@@@QAE@XZ 009a4e00 f i shell.o
1912	PENDING	0002:001a9910       ?resize@?$ae_vector@VUIListBoxData@UIListBox@@@@QAEXH@Z 009a4e10 f i shell.o
1913	PENDING	0002:001a9ac0       ??1?$ae_vector@Vcolor32@@@@QAE@XZ 009a4fc0 f i shell.o
1914	PENDING	0002:001a9af0       ??1?$ae_vector@_N@@QAE@XZ  009a4ff0 f i shell.o
1915	PENDING	0002:001a9b20       ??1?$ae_vector@PAVFEMenuListBoxItem@@@@QAE@XZ 009a5020 f i shell.o
1916	PENDING	0002:001a9b50       ?push_back@?$ae_vector@PAVFEMenuListBoxItem@@@@QAEXABQAVFEMenuListBoxItem@@@Z 009a5050 f i shell.o
1917	PENDING	0002:001a9c00       ?end@?$_Tree@V?$_Tmap_traits@V?$basic_string@DU?$char_traits@D@std@@V?$allocator@D@2@@std@@USE_Entry_s@@U?$less@V?$basic_string@DU?$char_traits@D@std@@V?$allocator@D@2@@std@@@2@V?$allocator@U?$pair@$$CBV?$basic_string@DU?$char_traits@D@std@@V?$allocator@D@2@@std@@USE_Entry_s@@@std@@@2@$0A@@std@@@std@@QAE?AViterator@12@XZ 009a5100 f i shell.o
1918	PENDING	0002:001a9c20       ?end@?$_Tree@V?$_Tmap_traits@V?$basic_string@DU?$char_traits@D@std@@V?$allocator@D@2@@std@@HU?$less@V?$basic_string@DU?$char_traits@D@std@@V?$allocator@D@2@@std@@@2@V?$allocator@U?$pair@$$CBV?$basic_string@DU?$char_traits@D@std@@V?$allocator@D@2@@std@@H@std@@@2@$0A@@std@@@std@@QAE?AViterator@12@XZ 009a5120 f i shell.o
1919	PENDING	0002:001a9c40       ??Diterator@?$_Tree@V?$_Tmap_traits@V?$basic_string@DU?$char_traits@D@std@@V?$allocator@D@2@@std@@HU?$less@V?$basic_string@DU?$char_traits@D@std@@V?$allocator@D@2@@std@@@2@V?$allocator@U?$pair@$$CBV?$basic_string@DU?$char_traits@D@std@@V?$allocator@D@2@@std@@H@std@@@2@$0A@@std@@@std@@QBEAAU?$pair@$$CBV?$basic_string@DU?$char_traits@D@std@@V?$allocator@D@2@@std@@H@2@XZ 009a5140 f i shell.o
1920	PENDING	0002:001a9c50       ??Diterator@?$_Tree@V?$_Tmap_traits@V?$basic_string@DU?$char_traits@D@std@@V?$allocator@D@2@@std@@USE_Entry_s@@U?$less@V?$basic_string@DU?$char_traits@D@std@@V?$allocator@D@2@@std@@@2@V?$allocator@U?$pair@$$CBV?$basic_string@DU?$char_traits@D@std@@V?$allocator@D@2@@std@@USE_Entry_s@@@std@@@2@$0A@@std@@@std@@QBEAAU?$pair@$$CBV?$basic_string@DU?$char_traits@D@std@@V?$allocator@D@2@@std@@USE_Entry_s@@@2@XZ 009a5150 f i shell.o
1921	PENDING	0002:001a9c60       ??_GUIListBoxItem@UIListBox@@QAEPAXI@Z 009a5160 f i shell.o
1922	PENDING	0002:001a9c90       ??1?$pair@$$CBV?$basic_string@DU?$char_traits@D@std@@V?$allocator@D@2@@std@@H@std@@QAE@XZ 009a5190 f i shell.o
1923	PENDING	0002:001a9cc0       ?resize@?$ae_vector@PAVPanelQuadSection@@@@QAEXH@Z 009a51c0 f i shell.o
1924	PENDING	0002:001a9d60       ?construct_array@?$ae_vector@VUIListBoxItem@UIListBox@@@@AAEPAVUIListBoxItem@UIListBox@@H@Z 009a5260 f i shell.o
1925	PENDING	0002:001a9e20       ?destroy_all@?$ae_vector@VUIListBoxItem@UIListBox@@@@AAEXXZ 009a5320 f i shell.o
1926	PENDING	0002:001a9e80       ?begin@?$_Tree@V?$_Tset_traits@V?$basic_string@DU?$char_traits@D@std@@V?$allocator@D@2@@std@@U?$less@V?$basic_string@DU?$char_traits@D@std@@V?$allocator@D@2@@std@@@2@V?$allocator@V?$basic_string@DU?$char_traits@D@std@@V?$allocator@D@2@@std@@@2@$0A@@std@@@std@@QAE?AViterator@12@XZ 009a5380 f i shell.o
1927	PENDING	0002:001a9ea0       ??1UIListBoxDataRow@UIListBox@@QAE@XZ 009a53a0 f i shell.o
1928	PENDING	0002:001a9eb0       ??1?$ae_vector@VUIListBoxItem@UIListBox@@@@QAE@XZ 009a53b0 f i shell.o
1929	PENDING	0002:001a9ec0       ??Eiterator@?$_Tree@V?$_Tmap_traits@V?$basic_string@DU?$char_traits@D@std@@V?$allocator@D@2@@std@@HU?$less@V?$basic_string@DU?$char_traits@D@std@@V?$allocator@D@2@@std@@@2@V?$allocator@U?$pair@$$CBV?$basic_string@DU?$char_traits@D@std@@V?$allocator@D@2@@std@@H@std@@@2@$0A@@std@@@std@@QAEAAV012@XZ 009a53c0 f i shell.o
1930	PENDING	0002:001a9ed0       ??Fiterator@?$_Tree@V?$_Tmap_traits@V?$basic_string@DU?$char_traits@D@std@@V?$allocator@D@2@@std@@HU?$less@V?$basic_string@DU?$char_traits@D@std@@V?$allocator@D@2@@std@@@2@V?$allocator@U?$pair@$$CBV?$basic_string@DU?$char_traits@D@std@@V?$allocator@D@2@@std@@H@std@@@2@$0A@@std@@@std@@QAEAAV012@XZ 009a53d0 f i shell.o
1931	PENDING	0002:001a9ee0       ??Eiterator@?$_Tree@V?$_Tmap_traits@V?$basic_string@DU?$char_traits@D@std@@V?$allocator@D@2@@std@@USE_Entry_s@@U?$less@V?$basic_string@DU?$char_traits@D@std@@V?$allocator@D@2@@std@@@2@V?$allocator@U?$pair@$$CBV?$basic_string@DU?$char_traits@D@std@@V?$allocator@D@2@@std@@USE_Entry_s@@@std@@@2@$0A@@std@@@std@@QAEAAV012@XZ 009a53e0 f i shell.o
1932	PENDING	0002:001a9ef0       ??Fiterator@?$_Tree@V?$_Tmap_traits@V?$basic_string@DU?$char_traits@D@std@@V?$allocator@D@2@@std@@USE_Entry_s@@U?$less@V?$basic_string@DU?$char_traits@D@std@@V?$allocator@D@2@@std@@@2@V?$allocator@U?$pair@$$CBV?$basic_string@DU?$char_traits@D@std@@V?$allocator@D@2@@std@@USE_Entry_s@@@std@@@2@$0A@@std@@@std@@QAEAAV012@XZ 009a53f0 f i shell.o
1933	PENDING	0002:001a9f00       ??Fconst_iterator@?$_Tree@V?$_Tset_traits@V?$basic_string@DU?$char_traits@D@std@@V?$allocator@D@2@@std@@U?$less@V?$basic_string@DU?$char_traits@D@std@@V?$allocator@D@2@@std@@@2@V?$allocator@V?$basic_string@DU?$char_traits@D@std@@V?$allocator@D@2@@std@@@2@$0A@@std@@@std@@QAEAAV012@XZ 009a5400 f i shell.o
1934	PENDING	0002:001a9f10       ?_Buynode@?$_Tree@V?$_Tmap_traits@V?$basic_string@DU?$char_traits@D@std@@V?$allocator@D@2@@std@@USE_Entry_s@@U?$less@V?$basic_string@DU?$char_traits@D@std@@V?$allocator@D@2@@std@@@2@V?$allocator@U?$pair@$$CBV?$basic_string@DU?$char_traits@D@std@@V?$allocator@D@2@@std@@USE_Entry_s@@@std@@@2@$0A@@std@@@std@@IAEPAU_Node@?$_Tree_nod@V?$_Tmap_traits@V?$basic_string@DU?$char_traits@D@std@@V?$allocator@D@2@@std@@USE_Entry_s@@U?$less@V?$basic_string@DU?$char_traits@D@std@@V?$allocator@D@2@@std@@@2@V?$allocator@U?$pair@$$CBV?$basic_string@DU?$char_traits@D@std@@V?$allocator@D@2@@std@@USE_Entry_s@@@std@@@2@$0A@@std@@@2@XZ 009a5410 f i shell.o
1935	PENDING	0002:001a9f60       ??0?$_Tree_ptr@V?$_Tmap_traits@V?$basic_string@DU?$char_traits@D@std@@V?$allocator@D@2@@std@@USE_Entry_s@@U?$less@V?$basic_string@DU?$char_traits@D@std@@V?$allocator@D@2@@std@@@2@V?$allocator@U?$pair@$$CBV?$basic_string@DU?$char_traits@D@std@@V?$allocator@D@2@@std@@USE_Entry_s@@@std@@@2@$0A@@std@@@std@@IAE@ABU?$less@V?$basic_string@DU?$char_traits@D@std@@V?$allocator@D@2@@std@@@1@V?$allocator@U?$pair@$$CBV?$basic_string@DU?$char_traits@D@std@@V?$allocator@D@2@@std@@USE_Entry_s@@@std@@@1@@Z 009a5460 f i shell.o
1936	PENDING	0002:001a9f70       ?_Buynode@?$_Tree@V?$_Tmap_traits@V?$basic_string@DU?$char_traits@D@std@@V?$allocator@D@2@@std@@HU?$less@V?$basic_string@DU?$char_traits@D@std@@V?$allocator@D@2@@std@@@2@V?$allocator@U?$pair@$$CBV?$basic_string@DU?$char_traits@D@std@@V?$allocator@D@2@@std@@H@std@@@2@$0A@@std@@@std@@IAEPAU_Node@?$_Tree_nod@V?$_Tmap_traits@V?$basic_string@DU?$char_traits@D@std@@V?$allocator@D@2@@std@@HU?$less@V?$basic_string@DU?$char_traits@D@std@@V?$allocator@D@2@@std@@@2@V?$allocator@U?$pair@$$CBV?$basic_string@DU?$char_traits@D@std@@V?$allocator@D@2@@std@@H@std@@@2@$0A@@std@@@2@XZ 009a5470 f i shell.o
1937	PENDING	0002:001a9fc0       ??0?$_Tree_ptr@V?$_Tmap_traits@V?$basic_string@DU?$char_traits@D@std@@V?$allocator@D@2@@std@@HU?$less@V?$basic_string@DU?$char_traits@D@std@@V?$allocator@D@2@@std@@@2@V?$allocator@U?$pair@$$CBV?$basic_string@DU?$char_traits@D@std@@V?$allocator@D@2@@std@@H@std@@@2@$0A@@std@@@std@@IAE@ABU?$less@V?$basic_string@DU?$char_traits@D@std@@V?$allocator@D@2@@std@@@1@V?$allocator@U?$pair@$$CBV?$basic_string@DU?$char_traits@D@std@@V?$allocator@D@2@@std@@H@std@@@1@@Z 009a54c0 f i shell.o
1938	PENDING	0002:001a9fd0       ??Eiterator@?$_Tree@V?$_Tmap_traits@V?$basic_string@DU?$char_traits@D@std@@V?$allocator@D@2@@std@@HU?$less@V?$basic_string@DU?$char_traits@D@std@@V?$allocator@D@2@@std@@@2@V?$allocator@U?$pair@$$CBV?$basic_string@DU?$char_traits@D@std@@V?$allocator@D@2@@std@@H@std@@@2@$0A@@std@@@std@@QAE?AV012@H@Z 009a54d0 f i shell.o
1939	PENDING	0002:001a9ff0       ??Eiterator@?$_Tree@V?$_Tmap_traits@V?$basic_string@DU?$char_traits@D@std@@V?$allocator@D@2@@std@@USE_Entry_s@@U?$less@V?$basic_string@DU?$char_traits@D@std@@V?$allocator@D@2@@std@@@2@V?$allocator@U?$pair@$$CBV?$basic_string@DU?$char_traits@D@std@@V?$allocator@D@2@@std@@USE_Entry_s@@@std@@@2@$0A@@std@@@std@@QAE?AV012@H@Z 009a54f0 f i shell.o
1940	PENDING	0002:001aa010       ?_Buynode@?$_Tree@V?$_Tset_traits@V?$basic_string@DU?$char_traits@D@std@@V?$allocator@D@2@@std@@U?$less@V?$basic_string@DU?$char_traits@D@std@@V?$allocator@D@2@@std@@@2@V?$allocator@V?$basic_string@DU?$char_traits@D@std@@V?$allocator@D@2@@std@@@2@$0A@@std@@@std@@IAEPAU_Node@?$_Tree_nod@V?$_Tset_traits@V?$basic_string@DU?$char_traits@D@std@@V?$allocator@D@2@@std@@U?$less@V?$basic_string@DU?$char_traits@D@std@@V?$allocator@D@2@@std@@@2@V?$allocator@V?$basic_string@DU?$char_traits@D@std@@V?$allocator@D@2@@std@@@2@$0A@@std@@@2@XZ 009a5510 f i shell.o
1941	PENDING	0002:001aa060       ??0?$_Tree_ptr@V?$_Tset_traits@V?$basic_string@DU?$char_traits@D@std@@V?$allocator@D@2@@std@@U?$less@V?$basic_string@DU?$char_traits@D@std@@V?$allocator@D@2@@std@@@2@V?$allocator@V?$basic_string@DU?$char_traits@D@std@@V?$allocator@D@2@@std@@@2@$0A@@std@@@std@@IAE@ABU?$less@V?$basic_string@DU?$char_traits@D@std@@V?$allocator@D@2@@std@@@1@V?$allocator@V?$basic_string@DU?$char_traits@D@std@@V?$allocator@D@2@@std@@@1@@Z 009a5560 f i shell.o
1942	PENDING	0002:001aa070       ??Eiterator@?$_Tree@V?$_Tset_traits@V?$basic_string@DU?$char_traits@D@std@@V?$allocator@D@2@@std@@U?$less@V?$basic_string@DU?$char_traits@D@std@@V?$allocator@D@2@@std@@@2@V?$allocator@V?$basic_string@DU?$char_traits@D@std@@V?$allocator@D@2@@std@@@2@$0A@@std@@@std@@QAEAAV012@XZ 009a5570 f i shell.o
1943	PENDING	0002:001aa080       ??$_Distance@Vconst_iterator@?$_Tree@V?$_Tset_traits@V?$basic_string@DU?$char_traits@D@std@@V?$allocator@D@2@@std@@U?$less@V?$basic_string@DU?$char_traits@D@std@@V?$allocator@D@2@@std@@@2@V?$allocator@V?$basic_string@DU?$char_traits@D@std@@V?$allocator@D@2@@std@@@2@$0A@@std@@@std@@I@std@@YAXVconst_iterator@?$_Tree@V?$_Tset_traits@V?$basic_string@DU?$char_traits@D@std@@V?$allocator@D@2@@std@@U?$less@V?$basic_string@DU?$char_traits@D@std@@V?$allocator@D@2@@std@@@2@V?$allocator@V?$basic_string@DU?$char_traits@D@std@@V?$allocator@D@2@@std@@@2@$0A@@std@@@0@0AAI@Z 009a5580 f i shell.o
1944	PENDING	0002:001aa0c0       ??$?MDU?$char_traits@D@std@@V?$allocator@D@1@@std@@YA_NABV?$basic_string@DU?$char_traits@D@std@@V?$allocator@D@2@@0@0@Z 009a55c0 f i shell.o
1945	PENDING	0002:001aa100       ??1_Node@?$_Tree_nod@V?$_Tmap_traits@V?$basic_string@DU?$char_traits@D@std@@V?$allocator@D@2@@std@@HU?$less@V?$basic_string@DU?$char_traits@D@std@@V?$allocator@D@2@@std@@@2@V?$allocator@U?$pair@$$CBV?$basic_string@DU?$char_traits@D@std@@V?$allocator@D@2@@std@@H@std@@@2@$0A@@std@@@std@@QAE@XZ 009a5600 f i shell.o
1946	PENDING	0002:001aa130       ??1_Node@?$_Tree_nod@V?$_Tset_traits@V?$basic_string@DU?$char_traits@D@std@@V?$allocator@D@2@@std@@U?$less@V?$basic_string@DU?$char_traits@D@std@@V?$allocator@D@2@@std@@@2@V?$allocator@V?$basic_string@DU?$char_traits@D@std@@V?$allocator@D@2@@std@@@2@$0A@@std@@@std@@QAE@XZ 009a5630 f i shell.o
1947	PENDING	0002:001aa160       ??0UIListBoxDataRow@UIListBox@@QAE@XZ 009a5660 f i shell.o
1948	PENDING	0002:001aa180       ?SetColumnCount@UIListBoxDataRow@UIListBox@@QAEXH@Z 009a5680 f i shell.o
1949	PENDING	0002:001aa200       ??4UIListBoxDataRow@UIListBox@@QAEXABV01@@Z 009a5700 f i shell.o
1950	PENDING	0002:001aa350       ?Rotate@PanelQuad@@UAEXM_N@Z 009a5850 f i shell.o
1951	PENDING	0002:001aa380       ?Scale@PanelQuad@@UAEXM_N@Z 009a5880 f i shell.o
1952	PENDING	0002:001aa3b0       ?Scale@PanelQuad@@UAEXMM_N@Z 009a58b0 f i shell.o
1953	PENDING	0002:001aa3e0       ?Scale@PanelQuad@@UAEXMMM_N@Z 009a58e0 f i shell.o
1954	PENDING	0002:001aa410       ?ScaleAbsoluteCenter@PanelQuad@@UAEXM@Z 009a5910 f i shell.o
1955	PENDING	0002:001aa430       ?SetCenterPos@PanelQuad@@UAEXMM@Z 009a5930 f i shell.o
1956	PENDING	0002:001aa470       ?GetCenterPos@PanelQuad@@UAEXAAM0@Z 009a5970 f i shell.o
1957	PENDING	0002:001aa490       ?GetCenterX@PanelQuad@@UAEMXZ 009a5990 f i shell.o
1958	PENDING	0002:001aa4a0       ?GetCenterY@PanelQuad@@UAEMXZ 009a59a0 f i shell.o
1959	PENDING	0002:001aa4b0       ?GetY@PanelQuad@@UAEMXZ    009a59b0 f i shell.o
1960	PENDING	0002:001aa4c0       ?GetRotation@PanelQuad@@UBEMXZ 009a59c0 f i shell.o
1961	PENDING	0002:001aa4d0       ?SetSectionUV@PanelQuad@@UAEXHQAM0@Z 009a59d0 f i shell.o
1962	PENDING	0002:001aa530       ?GetTexture@PanelQuad@@UAEPAUnglTexture@@XZ 009a5a30 f i shell.o
1963	PENDING	0002:001aa5a0       ?SetAlpha@PanelQuad@@UAEXHHM@Z 009a5aa0 f i shell.o
1964	PENDING	0002:001aa620       ?GetColor@PanelQuad@@UAE?AVcolor32@@XZ 009a5b20 f i shell.o
1965	PENDING	0002:001aa6c0       ?GetColor@PanelQuad@@UAE?AVcolor32@@HH@Z 009a5bc0 f i shell.o
1966	PENDING	0002:001aa710       ?GetWidth@PanelQuad@@UAEMXZ 009a5c10 f i shell.o
1967	PENDING	0002:001aa750       ?GetInitialWidth@PanelQuad@@UAEMXZ 009a5c50 f i shell.o
1968	PENDING	0002:001aa790       ?GetHeight@PanelQuad@@UAEMXZ 009a5c90 f i shell.o
1969	PENDING	0002:001aa7d0       ?GetInitialHeight@PanelQuad@@UAEMXZ 009a5cd0 f i shell.o
1970	PENDING	0002:001aa810       ??0TBankAlloc@@QAE@XZ      009a5d10 f i shell.o
1971	PENDING	0002:001aa830       ??0FEMenuListBox@@QAE@PAVFEText@@PAVFEMenu@@H@Z 009a5d30 f i shell.o
1972	PENDING	0002:001aa920       ??_EFEMenuListBox@@UAEPAXI@Z 009a5e20 f i shell.o
1973	PENDING	0002:001aa920       ??_GFEMenuListBox@@UAEPAXI@Z 009a5e20 f i shell.o
1974	PENDING	0002:001aa950       ??1FEMenuListBox@@UAE@XZ   009a5e50 f i shell.o
1975	PENDING	0002:001aaa10       ??0SE_Entry_s@@QAE@XZ      009a5f10 f i shell.o
1976	PENDING	0002:001aaa70       ??1SE_Entry_s@@QAE@XZ      009a5f70 f i shell.o
1977	PENDING	0002:001aab10       ?clear@?$ae_vector@PAVPanelQuadSection@@@@QAEXXZ 009a6010 f i shell.o
1978	PENDING	0002:001aab20       ?resize@?$ae_vector@VUIListBoxItem@UIListBox@@@@QAEXH@Z 009a6020 f i shell.o
1979	PENDING	0002:001aace0       ??1?$pair@$$CBV?$basic_string@DU?$char_traits@D@std@@V?$allocator@D@2@@std@@USE_Entry_s@@@std@@QAE@XZ 009a61e0 f i shell.o
1980	PENDING	0002:001aad70       ?construct_array@?$ae_vector@VUIListBoxDataRow@UIListBox@@@@AAEPAVUIListBoxDataRow@UIListBox@@H@Z 009a6270 f i shell.o
1981	PENDING	0002:001aadd0       ??R?$less@V?$basic_string@DU?$char_traits@D@std@@V?$allocator@D@2@@std@@@std@@QBE_NABV?$basic_string@DU?$char_traits@D@std@@V?$allocator@D@2@@1@0@Z 009a62d0 f i shell.o
1982	PENDING	0002:001aae20       ??Fiterator@?$_Tree@V?$_Tset_traits@V?$basic_string@DU?$char_traits@D@std@@V?$allocator@D@2@@std@@U?$less@V?$basic_string@DU?$char_traits@D@std@@V?$allocator@D@2@@std@@@2@V?$allocator@V?$basic_string@DU?$char_traits@D@std@@V?$allocator@D@2@@std@@@2@$0A@@std@@@std@@QAEAAV012@XZ 009a6320 f i shell.o
1983	PENDING	0002:001aae30       ??0UIListBoxRow@UIListBox@@QAE@XZ 009a6330 f i shell.o
1984	PENDING	0002:001aae40       ??_GUIListBoxDataRow@UIListBox@@QAEPAXI@Z 009a6340 f i shell.o
1985	PENDING	0002:001aae70       ??1UIListBoxRow@UIListBox@@QAE@XZ 009a6370 f i shell.o
1986	PENDING	0002:001aae80       ?_Init@?$_Tree@V?$_Tmap_traits@V?$basic_string@DU?$char_traits@D@std@@V?$allocator@D@2@@std@@USE_Entry_s@@U?$less@V?$basic_string@DU?$char_traits@D@std@@V?$allocator@D@2@@std@@@2@V?$allocator@U?$pair@$$CBV?$basic_string@DU?$char_traits@D@std@@V?$allocator@D@2@@std@@USE_Entry_s@@@std@@@2@$0A@@std@@@std@@IAEXXZ 009a6380 f i shell.o
1987	PENDING	0002:001aaec0       ?_Lbound@?$_Tree@V?$_Tmap_traits@V?$basic_string@DU?$char_traits@D@std@@V?$allocator@D@2@@std@@USE_Entry_s@@U?$less@V?$basic_string@DU?$char_traits@D@std@@V?$allocator@D@2@@std@@@2@V?$allocator@U?$pair@$$CBV?$basic_string@DU?$char_traits@D@std@@V?$allocator@D@2@@std@@USE_Entry_s@@@std@@@2@$0A@@std@@@std@@IBEPAU_Node@?$_Tree_nod@V?$_Tmap_traits@V?$basic_string@DU?$char_traits@D@std@@V?$allocator@D@2@@std@@USE_Entry_s@@U?$less@V?$basic_string@DU?$char_traits@D@std@@V?$allocator@D@2@@std@@@2@V?$allocator@U?$pair@$$CBV?$basic_string@DU?$char_traits@D@std@@V?$allocator@D@2@@std@@USE_Entry_s@@@std@@@2@$0A@@std@@@2@ABV?$basic_string@DU?$char_traits@D@std@@V?$allocator@D@2@@2@@Z 009a63c0 f i shell.o
1988	PENDING	0002:001aafb0       ??0?$_Tree_val@V?$_Tmap_traits@V?$basic_string@DU?$char_traits@D@std@@V?$allocator@D@2@@std@@USE_Entry_s@@U?$less@V?$basic_string@DU?$char_traits@D@std@@V?$allocator@D@2@@std@@@2@V?$allocator@U?$pair@$$CBV?$basic_string@DU?$char_traits@D@std@@V?$allocator@D@2@@std@@USE_Entry_s@@@std@@@2@$0A@@std@@@std@@IAE@ABU?$less@V?$basic_string@DU?$char_traits@D@std@@V?$allocator@D@2@@std@@@1@V?$allocator@U?$pair@$$CBV?$basic_string@DU?$char_traits@D@std@@V?$allocator@D@2@@std@@USE_Entry_s@@@std@@@1@@Z 009a64b0 f i shell.o
1989	PENDING	0002:001aafc0       ?_Init@?$_Tree@V?$_Tmap_traits@V?$basic_string@DU?$char_traits@D@std@@V?$allocator@D@2@@std@@HU?$less@V?$basic_string@DU?$char_traits@D@std@@V?$allocator@D@2@@std@@@2@V?$allocator@U?$pair@$$CBV?$basic_string@DU?$char_traits@D@std@@V?$allocator@D@2@@std@@H@std@@@2@$0A@@std@@@std@@IAEXXZ 009a64c0 f i shell.o
1990	PENDING	0002:001ab000       ?_Lbound@?$_Tree@V?$_Tmap_traits@V?$basic_string@DU?$char_traits@D@std@@V?$allocator@D@2@@std@@HU?$less@V?$basic_string@DU?$char_traits@D@std@@V?$allocator@D@2@@std@@@2@V?$allocator@U?$pair@$$CBV?$basic_string@DU?$char_traits@D@std@@V?$allocator@D@2@@std@@H@std@@@2@$0A@@std@@@std@@IBEPAU_Node@?$_Tree_nod@V?$_Tmap_traits@V?$basic_string@DU?$char_traits@D@std@@V?$allocator@D@2@@std@@HU?$less@V?$basic_string@DU?$char_traits@D@std@@V?$allocator@D@2@@std@@@2@V?$allocator@U?$pair@$$CBV?$basic_string@DU?$char_traits@D@std@@V?$allocator@D@2@@std@@H@std@@@2@$0A@@std@@@2@ABV?$basic_string@DU?$char_traits@D@std@@V?$allocator@D@2@@2@@Z 009a6500 f i shell.o
1991	PENDING	0002:001ab0f0       ??0?$_Tree_val@V?$_Tmap_traits@V?$basic_string@DU?$char_traits@D@std@@V?$allocator@D@2@@std@@HU?$less@V?$basic_string@DU?$char_traits@D@std@@V?$allocator@D@2@@std@@@2@V?$allocator@U?$pair@$$CBV?$basic_string@DU?$char_traits@D@std@@V?$allocator@D@2@@std@@H@std@@@2@$0A@@std@@@std@@IAE@ABU?$less@V?$basic_string@DU?$char_traits@D@std@@V?$allocator@D@2@@std@@@1@V?$allocator@U?$pair@$$CBV?$basic_string@DU?$char_traits@D@std@@V?$allocator@D@2@@std@@H@std@@@1@@Z 009a65f0 f i shell.o
1992	PENDING	0002:001ab100       ?_Init@?$_Tree@V?$_Tset_traits@V?$basic_string@DU?$char_traits@D@std@@V?$allocator@D@2@@std@@U?$less@V?$basic_string@DU?$char_traits@D@std@@V?$allocator@D@2@@std@@@2@V?$allocator@V?$basic_string@DU?$char_traits@D@std@@V?$allocator@D@2@@std@@@2@$0A@@std@@@std@@IAEXXZ 009a6600 f i shell.o
1993	PENDING	0002:001ab140       ??0?$_Tree_val@V?$_Tset_traits@V?$basic_string@DU?$char_traits@D@std@@V?$allocator@D@2@@std@@U?$less@V?$basic_string@DU?$char_traits@D@std@@V?$allocator@D@2@@std@@@2@V?$allocator@V?$basic_string@DU?$char_traits@D@std@@V?$allocator@D@2@@std@@@2@$0A@@std@@@std@@IAE@ABU?$less@V?$basic_string@DU?$char_traits@D@std@@V?$allocator@D@2@@std@@@1@V?$allocator@V?$basic_string@DU?$char_traits@D@std@@V?$allocator@D@2@@std@@@1@@Z 009a6640 f i shell.o
1994	PENDING	0002:001ab150       ?append@?$basic_string@DU?$char_traits@D@std@@V?$allocator@D@2@@std@@QAEAAV12@ABV12@II@Z 009a6650 f i shell.o
1995	PENDING	0002:001ab280       ?_Lbound@?$_Tree@V?$_Tset_traits@V?$basic_string@DU?$char_traits@D@std@@V?$allocator@D@2@@std@@U?$less@V?$basic_string@DU?$char_traits@D@std@@V?$allocator@D@2@@std@@@2@V?$allocator@V?$basic_string@DU?$char_traits@D@std@@V?$allocator@D@2@@std@@@2@$0A@@std@@@std@@IBEPAU_Node@?$_Tree_nod@V?$_Tset_traits@V?$basic_string@DU?$char_traits@D@std@@V?$allocator@D@2@@std@@U?$less@V?$basic_string@DU?$char_traits@D@std@@V?$allocator@D@2@@std@@@2@V?$allocator@V?$basic_string@DU?$char_traits@D@std@@V?$allocator@D@2@@std@@@2@$0A@@std@@@2@ABV?$basic_string@DU?$char_traits@D@std@@V?$allocator@D@2@@2@@Z 009a6780 f i shell.o
1996	PENDING	0002:001ab370       ?_Ubound@?$_Tree@V?$_Tset_traits@V?$basic_string@DU?$char_traits@D@std@@V?$allocator@D@2@@std@@U?$less@V?$basic_string@DU?$char_traits@D@std@@V?$allocator@D@2@@std@@@2@V?$allocator@V?$basic_string@DU?$char_traits@D@std@@V?$allocator@D@2@@std@@@2@$0A@@std@@@std@@IBEPAU_Node@?$_Tree_nod@V?$_Tset_traits@V?$basic_string@DU?$char_traits@D@std@@V?$allocator@D@2@@std@@U?$less@V?$basic_string@DU?$char_traits@D@std@@V?$allocator@D@2@@std@@@2@V?$allocator@V?$basic_string@DU?$char_traits@D@std@@V?$allocator@D@2@@std@@@2@$0A@@std@@@2@ABV?$basic_string@DU?$char_traits@D@std@@V?$allocator@D@2@@2@@Z 009a6870 f i shell.o
1997	PENDING	0002:001ab450       ??Eiterator@?$_Tree@V?$_Tset_traits@V?$basic_string@DU?$char_traits@D@std@@V?$allocator@D@2@@std@@U?$less@V?$basic_string@DU?$char_traits@D@std@@V?$allocator@D@2@@std@@@2@V?$allocator@V?$basic_string@DU?$char_traits@D@std@@V?$allocator@D@2@@std@@@2@$0A@@std@@@std@@QAE?AV012@H@Z 009a6950 f i shell.o
1998	PENDING	0002:001ab470       ??_G_Node@?$_Tree_nod@V?$_Tmap_traits@V?$basic_string@DU?$char_traits@D@std@@V?$allocator@D@2@@std@@HU?$less@V?$basic_string@DU?$char_traits@D@std@@V?$allocator@D@2@@std@@@2@V?$allocator@U?$pair@$$CBV?$basic_string@DU?$char_traits@D@std@@V?$allocator@D@2@@std@@H@std@@@2@$0A@@std@@@std@@QAEPAXI@Z 009a6970 f i shell.o
1999	PENDING	0002:001ab4a0       ??_G_Node@?$_Tree_nod@V?$_Tset_traits@V?$basic_string@DU?$char_traits@D@std@@V?$allocator@D@2@@std@@U?$less@V?$basic_string@DU?$char_traits@D@std@@V?$allocator@D@2@@std@@@2@V?$allocator@V?$basic_string@DU?$char_traits@D@std@@V?$allocator@D@2@@std@@@2@$0A@@std@@@std@@QAEPAXI@Z 009a69a0 f i shell.o
2000	PENDING	0002:001ab4d0       ??1_Node@?$_Tree_nod@V?$_Tmap_traits@V?$basic_string@DU?$char_traits@D@std@@V?$allocator@D@2@@std@@USE_Entry_s@@U?$less@V?$basic_string@DU?$char_traits@D@std@@V?$allocator@D@2@@std@@@2@V?$allocator@U?$pair@$$CBV?$basic_string@DU?$char_traits@D@std@@V?$allocator@D@2@@std@@USE_Entry_s@@@std@@@2@$0A@@std@@@std@@QAE@XZ 009a69d0 f i shell.o
2001	PENDING	0002:001ab4e0       ??1PanelFile@@QAE@XZ       009a69e0 f i shell.o
2002	PENDING	0002:001ab570       ?PanelFileUnloaded@FEMenu@@UAEXPAVPanelFile@@@Z 009a6a70 f i shell.o
2003	PENDING	0002:001ab580       ?SetColumnCount@UIListBoxRow@UIListBox@@QAEXH@Z 009a6a80 f i shell.o
2004	PENDING	0002:001ab600       ??_EIGOWeaponNameWidget@@UAEPAXI@Z 009a6b00 f i shell.o
2005	PENDING	0002:001ab600       ??_GIGOWeaponNameWidget@@UAEPAXI@Z 009a6b00 f i shell.o
2006	PENDING	0002:001ab630       ??1IGOWeaponNameWidget@@UAE@XZ 009a6b30 f i shell.o
2007	PENDING	0002:001ab6b0       ?SetLocation3D@FloatingPQ@@UAEXUvector@Broc@@@Z 009a6bb0 f i shell.o
2008	PENDING	0002:001ab6e0       ?GetLocation3D@FloatingPQ@@UAE?AUvector@Broc@@XZ 009a6be0 f i shell.o
2009	PENDING	0002:001ab710       ?CopyFrom@FloatingPQ@@UAEXPBV1@@Z 009a6c10 f i shell.o
2010	PENDING	0002:001ab750       ??_GPanelFile@@QAEPAXI@Z   009a6c50 f i shell.o
2011	PENDING	0002:001ab780       ?SetVis@FEMultiMenu@@UAEXH@Z 009a6c80 f i shell.o
2012	PENDING	0002:001ab790       ?Init@FEMultiMenu@@UAEXXZ  009a6c90 f i shell.o
2013	PENDING	0002:001ab7a0       ?OnLeft@FEMultiMenu@@UAEXH@Z 009a6ca0 f i shell.o
2014	PENDING	0002:001ab7b0       ?OnRight@FEMultiMenu@@UAEXH@Z 009a6cb0 f i shell.o
2015	PENDING	0002:001ab7c0       ??_EFEComboBox@@UAEPAXI@Z  009a6cc0 f i shell.o
2016	PENDING	0002:001ab7c0       ??_GFEComboBox@@UAEPAXI@Z  009a6cc0 f i shell.o
2017	PENDING	0002:001ab7f0       ??_GFESlider@@UAEPAXI@Z    009a6cf0 f i shell.o
2018	PENDING	0002:001ab7f0       ??_EFESlider@@UAEPAXI@Z    009a6cf0 f i shell.o
2019	PENDING	0002:001ab820       ??_GDialogMenuDisplay@@QAEPAXI@Z 009a6d20 f i shell.o
2020	PENDING	0002:001ab890       ?OnLeft@DialogMenu@@UAEXH@Z 009a6d90 f i shell.o
2021	PENDING	0002:001ab8a0       ?OnRight@DialogMenu@@UAEXH@Z 009a6da0 f i shell.o
2022	PENDING	0002:001ab8b0       ?SetPanelFile@DialogMenu@@UAEXPAVPanelFile@@@Z 009a6db0 f i shell.o
2023	PENDING	0002:001ab910       ?Init@MemCardCheckMenu@@UAEXXZ 009a6e10 f i shell.o
2024	PENDING	0002:001ab920       ?Init@OptionsGameplayMenu@@UAEXXZ 009a6e20 f i shell.o
2025	PENDING	0002:001ab930       ?OnLeft@OptionsGameplayMenu@@UAEXH@Z 009a6e30 f i shell.o
2026	PENDING	0002:001ab9e0       ?OnRight@OptionsGameplayMenu@@UAEXH@Z 009a6ee0 f i shell.o
2027	PENDING	0002:001aba90       ?Init@OptionsControlsMenu@@UAEXXZ 009a6f90 f i shell.o
2028	PENDING	0002:001abaa0       ?OnLeft@OptionsControlsMenu@@UAEXH@Z 009a6fa0 f i shell.o
2029	PENDING	0002:001abab0       ?OnRight@OptionsControlsMenu@@UAEXH@Z 009a6fb0 f i shell.o
2030	PENDING	0002:001abac0       ?Init@OptionsSoundMenu@@UAEXXZ 009a6fc0 f i shell.o
2031	PENDING	0002:001abad0       ?OnLeft@OptionsSoundMenu@@UAEXH@Z 009a6fd0 f i shell.o
2032	PENDING	0002:001abae0       ?OnRight@OptionsSoundMenu@@UAEXH@Z 009a6fe0 f i shell.o
2033	PENDING	0002:001abaf0       ?Init@OptionsStickMenu@@UAEXXZ 009a6ff0 f i shell.o
2034	PENDING	0002:001abb00       ?OnUp@OptionsStickMenu@@UAEXH@Z 009a7000 f i shell.o
2035	PENDING	0002:001abb10       ?OnDown@OptionsStickMenu@@UAEXH@Z 009a7010 f i shell.o
2036	PENDING	0002:001abb20       ?OnLeft@OptionsStickMenu@@UAEXH@Z 009a7020 f i shell.o
2037	PENDING	0002:001abb30       ?OnRight@OptionsStickMenu@@UAEXH@Z 009a7030 f i shell.o
2038	PENDING	0002:001abb40       ?Init@OptionsButtonMenu@@UAEXXZ 009a7040 f i shell.o
2039	PENDING	0002:001abb50       ?OnUp@OptionsButtonMenu@@UAEXH@Z 009a7050 f i shell.o
2040	PENDING	0002:001abb60       ?OnDown@OptionsButtonMenu@@UAEXH@Z 009a7060 f i shell.o
2041	PENDING	0002:001abb70       ?OnLeft@OptionsButtonMenu@@UAEXH@Z 009a7070 f i shell.o
2042	PENDING	0002:001abb80       ?OnRight@OptionsButtonMenu@@UAEXH@Z 009a7080 f i shell.o
2043	PENDING	0002:001abb90       ?Init@GammaScreenMenu@@UAEXXZ 009a7090 f i shell.o
2044	PENDING	0002:001abba0       ?OnUp@GammaScreenMenu@@UAEXH@Z 009a70a0 f i shell.o
2045	PENDING	0002:001abbb0       ?OnDown@GammaScreenMenu@@UAEXH@Z 009a70b0 f i shell.o
2046	PENDING	0002:001abbc0       ?Init@LoadingMenu@@UAEXXZ  009a70c0 f i shell.o
2047	PENDING	0002:001abbd0       ?Init@ControllerDisconnectedMenu@@UAEXXZ 009a70d0 f i shell.o
2048	PENDING	0002:001abbe0       ?UpdateWidescreen@ControllerDisconnectedMenu@@UAEX_N@Z 009a70e0 f i shell.o
2049	PENDING	0002:001abbf0       ?Init@ProfileMainMenu@@UAEXXZ 009a70f0 f i shell.o
2050	PENDING	0002:001abc00       ?OnUp@ProfileMainMenu@@UAEXH@Z 009a7100 f i shell.o
2051	PENDING	0002:001abc20       ?OnDown@ProfileMainMenu@@UAEXH@Z 009a7120 f i shell.o
2052	PENDING	0002:001abc40       ?Init@ProfileEditMenu@@UAEXXZ 009a7140 f i shell.o
2053	PENDING	0002:001abc50       ?OnLeft@ProfileEditMenu@@UAEXH@Z 009a7150 f i shell.o
2054	PENDING	0002:001abc60       ?OnRight@ProfileEditMenu@@UAEXH@Z 009a7160 f i shell.o
2055	PENDING	0002:001abc70       ??0?$ae_vector@VUIListBoxDataRow@UIListBox@@@@QAE@H@Z 009a7170 f i shell.o
2056	PENDING	0002:001abca0       ?append@?$basic_string@DU?$char_traits@D@std@@V?$allocator@D@2@@std@@QAEAAV12@ID@Z 009a71a0 f i shell.o
2057	PENDING	0002:001abdc0       ?construct_array@?$ae_vector@VUIListBoxRow@UIListBox@@@@AAEPAVUIListBoxRow@UIListBox@@H@Z 009a72c0 f i shell.o
2058	PENDING	0002:001abe10       ?destroy_all@?$ae_vector@VUIListBoxDataRow@UIListBox@@@@AAEXXZ 009a7310 f i shell.o
2059	PENDING	0002:001abe70       ??0?$_Tree@V?$_Tmap_traits@V?$basic_string@DU?$char_traits@D@std@@V?$allocator@D@2@@std@@USE_Entry_s@@U?$less@V?$basic_string@DU?$char_traits@D@std@@V?$allocator@D@2@@std@@@2@V?$allocator@U?$pair@$$CBV?$basic_string@DU?$char_traits@D@std@@V?$allocator@D@2@@std@@USE_Entry_s@@@std@@@2@$0A@@std@@@std@@QAE@ABU?$less@V?$basic_string@DU?$char_traits@D@std@@V?$allocator@D@2@@std@@@1@ABV?$allocator@U?$pair@$$CBV?$basic_string@DU?$char_traits@D@std@@V?$allocator@D@2@@std@@USE_Entry_s@@@std@@@1@@Z 009a7370 f i shell.o
2060	PENDING	0002:001abeb0       ?lower_bound@?$_Tree@V?$_Tmap_traits@V?$basic_string@DU?$char_traits@D@std@@V?$allocator@D@2@@std@@USE_Entry_s@@U?$less@V?$basic_string@DU?$char_traits@D@std@@V?$allocator@D@2@@std@@@2@V?$allocator@U?$pair@$$CBV?$basic_string@DU?$char_traits@D@std@@V?$allocator@D@2@@std@@USE_Entry_s@@@std@@@2@$0A@@std@@@std@@QAE?AViterator@12@ABV?$basic_string@DU?$char_traits@D@std@@V?$allocator@D@2@@2@@Z 009a73b0 f i shell.o
2061	PENDING	0002:001abed0       ??0?$_Tree@V?$_Tmap_traits@V?$basic_string@DU?$char_traits@D@std@@V?$allocator@D@2@@std@@HU?$less@V?$basic_string@DU?$char_traits@D@std@@V?$allocator@D@2@@std@@@2@V?$allocator@U?$pair@$$CBV?$basic_string@DU?$char_traits@D@std@@V?$allocator@D@2@@std@@H@std@@@2@$0A@@std@@@std@@QAE@ABU?$less@V?$basic_string@DU?$char_traits@D@std@@V?$allocator@D@2@@std@@@1@ABV?$allocator@U?$pair@$$CBV?$basic_string@DU?$char_traits@D@std@@V?$allocator@D@2@@std@@H@std@@@1@@Z 009a73d0 f i shell.o
2062	PENDING	0002:001abf10       ?lower_bound@?$_Tree@V?$_Tmap_traits@V?$basic_string@DU?$char_traits@D@std@@V?$allocator@D@2@@std@@HU?$less@V?$basic_string@DU?$char_traits@D@std@@V?$allocator@D@2@@std@@@2@V?$allocator@U?$pair@$$CBV?$basic_string@DU?$char_traits@D@std@@V?$allocator@D@2@@std@@H@std@@@2@$0A@@std@@@std@@QAE?AViterator@12@ABV?$basic_string@DU?$char_traits@D@std@@V?$allocator@D@2@@2@@Z 009a7410 f i shell.o
2063	PENDING	0002:001abf30       ??0?$_Tree@V?$_Tset_traits@V?$basic_string@DU?$char_traits@D@std@@V?$allocator@D@2@@std@@U?$less@V?$basic_string@DU?$char_traits@D@std@@V?$allocator@D@2@@std@@@2@V?$allocator@V?$basic_string@DU?$char_traits@D@std@@V?$allocator@D@2@@std@@@2@$0A@@std@@@std@@QAE@ABU?$less@V?$basic_string@DU?$char_traits@D@std@@V?$allocator@D@2@@std@@@1@ABV?$allocator@V?$basic_string@DU?$char_traits@D@std@@V?$allocator@D@2@@std@@@1@@Z 009a7430 f i shell.o
2064	PENDING	0002:001abf70       ??_GUIListBoxRow@UIListBox@@QAEPAXI@Z 009a7470 f i shell.o
2065	PENDING	0002:001abfa0       ?append@?$basic_string@DU?$char_traits@D@std@@V?$allocator@D@2@@std@@QAEAAV12@PBDI@Z 009a74a0 f i shell.o
2066	PENDING	0002:001ac100       ?lower_bound@?$_Tree@V?$_Tset_traits@V?$basic_string@DU?$char_traits@D@std@@V?$allocator@D@2@@std@@U?$less@V?$basic_string@DU?$char_traits@D@std@@V?$allocator@D@2@@std@@@2@V?$allocator@V?$basic_string@DU?$char_traits@D@std@@V?$allocator@D@2@@std@@@2@$0A@@std@@@std@@QBE?AVconst_iterator@12@ABV?$basic_string@DU?$char_traits@D@std@@V?$allocator@D@2@@2@@Z 009a7600 f i shell.o
2067	PENDING	0002:001ac120       ?upper_bound@?$_Tree@V?$_Tset_traits@V?$basic_string@DU?$char_traits@D@std@@V?$allocator@D@2@@std@@U?$less@V?$basic_string@DU?$char_traits@D@std@@V?$allocator@D@2@@std@@@2@V?$allocator@V?$basic_string@DU?$char_traits@D@std@@V?$allocator@D@2@@std@@@2@$0A@@std@@@std@@QBE?AVconst_iterator@12@ABV?$basic_string@DU?$char_traits@D@std@@V?$allocator@D@2@@2@@Z 009a7620 f i shell.o
2068	PENDING	0002:001ac140       ??$_Destroy@U_Node@?$_Tree_nod@V?$_Tmap_traits@V?$basic_string@DU?$char_traits@D@std@@V?$allocator@D@2@@std@@HU?$less@V?$basic_string@DU?$char_traits@D@std@@V?$allocator@D@2@@std@@@2@V?$allocator@U?$pair@$$CBV?$basic_string@DU?$char_traits@D@std@@V?$allocator@D@2@@std@@H@std@@@2@$0A@@std@@@std@@@std@@YAXPAU_Node@?$_Tree_nod@V?$_Tmap_traits@V?$basic_string@DU?$char_traits@D@std@@V?$allocator@D@2@@std@@HU?$less@V?$basic_string@DU?$char_traits@D@std@@V?$allocator@D@2@@std@@@2@V?$allocator@U?$pair@$$CBV?$basic_string@DU?$char_traits@D@std@@V?$allocator@D@2@@std@@H@std@@@2@$0A@@std@@@0@@Z 009a7640 f i shell.o
2069	PENDING	0002:001ac150       ??$_Destroy@U_Node@?$_Tree_nod@V?$_Tset_traits@V?$basic_string@DU?$char_traits@D@std@@V?$allocator@D@2@@std@@U?$less@V?$basic_string@DU?$char_traits@D@std@@V?$allocator@D@2@@std@@@2@V?$allocator@V?$basic_string@DU?$char_traits@D@std@@V?$allocator@D@2@@std@@@2@$0A@@std@@@std@@@std@@YAXPAU_Node@?$_Tree_nod@V?$_Tset_traits@V?$basic_string@DU?$char_traits@D@std@@V?$allocator@D@2@@std@@U?$less@V?$basic_string@DU?$char_traits@D@std@@V?$allocator@D@2@@std@@@2@V?$allocator@V?$basic_string@DU?$char_traits@D@std@@V?$allocator@D@2@@std@@@2@$0A@@std@@@0@@Z 009a7650 f i shell.o
2070	PENDING	0002:001ac160       ??_G_Node@?$_Tree_nod@V?$_Tmap_traits@V?$basic_string@DU?$char_traits@D@std@@V?$allocator@D@2@@std@@USE_Entry_s@@U?$less@V?$basic_string@DU?$char_traits@D@std@@V?$allocator@D@2@@std@@@2@V?$allocator@U?$pair@$$CBV?$basic_string@DU?$char_traits@D@std@@V?$allocator@D@2@@std@@USE_Entry_s@@@std@@@2@$0A@@std@@@std@@QAEPAXI@Z 009a7660 f i shell.o
2071	PENDING	0002:001ac190       ??0DefaultPanelQuad@@QAE@PAD@Z 009a7690 f i shell.o
2072	PENDING	0002:001ac1c0       ?Draw@DefaultPanelQuad@@UAEXXZ 009a76c0 f i shell.o
2073	PENDING	0002:001ac1d0       ??1FEMultiMenu@@UAE@XZ     009a76d0 f i shell.o
2074	PENDING	0002:001ac1e0       ??_EControllerDisconnectedMenu@@UAEPAXI@Z 009a76e0 f i shell.o
2075	PENDING	0002:001ac1e0       ??_GControllerDisconnectedMenu@@UAEPAXI@Z 009a76e0 f i shell.o
2076	PENDING	0002:001ac210       ??1ControllerDisconnectedMenu@@UAE@XZ 009a7710 f i shell.o
2077	PENDING	0002:001ac280       ??_EDialogMenu@@UAEPAXI@Z  009a7780 f i shell.o
2078	PENDING	0002:001ac280       ??_GDialogMenu@@UAEPAXI@Z  009a7780 f i shell.o
2079	PENDING	0002:001ac2b0       ??1DialogMenu@@UAE@XZ      009a77b0 f i shell.o
2080	PENDING	0002:001ac330       ??_EPanelQuad@@UAEPAXI@Z   009a7830 f i shell.o
2081	PENDING	0002:001ac330       ??_GPanelQuad@@UAEPAXI@Z   009a7830 f i shell.o
2082	PENDING	0002:001ac360       ??1OverlayMenuBase@@UAE@XZ 009a7860 f i shell.o
2083	PENDING	0002:001ac370       ??_GFEMenu@@UAEPAXI@Z      009a7870 f i shell.o
2084	PENDING	0002:001ac370       ??_EFEMenu@@UAEPAXI@Z      009a7870 f i shell.o
2085	PENDING	0002:001ac3a0       ?IsSystemActive@DialogMenuSystem@@UAE_NXZ 009a78a0 f i shell.o
2086	PENDING	0002:001ac3b0       ??_EMemCardCheckMenu@@UAEPAXI@Z 009a78b0 f i shell.o
2087	PENDING	0002:001ac3b0       ??_GMemCardCheckMenu@@UAEPAXI@Z 009a78b0 f i shell.o
2088	PENDING	0002:001ac3e0       ??_GOptionsGameplayMenu@@UAEPAXI@Z 009a78e0 f i shell.o
2089	PENDING	0002:001ac3e0       ??_EOptionsGameplayMenu@@UAEPAXI@Z 009a78e0 f i shell.o
2090	PENDING	0002:001ac410       ??_EOptionsControlsMenu@@UAEPAXI@Z 009a7910 f i shell.o
2091	PENDING	0002:001ac410       ??_GOptionsControlsMenu@@UAEPAXI@Z 009a7910 f i shell.o
2092	PENDING	0002:001ac440       ??_GOptionsSoundMenu@@UAEPAXI@Z 009a7940 f i shell.o
2093	PENDING	0002:001ac440       ??_EOptionsSoundMenu@@UAEPAXI@Z 009a7940 f i shell.o
2094	PENDING	0002:001ac470       ??_EOptionsStickMenu@@UAEPAXI@Z 009a7970 f i shell.o
2095	PENDING	0002:001ac470       ??_GOptionsStickMenu@@UAEPAXI@Z 009a7970 f i shell.o
2096	PENDING	0002:001ac4a0       ??_EOptionsButtonMenu@@UAEPAXI@Z 009a79a0 f i shell.o
2097	PENDING	0002:001ac4a0       ??_GOptionsButtonMenu@@UAEPAXI@Z 009a79a0 f i shell.o
2098	PENDING	0002:001ac4d0       ??_EGammaScreenMenu@@UAEPAXI@Z 009a79d0 f i shell.o
2099	PENDING	0002:001ac4d0       ??_GGammaScreenMenu@@UAEPAXI@Z 009a79d0 f i shell.o
2100	PENDING	0002:001ac500       ??_ELoadingMenu@@UAEPAXI@Z 009a7a00 f i shell.o
2101	PENDING	0002:001ac500       ??_GLoadingMenu@@UAEPAXI@Z 009a7a00 f i shell.o
2102	PENDING	0002:001ac530       ?Init@VKMenu@@UAEXXZ       009a7a30 f i shell.o
2103	PENDING	0002:001ac540       ??_EProfileMainMenu@@UAEPAXI@Z 009a7a40 f i shell.o
2104	PENDING	0002:001ac540       ??_GProfileMainMenu@@UAEPAXI@Z 009a7a40 f i shell.o
2105	PENDING	0002:001ac570       ??_GProfileEditMenu@@UAEPAXI@Z 009a7a70 f i shell.o
2106	PENDING	0002:001ac570       ??_EProfileEditMenu@@UAEPAXI@Z 009a7a70 f i shell.o
2107	PENDING	0002:001ac5a0       ??Y?$basic_string@DU?$char_traits@D@std@@V?$allocator@D@2@@std@@QAEAAV01@D@Z 009a7aa0 f i shell.o
2108	PENDING	0002:001ac5c0       ??0?$ae_vector@VUIListBoxRow@UIListBox@@@@QAE@H@Z 009a7ac0 f i shell.o
2109	PENDING	0002:001ac5f0       ??1?$ae_vector@VUIListBoxDataRow@UIListBox@@@@QAE@XZ 009a7af0 f i shell.o
2110	PENDING	0002:001ac600       ?find@?$_Tree@V?$_Tmap_traits@V?$basic_string@DU?$char_traits@D@std@@V?$allocator@D@2@@std@@USE_Entry_s@@U?$less@V?$basic_string@DU?$char_traits@D@std@@V?$allocator@D@2@@std@@@2@V?$allocator@U?$pair@$$CBV?$basic_string@DU?$char_traits@D@std@@V?$allocator@D@2@@std@@USE_Entry_s@@@std@@@2@$0A@@std@@@std@@QAE?AViterator@12@ABV?$basic_string@DU?$char_traits@D@std@@V?$allocator@D@2@@2@@Z 009a7b00 f i shell.o
2111	PENDING	0002:001ac680       ?find@?$_Tree@V?$_Tmap_traits@V?$basic_string@DU?$char_traits@D@std@@V?$allocator@D@2@@std@@HU?$less@V?$basic_string@DU?$char_traits@D@std@@V?$allocator@D@2@@std@@@2@V?$allocator@U?$pair@$$CBV?$basic_string@DU?$char_traits@D@std@@V?$allocator@D@2@@std@@H@std@@@2@$0A@@std@@@std@@QAE?AViterator@12@ABV?$basic_string@DU?$char_traits@D@std@@V?$allocator@D@2@@2@@Z 009a7b80 f i shell.o
2112	PENDING	0002:001ac700       ?append@?$basic_string@DU?$char_traits@D@std@@V?$allocator@D@2@@std@@QAEAAV12@PBD@Z 009a7c00 f i shell.o
2113	PENDING	0002:001ac730       ?destroy_all@?$ae_vector@VUIListBoxRow@UIListBox@@@@AAEXXZ 009a7c30 f i shell.o
2114	PENDING	0002:001ac790       ??0?$pair@$$CBV?$basic_string@DU?$char_traits@D@std@@V?$allocator@D@2@@std@@H@std@@QAE@ABV?$basic_string@DU?$char_traits@D@std@@V?$allocator@D@2@@1@ABH@Z 009a7c90 f i shell.o
2115	PENDING	0002:001ac7d0       ?equal_range@?$_Tree@V?$_Tset_traits@V?$basic_string@DU?$char_traits@D@std@@V?$allocator@D@2@@std@@U?$less@V?$basic_string@DU?$char_traits@D@std@@V?$allocator@D@2@@std@@@2@V?$allocator@V?$basic_string@DU?$char_traits@D@std@@V?$allocator@D@2@@std@@@2@$0A@@std@@@std@@QBE?AU?$pair@Vconst_iterator@?$_Tree@V?$_Tset_traits@V?$basic_string@DU?$char_traits@D@std@@V?$allocator@D@2@@std@@U?$less@V?$basic_string@DU?$char_traits@D@std@@V?$allocator@D@2@@std@@@2@V?$allocator@V?$basic_string@DU?$char_traits@D@std@@V?$allocator@D@2@@std@@@2@$0A@@std@@@std@@V123@@2@ABV?$basic_string@DU?$char_traits@D@std@@V?$allocator@D@2@@2@@Z 009a7cd0 f i shell.o
2116	PENDING	0002:001ac810       ??0SE_Entry_s@@QAE@ABU0@@Z 009a7d10 f i shell.o
2117	PENDING	0002:001ac8b0       ?destroy@?$allocator@U_Node@?$_Tree_nod@V?$_Tmap_traits@V?$basic_string@DU?$char_traits@D@std@@V?$allocator@D@2@@std@@HU?$less@V?$basic_string@DU?$char_traits@D@std@@V?$allocator@D@2@@std@@@2@V?$allocator@U?$pair@$$CBV?$basic_string@DU?$char_traits@D@std@@V?$allocator@D@2@@std@@H@std@@@2@$0A@@std@@@std@@@std@@QAEXPAU_Node@?$_Tree_nod@V?$_Tmap_traits@V?$basic_string@DU?$char_traits@D@std@@V?$allocator@D@2@@std@@HU?$less@V?$basic_string@DU?$char_traits@D@std@@V?$allocator@D@2@@std@@@2@V?$allocator@U?$pair@$$CBV?$basic_string@DU?$char_traits@D@std@@V?$allocator@D@2@@std@@H@std@@@2@$0A@@std@@@2@@Z 009a7db0 f i shell.o
2118	PENDING	0002:001ac8d0       ??0_Node@?$_Tree_nod@V?$_Tset_traits@V?$basic_string@DU?$char_traits@D@std@@V?$allocator@D@2@@std@@U?$less@V?$basic_string@DU?$char_traits@D@std@@V?$allocator@D@2@@std@@@2@V?$allocator@V?$basic_string@DU?$char_traits@D@std@@V?$allocator@D@2@@std@@@2@$0A@@std@@@std@@QAE@PAU012@00ABV?$basic_string@DU?$char_traits@D@std@@V?$allocator@D@2@@2@D@Z 009a7dd0 f i shell.o
2119	PENDING	0002:001ac930       ?destroy@?$allocator@U_Node@?$_Tree_nod@V?$_Tset_traits@V?$basic_string@DU?$char_traits@D@std@@V?$allocator@D@2@@std@@U?$less@V?$basic_string@DU?$char_traits@D@std@@V?$allocator@D@2@@std@@@2@V?$allocator@V?$basic_string@DU?$char_traits@D@std@@V?$allocator@D@2@@std@@@2@$0A@@std@@@std@@@std@@QAEXPAU_Node@?$_Tree_nod@V?$_Tset_traits@V?$basic_string@DU?$char_traits@D@std@@V?$allocator@D@2@@std@@U?$less@V?$basic_string@DU?$char_traits@D@std@@V?$allocator@D@2@@std@@@2@V?$allocator@V?$basic_string@DU?$char_traits@D@std@@V?$allocator@D@2@@std@@@2@$0A@@std@@@2@@Z 009a7e30 f i shell.o
2120	PENDING	0002:001ac950       ??0?$pair@$$CBV?$basic_string@DU?$char_traits@D@std@@V?$allocator@D@2@@std@@USE_Entry_s@@@std@@QAE@ABU01@@Z 009a7e50 f i shell.o
2121	PENDING	0002:001ac9d0       ??0?$pair@$$CBV?$basic_string@DU?$char_traits@D@std@@V?$allocator@D@2@@std@@H@std@@QAE@ABU01@@Z 009a7ed0 f i shell.o
2122	PENDING	0002:001aca10       ??$_Destroy@U_Node@?$_Tree_nod@V?$_Tmap_traits@V?$basic_string@DU?$char_traits@D@std@@V?$allocator@D@2@@std@@USE_Entry_s@@U?$less@V?$basic_string@DU?$char_traits@D@std@@V?$allocator@D@2@@std@@@2@V?$allocator@U?$pair@$$CBV?$basic_string@DU?$char_traits@D@std@@V?$allocator@D@2@@std@@USE_Entry_s@@@std@@@2@$0A@@std@@@std@@@std@@YAXPAU_Node@?$_Tree_nod@V?$_Tmap_traits@V?$basic_string@DU?$char_traits@D@std@@V?$allocator@D@2@@std@@USE_Entry_s@@U?$less@V?$basic_string@DU?$char_traits@D@std@@V?$allocator@D@2@@std@@@2@V?$allocator@U?$pair@$$CBV?$basic_string@DU?$char_traits@D@std@@V?$allocator@D@2@@std@@USE_Entry_s@@@std@@@2@$0A@@std@@@0@@Z 009a7f10 f i shell.o
2123	PENDING	0002:001aca20       ??0out_of_range@std@@QAE@ABV?$basic_string@DU?$char_traits@D@std@@V?$allocator@D@2@@1@@Z 009a7f20 f i shell.o
2124	PENDING	0002:001aca50       ??_Gout_of_range@std@@UAEPAXI@Z 009a7f50 f i shell.o
2125	PENDING	0002:001aca50       ??_Eout_of_range@std@@UAEPAXI@Z 009a7f50 f i shell.o
2126	PENDING	0002:001aca80       ??1out_of_range@std@@UAE@XZ 009a7f80 f i shell.o
2127	PENDING	0002:001aca90       ??_EDefaultPanelQuad@@UAEPAXI@Z 009a7f90 f i shell.o
2128	PENDING	0002:001aca90       ??_GDefaultPanelQuad@@UAEPAXI@Z 009a7f90 f i shell.o
2129	PENDING	0002:001acac0       ??1DefaultPanelQuad@@UAE@XZ 009a7fc0 f i shell.o
2130	PENDING	0002:001acad0       ??_GFloatingPQ@@UAEPAXI@Z  009a7fd0 f i shell.o
2131	PENDING	0002:001acad0       ??_EFloatingPQ@@UAEPAXI@Z  009a7fd0 f i shell.o
2132	PENDING	0002:001acb00       ??1FloatingPQ@@UAE@XZ      009a8000 f i shell.o
2133	PENDING	0002:001acb10       ??_GFEMultiMenu@@UAEPAXI@Z 009a8010 f i shell.o
2134	PENDING	0002:001acb10       ??_EFEMultiMenu@@UAEPAXI@Z 009a8010 f i shell.o
2135	PENDING	0002:001acb40       ??1MultilineOverlayMenu@@UAE@XZ 009a8040 f i shell.o
2136	PENDING	0002:001acbc0       ?Init@OverlayMenuBase@@UAEXXZ 009a80c0 f i shell.o
2137	PENDING	0002:001acbd0       ??_EMultilineOverlayMenu@@UAEPAXI@Z 009a80d0 f i shell.o
2138	PENDING	0002:001acbd0       ??_GMultilineOverlayMenu@@UAEPAXI@Z 009a80d0 f i shell.o
2139	PENDING	0002:001acc00       ??0MultilineFrontendOverlayMenu@@QAE@PAVFEMenuSystem@@@Z 009a8100 f i shell.o
2140	PENDING	0002:001acc30       ?OnDeactivate@MultilineFrontendOverlayMenu@@UAEXPAVFEMenu@@@Z 009a8130 f i shell.o
2141	PENDING	0002:001acc40       ??0MultilineIngameOverlayMenu@@QAE@PAVFEMenuSystem@@@Z 009a8140 f i shell.o
2142	PENDING	0002:001acc70       ??_EDialogMenuSystem@@UAEPAXI@Z 009a8170 f i shell.o
2143	PENDING	0002:001acc70       ??_GDialogMenuSystem@@UAEPAXI@Z 009a8170 f i shell.o
2144	PENDING	0002:001acca0       ??_GInGameMenuSystem@@UAEPAXI@Z 009a81a0 f i shell.o
2145	PENDING	0002:001acca0       ??_EInGameMenuSystem@@UAEPAXI@Z 009a81a0 f i shell.o
2146	PENDING	0002:001accd0       ??1InGameMenuSystem@@UAE@XZ 009a81d0 f i shell.o
2147	PENDING	0002:001acce0       ??_GVKMenu@@UAEPAXI@Z      009a81e0 f i shell.o
2148	PENDING	0002:001acce0       ??_EVKMenu@@UAEPAXI@Z      009a81e0 f i shell.o
2149	PENDING	0002:001acd10       ??4?$basic_string@DU?$char_traits@D@std@@V?$allocator@D@2@@std@@QAEAAV01@PBD@Z 009a8210 f i shell.o
2150	PENDING	0002:001acd40       ??Y?$basic_string@DU?$char_traits@D@std@@V?$allocator@D@2@@std@@QAEAAV01@PBD@Z 009a8240 f i shell.o
2151	PENDING	0002:001acd70       ??1?$ae_vector@VUIListBoxRow@UIListBox@@@@QAE@XZ 009a8270 f i shell.o
2152	PENDING	0002:001acd80       ?count@?$_Tree@V?$_Tset_traits@V?$basic_string@DU?$char_traits@D@std@@V?$allocator@D@2@@std@@U?$less@V?$basic_string@DU?$char_traits@D@std@@V?$allocator@D@2@@std@@@2@V?$allocator@V?$basic_string@DU?$char_traits@D@std@@V?$allocator@D@2@@std@@@2@$0A@@std@@@std@@QBEIABV?$basic_string@DU?$char_traits@D@std@@V?$allocator@D@2@@2@@Z 009a8280 f i shell.o
2153	PENDING	0002:001acdd0       ?_Erase@?$_Tree@V?$_Tmap_traits@V?$basic_string@DU?$char_traits@D@std@@V?$allocator@D@2@@std@@HU?$less@V?$basic_string@DU?$char_traits@D@std@@V?$allocator@D@2@@std@@@2@V?$allocator@U?$pair@$$CBV?$basic_string@DU?$char_traits@D@std@@V?$allocator@D@2@@std@@H@std@@@2@$0A@@std@@@std@@IAEXPAU_Node@?$_Tree_nod@V?$_Tmap_traits@V?$basic_string@DU?$char_traits@D@std@@V?$allocator@D@2@@std@@HU?$less@V?$basic_string@DU?$char_traits@D@std@@V?$allocator@D@2@@std@@@2@V?$allocator@U?$pair@$$CBV?$basic_string@DU?$char_traits@D@std@@V?$allocator@D@2@@std@@H@std@@@2@$0A@@std@@@2@@Z 009a82d0 f i shell.o
2154	PENDING	0002:001ace30       ??0?$pair@$$CBV?$basic_string@DU?$char_traits@D@std@@V?$allocator@D@2@@std@@USE_Entry_s@@@std@@QAE@ABV?$basic_string@DU?$char_traits@D@std@@V?$allocator@D@2@@1@ABUSE_Entry_s@@@Z 009a8330 f i shell.o
2155	PENDING	0002:001aceb0       ?destroy@?$allocator@U_Node@?$_Tree_nod@V?$_Tmap_traits@V?$basic_string@DU?$char_traits@D@std@@V?$allocator@D@2@@std@@USE_Entry_s@@U?$less@V?$basic_string@DU?$char_traits@D@std@@V?$allocator@D@2@@std@@@2@V?$allocator@U?$pair@$$CBV?$basic_string@DU?$char_traits@D@std@@V?$allocator@D@2@@std@@USE_Entry_s@@@std@@@2@$0A@@std@@@std@@@std@@QAEXPAU_Node@?$_Tree_nod@V?$_Tmap_traits@V?$basic_string@DU?$char_traits@D@std@@V?$allocator@D@2@@std@@USE_Entry_s@@U?$less@V?$basic_string@DU?$char_traits@D@std@@V?$allocator@D@2@@std@@@2@V?$allocator@U?$pair@$$CBV?$basic_string@DU?$char_traits@D@std@@V?$allocator@D@2@@std@@USE_Entry_s@@@std@@@2@$0A@@std@@@2@@Z 009a83b0 f i shell.o
2156	PENDING	0002:001aced0       ?_Buynode@?$_Tree@V?$_Tset_traits@V?$basic_string@DU?$char_traits@D@std@@V?$allocator@D@2@@std@@U?$less@V?$basic_string@DU?$char_traits@D@std@@V?$allocator@D@2@@std@@@2@V?$allocator@V?$basic_string@DU?$char_traits@D@std@@V?$allocator@D@2@@std@@@2@$0A@@std@@@std@@IAEPAU_Node@?$_Tree_nod@V?$_Tset_traits@V?$basic_string@DU?$char_traits@D@std@@V?$allocator@D@2@@std@@U?$less@V?$basic_string@DU?$char_traits@D@std@@V?$allocator@D@2@@std@@@2@V?$allocator@V?$basic_string@DU?$char_traits@D@std@@V?$allocator@D@2@@std@@@2@$0A@@std@@@2@PAU342@00ABV?$basic_string@DU?$char_traits@D@std@@V?$allocator@D@2@@2@D@Z 009a83d0 f i shell.o
2157	PENDING	0002:001acfa0       ?erase@?$_Tree@V?$_Tmap_traits@V?$basic_string@DU?$char_traits@D@std@@V?$allocator@D@2@@std@@USE_Entry_s@@U?$less@V?$basic_string@DU?$char_traits@D@std@@V?$allocator@D@2@@std@@@2@V?$allocator@U?$pair@$$CBV?$basic_string@DU?$char_traits@D@std@@V?$allocator@D@2@@std@@USE_Entry_s@@@std@@@2@$0A@@std@@@std@@QAE?AViterator@12@V312@@Z 009a84a0 f i shell.o
2158	PENDING	0002:001ad320       ??0out_of_range@std@@QAE@ABV01@@Z 009a8820 f i shell.o
2159	PENDING	0002:001ad350       ?erase@?$_Tree@V?$_Tmap_traits@V?$basic_string@DU?$char_traits@D@std@@V?$allocator@D@2@@std@@HU?$less@V?$basic_string@DU?$char_traits@D@std@@V?$allocator@D@2@@std@@@2@V?$allocator@U?$pair@$$CBV?$basic_string@DU?$char_traits@D@std@@V?$allocator@D@2@@std@@H@std@@@2@$0A@@std@@@std@@QAE?AViterator@12@V312@@Z 009a8850 f i shell.o
2160	PENDING	0002:001ad6f0       ?erase@?$_Tree@V?$_Tset_traits@V?$basic_string@DU?$char_traits@D@std@@V?$allocator@D@2@@std@@U?$less@V?$basic_string@DU?$char_traits@D@std@@V?$allocator@D@2@@std@@@2@V?$allocator@V?$basic_string@DU?$char_traits@D@std@@V?$allocator@D@2@@std@@@2@$0A@@std@@@std@@QAE?AViterator@12@V312@@Z 009a8bf0 f i shell.o
2161	PENDING	0002:001ada90       ?_Erase@?$_Tree@V?$_Tset_traits@V?$basic_string@DU?$char_traits@D@std@@V?$allocator@D@2@@std@@U?$less@V?$basic_string@DU?$char_traits@D@std@@V?$allocator@D@2@@std@@@2@V?$allocator@V?$basic_string@DU?$char_traits@D@std@@V?$allocator@D@2@@std@@@2@$0A@@std@@@std@@IAEXPAU_Node@?$_Tree_nod@V?$_Tset_traits@V?$basic_string@DU?$char_traits@D@std@@V?$allocator@D@2@@std@@U?$less@V?$basic_string@DU?$char_traits@D@std@@V?$allocator@D@2@@std@@@2@V?$allocator@V?$basic_string@DU?$char_traits@D@std@@V?$allocator@D@2@@std@@@2@$0A@@std@@@2@@Z 009a8f90 f i shell.o
2162	PENDING	0002:001adaf0       ??0_Node@?$_Tree_nod@V?$_Tmap_traits@V?$basic_string@DU?$char_traits@D@std@@V?$allocator@D@2@@std@@USE_Entry_s@@U?$less@V?$basic_string@DU?$char_traits@D@std@@V?$allocator@D@2@@std@@@2@V?$allocator@U?$pair@$$CBV?$basic_string@DU?$char_traits@D@std@@V?$allocator@D@2@@std@@USE_Entry_s@@@std@@@2@$0A@@std@@@std@@QAE@PAU012@00ABU?$pair@$$CBV?$basic_string@DU?$char_traits@D@std@@V?$allocator@D@2@@std@@USE_Entry_s@@@2@D@Z 009a8ff0 f i shell.o
2163	PENDING	0002:001adb40       ??0_Node@?$_Tree_nod@V?$_Tmap_traits@V?$basic_string@DU?$char_traits@D@std@@V?$allocator@D@2@@std@@HU?$less@V?$basic_string@DU?$char_traits@D@std@@V?$allocator@D@2@@std@@@2@V?$allocator@U?$pair@$$CBV?$basic_string@DU?$char_traits@D@std@@V?$allocator@D@2@@std@@H@std@@@2@$0A@@std@@@std@@QAE@PAU012@00ABU?$pair@$$CBV?$basic_string@DU?$char_traits@D@std@@V?$allocator@D@2@@std@@H@2@D@Z 009a9040 f i shell.o
2164	PENDING	0002:001adbb0       ??1UIListBox@@UAE@XZ       009a90b0 f i shell.o
2165	PENDING	0002:001adc60       ??_EUIListBox@@UAEPAXI@Z   009a9160 f i shell.o
2166	PENDING	0002:001adc60       ??_GUIListBox@@UAEPAXI@Z   009a9160 f i shell.o
2167	PENDING	0002:001adc90       ??_GMultilineFrontendOverlayMenu@@UAEPAXI@Z 009a9190 f i shell.o
2168	PENDING	0002:001adc90       ??_EMultilineFrontendOverlayMenu@@UAEPAXI@Z 009a9190 f i shell.o
2169	PENDING	0002:001adcc0       ??1MultilineFrontendOverlayMenu@@UAE@XZ 009a91c0 f i shell.o
2170	PENDING	0002:001adcd0       ??_EMultilineIngameOverlayMenu@@UAEPAXI@Z 009a91d0 f i shell.o
2171	PENDING	0002:001adcd0       ??_GMultilineIngameOverlayMenu@@UAEPAXI@Z 009a91d0 f i shell.o
2172	PENDING	0002:001add00       ??1MultilineIngameOverlayMenu@@UAE@XZ 009a9200 f i shell.o
2173	PENDING	0002:001add10       ??4SE_Entry_s@@QAEAAU0@ABU0@@Z 009a9210 f i shell.o
2174	PENDING	0002:001add50       ??1UIHighlightListBox@@UAE@XZ 009a9250 f i shell.o
2175	PENDING	0002:001ade30       ?clear@?$_Tree@V?$_Tmap_traits@V?$basic_string@DU?$char_traits@D@std@@V?$allocator@D@2@@std@@HU?$less@V?$basic_string@DU?$char_traits@D@std@@V?$allocator@D@2@@std@@@2@V?$allocator@U?$pair@$$CBV?$basic_string@DU?$char_traits@D@std@@V?$allocator@D@2@@std@@H@std@@@2@$0A@@std@@@std@@QAEXXZ 009a9330 f i shell.o
2176	PENDING	0002:001ade70       ?_Erase@?$_Tree@V?$_Tmap_traits@V?$basic_string@DU?$char_traits@D@std@@V?$allocator@D@2@@std@@USE_Entry_s@@U?$less@V?$basic_string@DU?$char_traits@D@std@@V?$allocator@D@2@@std@@@2@V?$allocator@U?$pair@$$CBV?$basic_string@DU?$char_traits@D@std@@V?$allocator@D@2@@std@@USE_Entry_s@@@std@@@2@$0A@@std@@@std@@IAEXPAU_Node@?$_Tree_nod@V?$_Tmap_traits@V?$basic_string@DU?$char_traits@D@std@@V?$allocator@D@2@@std@@USE_Entry_s@@U?$less@V?$basic_string@DU?$char_traits@D@std@@V?$allocator@D@2@@std@@@2@V?$allocator@U?$pair@$$CBV?$basic_string@DU?$char_traits@D@std@@V?$allocator@D@2@@std@@USE_Entry_s@@@std@@@2@$0A@@std@@@2@@Z 009a9370 f i shell.o
2177	PENDING	0002:001aded0       ?_Insert@?$_Tree@V?$_Tset_traits@V?$basic_string@DU?$char_traits@D@std@@V?$allocator@D@2@@std@@U?$less@V?$basic_string@DU?$char_traits@D@std@@V?$allocator@D@2@@std@@@2@V?$allocator@V?$basic_string@DU?$char_traits@D@std@@V?$allocator@D@2@@std@@@2@$0A@@std@@@std@@IAE?AViterator@12@_NPAU_Node@?$_Tree_nod@V?$_Tset_traits@V?$basic_string@DU?$char_traits@D@std@@V?$allocator@D@2@@std@@U?$less@V?$basic_string@DU?$char_traits@D@std@@V?$allocator@D@2@@std@@@2@V?$allocator@V?$basic_string@DU?$char_traits@D@std@@V?$allocator@D@2@@std@@@2@$0A@@std@@@2@ABV?$basic_string@DU?$char_traits@D@std@@V?$allocator@D@2@@2@@Z 009a93d0 f i shell.o
2178	PENDING	0002:001ae0f0       ?erase@?$_Tree@V?$_Tmap_traits@V?$basic_string@DU?$char_traits@D@std@@V?$allocator@D@2@@std@@HU?$less@V?$basic_string@DU?$char_traits@D@std@@V?$allocator@D@2@@std@@@2@V?$allocator@U?$pair@$$CBV?$basic_string@DU?$char_traits@D@std@@V?$allocator@D@2@@std@@H@std@@@2@$0A@@std@@@std@@QAE?AViterator@12@V312@0@Z 009a95f0 f i shell.o
2179	PENDING	0002:001ae1e0       ?_Buynode@?$_Tree@V?$_Tmap_traits@V?$basic_string@DU?$char_traits@D@std@@V?$allocator@D@2@@std@@USE_Entry_s@@U?$less@V?$basic_string@DU?$char_traits@D@std@@V?$allocator@D@2@@std@@@2@V?$allocator@U?$pair@$$CBV?$basic_string@DU?$char_traits@D@std@@V?$allocator@D@2@@std@@USE_Entry_s@@@std@@@2@$0A@@std@@@std@@IAEPAU_Node@?$_Tree_nod@V?$_Tmap_traits@V?$basic_string@DU?$char_traits@D@std@@V?$allocator@D@2@@std@@USE_Entry_s@@U?$less@V?$basic_string@DU?$char_traits@D@std@@V?$allocator@D@2@@std@@@2@V?$allocator@U?$pair@$$CBV?$basic_string@DU?$char_traits@D@std@@V?$allocator@D@2@@std@@USE_Entry_s@@@std@@@2@$0A@@std@@@2@PAU342@00ABU?$pair@$$CBV?$basic_string@DU?$char_traits@D@std@@V?$allocator@D@2@@std@@USE_Entry_s@@@2@D@Z 009a96e0 f i shell.o
2180	PENDING	0002:001ae2a0       ?_Buynode@?$_Tree@V?$_Tmap_traits@V?$basic_string@DU?$char_traits@D@std@@V?$allocator@D@2@@std@@HU?$less@V?$basic_string@DU?$char_traits@D@std@@V?$allocator@D@2@@std@@@2@V?$allocator@U?$pair@$$CBV?$basic_string@DU?$char_traits@D@std@@V?$allocator@D@2@@std@@H@std@@@2@$0A@@std@@@std@@IAEPAU_Node@?$_Tree_nod@V?$_Tmap_traits@V?$basic_string@DU?$char_traits@D@std@@V?$allocator@D@2@@std@@HU?$less@V?$basic_string@DU?$char_traits@D@std@@V?$allocator@D@2@@std@@@2@V?$allocator@U?$pair@$$CBV?$basic_string@DU?$char_traits@D@std@@V?$allocator@D@2@@std@@H@std@@@2@$0A@@std@@@2@PAU342@00ABU?$pair@$$CBV?$basic_string@DU?$char_traits@D@std@@V?$allocator@D@2@@std@@H@2@D@Z 009a97a0 f i shell.o
2181	PENDING	0002:001ae350       ?clear@?$_Tree@V?$_Tset_traits@V?$basic_string@DU?$char_traits@D@std@@V?$allocator@D@2@@std@@U?$less@V?$basic_string@DU?$char_traits@D@std@@V?$allocator@D@2@@std@@@2@V?$allocator@V?$basic_string@DU?$char_traits@D@std@@V?$allocator@D@2@@std@@@2@$0A@@std@@@std@@QAEXXZ 009a9850 f i shell.o
2182	PENDING	0002:001ae390       ??_GIGOVoipList@@UAEPAXI@Z 009a9890 f i shell.o
2183	PENDING	0002:001ae390       ??_EIGOVoipList@@UAEPAXI@Z 009a9890 f i shell.o
2184	PENDING	0002:001ae3c0       ??_GUIHighlightListBox@@UAEPAXI@Z 009a98c0 f i shell.o
2185	PENDING	0002:001ae3c0       ??_EUIHighlightListBox@@UAEPAXI@Z 009a98c0 f i shell.o
2186	PENDING	0002:001ae3f0       ??_EUIPlayerListBox@@UAEPAXI@Z 009a98f0 f i shell.o
2187	PENDING	0002:001ae3f0       ??_GUIPlayerListBox@@UAEPAXI@Z 009a98f0 f i shell.o
2188	PENDING	0002:001ae420       ??1UIPlayerListBox@@UAE@XZ 009a9920 f i shell.o
2189	PENDING	0002:001ae4d0       ?clear@?$_Tree@V?$_Tmap_traits@V?$basic_string@DU?$char_traits@D@std@@V?$allocator@D@2@@std@@USE_Entry_s@@U?$less@V?$basic_string@DU?$char_traits@D@std@@V?$allocator@D@2@@std@@@2@V?$allocator@U?$pair@$$CBV?$basic_string@DU?$char_traits@D@std@@V?$allocator@D@2@@std@@USE_Entry_s@@@std@@@2@$0A@@std@@@std@@QAEXXZ 009a99d0 f i shell.o
2190	PENDING	0002:001ae510       ?insert@?$_Tree@V?$_Tset_traits@V?$basic_string@DU?$char_traits@D@std@@V?$allocator@D@2@@std@@U?$less@V?$basic_string@DU?$char_traits@D@std@@V?$allocator@D@2@@std@@@2@V?$allocator@V?$basic_string@DU?$char_traits@D@std@@V?$allocator@D@2@@std@@@2@$0A@@std@@@std@@QAE?AU?$pair@Viterator@?$_Tree@V?$_Tset_traits@V?$basic_string@DU?$char_traits@D@std@@V?$allocator@D@2@@std@@U?$less@V?$basic_string@DU?$char_traits@D@std@@V?$allocator@D@2@@std@@@2@V?$allocator@V?$basic_string@DU?$char_traits@D@std@@V?$allocator@D@2@@std@@@2@$0A@@std@@@std@@_N@2@ABV?$basic_string@DU?$char_traits@D@std@@V?$allocator@D@2@@2@@Z 009a9a10 f i shell.o
2191	PENDING	0002:001ae6c0       ?_Tidy@?$_Tree@V?$_Tmap_traits@V?$basic_string@DU?$char_traits@D@std@@V?$allocator@D@2@@std@@HU?$less@V?$basic_string@DU?$char_traits@D@std@@V?$allocator@D@2@@std@@@2@V?$allocator@U?$pair@$$CBV?$basic_string@DU?$char_traits@D@std@@V?$allocator@D@2@@std@@H@std@@@2@$0A@@std@@@std@@IAEXXZ 009a9bc0 f i shell.o
2192	PENDING	0002:001ae700       ?erase@?$_Tree@V?$_Tmap_traits@V?$basic_string@DU?$char_traits@D@std@@V?$allocator@D@2@@std@@USE_Entry_s@@U?$less@V?$basic_string@DU?$char_traits@D@std@@V?$allocator@D@2@@std@@@2@V?$allocator@U?$pair@$$CBV?$basic_string@DU?$char_traits@D@std@@V?$allocator@D@2@@std@@USE_Entry_s@@@std@@@2@$0A@@std@@@std@@QAE?AViterator@12@V312@0@Z 009a9c00 f i shell.o
2193	PENDING	0002:001ae7f0       ?_Insert@?$_Tree@V?$_Tmap_traits@V?$basic_string@DU?$char_traits@D@std@@V?$allocator@D@2@@std@@USE_Entry_s@@U?$less@V?$basic_string@DU?$char_traits@D@std@@V?$allocator@D@2@@std@@@2@V?$allocator@U?$pair@$$CBV?$basic_string@DU?$char_traits@D@std@@V?$allocator@D@2@@std@@USE_Entry_s@@@std@@@2@$0A@@std@@@std@@IAE?AViterator@12@_NPAU_Node@?$_Tree_nod@V?$_Tmap_traits@V?$basic_string@DU?$char_traits@D@std@@V?$allocator@D@2@@std@@USE_Entry_s@@U?$less@V?$basic_string@DU?$char_traits@D@std@@V?$allocator@D@2@@std@@@2@V?$allocator@U?$pair@$$CBV?$basic_string@DU?$char_traits@D@std@@V?$allocator@D@2@@std@@USE_Entry_s@@@std@@@2@$0A@@std@@@2@ABU?$pair@$$CBV?$basic_string@DU?$char_traits@D@std@@V?$allocator@D@2@@std@@USE_Entry_s@@@2@@Z 009a9cf0 f i shell.o
2194	PENDING	0002:001aea10       ?_Insert@?$_Tree@V?$_Tmap_traits@V?$basic_string@DU?$char_traits@D@std@@V?$allocator@D@2@@std@@HU?$less@V?$basic_string@DU?$char_traits@D@std@@V?$allocator@D@2@@std@@@2@V?$allocator@U?$pair@$$CBV?$basic_string@DU?$char_traits@D@std@@V?$allocator@D@2@@std@@H@std@@@2@$0A@@std@@@std@@IAE?AViterator@12@_NPAU_Node@?$_Tree_nod@V?$_Tmap_traits@V?$basic_string@DU?$char_traits@D@std@@V?$allocator@D@2@@std@@HU?$less@V?$basic_string@DU?$char_traits@D@std@@V?$allocator@D@2@@std@@@2@V?$allocator@U?$pair@$$CBV?$basic_string@DU?$char_traits@D@std@@V?$allocator@D@2@@std@@H@std@@@2@$0A@@std@@@2@ABU?$pair@$$CBV?$basic_string@DU?$char_traits@D@std@@V?$allocator@D@2@@std@@H@2@@Z 009a9f10 f i shell.o
2195	PENDING	0002:001aec30       ?erase@?$_Tree@V?$_Tset_traits@V?$basic_string@DU?$char_traits@D@std@@V?$allocator@D@2@@std@@U?$less@V?$basic_string@DU?$char_traits@D@std@@V?$allocator@D@2@@std@@@2@V?$allocator@V?$basic_string@DU?$char_traits@D@std@@V?$allocator@D@2@@std@@@2@$0A@@std@@@std@@QAE?AViterator@12@V312@0@Z 009aa130 f i shell.o
2196	PENDING	0002:001aed20       ??1?$_Tree@V?$_Tmap_traits@V?$basic_string@DU?$char_traits@D@std@@V?$allocator@D@2@@std@@HU?$less@V?$basic_string@DU?$char_traits@D@std@@V?$allocator@D@2@@std@@@2@V?$allocator@U?$pair@$$CBV?$basic_string@DU?$char_traits@D@std@@V?$allocator@D@2@@std@@H@std@@@2@$0A@@std@@@std@@QAE@XZ 009aa220 f i shell.o
2197	PENDING	0002:001aed60       ?_Tidy@?$_Tree@V?$_Tmap_traits@V?$basic_string@DU?$char_traits@D@std@@V?$allocator@D@2@@std@@USE_Entry_s@@U?$less@V?$basic_string@DU?$char_traits@D@std@@V?$allocator@D@2@@std@@@2@V?$allocator@U?$pair@$$CBV?$basic_string@DU?$char_traits@D@std@@V?$allocator@D@2@@std@@USE_Entry_s@@@std@@@2@$0A@@std@@@std@@IAEXXZ 009aa260 f i shell.o
2198	PENDING	0002:001aeda0       ?_Tidy@?$_Tree@V?$_Tset_traits@V?$basic_string@DU?$char_traits@D@std@@V?$allocator@D@2@@std@@U?$less@V?$basic_string@DU?$char_traits@D@std@@V?$allocator@D@2@@std@@@2@V?$allocator@V?$basic_string@DU?$char_traits@D@std@@V?$allocator@D@2@@std@@@2@$0A@@std@@@std@@IAEXXZ 009aa2a0 f i shell.o
2199	PENDING	0002:001aede0       ?insert@?$_Tree@V?$_Tmap_traits@V?$basic_string@DU?$char_traits@D@std@@V?$allocator@D@2@@std@@USE_Entry_s@@U?$less@V?$basic_string@DU?$char_traits@D@std@@V?$allocator@D@2@@std@@@2@V?$allocator@U?$pair@$$CBV?$basic_string@DU?$char_traits@D@std@@V?$allocator@D@2@@std@@USE_Entry_s@@@std@@@2@$0A@@std@@@std@@QAE?AU?$pair@Viterator@?$_Tree@V?$_Tmap_traits@V?$basic_string@DU?$char_traits@D@std@@V?$allocator@D@2@@std@@USE_Entry_s@@U?$less@V?$basic_string@DU?$char_traits@D@std@@V?$allocator@D@2@@std@@@2@V?$allocator@U?$pair@$$CBV?$basic_string@DU?$char_traits@D@std@@V?$allocator@D@2@@std@@USE_Entry_s@@@std@@@2@$0A@@std@@@std@@_N@2@ABU?$pair@$$CBV?$basic_string@DU?$char_traits@D@std@@V?$allocator@D@2@@std@@USE_Entry_s@@@2@@Z 009aa2e0 f i shell.o
2200	PENDING	0002:001aef90       ?insert@?$_Tree@V?$_Tmap_traits@V?$basic_string@DU?$char_traits@D@std@@V?$allocator@D@2@@std@@HU?$less@V?$basic_string@DU?$char_traits@D@std@@V?$allocator@D@2@@std@@@2@V?$allocator@U?$pair@$$CBV?$basic_string@DU?$char_traits@D@std@@V?$allocator@D@2@@std@@H@std@@@2@$0A@@std@@@std@@QAE?AU?$pair@Viterator@?$_Tree@V?$_Tmap_traits@V?$basic_string@DU?$char_traits@D@std@@V?$allocator@D@2@@std@@HU?$less@V?$basic_string@DU?$char_traits@D@std@@V?$allocator@D@2@@std@@@2@V?$allocator@U?$pair@$$CBV?$basic_string@DU?$char_traits@D@std@@V?$allocator@D@2@@std@@H@std@@@2@$0A@@std@@@std@@_N@2@ABU?$pair@$$CBV?$basic_string@DU?$char_traits@D@std@@V?$allocator@D@2@@std@@H@2@@Z 009aa490 f i shell.o
2201	PENDING	0002:001af140       ??1?$map@V?$basic_string@DU?$char_traits@D@std@@V?$allocator@D@2@@std@@HU?$less@V?$basic_string@DU?$char_traits@D@std@@V?$allocator@D@2@@std@@@2@V?$allocator@U?$pair@$$CBV?$basic_string@DU?$char_traits@D@std@@V?$allocator@D@2@@std@@H@std@@@2@@std@@QAE@XZ 009aa640 f i shell.o
2202	PENDING	0002:001af180       ??1?$_Tree@V?$_Tmap_traits@V?$basic_string@DU?$char_traits@D@std@@V?$allocator@D@2@@std@@USE_Entry_s@@U?$less@V?$basic_string@DU?$char_traits@D@std@@V?$allocator@D@2@@std@@@2@V?$allocator@U?$pair@$$CBV?$basic_string@DU?$char_traits@D@std@@V?$allocator@D@2@@std@@USE_Entry_s@@@std@@@2@$0A@@std@@@std@@QAE@XZ 009aa680 f i shell.o
2203	PENDING	0002:001af1c0       ??0?$map@V?$basic_string@DU?$char_traits@D@std@@V?$allocator@D@2@@std@@HU?$less@V?$basic_string@DU?$char_traits@D@std@@V?$allocator@D@2@@std@@@2@V?$allocator@U?$pair@$$CBV?$basic_string@DU?$char_traits@D@std@@V?$allocator@D@2@@std@@H@std@@@2@@std@@QAE@XZ 009aa6c0 f i shell.o
2204	PENDING	0002:001af200       ??1?$_Tree@V?$_Tset_traits@V?$basic_string@DU?$char_traits@D@std@@V?$allocator@D@2@@std@@U?$less@V?$basic_string@DU?$char_traits@D@std@@V?$allocator@D@2@@std@@@2@V?$allocator@V?$basic_string@DU?$char_traits@D@std@@V?$allocator@D@2@@std@@@2@$0A@@std@@@std@@QAE@XZ 009aa700 f i shell.o
2205	PENDING	0002:001af240       ?insert@?$_Tree@V?$_Tmap_traits@V?$basic_string@DU?$char_traits@D@std@@V?$allocator@D@2@@std@@USE_Entry_s@@U?$less@V?$basic_string@DU?$char_traits@D@std@@V?$allocator@D@2@@std@@@2@V?$allocator@U?$pair@$$CBV?$basic_string@DU?$char_traits@D@std@@V?$allocator@D@2@@std@@USE_Entry_s@@@std@@@2@$0A@@std@@@std@@QAE?AViterator@12@V312@ABU?$pair@$$CBV?$basic_string@DU?$char_traits@D@std@@V?$allocator@D@2@@std@@USE_Entry_s@@@2@@Z 009aa740 f i shell.o
2206	PENDING	0002:001af440       ?insert@?$_Tree@V?$_Tmap_traits@V?$basic_string@DU?$char_traits@D@std@@V?$allocator@D@2@@std@@HU?$less@V?$basic_string@DU?$char_traits@D@std@@V?$allocator@D@2@@std@@@2@V?$allocator@U?$pair@$$CBV?$basic_string@DU?$char_traits@D@std@@V?$allocator@D@2@@std@@H@std@@@2@$0A@@std@@@std@@QAE?AViterator@12@V312@ABU?$pair@$$CBV?$basic_string@DU?$char_traits@D@std@@V?$allocator@D@2@@std@@H@2@@Z 009aa940 f i shell.o
2207	PENDING	0002:001af640       ??1?$map@V?$basic_string@DU?$char_traits@D@std@@V?$allocator@D@2@@std@@USE_Entry_s@@U?$less@V?$basic_string@DU?$char_traits@D@std@@V?$allocator@D@2@@std@@@2@V?$allocator@U?$pair@$$CBV?$basic_string@DU?$char_traits@D@std@@V?$allocator@D@2@@std@@USE_Entry_s@@@std@@@2@@std@@QAE@XZ 009aab40 f i shell.o
2208	PENDING	0002:001af680       ??1?$set@V?$basic_string@DU?$char_traits@D@std@@V?$allocator@D@2@@std@@U?$less@V?$basic_string@DU?$char_traits@D@std@@V?$allocator@D@2@@std@@@2@V?$allocator@V?$basic_string@DU?$char_traits@D@std@@V?$allocator@D@2@@std@@@2@@std@@QAE@XZ 009aab80 f i shell.o
2209	PENDING	0002:001af6c0       ??0?$map@V?$basic_string@DU?$char_traits@D@std@@V?$allocator@D@2@@std@@USE_Entry_s@@U?$less@V?$basic_string@DU?$char_traits@D@std@@V?$allocator@D@2@@std@@@2@V?$allocator@U?$pair@$$CBV?$basic_string@DU?$char_traits@D@std@@V?$allocator@D@2@@std@@USE_Entry_s@@@std@@@2@@std@@QAE@XZ 009aabc0 f i shell.o
2210	PENDING	0002:001af700       ??A?$map@V?$basic_string@DU?$char_traits@D@std@@V?$allocator@D@2@@std@@USE_Entry_s@@U?$less@V?$basic_string@DU?$char_traits@D@std@@V?$allocator@D@2@@std@@@2@V?$allocator@U?$pair@$$CBV?$basic_string@DU?$char_traits@D@std@@V?$allocator@D@2@@std@@USE_Entry_s@@@std@@@2@@std@@QAEAAUSE_Entry_s@@ABV?$basic_string@DU?$char_traits@D@std@@V?$allocator@D@2@@1@@Z 009aac00 f i shell.o
2211	PENDING	0002:001af810       ??A?$map@V?$basic_string@DU?$char_traits@D@std@@V?$allocator@D@2@@std@@HU?$less@V?$basic_string@DU?$char_traits@D@std@@V?$allocator@D@2@@std@@@2@V?$allocator@U?$pair@$$CBV?$basic_string@DU?$char_traits@D@std@@V?$allocator@D@2@@std@@H@std@@@2@@std@@QAEAAHABV?$basic_string@DU?$char_traits@D@std@@V?$allocator@D@2@@1@@Z 009aad10 f i shell.o
2212	PENDING	0002:001af900       ??0?$set@V?$basic_string@DU?$char_traits@D@std@@V?$allocator@D@2@@std@@U?$less@V?$basic_string@DU?$char_traits@D@std@@V?$allocator@D@2@@std@@@2@V?$allocator@V?$basic_string@DU?$char_traits@D@std@@V?$allocator@D@2@@std@@@2@@std@@QAE@XZ 009aae00 f i shell.o
2213	PENDING	0002:001af940       ??0CStringEdPackage@@QAE@XZ 009aae40 f i shell.o
2214	PENDING	0002:001afa50       ??1CStringEdPackage@@QAE@XZ 009aaf50 f i shell.o
2215	PENDING	000b:0001b414       ??_C@_0BB@NFBMELPN@scroll_detail_02?$AA@ 010de5f4     shell.o
2216	PENDING	000b:0001b428       ??_C@_0BB@PODBBIDO@scroll_detail_01?$AA@ 010de608     shell.o
2217	PENDING	000b:0001b43c       ??_C@_0BL@HFCJIOFN@scroll_indicator_reference?$AA@ 010de61c     shell.o
2218	PENDING	000b:0001b45c       ??_C@_0BB@FEECMILM@scroll_indicator?$AA@ 010de63c     shell.o
2219	PENDING	000b:0001b470       ??_C@_0BC@GMNDMCHA@scroll_arrow_down?$AA@ 010de650     shell.o
2220	PENDING	000b:0001b488       ??_C@_0BA@CJADJDAK@scroll_arrow_up?$AA@ 010de668     shell.o
2221	PENDING	000b:0001b664       ?mLevelMapName@IGOJeepMapWidget@@2QBQBDB 010de844     shell.o
2222	PENDING	000b:0001b674       ?sMaxHeightThreshold@IGOGrenadeIndicator@@2MB 010de854     shell.o
2223	PENDING	000b:0001b678       ?sDrawRadius@IGOGrenadeIndicator@@2MB 010de858     shell.o
2224	PENDING	000b:0001b67c       ?sMineHintRadiusBuffer@IGOGrenadeIndicator@@2MB 010de85c     shell.o
2225	PENDING	000b:0001b6e0       ?kMenuOptionGeoms@DialogMenuDisplay@@0QBQBDB 010de8c0     shell.o
2226	PENDING	000b:0001b6e8       ?kMenuLineGeoms@DialogMenuDisplay@@0QBQBDB 010de8c8     shell.o
2227	PENDING	000b:0001b6ec       ?kGameplayTextGeoms@OptionsGameplayMenu@@0QBQBDB 010de8cc     shell.o
2228	PENDING	000b:0001b6f8       ?kGameplayOptionGeoms@OptionsGameplayMenu@@0QBQBDB 010de8d8     shell.o
2229	PENDING	000b:0001b708       ?kGameplayOptionToggleGeoms@OptionsGameplayMenu@@0QBQBDB 010de8e8     shell.o
2230	PENDING	000b:0001b718       ?kGameplayOptionArrowGeoms@OptionsGameplayMenu@@0QBQBDB 010de8f8     shell.o
2231	PENDING	000b:0001b738       ?kGameplayOptionStrings@OptionsGameplayMenu@@0QBQBDB 010de918     shell.o
2232	PENDING	000b:0001b748       ?kGameplayOptionToggleStrings@OptionsGameplayMenu@@0QBQBDB 010de928     shell.o
2233	PENDING	000b:0001b768       ?kGameplayInstructionStrings@OptionsGameplayMenu@@0QBQBDB 010de948     shell.o
2234	PENDING	000b:0001b778       ?kControlsTextGeoms@OptionsControlsMenu@@0QBQBDB 010de958     shell.o
2235	PENDING	000b:0001b784       ?kControlsOptionGeoms@OptionsControlsMenu@@0QBQBDB 010de964     shell.o
2236	PENDING	000b:0001b7a4       ?kControlsOptionToggleGeoms@OptionsControlsMenu@@0QBQBDB 010de984     shell.o
2237	PENDING	000b:0001b7c8       ?kControlsOptionArrowGeoms@OptionsControlsMenu@@0QBQBDB 010de9a8     shell.o
2238	PENDING	000b:0001b808       ?kControlsOptionStrings@OptionsControlsMenu@@0QBQBDB 010de9e8     shell.o
2239	PENDING	000b:0001b828       ?kStickLayoutStrings@OptionsControlsMenu@@2QBQBDB 010dea08     shell.o
2240	PENDING	000b:0001b838       ?kButtonLayoutStrings@OptionsControlsMenu@@2QBQBDB 010dea18     shell.o
2241	PENDING	000b:0001b848       ?kOptionToggleStrings@OptionsControlsMenu@@0QBQBDB 010dea28     shell.o
2242	PENDING	000b:0001b850       ?kControlsInstructionStrings@OptionsControlsMenu@@0QBQBDB 010dea30     shell.o
2243	PENDING	000b:0001b870       ?kSoundTextGeoms@OptionsSoundMenu@@0QBQBDB 010dea50     shell.o
2244	PENDING	000b:0001b880       ?kSoundOptionGeoms@OptionsSoundMenu@@0QBQBDB 010dea60     shell.o
2245	PENDING	000b:0001b888       ?kSoundOptionStrings@OptionsSoundMenu@@0QBQBDB 010dea68     shell.o
2246	PENDING	000b:0001b890       ?kSoundToggleStrings@OptionsSoundMenu@@0QBQBDB 010dea70     shell.o
2247	PENDING	000b:0001b8a0       ?kSoundInstructionStrings@OptionsSoundMenu@@0QBQBDB 010dea80     shell.o
2248	PENDING	000b:0001b8a8       ?kStickTextGeoms@OptionsStickMenu@@0QBQBDB 010dea88     shell.o
2249	PENDING	000b:0001b8b4       ?kStickOptionGeoms@OptionsStickMenu@@0QBQBDB 010dea94     shell.o
2250	PENDING	000b:0001b8cc       ?kStickTextures@OptionsStickMenu@@0QBQBDB 010deaac     shell.o
2251	PENDING	000b:0001b8dc       ?kStickOptionStrings@OptionsStickMenu@@0QBQBDB 010deabc     shell.o
2252	PENDING	000b:0001b8f4       ?kStickSelectedStrings@OptionsStickMenu@@0QBQBDB 010dead4     shell.o
2253	PENDING	000b:0001b904       ?kStickInstructionsStrings@OptionsStickMenu@@0QBQBDB 010deae4     shell.o
2254	PENDING	000b:0001b918       ?kStickLayouts@OptionsStickMenu@@0QAY05$$CBHA 010deaf8     shell.o
2255	PENDING	000b:0001b978       ?kButtonTextGeoms@OptionsButtonMenu@@0QBQBDB 010deb58     shell.o
2256	PENDING	000b:0001b984       ?kButtonOptionGeoms@OptionsButtonMenu@@0QBQBDB 010deb64     shell.o
2257	PENDING	000b:0001b9bc       ?kButtonOptionStrings@OptionsButtonMenu@@0QBQBDB 010deb9c     shell.o
2258	PENDING	000b:0001b9f4       ?kButtonSelectedStrings@OptionsButtonMenu@@0QBQBDB 010debd4     shell.o
2259	PENDING	000b:0001ba04       ?kButtonInstructionsStrings@OptionsButtonMenu@@0QBQBDB 010debe4     shell.o
2260	PENDING	000b:0001ba14       ?kButtonMapTable@OptionsButtonMenu@@0QBHB 010debf4     shell.o
2261	PENDING	000b:0001ba4c       ?kProfileTextGeoms@ProfileMainMenu@@0QBQBDB 010dec2c     shell.o
2262	PENDING	000b:0001ba88       ?kProfileTextStrings@ProfileMainMenu@@0QBQBDB 010dec68     shell.o
2263	PENDING	000b:0001baa8       ?kProfileTextGeoms@ProfileEditMenu@@0QBQBDB 010dec88     shell.o
2264	PENDING	000b:0001bab4       ?kProfileTextOptionGeoms@ProfileEditMenu@@0QBQBDB 010dec94     shell.o
2265	PENDING	000b:0001bac8       ?kProfileTextOptionStrings@ProfileEditMenu@@0QBQBDB 010deca8     shell.o
2266	PENDING	000b:0001badc       ?kProfileTextInstructionStrings@ProfileEditMenu@@0QBQBDB 010decbc     shell.o
2267	PENDING	000b:0001bc44       ??_C@_04GMKICAKG@leet?$AA@ 010dee24     shell.o
2268	PENDING	000b:0001bc4c       ??_C@_04DGDHOAPI@thai?$AA@ 010dee2c     shell.o
2269	PENDING	000b:0001bc54       ??_C@_07DHNMFMCI@chinese?$AA@ 010dee34     shell.o
2270	PENDING	000b:0001bc60       ??_C@_08IHPNMLGM@japanese?$AA@ 010dee40     shell.o
2271	PENDING	000b:0001bc6c       ??_C@_09OJMLCJLA@taiwanese?$AA@ 010dee4c     shell.o
2272	PENDING	000b:0001bc78       ??_C@_06CPABNGLB@korean?$AA@ 010dee58     shell.o
2273	PENDING	000b:0001bc80       ??_C@_06JGCGFIEG@polish?$AA@ 010dee60     shell.o
2274	PENDING	000b:0001bc88       ??_C@_07NHJPDDA@russian?$AA@ 010dee68     shell.o
2275	PENDING	000b:0001bc94       ??_C@_07ONPANBOA@british?$AA@ 010dee74     shell.o
2276	PENDING	000b:0001bca0       ??_C@_07MHNPMDC@spanish?$AA@ 010dee80     shell.o
2277	PENDING	000b:0001bcac       ??_C@_07CGHBHGDK@italian?$AA@ 010dee8c     shell.o
2278	PENDING	000b:0001bcb8       ??_C@_06IMIOLHEM@german?$AA@ 010dee98     shell.o
2279	PENDING	000b:0001bcc0       ??_C@_06KBIBBJEP@french?$AA@ 010deea0     shell.o
2280	PENDING	000b:0001bcc8       ??_C@_07CNNBJDHA@english?$AA@ 010deea8     shell.o
2281	PENDING	000b:0001bcd4       ??_C@_0BG@BPIEJHBB@FEMENU_OP_INST_SCREEN?$AA@ 010deeb4     shell.o
2282	PENDING	000b:0001bcf0       ??_C@_0BF@ICBJBIFM@FEMENU_OP_INST_SOUND?$AA@ 010deed0     shell.o
2283	PENDING	000b:0001bd0c       ??_C@_0BL@MECGIIGA@FEMENU_OP_INST_PREFERENCES?$AA@ 010deeec     shell.o
2284	PENDING	000b:0001bd2c       ??_C@_0BI@CMEDBMAN@FEMENU_OP_INST_CONTROLS?$AA@ 010def0c     shell.o
2285	PENDING	000b:0001bd48       ??_C@_0BI@HAFBDMH@FEMENU_OP_INST_GAMEPLAY?$AA@ 010def28     shell.o
2286	PENDING	000b:0001bd64       ??_C@_0BB@JPPJJAIH@FEMENU_OP_SCREEN?$AA@ 010def44     shell.o
2287	PENDING	000b:0001bd78       ??_C@_0BA@JKHJEFMJ@FEMENU_OP_SOUND?$AA@ 010def58     shell.o
2288	PENDING	000b:0001bd8c       ??_C@_0BG@GABNABCB@FEMENU_OP_PREFERENCES?$AA@ 010def6c     shell.o
2289	PENDING	000b:0001bda8       ??_C@_0BD@JFDMCEEP@FEMENU_OP_CONTROLS?$AA@ 010def88     shell.o
2290	PENDING	000b:0001bdc0       ??_C@_0BD@LOHKCLIF@FEMENU_OP_GAMEPLAY?$AA@ 010defa0     shell.o
2291	PENDING	000b:0001bdd8       ??_C@_0BF@FEBKGPFL@text_option_selected?$AA@ 010defb8     shell.o
2292	PENDING	000b:0001bdf4       ??_C@_0BJ@MOLBMBLP@FEMENU_PROFILE_FAV_CLASS?$AA@ 010defd4     shell.o
2293	PENDING	000b:0001be14       ??_C@_0BN@DGNBLNAF@FEMENU_PROFILE_BUTTON_LAYOUT?$AA@ 010deff4     shell.o
2294	PENDING	000b:0001be38       ??_C@_0BM@MGMIHAPJ@FEMENU_PROFILE_STICK_LAYOUT?$AA@ 010df018     shell.o
2295	PENDING	000b:0001be5c       ??_C@_0BM@CMLGPFLB@FEMENU_PROFILE_INSTRUCTIONS?$AA@ 010df03c     shell.o
2296	PENDING	000b:0001be80       ??_C@_0BF@BKHLJDLF@FEMENU_PROFILE_EMPTY?$AA@ 010df060     shell.o
2297	PENDING	000b:0001be9c       ??_C@_0BH@JPPPGGLJ@FEMENU_PROFILE_DEFAULT?$AA@ 010df07c     shell.o
2298	PENDING	000b:0001beb8       ??_C@_0BG@GAFACOKI@FEMENU_PROFILE_CREATE?$AA@ 010df098     shell.o
2299	PENDING	000b:0001bed4       ??_C@_0BH@PKHMNEIF@FEMENU_PROFILE_OPTIONS?$AA@ 010df0b4     shell.o
2300	PENDING	000b:0001bef0       ??_C@_0BD@HKCEFGOH@text_option_set_03?$AA@ 010df0d0     shell.o
2301	PENDING	000b:0001bf08       ??_C@_0BD@GDDPGHKG@text_option_set_02?$AA@ 010df0e8     shell.o
2302	PENDING	000b:0001bf20       ??_C@_0BD@EIBCDEGF@text_option_set_01?$AA@ 010df100     shell.o
2303	PENDING	000b:0001bf38       ??_C@_0BA@BDCNHLGE@text_profile_06?$AA@ 010df118     shell.o
2304	PENDING	000b:0001bf4c       ??_C@_0BA@DIAACIKH@text_profile_05?$AA@ 010df12c     shell.o
2305	PENDING	000b:0001bf60       ??_C@_0BA@CBBLBJOG@text_profile_04?$AA@ 010df140     shell.o
2306	PENDING	000b:0001bf74       ??_C@_0BA@GOFKIPCB@text_profile_03?$AA@ 010df154     shell.o
2307	PENDING	000b:0001bf88       ??_C@_0BA@HHEBLOGA@text_profile_02?$AA@ 010df168     shell.o
2308	PENDING	000b:0001bf9c       ??_C@_0BA@FMGMONKD@text_profile_01?$AA@ 010df17c     shell.o
2309	PENDING	000b:0001bfb0       ??_C@_0BO@ENIOCDHD@i_MP_LS_image_generic_02a?4tga?$AA@ 010df190     shell.o
2310	PENDING	000b:0001bfd4       ??_C@_0BO@HMGGDJOO@i_MP_LS_image_generic_01a?4tga?$AA@ 010df1b4     shell.o
2311	PENDING	000b:0001bff8       ??_C@_0BF@NGCCJFAM@i_MP_LS_image_07?4tga?$AA@ 010df1d8     shell.o
2312	PENDING	000b:0001c014       ??_C@_0BF@FALGOHKC@i_MP_LS_image_04?4tga?$AA@ 010df1f4     shell.o
2313	PENDING	000b:0001c030       ??_C@_0BF@IGOPAELP@i_MP_LS_image_02?4tga?$AA@ 010df210     shell.o
2314	PENDING	000b:0001c04c       ??_C@_0BF@BNHOEGKJ@i_MP_LS_image_06?4tga?$AA@ 010df22c     shell.o
2315	PENDING	000b:0001c068       ??_C@_0BF@OMCIPEHM@i_MP_LS_image_09?4tga?$AA@ 010df248     shell.o
2316	PENDING	000b:0001c084       ??_C@_0BF@CHHECHNJ@i_MP_LS_image_08?4tga?$AA@ 010df264     shell.o
2317	PENDING	000b:0001c0a0       ??_C@_0BF@HLHGBB@i_MP_LS_image_01?4tga?$AA@ 010df280     shell.o
2318	PENDING	000b:0001c0bc       ??_C@_0BF@ENLDNHBK@i_MP_LS_image_03?4tga?$AA@ 010df29c     shell.o
2319	PENDING	000b:0001c0d8       ??_C@_0P@JKMEKLKN@LS_text_map_02?$AA@ 010df2b8     shell.o
2320	PENDING	000b:0001c0ec       ??_C@_0P@LBOJPIGO@LS_text_map_01?$AA@ 010df2cc     shell.o
2321	PENDING	000b:0001c100       ??_C@_0BI@INCOGAJN@LS_text_tip_description?$AA@ 010df2e0     shell.o
2322	PENDING	000b:0001c11c       ??_C@_0BC@GCJIJNF@LS_text_tip_title?$AA@ 010df2fc     shell.o
2323	PENDING	000b:0001c134       ??_C@_0BF@HIODMMGN@LS_text_screen_title?$AA@ 010df314     shell.o
2324	PENDING	000b:0001c150       ??_C@_0BB@GCHJNHJD@ls_bkg_detail_05?$AA@ 010df330     shell.o
2325	PENDING	000b:0001c164       ??_C@_0BB@HLGCOGNC@ls_bkg_detail_04?$AA@ 010df344     shell.o
2326	PENDING	000b:0001c178       ??_C@_0BB@DECDHABF@ls_bkg_detail_03?$AA@ 010df358     shell.o
2327	PENDING	000b:0001c18c       ??_C@_0BB@CNDIEBFE@ls_bkg_detail_02?$AA@ 010df36c     shell.o
2328	PENDING	000b:0001c1a0       ??_C@_0BB@GBFBCJH@ls_bkg_detail_01?$AA@ 010df380     shell.o
2329	PENDING	000b:0001c1b4       ??_C@_0BF@PBNAMLFD@ls_bkg_image_outline?$AA@ 010df394     shell.o
2330	PENDING	000b:0001c1d0       ??_C@_0P@DFEBMBID@ls_bkg_line_01?$AA@ 010df3b0     shell.o
2331	PENDING	000b:0001c1e4       ??_C@_0M@CFDJAOOD@ls_image_01?$AA@ 010df3c4     shell.o
2332	PENDING	000b:0001c1f4       ??_C@_06OGGBMHEM@ls_bkg?$AA@ 010df3d4     shell.o
2333	PENDING	000b:0001c1fc       ??_C@_0BO@LOJLFMPL@FEMENU_COP_BUTTON_INST_LEGACY?$AA@ 010df3dc     shell.o
2334	PENDING	000b:0001c220       ??_C@_0BO@LKKLBNLG@FEMENU_COP_BUTTON_INST_SCI_FI?$AA@ 010df400     shell.o
2335	PENDING	000b:0001c244       ??_C@_0CA@FKAMEGGK@FEMENU_COP_BUTTON_INST_SOUTHPAW?$AA@ 010df424     shell.o
2336	PENDING	000b:0001c26c       ??_C@_0BP@IDCAIJFA@FEMENU_COP_BUTTON_INST_DEFAULT?$AA@ 010df44c     shell.o
2337	PENDING	000b:0001c294       ??_C@_0BK@FBKKCMOI@FEMENU_COP_BUTTON_GRENADE?$AA@ 010df474     shell.o
2338	PENDING	000b:0001c2b4       ??_C@_0BN@IAPLNFEM@FEMENU_COP_BUTTON_SWAPWEAPON?$AA@ 010df494     shell.o
2339	PENDING	000b:0001c2d8       ??_C@_0BN@MBPNIOFF@MPFRONTEND_COP_CLASS_ABILITY?$AA@ 010df4b8     shell.o
2340	PENDING	000b:0001c2fc       ??_C@_0BO@KFCNNHEC@MPFRONTEND_COP_JUMP_STANCE_UP?$AA@ 010df4dc     shell.o
2341	PENDING	000b:0001c320       ??_C@_0BN@POAEDFPE@MPFRONTEND_COP_CHANGE_STANCE?$AA@ 010df500     shell.o
2342	PENDING	000b:0001c344       ??_C@_0BI@IKNLCDNE@FEMENU_COP_BUTTON_MELEE?$AA@ 010df524     shell.o
2343	PENDING	000b:0001c360       ??_C@_0BJ@OMADODHA@FEMENU_COP_BUTTON_RELOAD?$AA@ 010df540     shell.o
2344	PENDING	000b:0001c380       ??_C@_0BN@MHCLENGF@FEMENU_COP_BUTTON_FIREWEAPON?$AA@ 010df560     shell.o
2345	PENDING	000b:0001c3a4       ??_C@_0BH@DHLILOKE@MPFRONTEND_COP_MP_MENU?$AA@ 010df584     shell.o
2346	PENDING	000b:0001c3c0       ??_C@_0BK@NNNIPJAM@MPFRONTEND_COP_SCOREBOARD?$AA@ 010df5a0     shell.o
2347	PENDING	000b:0001c3e0       ??_C@_0BG@IHOPFANP@MPFRONTEND_COP_SPRINT?$AA@ 010df5c0     shell.o
2348	PENDING	000b:0001c3fc       ??_C@_0BG@GBNAGFDJ@FEMENU_COP_BUTTON_ADS?$AA@ 010df5dc     shell.o
2349	PENDING	000b:0001c418       ??_C@_0P@LELJIDGA@text_option_14?$AA@ 010df5f8     shell.o
2350	PENDING	000b:0001c42c       ??_C@_0P@PLPIBFKH@text_option_13?$AA@ 010df60c     shell.o
2351	PENDING	000b:0001c440       ??_C@_0P@OCODCEOG@text_option_12?$AA@ 010df620     shell.o
2352	PENDING	000b:0001c454       ??_C@_0P@MJMOHHCF@text_option_11?$AA@ 010df634     shell.o
2353	PENDING	000b:0001c468       ??_C@_0P@NANFEGGE@text_option_10?$AA@ 010df648     shell.o
2354	PENDING	000b:0001c47c       ??_C@_0P@NFJHBK@text_option_09?$AA@ 010df65c     shell.o
2355	PENDING	000b:0001c490       ??_C@_0P@BJMOKGFL@text_option_08?$AA@ 010df670     shell.o
2356	PENDING	000b:0001c4a4       ??_C@_0P@JOFGLKJE@text_option_07?$AA@ 010df684     shell.o
2357	PENDING	000b:0001c4b8       ??_C@_0CF@CFIEGNGO@FEMENU_COP_STICK_INST_LEGACYSOUT@ 010df698     shell.o
2358	PENDING	000b:0001c4e4       ??_C@_0BP@DJMKBGKF@FEMENU_COP_STICK_INST_SOUTHPAW?$AA@ 010df6c4     shell.o
2359	PENDING	000b:0001c50c       ??_C@_0BN@DIOBOMIE@FEMENU_COP_STICK_INST_LEGACY?$AA@ 010df6ec     shell.o
2360	PENDING	000b:0001c530       ??_C@_0BO@EDBMJPEN@FEMENU_COP_STICK_INST_DEFAULT?$AA@ 010df710     shell.o
2361	PENDING	000b:0001c554       ??_C@_0BK@OPHCIALF@FEMENU_COP_STICK_LOOKDOWN?$AA@ 010df734     shell.o
2362	PENDING	000b:0001c574       ??_C@_0BI@KLBDAMGD@FEMENU_COP_STICK_ROTATE?$AA@ 010df754     shell.o
2363	PENDING	000b:0001c590       ??_C@_0BI@NCAICBCE@FEMENU_COP_STICK_LOOKUP?$AA@ 010df770     shell.o
2364	PENDING	000b:0001c5ac       ??_C@_0BG@OJHKKANK@FEMENU_COP_STICK_BACK?$AA@ 010df78c     shell.o
2365	PENDING	000b:0001c5c8       ??_C@_0BI@PEJHHHDB@FEMENU_COP_STICK_STRAFE?$AA@ 010df7a8     shell.o
2366	PENDING	000b:0001c5e4       ??_C@_0BJ@PPKDAFFJ@FEMENU_COP_STICK_FORWARD?$AA@ 010df7c4     shell.o
2367	PENDING	000b:0001c604       ??_C@_0BF@CJPGGGMK@SP_OP_con_xb_stick_D?$AA@ 010df7e4     shell.o
2368	PENDING	000b:0001c620       ??_C@_0BF@GGLHPAAN@SP_OP_con_xb_stick_C?$AA@ 010df800     shell.o
2369	PENDING	000b:0001c63c       ??_C@_0BF@HPKMMBEM@SP_OP_con_xb_stick_B?$AA@ 010df81c     shell.o
2370	PENDING	000b:0001c658       ??_C@_0BF@FEIBJCIP@SP_OP_con_xb_stick_A?$AA@ 010df838     shell.o
2371	PENDING	000b:0001c674       ??_C@_0P@IHENILNF@text_option_06?$AA@ 010df854     shell.o
2372	PENDING	000b:0001c688       ??_C@_0P@KMGANIBG@text_option_05?$AA@ 010df868     shell.o
2373	PENDING	000b:0001c69c       ??_C@_0P@LFHLOJFH@text_option_04?$AA@ 010df87c     shell.o
2374	PENDING	000b:0001c6b0       ??_C@_0P@PKDKHPJA@text_option_03?$AA@ 010df890     shell.o
2375	PENDING	000b:0001c6c4       ??_C@_0BK@CMHMEEPB@text_current_instructions?$AA@ 010df8a4     shell.o
2376	PENDING	000b:0001c6e4       ??_C@_0BJ@CHBOKKDG@FEMENU_SOUND_INST_VOLUME?$AA@ 010df8c4     shell.o
2377	PENDING	000b:0001c704       ??_C@_0BJ@FBLHKPHP@FEMENU_SOUND_INST_OUTPUT?$AA@ 010df8e4     shell.o
2378	PENDING	000b:0001c724       ??_C@_0BG@BPLGLICN@FEMENU_COP_SOUND_MONO?$AA@ 010df904     shell.o
2379	PENDING	000b:0001c740       ??_C@_0BF@MFGBFDIP@FEMENU_COP_SOUND_5?41?$AA@ 010df920     shell.o
2380	PENDING	000b:0001c75c       ??_C@_0BH@KLGHAGMA@FEMENU_COP_SOUND_DOLBY?$AA@ 010df93c     shell.o
2381	PENDING	000b:0001c778       ??_C@_0BI@GPHDMJJO@FEMENU_COP_SOUND_STEREO?$AA@ 010df958     shell.o
2382	PENDING	000b:0001c794       ??_C@_0BC@HPAFOPPE@FEMENU_COP_VOLUME?$AA@ 010df974     shell.o
2383	PENDING	000b:0001c7ac       ??_C@_0BC@JKMOKLN@FEMENU_COP_OUTPUT?$AA@ 010df98c     shell.o
2384	PENDING	000b:0001c7c4       ??_C@_0BI@LJGNDEOD@text_title_instructions?$AA@ 010df9a4     shell.o
2385	PENDING	000b:0001c7e0       ??_C@_0BP@GOBGEONG@FEMENU_CONTROLS_INST_VIBRATION?$AA@ 010df9c0     shell.o
2386	PENDING	000b:0001c808       ??_C@_0CE@GPNJDGFF@FEMENU_CONTROLS_INST_ALTTANKCONT@ 010df9e8     shell.o
2387	PENDING	000b:0001c834       ??_C@_0BP@LDGMFMJC@FEMENU_CONTROLS_INST_TOGGLEADS?$AA@ 010dfa14     shell.o
2388	PENDING	000b:0001c85c       ??_C@_0BP@OJAMBDEA@FEMENU_CONTROLS_INST_INVERTAIM?$AA@ 010dfa3c     shell.o
2389	PENDING	000b:0001c884       ??_C@_0CC@BCDNJELJ@FEMENU_CONTROLS_INST_VERTICALSEN@ 010dfa64     shell.o
2390	PENDING	000b:0001c8ac       ??_C@_0CE@KHOFGPCL@FEMENU_CONTROLS_INST_HORIZONTALS@ 010dfa8c     shell.o
2391	PENDING	000b:0001c8d8       ??_C@_0CC@MNEHEDJM@FEMENU_CONTROLS_INST_BUTTONLAYOU@ 010dfab8     shell.o
2392	PENDING	000b:0001c900       ??_C@_0CB@DCICAOEB@FEMENU_CONTROLS_INST_STICKLAYOUT@ 010dfae0     shell.o
2393	PENDING	000b:0001c928       ??_C@_0BL@NHNHEPME@FEMENU_COP_BUTTON_DEFAULT4?$AA@ 010dfb08     shell.o
2394	PENDING	000b:0001c948       ??_C@_0BL@JIJGNJAD@FEMENU_COP_BUTTON_DEFAULT3?$AA@ 010dfb28     shell.o
2395	PENDING	000b:0001c968       ??_C@_0BL@IBINOIEC@FEMENU_COP_BUTTON_DEFAULT2?$AA@ 010dfb48     shell.o
2396	PENDING	000b:0001c988       ??_C@_0BF@GBBEFEGB@FEMENU_COP_VIBRATION?$AA@ 010dfb68     shell.o
2397	PENDING	000b:0001c9a4       ??_C@_0BK@HGIGJNAL@FEMENU_COP_ALTTANKCONTROL?$AA@ 010dfb84     shell.o
2398	PENDING	000b:0001c9c4       ??_C@_0BF@LMGOEGCF@FEMENU_COP_TOGGLEADS?$AA@ 010dfba4     shell.o
2399	PENDING	000b:0001c9e0       ??_C@_0BF@OGAOAJPH@FEMENU_COP_INVERTAIM?$AA@ 010dfbc0     shell.o
2400	PENDING	000b:0001c9fc       ??_C@_0BI@IMAPOHNE@FEMENU_COP_VERTICALSENS?$AA@ 010dfbdc     shell.o
2401	PENDING	000b:0001ca18       ??_C@_0BK@LOLKMEHF@FEMENU_COP_HORIZONTALSENS?$AA@ 010dfbf8     shell.o
2402	PENDING	000b:0001ca38       ??_C@_0BI@FDHFDAPB@FEMENU_COP_BUTTONLAYOUT?$AA@ 010dfc18     shell.o
2403	PENDING	000b:0001ca54       ??_C@_0BH@GEGEMAEG@FEMENU_COP_STICKLAYOUT?$AA@ 010dfc34     shell.o
2404	PENDING	000b:0001ca70       ??_C@_0BE@EPBEEKGC@slot_08_arrow_right?$AA@ 010dfc50     shell.o
2405	PENDING	000b:0001ca88       ??_C@_0BD@OOGDCELH@slot_08_arrow_left?$AA@ 010dfc68     shell.o
2406	PENDING	000b:0001caa0       ??_C@_0BE@BJIAPOJE@slot_07_arrow_right?$AA@ 010dfc80     shell.o
2407	PENDING	000b:0001cab8       ??_C@_0BD@MJBDPBIC@slot_07_arrow_left?$AA@ 010dfc98     shell.o
2408	PENDING	000b:0001cad0       ??_C@_0BE@IEIPBPOC@slot_06_arrow_right?$AA@ 010dfcb0     shell.o
2409	PENDING	000b:0001cae8       ??_C@_0BD@BEIFCIAH@slot_06_arrow_left?$AA@ 010dfcc8     shell.o
2410	PENDING	000b:0001cb00       ??_C@_0BE@PIOODKDJ@slot_05_arrow_right?$AA@ 010dfce0     shell.o
2411	PENDING	000b:0001cb18       ??_C@_0BD@KJEPEEMJ@slot_05_arrow_left?$AA@ 010dfcf8     shell.o
2412	PENDING	000b:0001cb30       ??_C@_0P@FAHKFJOP@slot_08_text_b?$AA@ 010dfd10     shell.o
2413	PENDING	000b:0001cb44       ??_C@_0P@IPMDJGDO@slot_07_text_b?$AA@ 010dfd24     shell.o
2414	PENDING	000b:0001cb58       ??_C@_0P@JILIICHN@slot_06_text_b?$AA@ 010dfd38     shell.o
2415	PENDING	000b:0001cb6c       ??_C@_0P@KBDFLOLI@slot_05_text_b?$AA@ 010dfd4c     shell.o
2416	PENDING	000b:0001cb80       ??_C@_0P@HLFHAKCM@slot_08_text_a?$AA@ 010dfd60     shell.o
2417	PENDING	000b:0001cb94       ??_C@_0P@KEOOMFPN@slot_07_text_a?$AA@ 010dfd74     shell.o
2418	PENDING	000b:0001cba8       ??_C@_0P@LDJFNBLO@slot_06_text_a?$AA@ 010dfd88     shell.o
2419	PENDING	000b:0001cbbc       ??_C@_0P@IKBIONHL@slot_05_text_a?$AA@ 010dfd9c     shell.o
2420	PENDING	000b:0001cbd0       ??_C@_0BP@DLEADIHH@FEMENU_GAMEPLAY_INST_STICKYAIM?$AA@ 010dfdb0     shell.o
2421	PENDING	000b:0001cbf8       ??_C@_0CC@BOMFBOHM@FEMENU_GAMEPLAY_INST_FRIENDLYTAG@ 010dfdd8     shell.o
2422	PENDING	000b:0001cc20       ??_C@_0BP@LBBKGFAG@FEMENU_GAMEPLAY_INST_CROSSHAIR?$AA@ 010dfe00     shell.o
2423	PENDING	000b:0001cc48       ??_C@_0BP@EJEBOJPO@FEMENU_GAMEPLAY_INST_SUBTITLES?$AA@ 010dfe28     shell.o
2424	PENDING	000b:0001cc70       ??_C@_0BD@NAEACCJG@FEMENU_COP_NO_SHOW?$AA@ 010dfe50     shell.o
2425	PENDING	000b:0001cc88       ??_C@_0BA@DPBCPLKM@FEMENU_COP_SHOW?$AA@ 010dfe68     shell.o
2426	PENDING	000b:0001cc9c       ??_C@_0BD@FKLNCBBD@FEMENU_COP_DISABLE?$AA@ 010dfe7c     shell.o
2427	PENDING	000b:0001ccb4       ??_C@_0BC@NGPDHLKC@FEMENU_COP_ENABLE?$AA@ 010dfe94     shell.o
2428	PENDING	000b:0001cccc       ??_C@_0P@JDGBMLJF@FEMENU_COP_OFF?$AA@ 010dfeac     shell.o
2429	PENDING	000b:0001cce0       ??_C@_0O@DPFCGGCA@FEMENU_COP_ON?$AA@ 010dfec0     shell.o
2430	PENDING	000b:0001ccf0       ??_C@_0BF@PFGOFBGG@FEMENU_COP_STICKYAIM?$AA@ 010dfed0     shell.o
2431	PENDING	000b:0001cd0c       ??_C@_0BK@IBCGCLOD@FEMENU_COP_SFRIENDLY_TAGS?$AA@ 010dfeec     shell.o
2432	PENDING	000b:0001cd2c       ??_C@_0BF@HPDEAMBH@FEMENU_COP_CROSSHAIR?$AA@ 010dff0c     shell.o
2433	PENDING	000b:0001cd48       ??_C@_0BF@IHGPIAOP@FEMENU_COP_SUBTITLES?$AA@ 010dff28     shell.o
2434	PENDING	000b:0001cd64       ??_C@_0BE@GFOBNLEP@slot_04_arrow_right?$AA@ 010dff44     shell.o
2435	PENDING	000b:0001cd7c       ??_C@_0BD@HENJJNEM@slot_04_arrow_left?$AA@ 010dff5c     shell.o
2436	PENDING	000b:0001cd94       ??_C@_0BE@CMHBIP@slot_03_arrow_right?$AA@ 010dff74     shell.o
2437	PENDING	000b:0001cdac       ??_C@_0BD@JKKJLBE@slot_03_arrow_left?$AA@ 010dff8c     shell.o
2438	PENDING	000b:0001cdc4       ??_C@_0BE@JNCDJAPJ@slot_02_arrow_right?$AA@ 010dffa4     shell.o
2439	PENDING	000b:0001cddc       ??_C@_0BD@NEDMECJB@slot_02_arrow_left?$AA@ 010dffbc     shell.o
2440	PENDING	000b:0001cdf4       ??_C@_0BE@OBECLFCC@slot_01_arrow_right?$AA@ 010dffd4     shell.o
2441	PENDING	000b:0001ce0c       ??_C@_0BD@GJPGCOFP@slot_01_arrow_left?$AA@ 010dffec     shell.o
2442	PENDING	000b:0001ce24       ??_C@_0P@LGEOKKPL@slot_04_text_b?$AA@ 010e0004     shell.o
2443	PENDING	000b:0001ce38       ??_C@_0P@NCCPMHDC@slot_03_text_b?$AA@ 010e0018     shell.o
2444	PENDING	000b:0001ce4c       ??_C@_0P@MFFENDHB@slot_02_text_b?$AA@ 010e002c     shell.o
2445	PENDING	000b:0001ce60       ??_C@_0P@PMNJOPLE@slot_01_text_b?$AA@ 010e0040     shell.o
2446	PENDING	000b:0001ce74       ??_C@_0P@JNGDPJDI@slot_04_text_a?$AA@ 010e0054     shell.o
2447	PENDING	000b:0001ce88       ??_C@_0P@PJACJEPB@slot_03_text_a?$AA@ 010e0068     shell.o
2448	PENDING	000b:0001ce9c       ??_C@_0P@OOHJIALC@slot_02_text_a?$AA@ 010e007c     shell.o
2449	PENDING	000b:0001ceb0       ??_C@_0P@NHPELMHH@slot_01_text_a?$AA@ 010e0090     shell.o
2450	PENDING	000b:0001cec4       ??_C@_0BG@GLDNEACO@text_current_selected?$AA@ 010e00a4     shell.o
2451	PENDING	000b:0001cee0       ??_C@_0BD@FOJOADPP@text_title_profile?$AA@ 010e00c0     shell.o
2452	PENDING	000b:0001cef8       ??_C@_0BA@LHCKKLNK@text_title_main?$AA@ 010e00d8     shell.o
2453	PENDING	000b:0001cf0c       ??_C@_0M@CGHIJMNG@bkg_line_01?$AA@ 010e00ec     shell.o
2454	PENDING	000b:0001cf1c       ??_C@_0P@ODCBEONB@text_option_02?$AA@ 010e00fc     shell.o
2455	PENDING	000b:0001cf30       ??_C@_0P@MIAMBNBC@text_option_01?$AA@ 010e0110     shell.o
2456	PENDING	000b:0001cf44       ??_C@_0N@DFNONDDG@BODY_TEXT_06?$AA@ 010e0124     shell.o
2457	PENDING	000b:0001cf54       ??_C@_0N@BOPDIAPF@BODY_TEXT_05?$AA@ 010e0134     shell.o
2458	PENDING	000b:0001cf64       ??_C@_0N@HOILBLE@BODY_TEXT_04?$AA@ 010e0144     shell.o
2459	PENDING	000b:0001cf74       ??_C@_0N@EIKJCHHD@BODY_TEXT_03?$AA@ 010e0154     shell.o
2460	PENDING	000b:0001cf84       ??_C@_0N@FBLCBGDC@BODY_TEXT_02?$AA@ 010e0164     shell.o
2461	PENDING	000b:0001cf94       ??_C@_0N@HKJPEFPB@BODY_TEXT_01?$AA@ 010e0174     shell.o
2462	PENDING	000b:0001cfa4       ??_C@_0P@OMNGECKI@BUTTON_TEXT_01?$AA@ 010e0184     shell.o
2463	PENDING	000b:0001cfb8       ??_C@_0BB@IEOIHKCA@COLORS_MP_INGAME?$AA@ 010e0198     shell.o
2464	PENDING	000b:0001cfcc       ??_C@_08EGKBGENO@ALL_GREY?$AA@ 010e01ac     shell.o
2465	PENDING	000b:0001cfd8       ??_C@_07DGCHJMJA@RED_RED?$AA@ 010e01b8     shell.o
2466	PENDING	000b:0001cfe4       ??_C@_09IAKANCCJ@GREY_GREY?$AA@ 010e01c4     shell.o
2467	PENDING	000b:0001cff0       ??_C@_0M@CMJFGIBA@BROWN_BROWN?$AA@ 010e01d0     shell.o
2468	PENDING	000b:0001d000       ??_C@_0BB@DAKPAHAM@REALLY_WHITE_RED?$AA@ 010e01e0     shell.o
2469	PENDING	000b:0001d014       ??_C@_09HCNELNCG@BLACK_RED?$AA@ 010e01f4     shell.o
2470	PENDING	000b:0001d020       ??_C@_0BC@JOIKPOHJ@REALLY_WHITE_FADE?$AA@ 010e0200     shell.o
2471	PENDING	000b:0001d038       ??_C@_0L@OKAGFJB@WHITE_FADE?$AA@ 010e0218     shell.o
2472	PENDING	000b:0001d048       ??_C@_09KFCJHOAD@WHITE_RED?$AA@ 010e0228     shell.o
2473	PENDING	000b:0001d054       ??_C@_0BM@FAJBOOEO@Puede?5estar?5sucio?5o?5danado?4?$AA@ 010e0234     shell.o
2474	PENDING	000b:0001d078       ??_C@_0CO@OJFIDAP@Hay?5un?5problema?5con?5el?5disco?5que@ 010e0258     shell.o
2475	PENDING	000b:0001d0b0       ??_C@_0CG@BHFHJDDM@Potrebbe?5essere?5sporco?5o?5dannegg@ 010e0290     shell.o
2476	PENDING	000b:0001d0e0       ??_C@_0CF@BCADOIJC@Il?5disco?5in?5uso?5ha?5qualche?5probl@ 010e02c0     shell.o
2477	PENDING	000b:0001d10c       ??_C@_0DE@DHKOEPHA@Moglicherweise?5ist?5sie?5verschmut@ 010e02ec     shell.o
2478	PENDING	000b:0001d14c       ??_C@_0DC@PKJEHAEN@Bei?5der?5benutzten?5CD?5ist?5ein?5Pro@ 010e032c     shell.o
2479	PENDING	000b:0001d188       ??_C@_0CE@JNOOIDGF@Il?5est?5peut?9etre?5sale?5ou?5endomma@ 010e0368     shell.o
2480	PENDING	000b:0001d1b4       ??_C@_0CJ@GFNKMOJO@Le?5disque?5utilise?5presente?5une?5a@ 010e0394     shell.o
2481	PENDING	000b:0001d1e8       ??_C@_0BM@BJMOIDBF@It?5may?5be?5dirty?5or?5damaged?4?$AA@ 010e03c8     shell.o
2482	PENDING	000b:0001d20c       ??_C@_0DA@BIEPKDDE@There?5is?5a?5problem?5with?5the?5disc@ 010e03ec     shell.o
2483	PENDING	000b:0001d248       ??_C@_0O@HCJGJKOI@MPGAME_ENABLE?$AA@ 010e0428     shell.o
2484	PENDING	000b:0001d258       ??_C@_0P@MMBAOMHM@MPGAME_DISABLE?$AA@ 010e0438     shell.o
2485	PENDING	000b:0001d26c       ??_C@_0BJ@LAAFPKLD@FEMENU_COP_BUTTON_LEGACY?$AA@ 010e044c     shell.o
2486	PENDING	000b:0001d28c       ??_C@_0BJ@LEDFLLPO@FEMENU_COP_BUTTON_SCI_FI?$AA@ 010e046c     shell.o
2487	PENDING	000b:0001d2ac       ??_C@_0BL@FNBJILCE@FEMENU_COP_BUTTON_SOUTHPAW?$AA@ 010e048c     shell.o
2488	PENDING	000b:0001d2cc       ??_C@_0BK@PLCJNOFE@FEMENU_COP_BUTTON_DEFAULT?$AA@ 010e04ac     shell.o
2489	PENDING	000b:0001d2ec       ??_C@_0CA@KJHJCFEI@FEMENU_COP_STICK_LEGACYSOUTHPAW?$AA@ 010e04cc     shell.o
2490	PENDING	000b:0001d314       ??_C@_0BI@OFDHMNGM@FEMENU_COP_STICK_LEGACY?$AA@ 010e04f4     shell.o
2491	PENDING	000b:0001d330       ??_C@_0BK@ODAEKCMJ@FEMENU_COP_STICK_SOUTHPAW?$AA@ 010e0510     shell.o
2492	PENDING	000b:0001d350       ??_C@_0BJ@ONBACDCG@FEMENU_COP_STICK_DEFAULT?$AA@ 010e0530     shell.o
2493	PENDING	000b:0001d370       ??_C@_0BI@GJOEGMG@MPGAME_RESTORE_DEFAULTS?$AA@ 010e0550     shell.o
2494	PENDING	000b:0001d38c       ??_C@_0BB@GGKEALKJ@MPGAME_VIBRATION?$AA@ 010e056c     shell.o
2495	PENDING	000b:0001d3a0       ??_C@_0BP@DLJLEEMI@MPGAME_ALTERNATE_TANK_CONTROLS?$AA@ 010e0580     shell.o
2496	PENDING	000b:0001d3c8       ??_C@_0BC@GJCGMIHJ@MPGAME_STICKY_AIM?$AA@ 010e05a8     shell.o
2497	PENDING	000b:0001d3e0       ??_C@_0BC@LOPBCCGP@MPGAME_TOGGLE_ADS?$AA@ 010e05c0     shell.o
2498	PENDING	000b:0001d3f8       ??_C@_0BC@OODNALPD@MPGAME_INVERT_AIM?$AA@ 010e05d8     shell.o
2499	PENDING	000b:0001d410       ??_C@_0BM@ILGJNFGO@MPGAME_VERTICAL_SENSITIVITY?$AA@ 010e05f0     shell.o
2500	PENDING	000b:0001d434       ??_C@_0BO@CHLFGGHP@MPGAME_HORIZONTAL_SENSITIVITY?$AA@ 010e0614     shell.o
2501	PENDING	000b:0001d458       ??_C@_0BF@BHCGNDIF@MPGAME_BUTTON_LAYOUT?$AA@ 010e0638     shell.o
2502	PENDING	000b:0001d474       ??_C@_0BE@IFFCEFMN@MPGAME_STICK_LAYOUT?$AA@ 010e0654     shell.o
2503	PENDING	000b:0001d48c       ??_C@_01DNKMNLPK@?$HM?$AA@ 010e066c     shell.o
2504	PENDING	000b:0001d490       ??_C@_0BC@PFHJDPJB@voip_line_04_text?$AA@ 010e0670     shell.o
2505	PENDING	000b:0001d4a8       ??_C@_0BC@DANOABBP@voip_line_03_text?$AA@ 010e0688     shell.o
2506	PENDING	000b:0001d4c0       ??_C@_0BC@JGKJAKKL@voip_line_02_text?$AA@ 010e06a0     shell.o
2507	PENDING	000b:0001d4d8       ??_C@_0BC@KHEBBADG@voip_line_01_text?$AA@ 010e06b8     shell.o
2508	PENDING	000b:0001d4f0       ??_C@_0BC@OBCGHMFA@voip_line_04_icon?$AA@ 010e06d0     shell.o
2509	PENDING	000b:0001d508       ??_C@_0BC@CEIBECNO@voip_line_03_icon?$AA@ 010e06e8     shell.o
2510	PENDING	000b:0001d520       ??_C@_0BC@ICPGEJGK@voip_line_02_icon?$AA@ 010e0700     shell.o
2511	PENDING	000b:0001d538       ??_C@_0BC@LDBOFDPH@voip_line_01_icon?$AA@ 010e0718     shell.o
2512	PENDING	000b:0001d550       ??_C@_0M@LNEFLBHP@i_AP_mine_w?$AA@ 010e0730     shell.o
2513	PENDING	000b:0001d560       ??_C@_0N@EHAGHDG@i_ammo_box_w?$AA@ 010e0740     shell.o
2514	PENDING	000b:0001d570       ??_C@_0BD@BDMDEPCC@i_spotted_sniper_w?$AA@ 010e0750     shell.o
2515	PENDING	000b:0001d588       ??_C@_0BC@EDNHKIFN@i_spotted_enemy_w?$AA@ 010e0768     shell.o
2516	PENDING	000b:0001d5a0       ??_C@_0O@LJDPLNAH@i_head_VOIP_w?$AA@ 010e0780     shell.o
2517	PENDING	000b:0001d5b0       ??_C@_0BA@LODPPKKI@i_head_rank_3_w?$AA@ 010e0790     shell.o
2518	PENDING	000b:0001d5c4       ??_C@_0BA@GIDJNMN@i_head_rank_2_w?$AA@ 010e07a4     shell.o
2519	PENDING	000b:0001d5d8       ??_C@_0BA@BEDGDCCD@i_head_rank_1_w?$AA@ 010e07b8     shell.o
2520	PENDING	000b:0001d5ec       ??_C@_0BG@BFNCBGOE@SP_fuelPlant_DriveMap?$AA@ 010e07cc     shell.o
2521	PENDING	000b:0001d608       ??_C@_0BE@GGPBOBMM@SP_hostage_DriveMap?$AA@ 010e07e8     shell.o
2522	PENDING	000b:0001d620       ??_C@_0BG@PABBDKNJ@SP_nightDrop_DriveMap?$AA@ 010e0800     shell.o
2523	PENDING	000b:0001d63c       ??_C@_0BA@PAGEFMEJ@i_HQ_captured_w?$AA@ 010e081c     shell.o
2524	PENDING	000b:0001d650       ??_C@_0BB@MLOIPIKI@i_neutral_axis_w?$AA@ 010e0830     shell.o
2525	PENDING	000b:0001d664       ??_C@_0BD@HDJPGIEG@i_neutral_allied_w?$AA@ 010e0844     shell.o
2526	PENDING	000b:0001d67c       ??_C@_0O@BFDDOPEE@i_flag_axis_w?$AA@ 010e085c     shell.o
2527	PENDING	000b:0001d68c       ??_C@_0BA@CIHIPLK@i_flag_allied_w?$AA@ 010e086c     shell.o
2528	PENDING	000b:0001d6a0       ??_C@_0BC@IBOIFCPJ@i_downed_friend_w?$AA@ 010e0880     shell.o
2529	PENDING	000b:0001d6b8       ??_C@_0O@LEDGABNH@i_objective_w?$AA@ 010e0898     shell.o
2530	PENDING	000b:0001d6c8       ??_C@_0P@EJLLPGEM@i_tank_enemy_w?$AA@ 010e08a8     shell.o
2531	PENDING	000b:0001d6dc       ??_C@_0BH@EAGJALNL@i_incoming_artillery_c?$AA@ 010e08bc     shell.o
2532	PENDING	000b:0001d6f8       ??_C@_0BF@EECEAELI@i_HQ_captured_c_down?$AA@ 010e08d8     shell.o
2533	PENDING	000b:0001d714       ??_C@_0BD@FIJBPMFN@i_HQ_captured_c_up?$AA@ 010e08f4     shell.o
2534	PENDING	000b:0001d72c       ??_C@_0BA@NOMKILBM@i_HQ_captured_c?$AA@ 010e090c     shell.o
2535	PENDING	000b:0001d740       ??_C@_0BG@EHAEGJFJ@i_neutral_axis_c_down?$AA@ 010e0920     shell.o
2536	PENDING	000b:0001d75c       ??_C@_0BE@NONEPABH@i_neutral_axis_c_up?$AA@ 010e093c     shell.o
2537	PENDING	000b:0001d774       ??_C@_0BB@OFEGCPPN@i_neutral_axis_c?$AA@ 010e0954     shell.o
2538	PENDING	000b:0001d788       ??_C@_0BI@BAACKLCG@i_neutral_allied_c_down?$AA@ 010e0968     shell.o
2539	PENDING	000b:0001d7a4       ??_C@_0BG@MCIIGDIA@i_neutral_allied_c_up?$AA@ 010e0984     shell.o
2540	PENDING	000b:0001d7c0       ??_C@_0BD@FNDBLPBD@i_neutral_allied_c?$AA@ 010e09a0     shell.o
2541	PENDING	000b:0001d7d8       ??_C@_0BD@PJIJBOOB@i_flag_axis_c_down?$AA@ 010e09b8     shell.o
2542	PENDING	000b:0001d7f0       ??_C@_0BB@GKKOFGMH@i_flag_axis_c_up?$AA@ 010e09d0     shell.o
2543	PENDING	000b:0001d804       ??_C@_0O@DLJNDIBB@i_flag_axis_c?$AA@ 010e09e4     shell.o
2544	PENDING	000b:0001d814       ??_C@_0BF@PCHPNFIE@i_flag_allied_c_down?$AA@ 010e09f4     shell.o
2545	PENDING	000b:0001d830       ??_C@_0BD@HMAFBEDI@i_flag_allied_c_up?$AA@ 010e0a10     shell.o
2546	PENDING	000b:0001d848       ??_C@_0BA@CMCJFIOP@i_flag_allied_c?$AA@ 010e0a28     shell.o
2547	PENDING	000b:0001d85c       ??_C@_0BC@KPEGIFKM@i_downed_friend_c?$AA@ 010e0a3c     shell.o
2548	PENDING	000b:0001d874       ??_C@_0BD@OIFIDKGJ@i_objective_c_down?$AA@ 010e0a54     shell.o
2549	PENDING	000b:0001d88c       ??_C@_0BB@CFGMHKCC@i_objective_c_up?$AA@ 010e0a6c     shell.o
2550	PENDING	000b:0001d8a0       ??_C@_0O@JKJINGIC@i_objective_c?$AA@ 010e0a80     shell.o
2551	PENDING	000b:0001d8b0       ??_C@_0BD@OAKGCECB@i_objective_c_ring?$AA@ 010e0a90     shell.o
2552	PENDING	000b:0001d8c8       ??_C@_0BA@MLCNFNPL@i_tank_friend_c?$AA@ 010e0aa8     shell.o
2553	PENDING	000b:0001d8dc       ??_C@_0P@GHBFCBBJ@i_tank_enemy_c?$AA@ 010e0abc     shell.o
2554	PENDING	000b:0001d8f0       ??_C@_0N@LPCOOLPA@i_guy_good_c?$AA@ 010e0ad0     shell.o
2555	PENDING	000b:0001d900       ??_C@_0M@EJAAANIM@i_guy_bad_c?$AA@ 010e0ae0     shell.o
2556	PENDING	000b:0001d910       ??_C@_0BE@HMNMIEH@cg_controllerconfig?$AA@ 010e0af0     shell.o
2557	PENDING	000b:0001d928       ??_C@_05HMIIKFOD@?$CLstub?$AA@ 010e0b08     shell.o
2558	PENDING	000b:0001d930       ??_C@_0BC@PIOGHCAE@exec?5mp_?$CFs_b?4cfg?6?$AA@ 010e0b10     shell.o
2559	PENDING	000b:0001d948       ??_C@_0BC@FOJBHJLA@exec?5mp_?$CFs_c?4cfg?6?$AA@ 010e0b28     shell.o
2560	PENDING	000b:0001d960       ??_C@_0BC@JLDGEHDO@exec?5mp_?$CFs_d?4cfg?6?$AA@ 010e0b40     shell.o
2561	PENDING	000b:0001d978       ??_C@_0BC@MJAOGIJJ@exec?5mp_?$CFs_a?4cfg?6?$AA@ 010e0b58     shell.o
2562	PENDING	000b:0001d990       ??_C@_0P@PAFEINGI@exec?5?$CFs_b?4cfg?6?$AA@ 010e0b70     shell.o
2563	PENDING	000b:0001d9a4       ??_C@_0P@FGCDIGNM@exec?5?$CFs_c?4cfg?6?$AA@ 010e0b84     shell.o
2564	PENDING	000b:0001d9b8       ??_C@_0P@JDIELIFC@exec?5?$CFs_d?4cfg?6?$AA@ 010e0b98     shell.o
2565	PENDING	000b:0001d9cc       ??_C@_0P@MBLMJHPF@exec?5?$CFs_a?4cfg?6?$AA@ 010e0bac     shell.o
2566	PENDING	000b:0001d9e0       ??_C@_04MFDNODIH@xbox?$AA@ 010e0bc0     shell.o
2567	PENDING	000b:0001d9e8       ??_C@_0BA@EACIFNAC@exec?5ts_sp?4cfg?6?$AA@ 010e0bc8     shell.o
2568	PENDING	000b:0001d9fc       ??_C@_0BB@BIFIKGK@exec?5ts_leg?4cfg?6?$AA@ 010e0bdc     shell.o
2569	PENDING	000b:0001da10       ??_C@_0BD@NKGGNLIH@exec?5ts_legsp?4cfg?6?$AA@ 010e0bf0     shell.o
2570	PENDING	000b:0001da28       ??_C@_0BB@BMCKCDMG@exec?5ts_def?4cfg?6?$AA@ 010e0c08     shell.o
2571	PENDING	000b:0001da44       ??_7PanelAnimObject@@6B@   010e0c24     shell.o
2572	PENDING	000b:0001daa4       ??_7FEText@@6B@            010e0c84     shell.o
2573	PENDING	000b:0001dc24       ??_7FEMenuEntry@@6B@       010e0e04     shell.o
2574	PENDING	000b:0001dd24       ??_7PanelFileUser@@6B@     010e0f04     shell.o
2575	PENDING	000b:0001dd38       ??_7IGOWidget@@6B@         010e0f18     shell.o
2576	PENDING	000b:0001dd64       ??_C@_0DD@LEAMLPMD@UIListBoxItem?3?5State?5needs?5to?5be@ 010e0f44     shell.o
2577	PENDING	000b:0001dda4       ??_C@_0M@GKFCPAMA@mState?5?$DO?$DN?50?$AA@ 010e0f84     shell.o
2578	PENDING	000b:0001ddb4       ??_C@_0BN@EOPDPFKN@c?3?2cod?2code?2game?2UIListBox?4h?$AA@ 010e0f94     shell.o
2579	PENDING	000b:0001dddc       ??_7IGOFrontEnd@@6B@       010e0fbc     shell.o
2580	PENDING	000b:0001de04       ??_C@_0BC@OKGIMONJ@STRING?5NOT?5FOUND?$CB?$AA@ 010e0fe4     shell.o
2581	PENDING	000b:0001de1c       ??_C@_0CO@CKNPAJCN@SetTutorialText?5called?5for?5a?5non@ 010e0ffc     shell.o
2582	PENDING	000b:0001de54       ??_C@_0BO@LCANLKLM@viewport?5?$DO?$DN?50?5?$CG?$CG?5viewport?5?$DM?51?$AA@ 010e1034     shell.o
2583	PENDING	000b:0001de78       ??_C@_0CB@IKMJPLKA@c?3?2cod?2code?2game?2IGOFrontEnd?4cpp@ 010e1058     shell.o
2584	PENDING	000b:0001dea0       ??_C@_0CM@EGDKOOGE@SetActionHint?5called?5for?5a?5non?5l@ 010e1080     shell.o
2585	PENDING	000b:0001ded4       __real@44138000            010e10b4     shell.o
2586	PENDING	000b:0001ded8       __real@43dc0000            010e10b8     shell.o
2587	PENDING	000b:0001dee0       ??_7IGOStanceWidget@@6B@   010e10c0     shell.o
2588	PENDING	000b:0001df10       ??_7IGOHealthWidget@@6B@   010e10f0     shell.o
2589	PENDING	000b:0001df40       ??_7IGOHQProgressBarWidget@@6B@ 010e1120     shell.o
2590	PENDING	000b:0001df70       ??_7IGORaiseFlagWidget@@6B@ 010e1150     shell.o
2591	PENDING	000b:0001df9c       ??_C@_03PKIJPMHF@x?$CFi?$AA@ 010e117c     shell.o
2592	PENDING	000b:0001dfa4       ??_7IGOTimerWidget@@6B@    010e1184     shell.o
2593	PENDING	000b:0001dfd4       ??_7IGOInGameScoreWidget@@6B@ 010e11b4     shell.o
2594	PENDING	000b:0001e004       ??_7IGOAmmoWidget@@6B@     010e11e4     shell.o
2595	PENDING	000b:0001e034       ??_7IGOGrenadeWidget@@6B@  010e1214     shell.o
2596	PENDING	000b:0001e060       ??_C@_0M@GJCIIKDK@weapon_mine?$AA@ 010e1240     shell.o
2597	PENDING	000b:0001e070       ??_C@_0O@LPFPOBBA@weapon_k98_RG?$AA@ 010e1250     shell.o
2598	PENDING	000b:0001e080       ??_C@_0BD@LJLFAFLK@weapon_m1garand_RG?$AA@ 010e1260     shell.o
2599	PENDING	000b:0001e098       ??_C@_0BF@BGEJKPKH@weapon_stickygrenade?$AA@ 010e1278     shell.o
2600	PENDING	000b:0001e0b4       ??_C@_0BI@IMHELDCI@weapon_stielhandgranate?$AA@ 010e1294     shell.o
2601	PENDING	000b:0001e0d0       ??_C@_0BD@CMDDNGHJ@weapon_fraggrenade?$AA@ 010e12b0     shell.o
2602	PENDING	000b:0001e0e8       ??_C@_0BE@MIMOIBPO@weapon_smokegrenade?$AA@ 010e12c8     shell.o
2603	PENDING	000b:0001e104       ??_7IGOGrenadeCookWidget@@6B@ 010e12e4     shell.o
2604	PENDING	000b:0001e130       __real@3fc5c28f5c28f5c3    010e1310     shell.o
2605	PENDING	000b:0001e140       __real@3fd51eb851eb851f    010e1320     shell.o
2606	PENDING	000b:0001e150       __real@3fe570a3d70a3d71    010e1330     shell.o
2607	PENDING	000b:0001e160       __real@3fea8f5c28f5c28f    010e1340     shell.o
2608	PENDING	000b:0001e16c       ??_C@_0P@NAGKCGHJ@weaponnameback?$AA@ 010e134c     shell.o
2609	PENDING	000b:0001e180       __real@44084000            010e1360     shell.o
2610	PENDING	000b:0001e184       ??_C@_07CIFADKPB@?$CFs?5?1?5?$CFs?$AA@ 010e1364     shell.o
2611	PENDING	000b:0001e194       ??_7IGOTankHealthWidget@@6B@ 010e1374     shell.o
2612	PENDING	000b:0001e1c4       ??_7IGOTankLoadingWidget@@6B@ 010e13a4     shell.o
2613	PENDING	000b:0001e1f4       ??_7IGOTankReticleWidget@@6B@ 010e13d4     shell.o
2614	PENDING	000b:0001e224       ??_7IGORankWidget@@6B@     010e1404     shell.o
2615	PENDING	000b:0001e250       __real@39aec33e            010e1430     shell.o
2616	PENDING	000b:0001e258       ??_7IGOVoteWidget@@6B@     010e1438     shell.o
2617	PENDING	000b:0001e288       ??_7IGOSpecialWeaponWidget@@6B@ 010e1468     shell.o
2618	PENDING	000b:0001e2b8       ??_7IGOWarStatusWidget@@6B@ 010e1498     shell.o
2619	PENDING	000b:0001e2e8       ??_7IGOTankIconWidget@@6B@ 010e14c8     shell.o
2620	PENDING	000b:0001e314       __real@3727c5ac            010e14f4     shell.o
2621	PENDING	000b:0001e318       ??_C@_0BL@KJJAEEEA@cgGlobal?4time?5?$DO?$DN?5ring_time?$AA@ 010e14f8     shell.o
2622	PENDING	000b:0001e338       ??_C@_0M@DDJCFMKH@ringLen?5?$DO?50?$AA@ 010e1518     shell.o
2623	PENDING	000b:0001e348       ??_C@_0CG@DAMEOGKB@c?3?2cod?2code?2game?2IGOCompassWidge@ 010e1528     shell.o
2624	PENDING	000b:0001e378       ??_C@_0BH@PNPMKLPJ@Invalid?5objective?5name?$AA@ 010e1558     shell.o
2625	PENDING	000b:0001e394       ??_C@_0BA@FFHJPHKB@name?5?$CG?$CG?5name?$FL0?$FN?$AA@ 010e1574     shell.o
2626	PENDING	000b:0001e3ac       ??_7IGOJeepMapWidget@@6B@  010e158c     shell.o
2627	PENDING	000b:0001e3d8       ??_C@_04CNNOICEA@?5?6?7?$AN?$AA@ 010e15b8     shell.o
2628	PENDING	000b:0001e3e4       ??_7IGOHintWidget@@6B@     010e15c4     shell.o
2629	PENDING	000b:0001e414       ??_7IGOGrenadeIndicator@@6B@ 010e15f4     shell.o
2630	PENDING	000b:0001e440       __real@c2d00000            010e1620     shell.o
2631	PENDING	000b:0001e448       ??_7IGOHeadIcons@@6B@      010e1628     shell.o
2632	PENDING	000b:0001e478       ??_7IGORowboatWidget@@6B@  010e1658     shell.o
2633	PENDING	000b:0001e4a4       ??_C@_0BO@KHJKGHPC@Press?5Right?5Stick?5Up?5and?5Hold?$AA@ 010e1684     shell.o
2634	PENDING	000b:0001e4c8       ??_C@_0CD@GLDAKGDO@Now?5Move?5Stick?5Down?5in?5Half?5Circ@ 010e16a8     shell.o
2635	PENDING	000b:0001e4f8       ??_7IGOItemIcons@@6B@      010e16d8     shell.o
2636	PENDING	000b:0001e524       ??_C@_0BK@POBGIEEK@Local?5player?5is?5not?5valid?$AA@ 010e1704     shell.o
2637	PENDING	000b:0001e544       ??_C@_0M@CBEBGAEF@localPlayer?$AA@ 010e1724     shell.o
2638	PENDING	000b:0001e554       ??_C@_0CC@CKCECEHP@c?3?2cod?2code?2game?2IGOItemIcons?4cp@ 010e1734     shell.o
2639	PENDING	000b:0001e57c       __real@43700000            010e175c     shell.o
2640	PENDING	000b:0001e580       __real@c3700000            010e1760     shell.o
2641	PENDING	000b:0001e584       __real@c3a00000            010e1764     shell.o
2642	PENDING	000b:0001e588       __real@438c0000            010e1768     shell.o
2643	PENDING	000b:0001e58c       __real@c3480000            010e176c     shell.o
2644	PENDING	000b:0001e590       __real@c38c0000            010e1770     shell.o
2645	PENDING	000b:0001e594       ??_C@_0BC@NMGLPIDN@Unknown?5language?$CB?$AA@ 010e1774     shell.o
2646	PENDING	000b:0001e5ac       ??_C@_0BN@KECGHGFK@c?3?2cod?2code?2game?2FEPanel?4cpp?$AA@ 010e178c     shell.o
2647	PENDING	000b:0001e5d0       ??_C@_03PGEOBJHN@it_?$AA@  010e17b0     shell.o
2648	PENDING	000b:0001e5d4       ??_C@_03LJNHLAEA@es_?$AA@  010e17b4     shell.o
2649	PENDING	000b:0001e5d8       ??_C@_03BJMAAIOH@de_?$AA@  010e17b8     shell.o
2650	PENDING	000b:0001e5dc       ??_C@_03KKKAHFJJ@fr_?$AA@  010e17bc     shell.o
2651	PENDING	000b:0001e5e0       __real@ba83126f            010e17c0     shell.o
2652	PENDING	000b:0001e5e4       __real@3f22f983            010e17c4     shell.o
2653	PENDING	000b:0001e5ec       ??_7nvlMovie@@6B@          010e17cc     shell.o
2654	PENDING	000b:0001e610       ??_C@_0BJ@BBEOGLCL@No?5memory?5for?5movies?$CB?5?3?$CI?$AA@ 010e17f0     shell.o
2655	PENDING	000b:0001e630       ??_C@_0BH@HEDPHHOB@?$CBsMovieAlloc?4IsEmpty?$CI?$CJ?$AA@ 010e1810     shell.o
2656	PENDING	000b:0001e64c       ??_C@_0CD@JAGOCAPH@c?3?2cod?2code?2game?2movie_manager?4c@ 010e182c     shell.o
2657	PENDING	000b:0001e678       ??_C@_05DLHLNFAH@MOVIE?$AA@ 010e1858     shell.o
2658	PENDING	000b:0001e680       __real@3de38e39            010e1860     shell.o
2659	PENDING	000b:0001e684       ??_C@_0L@CKGABIFE@flash_info?$AA@ 010e1864     shell.o
2660	PENDING	000b:0001e694       ??_C@_0BM@OHLIPHIG@c?3?2cod?2code?2game?2FEText?4cpp?$AA@ 010e1874     shell.o
2661	PENDING	000b:0001e6b8       __real@3b888889            010e1898     shell.o
2662	PENDING	000b:0001e6bc       __real@3b4ccccd            010e189c     shell.o
2663	PENDING	000b:0001e6c0       ??_C@_0CN@PBMNHMEH@NULL?5char?$CK?5being?5passed?5into?5FET@ 010e18a0     shell.o
2664	PENDING	000b:0001e6f8       ??_C@_09KJONPCOF@reference?$AA@ 010e18d8     shell.o
2665	PENDING	000b:0001e704       ??_C@_0BA@FOLMBDDL@?$AB?$FL?$CF2x?$CF2x?$CF2x?$CF2x?$FN?$AA@ 010e18e4     shell.o
2666	PENDING	000b:0001e718       ??_C@_0L@GNLHEJHB@buttonCode?$AA@ 010e18f8     shell.o
2667	PENDING	000b:0001e728       ??_C@_0L@GMKGOGJC@?$HOnavig_all?$AA@ 010e1908     shell.o
2668	PENDING	000b:0001e738       ??_C@_08DIPMCNED@?$HOboth_lr?$AA@ 010e1918     shell.o
2669	PENDING	000b:0001e744       ??_C@_07DDECFPFN@?$HOupdown?$AA@ 010e1924     shell.o
2670	PENDING	000b:0001e750       ??_C@_01MIFGBAGJ@?$CL?$AA@ 010e1930     shell.o
2671	PENDING	000b:0001e754       ??_C@_01PKGAHCOL@?$CJ?$AA@ 010e1934     shell.o
2672	PENDING	000b:0001e758       ??_C@_01NBENCBCI@?$CK?$AA@ 010e1938     shell.o
2673	PENDING	000b:0001e75c       ??_C@_01DCLJPIOD@?$CB?$AA@ 010e193c     shell.o
2674	PENDING	000b:0001e760       ??_C@_0P@HJDILHDI@?$HOnot_menu_back?$AA@ 010e1940     shell.o
2675	PENDING	000b:0001e774       ??_C@_01EPMOAMKG@$?$AA@    010e1954     shell.o
2676	PENDING	000b:0001e778       ??_C@_0L@CANIPILE@?$HOmenu_back?$AA@ 010e1958     shell.o
2677	PENDING	000b:0001e788       ??_C@_01FGNFDNOH@?$CF?$AA@ 010e1968     shell.o
2678	PENDING	000b:0001e78c       ??_C@_05MPKEDJKM@?$HOgc_z?$AA@ 010e196c     shell.o
2679	PENDING	000b:0001e794       ??_C@_01IPJKGB@?$CD?$AA@   010e1974     shell.o
2680	PENDING	000b:0001e798       ??_C@_0BB@HNMHMOGJ@index?5?$DM?5line_num?$AA@ 010e1978     shell.o
2681	PENDING	000b:0001e7ac       ??_C@_06KHFNEENE@n?5?$CB?$DN?50?$AA@ 010e198c     shell.o
2682	PENDING	000b:0001e7b4       ??_C@_0BK@EDOGCDLG@strlen?$CIgResultString?$CJ?$DM512?$AA@ 010e1994     shell.o
2683	PENDING	000b:0001e7d4       ??_C@_0BA@GGJLIHB@tokenTranslated?$AA@ 010e19b4     shell.o
2684	PENDING	000b:0001e7e8       ??_C@_0BF@BMAJIFKP@strlen?$CIstringIn?$CJ?$DM512?$AA@ 010e19c8     shell.o
2685	PENDING	000b:0001e804       __real@3fb6db6e            010e19e4     shell.o
2686	PENDING	000b:0001e808       ??_C@_0P@POJBLAPH@INGAME_R3_XBOX?$AA@ 010e19e8     shell.o
2687	PENDING	000b:0001e81c       ??_C@_0P@JHKAJDOO@INGAME_L3_XBOX?$AA@ 010e19fc     shell.o
2688	PENDING	000b:0001e830       ??_C@_03OAPNKADI@?$HOl3?$AA@ 010e1a10     shell.o
2689	PENDING	000b:0001e834       ??_C@_0BM@PPPNDPPK@INGAME_XBOX_USE_RIGHT_STICK?$AA@ 010e1a14     shell.o
2690	PENDING	000b:0001e858       ??_C@_0BL@GJFAOFKI@INGAME_XBOX_USE_LEFT_STICK?$AA@ 010e1a38     shell.o
2691	PENDING	000b:0001e878       ??_C@_0BD@KGCCHMFM@INGAME_PRESS_RIGHT?$AA@ 010e1a58     shell.o
2692	PENDING	000b:0001e890       ??_C@_0BC@IAJOAPHJ@INGAME_PRESS_LEFT?$AA@ 010e1a70     shell.o
2693	PENDING	000b:0001e8a8       ??_C@_0BC@HLFNOKDK@INGAME_PRESS_BACK?$AA@ 010e1a88     shell.o
2694	PENDING	000b:0001e8c0       ??_C@_0BF@PJNNMHIP@INGAME_PRESS_FORWARD?$AA@ 010e1aa0     shell.o
2695	PENDING	000b:0001e8dc       ??_C@_0BE@PBMKDAAF@INGAME_PRESS_SELECT?$AA@ 010e1abc     shell.o
2696	PENDING	000b:0001e8f4       ??_C@_0BD@MBNEIFLA@INGAME_PRESS_START?$AA@ 010e1ad4     shell.o
2697	PENDING	000b:0001e90c       ??_C@_0BA@FKCEMKNO@INGAME_PRESS_L3?$AA@ 010e1aec     shell.o
2698	PENDING	000b:0001e920       ??_C@_0BA@EDDPPLJP@INGAME_PRESS_L2?$AA@ 010e1b00     shell.o
2699	PENDING	000b:0001e934       ??_C@_0BA@GIBCKIFM@INGAME_PRESS_L1?$AA@ 010e1b14     shell.o
2700	PENDING	000b:0001e948       ??_C@_0BA@EMJMEEKE@INGAME_PRESS_R3?$AA@ 010e1b28     shell.o
2701	PENDING	000b:0001e95c       ??_C@_0BA@FFIHHFOF@INGAME_PRESS_R2?$AA@ 010e1b3c     shell.o
2702	PENDING	000b:0001e970       ??_C@_0BA@HOKKCGCG@INGAME_PRESS_R1?$AA@ 010e1b50     shell.o
2703	PENDING	000b:0001e984       ??_C@_0BG@MOKKPOEN@INGAME_PRESS_TRIANGLE?$AA@ 010e1b64     shell.o
2704	PENDING	000b:0001e9a0       ??_C@_0BE@MFCCPIHL@INGAME_PRESS_SQUARE?$AA@ 010e1b80     shell.o
2705	PENDING	000b:0001e9b8       ??_C@_0BE@EDOIHOKC@INGAME_PRESS_CIRCLE?$AA@ 010e1b98     shell.o
2706	PENDING	000b:0001e9d0       ??_C@_09JEPOBGKE@INGAME_L3?$AA@ 010e1bb0     shell.o
2707	PENDING	000b:0001e9dc       ??_C@_09ICEGJINO@INGAME_R3?$AA@ 010e1bbc     shell.o
2708	PENDING	000b:0001e9e8       ??_C@_0O@HNOFFGCD@?$FLPRESS_CLASS?$FN?$AA@ 010e1bc8     shell.o
2709	PENDING	000b:0001e9f8       ??_C@_0O@EIENDLPL@?$FLPRESS_START?$FN?$AA@ 010e1bd8     shell.o
2710	PENDING	000b:0001ea08       ??_C@_0P@EINKNOCJ@?$FLPRESS_SELECT?$FN?$AA@ 010e1be8     shell.o
2711	PENDING	000b:0001ea1c       ??_C@_0BD@FAIKHLHE@?$FLPRESS_LEAN_RIGHT?$FN?$AA@ 010e1bfc     shell.o
2712	PENDING	000b:0001ea34       ??_C@_0BC@BKLOGNOL@?$FLPRESS_LEAN_LEFT?$FN?$AA@ 010e1c14     shell.o
2713	PENDING	000b:0001ea4c       ??_C@_0BE@KELGAPKE@?$FLPRESS_WEAPON_SWAP?$FN?$AA@ 010e1c2c     shell.o
2714	PENDING	000b:0001ea64       ??_C@_0BE@FMACPCOB@?$FLPRESS_STANCE_DOWN?$FN?$AA@ 010e1c44     shell.o
2715	PENDING	000b:0001ea7c       ??_C@_0BC@HFIMPMM@?$FLPRESS_STANCE_UP?$FN?$AA@ 010e1c5c     shell.o
2716	PENDING	000b:0001ea94       ??_C@_0P@HIOPKNON@?$FLPRESS_RELOAD?$FN?$AA@ 010e1c74     shell.o
2717	PENDING	000b:0001eaa8       ??_C@_0P@HDHKDLHH@?$FLPRESS_SPRINT?$FN?$AA@ 010e1c88     shell.o
2718	PENDING	000b:0001eabc       ??_C@_0BD@LIEFABNK@?$FLPRESS_TOGGLE_AIM?$FN?$AA@ 010e1c9c     shell.o
2719	PENDING	000b:0001ead4       ??_C@_0BA@NAOAJMD@?$FLPRESS_GRENADE?$FN?$AA@ 010e1cb4     shell.o
2720	PENDING	000b:0001eae8       ??_C@_0O@JPJMGPIG@?$FLPRESS_MELEE?$FN?$AA@ 010e1cc8     shell.o
2721	PENDING	000b:0001eaf8       ??_C@_0BD@ODBOPJEI@INGAME_PRESS_CROSS?$AA@ 010e1cd8     shell.o
2722	PENDING	000b:0001eb10       ??_C@_0M@FIANOMGC@?$FLPRESS_AIM?$FN?$AA@ 010e1cf0     shell.o
2723	PENDING	000b:0001eb20       ??_C@_0P@LKJCLNHO@?$FLPRESS_ATTACK?$FN?$AA@ 010e1d00     shell.o
2724	PENDING	000b:0001eb34       ??_C@_0BB@OCMFOIDF@?$FLPRESS_ACTIVATE?$FN?$AA@ 010e1d14     shell.o
2725	PENDING	000b:0001eb48       ??_C@_0M@PMNKDLGD@?$FLPRESS_USE?$FN?$AA@ 010e1d28     shell.o
2726	PENDING	000b:0001eb58       ??_C@_07ECCMAILA@?$FLCLASS?$FN?$AA@ 010e1d38     shell.o
2727	PENDING	000b:0001eb64       ??_C@_07HHIEGFGI@?$FLSTART?$FN?$AA@ 010e1d44     shell.o
2728	PENDING	000b:0001eb70       ??_C@_0L@HBDHBCHM@togglemenu?$AA@ 010e1d50     shell.o
2729	PENDING	000b:0001eb80       ??_C@_08CBODNFIJ@?$FLSELECT?$FN?$AA@ 010e1d60     shell.o
2730	PENDING	000b:0001eb8c       ??_C@_0N@CLFONJNG@?$FLLEAN_RIGHT?$FN?$AA@ 010e1d6c     shell.o
2731	PENDING	000b:0001eb9c       ??_C@_0M@HPDHGBCB@?$FLLEAN_LEFT?$FN?$AA@ 010e1d7c     shell.o
2732	PENDING	000b:0001ebac       ??_C@_08IJHOKAF@weapnext?$AA@ 010e1d8c     shell.o
2733	PENDING	000b:0001ebb8       ??_C@_0O@JMBFBJMC@?$FLWEAPON_SWAP?$FN?$AA@ 010e1d98     shell.o
2734	PENDING	000b:0001ebc8       ??_C@_0O@GEKBOEIH@?$FLSTANCE_DOWN?$FN?$AA@ 010e1da8     shell.o
2735	PENDING	000b:0001ebd8       ??_C@_0M@GCNBMDAG@?$FLSTANCE_UP?$FN?$AA@ 010e1db8     shell.o
2736	PENDING	000b:0001ebe8       ??_C@_08BBNGKGEN@?$FLRELOAD?$FN?$AA@ 010e1dc8     shell.o
2737	PENDING	000b:0001ebf4       ??_C@_08BKEDDANH@?$FLSPRINT?$FN?$AA@ 010e1dd4     shell.o
2738	PENDING	000b:0001ec00       ??_C@_0N@MDJBKDHI@?$FLTOGGLE_AIM?$FN?$AA@ 010e1de0     shell.o
2739	PENDING	000b:0001ec10       ??_C@_09NLLBJDCA@?$FLGRENADE?$FN?$AA@ 010e1df0     shell.o
2740	PENDING	000b:0001ec1c       ??_C@_07KAFFDBBF@?$FLMELEE?$FN?$AA@ 010e1dfc     shell.o
2741	PENDING	000b:0001ec28       ??_C@_05NMKMPNKM@?$FLAIM?$FN?$AA@ 010e1e08     shell.o
2742	PENDING	000b:0001ec30       ??_C@_08NDKLLGNO@?$FLATTACK?$FN?$AA@ 010e1e10     shell.o
2743	PENDING	000b:0001ec3c       ??_C@_0L@NLBAOEGN@?$FLACTIVATE?$FN?$AA@ 010e1e1c     shell.o
2744	PENDING	000b:0001ec4c       ??_C@_05HIHLCKKN@?$FLUSE?$FN?$AA@ 010e1e2c     shell.o
2745	PENDING	000b:0001ec54       ??_C@_0BM@JHIFCPEL@MultiLineString?5is?5too?5long?$AA@ 010e1e34     shell.o
2746	PENDING	000b:0001ec78       ??_C@_02JOGGLHBA@?2n?$AA@  010e1e58     shell.o
2747	PENDING	000b:0001ec84       ??_7InGameOptionsMenu@@6B@ 010e1e64     shell.o
2748	PENDING	000b:0001edbc       ??_7AARInGameOptionsMenu@@6B@ 010e1f9c     shell.o
2749	PENDING	000b:0001eef0       ??_C@_0CH@EIHEJHLO@c?3?2cod?2code?2game?2InGameOptionsMe@ 010e20d0     shell.o
2750	PENDING	000b:0001ef20       ??_C@_0CD@OPIFCDPF@This?5funtion?5should?5not?5be?5calle@ 010e2100     shell.o
2751	PENDING	000b:0001ef50       ??_7FEManager@@6B@         010e2130     shell.o
2752	PENDING	000b:0001ef58       __real@35b70631            010e2138     shell.o
2753	PENDING	000b:0001ef5c       ??_C@_0BB@NFAPJDII@INGAME_TWO_YEARS?$AA@ 010e213c     shell.o
2754	PENDING	000b:0001ef70       ??_C@_0BP@FLMEAMHJ@c?3?2cod?2code?2game?2FEManager?4cpp?$AA@ 010e2150     shell.o
2755	PENDING	000b:0001ef98       __real@3ca3d70b            010e2178     shell.o
2756	PENDING	000b:0001efa4       ??_7FEMenuSystem@@6B@      010e2184     shell.o
2757	PENDING	000b:0001f058       ??_C@_0N@NMMJFMIL@count?5?$DM?5size?$AA@ 010e2238     shell.o
2758	PENDING	000b:0001f068       ??_C@_0BM@CIIJHJPN@c?3?2cod?2code?2game?2FEMenu?4cpp?$AA@ 010e2248     shell.o
2759	PENDING	000b:0001f08c       ??_C@_0BB@EGOJHJBM@background?5?$DN?$DN?5?91?$AA@ 010e226c     shell.o
2760	PENDING	000b:0001f0a0       ??_C@_0O@BHMPBKG@m_active?5?$DO?$DN?50?$AA@ 010e2280     shell.o
2761	PENDING	000b:0001f0b0       ??_C@_0BA@GJNFHDFJ@background?5?$DO?$DN?50?$AA@ 010e2290     shell.o
2762	PENDING	000b:0001f0c4       ??_C@_0BK@CKCFKGDM@mNumOptions?5?$DM?5mMaxOptions?$AA@ 010e22a4     shell.o
2763	PENDING	000b:0001f0e4       ??_C@_0CA@BBMFMNPE@c?3?2cod?2code?2game?2FEComboBox?4cpp?$AA@ 010e22c4     shell.o
2764	PENDING	000b:0001f10c       ??_C@_0BE@EGIDJLAH@index?5?$DM?5mMaxOptions?$AA@ 010e22ec     shell.o
2765	PENDING	000b:0001f124       ??_C@_0BG@FAOJKHDK@index?5?$DM?5mSubItemCount?$AA@ 010e2304     shell.o
2766	PENDING	000b:0001f140       ??_C@_0CD@LNHCLMCA@c?3?2cod?2code?2game?2FEMenuListBox?4c@ 010e2320     shell.o
2767	PENDING	000b:0001f16c       ??_C@_0M@FEFIFGDN@column?5?$DM?$DN?53?$AA@ 010e234c     shell.o
2768	PENDING	000b:0001f17c       ??_C@_0BJ@MBEAMCIJ@MPFRONTEND_NOT_SIGNED_IN?$AA@ 010e235c     shell.o
2769	PENDING	000b:0001f19c       ??_C@_0BL@GFAKBLNL@MPFRONTEND_PASSCODE_NEEDED?$AA@ 010e237c     shell.o
2770	PENDING	000b:0001f1bc       ??_C@_0BJ@LOBHACEN@MPFRONTEND_SIGNIN_FAILED?$AA@ 010e239c     shell.o
2771	PENDING	000b:0001f1dc       ??_C@_0BG@MKFINKGI@MPFRONTEND_SIGNING_ON?$AA@ 010e23bc     shell.o
2772	PENDING	000b:0001f1f8       ??_C@_0BI@IGDDMOE@MPFRONTEND_SIGNED_IN_AS?$AA@ 010e23d8     shell.o
2773	PENDING	000b:0001f214       ??_C@_02KPKOKMHB@?$CFS?$AA@ 010e23f4     shell.o
2774	PENDING	000b:0001f218       ??_C@_0P@CLNKADGO@music_mainmenu?$AA@ 010e23f8     shell.o
2775	PENDING	000b:0001f230       ??_7DialogMenuDisplay@@6B@ 010e2410     shell.o
2776	PENDING	000b:0001f240       ??_C@_0BI@JNIMGKGJ@FEMENU_HELPBAR_LRSELECT?$AA@ 010e2420     shell.o
2777	PENDING	000b:0001f25c       ??_C@_0BC@LOJIMMBP@FEMENU_OP_HELPBAR?$AA@ 010e243c     shell.o
2778	PENDING	000b:0001f274       ??_C@_0BL@KANMLEBC@FEMENU_COP_STICK_FORWARDLB?$AA@ 010e2454     shell.o
2779	PENDING	000b:0001f298       ??_7InsertRemoveObserver@MemoryUnitManager@@6B@ 010e2478     shell.o
2780	PENDING	000b:0001f2a4       ??_7ProfileManager@@6B@    010e2484     shell.o
2781	PENDING	000b:0001f2ac       ??_C@_0CF@LLIGHLNA@Profile?5Manager?5illegal?5status?5r@ 010e248c     shell.o
2782	PENDING	000b:0001f2d8       ??_C@_0BL@KBHKNEPF@GetStatus?$CI?$CJ?5?$CB?$DN?5kStatusBusy?$AA@ 010e24b8     shell.o
2783	PENDING	000b:0001f2f8       ??_C@_0CE@JGNCBGEH@c?3?2cod?2code?2game?2ProfileManager?4@ 010e24d8     shell.o
2784	PENDING	000b:0001f324       ??_C@_0P@EEBONKNM@?$CFs?$CFi?3?$CFs?$CFi?3?$CFs?$CFi?$AA@ 010e2504     shell.o
2785	PENDING	000b:0001f338       ??_C@_0BO@LKEMEGH@0?5?$CG?$CG?5?$CCSecond?5value?5incorrect?$CC?$AA@ 010e2518     shell.o
2786	PENDING	000b:0001f35c       ??_C@_0BO@ODDHHGF@0?5?$CG?$CG?5?$CCMinute?5value?5incorrect?$CC?$AA@ 010e253c     shell.o
2787	PENDING	000b:0001f380       ??_C@_0BM@HCFPIKOG@0?5?$CG?$CG?5?$CCHour?5value?5incorrect?$CC?$AA@ 010e2560     shell.o
2788	PENDING	000b:0001f3a4       ??_C@_0BL@OBIOABAI@0?5?$CG?$CG?5?$CCDay?5value?5incorrect?$CC?$AA@ 010e2584     shell.o
2789	PENDING	000b:0001f3c4       ??_C@_0BN@LEDGHPNM@0?5?$CG?$CG?5?$CCMonth?5value?5incorrect?$CC?$AA@ 010e25a4     shell.o
2790	PENDING	000b:0001f3e8       ??_C@_0BP@JPKCFOEP@c?3?2cod?2code?2game?2game_data?4cpp?$AA@ 010e25c8     shell.o
2791	PENDING	000b:0001f414       ??_7Observer@MemoryUnitManager@@6B@ 010e25f4     shell.o
2792	PENDING	000b:0001f420       ??_7GameSettings@@6B@      010e2600     shell.o
2793	PENDING	000b:0001f42c       ??_C@_0BH@HJDDGGAG@something?5bad?5happened?$AA@ 010e260c     shell.o
2794	PENDING	000b:0001f448       ??_C@_07FILKFJP@8?901?906?$AA@ 010e2628     shell.o
2795	PENDING	000b:0001f454       ??_C@_09KPLHEMOA@8?901?906CE?$AA@ 010e2634     shell.o
2796	PENDING	000b:0001f460       ??_C@_0EF@MMIOLKAJ@sv?9?$DOmStubData?4mSaveGameSlot?5?$DO?$DN?50@ 010e2640     shell.o
2797	PENDING	000b:0001f4b4       ??_C@_08IJFOJCPI@Profiles?$AA@ 010e2694     shell.o
2798	PENDING	000b:0001f4c0       ??_C@_0BN@CIEFMDOM@MEM_ERROR_NOT_ENOUGH_BLOCKS2?$AA@ 010e26a0     shell.o
2799	PENDING	000b:0001f4e4       ??_C@_0BN@DGIJACP@MEM_ERROR_NOT_ENOUGH_BLOCKS1?$AA@ 010e26c4     shell.o
2800	PENDING	000b:0001f508       ??_C@_0CE@DAJOKKDG@c?3?2cod?2code?2game?2stringed_hooks?4@ 010e26e8     shell.o
2801	PENDING	000b:0001f534       ??_C@_05MPOHOFNH@?$FO1?$CJ?$FO7?$AA@ 010e2714     shell.o
2802	PENDING	000b:0001f53c       ??_C@_0BB@OGOJOLGD@?$FO1UNLOCALIZED?$CI?$FO7?$AA@ 010e271c     shell.o
2803	PENDING	000b:0001f550       ??_C@_0DA@LOIICJJK@?$FO3WARNING?3?5Could?5not?5translate?5e@ 010e2730     shell.o
2804	PENDING	000b:0001f58c       ??_C@_0CE@PDFOHFBO@Could?5not?5translate?5exe?5string?5?$CC@ 010e276c     shell.o
2805	PENDING	000b:0001f5b8       ??_C@_0DB@OBJKNNGG@?$FO3WARNING?3?5Could?5not?5translate?5p@ 010e2798     shell.o
2806	PENDING	000b:0001f5f4       ??_C@_0CF@MKALDFFD@Could?5not?5translate?5part?5of?5?$CFs?3?5@ 010e27d4     shell.o
2807	PENDING	000b:0001f620       ??_C@_0CD@JHICHOOC@?$CFs?5too?5long?5when?5translated?3?5?$CC?$CFs@ 010e2800     shell.o
2808	PENDING	000b:0001f64c       ??_C@_0CC@LAHCIDBF@?$CFs?5too?5long?5when?5translated?3?5?$CC?$CFs@ 010e282c     shell.o
2809	PENDING	000b:0001f674       ??_C@_02CBLDBPFN@?1?1?$AA@ 010e2854     shell.o
2810	PENDING	000b:0001f678       ??_C@_02PCIJFNDE@?$AN?6?$AA@ 010e2858     shell.o
2811	PENDING	000b:0001f684       ??_7FEMultiLineText@@6B@   010e2864     shell.o
2812	PENDING	000b:0001f864       ??_C@_0CD@MJINMNL@UIListBoxItem?3?5State?5index?5inval@ 010e2a44     shell.o
2813	PENDING	000b:0001f890       ??_C@_0CD@NEPNNJIA@state?5?$DO?$DN?50?5?$CG?$CG?5state?5?$DM?$DN?5mStateCou@ 010e2a70     shell.o
2814	PENDING	000b:0001f8bc       ??_C@_0CC@MCGAFFNL@state?5?$DO?$DN?50?5?$CG?$CG?5state?5?$DM?5mStateCoun@ 010e2a9c     shell.o
2815	PENDING	000b:0001f8e4       ??_C@_0CD@IIBPODMP@UIListBoxRow?3?5Column?5index?5inval@ 010e2ac4     shell.o
2816	PENDING	000b:0001f910       ??_C@_0CF@OLHEHOJE@column?5?$DO?$DN?50?5?$CG?$CG?5column?5?$DM?5mColumnC@ 010e2af0     shell.o
2817	PENDING	000b:0001f93c       ??_C@_07PKFONIJM@?$CFi?3?$CF02i?$AA@ 010e2b1c     shell.o
2818	PENDING	000b:0001f948       ??_C@_0N@LAFMMMOE@?$CFi?3?$CF02i?3?$CF02i?$AA@ 010e2b28     shell.o
2819	PENDING	000b:0001f95c       ??_7IGOActionHintWidget@@6B@ 010e2b3c     shell.o
2820	PENDING	000b:0001f98c       ??_7IGOCompassWidget@@6B@  010e2b6c     shell.o
2821	PENDING	000b:0001f9b8       __real@c6ea6000            010e2b98     shell.o
2822	PENDING	000b:0001f9bc       __real@46ea6000            010e2b9c     shell.o
2823	PENDING	000b:0001f9c0       __real@40600000            010e2ba0     shell.o
2824	PENDING	000b:0001f9c4       __real@3c37e6ec            010e2ba4     shell.o
2825	PENDING	000b:0001f9c8       __real@45992000            010e2ba8     shell.o
2826	PENDING	000b:0001f9cc       ??_C@_0BF@DLHIFOGN@INGAME_HEALTH_PICKUP?$AA@ 010e2bac     shell.o
2827	PENDING	000b:0001f9e8       ??_C@_0BD@GLBKBFHB@GELA_PLANT_CHARGES?$AA@ 010e2bc8     shell.o
2828	PENDING	000b:0001fa00       ??_C@_0BN@LGIBOLIB@Press?5?$FLUSE?$FN?5to?5plant?5charge?4?$AA@ 010e2be0     shell.o
2829	PENDING	000b:0001fa24       ??_C@_0CA@JPPBBBDD@INGAME_XBOX_LMG_MOUNTPOINT_PULL?$AA@ 010e2c04     shell.o
2830	PENDING	000b:0001fa4c       ??_C@_0BK@PCJOPIJE@INGAME_PS2_LMG_MOUNTPOINT?$AA@ 010e2c2c     shell.o
2831	PENDING	000b:0001fa6c       ??_C@_0CD@BKJIOFMD@INGAME_XBOX_LMG_MOUNTPOINT_CLICK@ 010e2c4c     shell.o
2832	PENDING	000b:0001fa98       ??_C@_0CD@MONJNKBM@INGAME_XBOX_LMG_MOUNTPOINT_CLICK@ 010e2c78     shell.o
2833	PENDING	000b:0001fac4       ??_C@_0BP@FIJFOJBN@MPCTF_PRESS_USE_TO_PICKUP_FLAG?$AA@ 010e2ca4     shell.o
2834	PENDING	000b:0001faec       ??_C@_0BC@IAAMMKCM@MPGAME_PICKUP_KIT?$AA@ 010e2ccc     shell.o
2835	PENDING	000b:0001fb04       ??_C@_0N@MBPJKHHB@MPGAME_SCOUT?$AA@ 010e2ce4     shell.o
2836	PENDING	000b:0001fb14       ??_C@_0BB@POOPDDMD@MPGAME_ANTIARMOR?$AA@ 010e2cf4     shell.o
2837	PENDING	000b:0001fb28       ??_C@_0P@HGAPJLNP@MPGAME_SUPPORT?$AA@ 010e2d08     shell.o
2838	PENDING	000b:0001fb3c       ??_C@_0N@LANLGILJ@MPGAME_MEDIC?$AA@ 010e2d1c     shell.o
2839	PENDING	000b:0001fb4c       ??_C@_0BA@GMLCMHJF@MPGAME_RIFLEMAN?$AA@ 010e2d2c     shell.o
2840	PENDING	000b:0001fb60       ??_C@_0BA@LFFOLBEF@MPGAME_INFANTRY?$AA@ 010e2d40     shell.o
2841	PENDING	000b:0001fb74       ??_C@_0P@NJEJGNKO@MPGAME_ASSAULT?$AA@ 010e2d54     shell.o
2842	PENDING	000b:0001fb88       ??_C@_0BK@FGABMALN@INGAME_SWAP_WEAPONS_PS2MP?$AA@ 010e2d68     shell.o
2843	PENDING	000b:0001fba8       __real@3bda740e            010e2d88     shell.o
2844	PENDING	000b:0001fbac       ??_C@_0DK@NMPNAMKH@Cant?5use?5PanelQuad?3?3CopyFrom2?5wi@ 010e2d8c     shell.o
2845	PENDING	000b:0001fbf4       ??_C@_0BN@FKHCGMEF@pq?9?$DOpqs?4size?$CI?$CJ?5?$DN?$DN?5pqs?4size?$CI?$CJ?$AA@ 010e2dd4     shell.o
2846	PENDING	000b:0001fc18       ??_C@_0EH@ECCBBCOD@pqs?4size?$CI?$CJ?5?$DN?$DN?51?5?$CG?$CG?5?$CCCannot?5mask?5@ 010e2df8     shell.o
2847	PENDING	000b:0001fc70       ??_C@_09CPIKOEEO@Overflow?$CB?$AA@ 010e2e50     shell.o
2848	PENDING	000b:0001fc7c       ??_C@_0O@GGAIHFCE@end?9start?$DM256?$AA@ 010e2e5c     shell.o
2849	PENDING	000b:0001fc8c       ??_C@_0O@IOEAKOE@Missing?5font?$CB?$AA@ 010e2e6c     shell.o
2850	PENDING	000b:0001fc9c       ??_C@_0BH@HNIHOGFE@g_femanager?4GetFont?$CIf?$CJ?$AA@ 010e2e7c     shell.o
2851	PENDING	000b:0001fcb8       ??_C@_0EK@OOBDOBGM@AdjustForJustification?3?5Could?5no@ 010e2e98     shell.o
2852	PENDING	000b:0001fd10       ??_C@_0DA@JNFACNAK@AdjustForJustification?3?5Could?5no@ 010e2ef0     shell.o
2853	PENDING	000b:0001fd4c       ??_C@_05PIPDEDPJ@pFont?$AA@ 010e2f2c     shell.o
2854	PENDING	000b:0001fd54       ??_C@_0BD@CFDIOOMP@text_timer_numbers?$AA@ 010e2f34     shell.o
2855	PENDING	000b:0001fd70       __real@41f0000000000000    010e2f50     shell.o
2856	PENDING	000b:0001fd7c       ??_C@_0P@DLDNNDHB@INGAME_LOADING?$AA@ 010e2f5c     shell.o
2857	PENDING	000b:0001fd90       ??_C@_0BN@NINFHBGH@GAME_DAMAGED_DISC_XBOX_LINEB?$AA@ 010e2f70     shell.o
2858	PENDING	000b:0001fdb4       ??_C@_0BN@PDPICCKE@GAME_DAMAGED_DISC_XBOX_LINEA?$AA@ 010e2f94     shell.o
2859	PENDING	000b:0001fddc       ??_7FEMenu@@6B@            010e2fbc     shell.o
2860	PENDING	000b:0001ff0c       ??_C@_0CC@GABDCHBH@index?5?$DO?$DN?50?5?$CG?$CG?5index?5?$DM?5num_entrie@ 010e30ec     shell.o
2861	PENDING	000b:0001ff34       ??_C@_09KGIDLHIG@UI_Select?$AA@ 010e3114     shell.o
2862	PENDING	000b:0001ff40       ??_C@_0N@PNAKHBNK@UI_Highlight?$AA@ 010e3120     shell.o
2863	PENDING	000b:0001ff50       ??_C@_0N@MJPGFCK@index?5?$DM?5size?$AA@ 010e3130     shell.o
2864	PENDING	000b:0001ff64       ??_7FEComboBox@@6B@        010e3144     shell.o
2865	PENDING	000b:00020064       ??_7FESlider@@6B@          010e3244     shell.o
2866	PENDING	000b:00020160       ??_C@_04GIEKMHA@?$CFi?$CFc?$AA@ 010e3340     shell.o
2867	PENDING	000b:0002016c       ??_7FEDoubleEntry@@6B@     010e334c     shell.o
2868	PENDING	000b:00020268       ??_C@_0BK@FKJKOJFB@itemIndex?5?$DM?5mItems?4size?$CI?$CJ?$AA@ 010e3448     shell.o
2869	PENDING	000b:00020288       ??_C@_0DP@INCJLEIP@FEMenuListBox?3?3SetCurrentSelecti@ 010e3468     shell.o
2870	PENDING	000b:000202dc       ??_7FrontEndMenuSystem@@6B@ 010e34bc     shell.o
2871	PENDING	000b:00020390       ??_C@_0BB@DOBNHOFG@main_back_bottom?$AA@ 010e3570     shell.o
2872	PENDING	000b:000203a4       ??_C@_0O@LNFDHGCP@main_back_top?$AA@ 010e3584     shell.o
2873	PENDING	000b:000203b4       ??_C@_0L@COLGALFC@login_text?$AA@ 010e3594     shell.o
2874	PENDING	000b:000203c4       ??_C@_0L@OCDKAHCJ@text_title?$AA@ 010e35a4     shell.o
2875	PENDING	000b:000203d4       ??_C@_09FOPNNAIE@text_body?$AA@ 010e35b4     shell.o
2876	PENDING	000b:000203e0       ??_C@_0BD@CHIFCOIF@MP_PM_xblive?4PANEL?$AA@ 010e35c0     shell.o
2877	PENDING	000b:000203f8       ??_C@_0BK@MLAFJNKE@MP_PM_sideselection?4PANEL?$AA@ 010e35d8     shell.o
2878	PENDING	000b:00020418       ??_C@_0BL@HAAAJLC@MP_ingame_scoreboard?4panel?$AA@ 010e35f8     shell.o
2879	PENDING	000b:00020438       ??_C@_0BH@NDFEELCO@MP_SS_PM_textbox?4PANEL?$AA@ 010e3618     shell.o
2880	PENDING	000b:00020454       ??_C@_0BO@LBOBDBFP@SP_small_textbox_ingame?4PANEL?$AA@ 010e3634     shell.o
2881	PENDING	000b:00020478       ??_C@_0BD@EEJOJBJE@MP_spectator?4panel?$AA@ 010e3658     shell.o
2882	PENDING	000b:00020490       ??_C@_0BM@BCHHDMME@MP_SS_PM_options_view?4PANEL?$AA@ 010e3670     shell.o
2883	PENDING	000b:000204b4       ??_C@_0BM@LICGOBEJ@MP_SS_PM_options_edit?4PANEL?$AA@ 010e3694     shell.o
2884	PENDING	000b:000204d8       ??_C@_0BH@MLIPNIMG@MP_PM_controller?4PANEL?$AA@ 010e36b8     shell.o
2885	PENDING	000b:000204f4       ??_C@_0BG@NFCJDPPP@MP_class_select?4panel?$AA@ 010e36d4     shell.o
2886	PENDING	000b:00020510       ??_C@_0BK@OMBDEEBH@MP_SS_PM_background?4PANEL?$AA@ 010e36f0     shell.o
2887	PENDING	000b:00020530       ??_C@_0BH@IMHBBOIO@MP_SS_PM_options?4PANEL?$AA@ 010e3710     shell.o
2888	PENDING	000b:0002054c       ??_C@_0BF@CLPEEKPD@MP_PM_mainmenu?4PANEL?$AA@ 010e372c     shell.o
2889	PENDING	000b:00020568       ??_C@_0BE@KLMIBAG@MP_PM_GS_view?4PANEL?$AA@ 010e3748     shell.o
2890	PENDING	000b:00020580       ??_C@_0BE@KAONFMIL@MP_PM_GS_edit?4PANEL?$AA@ 010e3760     shell.o
2891	PENDING	000b:00020598       ??_C@_0BF@PACBGLNE@MEM_PROFILE_GAMEPLAY?$AA@ 010e3778     shell.o
2892	PENDING	000b:000205b4       ??_C@_0BK@BFJGNDA@NULL?5profile?5being?5edited?$AA@ 010e3794     shell.o
2893	PENDING	000b:000205d4       ??_C@_07LNMDFKEJ@profile?$AA@ 010e37b4     shell.o
2894	PENDING	000b:000205e0       ??_C@_0CJ@MOPIIIDB@c?3?2cod?2code?2game?2OptionsGameplay@ 010e37c0     shell.o
2895	PENDING	000b:00020614       ??_C@_0CI@HPPBHJFD@No?5button?5mapping?5found?5for?5acti@ 010e37f4     shell.o
2896	PENDING	000b:00020644       ??_C@_0CH@HMKJDKEJ@c?3?2cod?2code?2game?2OptionsButtonMe@ 010e3824     shell.o
2897	PENDING	000b:00020674       ??_C@_0BE@GMDJOHN@FEMENU_HELPBAR_BACK?$AA@ 010e3854     shell.o
2898	PENDING	000b:0002068c       ??_C@_0BF@BDLJMBLI@Bad?5Tip?5string?5index?$AA@ 010e386c     shell.o
2899	PENDING	000b:000206a8       ??_C@_0CJ@LLPNCBHG@strcmp?$CItipString?0?5?$CCSTRING?5MISSIN@ 010e3888     shell.o
2900	PENDING	000b:000206dc       ??_C@_0BC@GFNHBCIN@Invalid?5tip?5index?$AA@ 010e38bc     shell.o
2901	PENDING	000b:000206f4       ??_C@_0CE@LMILMPEF@mTipArrays?$FLarrayIndex?$FN?4mCount?5?$DO?5@ 010e38d4     shell.o
2902	PENDING	000b:00020720       ??_C@_0BC@PEPEFNPM@No?5tips?5available?$AA@ 010e3900     shell.o
2903	PENDING	000b:00020738       ??_C@_0CC@FEKHMCAN@mTipArrays?$FLarrayIndex?$FN?4mCount?5?$DO?5@ 010e3918     shell.o
2904	PENDING	000b:00020760       ??_C@_0BI@IDHMAACO@game?5type?5index?5invalid?$AA@ 010e3940     shell.o
2905	PENDING	000b:0002077c       ??_C@_0DA@LABEBFOE@arrayIndex?5?$DO?$DN?50?5?$CG?$CG?5arrayIndex?5?$DM?5@ 010e395c     shell.o
2906	PENDING	000b:000207b8       ??_C@_0CB@NFMOMBDF@c?3?2cod?2code?2game?2InGameMenus?4cpp@ 010e3998     shell.o
2907	PENDING	000b:000207e0       ??_C@_0CD@DALCHODK@CGAME_XBOX_CONTROLLER_DISCONNECT@ 010e39c0     shell.o
2908	PENDING	000b:0002080c       ??_C@_0M@OOOMEGLC@profileName?$AA@ 010e39ec     shell.o
2909	PENDING	000b:0002081c       ??_C@_0BG@PNKBBCJJ@FEMENU_CREATE_SESSION?$AA@ 010e39fc     shell.o
2910	PENDING	000b:00020838       ??_C@_0O@NPKBDGLN@CreateProfile?$AA@ 010e3a18     shell.o
2911	PENDING	000b:00020848       ??_C@_07DMIPCGBD@UI_Type?$AA@ 010e3a28     shell.o
2912	PENDING	000b:00020854       ??_C@_0BH@GGJHMGDB@FEMENU_HELPBAR_MANAGER?$AA@ 010e3a34     shell.o
2913	PENDING	000b:00020870       ??_C@_0BN@EPLAOGDC@MEM_PROFILE_CURRENTLYEDITING?$AA@ 010e3a50     shell.o
2914	PENDING	000b:00020894       ??_C@_0CF@NOCKOGLL@c?3?2cod?2code?2game?2ProfileEditMenu@ 010e3a74     shell.o
2915	PENDING	000b:000208c0       ??_C@_04IEEEMLJF@Alex?$AA@ 010e3aa0     shell.o
2916	PENDING	000b:000208c8       ??_C@_0CC@DJHLDECG@SetItemState?5invalid?5column?5inde@ 010e3aa8     shell.o
2917	PENDING	000b:000208f0       ??_C@_0CL@PEJFAHA@column?5?$DO?$DN?50?5?$CG?$CG?5column?5?$DM?$DN?5mItemCo@ 010e3ad0     shell.o
2918	PENDING	000b:00020924       ??_C@_0BP@MMJOMF@SetItemState?5invalid?5row?5index?$AA@ 010e3b04     shell.o
2919	PENDING	000b:0002094c       ??_C@_0CC@CBJFEPNB@row?5?$DO?$DN?50?5?$CG?$CG?5row?5?$DM?$DN?5mDataRowsCoun@ 010e3b2c     shell.o
2920	PENDING	000b:00020974       ??_C@_0BP@HKLBBMGD@c?3?2cod?2code?2game?2UIListBox?4cpp?$AA@ 010e3b54     shell.o
2921	PENDING	000b:0002099c       ??_C@_0BM@BELFCKDH@0?5?$DM?$DN?5idx?5?$CG?$CG?5idx?5?$DM?$DN?5length?$CI?$CJ?$AA@ 010e3b7c     shell.o
2922	PENDING	000b:000209c0       ??_C@_0BN@PGEKDKG@?4?4?1ae?2core?1ae_fixed_string?4h?$AA@ 010e3ba0     shell.o
2923	PENDING	000b:000209e4       ??_C@_0DF@GKHMHEDK@UIListBoxItem?3?5State?5count?5must?5@ 010e3bc4     shell.o
2924	PENDING	000b:00020a24       ??_C@_09DMMLFBJB@count?5?$DO?50?$AA@ 010e3c04     shell.o
2925	PENDING	000b:00020a30       ??_C@_09HDMFLAFJ@fuelplant?$AA@ 010e3c10     shell.o
2926	PENDING	000b:00020a3c       ??_C@_07LDEBEMNF@hostage?$AA@ 010e3c1c     shell.o
2927	PENDING	000b:00020a48       ??_C@_09BAGPDMDD@nightdrop?$AA@ 010e3c28     shell.o
2928	PENDING	000b:00020a54       __real@3a9d4952            010e3c34     shell.o
2929	PENDING	000b:00020a58       ??_C@_0O@FJBAMDCN@sb_timer_text?$AA@ 010e3c38     shell.o
2930	PENDING	000b:00020a68       ??_C@_0P@PMPJEMAO@UNKNOWN_STRING?$AA@ 010e3c48     shell.o
2931	PENDING	000b:00020a7c       ??_C@_0CD@EPLJNGHP@MPGAME_TANK_EXIT_BLOCKED_BY_MANT@ 010e3c5c     shell.o
2932	PENDING	000b:00020aa8       ??_C@_0BO@GAPPPMBB@MPGAME_MEDIC_NOBODY_TO_REVIVE?$AA@ 010e3c88     shell.o
2933	PENDING	000b:00020acc       ??_C@_0BF@FOKBNCIF@MPGAME_PRONE_BLOCKED?$AA@ 010e3cac     shell.o
2934	PENDING	000b:00020ae8       __real@3f7fbe77            010e3cc8     shell.o
2935	PENDING	000b:00020aec       __real@3f200000            010e3ccc     shell.o
2936	PENDING	000b:00020af0       __real@422f0000            010e3cd0     shell.o
2937	PENDING	000b:00020af4       ??_C@_0CI@NFMKKOCE@old_width?5?$CB?$DN?50?40f?5?$CG?$CG?5old_height?5@ 010e3cd4     shell.o
2938	PENDING	000b:00020b24       ??_C@_0CG@GIDNJCDL@c?3?2cod?2code?2game?2subtitle_manage@ 010e3d04     shell.o
2939	PENDING	000b:00020b54       ??_C@_0N@MOOHJHGH@TOO?5LONG?3?5?$CFs?$AA@ 010e3d34     shell.o
2940	PENDING	000b:00020b64       ??_C@_08GDLIBIFG@?$CFs_?$CFs_?$CFd?$AA@ 010e3d44     shell.o
2941	PENDING	000b:00020b70       ??_C@_0CG@EKGDBIL@button_array?5?$CG?$CG?5button_array_siz@ 010e3d50     shell.o
2942	PENDING	000b:00020ba0       ??_C@_0BI@MMECKLEI@dont?5pass?5in?5paths?5foo?$CB?$AA@ 010e3d80     shell.o
2943	PENDING	000b:00020bbc       ??_C@_0BL@GBLAGIOE@fontName?4find?$CI?5?8?2?2?8?$CJ?5?$DN?$DN?5?91?$AA@ 010e3d9c     shell.o
2944	PENDING	000b:00020bdc       ??_C@_0CB@OHDOKGNL@dont?5pass?5in?5an?5empty?5input?5foo?$CB@ 010e3dbc     shell.o
2945	PENDING	000b:00020c04       ??_C@_0CB@EIOGJBK@?$CBfontName?4empty?$CI?$CJ?5?$CG?$CG?5fontName?$FL0?$FN@ 010e3de4     shell.o
2946	PENDING	000b:00020c2c       ??_C@_0BB@NIHAHAIN@i_helvetica_bold?$AA@ 010e3e0c     shell.o
2947	PENDING	000b:00020c40       ??_C@_0BD@CGJJNCGN@Invalid?5Panel?5File?$AA@ 010e3e20     shell.o
2948	PENDING	000b:00020c58       ??_C@_0BI@EMEEAANF@SP_OP_editprofile?4panel?$AA@ 010e3e38     shell.o
2949	PENDING	000b:00020c74       ??_C@_0BF@KFHKHBPO@SP_OP_mainmenu?4panel?$AA@ 010e3e54     shell.o
2950	PENDING	000b:00020c90       ??_C@_0BJ@OCGDODIJ@SP_OP_screen_gamma?4panel?$AA@ 010e3e70     shell.o
2951	PENDING	000b:00020cb0       ??_C@_0BK@HAFIJCEL@SP_OP_con_button_XB?4panel?$AA@ 010e3e90     shell.o
2952	PENDING	000b:00020cd0       ??_C@_0BJ@IBELOBAE@SP_OP_con_stick_XB?4panel?$AA@ 010e3eb0     shell.o
2953	PENDING	000b:00020cf0       ??_C@_0BE@PEIMBKNL@SP_OP_pref_QM?4panel?$AA@ 010e3ed0     shell.o
2954	PENDING	000b:00020d08       ??_C@_0BC@FBKNDELK@SP_OP_sound?4panel?$AA@ 010e3ee8     shell.o
2955	PENDING	000b:00020d20       ??_C@_0BD@OJHKMONN@SP_OP_screen?4panel?$AA@ 010e3f00     shell.o
2956	PENDING	000b:00020d38       ??_C@_0BF@DNDGKAPG@SP_OP_con_main?4panel?$AA@ 010e3f18     shell.o
2957	PENDING	000b:00020d54       ??_C@_0BF@GCDPLKOI@SP_OP_gameplay?4panel?$AA@ 010e3f34     shell.o
2958	PENDING	000b:00020d70       ??_C@_0BO@GIDAIFAE@MP_Xbox_system_link_CGA?4PANEL?$AA@ 010e3f50     shell.o
2959	PENDING	000b:00020d94       ??_C@_0BN@LANHGEPF@MP_creategame_advanced?4PANEL?$AA@ 010e3f74     shell.o
2960	PENDING	000b:00020db8       ??_C@_0BD@GMKHDAIN@login_status?4panel?$AA@ 010e3f98     shell.o
2961	PENDING	000b:00020dd0       ??_C@_0BA@EOMDPOPB@join_game?4panel?$AA@ 010e3fb0     shell.o
2962	PENDING	000b:00020de4       ??_C@_0BK@BEJNFIFI@MP_Xbox_liveoptions?4PANEL?$AA@ 010e3fc4     shell.o
2963	PENDING	000b:00020e04       ??_C@_0CE@MDJOOPAO@error_controller_disconnected?4pa@ 010e3fe4     shell.o
2964	PENDING	000b:00020e30       ??_C@_0BJ@LFJFKDDF@createprofile_menu?4panel?$AA@ 010e4010     shell.o
2965	PENDING	000b:00020e50       ??_C@_0BH@BFKJJCN@mp_loadingscreen?4panel?$AA@ 010e4030     shell.o
2966	PENDING	000b:00020e6c       ??_C@_0BA@FBEGKJIG@hud_icons?4panel?$AA@ 010e404c     shell.o
2967	PENDING	000b:00020e80       ??_C@_0N@NNKDDFBL@hud_mp?4panel?$AA@ 010e4060     shell.o
2968	PENDING	000b:00020e90       ??_C@_0P@PLDCLAIF@hud_menu?4panel?$AA@ 010e4070     shell.o
2969	PENDING	000b:00020ea4       ??_C@_0BP@KNBELGNB@multiline_ingame_overlay?4panel?$AA@ 010e4084     shell.o
2970	PENDING	000b:00020ecc       ??_C@_0CB@DKPCEGGF@multiline_frontend_overlay?4panel@ 010e40ac     shell.o
2971	PENDING	000b:00020ef4       ??_C@_0CA@GHDNAIMA@SP_small_textbox_frontend?4PANEL?$AA@ 010e40d4     shell.o
2972	PENDING	000b:00020f1c       ??_C@_0BN@GHIBGEC@MP_Xbox_system_link_GL?4PANEL?$AA@ 010e40fc     shell.o
2973	PENDING	000b:00020f40       ??_C@_0BC@NNGEEJKM@MP_gamelist?4PANEL?$AA@ 010e4120     shell.o
2974	PENDING	000b:00020f58       ??_C@_0BG@FAJCMDEG@session_details?4panel?$AA@ 010e4138     shell.o
2975	PENDING	000b:00020f74       ??_C@_0BC@LENDLLHP@press_start?4panel?$AA@ 010e4154     shell.o
2976	PENDING	000b:00020f8c       ??_C@_0BC@EBNHGANE@MP_mainmenu?4PANEL?$AA@ 010e416c     shell.o
2977	PENDING	000b:00020fa4       ??_C@_0BK@MHHIDFLG@MP_Xbox_system_link?4PANEL?$AA@ 010e4184     shell.o
2978	PENDING	000b:00020fc4       ??_C@_0BN@FCAGCAJG@initial_loading_screen?4panel?$AA@ 010e41a4     shell.o
2979	PENDING	000b:00020fe8       ??_C@_0BN@EMGJBOFH@MP_Xbox_system_link_FG?4PANEL?$AA@ 010e41c8     shell.o
2980	PENDING	000b:0002100c       ??_C@_0BM@FJIOGPDI@MP_findgame_optimatch?4PANEL?$AA@ 010e41ec     shell.o
2981	PENDING	000b:00021030       ??_C@_0BI@KECFLAIC@MP_SS_creatematch?4PANEL?$AA@ 010e4210     shell.o
2982	PENDING	000b:0002104c       ??_C@_0BN@GPOFLBI@MP_Xbox_system_link_CG?4PANEL?$AA@ 010e422c     shell.o
2983	PENDING	000b:00021070       ??_C@_0BE@EINCOAAM@MP_creategame?4PANEL?$AA@ 010e4250     shell.o
2984	PENDING	000b:00021088       ??_C@_0BG@JAMNGOAM@MP_pre_mainmenu?4PANEL?$AA@ 010e4268     shell.o
2985	PENDING	000b:000210a4       ??_C@_0BF@JNCFNDGC@instant_action?4panel?$AA@ 010e4284     shell.o
2986	PENDING	000b:000210c0       ??_C@_05DIALNFFA@?$CFs?5?$CFd?$AA@ 010e42a0     shell.o
2987	PENDING	000b:000210c8       ??_C@_0CD@BBNFJDFI@MPFRONTEND_NETWORK_ERROR_COUNTDO@ 010e42a8     shell.o
2988	PENDING	000b:000210f4       __real@40bfae14            010e42d4     shell.o
2989	PENDING	000b:000210f8       ??_C@_06DEPGELNG@Resume?$AA@ 010e42d8     shell.o
2990	PENDING	000b:00021100       ??_C@_0BJ@CPCPIKNK@text_option_instructions?$AA@ 010e42e0     shell.o
2991	PENDING	000b:00021120       ??_C@_0BA@KKBPACJL@FEMENU_OP_TITLE?$AA@ 010e4300     shell.o
2992	PENDING	000b:00021134       ??_C@_0N@LFMINOMN@text_helpbar?$AA@ 010e4314     shell.o
2993	PENDING	000b:00021144       ??_C@_0O@FBCLAMAJ@MEM_DIALOG_OK?$AA@ 010e4324     shell.o
2994	PENDING	000b:00021154       ??_C@_05MKGBANIN@?$CFs?9?$CFd?$AA@ 010e4334     shell.o
2995	PENDING	000b:0002115c       ??_C@_0CA@OHFAILCL@UIListBox?3?5Invalid?5row?5to?5clear?$AA@ 010e433c     shell.o
2996	PENDING	000b:00021184       ??_C@_08BLFAAPAO@row?5?$DO?$DN?50?$AA@ 010e4364     shell.o
2997	PENDING	000b:00021190       ??_C@_0CJ@MLGFIJLP@SetColumnStateCount?5invalid?5colu@ 010e4370     shell.o
2998	PENDING	000b:000211c4       ??_C@_0BH@BIGECALM@SetItem?5invalid?5FEText?$AA@ 010e43a4     shell.o
2999	PENDING	000b:000211e0       ??_C@_04CIMGMMMG@text?$AA@ 010e43c0     shell.o
3000	PENDING	000b:000211e8       ??_C@_0BN@DDDOJAMG@SetItem?5invalid?5column?5index?$AA@ 010e43c8     shell.o
3001	PENDING	000b:0002120c       ??_C@_0BK@PLHGFHOH@SetItem?5invalid?5row?5index?$AA@ 010e43ec     shell.o
3002	PENDING	000b:0002122c       ??_C@_0BK@HHLMFENJ@SetItem?5invalid?5PanelQuad?$AA@ 010e440c     shell.o
3003	PENDING	000b:0002124c       ??_C@_04OJAKJOIH@quad?$AA@ 010e442c     shell.o
3004	PENDING	000b:00021254       ??_C@_0CA@MHNEKLDJ@SetText?5invalid?5char?$CK?5passed?5in?$AA@ 010e4434     shell.o
3005	PENDING	000b:0002127c       ??_C@_0CF@DEPCJJKA@c?3?2cod?2code?2game?2UIPlayerListBox@ 010e445c     shell.o
3006	PENDING	000b:000212a8       ??_C@_0DF@NFPIOHCP@UIListBoxRow?3?5Column?5count?5must?5@ 010e4488     shell.o
3007	PENDING	000b:000212e8       ??_C@_0M@ECMKKKMK@columns?5?$DO?50?$AA@ 010e44c8     shell.o
3008	PENDING	000b:000212f8       ??_C@_0P@LODMCFIB@weapon_bazooka?$AA@ 010e44d8     shell.o
3009	PENDING	000b:0002130c       ??_C@_0BF@MKMHEPLA@weapon_panzerschreck?$AA@ 010e44ec     shell.o
3010	PENDING	000b:00021328       ??_C@_0BH@DJLGGHCF@?$CKGetPlayer?$CI?$CJ?9?$DOr?4mOwner?$AA@ 010e4508     shell.o
3011	PENDING	000b:00021344       ??_C@_0BP@DPPKKPCP@c?3?2cod?2code?2game?2IGOWidget?4cpp?$AA@ 010e4524     shell.o
3012	PENDING	000b:0002136c       __real@3fb40000            010e454c     shell.o
3013	PENDING	000b:00021370       __real@c47f0000            010e4550     shell.o
3014	PENDING	000b:00021374       ??_C@_0DJ@IJDCGJJB@Maximum?5number?5of?5grenade?5indica@ 010e4554     shell.o
3015	PENDING	000b:000213b8       ??_C@_0CJ@LJAFDNIO@c?3?2cod?2code?2game?2IGOGrenadeIndic@ 010e4598     shell.o
3016	PENDING	000b:000213ec       ??_C@_0CI@FLBNACKL@Invalid?5vehicle?5in?5IGOHeadIcons?3@ 010e45cc     shell.o
3017	PENDING	000b:0002141c       ??_C@_0DD@DGOPKMAI@?$CKplayer?9?$DOr?4mOwner?5?$CG?$CG?5player?9?$DOr?4m@ 010e45fc     shell.o
3018	PENDING	000b:0002145c       ??_C@_0CC@KGPBLPKM@c?3?2cod?2code?2game?2IGOHeadIcons?4cp@ 010e463c     shell.o
3019	PENDING	000b:00021484       __real@430c0000            010e4664     shell.o
3020	PENDING	000b:00021488       ??_C@_0BP@DINPAFJ@Players?5owner?5is?5not?5a?5vehicle?$AA@ 010e4668     shell.o
3021	PENDING	000b:000214b0       ??_C@_0BF@CHJBJMOK@vehicle?9?$DOscr_vehicle?$AA@ 010e4690     shell.o
3022	PENDING	000b:000214cc       ??_C@_0L@KHNAKNPN@BIP01?5HEAD?$AA@ 010e46ac     shell.o
3023	PENDING	000b:000214e4       ??_7PanelQuad@@6B@         010e46c4     shell.o
3024	PENDING	000b:000215ec       ??_C@_0N@HJABBOB@nwedges?5?$DO?$DN?53?$AA@ 010e47cc     shell.o
3025	PENDING	000b:000215fc       ??_C@_0BB@FOMHLBEG@strip_count?5?$DN?$DN?51?$AA@ 010e47dc     shell.o
3026	PENDING	000b:00021610       ??_C@_0BM@OBBOKAOH@Unknown?5text?5color?5type?3?5?$CFd?$AA@ 010e47f0     shell.o
3027	PENDING	000b:00021634       ??_C@_0BP@FHIDADDJ@Invalid?5panel?5color?5scheme?3?5?$CFs?$AA@ 010e4814     shell.o
3028	PENDING	000b:0002165c       ??_C@_0BD@LHGJJHLH@scheme_index?5?$CB?$DN?5?91?$AA@ 010e483c     shell.o
3029	PENDING	000b:00021674       ??_C@_0BM@DIPGMNED@Unknown?5text?5scale?5type?3?5?$CFd?$AA@ 010e4854     shell.o
3030	PENDING	000b:00021698       __real@3ff03d70a3d70a3d    010e4878     shell.o
3031	PENDING	000b:000216a4       ??_C@_0CB@FMNALD@Single?5line?5length?5over?5255?4?6?5?$CFs@ 010e4884     shell.o
3032	PENDING	000b:000216cc       ??_C@_0M@CFEJDMFK@index?5?$DM?5255?$AA@ 010e48ac     shell.o
3033	PENDING	000b:000216dc       ??_C@_0BE@JPNJDBOK@line_avail_num?5?$CB?$DN?50?$AA@ 010e48bc     shell.o
3034	PENDING	000b:000216f4       ??_C@_0CH@IMHCNGHC@word?$FL3?$FN?5?$DN?$DN?5?8?$FN?8?5?$CG?$CG?5?$CCINVALID?5FONT?5@ 010e48d4     shell.o
3035	PENDING	000b:00021724       ??_C@_0DJ@JCBFAOEA@word?$FL2?$FN?5?$DO?$DN?5?80?8?5?$CG?$CG?5word?$FL2?$FN?5?$DM?$DN?5?89?8@ 010e4904     shell.o
3036	PENDING	000b:00021768       ??_C@_02FAOLFLBG@?$AM?$FL?$AA@ 010e4948     shell.o
3037	PENDING	000b:0002176c       ??_C@_03MGLAHEEG@?5?6?$AN?$AA@ 010e494c     shell.o
3038	PENDING	000b:00021774       ??_7FEMenuListBox@@6B@     010e4954     shell.o
3039	PENDING	000b:00021870       ??_C@_0BJ@FDAKCCPB@invalid?5font?5index?5found?$AA@ 010e4a50     shell.o
3040	PENDING	000b:00021890       ??_C@_0BD@FHJAJPMA@fi?5?$CB?$DN?5INVALID_FONT?$AA@ 010e4a70     shell.o
3041	PENDING	000b:000218a8       ??_C@_0BB@IOKMHNGM@mNumPanels?5?$DM?5100?$AA@ 010e4a88     shell.o
3042	PENDING	000b:000218bc       ??_C@_0BB@DJNNIKOB@INGAME_DIALOG_NO?$AA@ 010e4a9c     shell.o
3043	PENDING	000b:000218d0       ??_C@_0BC@IGPLOLAD@INGAME_DIALOG_YES?$AA@ 010e4ab0     shell.o
3044	PENDING	000b:000218e8       ??_C@_0BB@FMHDCFNC@INGAME_DIALOG_OK?$AA@ 010e4ac8     shell.o
3045	PENDING	000b:000218fc       ??_C@_0BC@PPCMGLHL@MEM_WARN_AUTOSAVE?$AA@ 010e4adc     shell.o
3046	PENDING	000b:00021914       ??_C@_0BF@NLGHGEBO@MEM_PROFILE_CONTROLS?$AA@ 010e4af4     shell.o
3047	PENDING	000b:00021930       ??_C@_0CJ@LMMGFEED@c?3?2cod?2code?2game?2OptionsControls@ 010e4b10     shell.o
3048	PENDING	000b:00021964       ??_C@_0BC@BLEKMOPD@MEM_PROFILE_SOUND?$AA@ 010e4b44     shell.o
3049	PENDING	000b:0002197c       ??_C@_0CG@LNANLLPH@c?3?2cod?2code?2game?2OptionsSoundMen@ 010e4b5c     shell.o
3050	PENDING	000b:000219ac       ??_C@_0BG@HADNHALP@MEM_XBOX_SAVE_WARNING?$AA@ 010e4b8c     shell.o
3051	PENDING	000b:000219c8       ??_C@_0BB@FPCNDOEJ@MEM_SAVE_SUCCESS?$AA@ 010e4ba8     shell.o
3052	PENDING	000b:000219dc       ??_C@_0BG@GEOAHOGJ@MEM_ERROR_INSERT_CARD?$AA@ 010e4bbc     shell.o
3053	PENDING	000b:000219f8       ??_C@_0BB@ENGECEMO@MEM_LOAD_SUCCESS?$AA@ 010e4bd8     shell.o
3054	PENDING	000b:00021a0c       ??_C@_0DC@CADAAOOC@Should?5have?5been?5called?5from?5int@ 010e4bec     shell.o
3055	PENDING	000b:00021a48       ??_C@_09FMOCBNEA@mCallback?$AA@ 010e4c28     shell.o
3056	PENDING	000b:00021a54       ??_C@_0BH@LLMPKJNH@MEM_XBOX_CHECK_WARNING?$AA@ 010e4c34     shell.o
3057	PENDING	000b:00021a70       ??_C@_0BI@ONONKBFI@MEM_XBOX_DELETE_WARNING?$AA@ 010e4c50     shell.o
3058	PENDING	000b:00021a8c       ??_C@_0L@BAKGKNBC@MEM_SAVING?$AA@ 010e4c6c     shell.o
3059	PENDING	000b:00021a9c       ??_C@_0BL@INEFAFLE@MEM_XBOX_OVERWRITE_WARNING?$AA@ 010e4c7c     shell.o
3060	PENDING	000b:00021abc       ??_C@_0BG@KPLNKMKB@MEM_OVERWRITE_SUCCESS?$AA@ 010e4c9c     shell.o
3061	PENDING	000b:00021ad8       ??_C@_0BL@EIMJJHDO@MEM_DELETE_SUCCESSFUL_XBOX?$AA@ 010e4cb8     shell.o
3062	PENDING	000b:00021af8       ??_C@_0BM@CENFFNJF@MEM_XBOX_ERROR_NO_SAVE_DATA?$AA@ 010e4cd8     shell.o
3063	PENDING	000b:00021b1c       ??_C@_0O@DEIFKDDK@MEM_DIALOG_NO?$AA@ 010e4cfc     shell.o
3064	PENDING	000b:00021b2c       ??_C@_0P@JHPHLIHG@MEM_DIALOG_YES?$AA@ 010e4d0c     shell.o
3065	PENDING	000b:00021b40       ??_C@_0BJ@IAPDLGIC@MEM_CARD_CHANGED_WARNING?$AA@ 010e4d20     shell.o
3066	PENDING	000b:00021b60       ??_C@_0BJ@PNOKPKDI@MEM_XBOX_MANAGE_MEM_UNIT?$AA@ 010e4d40     shell.o
3067	PENDING	000b:00021b80       ??_C@_0BH@DANEGMOM@MEM_CONTINUE_WO_SAVING?$AA@ 010e4d60     shell.o
3068	PENDING	000b:00021b9c       ??_C@_0BF@MOKKNLOD@MEM_XBOX_LOAD_FAILED?$AA@ 010e4d7c     shell.o
3069	PENDING	000b:00021bb8       ??_C@_0BF@DAFJAMLK@MEM_XBOX_SAVE_FAILED?$AA@ 010e4d98     shell.o
3070	PENDING	000b:00021bd4       ??_C@_0BK@CKNFHNKA@MEM_XBOX_OVERWRITE_FAILED?$AA@ 010e4db4     shell.o
3071	PENDING	000b:00021bf4       ??_C@_0BC@MCIIIAMO@MEM_DELETE_FAILED?$AA@ 010e4dd4     shell.o
3072	PENDING	000b:00021c0c       ??_C@_0BC@DMGPOBHM@MEM_FORMAT_FAILED?$AA@ 010e4dec     shell.o
3073	PENDING	000b:00021c24       ??_C@_0BB@FEOKBGKP@localizedstrings?$AA@ 010e4e04     shell.o
3074	PENDING	000b:00021c38       ??_C@_0DF@IJAICHKF@UIListBox?3?5Max?5data?5row?5count?5mu@ 010e4e18     shell.o
3075	PENDING	000b:00021c78       ??_C@_0O@KINHCFEG@rowCount?5?$DO?$DN?50?$AA@ 010e4e58     shell.o
3076	PENDING	000b:00021c88       ??_C@_0CE@JHDFBBAC@SelectLine?3?5invalid?5selection?5in@ 010e4e68     shell.o
3077	PENDING	000b:00021cb4       ??_C@_0CN@FGDBMKAJ@selection?5?$DO?$DN?50?5?$CG?$CG?5selection?5?$DM?5mD@ 010e4e94     shell.o
3078	PENDING	000b:00021cec       ??_C@_0CN@NFEEJMMP@selection?5?$DO?$DN?50?5?$CG?$CG?5selection?5?$DM?5mI@ 010e4ecc     shell.o
3079	PENDING	000b:00021d24       ??_C@_0BH@MLPCOOIJ@weapon_name_background?$AA@ 010e4f04     shell.o
3080	PENDING	000b:00021d44       ??_7IGOWeaponNameWidget@@6B@ 010e4f24     shell.o
3081	PENDING	000b:00021d74       ??_7FloatingPQ@@6B@        010e4f54     shell.o
3082	PENDING	000b:00021e90       ??_C@_0BO@DGDKCKGC@0?5?$CG?$CG?5?$CCInvalid?5PanelGeom?5type?$CC?$AA@ 010e5070     shell.o
3083	PENDING	000b:00021eb4       ??_C@_0DC@BFIHKDOG@A?5previous?5movie?5was?5created?5but@ 010e5094     shell.o
3084	PENDING	000b:00021ef0       ??_C@_09HCFJNMNB@?$CBtheMovie?$AA@ 010e50d0     shell.o
3085	PENDING	000b:00021efc       ??_C@_04NLJBNAMK@?4xbv?$AA@ 010e50dc     shell.o
3086	PENDING	000b:00021f04       ??_C@_07KJNFJBHA@movies?2?$AA@ 010e50e4     shell.o
3087	PENDING	000b:00021f10       ??_C@_0N@LANLPBOI@line_num?5?$DO?50?$AA@ 010e50f0     shell.o
3088	PENDING	000b:00021f20       ??_C@_0BC@BNDOLMGL@MPGAME_DONT_APPLY?$AA@ 010e5100     shell.o
3089	PENDING	000b:00021f38       ??_C@_0BB@DEEIJEJB@MPGAME_APPLY_NOW?$AA@ 010e5118     shell.o
3090	PENDING	000b:00021f4c       ??_C@_0BN@BGCHCKGJ@MPGAME_APPLY_PREFERENCES_NOW?$AA@ 010e512c     shell.o
3091	PENDING	000b:00021f70       ??_C@_0BC@DMCCNJLI@MPGAME_CONTROLLER?$AA@ 010e5150     shell.o
3092	PENDING	000b:00021f88       ??_C@_0BK@KEAONOHC@MPGAME_APPLY_SETTINGS_NOW?$AA@ 010e5168     shell.o
3093	PENDING	000b:00021fac       ??_7FEMultiMenu@@6B@       010e518c     shell.o
3094	PENDING	000b:000220e4       ??_7DialogMenu@@6B@        010e52c4     shell.o
3095	PENDING	000b:00022214       ??_C@_0CI@EPJHPKFA@Dialog?5menu?5system?5takes?5no?5pane@ 010e53f4     shell.o
3096	PENDING	000b:00022244       ??_C@_0BO@LHCEKPON@c?3?2cod?2code?2game?2DialogMenu?4h?$AA@ 010e5424     shell.o
3097	PENDING	000b:0002226c       ??_7MemCardCheckMenu@@6B@  010e544c     shell.o
3098	PENDING	000b:0002239c       ??_C@_09BFEKOJEA@MEM_RETRY?$AA@ 010e557c     shell.o
3099	PENDING	000b:000223a8       ??_C@_0BL@NBCBICJJ@MEM_ERROR_INSERT_CARD_LONG?$AA@ 010e5588     shell.o
3100	PENDING	000b:000223c8       ??_C@_0BN@IIIMBAED@MEM_ERROR_INSUFFICIENT_SPACE?$AA@ 010e55a8     shell.o
3101	PENDING	000b:000223f4       ??_7OptionsGameplayMenu@@6B@ 010e55d4     shell.o
3102	PENDING	000b:0002252c       ??_7OptionsControlsMenu@@6B@ 010e570c     shell.o
3103	PENDING	000b:00022664       ??_7OptionsSoundMenu@@6B@  010e5844     shell.o
3104	PENDING	000b:0002279c       ??_7OptionsStickMenu@@6B@  010e597c     shell.o
3105	PENDING	000b:000228d4       ??_7OptionsButtonMenu@@6B@ 010e5ab4     shell.o
3106	PENDING	000b:00022a0c       ??_7GammaScreenMenu@@6B@   010e5bec     shell.o
3107	PENDING	000b:00022b44       ??_7LoadingMenu@@6B@       010e5d24     shell.o
3108	PENDING	000b:00022c7c       ??_7ControllerDisconnectedMenu@@6B@ 010e5e5c     shell.o
3109	PENDING	000b:00022db4       ??_7ProfileMainMenu@@6B@   010e5f94     shell.o
3110	PENDING	000b:00022ee4       ??_C@_0BG@GCHEGKDI@MEM_XBOX_LOAD_WARNING?$AA@ 010e60c4     shell.o
3111	PENDING	000b:00022f04       ??_7ProfileEditMenu@@6B@   010e60e4     shell.o
3112	PENDING	000b:00023038       ??_C@_0EL@MELAAIFD@Profile?5Manager?5unable?5to?5servic@ 010e6218     shell.o
3113	PENDING	000b:00023094       ??_C@_0BL@MOJFFKKF@GetStatus?$CI?$CJ?5?$DN?$DN?5kStatusIdle?$AA@ 010e6274     shell.o
3114	PENDING	000b:000230bc       ??_7DefaultPanelQuad@@6B@  010e629c     shell.o
3115	PENDING	000b:000231c4       ??_C@_0L@OBMFBHGF@default_PQ?$AA@ 010e63a4     shell.o
3116	PENDING	000b:000231dc       ??_7DialogMenuSystem@@6B@  010e63bc     shell.o
3117	PENDING	000b:00023294       ??_7VKMenu@@6B@            010e6474     shell.o
3118	PENDING	000b:000233c4       ??_C@_0CA@JOKPJIOC@Another?5request?5is?5in?5progress?$CB?$AA@ 010e65a4     shell.o
3119	PENDING	000b:000233ec       ??_C@_0L@JDPNJEMN@?$CBmCallback?$AA@ 010e65cc     shell.o
3120	PENDING	000b:000233fc       ??_C@_0BO@GOFMNFAD@MEM_XBOX_ERROR_CORRUPTED_FILE?$AA@ 010e65dc     shell.o
3121	PENDING	000b:00023420       ??_C@_0L@PBLEIDD@MEM_FORMAT?$AA@ 010e6600     shell.o
3122	PENDING	000b:00023430       ??_C@_0BG@FOKPPNBK@MEM_ERROR_UNFORMATTED?$AA@ 010e6610     shell.o
3123	PENDING	000b:00023450       ??_7out_of_range@std@@6B@  010e6630     shell.o
3124	PENDING	000b:0002345c       ??_C@_0BC@NEMBIKJM@slot_09_text_spec?$AA@ 010e663c     shell.o
3125	PENDING	000b:00023474       ??_C@_0BD@DDPFPNDC@slot_09_arrow_left?$AA@ 010e6654     shell.o
3126	PENDING	000b:0002348c       ??_C@_0BE@NCBLKLBE@slot_09_arrow_right?$AA@ 010e666c     shell.o
3127	PENDING	000b:000234a4       ??_C@_0BC@EPGEMGPD@slot_08_text_spec?$AA@ 010e6684     shell.o
3128	PENDING	000b:000234bc       ??_C@_0BC@DNPAFJIC@slot_07_text_spec?$AA@ 010e669c     shell.o
3129	PENDING	000b:000234d4       ??_C@_0BC@KGFFBFON@slot_06_text_spec?$AA@ 010e66b4     shell.o
3130	PENDING	000b:000234ec       ??_C@_0BC@NBMLMHBN@slot_05_text_spec?$AA@ 010e66cc     shell.o
3131	PENDING	000b:00023504       ??_C@_0BC@MONHBNKP@slot_04_gauge_use?$AA@ 010e66e4     shell.o
3132	PENDING	000b:0002351c       ??_C@_0BC@LKEPPECA@slot_03_gauge_use?$AA@ 010e66fc     shell.o
3133	PENDING	000b:00023534       ??_C@_0BC@KFFDCOJC@slot_02_text_spec?$AA@ 010e6714     shell.o
3134	PENDING	000b:0002354c       ??_C@_0BC@NCMNPMGC@slot_01_text_spec?$AA@ 010e672c     shell.o
3135	PENDING	000b:00023564       ??_C@_0BE@ONICDNJJ@slot_10_text_option?$AA@ 010e6744     shell.o
3136	PENDING	000b:0002357c       ??_C@_0BE@PKCPBJDB@slot_09_text_option?$AA@ 010e675c     shell.o
3137	PENDING	000b:00023594       ??_C@_0BE@GHCAPIEH@slot_08_text_option?$AA@ 010e6774     shell.o
3138	PENDING	000b:000235ac       ??_C@_0BE@DBLEEMLB@slot_07_text_option?$AA@ 010e678c     shell.o
3139	PENDING	000b:000235c4       ??_C@_0BE@KMLLKNMH@slot_06_text_option?$AA@ 010e67a4     shell.o
3140	PENDING	000b:000235dc       ??_C@_0BE@NANKIIBM@slot_05_text_option?$AA@ 010e67bc     shell.o
3141	PENDING	000b:000235f4       ??_C@_0BE@ENNFGJGK@slot_04_text_option?$AA@ 010e67d4     shell.o
3142	PENDING	000b:0002360c       ??_C@_0BE@CIBIMDKK@slot_03_text_option?$AA@ 010e67ec     shell.o
3143	PENDING	000b:00023624       ??_C@_0BE@LFBHCCNM@slot_02_text_option?$AA@ 010e6804     shell.o
3144	PENDING	000b:0002363c       ??_C@_0BE@MJHGAHAH@slot_01_text_option?$AA@ 010e681c     shell.o
3145	PENDING	000b:00023654       ??_C@_0CD@OLJOMGIF@MPFRONTEND_HELP_SELECT_BACK_MOVE@ 010e6834     shell.o
3146	PENDING	000b:00023680       ??_C@_0BE@BFFOHKEI@MPGAME_HELPBAR_BACK?$AA@ 010e6860     shell.o
3147	PENDING	000b:00023698       ??_C@_0BL@HLEOJKDN@Invalid?5panel?5file?5pointer?$AA@ 010e6878     shell.o
3148	PENDING	000b:000236b8       ??_C@_02GHOIICJM@pf?$AA@   010e6898     shell.o
3149	PENDING	000b:000236bc       ??_C@_0BF@OPEKDOCD@option_01_text_title?$AA@ 010e689c     shell.o
3150	PENDING	000b:000236d8       ??_C@_0BE@OMGHIAPB@option_02_text_edit?$AA@ 010e68b8     shell.o
3151	PENDING	000b:000236f0       ??_C@_0BF@BDJOJMFE@option_02_arrow_left?$AA@ 010e68d0     shell.o
3152	PENDING	000b:0002370c       ??_C@_0BE@JLPJFCAB@option_01_text_edit?$AA@ 010e68ec     shell.o
3153	PENDING	000b:00023724       ??_C@_0BF@KOFEPAJK@option_01_arrow_left?$AA@ 010e6904     shell.o
3154	PENDING	000b:00023740       ??_C@_0BF@GHDLPAFB@option_0?$CFi_text_edit?$AA@ 010e6920     shell.o
3155	PENDING	000b:0002375c       ??_C@_0BG@MFMDGDMM@option_0?$CFi_arrow_left?$AA@ 010e693c     shell.o
3156	PENDING	000b:00023778       ??_C@_0BH@IIOIECJB@option_0?$CFi_arrow_right?$AA@ 010e6958     shell.o
3157	PENDING	000b:00023794       ??_C@_0BG@IENNKNHF@option_0?$CFi_text_title?$AA@ 010e6974     shell.o
3158	PENDING	000b:000237b0       ??_C@_0BL@CKBMPINO@MP_AAR_PM_controller?4PANEL?$AA@ 010e6990     shell.o
3159	PENDING	000b:000237d0       ??_C@_0BL@HLHGLHOD@MPGAME_AFTER_ACTION_REVIEW?$AA@ 010e69b0     shell.o
3160	PENDING	000b:000237f0       ??_C@_0P@NDOGBEHP@text_title_AAR?$AA@ 010e69d0     shell.o
3161	PENDING	000b:00023804       ??_C@_0CB@EEJFLABL@MPGAME_AAR_SECONDS_TIL_NEXT_GAME@ 010e69e4     shell.o
3162	PENDING	000b:0002382c       ??_C@_0BA@EFCELHKD@text_timer_text?$AA@ 010e6a0c     shell.o
3163	PENDING	000b:00023840       ??_C@_03CBKKMGMK@bkg?$AA@  010e6a20     shell.o
3164	PENDING	000b:0002384c       ??_7MultilineOverlayMenu@@6B@ 010e6a2c     shell.o
3165	PENDING	000b:00023984       ??_7MultilineFrontendOverlayMenu@@6B@ 010e6b64     shell.o
3166	PENDING	000b:00023abc       ??_7MultilineIngameOverlayMenu@@6B@ 010e6c9c     shell.o
3167	PENDING	000b:00023bf0       ??_C@_0EK@PHEHFKMK@Mismatch?5on?5total?5number?5of?5menu@ 010e6dd0     shell.o
3168	PENDING	000b:00023c48       ??_C@_0BD@EAHJDJE@count?5?$DN?$DN?5NUM_MENUS?$AA@ 010e6e28     shell.o
3169	PENDING	000b:00023c60       ??_C@_0CI@BFIOPCAH@c?3?2cod?2code?2game?2FrontEndMenuSys@ 010e6e40     shell.o
3170	PENDING	000b:00023c94       ??_7InGameMenuSystem@@6B@  010e6e74     shell.o
3171	PENDING	000b:00023d48       ??_C@_0M@FLAPGIJD@bkg_line_04?$AA@ 010e6f28     shell.o
3172	PENDING	000b:00023d58       ??_C@_0L@NNFAOLOK@bkg_row_05?$AA@ 010e6f38     shell.o
3173	PENDING	000b:00023d68       ??_C@_0BJ@JEKOLGAK@FEMENU_OP_GAMEPLAY_TITLE?$AA@ 010e6f48     shell.o
3174	PENDING	000b:00023d88       ??_C@_0BD@JINKCMOJ@slot_04_gauge_fill?$AA@ 010e6f68     shell.o
3175	PENDING	000b:00023da0       ??_C@_0BD@OFKJCKLB@slot_03_gauge_fill?$AA@ 010e6f80     shell.o
3176	PENDING	000b:00023db8       ??_C@_0BJ@CMOKLCOJ@FEMENU_OP_CONTROLS_TITLE?$AA@ 010e6f98     shell.o
3177	PENDING	000b:00023dd8       ??_C@_0BD@EFEMPFGM@slot_05_gauge_fill?$AA@ 010e6fb8     shell.o
3178	PENDING	000b:00023df0       ??_C@_0BD@CNBBADMJ@slot_05_gauge_edge?$AA@ 010e6fd0     shell.o
3179	PENDING	000b:00023e08       ??_C@_0BD@DBGFKKLJ@slot_05_gauge_back?$AA@ 010e6fe8     shell.o
3180	PENDING	000b:00023e20       ??_C@_0BD@PAIHNKEM@slot_04_gauge_edge?$AA@ 010e7000     shell.o
3181	PENDING	000b:00023e38       ??_C@_0BD@OMPDHDDM@slot_04_gauge_back?$AA@ 010e7018     shell.o
3182	PENDING	000b:00023e50       ??_C@_0L@MEELNKKL@bkg_row_04?$AA@ 010e7030     shell.o
3183	PENDING	000b:00023e60       ??_C@_0M@BEEOPOFE@bkg_line_03?$AA@ 010e7040     shell.o
3184	PENDING	000b:00023e70       ??_C@_0BD@DIDPPDDE@slot_02_gauge_fill?$AA@ 010e7050     shell.o
3185	PENDING	000b:00023e88       ??_C@_0BG@OHMHPEOD@FEMENU_OP_SOUND_TITLE?$AA@ 010e7068     shell.o
3186	PENDING	000b:00023ea4       ??_C@_0BD@NGNOJBKG@image_stick_layout?$AA@ 010e7084     shell.o
3187	PENDING	000b:00023ebc       ??_C@_0M@OKFDLIOE@arrow_right?$AA@ 010e709c     shell.o
3188	PENDING	000b:00023ecc       ??_C@_0L@KDCEMJJA@arrow_left?$AA@ 010e70ac     shell.o
3189	PENDING	000b:00023edc       ??_C@_0BG@HPONCDPB@FEMENU_OP_STICK_TITLE?$AA@ 010e70bc     shell.o
3190	PENDING	000b:00023ef8       ??_C@_0BH@EHFBIGEO@FEMENU_OP_BUTTON_TITLE?$AA@ 010e70d8     shell.o
3191	PENDING	000b:00023f14       ??_C@_0O@MOOKOBOM@gauge_back_02?$AA@ 010e70f4     shell.o
3192	PENDING	000b:00023f24       ??_C@_0O@OFMHLCCP@gauge_back_01?$AA@ 010e7104     shell.o
3193	PENDING	000b:00023f34       ??_C@_0BC@FOLPMIEJ@gauge_arrow_right?$AA@ 010e7114     shell.o
3194	PENDING	000b:00023f4c       ??_C@_0BB@EEOKFDGM@gauge_arrow_left?$AA@ 010e712c     shell.o
3195	PENDING	000b:00023f60       ??_C@_0L@EPCHHIDF@gauge_fill?$AA@ 010e7140     shell.o
3196	PENDING	000b:00023f70       ??_C@_0BF@DANFPLJA@FEMENU_OP_GAMMA_INST?$AA@ 010e7150     shell.o
3197	PENDING	000b:00023f8c       ??_C@_0BG@PPLLPKNL@FEMENU_OP_GAMMA_TITLE?$AA@ 010e716c     shell.o
3198	PENDING	000b:00023fa8       ??_C@_0M@LLJEFKMM@LS_image_01?$AA@ 010e7188     shell.o
3199	PENDING	000b:00023fb8       ??_C@_0BP@NDCJDGIG@LoadingMenu?3?5Invalid?5map?5index?$AA@ 010e7198     shell.o
3200	PENDING	000b:00023fe0       ??_C@_0DM@CJJHHEIK@MI_IsAvailableMap?$CIMPUIInterface?3@ 010e71c0     shell.o
3201	PENDING	000b:00024028       ??_C@_0BA@DMPKMFAH@loading_bar_use?$AA@ 010e7208     shell.o
3202	PENDING	000b:00024040       ??_C@_0EE@IFDJJCEP@Could?5not?5locate?5the?5text?5descri@ 010e7220     shell.o
3203	PENDING	000b:00024094       ??_C@_0BP@KNOEBKMN@mText?$FLls_text_tip_description?$FN?$AA@ 010e7274     shell.o
3204	PENDING	000b:000240bc       ??_C@_0CH@EJBDHJFP@Could?5not?5get?5loading?5screen?5MAP@ 010e729c     shell.o
3205	PENDING	000b:000240ec       ??_C@_0M@FGFDKAMN@mMapText?$FLi?$FN?$AA@ 010e72cc     shell.o
3206	PENDING	000b:000240fc       ??_C@_0CD@PDDIOOOI@Could?5not?5get?5loading?5screen?5tex@ 010e72dc     shell.o
3207	PENDING	000b:00024128       ??_C@_08DAEIBGK@mText?$FLi?$FN?$AA@ 010e7308     shell.o
3208	PENDING	000b:00024134       ??_C@_0BC@FDCHLFOD@MPLOADING_LOADING?$AA@ 010e7314     shell.o
3209	PENDING	000b:0002414c       ??_C@_0CJ@DKDHHAML@Could?5not?5get?5loading?5screen?5tit@ 010e732c     shell.o
3210	PENDING	000b:00024180       ??_C@_0O@ENKBHPJI@mTitleText?$FLi?$FN?$AA@ 010e7360     shell.o
3211	PENDING	000b:00024190       ??_C@_0L@FMNNIOEI@Not?5found?$CB?$AA@ 010e7370     shell.o
3212	PENDING	000b:000241a0       ??_C@_0BC@FGBHJBFH@mBackgroundArt?$FLi?$FN?$AA@ 010e7380     shell.o
3213	PENDING	000b:000241b8       ??_C@_0BL@PIJEMHIC@Why?5is?5the?5array?5not?5null?$DP?$AA@ 010e7398     shell.o
3214	PENDING	000b:000241d8       ??_C@_0BH@NGLGFALJ@0?5?$DN?$DN?5mBackgroundArt?$FLi?$FN?$AA@ 010e73b8     shell.o
3215	PENDING	000b:000241f4       ??_C@_03MKFGDJCN@no?$CB?$AA@ 010e73d4     shell.o
3216	PENDING	000b:000241f8       ??_C@_09HFCOFGJD@?$CBhelpbar1?$AA@ 010e73d8     shell.o
3217	PENDING	000b:00024204       ??_C@_0CJ@MHDBIMBI@c?3?2cod?2code?2game?2VirtualKeyboard@ 010e73e4     shell.o
3218	PENDING	000b:00024238       ??_C@_07PKPMDAIJ@Helpbar?$AA@ 010e7418     shell.o
3219	PENDING	000b:00024244       ??_C@_05MHMKPAHG@doneD?$AA@ 010e7424     shell.o
3220	PENDING	000b:0002424c       ??_C@_06ODPJGCCM@spaceD?$AA@ 010e742c     shell.o
3221	PENDING	000b:00024254       ??_C@_0L@MLOAENIF@backspaceD?$AA@ 010e7434     shell.o
3222	PENDING	000b:00024264       ??_C@_06BGDGJAGO@shiftD?$AA@ 010e7444     shell.o
3223	PENDING	000b:0002426c       ??_C@_08KEBIJAO@shadow?$CFi?$AA@ 010e744c     shell.o
3224	PENDING	000b:00024278       ??_C@_06IFMLICHA@text?$CFi?$AA@ 010e7458     shell.o
3225	PENDING	000b:00024280       ??_C@_0P@OBJGDCMD@bkg_main_image?$AA@ 010e7460     shell.o
3226	PENDING	000b:00024294       ??_C@_0BO@EKLBPBKI@Unknown?5profile?5menu?5item?3?5?$CFd?$AA@ 010e7474     shell.o
3227	PENDING	000b:000242b8       ??_C@_0CF@CMAGFDOH@c?3?2cod?2code?2game?2ProfileMainMenu@ 010e7498     shell.o
3228	PENDING	000b:000242e4       ??_C@_0BO@BBMHPKLH@UIListBox?3?5Invalid?5panel?5file?$AA@ 010e74c4     shell.o
3229	PENDING	000b:00024308       ??_C@_0BM@PAPJHAGI@invalid?5map?1set?$DMT?$DO?5iterator?$AA@ 010e74e8     shell.o
3230	PENDING	000b:00024330       ??_7UIListBox@@6B@         010e7510     shell.o
3231	PENDING	000b:00024360       ??_C@_0N@FMJDDFKM@stance_flash?$AA@ 010e7540     shell.o
3232	PENDING	000b:00024370       ??_C@_0BB@DNGHEBJE@stance_prone_man?$AA@ 010e7550     shell.o
3233	PENDING	000b:00024384       ??_C@_0N@BHEDMEJE@stance_prone?$AA@ 010e7564     shell.o
3234	PENDING	000b:00024394       ??_C@_0BC@PKCAOIMO@stance_crouch_man?$AA@ 010e7574     shell.o
3235	PENDING	000b:000243ac       ??_C@_0O@IPPCNPEJ@stance_crouch?$AA@ 010e758c     shell.o
3236	PENDING	000b:000243bc       ??_C@_0BB@HLJMECIK@stance_stand_man?$AA@ 010e759c     shell.o
3237	PENDING	000b:000243d0       ??_C@_0N@OHFDAFOI@stance_stand?$AA@ 010e75b0     shell.o
3238	PENDING	000b:000243e0       ??_C@_0P@CCGDGNDE@hudhealthcross?$AA@ 010e75c0     shell.o
3239	PENDING	000b:000243f4       ??_C@_0O@FMLKBNMM@hudhealthback?$AA@ 010e75d4     shell.o
3240	PENDING	000b:00024404       ??_C@_0N@IAMOFDHL@hudhealthbar?$AA@ 010e75e4     shell.o
3241	PENDING	000b:00024414       ??_C@_0L@EHFKKAJM@radio_icon?$AA@ 010e75f4     shell.o
3242	PENDING	000b:00024424       ??_C@_0BE@KGIHCLLF@loading_bar_red_use?$AA@ 010e7604     shell.o
3243	PENDING	000b:0002443c       ??_C@_0BD@JKPIMADC@loading_bar_bkg_03?$AA@ 010e761c     shell.o
3244	PENDING	000b:00024454       ??_C@_0BD@IDODPBHD@loading_bar_bkg_02?$AA@ 010e7634     shell.o
3245	PENDING	000b:0002446c       ??_C@_0BD@KIMOKCLA@loading_bar_bkg_01?$AA@ 010e764c     shell.o
3246	PENDING	000b:00024484       ??_C@_0BL@KLOCHMBN@i_raisingflag_text_counter?$AA@ 010e7664     shell.o
3247	PENDING	000b:000244a4       ??_C@_0O@JKDFLHMH@i_raisingflag?$AA@ 010e7684     shell.o
3248	PENDING	000b:000244b4       ??_C@_0N@FDCDHDOB@sb_axis_text?$AA@ 010e7694     shell.o
3249	PENDING	000b:000244c4       ??_C@_0P@KFFHKKLL@sb_allied_text?$AA@ 010e76a4     shell.o
3250	PENDING	000b:000244d8       ??_C@_0N@EHHMDACA@sb_axis_icon?$AA@ 010e76b8     shell.o
3251	PENDING	000b:000244e8       ??_C@_0P@LBAIOJHK@sb_allied_icon?$AA@ 010e76c8     shell.o
3252	PENDING	000b:000244fc       ??_C@_09NFJELFDM@totalammo?$AA@ 010e76dc     shell.o
3253	PENDING	000b:00024508       ??_C@_08CBCELJAL@clipammo?$AA@ 010e76e8     shell.o
3254	PENDING	000b:00024514       ??_C@_07HLJCHHGA@hudammo?$AA@ 010e76f4     shell.o
3255	PENDING	000b:00024520       ??_C@_0BD@GOPLPIGO@text_grenade_right?$AA@ 010e7700     shell.o
3256	PENDING	000b:00024538       ??_C@_0BC@LFCFJNID@text_grenade_left?$AA@ 010e7718     shell.o
3257	PENDING	000b:00024550       ??_C@_0N@MBLNOMPC@icon_AP_mine?$AA@ 010e7730     shell.o
3258	PENDING	000b:00024560       ??_C@_0BG@HOHPBPEC@icon_grenade_rifle_US?$AA@ 010e7740     shell.o
3259	PENDING	000b:0002457c       ??_C@_0BH@JCHDNKIF@icon_grenade_sticky_01?$AA@ 010e775c     shell.o
3260	PENDING	000b:00024598       ??_C@_0BD@MLEOEOJJ@icon_grenade_smoke?$AA@ 010e7778     shell.o
3261	PENDING	000b:000245b0       ??_C@_0BG@HMAEHAHO@icon_grenade_smoke_01?$AA@ 010e7790     shell.o
3262	PENDING	000b:000245cc       ??_C@_0BH@FDIJDPB@icon_grenade_german_01?$AA@ 010e77ac     shell.o
3263	PENDING	000b:000245e8       ??_C@_0BD@EKLPAPPF@icon_grenade_US_01?$AA@ 010e77c8     shell.o
3264	PENDING	000b:00024600       ??_C@_0BA@KKJGLCHH@GrenadeCookring?$AA@ 010e77e0     shell.o
3265	PENDING	000b:00024614       ??_C@_0N@OMOLKNAH@GrenadeCook6?$AA@ 010e77f4     shell.o
3266	PENDING	000b:00024624       ??_C@_0N@MHMGPOME@GrenadeCook5?$AA@ 010e7804     shell.o
3267	PENDING	000b:00024634       ??_C@_0N@NONNMPIF@GrenadeCook4?$AA@ 010e7814     shell.o
3268	PENDING	000b:00024644       ??_C@_0N@JBJMFJEC@GrenadeCook3?$AA@ 010e7824     shell.o
3269	PENDING	000b:00024654       ??_C@_0N@IIIHGIAD@GrenadeCook2?$AA@ 010e7834     shell.o
3270	PENDING	000b:00024664       ??_C@_0N@KDKKDLMA@GrenadeCook1?$AA@ 010e7844     shell.o
3271	PENDING	000b:00024674       ??_C@_05JJEJIJLL@armor?$AA@ 010e7854     shell.o
3272	PENDING	000b:0002467c       ??_C@_0O@MECFOHLM@tankhealthbar?$AA@ 010e785c     shell.o
3273	PENDING	000b:0002468c       ??_C@_07IGCJFFDA@tankbar?$AA@ 010e786c     shell.o
3274	PENDING	000b:00024698       ??_C@_0N@JCFPABBD@tankshells02?$AA@ 010e7878     shell.o
3275	PENDING	000b:000246a8       ??_C@_0N@ILEEDAFC@tankshells03?$AA@ 010e7888     shell.o
3276	PENDING	000b:000246b8       ??_C@_09KCAAEPDA@tank_tic4?$AA@ 010e7898     shell.o
3277	PENDING	000b:000246c4       ??_C@_09ONEBNJPH@tank_tic3?$AA@ 010e78a4     shell.o
3278	PENDING	000b:000246d0       ??_C@_09PEFKOILG@tank_tic2?$AA@ 010e78b0     shell.o
3279	PENDING	000b:000246dc       ??_C@_09NPHHLLHF@tank_tic1?$AA@ 010e78bc     shell.o
3280	PENDING	000b:000246e8       ??_C@_0N@PMMBBJBJ@tank_reticle?$AA@ 010e78c8     shell.o
3281	PENDING	000b:000246f8       ??_C@_09GDOEFILB@rank3gold?$AA@ 010e78d8     shell.o
3282	PENDING	000b:00024704       ??_C@_09KILIILBE@rank2gold?$AA@ 010e78e4     shell.o
3283	PENDING	000b:00024710       ??_C@_09COCMPJLK@rank1gold?$AA@ 010e78f0     shell.o
3284	PENDING	000b:0002471c       ??_C@_04GHHIKFLG@vote?$AA@ 010e78fc     shell.o
3285	PENDING	000b:00024724       ??_C@_0N@FKJHPIJL@special_ammo?$AA@ 010e7904     shell.o
3286	PENDING	000b:00024734       ??_C@_0P@HBIBNHBK@special_health?$AA@ 010e7914     shell.o
3287	PENDING	000b:00024748       ??_C@_0BC@KINFINKF@special_artillery?$AA@ 010e7928     shell.o
3288	PENDING	000b:00024760       ??_C@_0BH@KNAHEKLK@m_pIconUS?$FLi?$FN?5not?5valid?$AA@ 010e7940     shell.o
3289	PENDING	000b:0002477c       ??_C@_0N@KLHFPHDN@m_pIconUS?$FLi?$FN?$AA@ 010e795c     shell.o
3290	PENDING	000b:0002478c       ??_C@_0BB@FGIFCKAG@war_icon_us_?$CF02d?$AA@ 010e796c     shell.o
3291	PENDING	000b:000247a0       ??_C@_0BL@JIFMPJOC@m_pIconGerman?$FLi?$FN?5not?5valid?$AA@ 010e7980     shell.o
3292	PENDING	000b:000247c0       ??_C@_0BB@MMCFFCPG@m_pIconGerman?$FLi?$FN?$AA@ 010e79a0     shell.o
3293	PENDING	000b:000247d4       ??_C@_0BF@GBPEBAMM@war_icon_german_?$CF02d?$AA@ 010e79b4     shell.o
3294	PENDING	000b:000247f0       ??_C@_0BM@PJCMLFEN@m_pObjectiveUS?$FLi?$FN?5not?5valid?$AA@ 010e79d0     shell.o
3295	PENDING	000b:00024814       ??_C@_0BC@KKOAHBHD@m_pObjectiveUS?$FLi?$FN?$AA@ 010e79f4     shell.o
3296	PENDING	000b:0002482c       ??_C@_0BL@ODPHFHHN@war_icon_objective_us_?$CF02d?$AA@ 010e7a0c     shell.o
3297	PENDING	000b:0002484c       ??_C@_0CA@CHADILJF@m_pObjectiveGerman?$FLi?$FN?5not?5valid?$AA@ 010e7a2c     shell.o
3298	PENDING	000b:00024874       ??_C@_0BG@CJGHFEAD@m_pObjectiveGerman?$FLi?$FN?$AA@ 010e7a54     shell.o
3299	PENDING	000b:00024890       ??_C@_0BP@CHOBJACF@war_icon_objective_german_?$CF02d?$AA@ 010e7a70     shell.o
3300	PENDING	000b:000248b8       ??_C@_0CF@OGENNNDN@m_pObjectiveFrameGerman?$FLi?$FN?5not?5v@ 010e7a98     shell.o
3301	PENDING	000b:000248e4       ??_C@_0BL@GEDNKBAK@m_pObjectiveFrameGerman?$FLi?$FN?$AA@ 010e7ac4     shell.o
3302	PENDING	000b:00024904       ??_C@_0BM@HHEALGNG@war_icon_obj_frame_grm_?$CF02d?$AA@ 010e7ae4     shell.o
3303	PENDING	000b:00024928       ??_C@_0CB@ICAFMKPN@m_pObjectiveFrameUS?$FLi?$FN?5not?5valid@ 010e7b08     shell.o
3304	PENDING	000b:00024950       ??_C@_0BH@NEEGMLMI@m_pObjectiveFrameUS?$FLi?$FN?$AA@ 010e7b30     shell.o
3305	PENDING	000b:0002496c       ??_C@_0BO@DIBGJALB@war_icon_objective_frame_?$CF02d?$AA@ 010e7b4c     shell.o
3306	PENDING	000b:00024990       ??_C@_0BF@BDDFCLGO@horch_position_02_on?$AA@ 010e7b70     shell.o
3307	PENDING	000b:000249ac       ??_C@_0BG@JHKNOEON@horch_position_02_off?$AA@ 010e7b8c     shell.o
3308	PENDING	000b:000249c8       ??_C@_0BF@COFFACNO@horch_position_03_on?$AA@ 010e7ba8     shell.o
3309	PENDING	000b:000249e4       ??_C@_0BG@FMPBDHEI@horch_position_03_off?$AA@ 010e7bc4     shell.o
3310	PENDING	000b:00024a00       ??_C@_0BF@FEJFFBLO@horch_position_01_on?$AA@ 010e7be0     shell.o
3311	PENDING	000b:00024a1c       ??_C@_0BG@BBDJJGED@horch_position_01_off?$AA@ 010e7bfc     shell.o
3312	PENDING	000b:00024a38       ??_C@_0BH@KMPKPHEM@PanzerV_position_02_on?$AA@ 010e7c18     shell.o
3313	PENDING	000b:00024a54       ??_C@_0BI@ECHCGKNF@PanzerV_position_02_off?$AA@ 010e7c34     shell.o
3314	PENDING	000b:00024a70       ??_C@_0BH@OLFKINJM@PanzerV_position_01_on?$AA@ 010e7c50     shell.o
3315	PENDING	000b:00024a8c       ??_C@_0BI@MEOGBIHL@PanzerV_position_01_off?$AA@ 010e7c6c     shell.o
3316	PENDING	000b:00024aa8       ??_C@_0BH@KHMAKFOI@sherman_position_02_on?$AA@ 010e7c88     shell.o
3317	PENDING	000b:00024ac4       ??_C@_0BI@JDMCDHHG@sherman_position_02_off?$AA@ 010e7ca4     shell.o
3318	PENDING	000b:00024ae0       ??_C@_0BH@OAGANPDI@sherman_position_01_on?$AA@ 010e7cc0     shell.o
3319	PENDING	000b:00024afc       ??_C@_0BI@BFFGEFNI@sherman_position_01_off?$AA@ 010e7cdc     shell.o
3320	PENDING	000b:00024b18       ??_C@_0BA@GEJCBNBN@horch_icon_body?$AA@ 010e7cf8     shell.o
3321	PENDING	000b:00024b2c       ??_C@_0BE@GNNAKDNP@PanzerV_icon_turret?$AA@ 010e7d0c     shell.o
3322	PENDING	000b:00024b44       ??_C@_0BC@DMNNGNPJ@PanzerV_icon_body?$AA@ 010e7d24     shell.o
3323	PENDING	000b:00024b5c       ??_C@_0BE@KDICCPMI@sherman_icon_turret?$AA@ 010e7d3c     shell.o
3324	PENDING	000b:00024b74       ??_C@_0BC@FHEIPPJE@sherman_icon_body?$AA@ 010e7d54     shell.o
3325	PENDING	000b:00024b8c       ??_C@_0N@FIDGKCOF@compassglass?$AA@ 010e7d6c     shell.o
3326	PENDING	000b:00024b9c       ??_C@_0O@FFBBIGAH@compassneedle?$AA@ 010e7d7c     shell.o
3327	PENDING	000b:00024bac       ??_C@_07CFMACLND@compass?$AA@ 010e7d8c     shell.o
3328	PENDING	000b:00024bb8       ??_C@_0L@PHPDKLPB@SP_jeepmap?$AA@ 010e7d98     shell.o
3329	PENDING	000b:00024bc8       ??_C@_05JDNGEMOL@?$CBtext?$AA@ 010e7da8     shell.o
3330	PENDING	000b:00024bd0       ??_C@_0CD@MMAINCHA@c?3?2cod?2code?2game?2IGOHintWidget?4c@ 010e7db0     shell.o
3331	PENDING	000b:00024bfc       ??_C@_0L@FJOIMDJD@Press?$FLUse?$FN?$AA@ 010e7ddc     shell.o
3332	PENDING	000b:00024c0c       ??_C@_0P@BMNJODAO@hint_usable_MG?$AA@ 010e7dec     shell.o
3333	PENDING	000b:00024c20       ??_C@_0O@LBHAKBLF@hud_ammo2?4tga?$AA@ 010e7e00     shell.o
3334	PENDING	000b:00024c30       ??_C@_0M@KEJEGHKF@hint_health?$AA@ 010e7e10     shell.o
3335	PENDING	000b:00024c40       ??_C@_0M@DAFGIAJL@hint_usable?$AA@ 010e7e20     shell.o
3336	PENDING	000b:00024c50       ??_C@_0N@LEICADKH@ai_passenger?$AA@ 010e7e30     shell.o
3337	PENDING	000b:00024c60       ??_C@_0P@PIBDMCHJ@ai_mantel_tank?$AA@ 010e7e40     shell.o
3338	PENDING	000b:00024c74       ??_C@_0BD@OPMONCDM@ai_gunner_position?$AA@ 010e7e54     shell.o
3339	PENDING	000b:00024c8c       ??_C@_0P@EEDLHPAL@ai_flag_pickup?$AA@ 010e7e6c     shell.o
3340	PENDING	000b:00024ca0       ??_C@_09OOOGBCKN@ai_driver?$AA@ 010e7e80     shell.o
3341	PENDING	000b:00024cb0       ??_C@_0EB@NJBALMMH@could?5not?5find?5pickup?5hud?5icon?5n@ 010e7e90     shell.o
3342	PENDING	000b:00024d00       ??_C@_04JCAPCJAP@?4tga?$AA@ 010e7ee0     shell.o
3343	PENDING	000b:00024d08       ??_C@_0N@BEGDNBFB@grenade_hold?$AA@ 010e7ee8     shell.o
3344	PENDING	000b:00024d18       ??_C@_0BI@IBIFFFAA@grenade_proximity_arrow?$AA@ 010e7ef8     shell.o
3345	PENDING	000b:00024d34       ??_C@_0BH@CABCFDBC@grenade_proximity_icon?$AA@ 010e7f14     shell.o
3346	PENDING	000b:00024d50       ??_C@_0BC@KJKEBDDC@AP_mine_proximity?$AA@ 010e7f30     shell.o
3347	PENDING	000b:00024d68       ??_C@_0BA@DECCNDIC@BA_arrow_half_b?$AA@ 010e7f48     shell.o
3348	PENDING	000b:00024d7c       ??_C@_0O@IBADNFOB@BA_arrow_up_a?$AA@ 010e7f5c     shell.o
3349	PENDING	000b:00024d90       ??_7IGOVoipList@@6B@       010e7f70     shell.o
3350	PENDING	000b:00024dbc       ??_C@_0BO@PJNDDNIO@FEMENU_PROFILE_DELETE_CONFIRM?$AA@ 010e7f9c     shell.o
3351	PENDING	000b:00024de0       ??_C@_0BN@LCAAILEI@FEMENU_PROFILE_DELETE_CANCEL?$AA@ 010e7fc0     shell.o
3352	PENDING	000b:00024e04       ??_C@_0BM@NILBOECG@FEMENU_PROFILE_DELETE_TITLE?$AA@ 010e7fe4     shell.o
3353	PENDING	000b:00024e28       ??_C@_0BK@IBDJAEFL@unhandled?5current?5op?5?$CI?$CFd?$CJ?$AA@ 010e8008     shell.o
3354	PENDING	000b:00024e48       ??_C@_0BI@IODPNPMN@No?5request?5in?5progress?$CB?$AA@ 010e8028     shell.o
3355	PENDING	000b:00024e64       ??_C@_0DN@JMELBBON@Can?8t?5SaveProfile?9?5another?5opera@ 010e8044     shell.o
3356	PENDING	000b:00024eb0       ??_C@_01LBDDMOBJ@?$FN?$AA@ 010e8090     shell.o
3357	PENDING	000b:00024eb4       ??_C@_01OHGJGJJP@?$FL?$AA@ 010e8094     shell.o
3358	PENDING	000b:00024eb8       ??_C@_05KKGIOECM@?$CDsame?$AA@ 010e8098     shell.o
3359	PENDING	000b:00024ec0       ??_C@_04HAFHENAN@?4str?$AA@ 010e80a0     shell.o
3360	PENDING	000b:00024ec8       ??_C@_0BB@INAIGBKA@maxDataRows?5?$DO?$DN?50?$AA@ 010e80a8     shell.o
3361	PENDING	000b:00024edc       ??_C@_0DH@DAIHBMPK@UIListBox?3?5Visible?5column?5count?5@ 010e80bc     shell.o
3362	PENDING	000b:00024f20       ??_C@_0BD@INKEJBDP@visibleColumns?5?$DO?50?$AA@ 010e8100     shell.o
3363	PENDING	000b:00024f38       ??_C@_0DE@PEOAMEGO@UIListBox?3?5Visible?5row?5count?5mus@ 010e8118     shell.o
3364	PENDING	000b:00024f78       ??_C@_0BA@NKNGNJAH@visibleRows?5?$DO?50?$AA@ 010e8158     shell.o
3365	PENDING	000b:00024f90       ??_7UIHighlightListBox@@6B@ 010e8170     shell.o
3366	PENDING	000b:00024fc4       ??_7UIPlayerListBox@@6B@   010e81a4     shell.o
3367	PENDING	000b:00024ff4       ??_C@_0BE@JONHPENG@map?1set?$DMT?$DO?5too?5long?$AA@ 010e81d4     shell.o
3368	PENDING	000b:0002500c       ??_C@_0N@EOBLDDJE@?$CBhintText?$FLi?$FN?$AA@ 010e81ec     shell.o
3369	PENDING	000b:0002501c       ??_C@_0L@EGPNPAMO@HintString?$AA@ 010e81fc     shell.o
3370	PENDING	000b:0002502c       ??_C@_0BG@DJFGNHCD@FEMENU_PROFILE_DELETE?$AA@ 010e820c     shell.o
3371	PENDING	000b:00025048       ??_C@_0BE@NNAPPGDB@FEMENU_PROFILE_EDIT?$AA@ 010e8228     shell.o
3372	PENDING	000b:00025060       ??_C@_0BI@LGJOJILK@FEMENU_PROFILE_SELECTED?$AA@ 010e8240     shell.o
3373	PENDING	000b:0002507c       ??_C@_0BD@FFHBNKLB@MEM_FORMAT_SUCCESS?$AA@ 010e825c     shell.o
3374	PENDING	000b:00025094       ??_C@_0BI@IAPMDDCN@MEM_CONFIRM_CREATE_SAVE?$AA@ 010e8274     shell.o
3375	PENDING	000b:000250b0       ??_C@_0BB@DLJNIJMF@MEM_CONFIRM_SAVE?$AA@ 010e8290     shell.o
3376	PENDING	000b:000250c4       ??_C@_0CI@MDLMKDBI@Illegal?5state?5?$CI?$CFd?$CJ?5from?5Profile?5@ 010e82a4     shell.o
3377	PENDING	000b:000250f4       ??_C@_0CE@MAMHCFKL@Unknown?5keyword?5at?5linestart?3?5?$CC?$CF@ 010e82d4     shell.o
3378	PENDING	000b:00025120       ??_C@_0CI@OINEOOHN@Error?5parsing?5file?3?5Unexpected?5?$CC@ 010e8300     shell.o
3379	PENDING	000b:00025150       ??_C@_0CK@MDLCDPCE@Language?5?$CC?$CFs?$CC?5found?5when?5expecti@ 010e8330     shell.o
3380	PENDING	000b:00025184       ??_C@_05GAAJBAGC@LANG_?$AA@ 010e8364     shell.o
3381	PENDING	000b:0002518c       ??_C@_09MOKDLBPF@ENDMARKER?$AA@ 010e836c     shell.o
3382	PENDING	000b:00025198       ??_C@_0CI@KDEDJOBI@Error?5parsing?5file?3?5Unexpected?5?$CC@ 010e8378     shell.o
3383	PENDING	000b:000251cc       ??_C@_05MNNEKIOP@FLAGS?$AA@ 010e83ac     shell.o
3384	PENDING	000b:000251d4       ??_C@_09JJBMMPBC@REFERENCE?$AA@ 010e83b4     shell.o
3385	PENDING	000b:000251e0       ??_C@_05CGECDJB@NOTES?$AA@ 010e83c0     shell.o
3386	PENDING	000b:000251e8       ??_C@_09NJLIKFID@FILENOTES?$AA@ 010e83c8     shell.o
3387	PENDING	000b:000251f4       ??_C@_06HALBHJJI@CONFIG?$AA@ 010e83d4     shell.o
3388	PENDING	000b:000251fc       ??_C@_0CN@ILAKIHHL@Unexpected?5version?5number?5?$CFd?0?5ex@ 010e83dc     shell.o
3389	PENDING	000b:00025234       ??_C@_07NCHCCDCP@VERSION?$AA@ 010e8414     shell.o
3390	PENDING	000b:00025240       ??_C@_0DB@LMDLPGPI@Truncated?5file?0?5failed?5to?5find?5?$CC@ 010e8420     shell.o
3391	PENDING	000b:0002527c       ??_C@_0BF@CMLOIMHC@Unable?5to?5load?5?$CC?$CFs?$CC?$CB?$AA@ 010e845c     shell.o
3392	PENDING	000b:00025298       ??_C@_04HFNEMJJL@?4ste?$AA@ 010e8478     shell.o
3393	PENDING	000b:000252a0       ??_C@_0BI@CGDOIOEM@i_helvetica_bold_italic?$AA@ 010e8480     shell.o
3394	PENDING	000b:000252bc       ??_C@_0BC@NIOHCNPJ@i_button_icons_xb?$AA@ 010e849c     shell.o
3395	PENDING	000b:000252d4       ??_C@_08MENFKGME@garamond?$AA@ 010e84b4     shell.o
3396	PENDING	000b:000252e0       ??_C@_0BB@CAHIHCOB@toggle?5cl_paused?$AA@ 010e84c0     shell.o
3397	PENDING	000b:000252f4       ??_C@_09LKKJGOPK@?$CLweapnext?$AA@ 010e84d4     shell.o
3398	PENDING	000b:00025300       ??_C@_0CA@KCJFNNCK@MPLOADING_TIP_TITLE_GENERAL_101?$AA@ 010e84e0     shell.o
3399	PENDING	000b:00025328       ??_C@_0CA@LLIOOMGL@MPLOADING_TIP_TITLE_GENERAL_100?$AA@ 010e8508     shell.o
3400	PENDING	000b:00025350       ??_C@_0BP@HMKDLCOI@MPLOADING_TIP_TITLE_GENERAL_99?$AA@ 010e8530     shell.o
3401	PENDING	000b:00025378       ??_C@_0BP@GFLIIDKJ@MPLOADING_TIP_TITLE_GENERAL_98?$AA@ 010e8558     shell.o
3402	PENDING	000b:000253a0       ??_C@_0BP@OCCAJPGG@MPLOADING_TIP_TITLE_GENERAL_97?$AA@ 010e8580     shell.o
3403	PENDING	000b:000253c8       ??_C@_0BP@PLDLKOCH@MPLOADING_TIP_TITLE_GENERAL_96?$AA@ 010e85a8     shell.o
3404	PENDING	000b:000253f0       ??_C@_0BP@NABGPNOE@MPLOADING_TIP_TITLE_GENERAL_95?$AA@ 010e85d0     shell.o
3405	PENDING	000b:00025418       ??_C@_0BP@MJANMMKF@MPLOADING_TIP_TITLE_GENERAL_94?$AA@ 010e85f8     shell.o
3406	PENDING	000b:00025440       ??_C@_0BP@IGEMFKGC@MPLOADING_TIP_TITLE_GENERAL_93?$AA@ 010e8620     shell.o
3407	PENDING	000b:00025468       ??_C@_0BP@JPFHGLCD@MPLOADING_TIP_TITLE_GENERAL_92?$AA@ 010e8648     shell.o
3408	PENDING	000b:00025490       ??_C@_0BP@LEHKDIOA@MPLOADING_TIP_TITLE_GENERAL_91?$AA@ 010e8670     shell.o
3409	PENDING	000b:000254b8       ??_C@_0BP@KNGBAJKB@MPLOADING_TIP_TITLE_GENERAL_90?$AA@ 010e8698     shell.o
3410	PENDING	000b:000254e0       ??_C@_0BP@HNGBNINP@MPLOADING_TIP_TITLE_GENERAL_89?$AA@ 010e86c0     shell.o
3411	PENDING	000b:00025508       ??_C@_0BP@GEHKOJJO@MPLOADING_TIP_TITLE_GENERAL_88?$AA@ 010e86e8     shell.o
3412	PENDING	000b:00025530       ??_C@_0BP@ODOCPFFB@MPLOADING_TIP_TITLE_GENERAL_87?$AA@ 010e8710     shell.o
3413	PENDING	000b:00025558       ??_C@_0BP@PKPJMEBA@MPLOADING_TIP_TITLE_GENERAL_86?$AA@ 010e8738     shell.o
3414	PENDING	000b:00025580       ??_C@_0BP@NBNEJHND@MPLOADING_TIP_TITLE_GENERAL_85?$AA@ 010e8760     shell.o
3415	PENDING	000b:000255a8       ??_C@_0BP@MIMPKGJC@MPLOADING_TIP_TITLE_GENERAL_84?$AA@ 010e8788     shell.o
3416	PENDING	000b:000255d0       ??_C@_0BP@IHIODAFF@MPLOADING_TIP_TITLE_GENERAL_83?$AA@ 010e87b0     shell.o
3417	PENDING	000b:000255f8       ??_C@_0BP@JOJFABBE@MPLOADING_TIP_TITLE_GENERAL_82?$AA@ 010e87d8     shell.o
3418	PENDING	000b:00025620       ??_C@_0BP@LFLIFCNH@MPLOADING_TIP_TITLE_GENERAL_81?$AA@ 010e8800     shell.o
3419	PENDING	000b:00025648       ??_C@_0BP@KMKDGDJG@MPLOADING_TIP_TITLE_GENERAL_80?$AA@ 010e8828     shell.o
3420	PENDING	000b:00025670       ??_C@_0BP@HGDNJPOC@MPLOADING_TIP_TITLE_GENERAL_79?$AA@ 010e8850     shell.o
3421	PENDING	000b:00025698       ??_C@_0BP@GPCGKOKD@MPLOADING_TIP_TITLE_GENERAL_78?$AA@ 010e8878     shell.o
3422	PENDING	000b:000256c0       ??_C@_0BP@PBKFIDCN@MPLOADING_TIP_TITLE_GENERAL_76?$AA@ 010e88a0     shell.o
3423	PENDING	000b:000256e8       ??_C@_0BP@NKIINAOO@MPLOADING_TIP_TITLE_GENERAL_75?$AA@ 010e88c8     shell.o
3424	PENDING	000b:00025710       ??_C@_0BP@MDJDOBKP@MPLOADING_TIP_TITLE_GENERAL_74?$AA@ 010e88f0     shell.o
3425	PENDING	000b:00025738       ??_C@_0BP@IMNCHHGI@MPLOADING_TIP_TITLE_GENERAL_73?$AA@ 010e8918     shell.o
3426	PENDING	000b:00025760       ??_C@_0BP@LOOEBFOK@MPLOADING_TIP_TITLE_GENERAL_71?$AA@ 010e8940     shell.o
3427	PENDING	000b:00025788       ??_C@_0BP@KHPPCEKL@MPLOADING_TIP_TITLE_GENERAL_70?$AA@ 010e8968     shell.o
3428	PENDING	000b:000257b0       ??_C@_0BP@HHPPPFNF@MPLOADING_TIP_TITLE_GENERAL_69?$AA@ 010e8990     shell.o
3429	PENDING	000b:000257d8       ??_C@_0BP@GOOEMEJE@MPLOADING_TIP_TITLE_GENERAL_68?$AA@ 010e89b8     shell.o
3430	PENDING	000b:00025800       ??_C@_0BP@PAGHOJBK@MPLOADING_TIP_TITLE_GENERAL_66?$AA@ 010e89e0     shell.o
3431	PENDING	000b:00025828       ??_C@_0BP@INBABNFP@MPLOADING_TIP_TITLE_GENERAL_63?$AA@ 010e8a08     shell.o
3432	PENDING	000b:00025850       ??_C@_0BP@LPCGHPNN@MPLOADING_TIP_TITLE_GENERAL_61?$AA@ 010e8a30     shell.o
3433	PENDING	000b:00025878       ??_C@_0BP@OLDKGGAC@MPLOADING_TIP_TITLE_GENERAL_57?$AA@ 010e8a58     shell.o
3434	PENDING	000b:000258a0       ??_C@_0BP@PCCBFHED@MPLOADING_TIP_TITLE_GENERAL_56?$AA@ 010e8a80     shell.o
3435	PENDING	000b:000258c8       ??_C@_0BP@NJAMAEIA@MPLOADING_TIP_TITLE_GENERAL_55?$AA@ 010e8aa8     shell.o
3436	PENDING	000b:000258f0       ??_C@_0BP@MABHDFMB@MPLOADING_TIP_TITLE_GENERAL_54?$AA@ 010e8ad0     shell.o
3437	PENDING	000b:00025918       ??_C@_0BP@IPFGKDAG@MPLOADING_TIP_TITLE_GENERAL_53?$AA@ 010e8af8     shell.o
3438	PENDING	000b:00025940       ??_C@_0BP@JGENJCEH@MPLOADING_TIP_TITLE_GENERAL_52?$AA@ 010e8b20     shell.o
3439	PENDING	000b:00025968       ??_C@_0BP@LNGAMBIE@MPLOADING_TIP_TITLE_GENERAL_51?$AA@ 010e8b48     shell.o
3440	PENDING	000b:00025990       ??_C@_0BP@KEHLPAMF@MPLOADING_TIP_TITLE_GENERAL_50?$AA@ 010e8b70     shell.o
3441	PENDING	000b:000259b8       ??_C@_0BP@HEHLCBLL@MPLOADING_TIP_TITLE_GENERAL_49?$AA@ 010e8b98     shell.o
3442	PENDING	000b:000259e0       ??_C@_0BP@GNGABAPK@MPLOADING_TIP_TITLE_GENERAL_48?$AA@ 010e8bc0     shell.o
3443	PENDING	000b:00025a08       ??_C@_0BP@OKPIAMDF@MPLOADING_TIP_TITLE_GENERAL_47?$AA@ 010e8be8     shell.o
3444	PENDING	000b:00025a30       ??_C@_0BP@PDODDNHE@MPLOADING_TIP_TITLE_GENERAL_46?$AA@ 010e8c10     shell.o
3445	PENDING	000b:00025a58       ??_C@_0BP@MBNFFPPG@MPLOADING_TIP_TITLE_GENERAL_44?$AA@ 010e8c38     shell.o
3446	PENDING	000b:00025a80       ??_C@_0BP@IOJEMJDB@MPLOADING_TIP_TITLE_GENERAL_43?$AA@ 010e8c60     shell.o
3447	PENDING	000b:00025aa8       ??_C@_0BP@JHIPPIHA@MPLOADING_TIP_TITLE_GENERAL_42?$AA@ 010e8c88     shell.o
3448	PENDING	000b:00025ad0       ??_C@_0BP@LMKCKLLD@MPLOADING_TIP_TITLE_GENERAL_41?$AA@ 010e8cb0     shell.o
3449	PENDING	000b:00025af8       ??_C@_0BP@KFLJJKPC@MPLOADING_TIP_TITLE_GENERAL_40?$AA@ 010e8cd8     shell.o
3450	PENDING	000b:00025b20       ??_C@_0BP@HBDEDHDO@MPLOADING_TIP_TITLE_GENERAL_39?$AA@ 010e8d00     shell.o
3451	PENDING	000b:00025b48       ??_C@_0BP@GICPAGHP@MPLOADING_TIP_TITLE_GENERAL_38?$AA@ 010e8d28     shell.o
3452	PENDING	000b:00025b70       ??_C@_0BP@OPLHBKLA@MPLOADING_TIP_TITLE_GENERAL_37?$AA@ 010e8d50     shell.o
3453	PENDING	000b:00025b98       ??_C@_0BP@PGKMCLPB@MPLOADING_TIP_TITLE_GENERAL_36?$AA@ 010e8d78     shell.o
3454	PENDING	000b:00025bc0       ??_C@_0BP@MEJKEJHD@MPLOADING_TIP_TITLE_GENERAL_34?$AA@ 010e8da0     shell.o
3455	PENDING	000b:00025be8       ??_C@_0BP@ILNLNPLE@MPLOADING_TIP_TITLE_GENERAL_33?$AA@ 010e8dc8     shell.o
3456	PENDING	000b:00025c10       ??_C@_0BP@JCMAOOPF@MPLOADING_TIP_TITLE_GENERAL_32?$AA@ 010e8df0     shell.o
3457	PENDING	000b:00025c38       ??_C@_0BP@KAPGIMHH@MPLOADING_TIP_TITLE_GENERAL_30?$AA@ 010e8e18     shell.o
3458	PENDING	000b:00025c60       ??_C@_0BP@HAPGFNAJ@MPLOADING_TIP_TITLE_GENERAL_29?$AA@ 010e8e40     shell.o
3459	PENDING	000b:00025c88       ??_C@_0BP@GJONGMEI@MPLOADING_TIP_TITLE_GENERAL_28?$AA@ 010e8e68     shell.o
3460	PENDING	000b:00025cb0       ??_C@_0BP@OOHFHAIH@MPLOADING_TIP_TITLE_GENERAL_27?$AA@ 010e8e90     shell.o
3461	PENDING	000b:00025cd8       ??_C@_0BP@NMEDBCAF@MPLOADING_TIP_TITLE_GENERAL_25?$AA@ 010e8eb8     shell.o
3462	PENDING	000b:00025d00       ??_C@_0BP@MFFICDEE@MPLOADING_TIP_TITLE_GENERAL_24?$AA@ 010e8ee0     shell.o
3463	PENDING	000b:00025d28       ??_C@_0BP@IKBJLFID@MPLOADING_TIP_TITLE_GENERAL_23?$AA@ 010e8f08     shell.o
3464	PENDING	000b:00025d50       ??_C@_0BP@JDACIEMC@MPLOADING_TIP_TITLE_GENERAL_22?$AA@ 010e8f30     shell.o
3465	PENDING	000b:00025d78       ??_C@_0BP@LICPNHAB@MPLOADING_TIP_TITLE_GENERAL_21?$AA@ 010e8f58     shell.o
3466	PENDING	000b:00025da0       ??_C@_0BP@KBDEOGEA@MPLOADING_TIP_TITLE_GENERAL_20?$AA@ 010e8f80     shell.o
3467	PENDING	000b:00025dc8       ??_C@_0BP@GLKLNCBB@MPLOADING_TIP_TITLE_GENERAL_18?$AA@ 010e8fa8     shell.o
3468	PENDING	000b:00025df0       ??_C@_0BP@OMDDMONO@MPLOADING_TIP_TITLE_GENERAL_17?$AA@ 010e8fd0     shell.o
3469	PENDING	000b:00025e18       ??_C@_0BP@PFCIPPJP@MPLOADING_TIP_TITLE_GENERAL_16?$AA@ 010e8ff8     shell.o
3470	PENDING	000b:00025e40       ??_C@_0BP@NOAFKMFM@MPLOADING_TIP_TITLE_GENERAL_15?$AA@ 010e9020     shell.o
3471	PENDING	000b:00025e68       ??_C@_0BP@MHBOJNBN@MPLOADING_TIP_TITLE_GENERAL_14?$AA@ 010e9048     shell.o
3472	PENDING	000b:00025e90       ??_C@_0BP@IIFPALNK@MPLOADING_TIP_TITLE_GENERAL_13?$AA@ 010e9070     shell.o
3473	PENDING	000b:00025eb8       ??_C@_0BP@JBEEDKJL@MPLOADING_TIP_TITLE_GENERAL_12?$AA@ 010e9098     shell.o
3474	PENDING	000b:00025ee0       ??_C@_0BP@KDHCFIBJ@MPLOADING_TIP_TITLE_GENERAL_10?$AA@ 010e90c0     shell.o
3475	PENDING	000b:00025f08       ??_C@_0BP@HDHCIJGH@MPLOADING_TIP_TITLE_GENERAL_09?$AA@ 010e90e8     shell.o
3476	PENDING	000b:00025f30       ??_C@_0BP@GKGJLICG@MPLOADING_TIP_TITLE_GENERAL_08?$AA@ 010e9110     shell.o
3477	PENDING	000b:00025f58       ??_C@_0BP@ONPBKEOJ@MPLOADING_TIP_TITLE_GENERAL_07?$AA@ 010e9138     shell.o
3478	PENDING	000b:00025f80       ??_C@_0BP@PEOKJFKI@MPLOADING_TIP_TITLE_GENERAL_06?$AA@ 010e9160     shell.o
3479	PENDING	000b:00025fa8       ??_C@_0BP@NPMHMGGL@MPLOADING_TIP_TITLE_GENERAL_05?$AA@ 010e9188     shell.o
3480	PENDING	000b:00025fd0       ??_C@_0BP@MGNMPHCK@MPLOADING_TIP_TITLE_GENERAL_04?$AA@ 010e91b0     shell.o
3481	PENDING	000b:00025ff8       ??_C@_0BP@IJJNGBON@MPLOADING_TIP_TITLE_GENERAL_03?$AA@ 010e91d8     shell.o
3482	PENDING	000b:00026020       ??_C@_0BP@JAIGFAKM@MPLOADING_TIP_TITLE_GENERAL_02?$AA@ 010e9200     shell.o
3483	PENDING	000b:00026048       ??_C@_0BP@LLKLADGP@MPLOADING_TIP_TITLE_GENERAL_01?$AA@ 010e9228     shell.o
3484	PENDING	000b:00026070       ??_C@_0BK@DKLCCPBF@MPLOADING_TIP_GENERAL_101?$AA@ 010e9250     shell.o
3485	PENDING	000b:00026090       ??_C@_0BK@CDKJBOFE@MPLOADING_TIP_GENERAL_100?$AA@ 010e9270     shell.o
3486	PENDING	000b:000260b0       ??_C@_0BJ@IJHBDBKK@MPLOADING_TIP_GENERAL_99?$AA@ 010e9290     shell.o
3487	PENDING	000b:000260d0       ??_C@_0BJ@JAGKAAOL@MPLOADING_TIP_GENERAL_98?$AA@ 010e92b0     shell.o
3488	PENDING	000b:000260f0       ??_C@_0BJ@BHPCBMCE@MPLOADING_TIP_GENERAL_97?$AA@ 010e92d0     shell.o
3489	PENDING	000b:00026110       ??_C@_0BJ@OOJCNGF@MPLOADING_TIP_GENERAL_96?$AA@ 010e92f0     shell.o
3490	PENDING	000b:00026130       ??_C@_0BJ@CFMEHOKG@MPLOADING_TIP_GENERAL_95?$AA@ 010e9310     shell.o
3491	PENDING	000b:00026150       ??_C@_0BJ@DMNPEPOH@MPLOADING_TIP_GENERAL_94?$AA@ 010e9330     shell.o
3492	PENDING	000b:00026170       ??_C@_0BJ@HDJONJCA@MPLOADING_TIP_GENERAL_93?$AA@ 010e9350     shell.o
3493	PENDING	000b:00026190       ??_C@_0BJ@GKIFOIGB@MPLOADING_TIP_GENERAL_92?$AA@ 010e9370     shell.o
3494	PENDING	000b:000261b0       ??_C@_0BJ@EBKILLKC@MPLOADING_TIP_GENERAL_91?$AA@ 010e9390     shell.o
3495	PENDING	000b:000261d0       ??_C@_0BJ@FILDIKOD@MPLOADING_TIP_GENERAL_90?$AA@ 010e93b0     shell.o
3496	PENDING	000b:000261f0       ??_C@_0BJ@IILDFLJN@MPLOADING_TIP_GENERAL_89?$AA@ 010e93d0     shell.o
3497	PENDING	000b:00026210       ??_C@_0BJ@JBKIGKNM@MPLOADING_TIP_GENERAL_88?$AA@ 010e93f0     shell.o
3498	PENDING	000b:00026230       ??_C@_0BJ@BGDAHGBD@MPLOADING_TIP_GENERAL_87?$AA@ 010e9410     shell.o
3499	PENDING	000b:00026250       ??_C@_0BJ@PCLEHFC@MPLOADING_TIP_GENERAL_86?$AA@ 010e9430     shell.o
3500	PENDING	000b:00026270       ??_C@_0BJ@CEAGBEJB@MPLOADING_TIP_GENERAL_85?$AA@ 010e9450     shell.o
3501	PENDING	000b:00026290       ??_C@_0BJ@DNBNCFNA@MPLOADING_TIP_GENERAL_84?$AA@ 010e9470     shell.o
3502	PENDING	000b:000262b0       ??_C@_0BJ@HCFMLDBH@MPLOADING_TIP_GENERAL_83?$AA@ 010e9490     shell.o
3503	PENDING	000b:000262d0       ??_C@_0BJ@GLEHICFG@MPLOADING_TIP_GENERAL_82?$AA@ 010e94b0     shell.o
3504	PENDING	000b:000262f0       ??_C@_0BJ@EAGKNBJF@MPLOADING_TIP_GENERAL_81?$AA@ 010e94d0     shell.o
3505	PENDING	000b:00026310       ??_C@_0BJ@FJHBOANE@MPLOADING_TIP_GENERAL_80?$AA@ 010e94f0     shell.o
3506	PENDING	000b:00026330       ??_C@_0BJ@IDOPBMKA@MPLOADING_TIP_GENERAL_79?$AA@ 010e9510     shell.o
3507	PENDING	000b:00026350       ??_C@_0BJ@JKPECNOB@MPLOADING_TIP_GENERAL_78?$AA@ 010e9530     shell.o
3508	PENDING	000b:00026370       ??_C@_0BJ@EHHAAGP@MPLOADING_TIP_GENERAL_76?$AA@ 010e9550     shell.o
3509	PENDING	000b:00026390       ??_C@_0BJ@CPFKFDKM@MPLOADING_TIP_GENERAL_75?$AA@ 010e9570     shell.o
3510	PENDING	000b:000263b0       ??_C@_0BJ@DGEBGCON@MPLOADING_TIP_GENERAL_74?$AA@ 010e9590     shell.o
3511	PENDING	000b:000263d0       ??_C@_0BJ@HJAAPECK@MPLOADING_TIP_GENERAL_73?$AA@ 010e95b0     shell.o
3512	PENDING	000b:000263f0       ??_C@_0BJ@ELDGJGKI@MPLOADING_TIP_GENERAL_71?$AA@ 010e95d0     shell.o
3513	PENDING	000b:00026410       ??_C@_0BJ@FCCNKHOJ@MPLOADING_TIP_GENERAL_70?$AA@ 010e95f0     shell.o
3514	PENDING	000b:00026430       ??_C@_0BJ@ICCNHGJH@MPLOADING_TIP_GENERAL_69?$AA@ 010e9610     shell.o
3515	PENDING	000b:00026450       ??_C@_0BJ@JLDGEHNG@MPLOADING_TIP_GENERAL_68?$AA@ 010e9630     shell.o
3516	PENDING	000b:00026470       ??_C@_0BJ@FLFGKFI@MPLOADING_TIP_GENERAL_66?$AA@ 010e9650     shell.o
3517	PENDING	000b:00026490       ??_C@_0BJ@HIMCJOBN@MPLOADING_TIP_GENERAL_63?$AA@ 010e9670     shell.o
3518	PENDING	000b:000264b0       ??_C@_0BJ@EKPEPMJP@MPLOADING_TIP_GENERAL_61?$AA@ 010e9690     shell.o
3519	PENDING	000b:000264d0       ??_C@_0BJ@BOOIOFEA@MPLOADING_TIP_GENERAL_57?$AA@ 010e96b0     shell.o
3520	PENDING	000b:000264f0       ??_C@_0BJ@HPDNEAB@MPLOADING_TIP_GENERAL_56?$AA@ 010e96d0     shell.o
3521	PENDING	000b:00026510       ??_C@_0BJ@CMNOIHMC@MPLOADING_TIP_GENERAL_55?$AA@ 010e96f0     shell.o
3522	PENDING	000b:00026530       ??_C@_0BJ@DFMFLGID@MPLOADING_TIP_GENERAL_54?$AA@ 010e9710     shell.o
3523	PENDING	000b:00026550       ??_C@_0BJ@HKIECAEE@MPLOADING_TIP_GENERAL_53?$AA@ 010e9730     shell.o
3524	PENDING	000b:00026570       ??_C@_0BJ@GDJPBBAF@MPLOADING_TIP_GENERAL_52?$AA@ 010e9750     shell.o
3525	PENDING	000b:00026590       ??_C@_0BJ@EILCECMG@MPLOADING_TIP_GENERAL_51?$AA@ 010e9770     shell.o
3526	PENDING	000b:000265b0       ??_C@_0BJ@FBKJHDIH@MPLOADING_TIP_GENERAL_50?$AA@ 010e9790     shell.o
3527	PENDING	000b:000265d0       ??_C@_0BJ@IBKJKCPJ@MPLOADING_TIP_GENERAL_49?$AA@ 010e97b0     shell.o
3528	PENDING	000b:000265f0       ??_C@_0BJ@JILCJDLI@MPLOADING_TIP_GENERAL_48?$AA@ 010e97d0     shell.o
3529	PENDING	000b:00026610       ??_C@_0BJ@BPCKIPHH@MPLOADING_TIP_GENERAL_47?$AA@ 010e97f0     shell.o
3530	PENDING	000b:00026630       ??_C@_0BJ@GDBLODG@MPLOADING_TIP_GENERAL_46?$AA@ 010e9810     shell.o
3531	PENDING	000b:00026650       ??_C@_0BJ@DEAHNMLE@MPLOADING_TIP_GENERAL_44?$AA@ 010e9830     shell.o
3532	PENDING	000b:00026670       ??_C@_0BJ@HLEGEKHD@MPLOADING_TIP_GENERAL_43?$AA@ 010e9850     shell.o
3533	PENDING	000b:00026690       ??_C@_0BJ@GCFNHLDC@MPLOADING_TIP_GENERAL_42?$AA@ 010e9870     shell.o
3534	PENDING	000b:000266b0       ??_C@_0BJ@EJHACIPB@MPLOADING_TIP_GENERAL_41?$AA@ 010e9890     shell.o
3535	PENDING	000b:000266d0       ??_C@_0BJ@FAGLBJLA@MPLOADING_TIP_GENERAL_40?$AA@ 010e98b0     shell.o
3536	PENDING	000b:000266f0       ??_C@_0BJ@IEOGLEHM@MPLOADING_TIP_GENERAL_39?$AA@ 010e98d0     shell.o
3537	PENDING	000b:00026710       ??_C@_0BJ@JNPNIFDN@MPLOADING_TIP_GENERAL_38?$AA@ 010e98f0     shell.o
3538	PENDING	000b:00026730       ??_C@_0BJ@BKGFJJPC@MPLOADING_TIP_GENERAL_37?$AA@ 010e9910     shell.o
3539	PENDING	000b:00026750       ??_C@_0BJ@DHOKILD@MPLOADING_TIP_GENERAL_36?$AA@ 010e9930     shell.o
3540	PENDING	000b:00026770       ??_C@_0BJ@DBEIMKDB@MPLOADING_TIP_GENERAL_34?$AA@ 010e9950     shell.o
3541	PENDING	000b:00026790       ??_C@_0BJ@HOAJFMPG@MPLOADING_TIP_GENERAL_33?$AA@ 010e9970     shell.o
3542	PENDING	000b:000267b0       ??_C@_0BJ@GHBCGNLH@MPLOADING_TIP_GENERAL_32?$AA@ 010e9990     shell.o
3543	PENDING	000b:000267d0       ??_C@_0BJ@FFCEAPDF@MPLOADING_TIP_GENERAL_30?$AA@ 010e99b0     shell.o
3544	PENDING	000b:000267f0       ??_C@_0BJ@IFCENOEL@MPLOADING_TIP_GENERAL_29?$AA@ 010e99d0     shell.o
3545	PENDING	000b:00026810       ??_C@_0BJ@JMDPOPAK@MPLOADING_TIP_GENERAL_28?$AA@ 010e99f0     shell.o
3546	PENDING	000b:00026830       ??_C@_0BJ@BLKHPDMF@MPLOADING_TIP_GENERAL_27?$AA@ 010e9a10     shell.o
3547	PENDING	000b:00026850       ??_C@_0BJ@CJJBJBEH@MPLOADING_TIP_GENERAL_25?$AA@ 010e9a30     shell.o
3548	PENDING	000b:00026870       ??_C@_0BJ@DAIKKAAG@MPLOADING_TIP_GENERAL_24?$AA@ 010e9a50     shell.o
3549	PENDING	000b:00026890       ??_C@_0BJ@HPMLDGMB@MPLOADING_TIP_GENERAL_23?$AA@ 010e9a70     shell.o
3550	PENDING	000b:000268b0       ??_C@_0BJ@GGNAAHIA@MPLOADING_TIP_GENERAL_22?$AA@ 010e9a90     shell.o
3551	PENDING	000b:000268d0       ??_C@_0BJ@ENPNFEED@MPLOADING_TIP_GENERAL_21?$AA@ 010e9ab0     shell.o
3552	PENDING	000b:000268f0       ??_C@_0BJ@FEOGGFAC@MPLOADING_TIP_GENERAL_20?$AA@ 010e9ad0     shell.o
3553	PENDING	000b:00026910       ??_C@_0BJ@JOHJFBFD@MPLOADING_TIP_GENERAL_18?$AA@ 010e9af0     shell.o
3554	PENDING	000b:00026930       ??_C@_0BJ@BJOBENJM@MPLOADING_TIP_GENERAL_17?$AA@ 010e9b10     shell.o
3555	PENDING	000b:00026950       ??_C@_0BJ@PKHMNN@MPLOADING_TIP_GENERAL_16?$AA@ 010e9b30     shell.o
3556	PENDING	000b:00026970       ??_C@_0BJ@CLNHCPBO@MPLOADING_TIP_GENERAL_15?$AA@ 010e9b50     shell.o
3557	PENDING	000b:00026990       ??_C@_0BJ@DCMMBOFP@MPLOADING_TIP_GENERAL_14?$AA@ 010e9b70     shell.o
3558	PENDING	000b:000269b0       ??_C@_0BJ@HNINIIJI@MPLOADING_TIP_GENERAL_13?$AA@ 010e9b90     shell.o
3559	PENDING	000b:000269d0       ??_C@_0BJ@GEJGLJNJ@MPLOADING_TIP_GENERAL_12?$AA@ 010e9bb0     shell.o
3560	PENDING	000b:000269f0       ??_C@_0BJ@FGKANLFL@MPLOADING_TIP_GENERAL_10?$AA@ 010e9bd0     shell.o
3561	PENDING	000b:00026a10       ??_C@_0BJ@IGKAAKCF@MPLOADING_TIP_GENERAL_09?$AA@ 010e9bf0     shell.o
3562	PENDING	000b:00026a30       ??_C@_0BJ@JPLLDLGE@MPLOADING_TIP_GENERAL_08?$AA@ 010e9c10     shell.o
3563	PENDING	000b:00026a50       ??_C@_0BJ@BICDCHKL@MPLOADING_TIP_GENERAL_07?$AA@ 010e9c30     shell.o
3564	PENDING	000b:00026a70       ??_C@_0BJ@BDIBGOK@MPLOADING_TIP_GENERAL_06?$AA@ 010e9c50     shell.o
3565	PENDING	000b:00026a90       ??_C@_0BJ@CKBFEFCJ@MPLOADING_TIP_GENERAL_05?$AA@ 010e9c70     shell.o
3566	PENDING	000b:00026ab0       ??_C@_0BJ@DDAOHEGI@MPLOADING_TIP_GENERAL_04?$AA@ 010e9c90     shell.o
3567	PENDING	000b:00026ad0       ??_C@_0BJ@HMEPOCKP@MPLOADING_TIP_GENERAL_03?$AA@ 010e9cb0     shell.o
3568	PENDING	000b:00026af0       ??_C@_0BJ@GFFENDOO@MPLOADING_TIP_GENERAL_02?$AA@ 010e9cd0     shell.o
3569	PENDING	000b:00026b10       ??_C@_0BJ@EOHJIACN@MPLOADING_TIP_GENERAL_01?$AA@ 010e9cf0     shell.o
3570	PENDING	000b:00026b30       ??_C@_0BL@DCNNIDOD@MPLOADING_TIP_TITLE_WAR_05?$AA@ 010e9d10     shell.o
3571	PENDING	000b:00026b50       ??_C@_0BL@CLMGLCKC@MPLOADING_TIP_TITLE_WAR_04?$AA@ 010e9d30     shell.o
3572	PENDING	000b:00026b70       ??_C@_0BL@GEIHCEGF@MPLOADING_TIP_TITLE_WAR_03?$AA@ 010e9d50     shell.o
3573	PENDING	000b:00026b90       ??_C@_0BL@HNJMBFCE@MPLOADING_TIP_TITLE_WAR_02?$AA@ 010e9d70     shell.o
3574	PENDING	000b:00026bb0       ??_C@_0BL@FGLBEGOH@MPLOADING_TIP_TITLE_WAR_01?$AA@ 010e9d90     shell.o
3575	PENDING	000b:00026bd0       ??_C@_0BF@GPNONKNM@MPLOADING_TIP_WAR_05?$AA@ 010e9db0     shell.o
3576	PENDING	000b:00026bec       ??_C@_0BF@HGMFOLJN@MPLOADING_TIP_WAR_04?$AA@ 010e9dcc     shell.o
3577	PENDING	000b:00026c08       ??_C@_0BF@DJIEHNFK@MPLOADING_TIP_WAR_03?$AA@ 010e9de8     shell.o
3578	PENDING	000b:00026c24       ??_C@_0BF@CAJPEMBL@MPLOADING_TIP_WAR_02?$AA@ 010e9e04     shell.o
3579	PENDING	000b:00026c40       ??_C@_0BF@LLCBPNI@MPLOADING_TIP_WAR_01?$AA@ 010e9e20     shell.o
3580	PENDING	000b:00026c5c       ??_C@_0BL@DFLFMFA@MPLOADING_TIP_TITLE_CTF_01?$AA@ 010e9e3c     shell.o
3581	PENDING	000b:00026c7c       ??_C@_0BF@FOFIAFGP@MPLOADING_TIP_CTF_01?$AA@ 010e9e5c     shell.o
3582	PENDING	000b:00026c98       ??_C@_0BL@HKFGPCLN@MPLOADING_TIP_TITLE_SCF_01?$AA@ 010e9e78     shell.o
3583	PENDING	000b:00026cb8       ??_C@_0BF@CHFFKLIC@MPLOADING_TIP_SCF_01?$AA@ 010e9e98     shell.o
3584	PENDING	000b:00026cd4       ??_C@_0BK@NKKEDEG@MPLOADING_TIP_TITLE_HQ_05?$AA@ 010e9eb4     shell.o
3585	PENDING	000b:00026cf4       ??_C@_0BK@BELBHCAH@MPLOADING_TIP_TITLE_HQ_04?$AA@ 010e9ed4     shell.o
3586	PENDING	000b:00026d14       ??_C@_0BK@FLPAOEMA@MPLOADING_TIP_TITLE_HQ_03?$AA@ 010e9ef4     shell.o
3587	PENDING	000b:00026d34       ??_C@_0BK@ECOLNFIB@MPLOADING_TIP_TITLE_HQ_02?$AA@ 010e9f14     shell.o
3588	PENDING	000b:00026d54       ??_C@_0BK@GJMGIGEC@MPLOADING_TIP_TITLE_HQ_01?$AA@ 010e9f34     shell.o
3589	PENDING	000b:00026d74       ??_C@_0BE@GGOIHOLM@MPLOADING_TIP_HQ_05?$AA@ 010e9f54     shell.o
3590	PENDING	000b:00026d8c       ??_C@_0BE@HPPDEPPN@MPLOADING_TIP_HQ_04?$AA@ 010e9f6c     shell.o
3591	PENDING	000b:00026da4       ??_C@_0BE@DALCNJDK@MPLOADING_TIP_HQ_03?$AA@ 010e9f84     shell.o
3592	PENDING	000b:00026dbc       ??_C@_0BE@CJKJOIHL@MPLOADING_TIP_HQ_02?$AA@ 010e9f9c     shell.o
3593	PENDING	000b:00026dd4       ??_C@_0BE@CIELLLI@MPLOADING_TIP_HQ_01?$AA@ 010e9fb4     shell.o
3594	PENDING	000b:00026dec       ??_C@_0BL@NFCEMNJK@MPLOADING_TIP_TITLE_TDM_01?$AA@ 010e9fcc     shell.o
3595	PENDING	000b:00026e0c       ??_C@_0BF@IICHJEKF@MPLOADING_TIP_TDM_01?$AA@ 010e9fec     shell.o
3596	PENDING	000b:00026e28       ??_C@_0BK@LLBEDMLK@MPLOADING_TIP_TITLE_DM_01?$AA@ 010ea008     shell.o
3597	PENDING	000b:00026e48       ??_C@_0BE@NAFGABEA@MPLOADING_TIP_DM_01?$AA@ 010ea028     shell.o
3598	PENDING	000b:000dc698       ??_R1A@?0A@A@PanelAnimObject@@8 0119f878     shell.o
3599	PENDING	000b:000dc6b4       ??_R2PanelAnimObject@@8    0119f894     shell.o
3600	PENDING	000b:000dc6bc       ??_R3PanelAnimObject@@8    0119f89c     shell.o
3601	PENDING	000b:000dc6d0       ??_R4PanelAnimObject@@6B@  0119f8b0     shell.o
3602	PENDING	000b:000dc6e8       ??_R1A@?0A@A@FEText@@8     0119f8c8     shell.o
3603	PENDING	000b:000dc704       ??_R2FEText@@8             0119f8e4     shell.o
3604	PENDING	000b:000dc710       ??_R3FEText@@8             0119f8f0     shell.o
3605	PENDING	000b:000dc724       ??_R4FEText@@6B@           0119f904     shell.o
3606	PENDING	000b:000dc73c       ??_R1A@?0A@A@FEMenuEntry@@8 0119f91c     shell.o
3607	PENDING	000b:000dc758       ??_R2FEMenuEntry@@8        0119f938     shell.o
3608	PENDING	000b:000dc760       ??_R3FEMenuEntry@@8        0119f940     shell.o
3609	PENDING	000b:000dc774       ??_R4FEMenuEntry@@6B@      0119f954     shell.o
3610	PENDING	000b:000dc78c       ??_R1A@?0A@A@PanelFileUser@@8 0119f96c     shell.o
3611	PENDING	000b:000dc7a8       ??_R2PanelFileUser@@8      0119f988     shell.o
3612	PENDING	000b:000dc7b0       ??_R3PanelFileUser@@8      0119f990     shell.o
3613	PENDING	000b:000dc7c4       ??_R4PanelFileUser@@6B@    0119f9a4     shell.o
3614	PENDING	000b:000dc7dc       ??_R1A@?0A@A@IGOWidget@@8  0119f9bc     shell.o
3615	PENDING	000b:000dc7f8       ??_R2IGOWidget@@8          0119f9d8     shell.o
3616	PENDING	000b:000dc800       ??_R3IGOWidget@@8          0119f9e0     shell.o
3617	PENDING	000b:000dc814       ??_R4IGOWidget@@6B@        0119f9f4     shell.o
3618	PENDING	000b:000dc82c       ??_R1A@?0A@A@IGOFrontEnd@@8 0119fa0c     shell.o
3619	PENDING	000b:000dc848       ??_R2IGOFrontEnd@@8        0119fa28     shell.o
3620	PENDING	000b:000dc854       ??_R3IGOFrontEnd@@8        0119fa34     shell.o
3621	PENDING	000b:000dc868       ??_R4IGOFrontEnd@@6B@      0119fa48     shell.o
3622	PENDING	000b:000dc880       ??_R1A@?0A@A@IGOStanceWidget@@8 0119fa60     shell.o
3623	PENDING	000b:000dc89c       ??_R2IGOStanceWidget@@8    0119fa7c     shell.o
3624	PENDING	000b:000dc8a8       ??_R3IGOStanceWidget@@8    0119fa88     shell.o
3625	PENDING	000b:000dc8bc       ??_R4IGOStanceWidget@@6B@  0119fa9c     shell.o
3626	PENDING	000b:000dc8d4       ??_R1A@?0A@A@IGOHealthWidget@@8 0119fab4     shell.o
3627	PENDING	000b:000dc8f0       ??_R2IGOHealthWidget@@8    0119fad0     shell.o
3628	PENDING	000b:000dc8fc       ??_R3IGOHealthWidget@@8    0119fadc     shell.o
3629	PENDING	000b:000dc910       ??_R4IGOHealthWidget@@6B@  0119faf0     shell.o
3630	PENDING	000b:000dc928       ??_R1A@?0A@A@IGOHQProgressBarWidget@@8 0119fb08     shell.o
3631	PENDING	000b:000dc944       ??_R2IGOHQProgressBarWidget@@8 0119fb24     shell.o
3632	PENDING	000b:000dc950       ??_R3IGOHQProgressBarWidget@@8 0119fb30     shell.o
3633	PENDING	000b:000dc964       ??_R4IGOHQProgressBarWidget@@6B@ 0119fb44     shell.o
3634	PENDING	000b:000dc97c       ??_R1A@?0A@A@IGORaiseFlagWidget@@8 0119fb5c     shell.o
3635	PENDING	000b:000dc998       ??_R2IGORaiseFlagWidget@@8 0119fb78     shell.o
3636	PENDING	000b:000dc9a4       ??_R3IGORaiseFlagWidget@@8 0119fb84     shell.o
3637	PENDING	000b:000dc9b8       ??_R4IGORaiseFlagWidget@@6B@ 0119fb98     shell.o
3638	PENDING	000b:000dc9d0       ??_R1A@?0A@A@IGOTimerWidget@@8 0119fbb0     shell.o
3639	PENDING	000b:000dc9ec       ??_R2IGOTimerWidget@@8     0119fbcc     shell.o
3640	PENDING	000b:000dc9f8       ??_R3IGOTimerWidget@@8     0119fbd8     shell.o
3641	PENDING	000b:000dca0c       ??_R4IGOTimerWidget@@6B@   0119fbec     shell.o
3642	PENDING	000b:000dca24       ??_R1A@?0A@A@IGOInGameScoreWidget@@8 0119fc04     shell.o
3643	PENDING	000b:000dca40       ??_R2IGOInGameScoreWidget@@8 0119fc20     shell.o
3644	PENDING	000b:000dca4c       ??_R3IGOInGameScoreWidget@@8 0119fc2c     shell.o
3645	PENDING	000b:000dca60       ??_R4IGOInGameScoreWidget@@6B@ 0119fc40     shell.o
3646	PENDING	000b:000dca78       ??_R1A@?0A@A@IGOAmmoWidget@@8 0119fc58     shell.o
3647	PENDING	000b:000dca94       ??_R2IGOAmmoWidget@@8      0119fc74     shell.o
3648	PENDING	000b:000dcaa0       ??_R3IGOAmmoWidget@@8      0119fc80     shell.o
3649	PENDING	000b:000dcab4       ??_R4IGOAmmoWidget@@6B@    0119fc94     shell.o
3650	PENDING	000b:000dcacc       ??_R1A@?0A@A@IGOGrenadeWidget@@8 0119fcac     shell.o
3651	PENDING	000b:000dcae8       ??_R2IGOGrenadeWidget@@8   0119fcc8     shell.o
3652	PENDING	000b:000dcaf4       ??_R3IGOGrenadeWidget@@8   0119fcd4     shell.o
3653	PENDING	000b:000dcb08       ??_R4IGOGrenadeWidget@@6B@ 0119fce8     shell.o
3654	PENDING	000b:000dcb20       ??_R1A@?0A@A@IGOGrenadeCookWidget@@8 0119fd00     shell.o
3655	PENDING	000b:000dcb3c       ??_R2IGOGrenadeCookWidget@@8 0119fd1c     shell.o
3656	PENDING	000b:000dcb48       ??_R3IGOGrenadeCookWidget@@8 0119fd28     shell.o
3657	PENDING	000b:000dcb5c       ??_R4IGOGrenadeCookWidget@@6B@ 0119fd3c     shell.o
3658	PENDING	000b:000dcb74       ??_R1A@?0A@A@IGOTankHealthWidget@@8 0119fd54     shell.o
3659	PENDING	000b:000dcb90       ??_R2IGOTankHealthWidget@@8 0119fd70     shell.o
3660	PENDING	000b:000dcb9c       ??_R3IGOTankHealthWidget@@8 0119fd7c     shell.o
3661	PENDING	000b:000dcbb0       ??_R4IGOTankHealthWidget@@6B@ 0119fd90     shell.o
3662	PENDING	000b:000dcbc8       ??_R1A@?0A@A@IGOTankLoadingWidget@@8 0119fda8     shell.o
3663	PENDING	000b:000dcbe4       ??_R2IGOTankLoadingWidget@@8 0119fdc4     shell.o
3664	PENDING	000b:000dcbf0       ??_R3IGOTankLoadingWidget@@8 0119fdd0     shell.o
3665	PENDING	000b:000dcc04       ??_R4IGOTankLoadingWidget@@6B@ 0119fde4     shell.o
3666	PENDING	000b:000dcc1c       ??_R1A@?0A@A@IGOTankReticleWidget@@8 0119fdfc     shell.o
3667	PENDING	000b:000dcc38       ??_R2IGOTankReticleWidget@@8 0119fe18     shell.o
3668	PENDING	000b:000dcc44       ??_R3IGOTankReticleWidget@@8 0119fe24     shell.o
3669	PENDING	000b:000dcc58       ??_R4IGOTankReticleWidget@@6B@ 0119fe38     shell.o
3670	PENDING	000b:000dcc70       ??_R1A@?0A@A@IGORankWidget@@8 0119fe50     shell.o
3671	PENDING	000b:000dcc8c       ??_R2IGORankWidget@@8      0119fe6c     shell.o
3672	PENDING	000b:000dcc98       ??_R3IGORankWidget@@8      0119fe78     shell.o
3673	PENDING	000b:000dccac       ??_R4IGORankWidget@@6B@    0119fe8c     shell.o
3674	PENDING	000b:000dccc4       ??_R1A@?0A@A@IGOVoteWidget@@8 0119fea4     shell.o
3675	PENDING	000b:000dcce0       ??_R2IGOVoteWidget@@8      0119fec0     shell.o
3676	PENDING	000b:000dccec       ??_R3IGOVoteWidget@@8      0119fecc     shell.o
3677	PENDING	000b:000dcd00       ??_R4IGOVoteWidget@@6B@    0119fee0     shell.o
3678	PENDING	000b:000dcd18       ??_R1A@?0A@A@IGOSpecialWeaponWidget@@8 0119fef8     shell.o
3679	PENDING	000b:000dcd34       ??_R2IGOSpecialWeaponWidget@@8 0119ff14     shell.o
3680	PENDING	000b:000dcd40       ??_R3IGOSpecialWeaponWidget@@8 0119ff20     shell.o
3681	PENDING	000b:000dcd54       ??_R4IGOSpecialWeaponWidget@@6B@ 0119ff34     shell.o
3682	PENDING	000b:000dcd6c       ??_R1A@?0A@A@IGOWarStatusWidget@@8 0119ff4c     shell.o
3683	PENDING	000b:000dcd88       ??_R2IGOWarStatusWidget@@8 0119ff68     shell.o
3684	PENDING	000b:000dcd94       ??_R3IGOWarStatusWidget@@8 0119ff74     shell.o
3685	PENDING	000b:000dcda8       ??_R4IGOWarStatusWidget@@6B@ 0119ff88     shell.o
3686	PENDING	000b:000dcdc0       ??_R1A@?0A@A@IGOTankIconWidget@@8 0119ffa0     shell.o
3687	PENDING	000b:000dcddc       ??_R2IGOTankIconWidget@@8  0119ffbc     shell.o
3688	PENDING	000b:000dcde8       ??_R3IGOTankIconWidget@@8  0119ffc8     shell.o
3689	PENDING	000b:000dcdfc       ??_R4IGOTankIconWidget@@6B@ 0119ffdc     shell.o
3690	PENDING	000b:000dce14       ??_R1A@?0A@A@IGOJeepMapWidget@@8 0119fff4     shell.o
3691	PENDING	000b:000dce30       ??_R2IGOJeepMapWidget@@8   011a0010     shell.o
3692	PENDING	000b:000dce3c       ??_R3IGOJeepMapWidget@@8   011a001c     shell.o
3693	PENDING	000b:000dce50       ??_R4IGOJeepMapWidget@@6B@ 011a0030     shell.o
3694	PENDING	000b:000dce68       ??_R1A@?0A@A@IGOHintWidget@@8 011a0048     shell.o
3695	PENDING	000b:000dce84       ??_R2IGOHintWidget@@8      011a0064     shell.o
3696	PENDING	000b:000dce90       ??_R3IGOHintWidget@@8      011a0070     shell.o
3697	PENDING	000b:000dcea4       ??_R4IGOHintWidget@@6B@    011a0084     shell.o
3698	PENDING	000b:000dcebc       ??_R1A@?0A@A@IGOGrenadeIndicator@@8 011a009c     shell.o
3699	PENDING	000b:000dced8       ??_R2IGOGrenadeIndicator@@8 011a00b8     shell.o
3700	PENDING	000b:000dcee4       ??_R3IGOGrenadeIndicator@@8 011a00c4     shell.o
3701	PENDING	000b:000dcef8       ??_R4IGOGrenadeIndicator@@6B@ 011a00d8     shell.o
3702	PENDING	000b:000dcf10       ??_R1A@?0A@A@IGOHeadIcons@@8 011a00f0     shell.o
3703	PENDING	000b:000dcf2c       ??_R2IGOHeadIcons@@8       011a010c     shell.o
3704	PENDING	000b:000dcf38       ??_R3IGOHeadIcons@@8       011a0118     shell.o
3705	PENDING	000b:000dcf4c       ??_R4IGOHeadIcons@@6B@     011a012c     shell.o
3706	PENDING	000b:000dcf64       ??_R1A@?0A@A@IGORowboatWidget@@8 011a0144     shell.o
3707	PENDING	000b:000dcf80       ??_R2IGORowboatWidget@@8   011a0160     shell.o
3708	PENDING	000b:000dcf8c       ??_R3IGORowboatWidget@@8   011a016c     shell.o
3709	PENDING	000b:000dcfa0       ??_R4IGORowboatWidget@@6B@ 011a0180     shell.o
3710	PENDING	000b:000dcfb8       ??_R1A@?0A@A@IGOItemIcons@@8 011a0198     shell.o
3711	PENDING	000b:000dcfd4       ??_R2IGOItemIcons@@8       011a01b4     shell.o
3712	PENDING	000b:000dcfe0       ??_R3IGOItemIcons@@8       011a01c0     shell.o
3713	PENDING	000b:000dcff4       ??_R4IGOItemIcons@@6B@     011a01d4     shell.o
3714	PENDING	000b:000dd00c       ??_R1A@?0A@A@nvlMovieBase@@8 011a01ec     shell.o
3715	PENDING	000b:000dd028       ??_R1A@?0A@A@nvlAFMVMovie@@8 011a0208     shell.o
3716	PENDING	000b:000dd044       ??_R1A@?0A@A@nvlMovie@@8   011a0224     shell.o
3717	PENDING	000b:000dd060       ??_R2nvlMovie@@8           011a0240     shell.o
3718	PENDING	000b:000dd070       ??_R3nvlMovie@@8           011a0250     shell.o
3719	PENDING	000b:000dd084       ??_R4nvlMovie@@6B@         011a0264     shell.o
3720	PENDING	000b:000dd09c       ??_R1A@?0A@A@FEMenu@@8     011a027c     shell.o
3721	PENDING	000b:000dd0b8       ??_R1A@?0A@A@FESplitScreenMenu@@8 011a0298     shell.o
3722	PENDING	000b:000dd0d4       ??_R1A@?0A@A@InGameOptionsMenu@@8 011a02b4     shell.o
3723	PENDING	000b:000dd0f0       ??_R2InGameOptionsMenu@@8  011a02d0     shell.o
3724	PENDING	000b:000dd104       ??_R3InGameOptionsMenu@@8  011a02e4     shell.o
3725	PENDING	000b:000dd118       ??_R4InGameOptionsMenu@@6B@ 011a02f8     shell.o
3726	PENDING	000b:000dd130       ??_R1A@?0A@A@AARInGameOptionsMenu@@8 011a0310     shell.o
3727	PENDING	000b:000dd14c       ??_R2AARInGameOptionsMenu@@8 011a032c     shell.o
3728	PENDING	000b:000dd168       ??_R3AARInGameOptionsMenu@@8 011a0348     shell.o
3729	PENDING	000b:000dd17c       ??_R4AARInGameOptionsMenu@@6B@ 011a035c     shell.o
3730	PENDING	000b:000dd194       ??_R1A@?0A@A@FEManager@@8  011a0374     shell.o
3731	PENDING	000b:000dd1b0       ??_R2FEManager@@8          011a0390     shell.o
3732	PENDING	000b:000dd1b8       ??_R3FEManager@@8          011a0398     shell.o
3733	PENDING	000b:000dd1cc       ??_R4FEManager@@6B@        011a03ac     shell.o
3734	PENDING	000b:000dd1e4       ??_R1A@?0A@A@FEMenuSystem@@8 011a03c4     shell.o
3735	PENDING	000b:000dd200       ??_R2FEMenuSystem@@8       011a03e0     shell.o
3736	PENDING	000b:000dd20c       ??_R3FEMenuSystem@@8       011a03ec     shell.o
3737	PENDING	000b:000dd220       ??_R4FEMenuSystem@@6B@     011a0400     shell.o
3738	PENDING	000b:000dd238       ??_R1A@?0A@A@DialogMenuDisplay@@8 011a0418     shell.o
3739	PENDING	000b:000dd254       ??_R2DialogMenuDisplay@@8  011a0434     shell.o
3740	PENDING	000b:000dd260       ??_R3DialogMenuDisplay@@8  011a0440     shell.o
3741	PENDING	000b:000dd274       ??_R4DialogMenuDisplay@@6B@ 011a0454     shell.o
3742	PENDING	000b:000dd28c       ??_R1A@?0A@A@InsertRemoveObserver@MemoryUnitManager@@8 011a046c     shell.o
3743	PENDING	000b:000dd2a8       ??_R2InsertRemoveObserver@MemoryUnitManager@@8 011a0488     shell.o
3744	PENDING	000b:000dd2b0       ??_R3InsertRemoveObserver@MemoryUnitManager@@8 011a0490     shell.o
3745	PENDING	000b:000dd2c4       ??_R4InsertRemoveObserver@MemoryUnitManager@@6B@ 011a04a4     shell.o
3746	PENDING	000b:000dd2dc       ??_R1A@?0A@A@ProfileManager@@8 011a04bc     shell.o
3747	PENDING	000b:000dd2f8       ??_R2ProfileManager@@8     011a04d8     shell.o
3748	PENDING	000b:000dd304       ??_R3ProfileManager@@8     011a04e4     shell.o
3749	PENDING	000b:000dd318       ??_R4ProfileManager@@6B@   011a04f8     shell.o
3750	PENDING	000b:000dd330       ??_R1A@?0A@A@Observer@MemoryUnitManager@@8 011a0510     shell.o
3751	PENDING	000b:000dd34c       ??_R2Observer@MemoryUnitManager@@8 011a052c     shell.o
3752	PENDING	000b:000dd354       ??_R3Observer@MemoryUnitManager@@8 011a0534     shell.o
3753	PENDING	000b:000dd368       ??_R4Observer@MemoryUnitManager@@6B@ 011a0548     shell.o
3754	PENDING	000b:000dd380       ??_R1A@?0A@A@GameSettings@@8 011a0560     shell.o
3755	PENDING	000b:000dd39c       ??_R2GameSettings@@8       011a057c     shell.o
3756	PENDING	000b:000dd3a8       ??_R3GameSettings@@8       011a0588     shell.o
3757	PENDING	000b:000dd3bc       ??_R4GameSettings@@6B@     011a059c     shell.o
3758	PENDING	000b:000dd3d4       ??_R1A@?0A@A@FEMultiLineText@@8 011a05b4     shell.o
3759	PENDING	000b:000dd3f0       ??_R2FEMultiLineText@@8    011a05d0     shell.o
3760	PENDING	000b:000dd400       ??_R3FEMultiLineText@@8    011a05e0     shell.o
3761	PENDING	000b:000dd414       ??_R4FEMultiLineText@@6B@  011a05f4     shell.o
3762	PENDING	000b:000dd42c       ??_R1A@?0A@A@IGOActionHintWidget@@8 011a060c     shell.o
3763	PENDING	000b:000dd448       ??_R2IGOActionHintWidget@@8 011a0628     shell.o
3764	PENDING	000b:000dd454       ??_R3IGOActionHintWidget@@8 011a0634     shell.o
3765	PENDING	000b:000dd468       ??_R4IGOActionHintWidget@@6B@ 011a0648     shell.o
3766	PENDING	000b:000dd480       ??_R1A@?0A@A@IGOCompassWidget@@8 011a0660     shell.o
3767	PENDING	000b:000dd49c       ??_R2IGOCompassWidget@@8   011a067c     shell.o
3768	PENDING	000b:000dd4a8       ??_R3IGOCompassWidget@@8   011a0688     shell.o
3769	PENDING	000b:000dd4bc       ??_R4IGOCompassWidget@@6B@ 011a069c     shell.o
3770	PENDING	000b:000dd4d4       ??_R2FEMenu@@8             011a06b4     shell.o
3771	PENDING	000b:000dd4e0       ??_R3FEMenu@@8             011a06c0     shell.o
3772	PENDING	000b:000dd4f4       ??_R4FEMenu@@6B@           011a06d4     shell.o
3773	PENDING	000b:000dd50c       ??_R1A@?0A@A@FEComboBox@@8 011a06ec     shell.o
3774	PENDING	000b:000dd528       ??_R2FEComboBox@@8         011a0708     shell.o
3775	PENDING	000b:000dd534       ??_R3FEComboBox@@8         011a0714     shell.o
3776	PENDING	000b:000dd548       ??_R4FEComboBox@@6B@       011a0728     shell.o
3777	PENDING	000b:000dd560       ??_R1A@?0A@A@FESlider@@8   011a0740     shell.o
3778	PENDING	000b:000dd57c       ??_R2FESlider@@8           011a075c     shell.o
3779	PENDING	000b:000dd588       ??_R3FESlider@@8           011a0768     shell.o
3780	PENDING	000b:000dd59c       ??_R4FESlider@@6B@         011a077c     shell.o
3781	PENDING	000b:000dd5b4       ??_R1A@?0A@A@FEDoubleEntry@@8 011a0794     shell.o
3782	PENDING	000b:000dd5d0       ??_R2FEDoubleEntry@@8      011a07b0     shell.o
3783	PENDING	000b:000dd5dc       ??_R3FEDoubleEntry@@8      011a07bc     shell.o
3784	PENDING	000b:000dd5f0       ??_R4FEDoubleEntry@@6B@    011a07d0     shell.o
3785	PENDING	000b:000dd608       ??_R1A@?0A@A@FrontEndMenuSystem@@8 011a07e8     shell.o
3786	PENDING	000b:000dd624       ??_R2FrontEndMenuSystem@@8 011a0804     shell.o
3787	PENDING	000b:000dd634       ??_R3FrontEndMenuSystem@@8 011a0814     shell.o
3788	PENDING	000b:000dd648       ??_R4FrontEndMenuSystem@@6B@ 011a0828     shell.o
3789	PENDING	000b:000dd660       ??_R1A@?0A@A@PanelQuad@@8  011a0840     shell.o
3790	PENDING	000b:000dd67c       ??_R2PanelQuad@@8          011a085c     shell.o
3791	PENDING	000b:000dd688       ??_R3PanelQuad@@8          011a0868     shell.o
3792	PENDING	000b:000dd69c       ??_R4PanelQuad@@6B@        011a087c     shell.o
3793	PENDING	000b:000dd6b4       ??_R1A@?0A@A@FEMenuListBox@@8 011a0894     shell.o
3794	PENDING	000b:000dd6d0       ??_R2FEMenuListBox@@8      011a08b0     shell.o
3795	PENDING	000b:000dd6dc       ??_R3FEMenuListBox@@8      011a08bc     shell.o
3796	PENDING	000b:000dd6f0       ??_R4FEMenuListBox@@6B@    011a08d0     shell.o
3797	PENDING	000b:000dd708       ??_R1A@?0A@A@IGOWeaponNameWidget@@8 011a08e8     shell.o
3798	PENDING	000b:000dd724       ??_R2IGOWeaponNameWidget@@8 011a0904     shell.o
3799	PENDING	000b:000dd730       ??_R3IGOWeaponNameWidget@@8 011a0910     shell.o
3800	PENDING	000b:000dd744       ??_R4IGOWeaponNameWidget@@6B@ 011a0924     shell.o
3801	PENDING	000b:000dd75c       ??_R1A@?0A@A@FloatingPQ@@8 011a093c     shell.o
3802	PENDING	000b:000dd778       ??_R2FloatingPQ@@8         011a0958     shell.o
3803	PENDING	000b:000dd788       ??_R3FloatingPQ@@8         011a0968     shell.o
3804	PENDING	000b:000dd79c       ??_R4FloatingPQ@@6B@       011a097c     shell.o
3805	PENDING	000b:000dd7b4       ??_R1A@?0A@A@FEMultiMenu@@8 011a0994     shell.o
3806	PENDING	000b:000dd7d0       ??_R2FEMultiMenu@@8        011a09b0     shell.o
3807	PENDING	000b:000dd7e0       ??_R3FEMultiMenu@@8        011a09c0     shell.o
3808	PENDING	000b:000dd7f4       ??_R4FEMultiMenu@@6B@      011a09d4     shell.o
3809	PENDING	000b:000dd80c       ??_R1A@?0A@A@DialogMenu@@8 011a09ec     shell.o
3810	PENDING	000b:000dd828       ??_R2DialogMenu@@8         011a0a08     shell.o
3811	PENDING	000b:000dd838       ??_R3DialogMenu@@8         011a0a18     shell.o
3812	PENDING	000b:000dd84c       ??_R4DialogMenu@@6B@       011a0a2c     shell.o
3813	PENDING	000b:000dd864       ??_R1A@?0A@A@MemCardCheckMenu@@8 011a0a44     shell.o
3814	PENDING	000b:000dd880       ??_R2MemCardCheckMenu@@8   011a0a60     shell.o
3815	PENDING	000b:000dd890       ??_R3MemCardCheckMenu@@8   011a0a70     shell.o
3816	PENDING	000b:000dd8a4       ??_R4MemCardCheckMenu@@6B@ 011a0a84     shell.o
3817	PENDING	000b:000dd8bc       ??_R1A@?0A@A@OptionsGameplayMenu@@8 011a0a9c     shell.o
3818	PENDING	000b:000dd8d8       ??_R2OptionsGameplayMenu@@8 011a0ab8     shell.o
3819	PENDING	000b:000dd8e8       ??_R3OptionsGameplayMenu@@8 011a0ac8     shell.o
3820	PENDING	000b:000dd8fc       ??_R4OptionsGameplayMenu@@6B@ 011a0adc     shell.o
3821	PENDING	000b:000dd914       ??_R1A@?0A@A@OptionsControlsMenu@@8 011a0af4     shell.o
3822	PENDING	000b:000dd930       ??_R2OptionsControlsMenu@@8 011a0b10     shell.o
3823	PENDING	000b:000dd940       ??_R3OptionsControlsMenu@@8 011a0b20     shell.o
3824	PENDING	000b:000dd954       ??_R4OptionsControlsMenu@@6B@ 011a0b34     shell.o
3825	PENDING	000b:000dd96c       ??_R1A@?0A@A@OptionsSoundMenu@@8 011a0b4c     shell.o
3826	PENDING	000b:000dd988       ??_R2OptionsSoundMenu@@8   011a0b68     shell.o
3827	PENDING	000b:000dd998       ??_R3OptionsSoundMenu@@8   011a0b78     shell.o
3828	PENDING	000b:000dd9ac       ??_R4OptionsSoundMenu@@6B@ 011a0b8c     shell.o
3829	PENDING	000b:000dd9c4       ??_R1A@?0A@A@OptionsStickMenu@@8 011a0ba4     shell.o
3830	PENDING	000b:000dd9e0       ??_R2OptionsStickMenu@@8   011a0bc0     shell.o
3831	PENDING	000b:000dd9f0       ??_R3OptionsStickMenu@@8   011a0bd0     shell.o
3832	PENDING	000b:000dda04       ??_R4OptionsStickMenu@@6B@ 011a0be4     shell.o
3833	PENDING	000b:000dda1c       ??_R1A@?0A@A@OptionsButtonMenu@@8 011a0bfc     shell.o
3834	PENDING	000b:000dda38       ??_R2OptionsButtonMenu@@8  011a0c18     shell.o
3835	PENDING	000b:000dda48       ??_R3OptionsButtonMenu@@8  011a0c28     shell.o
3836	PENDING	000b:000dda5c       ??_R4OptionsButtonMenu@@6B@ 011a0c3c     shell.o
3837	PENDING	000b:000dda74       ??_R1A@?0A@A@GammaScreenMenu@@8 011a0c54     shell.o
3838	PENDING	000b:000dda90       ??_R2GammaScreenMenu@@8    011a0c70     shell.o
3839	PENDING	000b:000ddaa0       ??_R3GammaScreenMenu@@8    011a0c80     shell.o
3840	PENDING	000b:000ddab4       ??_R4GammaScreenMenu@@6B@  011a0c94     shell.o
3841	PENDING	000b:000ddacc       ??_R1A@?0A@A@LoadingMenu@@8 011a0cac     shell.o
3842	PENDING	000b:000ddae8       ??_R2LoadingMenu@@8        011a0cc8     shell.o
3843	PENDING	000b:000ddaf8       ??_R3LoadingMenu@@8        011a0cd8     shell.o
3844	PENDING	000b:000ddb0c       ??_R4LoadingMenu@@6B@      011a0cec     shell.o
3845	PENDING	000b:000ddb24       ??_R1A@?0A@A@ControllerDisconnectedMenu@@8 011a0d04     shell.o
3846	PENDING	000b:000ddb40       ??_R2ControllerDisconnectedMenu@@8 011a0d20     shell.o
3847	PENDING	000b:000ddb50       ??_R3ControllerDisconnectedMenu@@8 011a0d30     shell.o
3848	PENDING	000b:000ddb64       ??_R4ControllerDisconnectedMenu@@6B@ 011a0d44     shell.o
3849	PENDING	000b:000ddb7c       ??_R1A@?0A@A@ProfileMainMenu@@8 011a0d5c     shell.o
3850	PENDING	000b:000ddb98       ??_R2ProfileMainMenu@@8    011a0d78     shell.o
3851	PENDING	000b:000ddba8       ??_R3ProfileMainMenu@@8    011a0d88     shell.o
3852	PENDING	000b:000ddbbc       ??_R4ProfileMainMenu@@6B@  011a0d9c     shell.o
3853	PENDING	000b:000ddbd4       ??_R1A@?0A@A@ProfileEditMenu@@8 011a0db4     shell.o
3854	PENDING	000b:000ddbf0       ??_R2ProfileEditMenu@@8    011a0dd0     shell.o
3855	PENDING	000b:000ddc00       ??_R3ProfileEditMenu@@8    011a0de0     shell.o
3856	PENDING	000b:000ddc14       ??_R4ProfileEditMenu@@6B@  011a0df4     shell.o
3857	PENDING	000b:000ddc2c       ??_R1A@?0A@A@DefaultPanelQuad@@8 011a0e0c     shell.o
3858	PENDING	000b:000ddc48       ??_R2DefaultPanelQuad@@8   011a0e28     shell.o
3859	PENDING	000b:000ddc58       ??_R3DefaultPanelQuad@@8   011a0e38     shell.o
3860	PENDING	000b:000ddc6c       ??_R4DefaultPanelQuad@@6B@ 011a0e4c     shell.o
3861	PENDING	000b:000ddc84       ??_R1A@?0A@A@DialogMenuSystem@@8 011a0e64     shell.o
3862	PENDING	000b:000ddca0       ??_R2DialogMenuSystem@@8   011a0e80     shell.o
3863	PENDING	000b:000ddcb0       ??_R3DialogMenuSystem@@8   011a0e90     shell.o
3864	PENDING	000b:000ddcc4       ??_R4DialogMenuSystem@@6B@ 011a0ea4     shell.o
3865	PENDING	000b:000ddcdc       ??_R1A@?0A@A@VKMenu@@8     011a0ebc     shell.o
3866	PENDING	000b:000ddcf8       ??_R2VKMenu@@8             011a0ed8     shell.o
3867	PENDING	000b:000ddd0c       ??_R3VKMenu@@8             011a0eec     shell.o
3868	PENDING	000b:000ddd20       ??_R4VKMenu@@6B@           011a0f00     shell.o
3869	PENDING	000b:000ddd38       ??_R1A@?0A@A@out_of_range@std@@8 011a0f18     shell.o
3870	PENDING	000b:000ddd54       ??_R2out_of_range@std@@8   011a0f34     shell.o
3871	PENDING	000b:000ddd64       ??_R3out_of_range@std@@8   011a0f44     shell.o
3872	PENDING	000b:000ddd78       ??_R4out_of_range@std@@6B@ 011a0f58     shell.o
3873	PENDING	000b:000ddd90       ??_R1A@?0A@A@OverlayMenuBase@@8 011a0f70     shell.o
3874	PENDING	000b:000dddac       ??_R1A@?0A@A@MultilineOverlayMenu@@8 011a0f8c     shell.o
3875	PENDING	000b:000dddc8       ??_R2MultilineOverlayMenu@@8 011a0fa8     shell.o
3876	PENDING	000b:000ddddc       ??_R3MultilineOverlayMenu@@8 011a0fbc     shell.o
3877	PENDING	000b:000dddf0       ??_R4MultilineOverlayMenu@@6B@ 011a0fd0     shell.o
3878	PENDING	000b:000dde08       ??_R1A@?0A@A@MultilineFrontendOverlayMenu@@8 011a0fe8     shell.o
3879	PENDING	000b:000dde24       ??_R2MultilineFrontendOverlayMenu@@8 011a1004     shell.o
3880	PENDING	000b:000dde40       ??_R3MultilineFrontendOverlayMenu@@8 011a1020     shell.o
3881	PENDING	000b:000dde54       ??_R4MultilineFrontendOverlayMenu@@6B@ 011a1034     shell.o
3882	PENDING	000b:000dde6c       ??_R1A@?0A@A@MultilineIngameOverlayMenu@@8 011a104c     shell.o
3883	PENDING	000b:000dde88       ??_R2MultilineIngameOverlayMenu@@8 011a1068     shell.o
3884	PENDING	000b:000ddea4       ??_R3MultilineIngameOverlayMenu@@8 011a1084     shell.o
3885	PENDING	000b:000ddeb8       ??_R4MultilineIngameOverlayMenu@@6B@ 011a1098     shell.o
3886	PENDING	000b:000dded0       ??_R1A@?0A@A@InGameMenuSystem@@8 011a10b0     shell.o
3887	PENDING	000b:000ddeec       ??_R2InGameMenuSystem@@8   011a10cc     shell.o
3888	PENDING	000b:000ddefc       ??_R3InGameMenuSystem@@8   011a10dc     shell.o
3889	PENDING	000b:000ddf10       ??_R4InGameMenuSystem@@6B@ 011a10f0     shell.o
3890	PENDING	000b:000ddf28       ??_R1A@?0A@A@UIListBox@@8  011a1108     shell.o
3891	PENDING	000b:000ddf44       ??_R2UIListBox@@8          011a1124     shell.o
3892	PENDING	000b:000ddf4c       ??_R3UIListBox@@8          011a112c     shell.o
3893	PENDING	000b:000ddf60       ??_R4UIListBox@@6B@        011a1140     shell.o
3894	PENDING	000b:000ddf78       ??_R1A@?0A@A@IGOVoipList@@8 011a1158     shell.o
3895	PENDING	000b:000ddf94       ??_R2IGOVoipList@@8        011a1174     shell.o
3896	PENDING	000b:000ddfa0       ??_R3IGOVoipList@@8        011a1180     shell.o
3897	PENDING	000b:000ddfb4       ??_R4IGOVoipList@@6B@      011a1194     shell.o
3898	PENDING	000b:000ddfcc       ??_R1A@?0A@A@UIHighlightListBox@@8 011a11ac     shell.o
3899	PENDING	000b:000ddfe8       ??_R2UIHighlightListBox@@8 011a11c8     shell.o
3900	PENDING	000b:000ddff4       ??_R3UIHighlightListBox@@8 011a11d4     shell.o
3901	PENDING	000b:000de008       ??_R4UIHighlightListBox@@6B@ 011a11e8     shell.o
3902	PENDING	000b:000de020       ??_R1A@?0A@A@UIPlayerListBox@@8 011a1200     shell.o
3903	PENDING	000b:000de03c       ??_R2UIPlayerListBox@@8    011a121c     shell.o
3904	PENDING	000b:000de04c       ??_R3UIPlayerListBox@@8    011a122c     shell.o
3905	PENDING	000b:000de060       ??_R4UIPlayerListBox@@6B@  011a1240     shell.o
3906	PENDING	000b:000e96e4       __CT??_R0?AVout_of_range@std@@@8??0out_of_range@std@@QAE@ABV01@@Z40 011ac8c4     shell.o
3907	PENDING	000b:000e9704       __CTA3?AVout_of_range@std@@ 011ac8e4     shell.o
3908	PENDING	000b:000e9718       __TI3?AVout_of_range@std@@ 011ac8f8     shell.o
3909	PENDING	000c:00020520       ?gShouldWeSaveStubData@@3PA_NA 011e2ce0     shell.o
3910	PENDING	000c:00020524       ?gShouldWeLoadStubData@@3PA_NA 011e2ce4     shell.o
3911	PENDING	000c:00020528       ?sObjectiveIconNames@@3PAPBDA 011e2ce8     shell.o
3912	PENDING	000c:00020598       ?sWorldIconNames@@3PAPBDA  011e2d58     shell.o
3913	PENDING	000c:00020604       ?mapTopRight@IGOJeepMapWidget@@2PAY01MA 011e2dc4     shell.o
3914	PENDING	000c:0002061c       ?mapWideHeight@IGOJeepMapWidget@@2PAY01MA 011e2ddc     shell.o
3915	PENDING	000c:00020634       ?sHeadIconNames@@3PAPBDA   011e2df4     shell.o
3916	PENDING	000c:00020654       ?sItemIconNames@@3PAPBDA   011e2e14     shell.o
3917	PENDING	000c:0002065c       ?sVoipIconNames@@3PAPBDA   011e2e1c     shell.o
3918	PENDING	000c:0002066c       ?sVoipTextNames@@3PAPBDA   011e2e2c     shell.o
3919	PENDING	000c:0002067c       ?frontendPath@movie_manager@@0PBDB 011e2e3c     shell.o
3920	PENDING	000c:00020680       ?m_scale@subtitle_manager@@0MA 011e2e40     shell.o
3921	PENDING	000c:00020684       ?m_color@subtitle_manager@@0IA 011e2e44     shell.o
3922	PENDING	000c:0002068c       ?pszLabelTexts@@3PAPBDA    011e2e4c     shell.o
3923	PENDING	000c:000206b4       ?pszStickLayout@@3PAPBDA   011e2e74     shell.o
3924	PENDING	000c:000206c4       ?pszButtonLayout@@3PAPBDA  011e2e84     shell.o
3925	PENDING	000c:000206d4       ?pszInvertAim@@3PAPBDA     011e2e94     shell.o
3926	PENDING	000c:000206dc       ?pszToggleADS@@3PAPBDA     011e2e9c     shell.o
3927	PENDING	000c:000206e4       ?pszStickyAim@@3PAPBDA     011e2ea4     shell.o
3928	PENDING	000c:000206ec       ?pszAlternateTankControls@@3PAPBDA 011e2eac     shell.o
3929	PENDING	000c:000206f4       ?pszVibration@@3PAPBDA     011e2eb4     shell.o
3930	PENDING	000c:000206fc       ?g_XBoxBadDiskWarnings@@3PAPADA 011e2ebc     shell.o
3931	PENDING	000c:00020724       ?g_time_inc@@3MA           011e2ee4     shell.o
3932	PENDING	000c:00020728       ?szLoadingScreenBackgroundArt@@3PAPBDA 011e2ee8     shell.o
3933	PENDING	000c:0002074c       ?szLoadingScreenTitleText@@3PAPBDA 011e2f0c     shell.o
3934	PENDING	000c:00020754       ?szLoadingScreenText@@3PAPBDA 011e2f14     shell.o
3935	PENDING	000c:00020758       ?szLoadingScreenMapText@@3PAPBDA 011e2f18     shell.o
3936	PENDING	000c:00020760       ?szMapImageFiles@LoadingMenu@@0PAPBDA 011e2f20     shell.o
3937	PENDING	000c:00020808       ?szDefaultScrollbar@@3PAPBDA 011e2fc8     shell.o
3938	PENDING	000c:00020820       ?color_schemes@@3PAVFEMenuColorScheme@@A 011e2fe0     shell.o
3939	PENDING	000c:00020a1c       ??_R0?AVPanelAnimObject@@@8 011e31dc     shell.o
3940	PENDING	000c:00020a40       ??_R0?AVFEText@@@8         011e3200     shell.o
3941	PENDING	000c:00020a5c       ??_R0?AVFEMenuEntry@@@8    011e321c     shell.o
3942	PENDING	000c:00020a7c       ??_R0?AVPanelFileUser@@@8  011e323c     shell.o
3943	PENDING	000c:00020aa0       ??_R0?AVIGOWidget@@@8      011e3260     shell.o
3944	PENDING	000c:00020abc       ??_R0?AVIGOFrontEnd@@@8    011e327c     shell.o
3945	PENDING	000c:00020adc       ??_R0?AVIGOStanceWidget@@@8 011e329c     shell.o
3946	PENDING	000c:00020b00       ??_R0?AVIGOHealthWidget@@@8 011e32c0     shell.o
3947	PENDING	000c:00020b24       ??_R0?AVIGOHQProgressBarWidget@@@8 011e32e4     shell.o
3948	PENDING	000c:00020b50       ??_R0?AVIGORaiseFlagWidget@@@8 011e3310     shell.o
3949	PENDING	000c:00020b78       ??_R0?AVIGOTimerWidget@@@8 011e3338     shell.o
3950	PENDING	000c:00020b9c       ??_R0?AVIGOInGameScoreWidget@@@8 011e335c     shell.o
3951	PENDING	000c:00020bc8       ??_R0?AVIGOAmmoWidget@@@8  011e3388     shell.o
3952	PENDING	000c:00020bec       ??_R0?AVIGOGrenadeWidget@@@8 011e33ac     shell.o
3953	PENDING	000c:00020c14       ??_R0?AVIGOGrenadeCookWidget@@@8 011e33d4     shell.o
3954	PENDING	000c:00020c40       ??_R0?AVIGOTankHealthWidget@@@8 011e3400     shell.o
3955	PENDING	000c:00020c68       ??_R0?AVIGOTankLoadingWidget@@@8 011e3428     shell.o
3956	PENDING	000c:00020c94       ??_R0?AVIGOTankReticleWidget@@@8 011e3454     shell.o
3957	PENDING	000c:00020cc0       ??_R0?AVIGORankWidget@@@8  011e3480     shell.o
3958	PENDING	000c:00020ce4       ??_R0?AVIGOVoteWidget@@@8  011e34a4     shell.o
3959	PENDING	000c:00020d08       ??_R0?AVIGOSpecialWeaponWidget@@@8 011e34c8     shell.o
3960	PENDING	000c:00020d34       ??_R0?AVIGOWarStatusWidget@@@8 011e34f4     shell.o
3961	PENDING	000c:00020d5c       ??_R0?AVIGOTankIconWidget@@@8 011e351c     shell.o
3962	PENDING	000c:00020d90       ??_R0?AVIGOJeepMapWidget@@@8 011e3550     shell.o
3963	PENDING	000c:00020db8       ??_R0?AVIGOHintWidget@@@8  011e3578     shell.o
3964	PENDING	000c:00020ddc       ??_R0?AVIGOGrenadeIndicator@@@8 011e359c     shell.o
3965	PENDING	000c:00020e04       ??_R0?AVIGOHeadIcons@@@8   011e35c4     shell.o
3966	PENDING	000c:00020e24       ??_R0?AVIGORowboatWidget@@@8 011e35e4     shell.o
3967	PENDING	000c:00020e58       ??_R0?AVIGOItemIcons@@@8   011e3618     shell.o
3968	PENDING	000c:00020e78       ??_R0?AVnvlMovieBase@@@8   011e3638     shell.o
3969	PENDING	000c:00020e98       ??_R0?AVnvlAFMVMovie@@@8   011e3658     shell.o
3970	PENDING	000c:00020eb8       ??_R0?AVnvlMovie@@@8       011e3678     shell.o
3971	PENDING	000c:00020ed4       ??_R0?AVFEMenu@@@8         011e3694     shell.o
3972	PENDING	000c:00020ef0       ??_R0?AVFESplitScreenMenu@@@8 011e36b0     shell.o
3973	PENDING	000c:00020f18       ??_R0?AVInGameOptionsMenu@@@8 011e36d8     shell.o
3974	PENDING	000c:00020f3e       ?ws@?1??OnR2@FEMenu@@UAEXH@Z@4_NA 011e36fe     shell.o
3975	PENDING	000c:00020f40       ??_R0?AVAARInGameOptionsMenu@@@8 011e3700     shell.o
3976	PENDING	000c:00020f6c       ??_R0?AVFEManager@@@8      011e372c     shell.o
3977	PENDING	000c:00020f88       ??_R0?AVFEMenuSystem@@@8   011e3748     shell.o
3978	PENDING	000c:00020fa8       ??_R0?AVDialogMenuDisplay@@@8 011e3768     shell.o
3979	PENDING	000c:00020fdc       ??_R0?AVInsertRemoveObserver@MemoryUnitManager@@@8 011e379c     shell.o
3980	PENDING	000c:0002101c       ??_R0?AVProfileManager@@@8 011e37dc     shell.o
3981	PENDING	000c:00021040       ??_R0?AVObserver@MemoryUnitManager@@@8 011e3800     shell.o
3982	PENDING	000c:00021074       ??_R0?AVGameSettings@@@8   011e3834     shell.o
3983	PENDING	000c:00021094       ??_R0?AVFEMultiLineText@@@8 011e3854     shell.o
3984	PENDING	000c:000210b8       ??_R0?AVIGOActionHintWidget@@@8 011e3878     shell.o
3985	PENDING	000c:000210e0       ??_R0?AVIGOCompassWidget@@@8 011e38a0     shell.o
3986	PENDING	000c:00021110       ??_R0?AVFEComboBox@@@8     011e38d0     shell.o
3987	PENDING	000c:00021130       ??_R0?AVFESlider@@@8       011e38f0     shell.o
3988	PENDING	000c:0002114c       ??_R0?AVFEDoubleEntry@@@8  011e390c     shell.o
3989	PENDING	000c:00021170       ??_R0?AVFrontEndMenuSystem@@@8 011e3930     shell.o
3990	PENDING	000c:000211ac       ??_R0?AVPanelQuad@@@8      011e396c     shell.o
3991	PENDING	000c:000211c8       ??_R0?AVFEMenuListBox@@@8  011e3988     shell.o
3992	PENDING	000c:000211ec       ??_R0?AVIGOWeaponNameWidget@@@8 011e39ac     shell.o
3993	PENDING	000c:00021214       ??_R0?AVFloatingPQ@@@8     011e39d4     shell.o
3994	PENDING	000c:00021234       ??_R0?AVFEMultiMenu@@@8    011e39f4     shell.o
3995	PENDING	000c:00021254       ??_R0?AVDialogMenu@@@8     011e3a14     shell.o
3996	PENDING	000c:00021274       ??_R0?AVMemCardCheckMenu@@@8 011e3a34     shell.o
3997	PENDING	000c:0002129c       ??_R0?AVOptionsGameplayMenu@@@8 011e3a5c     shell.o
3998	PENDING	000c:000212c4       ??_R0?AVOptionsControlsMenu@@@8 011e3a84     shell.o
3999	PENDING	000c:000212ec       ??_R0?AVOptionsSoundMenu@@@8 011e3aac     shell.o
4000	PENDING	000c:00021314       ??_R0?AVOptionsStickMenu@@@8 011e3ad4     shell.o
4001	PENDING	000c:0002133c       ??_R0?AVOptionsButtonMenu@@@8 011e3afc     shell.o
4002	PENDING	000c:00021364       ??_R0?AVGammaScreenMenu@@@8 011e3b24     shell.o
4003	PENDING	000c:00021388       ??_R0?AVLoadingMenu@@@8    011e3b48     shell.o
4004	PENDING	000c:000213a8       ??_R0?AVControllerDisconnectedMenu@@@8 011e3b68     shell.o
4005	PENDING	000c:000213dc       ??_R0?AVProfileMainMenu@@@8 011e3b9c     shell.o
4006	PENDING	000c:00021400       ??_R0?AVProfileEditMenu@@@8 011e3bc0     shell.o
4007	PENDING	000c:00021424       ??_R0?AVDefaultPanelQuad@@@8 011e3be4     shell.o
4008	PENDING	000c:0002144c       ??_R0?AVDialogMenuSystem@@@8 011e3c0c     shell.o
4009	PENDING	000c:00021474       ??_R0?AVVKMenu@@@8         011e3c34     shell.o
4010	PENDING	000c:00021490       ??_R0?AVout_of_range@std@@@8 011e3c50     shell.o
4011	PENDING	000c:000214b8       ??_R0?AVOverlayMenuBase@@@8 011e3c78     shell.o
4012	PENDING	000c:000214dc       ??_R0?AVMultilineOverlayMenu@@@8 011e3c9c     shell.o
4013	PENDING	000c:00021508       ??_R0?AVMultilineFrontendOverlayMenu@@@8 011e3cc8     shell.o
4014	PENDING	000c:0002153c       ??_R0?AVMultilineIngameOverlayMenu@@@8 011e3cfc     shell.o
4015	PENDING	000c:00021570       ??_R0?AVInGameMenuSystem@@@8 011e3d30     shell.o
4016	PENDING	000c:00021598       ??_R0?AVUIListBox@@@8      011e3d58     shell.o
4017	PENDING	000c:000215b8       ??_R0?AVIGOVoipList@@@8    011e3d78     shell.o
4018	PENDING	000c:000215d8       ??_R0?AVUIHighlightListBox@@@8 011e3d98     shell.o
4019	PENDING	000c:00021600       ??_R0?AVUIPlayerListBox@@@8 011e3dc0     shell.o
4020	PENDING	000c:0015d780       ?sub_text@subtitle_manager@@0PADA 0131ff40     shell.o
4021	PENDING	000c:0015d824       ?timeEnd@subtitle_manager@@0MA 0131ffe4     shell.o
4022	PENDING	000c:0015d828       ?posX1@subtitle_manager@@0IA 0131ffe8     shell.o
4023	PENDING	000c:0015d82c       ?posY2@subtitle_manager@@0IA 0131ffec     shell.o
4024	PENDING	000c:0015d830       ?giFilesFound@@3HA         0131fff0     shell.o
4025	PENDING	000c:0015d834       ?mPrefix@subtitle_manager@@0PADA 0131fff4     shell.o
4026	PENDING	000c:0015d844       ?m_token1TooLong@subtitle_manager@@0FA 01320004     shell.o
4027	PENDING	000c:0015d848       ?sub_tag@subtitle_manager@@0PADA 01320008     shell.o
4028	PENDING	000c:0015d878       ?timeStart@subtitle_manager@@0MA 01320038     shell.o
4029	PENDING	000c:0015d87c       ?m_token2TooLong@subtitle_manager@@0FA 0132003c     shell.o
4030	PENDING	000c:0015d880       ?index@subtitle_manager@@0IA 01320040     shell.o
4031	PENDING	000c:0015d884       ?posX2@subtitle_manager@@0IA 01320044     shell.o
4032	PENDING	000c:0015d888       ?gResultString@@3PADA      01320048     shell.o
4033	PENDING	000c:0015da88       ?posY1@subtitle_manager@@0IA 01320248     shell.o
4034	PENDING	000c:0015da8c       ?timeRef@subtitle_manager@@0MA 0132024c     shell.o
4035	PENDING	000c:0015da94       ?m_StartTime@IGOTimerWidget@@0MA 01320254     shell.o
4036	PENDING	000c:0015da98       ?m_TimeLimit@IGOTimerWidget@@0MA 01320258     shell.o
4037	PENDING	000c:0015da9c       ?theMovie@movie_manager@@2PAVnvlMovie@@A 0132025c     shell.o
4038	PENDING	000c:0015daa0       ?theQuad@movie_manager@@0PAUnglQuad@@A 01320260     shell.o
4039	PENDING	000c:0015daa4       ?delay_timer@movie_manager@@0MA 01320264     shell.o
4040	PENDING	000c:0015daa8       ?wait_timer@movie_manager@@2MA 01320268     shell.o
4041	PENDING	000c:0015daac       ?waitFrame@movie_manager@@0_NA 0132026c     shell.o
4042	PENDING	000c:0015dab0       ?lastTick@movie_manager@@0HA 01320270     shell.o
4043	PENDING	000c:0015dab4       ?preloadDone@movie_manager@@2_NA 01320274     shell.o
4044	PENDING	000c:0015dab5       ?ignoreLocalizedTrack@movie_manager@@2_NA 01320275     shell.o
4045	PENDING	000c:0015dab8       ?token1@subtitle_manager@@0PADA 01320278     shell.o
4046	PENDING	000c:0015dabc       ?token2@subtitle_manager@@0PADA 0132027c     shell.o
4047	PENDING	000c:0015dac0       ?loginText@FrontEndMenuSystem@@2PAVFEText@@A 01320280     shell.o
4048	PENDING	000c:0015dac4       ?panelFile@FrontEndMenuSystem@@0PAVPanelFile@@A 01320284     shell.o
4049	PENDING	000c:0015dac8       ?gStillDrawMenus@@3_NA     01320288     shell.o
4050	PENDING	000c:0015dacc       ?sInst@GameSettings@@2PAV1@A 0132028c     shell.o
4051	PENDING	000c:0015dad0       ?TheStringPackage@@3VCStringEdPackage@@A 01320290     shell.o
4052	PENDING	000c:0015db74       ?sMovieAlloc@@3UTBankAlloc@@A 01320334     shell.o
4053	PENDING	000c:0015db88       ?g_femanager@@3VFEManager@@A 01320348     shell.o
4054	PENDING	000c:0015df7c       ?gvLanguagesAvailable@@3V?$vector@V?$basic_string@DU?$char_traits@D@std@@V?$allocator@D@2@@std@@V?$allocator@V?$basic_string@DU?$char_traits@D@std@@V?$allocator@D@2@@std@@@2@@std@@A 0132073c     shell.o
4055	PENDING	000c:0015df90       ?kActionTable@OptionsButtonMenu@@0QBV?$ae_pair@VHashString@@H@@B 01320750     shell.o
4056	PENDING	000c:0015e030       ?gSaveGameData@@3PAUSaveGameData@@A 013207f0     shell.o
4057	PENDING	000c:00165000       ?font_name_array@FEManager@@0PAV?$ae_fixed_string@$0CA@E@@A 013277c0     shell.o
4058	PENDING	000c:00165080       ?szCTFTipTitlesHash@@3PAIA 01327840     shell.o
4059	PENDING	000c:00165084       ?szSCFTipsHash@@3PAIA      01327844     shell.o
4060	PENDING	000c:00165088       ?szHQTipTitlesHash@@3PAIA  01327848     shell.o
4061	PENDING	000c:0016509c       ?szWarTipsHash@@3PAIA      0132785c     shell.o
4062	PENDING	000c:001650b0       ?szSCFTipTitlesHash@@3PAIA 01327870     shell.o
4063	PENDING	000c:001650b8       ?szGeneralTipsHash@@3PAIA  01327878     shell.o
4064	PENDING	000c:00165210       ?szDMTipTitlesHash@@3PAIA  013279d0     shell.o
4065	PENDING	000c:00165214       ?szDMTipsHash@@3PAIA       013279d4     shell.o
4066	PENDING	000c:00165218       ?szCTFTipsHash@@3PAIA      013279d8     shell.o
4067	PENDING	000c:0016521c       ?szWarTipTitlesHash@@3PAIA 013279dc     shell.o
4068	PENDING	000c:00165230       ?szTDMTipsHash@@3PAIA      013279f0     shell.o
4069	PENDING	000c:00165238       ?szGeneralTipTitlesHash@@3PAIA 013279f8     shell.o
4070	PENDING	000c:00165390       ?szHQTipsHash@@3PAIA       01327b50     shell.o
4071	PENDING	000c:001653a4       ?szTDMTipTitlesHash@@3PAIA 01327b64     shell.o
