kind	ida_ea	name	source	detail
ORPHAN_MARKER	0x00804890	SetRenderer	src\aeps\apsBillboardRenderer.h	line 76
ORPHAN_MARKER	0x008048D0	SetRenderSortBuffer	src\aeps\apsBillboardRenderer.h	line 77
ORPHAN_MARKER	0x008048E0		src\aeps\apsBillboardRenderer.h	line 78
ORPHAN_MARKER	0x00805CF0	RegisterVShader	src\aeps\apsBillboardRenderer.h	line 186
ORPHAN_MARKER	0x00805D10	RegisterPShader	src\aeps\apsBillboardRenderer.h	line 191
ORPHAN_MARKER	0x00805D30	InitPShader	src\aeps\apsBillboardRenderer.h	line 192
ORPHAN_MARKER	0x00805670		src\aeps\apsColorBillboardRenderer.h	line 19
ORPHAN_MARKER	0x008056C0	RegisterVShader	src\aeps\apsColorBillboardRenderer.h	line 46
ORPHAN_MARKER	0x008056A0	RegisterPShader	src\aeps\apsColorBillboardRenderer.h	line 51
ORPHAN_MARKER	0x00805680	InitPShader	src\aeps\apsColorBillboardRenderer.h	line 52
ORPHAN_MARKER	0x00804930	RegisterVShader	src\aeps\apsColorRectangleRenderer.h	line 44
ORPHAN_MARKER	0x00804860	InitPShader	src\aeps\apsColorRectangleRenderer.h	line 50
ORPHAN_MARKER	0x00804CA0	RegisterVShader	src\aeps\apsColorUVARectangleRenderer.h	line 44
ORPHAN_MARKER	0x00804C10	InitPShader	src\aeps\apsColorUVARectangleRenderer.h	line 50
ORPHAN_MARKER	0x008053F0		src\aeps\apsColorUVARenderer.h	line 19
ORPHAN_MARKER	0x00805420	RegisterVShader	src\aeps\apsColorUVARenderer.h	line 44
ORPHAN_MARKER	0x00805400	RegisterPShader	src\aeps\apsColorUVARenderer.h	line 49
ORPHAN_MARKER	0x008053D0	InitPShader	src\aeps\apsColorUVARenderer.h	line 50
ORPHAN_MARKER	0x00804EA0		src\aeps\apsRectangleRenderer.h	line 20
ORPHAN_MARKER	0x0080DD50		src\aeps\apsRectangleRenderer.h	line 47
ORPHAN_MARKER	0x0080DD60		src\aeps\apsRectangleRenderer.h	line 53
ORPHAN_MARKER	0x00802F90	SetRenderer	src\aeps\apsShrimpRenderer.h	line 42
ORPHAN_MARKER	0x00802FA0		src\aeps\apsShrimpRenderer.h	line 43
ORPHAN_MARKER	0x00804470	RegisterVShader	src\aeps\apsShrimpRenderer.h	line 120
ORPHAN_MARKER	0x008028D0	SetLightContext	src\aeps\apsSimpleMeshRenderer.h	line 45
ORPHAN_MARKER	0x008028F0	RegisterVShader	src\aeps\apsSimpleMeshRenderer.h	line 97
ORPHAN_MARKER	0x00802910	RegisterPShader	src\aeps\apsSimpleMeshRenderer.h	line 103
ORPHAN_MARKER	0x008029A0	InitPShader	src\aeps\apsSimpleMeshRenderer.h	line 104
ORPHAN_MARKER	0x00809320	apsStore3	src\aeps\apsSuppliedActions.cpp	line 98
ORPHAN_MARKER	0x0080EBDC	apsLineAttractorAction::Act	src\aeps\apsSuppliedActions.cpp	line 1870
ORPHAN_MARKER	0x00BFA640		src\aeps\apsSuppliedActions.cpp	line 2898
ORPHAN_MARKER	0x00BFBC60	GetId	src\aeps\apsSuppliedActions.h	line 93
ORPHAN_MARKER	0x00BFBEB0	GetId	src\aeps\apsSuppliedActions.h	line 102
ORPHAN_MARKER	0x00BFC160	GetId	src\aeps\apsSuppliedActions.h	line 111
ORPHAN_MARKER	0x00BFC4F0	GetId	src\aeps\apsSuppliedActions.h	line 147
ORPHAN_MARKER	0x00BFC5B0	GetId	src\aeps\apsSuppliedActions.h	line 156
ORPHAN_MARKER	0x00BFC650	GetId	src\aeps\apsSuppliedActions.h	line 165
ORPHAN_MARKER	0x00BFC710	GetId	src\aeps\apsSuppliedActions.h	line 174
ORPHAN_MARKER	0x00BFC7C0	GetId	src\aeps\apsSuppliedActions.h	line 183
ORPHAN_MARKER	0x00BFC880	GetId	src\aeps\apsSuppliedActions.h	line 222
ORPHAN_MARKER	0x00BFCAB0	GetId	src\aeps\apsSuppliedActions.h	line 231
ORPHAN_MARKER	0x00BFCD20	GetId	src\aeps\apsSuppliedActions.h	line 240
ORPHAN_MARKER	0x00BFD0E0	GetId	src\aeps\apsSuppliedActions.h	line 249
ORPHAN_MARKER	0x00BFD1E0	GetId	src\aeps\apsSuppliedActions.h	line 258
ORPHAN_MARKER	0x00BFD2C0	GetId	src\aeps\apsSuppliedActions.h	line 267
ORPHAN_MARKER	0x00BFD3C0	GetId	src\aeps\apsSuppliedActions.h	line 276
ORPHAN_MARKER	0x00BFD7B0	GetId	src\aeps\apsSuppliedActions.h	line 285
ORPHAN_MARKER	0x00BFDA20	GetId	src\aeps\apsSuppliedActions.h	line 306
ORPHAN_MARKER	0x00BFDB60	GetId	src\aeps\apsSuppliedActions.h	line 315
ORPHAN_MARKER	0x00BFDCA0	GetId	src\aeps\apsSuppliedActions.h	line 324
ORPHAN_MARKER	0x00BFDDE0	GetId	src\aeps\apsSuppliedActions.h	line 336
ORPHAN_MARKER	0x00BFE0D0	GetId	src\aeps\apsSuppliedActions.h	line 345
ORPHAN_MARKER	0x00BFE550	GetId	src\aeps\apsSuppliedActions.h	line 354
ORPHAN_MARKER	0x00BFEA00	GetId	src\aeps\apsSuppliedActions.h	line 363
ORPHAN_MARKER	0x00BFF150	GetId	src\aeps\apsSuppliedActions.h	line 375
ORPHAN_MARKER	0x00BFF3B0	GetId	src\aeps\apsSuppliedActions.h	line 384
ORPHAN_MARKER	0x00BFF5E0		src\aeps\apsSuppliedActions.h	line 396
ORPHAN_MARKER	0x00804F00		src\aeps\apsUVARectangleRenderer.h	line 19
ORPHAN_MARKER	0x00804F70	RegisterVShader	src\aeps\apsUVARectangleRenderer.h	line 44
ORPHAN_MARKER	0x00804F50	RegisterPShader	src\aeps\apsUVARectangleRenderer.h	line 49
ORPHAN_MARKER	0x00804F10	InitPShader	src\aeps\apsUVARectangleRenderer.h	line 50
ORPHAN_MARKER	0x00805930	RegisterVShader	src\aeps\apsUVARenderer.h	line 54
ORPHAN_MARKER	0x00805950	RegisterPShader	src\aeps\apsUVARenderer.h	line 59
ORPHAN_MARKER	0x00805970	InitPShader	src\aeps\apsUVARenderer.h	line 60
ORPHAN_MARKER	0x00543950	XAnimHasEffectiveParentWeight	src\animation\nal.cpp	line 5398
ORPHAN_MARKER	0x00543AE0	XAnimHasEffectiveChildWeight	src\animation\nal.cpp	line 5440
ORPHAN_MARKER	0x005446E0	XAnimSetAnimRateInternal	src\animation\nal.cpp	line 5614
ORPHAN_MARKER	0x005441E0	XAnimClearTreeWeights	src\animation\nal.cpp	line 5706
ORPHAN_MARKER	0x005444A0	XAnimGetDescendantWithGreatestWeight	src\animation\nal.cpp	line 7054
ORPHAN_MARKER	0x0054AF10	XAnimSetGoalWeightInternal	src\animation\nal.cpp	line 7107
ORPHAN_MARKER	0x0053E8E0	XAnimCopyTimes	src\animation\nal.cpp	line 7256
ORPHAN_MARKER	0x00544E40	XAnimUpdateSyncTimeChildren	src\animation\nal.cpp	line 7276
ORPHAN_MARKER	0x0053E3A0	XAnimGetNextNotifyTime	src\animation\nal.cpp	line 8164
ORPHAN_MARKER	0x00860E30	nalComponentPacked16EntropyQuat>::VirtualAlignSkeletonComponentData	src\animation\nal.cpp	line 18527
ORPHAN_MARKER	0x00860E50	nalComponentPacked16EntropyQuat>::VirtualAlignAnimData	src\animation\nal.cpp	line 18538
ORPHAN_MARKER	0x008620D0	nalComponentEntropyPO>::PartialDecode	src\animation\nal.cpp	line 19487
ORPHAN_MARKER	0x00541480	XAnimUpdateOldServerTimeNoWeight	src\animation\nal.cpp	line 24565
ORPHAN_MARKER	0x00541740	XAnimUpdateOldServerTime	src\animation\nal.cpp	line 24616
ORPHAN_MARKER	0x00054BF0	XAnimUpdateServerTime	src\animation\nal.cpp	line 24729
ORPHAN_MARKER	0x00056EB0	InteractState_PostPhysicsUpdate	src\animation\nal.cpp	line 29391
ORPHAN_MARKER	0x00056EB0	InteractState::PostPhysicsUpdate	src\animation\nal.cpp	line 31386
ORPHAN_MARKER	0x008B5E42	bdInAddr	src\bd\bdPlatform.cpp	line 122
ORPHAN_MARKER	0x04928960	IS_NAN	src\broc\Broc.cpp	line 70
ORPHAN_MARKER	0x04926420	IsAlpha	src\broc\Broc.cpp	line 273
ORPHAN_MARKER	0x04926470	ToLower	src\broc\Broc.cpp	line 280
ORPHAN_MARKER	0x049264B0	length	src\broc\Broc.cpp	line 287
ORPHAN_MARKER	0x049287C0	strcmp	src\broc\Broc.cpp	line 474
ORPHAN_MARKER	0x049263A0	string::Block::GetBuff	src\broc\Broc.cpp	line 489
ORPHAN_MARKER	0x04926B90	string::Block::IncrementCount	src\broc\Broc.cpp	line 494
ORPHAN_MARKER	0x04926730	string::Block::DecrementCount	src\broc\Broc.cpp	line 499
ORPHAN_MARKER	0x04926510	string::Block::Block	src\broc\Broc.cpp	line 507
ORPHAN_MARKER	0x04926630	string::Block::Append	src\broc\Broc.cpp	line 524
ORPHAN_MARKER	0x04926DA0	string::GetBlockSize	src\broc\Broc.cpp	line 541
ORPHAN_MARKER	0x04926D20	string_AllocBlock_internal	src\broc\Broc.cpp	line 546
ORPHAN_MARKER	0x04926DC0	string::AllocBlock	src\broc\Broc.cpp	line 555
ORPHAN_MARKER	0x00939430		src\broc\mp_util_wad.h	line 294
ORPHAN_MARKER	0x009388C0		src\broc\mp_util_wad.h	line 296
ORPHAN_MARKER	0x0093DC00		src\broc\mp_util_wad.h	line 304
ORPHAN_MARKER	0x00940D80		src\broc\mp_util_wad.h	line 306
ORPHAN_MARKER	0x007BD8F9		src\core\ae_array.h	line 5
ORPHAN_MARKER	0x004C1540		src\engine\broc_types.h	line 67
ORPHAN_MARKER	0x0093305B	dyn_array	src\engine\broc_types.h	line 148
ORPHAN_MARKER	0x00933129	~dyn_array	src\engine\broc_types.h	line 166
ORPHAN_MARKER	0x0092F320		src\engine\broc_types.h	line 1712
ORPHAN_MARKER	0x0092F350		src\engine\broc_types.h	line 1713
ORPHAN_MARKER	0x0092F380		src\engine\broc_types.h	line 1714
ORPHAN_MARKER	0x0092F6B0		src\engine\broc_types.h	line 1716
ORPHAN_MARKER	0x0092F4D0		src\engine\broc_types.h	line 1719
ORPHAN_MARKER	0x007E1890	FixupPointerChain	src\filesystem\inplace.cpp	line 69
ORPHAN_MARKER	0x0041E4E0	nflStreamParams::nflStreamParams	src\filesystem\nfl.cpp	line 307
ORPHAN_MARKER	0x0041E770	nflStreamParams::nflStreamParams	src\filesystem\nfl.cpp	line 314
ORPHAN_MARKER	0x0041E830	nfsGetFile	src\filesystem\nfl.cpp	line 514
ORPHAN_MARKER	0x0041E860	nfsGetNativeFileID	src\filesystem\nfl.cpp	line 520
ORPHAN_MARKER	0x0041E950	nfsGetNativeFile	src\filesystem\nfl.cpp	line 539
ORPHAN_MARKER	0x0041E990	nfsGetFileDriver	src\filesystem\nfl.cpp	line 545
ORPHAN_MARKER	0x0041EA90	nfsGetStream	src\filesystem\nfl.cpp	line 551
ORPHAN_MARKER	0x0041EAD0	nfsGetRequest	src\filesystem\nfl.cpp	line 558
ORPHAN_MARKER	0x0041EA50	nfsGetFileHandle	src\filesystem\nfl.cpp	line 564
ORPHAN_MARKER	0x0041EB00	nfsExportRequestState	src\filesystem\nfl.cpp	line 572
ORPHAN_MARKER	0x0041EB60	nfsPreAllocate	src\filesystem\nfl.cpp	line 587
ORPHAN_MARKER	0x0041EC30	nfsPreAllocateWorkSpace	src\filesystem\nfl.cpp	line 612
ORPHAN_MARKER	0x0041E7C0	nfsGetMediaDriverIndex	src\filesystem\nfl.cpp	line 660
ORPHAN_MARKER	0x0041E800	nfsGetMediaDriver	src\filesystem\nfl.cpp	line 671
ORPHAN_MARKER	0x0041E780	if	src\filesystem\nfl.cpp	line 678
ORPHAN_MARKER	0x0041E7A0	if	src\filesystem\nfl.cpp	line 695
ORPHAN_MARKER	0x0041EE20		src\filesystem\nfl.cpp	line 836
ORPHAN_MARKER	0x00420860	nflStart	src\filesystem\nfl.cpp	line 872
ORPHAN_MARKER	0x0041EF00	nflShutdown	src\filesystem\nfl.cpp	line 905
ORPHAN_MARKER	0x0041F4E0	nflGetFileSize	src\filesystem\nfl.cpp	line 947
ORPHAN_MARKER	0x0041E540	nflGetFileSize	src\filesystem\nfl.cpp	line 953
ORPHAN_MARKER	0x0041E9D0	nflGetFileMedia	src\filesystem\nfl.cpp	line 966
ORPHAN_MARKER	0x0041EA10	nflGetFileName	src\filesystem\nfl.cpp	line 972
ORPHAN_MARKER	0x0041F0D0	nfsOpenFile	src\filesystem\nfl.cpp	line 979
ORPHAN_MARKER	0x0041F520	nflOpenFile	src\filesystem\nfl.cpp	line 1056
ORPHAN_MARKER	0x0041F540	nflOpenFileEx	src\filesystem\nfl.cpp	line 1061
ORPHAN_MARKER	0x0041F560	nflCreateFile	src\filesystem\nfl.cpp	line 1066
ORPHAN_MARKER	0x00420740	nflCloseFile	src\filesystem\nfl.cpp	line 1074
ORPHAN_MARKER	0x0041E510	nflFileExists	src\filesystem\nfl.cpp	line 1112
ORPHAN_MARKER	0x0041F310	nflOpenSubFile	src\filesystem\nfl.cpp	line 1119
ORPHAN_MARKER	0x0041F760	nflAddRequest	src\filesystem\nfl.cpp	line 1188
ORPHAN_MARKER	0x00420190	nflUpdate	src\filesystem\nfl.cpp	line 1238
ORPHAN_MARKER	0x0041E660	nfsReadWriteFile	src\filesystem\nfl.cpp	line 1559
ORPHAN_MARKER	0x0041E720	nflReadFile	src\filesystem\nfl.cpp	line 1592
ORPHAN_MARKER	0x0041E740	nflWriteFile	src\filesystem\nfl.cpp	line 1597
ORPHAN_MARKER	0x0041E5C0	nflReadFileAsync	src\filesystem\nfl.cpp	line 1602
ORPHAN_MARKER	0x0041E570	nflReadFileAsyncWithCallBack	src\filesystem\nfl.cpp	line 1610
ORPHAN_MARKER	0x0041E610	nflWriteFileAsync	src\filesystem\nfl.cpp	line 1620
ORPHAN_MARKER	0x0041F590	nflGetRequestState	src\filesystem\nfl.cpp	line 1629
ORPHAN_MARKER	0x0041F910	nflCancelRequest	src\filesystem\nfl.cpp	line 1646
ORPHAN_MARKER	0x0041F5D0	nflSetRequestPriority	src\filesystem\nfl.cpp	line 1669
ORPHAN_MARKER	0x0041F640	nflGetRequestPriority	src\filesystem\nfl.cpp	line 1679
ORPHAN_MARKER	0x0041F680	nflGetRequestInfo	src\filesystem\nfl.cpp	line 1685
ORPHAN_MARKER	0x0041F6D0	nflGetRequestProgress	src\filesystem\nfl.cpp	line 1694
ORPHAN_MARKER	0x004205D0	nflCreateStream	src\filesystem\nfl.cpp	line 1703
ORPHAN_MARKER	0x0041EF80	nflSetStreamPriority	src\filesystem\nfl.cpp	line 1710
ORPHAN_MARKER	0x0041F090	nflGetStreamPriority	src\filesystem\nfl.cpp	line 1747
ORPHAN_MARKER	0x00420600	nflCancelStreamRequests	src\filesystem\nfl.cpp	line 1754
ORPHAN_MARKER	0x00420680	nflDestroyStream	src\filesystem\nfl.cpp	line 1764
ORPHAN_MARKER	0x00420330	nflGetFileHandle	src\filesystem\nfl.cpp	line 1771
ORPHAN_MARKER	0x00420460	nflGetState	src\filesystem\nfl.cpp	line 1809
ORPHAN_MARKER	0x00420520	nflRetry	src\filesystem\nfl.cpp	line 1840
ORPHAN_MARKER	0x0041EF30	nflGetMediaAlignments	src\filesystem\nfl.cpp	line 1862
ORPHAN_MARKER	0x00421D20	nflInjectError	src\filesystem\nfl.cpp	line 1877
ORPHAN_MARKER	0x00421E70	nfd_win32_GetFileHandle	src\filesystem\nfl.cpp	line 1885
ORPHAN_MARKER	0x00421E80	nfd_win32_FileOpen	src\filesystem\nfl.cpp	line 1887
ORPHAN_MARKER	0x00421F10	nfd_win32_FileClose	src\filesystem\nfl.cpp	line 1908
ORPHAN_MARKER	0x00421F30	nfd_win32_FileStatus	src\filesystem\nfl.cpp	line 1919
ORPHAN_MARKER	0x00421F60	nfd_win32_FileHandle	src\filesystem\nfl.cpp	line 1925
ORPHAN_MARKER	0x00421FD0	nfd_win32_IoExecute	src\filesystem\nfl.cpp	line 1934
ORPHAN_MARKER	0x00422070	nfd_win32_IoCancel	src\filesystem\nfl.cpp	line 1959
ORPHAN_MARKER	0x00422090	nfd_win32_IoUpdate	src\filesystem\nfl.cpp	line 1969
ORPHAN_MARKER	0x00421F80	nfd_win32_IoCompletionRoutine	src\filesystem\nfl.cpp	line 1977
ORPHAN_MARKER	0x00421A70	nfdBufferAlign	src\filesystem\nfl.cpp	line 1987
ORPHAN_MARKER	0x00421C30	nfdIoExecute	src\filesystem\nfl.cpp	line 2049
ORPHAN_MARKER	0x00421D40	nfdIoComplete	src\filesystem\nfl.cpp	line 2090
ORPHAN_MARKER	0x00421560	nfd_xbox_MediaBind	src\filesystem\nfl.cpp	line 2136
ORPHAN_MARKER	0x00420E40	txInit	src\filesystem\nfl.cpp	line 2172
ORPHAN_MARKER	0x00420D70	txTime	src\filesystem\nfl.cpp	line 2174
ORPHAN_MARKER	0x00420DA0	txMatch	src\filesystem\nfl.cpp	line 2181
ORPHAN_MARKER	0x00420E50	txGetPrimeLessThanPow2	src\filesystem\nfl.cpp	line 2205
ORPHAN_MARKER	0x00420990	txSlotEntryInit	src\filesystem\nfl.cpp	line 2226
ORPHAN_MARKER	0x004209B0	txSlotEntryLinkHead	src\filesystem\nfl.cpp	line 2231
ORPHAN_MARKER	0x004209D0	txSlotEntryLinkTail	src\filesystem\nfl.cpp	line 2237
ORPHAN_MARKER	0x004209F0	txSlotEntryUnlink	src\filesystem\nfl.cpp	line 2243
ORPHAN_MARKER	0x00420A10	txSlotEntryPtr	src\filesystem\nfl.cpp	line 2248
ORPHAN_MARKER	0x00420A50	txSlotIndex	src\filesystem\nfl.cpp	line 2256
ORPHAN_MARKER	0x00420A90	txSlotPoolInit	src\filesystem\nfl.cpp	line 2262
ORPHAN_MARKER	0x00420B40	txSlotExists	src\filesystem\nfl.cpp	line 2277
ORPHAN_MARKER	0x00420B90	txSlotEntryInc	src\filesystem\nfl.cpp	line 2282
ORPHAN_MARKER	0x00420BD0	txSlotNew	src\filesystem\nfl.cpp	line 2291
ORPHAN_MARKER	0x00420C40	txSlotFree	src\filesystem\nfl.cpp	line 2299
ORPHAN_MARKER	0x00420CB0	txSlotFirst	src\filesystem\nfl.cpp	line 2307
ORPHAN_MARKER	0x00420CC0	txSlotLast	src\filesystem\nfl.cpp	line 2309
ORPHAN_MARKER	0x00420CD0	txSlotNext	src\filesystem\nfl.cpp	line 2311
ORPHAN_MARKER	0x00420D20	txSlotPrev	src\filesystem\nfl.cpp	line 2317
ORPHAN_MARKER	0x00420EA0	txPrintf	src\filesystem\nfl.cpp	line 2323
ORPHAN_MARKER	0x00421450	txPathNormalize	src\filesystem\nfl.cpp	line 2330
ORPHAN_MARKER	0x00421060		src\filesystem\nfl.cpp	line 2386
ORPHAN_MARKER	0x00420F90	txBreak	src\filesystem\nfl.cpp	line 2398
ORPHAN_MARKER	0x00420FD0	txMemAlloc	src\filesystem\nfl.cpp	line 2405
ORPHAN_MARKER	0x00420FA0	txMemAllocEx	src\filesystem\nfl.cpp	line 2407
ORPHAN_MARKER	0x00420FF0	txMemFree	src\filesystem\nfl.cpp	line 2413
ORPHAN_MARKER	0x00421000	txMemRealloc	src\filesystem\nfl.cpp	line 2415
ORPHAN_MARKER	0x00421010	txMemReallocAdHoc	src\filesystem\nfl.cpp	line 2417
ORPHAN_MARKER	0x00420EC0	txPrintv	src\filesystem\nfl.cpp	line 2427
ORPHAN_MARKER	0x004210A0	txPathFix	src\filesystem\nfl.cpp	line 2443
ORPHAN_MARKER	0x00421170	txPathFormat	src\filesystem\nfl.cpp	line 2478
ORPHAN_MARKER	0x004211E0	txPathMake	src\filesystem\nfl.cpp	line 2486
ORPHAN_MARKER	0x00421250	txPathDirEnd	src\filesystem\nfl.cpp	line 2491
ORPHAN_MARKER	0x00421270	txPathFileStart	src\filesystem\nfl.cpp	line 2497
ORPHAN_MARKER	0x00421290	txPathExtStart	src\filesystem\nfl.cpp	line 2503
ORPHAN_MARKER	0x004212C0	txPathFile	src\filesystem\nfl.cpp	line 2509
ORPHAN_MARKER	0x00421320	txPathExt	src\filesystem\nfl.cpp	line 2516
ORPHAN_MARKER	0x00421390	txPathDir	src\filesystem\nfl.cpp	line 2523
ORPHAN_MARKER	0x004213E0	txPathName	src\filesystem\nfl.cpp	line 2532
ORPHAN_MARKER	0x006A0CA0	CG_DrawDamageDirectionIndicators	src\game\cg\cg_draw.cpp	line 1152
ORPHAN_MARKER	0x00694E00	CG_DrawReticleCenter	src\game\cg\cg_draw.cpp	line 1227
ORPHAN_MARKER	0x00694FC0	CG_DrawReticleHitIndicator	src\game\cg\cg_draw.cpp	line 1272
ORPHAN_MARKER	0x0069B580	CG_DrawWeapReticle	src\game\cg\cg_draw.cpp	line 1345
ORPHAN_MARKER	0x006881E0	CG_CalcReticleColor	src\game\cg\cg_draw.cpp	line 1473
ORPHAN_MARKER	0x006882C0	CG_CalcReticleSpread	src\game\cg\cg_draw.cpp	line 1504
ORPHAN_MARKER	0x0069BE50	CG_DrawReticleSides	src\game\cg\cg_draw.cpp	line 1549
ORPHAN_MARKER	0x00694C20	CG_DrawAdsAimIndicator	src\game\cg\cg_draw.cpp	line 1615
ORPHAN_MARKER	0x006A03F0	CG_DrawReticleName	src\game\cg\cg_draw.cpp	line 1654
ORPHAN_MARKER	0x0068A990	CG_GetHudElemTime	src\game\cg\cg_draw.cpp	line 1718
ORPHAN_MARKER	0x0068AA40	CG_HudElemTimerString	src\game\cg\cg_draw.cpp	line 1745
ORPHAN_MARKER	0x0068AAC0	CG_HudElemTenthsTimerString	src\game\cg\cg_draw.cpp	line 1757
ORPHAN_MARKER	0x0068AC30	CG_HudElemWidth	src\game\cg\cg_draw.cpp	line 1772
ORPHAN_MARKER	0x0068AD20	CG_HudElemHeight	src\game\cg\cg_draw.cpp	line 1810
ORPHAN_MARKER	0x0068AE10	CG_HudElemX	src\game\cg\cg_draw.cpp	line 1855
ORPHAN_MARKER	0x0068AEF0	CG_HudElemY	src\game\cg\cg_draw.cpp	line 1878
ORPHAN_MARKER	0x0068B080	CG_HudElemAlignY	src\game\cg\cg_draw.cpp	line 1901
ORPHAN_MARKER	0x0068AFD0	CG_ConsolidateHudElemText	src\game\cg\cg_draw.cpp	line 1916
ORPHAN_MARKER	0x006975E0	CG_GetHudElemInfo	src\game\cg\cg_draw.cpp	line 1960
ORPHAN_MARKER	0x0068B110	CG_DrawHudElemString	src\game\cg\cg_draw.cpp	line 2061
ORPHAN_MARKER	0x0069CE70	CG_DrawHudElemShader	src\game\cg\cg_draw.cpp	line 2107
ORPHAN_MARKER	0x0069CC40	CG_DrawHudElemClock	src\game\cg\cg_draw.cpp	line 2145
ORPHAN_MARKER	0x0069D030	CG_DrawSingleHudElem	src\game\cg\cg_draw.cpp	line 2190
ORPHAN_MARKER	0x006886B0	CG_FadeLowHealthOverlay	src\game\cg\cg_draw.cpp	line 2485
ORPHAN_MARKER	0x006962E0	CG_PulseLowHealthOverlay	src\game\cg\cg_draw.cpp	line 2507
ORPHAN_MARKER	0x006965A0	CG_DrawPlayerLowHealthOverlay	src\game\cg\cg_draw.cpp	line 2583
ORPHAN_MARKER	0x00688490	CG_AllowedToDrawCrosshair	src\game\cg\cg_draw.cpp	line 2705
ORPHAN_MARKER	0x00689A90	CG_mg42	src\game\cg\cg_ents.cpp	line 1239
ORPHAN_MARKER	0x0068C770	CG_ReadNextSnapshot	src\game\cg\cg_ents.cpp	line 1853
ORPHAN_MARKER	0x006ADE20	CG_SetNextSnap	src\game\cg\cg_ents.cpp	line 1895
ORPHAN_MARKER	0x0068BC40	CG_LocalSound	src\game\cg\cg_main.cpp	line 399
ORPHAN_MARKER	0x00698090	CG_OpenScriptMenu	src\game\cg\cg_main.cpp	line 426
ORPHAN_MARKER	0x006A3860	CG_ServerCommand	src\game\cg\cg_main.cpp	line 455
ORPHAN_MARKER	0x00698190	CG_CheckOpenWaitingScriptMenu	src\game\cg\cg_main.cpp	line 638
ORPHAN_MARKER	0x00697B50	CG_RegisterGraphics	src\game\cg\cg_main.cpp	line 677
ORPHAN_MARKER	0x0068A910	CG_ItemPickup	src\game\cg\cg_main.cpp	line 770
ORPHAN_MARKER	0x00698250	CG_PerturbationPoint	src\game\cg\cg_misc.cpp	line 2989
ORPHAN_MARKER	0x006959E0	CG_UpdateCameraShake	src\game\cg\cg_view.cpp	line 729
ORPHAN_MARKER	0x00698650	CG_EndShellShock	src\game\cg\cg_view.cpp	line 818
ORPHAN_MARKER	0x006984D0	CG_EndShellShockSound	src\game\cg\cg_view.cpp	line 835
ORPHAN_MARKER	0x006A3BC0	CG_UpdateShellShockSound	src\game\cg\cg_view.cpp	line 855
ORPHAN_MARKER	0x006970B0	CG_InterpolateEntityOrigin	src\game\cg\cg_view.cpp	line 943
ORPHAN_MARKER	0x006971E0	CG_InterpolateEntityAngles	src\game\cg\cg_view.cpp	line 949
ORPHAN_MARKER	0x0068C3E0	CG_UpdateShellShockMouse	src\game\cg\cg_view.cpp	line 1005
ORPHAN_MARKER	0x0068C5A0	CG_UpdateShellShockCamera	src\game\cg\cg_view.cpp	line 1347
ORPHAN_MARKER	0x006A2650	CG_InterpolatePlayerState	src\game\cg\cg_view.cpp	line 3080
ORPHAN_MARKER	0x006A2850	CG_PredictPlayerState_Internal	src\game\cg\cg_view.cpp	line 3166
ORPHAN_MARKER	0x0068D680	CG_CalcCubemapViewValues	src\game\cg\cg_view.cpp	line 3481
ORPHAN_MARKER	0x0068CEA0	CG_KickAngles	src\game\cg\cg_view.cpp	line 3714
ORPHAN_MARKER	0x0068D260	CG_CalculateView_BobAngles	src\game\cg\cg_view.cpp	line 3776
ORPHAN_MARKER	0x0068CE40	CG_StepOffset	src\game\cg\cg_view.cpp	line 3791
ORPHAN_MARKER	0x006986D0	CG_OffsetFirstPersonView	src\game\cg\cg_view.cpp	line 3805
ORPHAN_MARKER	0x006A4020	CG_OffsetThirdPersonView	src\game\cg\cg_view.cpp	line 3918
ORPHAN_MARKER	0x006A5870	CG_CalcTurretViewValues	src\game\cg\cg_view.cpp	line 4043
ORPHAN_MARKER	0x0068CCF0	CG_CalcVrect	src\game\cg\cg_view.cpp	line 4449
ORPHAN_MARKER	0x00699F90	CG_UpdateViewModelPosAndOrientation	src\game\cg\cg_weapon.cpp	line 566
ORPHAN_MARKER	0x00529E60	CL_ConsolePrint_AddLine	src\game\cl\cl_console.cpp	line 40
ORPHAN_MARKER	0x0052A070	CL_AddConsoleInfoChar	src\game\cl\cl_console.cpp	line 121
ORPHAN_MARKER	0x0052A0B0	CL_AddConsoleInfoColor	src\game\cl\cl_console.cpp	line 131
ORPHAN_MARKER	0x0052A1C0	CL_AddDeathMessageText	src\game\cl\cl_console.cpp	line 156
ORPHAN_MARKER	0x00529B50	Con_InitMessageWindow	src\game\cl\cl_console.cpp	line 642
ORPHAN_MARKER	0x00529D00	Con_OneTimeInit	src\game\cl\cl_console.cpp	line 677
ORPHAN_MARKER	0x005292B0	CL_SaveMessageType	src\game\cl\cl_debug.cpp	line 112
ORPHAN_MARKER	0x0011C300	KeyInfoEntry::Init	src\game\cl\cl_keys.cpp	line 137
ORPHAN_MARKER	0x0011C320	KeyInfoEntry::SetDown	src\game\cl\cl_keys.cpp	line 143
ORPHAN_MARKER	0x0011C340	KeyInfoEntry::IncRepeats	src\game\cl\cl_keys.cpp	line 149
ORPHAN_MARKER	0x0011C360	KeyInfoEntry::ClearRepeats	src\game\cl\cl_keys.cpp	line 155
ORPHAN_MARKER	0x0011C370	KeyInfoEntry::IsDown	src\game\cl\cl_keys.cpp	line 161
ORPHAN_MARKER	0x0011C380	KeyInfoEntry::GetRepeats	src\game\cl\cl_keys.cpp	line 167
ORPHAN_MARKER	0x005293E0	CL_RestoreMessageType	src\game\cl\cl_lifecycle.cpp	line 120
ORPHAN_MARKER	0x00928DB0	PauseMenu::Me	src\game\cl\cl_scr.cpp	line 203
ORPHAN_MARKER	0x004C37A0	generateHashValue	src\game\core\cvar.cpp	line 72
ORPHAN_MARKER	0x00A6C780		src\game\core\effect_events.cpp	line 589
ORPHAN_MARKER	0x004CAEE0	SelectGroupItem	src\game\core\effect_events.cpp	line 4805
ORPHAN_MARKER	0x004CB280	ReduceGroups	src\game\core\effect_events.cpp	line 4897
ORPHAN_MARKER	0x005EF700	EntityNotifySet::RmvEndOn	src\game\core\entity_notify.cpp	line 56
ORPHAN_MARKER	0x004C66A0	FS_BuildOSPath_Internal	src\game\core\files.cpp	line 518
ORPHAN_MARKER	0x004C6E70	FS_FOpenFileRead_Internal	src\game\core\files.cpp	line 579
ORPHAN_MARKER	0x004BDD10	FS_ShutdownSearchPaths	src\game\core\files.cpp	line 1817
ORPHAN_MARKER	0x004BDD70	FS_ShutdownFileLists	src\game\core\files.cpp	line 1842
ORPHAN_MARKER	0x004C7E00	FS_AddGameDirectory	src\game\core\files.cpp	line 1860
ORPHAN_MARKER	0x004C8050	FS_AddLocalizedGameDirectory	src\game\core\files.cpp	line 1959
ORPHAN_MARKER	0x004C1EB0	FS_AddFileToList	src\game\core\files.cpp	line 1967
ORPHAN_MARKER	0x004B5B60	FS_ReturnPath	src\game\core\files.cpp	line 1989
ORPHAN_MARKER	0x006085D0	PM_SwitchIfEmpty	src\game\logic\g_bg_pmove.cpp	line 251
ORPHAN_MARKER	0x00607FD0	PM_Weapon_FinishRechamber	src\game\logic\g_bg_pmove.cpp	line 268
ORPHAN_MARKER	0x006088A0	PM_Weapon_WeaponTimeAdjust	src\game\logic\g_bg_pmove.cpp	line 298
ORPHAN_MARKER	0x006082E0	PM_BeginWeaponDeploy	src\game\logic\g_bg_pmove.cpp	line 342
ORPHAN_MARKER	0x00608340	PM_BeginWeaponBreakingdown	src\game\logic\g_bg_pmove.cpp	line 360
ORPHAN_MARKER	0x00608520	PM_Weapon_CheckForDeployBreakdown	src\game\logic\g_bg_pmove.cpp	line 378
ORPHAN_MARKER	0x006083A0	PM_Weapon_FinishWeaponRaise	src\game\logic\g_bg_pmove.cpp	line 425
ORPHAN_MARKER	0x006083D0	PM_Weapon_FinishWeaponDeploy	src\game\logic\g_bg_pmove.cpp	line 438
ORPHAN_MARKER	0x00608400	PM_Weapon_FinishWeaponBreakdown	src\game\logic\g_bg_pmove.cpp	line 451
ORPHAN_MARKER	0x00608AD0	PM_Weapon_CheckForSpotting	src\game\logic\g_bg_pmove.cpp	line 464
ORPHAN_MARKER	0x00608B40	PM_Weapon_PrintWeaponState	src\game\logic\g_bg_pmove.cpp	line 481
ORPHAN_MARKER	0x00608C90	PM_Weapon_PrintWeaponAnim	src\game\logic\g_bg_pmove.cpp	line 538
ORPHAN_MARKER	0x00608430	PM_Weapon_AllowReload	src\game\logic\g_bg_pmove.cpp	line 628
ORPHAN_MARKER	0x00608040	PM_QueueReloadSound	src\game\logic\g_bg_pmove.cpp	line 656
ORPHAN_MARKER	0x00608200	PM_QueuedReloadBegin	src\game\logic\g_bg_pmove.cpp	line 678
ORPHAN_MARKER	0x006177B0	PM_SetReloadingState	src\game\logic\g_bg_pmove.cpp	line 713
ORPHAN_MARKER	0x00607D00	PM_ReloadClip	src\game\logic\g_bg_pmove.cpp	line 753
ORPHAN_MARKER	0x00617BC0	PM_Weapon_ReloadDelayedAction	src\game\logic\g_bg_pmove.cpp	line 811
ORPHAN_MARKER	0x00617D50	PM_Weapon_FinishReload	src\game\logic\g_bg_pmove.cpp	line 878
ORPHAN_MARKER	0x00617F80	PM_Weapon_FireMelee	src\game\logic\g_bg_pmove.cpp	line 964
ORPHAN_MARKER	0x00618020	PM_Weapon_FinishMelee	src\game\logic\g_bg_pmove.cpp	line 989
ORPHAN_MARKER	0x006172F0	PM_Weapon_CheckForRechamber	src\game\logic\g_bg_pmove.cpp	line 1018
ORPHAN_MARKER	0x00617520	PM_SetWeaponReloadAddAmmoDelay	src\game\logic\g_bg_pmove.cpp	line 1085
ORPHAN_MARKER	0x00617610	PM_QueuedReloadUpdate	src\game\logic\g_bg_pmove.cpp	line 1144
ORPHAN_MARKER	0x0062FA80	PM_BeginWeaponReload	src\game\logic\g_bg_pmove.cpp	line 1207
ORPHAN_MARKER	0x006178F0	PM_BeginWeaponChange	src\game\logic\g_bg_pmove.cpp	line 1270
ORPHAN_MARKER	0x006302A0	PM_Weapon_CheckForChangeWeapon	src\game\logic\g_bg_pmove.cpp	line 1362
ORPHAN_MARKER	0x00630070	PM_Weapon_CheckForReload	src\game\logic\g_bg_pmove.cpp	line 1459
ORPHAN_MARKER	0x006089C0	PM_Weapon_SetFPSFireAnim	src\game\logic\g_bg_pmove.cpp	line 1552
ORPHAN_MARKER	0x00608A50	PM_Weapon_AddFiringAimSpreadScale	src\game\logic\g_bg_pmove.cpp	line 1574
ORPHAN_MARKER	0x006304D0	PM_Weapon_CheckFiringAmmo	src\game\logic\g_bg_pmove.cpp	line 1590
ORPHAN_MARKER	0x00630AD0	PM_Weapon_CheckAbortHoldToFire	src\game\logic\g_bg_pmove.cpp	line 1636
ORPHAN_MARKER	0x00630C30	PM_Weapon_FinishOffHandWeapons	src\game\logic\g_bg_pmove.cpp	line 1678
ORPHAN_MARKER	0x00630670	PM_Weapon_FinishFiring	src\game\logic\g_bg_pmove.cpp	line 1833
ORPHAN_MARKER	0x0062FC20	PM_Weapon_FinishWeaponChange	src\game\logic\g_bg_pmove.cpp	line 1924
ORPHAN_MARKER	0x006089A0	PM_Weapon_GetAmmoRequired	src\game\logic\g_bg_pmove.cpp	line 2064
ORPHAN_MARKER	0x006308C0	PM_Weapon_StartFiring	src\game\logic\g_bg_pmove.cpp	line 2073
ORPHAN_MARKER	0x00608120	PM_ShouldPrequeueReloadSound	src\game\logic\g_bg_pmove.cpp	line 2138
ORPHAN_MARKER	0x006081C0	PM_UpdateReloadSoundPrequeueing	src\game\logic\g_bg_pmove.cpp	line 2163
ORPHAN_MARKER	0x00631140	PM_HoldBreathFire	src\game\logic\g_bg_pmove.cpp	line 2182
ORPHAN_MARKER	0x006400F0	PM_Weapon_FireWeapon	src\game\logic\g_bg_pmove.cpp	line 2225
ORPHAN_MARKER	0x00640700	PM_Weapon_CheckForMelee	src\game\logic\g_bg_pmove.cpp	line 2299
ORPHAN_MARKER	0x006402D0	PM_Weapon_StartMeleeAssist	src\game\logic\g_bg_pmove.cpp	line 2379
ORPHAN_MARKER	0x00631260	PM_UpdateHoldBreath	src\game\logic\g_bg_pmove.cpp	line 2764
ORPHAN_MARKER	0x00604CC0	PM_Friction	src\game\logic\g_bg_pmove.cpp	line 2874
ORPHAN_MARKER	0x006050F0	PM_SetMovementDir	src\game\logic\g_bg_pmove.cpp	line 2933
ORPHAN_MARKER	0x00643E40	PM_WalkMove	src\game\logic\g_bg_pmove.cpp	line 3195
ORPHAN_MARKER	0x00614E60	PM_GroundTraceMissed	src\game\logic\g_bg_pmove.cpp	line 3432
ORPHAN_MARKER	0x00605C00	PM_CrashLand	src\game\logic\g_bg_pmove.cpp	line 3491
ORPHAN_MARKER	0x0063C340	PM_GroundTrace	src\game\logic\g_bg_pmove.cpp	line 3680
ORPHAN_MARKER	0x006055A0	PM_NoclipMove	src\game\logic\g_bg_pmove.cpp	line 3846
ORPHAN_MARKER	0x00605850	PM_UFOMove	src\game\logic\g_bg_pmove.cpp	line 3930
ORPHAN_MARKER	0x00605420	PM_DeadMove	src\game\logic\g_bg_pmove.cpp	line 4012
ORPHAN_MARKER	0x0063DDF0	PM_CheckLadderMove	src\game\logic\g_bg_pmove.cpp	line 4062
ORPHAN_MARKER	0x00606280	PM_WaterEvents	src\game\logic\g_bg_pmove.cpp	line 4413
ORPHAN_MARKER	0x00606320	PM_DropTimers	src\game\logic\g_bg_pmove.cpp	line 4437
ORPHAN_MARKER	0x00606180	PM_GetViewHeightLerp	src\game\logic\g_bg_pmove.cpp	line 6658
ORPHAN_MARKER	0x006147A0	PM_CmdScale_Walk	src\game\logic\g_bg_pmove.cpp	line 6698
ORPHAN_MARKER	0x00607EC0	PM_StartWeaponAnim	src\game\logic\g_bg_pmove.cpp	line 9212
ORPHAN_MARKER	0x00607F80	PM_ContinueWeaponAnim	src\game\logic\g_bg_pmove.cpp	line 9241
ORPHAN_MARKER	0x00615200	BG_CheckProneTurned	src\game\logic\g_bg_pmove.cpp	line 9338
ORPHAN_MARKER	0x00615050	PM_ViewHeightTableLerp	src\game\logic\g_bg_pmove.cpp	line 10673
ORPHAN_MARKER	0x006444E0	PM_ViewHeightAdjust	src\game\logic\g_bg_pmove.cpp	line 10743
ORPHAN_MARKER	0x00614AF0	PM_Jump	src\game\logic\g_bg_pmove.cpp	line 11416
ORPHAN_MARKER	0x006053F0	PM_JumpForSurface	src\game\logic\g_bg_pmove.cpp	line 11433
ORPHAN_MARKER	0x00614B60	PM_CheckJump	src\game\logic\g_bg_pmove.cpp	line 11447
ORPHAN_MARKER	0x00604FA0	PM_CmdScale	src\game\logic\g_bg_pmove.cpp	line 11532
ORPHAN_MARKER	0x00604E70	PM_Accelerate	src\game\logic\g_bg_pmove.cpp	line 11585
ORPHAN_MARKER	0x00621ED0	InitWeaponInfo	src\game\logic\g_bg_pmove.cpp	line 12241
ORPHAN_MARKER	0x00606C10	SetConfigString2	src\game\logic\g_bg_pmove.cpp	line 12277
ORPHAN_MARKER	0x00615D50	BG_ParseWeaponInfoSpecificFieldType	src\game\logic\g_bg_pmove.cpp	line 12289
ORPHAN_MARKER	0x0063FF60	BG_ParseWeaponInfoFiles	src\game\logic\g_bg_pmove.cpp	line 12515
ORPHAN_MARKER	0x00606C30	BG_SetupTransitionTimes	src\game\logic\g_bg_pmove.cpp	line 12539
ORPHAN_MARKER	0x00606CC0	BG_SetupWeaponAlts	src\game\logic\g_bg_pmove.cpp	line 12570
ORPHAN_MARKER	0x00606F30	BG_SetupUseHintStrings	src\game\logic\g_bg_pmove.cpp	line 12690
ORPHAN_MARKER	0x00632F40	CM_ValidateAllWorldSectors_r	src\game\logic\g_cm_load.cpp	line 9033
ORPHAN_MARKER	0x00633020	CM_AreaEntities_r	src\game\logic\g_cm_load.cpp	line 9087
ORPHAN_MARKER	0x00622500	CM_PointTraceToEntities_r	src\game\logic\g_cm_load.cpp	line 9569
ORPHAN_MARKER	0x00622820	CM_PointSightTraceToEntities_r	src\game\logic\g_cm_load.cpp	line 9677
ORPHAN_MARKER	0x00619FE0	CM_PointTraceStaticModels_r	src\game\logic\g_cm_load.cpp	line 9793
ORPHAN_MARKER	0x0061A320	CM_ClipSightTraceToEntities_r	src\game\logic\g_cm_load.cpp	line 10448
ORPHAN_MARKER	0x0060B080	CM_AllocWorldSector	src\game\logic\g_cm_load.cpp	line 10643
ORPHAN_MARKER	0x0060B5C0	CM_SortNode	src\game\logic\g_cm_load.cpp	line 10699
ORPHAN_MARKER	0x0060F180	EvalRandom	src\game\logic\g_cmd.cpp	line 707
ORPHAN_MARKER	0x006379A0	EvalTime	src\game\logic\g_cmd.cpp	line 714
ORPHAN_MARKER	0x00637A30	EvalImpact	src\game\logic\g_cmd.cpp	line 734
ORPHAN_MARKER	0x006126A0	GetButtonIndexFromDesc	src\game\logic\g_cmd.cpp	line 2508
ORPHAN_MARKER	0x006126D0	GetStickIndexFromDesc	src\game\logic\g_cmd.cpp	line 2520
ORPHAN_MARKER	0x00612730	GetButtonAliasFromDesc	src\game\logic\g_cmd.cpp	line 2532
ORPHAN_MARKER	0x00612760	GetStickAliasFromDesc	src\game\logic\g_cmd.cpp	line 2544
ORPHAN_MARKER	0x0061F2B0	Cmd_CallCmdFunctionWithInputArgs	src\game\logic\g_cmd.cpp	line 3296
ORPHAN_MARKER	0x0044A0D0	G_RmvInvalidatedNodeRemove	src\game\logic\g_dobj.cpp	line 549
ORPHAN_MARKER	0x00472CD0	G_DObjSetLocalTagInternal	src\game\logic\g_dobj.cpp	line 1203
ORPHAN_MARKER	0x004733E0	G_DObjSetLocalTagInternal_0	src\game\logic\g_dobj.cpp	line 1269
ORPHAN_MARKER	0x0048AB20	G_EntLinkToInternal	src\game\logic\g_dobj.cpp	line 1705
ORPHAN_MARKER	0x0048AD50	G_EntLinkToInternal_0	src\game\logic\g_dobj.cpp	line 1766
ORPHAN_MARKER	0x006126A0	GamePause::SetGamePaused	src\game\logic\g_entity_misc.cpp	line 1160
ORPHAN_MARKER	0x004F6220	Axis4_to_nalMatrix4x4	src\game\logic\g_entity_misc.cpp	line 2407
ORPHAN_MARKER	0x0044CC50	GScr_LoadScriptsAndAnimsForEntities	src\game\logic\g_entity_misc.cpp	line 3521
ORPHAN_MARKER	0x004F6220		src\game\logic\g_game2_misc.cpp	line 652
ORPHAN_MARKER	0x00475890	Pickup_Ammo	src\game\logic\g_items.cpp	line 552
ORPHAN_MARKER	0x0044B3B0	Pickup_Weapon_Ammo	src\game\logic\g_items.cpp	line 570
ORPHAN_MARKER	0x0044B3F0	Pickup_Kit	src\game\logic\g_items.cpp	line 581
ORPHAN_MARKER	0x00484F20	Pickup_Weapon	src\game\logic\g_items.cpp	line 629
ORPHAN_MARKER	0x0044AFE0		src\game\logic\g_local.h	line 1520
ORPHAN_MARKER	0x0045ACB0	Think_SpawnNewDoorTriggerInternal	src\game\logic\g_mover.cpp	line 1704
ORPHAN_MARKER	0x0045AE70	DoorRotateStartOpen	src\game\logic\g_mover.cpp	line 1746
ORPHAN_MARKER	0x0044CF20	ScriptMover_Updatemove	src\game\logic\g_mover.cpp	line 2599
ORPHAN_MARKER	0x00486590	G_MoverPush	src\game\logic\g_mover.cpp	line 3101
ORPHAN_MARKER	0x005EFBA0	reserved_dlist<AeThreadState>::delete_all	src\game\logic\g_scr.cpp	line 800
ORPHAN_MARKER	0x005C75F0	Scr_GetAnims	src\game\logic\g_scr.cpp	line 1608
ORPHAN_MARKER	0x005C4C20	HudSetTimerInternal	src\game\logic\g_scr.cpp	line 2382
ORPHAN_MARKER	0x005EF710	AeThread::BrocObjCreated::BrocObjCreated	src\game\logic\g_scr.cpp	line 5119
ORPHAN_MARKER	0x005EF730	new	src\game\logic\g_scr.cpp	line 5126
ORPHAN_MARKER	0x005DFD00	BrocSys::RegisterHashString	src\game\logic\g_scr.cpp	line 23223
ORPHAN_MARKER	0x005DC4B0	BrocSys::ConvertHashToString	src\game\logic\g_scr.cpp	line 23249
ORPHAN_MARKER	0x0048FA30	VEH_FireAltWeapon	src\game\logic\g_scr_vehicle.cpp	line 135
ORPHAN_MARKER	0x0044D7C0	VEH_InitPhysics	src\game\logic\g_scr_vehicle.cpp	line 375
ORPHAN_MARKER	0x00487C30	VEH_InitVehicle	src\game\logic\g_scr_vehicle.cpp	line 397
ORPHAN_MARKER	0x0047D940	VEH_UpdateAim	src\game\logic\g_scr_vehicle.cpp	line 622
ORPHAN_MARKER	0x004904B0	VEH_UpdateAltWeapon	src\game\logic\g_scr_vehicle.cpp	line 794
ORPHAN_MARKER	0x0046D8D0	VEH_UpdateClient	src\game\logic\g_scr_vehicle.cpp	line 864
ORPHAN_MARKER	0x00463420	VEH_GroundTrace	src\game\logic\g_scr_vehicle.cpp	line 953
ORPHAN_MARKER	0x0046A5C0	VEH_UpdatePO	src\game\logic\g_scr_vehicle.cpp	line 1036
ORPHAN_MARKER	0x0046C7D0	VEH_GroundMove	src\game\logic\g_scr_vehicle.cpp	line 1170
ORPHAN_MARKER	0x00490680	VEH_UpdateGunnerWeapon	src\game\logic\g_scr_vehicle.cpp	line 1222
ORPHAN_MARKER	0x00463370	VEH_DebugCapsule	src\game\logic\g_scr_vehicle.cpp	line 1358
ORPHAN_MARKER	0x0044EA70	VEH_UpdateShaderTime	src\game\logic\g_scr_vehicle.cpp	line 1436
ORPHAN_MARKER	0x0046D310	VEH_UpdateSoundLerps	src\game\logic\g_scr_vehicle.cpp	line 1509
ORPHAN_MARKER	0x0046D560	VEH_UpdateSounds	src\game\logic\g_scr_vehicle.cpp	line 1601
ORPHAN_MARKER	0x0044E880	VEH_UpdateSteering	src\game\logic\g_scr_vehicle.cpp	line 1732
ORPHAN_MARKER	0x0047EF00	VEH_UpdateWeapon	src\game\logic\g_scr_vehicle.cpp	line 1783
ORPHAN_MARKER	0x0046CB70	VEH_VerifyPosition	src\game\logic\g_scr_vehicle.cpp	line 1982
ORPHAN_MARKER	0x00451A50	VP_CalcNodeSpeed	src\game\logic\g_scr_vehicle.cpp	line 2502
ORPHAN_MARKER	0x00451B60	VP_CalcNodeLookAhead	src\game\logic\g_scr_vehicle.cpp	line 2580
ORPHAN_MARKER	0x00451C70	VP_CalcNodeAngles	src\game\logic\g_scr_vehicle.cpp	line 2658
ORPHAN_MARKER	0x0044E120	VEH_GetGenericDistancedFollowHistoryIndex	src\game\logic\g_scr_vehicle.cpp	line 2857
ORPHAN_MARKER	0x0044DFE0	VEH_GenerateRelativeFormationTable	src\game\logic\g_scr_vehicle.cpp	line 2888
ORPHAN_MARKER	0x0044E260	VEH_UpdateFollowFormation	src\game\logic\g_scr_vehicle.cpp	line 2935
ORPHAN_MARKER	0x0045F1A0	VP_CopyNode	src\game\logic\g_scr_vehicle.cpp	line 4430
ORPHAN_MARKER	0x0044D350	VEH_Strcpy	src\game\logic\g_scr_vehicle.cpp	line 4909
ORPHAN_MARKER	0x0045EC30	VP_AddDebugLine	src\game\logic\g_scr_vehicle.cpp	line 6126
ORPHAN_MARKER	0x00464710	VP_DrawPath	src\game\logic\g_scr_vehicle.cpp	line 6163
ORPHAN_MARKER	0x0044D6F0	VEH_TrackAngle	src\game\logic\g_scr_vehicle.cpp	line 8801
ORPHAN_MARKER	0x0044DB90	VEH_StartWheelEffect	src\game\logic\g_scr_vehicle.cpp	line 9047
ORPHAN_MARKER	0x00477D30	turret_aimat_vector_internal	src\game\logic\g_turret.cpp	line 1032
ORPHAN_MARKER	0x00477EC0	turret_aimat_vector	src\game\logic\g_turret.cpp	line 1095
ORPHAN_MARKER	0x004B0F80	EntityHandleDb::Find	src\game\logic\g_utils.cpp	line 164
ORPHAN_MARKER	0x00452010	VP_GetSlide	src\game\logic\g_vehicle_path.cpp	line 14
ORPHAN_MARKER	0x0045EDB0	VP_UpdatePathPos	src\game\logic\g_vehicle_path.cpp	line 30
ORPHAN_MARKER	0x004521F0	VP_GetLookAheadXYZ	src\game\logic\g_vehicle_path.cpp	line 115
ORPHAN_MARKER	0x00452090	VP_GetAngles	src\game\logic\g_vehicle_path.cpp	line 188
ORPHAN_MARKER	0x00609880		src\game\logic\g_winding.cpp	line 41
ORPHAN_MARKER	0x0072C270	MPAlloc	src\game\mp\mp_basic.cpp	line 5237
ORPHAN_MARKER	0x0072C2E0	MPFree	src\game\mp\mp_basic.cpp	line 5254
ORPHAN_MARKER	0x0072C340	MPRealloc	src\game\mp\mp_basic.cpp	line 5271
ORPHAN_MARKER	0x0072C380	MPAlignedMalloc	src\game\mp\mp_basic.cpp	line 5280
ORPHAN_MARKER	0x0072C3F0	MPAlignedRealloc	src\game\mp\mp_basic.cpp	line 5296
ORPHAN_MARKER	0x07760450	MPPlayerManager::RemoveDroppedItems	src\game\mp\mp_basic.cpp	line 7520
ORPHAN_MARKER	0x077337B0	MPProfileEditMenu::Select	src\game\mp\mp_basic.cpp	line 8032
ORPHAN_MARKER	0x00761590	MultiplayerMgr::FindDroppedItem	src\game\mp\mp_basic.cpp	line 9050
ORPHAN_MARKER	0x07739D60	MPPlayerManager::HandleVoiceData	src\game\mp\mp_basic.cpp	line 16588
ORPHAN_MARKER	0x00784910	Path_CanClaimNodeInternal	src\game\mpactors\pathnode.cpp	line 1410
ORPHAN_MARKER	0x0077F1A0	Path_UpdateBadPlaceCountForLink	src\game\mpactors\pathnodemgr.cpp	line 61
ORPHAN_MARKER	0x006E69B0	rb_vehicle::set_hand_brake	src\game\physics\g_physics.cpp	line 4805
ORPHAN_MARKER	0x0071B490	avl_max	src\game\physics\g_physics.cpp	line 8359
ORPHAN_MARKER	0x006F5EC0	path_constraint_create	src\game\physics\g_physics.cpp	line 12101
ORPHAN_MARKER	0x007203A0	Print	src\game\platform_xbox\XboxLive.cpp	line 58
ORPHAN_MARKER	0x006C5700	R_CullModels	src\game\render\tr_dpvs.cpp	line 602
ORPHAN_MARKER	0x006BF3B0	R_FrustumClipPlanes	src\game\render\tr_dpvs.cpp	line 748
ORPHAN_MARKER	0x006BF8C0	R_SetupDPVS	src\game\render\tr_dpvs.cpp	line 769
ORPHAN_MARKER	0x006BF0F0	SphereBehindPlane	src\game\render\tr_dpvs.cpp	line 822
ORPHAN_MARKER	0x006BF180	CullSphereDPVS	src\game\render\tr_dpvs.cpp	line 836
ORPHAN_MARKER	0x006BF1F0	R_CullBoxDPVS	src\game\render\tr_dpvs.cpp	line 861
ORPHAN_MARKER	0x006D1DF0	R_CellForCamera	src\game\render\tr_dpvs.cpp	line 922
ORPHAN_MARKER	0x006C5A60	R_AddCellSurfaces	src\game\render\tr_dpvs.cpp	line 938
ORPHAN_MARKER	0x006D6FC0	R_AddStaticModels	src\game\render\tr_dpvs.cpp	line 962
ORPHAN_MARKER	0x006BF470	R_PortalBehindAnyPlane	src\game\render\tr_dpvs.cpp	line 982
ORPHAN_MARKER	0x006D9B90	R_RecursivePortalWalk	src\game\render\tr_dpvs.cpp	line 1005
ORPHAN_MARKER	0x006C0310	AssertCvarRange	src\game\render\tr_main.cpp	line 238
ORPHAN_MARKER	0x006C02C0	R_Text_PaintConsoleIcon	src\game\render\tr_text.cpp	line 38
ORPHAN_MARKER	0x00570A10	FEMenuSystem::~FEMenuSystem	src\game\shell\fe_menu.cpp	line 1154
ORPHAN_MARKER	0x005762A0	IGOTimerWidget::Update	src\game\shell\igo_widgets.cpp	line 1991
ORPHAN_MARKER	0x00578A90	IGOJeepMapWidget::Update	src\game\shell\igo_widgets.cpp	line 3896
ORPHAN_MARKER	0x00576870	PanelQuad::SetAlpha	src\game\shell\panel_file.cpp	line 311
ORPHAN_MARKER	0x00579640	PanelQuadSection::Mask	src\game\shell\panel_file.cpp	line 1364
ORPHAN_MARKER	0x00000591	PanelFile::LoadPanelGeom	src\game\shell\panel_file.cpp	line 1507
ORPHAN_MARKER	0x004BB280	SetupActorHeap	src\game\streamer\pakmanager.cpp	line 3460
ORPHAN_MARKER	0x008A39E0	PakManager::CreateInst	src\game\streamer\pakmanager.cpp	line 3481
ORPHAN_MARKER	0x008D4D40	PakManager::DeleteInst	src\game\streamer\pakmanager.cpp	line 3516
ORPHAN_MARKER	0x00665C30	cdDeleteTextureCallback	src\game\streamer\pakmanager.cpp	line 6034
ORPHAN_MARKER	0x0066E090	cdLoadTextureCallback	src\game\streamer\pakmanager.cpp	line 9016
ORPHAN_MARKER	0x0066E170	cdLoadMeshCallback	src\game\streamer\pakmanager.cpp	line 9041
ORPHAN_MARKER	0x00665CB0	cdDeleteMeshCallback	src\game\streamer\pakmanager.cpp	line 9066
ORPHAN_MARKER	0x00665DE0	cdLoadSkelCallback	src\game\streamer\pakmanager.cpp	line 9086
ORPHAN_MARKER	0x00665E60	cdDeleteSkelCallback	src\game\streamer\pakmanager.cpp	line 9100
ORPHAN_MARKER	0x0066E2A0	cdLoadFontCallback	src\game\streamer\pakmanager.cpp	line 9107
ORPHAN_MARKER	0x00665D30	cdDeleteFontCallback	src\game\streamer\pakmanager.cpp	line 9148
ORPHAN_MARKER	0x00665E70	cdLoadMaterialCallback	src\game\streamer\pakmanager.cpp	line 9159
ORPHAN_MARKER	0x00665EB0	cdDeleteMaterialCallback	src\game\streamer\pakmanager.cpp	line 9170
ORPHAN_MARKER	0x0066E200	cdLoadParticleCallback	src\game\streamer\pakmanager.cpp	line 9177
ORPHAN_MARKER	0x00665D20	cdDeleteParticleCallback	src\game\streamer\pakmanager.cpp	line 9195
ORPHAN_MARKER	0x0066B5E0	InternalAllocate	src\game\streamer\pakmanager.cpp	line 13262
ORPHAN_MARKER	0x0066B2F0	InternalGetAllocs	src\game\streamer\pakmanager.cpp	line 13401
ORPHAN_MARKER	0x004C8EB0	SetupPoolAllocator	src\game\streamer\pakmanager.cpp	line 13754
ORPHAN_MARKER	0x0066C590	InstanceBankMgr::GetAnimOffset	src\game\streamer\pakmanager.cpp	line 15490
ORPHAN_MARKER	0x00524670		src\game\sv\sv_ccmds.cpp	line 47
ORPHAN_MARKER	0x00524B10		src\game\sv\sv_ccmds.cpp	line 48
ORPHAN_MARKER	0x00524B50		src\game\sv\sv_ccmds.cpp	line 49
ORPHAN_MARKER	0x0051E410		src\game\sv\sv_ccmds.cpp	line 50
ORPHAN_MARKER	0x0051E580		src\game\sv\sv_ccmds.cpp	line 51
ORPHAN_MARKER	0x0051E680		src\game\sv\sv_ccmds.cpp	line 52
ORPHAN_MARKER	0x0051E780		src\game\sv\sv_ccmds.cpp	line 53
ORPHAN_MARKER	0x0051E860		src\game\sv\sv_ccmds.cpp	line 54
ORPHAN_MARKER	0x0051E8B0		src\game\sv\sv_ccmds.cpp	line 55
ORPHAN_MARKER	0x00525DD0		src\game\sv\sv_ccmds.cpp	line 56
ORPHAN_MARKER	0x00525DB0		src\game\sv\sv_ccmds.cpp	line 57
ORPHAN_MARKER	0x0051E970		src\game\sv\sv_client.cpp	line 34
ORPHAN_MARKER	0x00520110		src\game\sv\sv_misc.cpp	line 266
ORPHAN_MARKER	0x00521260		src\game\sv\sv_snapshot.cpp	line 19
ORPHAN_MARKER	0x0051F990		src\game\sv\sv_snapshot.cpp	line 20
ORPHAN_MARKER	0x00C1D8F0	nvlMovieBase::GetVersion	src\nvl\nvl.cpp	line 896
ORPHAN_MARKER	0x00C1D900	nvlMovieBase::GetFileID	src\nvl\nvl.cpp	line 898
ORPHAN_MARKER	0x00C1D910	nvlMovieBase::ReleaseMovie	src\nvl\nvl.cpp	line 901
ORPHAN_MARKER	0x00C1D9C0	nvlMovieBase::SetMovieState	src\nvl\nvl.cpp	line 936
ORPHAN_MARKER	0x00C1D9D0	nvlMovieBase::GetMovieState	src\nvl\nvl.cpp	line 938
ORPHAN_MARKER	0x00C1D9E0	nvlMovieBase::SetUserDataCallback	src\nvl\nvl.cpp	line 940
ORPHAN_MARKER	0x00C1DA00	nvlMovieBase::GetNumFrames	src\nvl\nvl.cpp	line 945
ORPHAN_MARKER	0x00C1DA10	nvlMovieBase::GetFrameNumber	src\nvl\nvl.cpp	line 947
ORPHAN_MARKER	0x00C1DA20	nvlMovieBase::GetTexture	src\nvl\nvl.cpp	line 949
ORPHAN_MARKER	0x00C1DA30	nvlMovieBase::DecodeFrame	src\nvl\nvl.cpp	line 951
ORPHAN_MARKER	0x00C1DA40	nvlMovieBase::SetConvertNTSCtoPAL	src\nvl\nvl.cpp	line 953
ORPHAN_MARKER	0x00C1DA50	nvlMovieBase::SetAudioTrack	src\nvl\nvl.cpp	line 955
ORPHAN_MARKER	0x00C1DA60	nvlMovieBase::IsBufferLoading	src\nvl\nvl.cpp	line 957
ORPHAN_MARKER	0x00C1DA90	nvlMovieBase::Reset	src\nvl\nvl.cpp	line 963
ORPHAN_MARKER	0x00C1DB10	nvlMovieBase::CheckNextNFLRequest	src\nvl\nvl.cpp	line 983
ORPHAN_MARKER	0x00C1DC30	nvlMovieBase::nvlMovieBase	src\nvl\nvl.cpp	line 1025
ORPHAN_MARKER	0x00C1DC80	nvlMovieBase::~nvlMovieBase	src\nvl\nvl.cpp	line 1042
ORPHAN_MARKER	0x00C1DC90	nvlMovieBase::InitMovie	src\nvl\nvl.cpp	line 1045
ORPHAN_MARKER	0x00C1DE70	nvlMovieBase::BufferCheckBytes	src\nvl\nvl.cpp	line 1117
ORPHAN_MARKER	0x00C1E080	nvlMovieBase::IsBufferFull	src\nvl\nvl.cpp	line 1176
ORPHAN_MARKER	0x00C1E0F0	nvlMovieBase::RequestCallback	src\nvl\nvl.cpp	line 1193
ORPHAN_MARKER	0x00C1E1E0	nvlAFMVMovie::nvlAFMVMovie	src\nvl\nvl.cpp	line 1216
ORPHAN_MARKER	0x00C1E260	nvlAFMVMovie::~nvlAFMVMovie	src\nvl\nvl.cpp	line 1229
ORPHAN_MARKER	0x00C1E280	nvlAFMVMovie::InitMovie	src\nvl\nvl.cpp	line 1231
ORPHAN_MARKER	0x00C204F0	nvlAFMVMovie::DecodeFrame	src\nvl\nvl.cpp	line 1481
ORPHAN_MARKER	0x00C1E2F0	nvlAFMVMovie::ParseHeader	src\nvl\nvl.cpp	line 1656
ORPHAN_MARKER	0x00C1E4A0	nvlAFMVMovie::ProcessUserDataChunk	src\nvl\nvl.cpp	line 1706
ORPHAN_MARKER	0x00C1E510	nvlAFMVMovie::GetIntraCoefB14	src\nvl\nvl.cpp	line 1717
ORPHAN_MARKER	0x00C1E7C0	nvlAFMVMovie::GetIntraCoefB15	src\nvl\nvl.cpp	line 1836
ORPHAN_MARKER	0x00C1EA40	nvlAFMVMovie::GetNonIntraCoef	src\nvl\nvl.cpp	line 1946
ORPHAN_MARKER	0x00C1ED10	nvlAFMVMovie::DoMotionFrame	src\nvl\nvl.cpp	line 2074
ORPHAN_MARKER	0x00C1EF20	nvlAFMVMovie::DoMotionField	src\nvl\nvl.cpp	line 2126
ORPHAN_MARKER	0x00C1F370	nvlAFMVMovie::DoMotionDualP	src\nvl\nvl.cpp	line 2228
ORPHAN_MARKER	0x00C1F940	nvlAFMVMovie::DoMotionSame	src\nvl\nvl.cpp	line 2334
ORPHAN_MARKER	0x00C1FA80	nvlAFMVMovie::DoMotionCopy	src\nvl\nvl.cpp	line 2366
ORPHAN_MARKER	0x00C1FB30	nvlAFMVMovie::DecodeSlice	src\nvl\nvl.cpp	line 2380
ORPHAN_MARKER	0x00C1D600	nvlMovie::ProcessAudioChunk	src\nvl\nvl.cpp	line 2634
ORPHAN_MARKER	0x00C1D6E0	nvlMovie::StartAudioPlayback	src\nvl\nvl.cpp	line 2670
ORPHAN_MARKER	0x00C1D730	nvlMovie::StopAudioPlayback	src\nvl\nvl.cpp	line 2682
ORPHAN_MARKER	0x00C1D8A0	nvlMovie::nvlMovie	src\nvl\nvl.cpp	line 2692
ORPHAN_MARKER	0x00C1D770	nvlInit	src\nvl\nvl.cpp	line 2708
ORPHAN_MARKER	0x00C1D890	nvlShutdown	src\nvl\nvl.cpp	line 2743
ORPHAN_MARKER	0x00897160		src\physics\phys_constraint_solver_multithreaded.cpp	line 1626
ORPHAN_MARKER	0x0088E1C0		src\physics\phys_types.h	line 937
ORPHAN_MARKER	0x00891110		src\physics\pulse_sum.h	line 432
ORPHAN_MARKER	0x00891130		src\physics\pulse_sum.h	line 433
ORPHAN_MARKER	0x008E0000		src\sound\nsl.cpp	line 3
ORPHAN_MARKER	0x00820640	nslParam_UnpackRaw	src\sound\nsl.cpp	line 792
ORPHAN_MARKER	0x00820AC0	nslSource_ForAll	src\sound\nsl.cpp	line 1793
ORPHAN_MARKER	0x00820A20	nslEmitter_ForAll	src\sound\nsl.cpp	line 1815
ORPHAN_MARKER	0x00829EF0	txBitCount64A_4	src\sound\nsl.cpp	line 1995
ORPHAN_MARKER	0x00826D90	nslParam_Index_1	src\sound\nsl.cpp	line 2220
ORPHAN_MARKER	0x00820610	nslParam_Get	src\sound\nsl.cpp	line 2244
ORPHAN_MARKER	0x008232D0	txVectorNormalize	src\sound\nsl.cpp	line 3808
ORPHAN_MARKER	0x00828500	txAtan	src\sound\nsl.cpp	line 3825
ORPHAN_MARKER	0x00828B30	nslParam_Index_2	src\sound\nsl.cpp	line 3965
ORPHAN_MARKER	0x00828C30	nslDistanceAttenuationValue	src\sound\nsl.cpp	line 3970
ORPHAN_MARKER	0x00824640	linear2mb	src\sound\nsl.cpp	line 4383
ORPHAN_MARKER	0x00824860	nslDriverSetMixBins	src\sound\nsl.cpp	line 4469
ORPHAN_MARKER	0x00825580	voiceInit	src\sound\nsl.cpp	line 4642
ORPHAN_MARKER	0x008245A0	nslDriverCheck	src\sound\nsl.cpp	line 4900
ORPHAN_MARKER	0x00824980	initVoices	src\sound\nsl.cpp	line 4986
ORPHAN_MARKER	0x00422DC0	nslAramGetBase	src\sound\nsl.cpp	line 5559
ORPHAN_MARKER	0x00422DD0	nslAramGetSize	src\sound\nsl.cpp	line 5561
ORPHAN_MARKER	0x00422DE0	nslAramGetFree	src\sound\nsl.cpp	line 5563
ORPHAN_MARKER	0x00422DF0	nslAramSetAlignment	src\sound\nsl.cpp	line 5565
ORPHAN_MARKER	0x00422E00	nslAramGetAlignment	src\sound\nsl.cpp	line 5567
ORPHAN_MARKER	0x00422E10	nslAramInit	src\sound\nsl.cpp	line 5569
ORPHAN_MARKER	0x00422EA0	nslAramGetFreeBlock	src\sound\nsl.cpp	line 5584
ORPHAN_MARKER	0x00422F90	nslAramAlloc	src\sound\nsl.cpp	line 5620
ORPHAN_MARKER	0x004230A0	nslAramFree	src\sound\nsl.cpp	line 5657
DUPLICATE_MARKER	0x0044AAB0	?Cmd_SetSpawnPoint_f@@YAXPAVEntity@@@Z	src\game\logic\g_main.cpp	2 source markers
EMPTY_OR_CAST_BODY	0x004541A0	??0EntityDeathTask@@QAE@V?$DbLinkedHandle@VEntityHandleDb@@VEntity@@@@@Z	src\game\logic\g_main.cpp	EMPTY_BODY
EMPTY_OR_CAST_BODY	0x00455DF0	?G_RmvInvalidatedNode@@YAXPAVEntity@@PBUPathNode@PathNodes@@@Z	src\game\logic\g_dobj.cpp	NO_BODY
DUPLICATE_MARKER	0x0045E900	?G_GetVehicleInfo@@YAPAUvehicle_info_t@@PAVEntity@@@Z	src\game\cg\cg_dobj.cpp	2 source markers
DUPLICATE_MARKER	0x004A9DA0	?Inst@RumbleManager@@SAPAV1@H@Z	src\game\core\core_systems.h	2 source markers
EMPTY_OR_CAST_BODY	0x004A9DA0	?Inst@RumbleManager@@SAPAV1@H@Z	src\game\core\core_systems.h	NO_BODY
EMPTY_OR_CAST_BODY	0x004B4E10	??0ae_heap_base@@QAE@XZ	src\core\memory\mem_heap.cpp	EMPTY_BODY
DUPLICATE_MARKER	0x004B5650	??1EntityNotify@@QAE@XZ	src\game\core\core_systems.h	3 source markers
EMPTY_OR_CAST_BODY	0x004B5650	??1EntityNotify@@QAE@XZ	src\game\core\core_systems.h	NO_BODY
EMPTY_OR_CAST_BODY	0x004BB020	?Com_InitZoneMemory@@YAXXZ	src\game\core\common.cpp	EMPTY_BODY
EMPTY_OR_CAST_BODY	0x004BB5A0	?jobqueue_init@@YAXXZ	src\game\core\sys.cpp	EMPTY_BODY
EMPTY_OR_CAST_BODY	0x004BB5B0	?jobqueue_shutdown@@YAXXZ	src\game\core\sys.cpp	EMPTY_BODY
EMPTY_OR_CAST_BODY	0x004BBAA0	?Script_Init@@YAXXZ	src\game\core\sys.cpp	EMPTY_BODY
DUPLICATE_MARKER	0x004BCD80	??1DialogueManager@@UAE@XZ	src\game\core\core_systems.h	2 source markers
EMPTY_OR_CAST_BODY	0x004BCD80	??1DialogueManager@@UAE@XZ	src\game\core\core_systems.h	NO_BODY
DUPLICATE_MARKER	0x004BCD90	?SendSpecificSoundNotify@EffectEventSys@@QAEXPAVEntity@@VHashString@@@Z	src\game\core\core_systems.h	2 source markers
EMPTY_OR_CAST_BODY	0x004BCD90	?SendSpecificSoundNotify@EffectEventSys@@QAEXPAVEntity@@VHashString@@@Z	src\game\core\core_systems.h	NO_BODY
DUPLICATE_MARKER	0x004BCDE0	?SendSoundNotify@EffectEventSys@@QAEXPAVEntity@@@Z	src\game\core\core_systems.h	3 source markers
EMPTY_OR_CAST_BODY	0x004BCDE0	?SendSoundNotify@EffectEventSys@@QAEXPAVEntity@@@Z	src\game\core\core_systems.h	NO_BODY
DUPLICATE_MARKER	0x004BCE20	?NumberOfVoicesUsed@EffectEventSys@@QAEHXZ	src\game\core\core_systems.h	2 source markers
EMPTY_OR_CAST_BODY	0x004BCE20	?NumberOfVoicesUsed@EffectEventSys@@QAEHXZ	src\game\core\core_systems.h	NO_BODY
DUPLICATE_MARKER	0x004BCE60	?TagNameIndexInfo@EffectEventSys@@QAEXH@Z	src\game\core\core_systems.h	2 source markers
EMPTY_OR_CAST_BODY	0x004BCE60	?TagNameIndexInfo@EffectEventSys@@QAEXH@Z	src\game\core\core_systems.h	NO_BODY
DUPLICATE_MARKER	0x004BCE80	?SetEffectMatrix@EffectEventSys@@QAEXPAVMat43@math@@@Z	src\game\core\core_systems.h	2 source markers
EMPTY_OR_CAST_BODY	0x004BCE80	?SetEffectMatrix@EffectEventSys@@QAEXPAVMat43@math@@@Z	src\game\core\core_systems.h	NO_BODY
DUPLICATE_MARKER	0x004BCEA0	?SetScriptId@EffectEventSys@@QAEXVstring@Broc@@@Z	src\game\core\core_systems.h	2 source markers
EMPTY_OR_CAST_BODY	0x004BCEA0	?SetScriptId@EffectEventSys@@QAEXVstring@Broc@@@Z	src\game\core\core_systems.h	NO_BODY
DUPLICATE_MARKER	0x004BCF00	?SetDialogNotify@EffectEventSys@@QAEXH@Z	src\game\core\core_systems.h	2 source markers
EMPTY_OR_CAST_BODY	0x004BCF00	?SetDialogNotify@EffectEventSys@@QAEXH@Z	src\game\core\core_systems.h	NO_BODY
DUPLICATE_MARKER	0x004BCF20	?SetQueryType@EffectEventSys@@QAEXI@Z	src\game\core\core_systems.h	2 source markers
EMPTY_OR_CAST_BODY	0x004BCF20	?SetQueryType@EffectEventSys@@QAEXI@Z	src\game\core\core_systems.h	NO_BODY
DUPLICATE_MARKER	0x004BCF40	?SoundCacheType@EffectEventSys@@QAEXH@Z	src\game\core\core_systems.h	2 source markers
EMPTY_OR_CAST_BODY	0x004BCF40	?SoundCacheType@EffectEventSys@@QAEXH@Z	src\game\core\core_systems.h	NO_BODY
DUPLICATE_MARKER	0x004BCF60	??0InstanceHolder@RumbleManager@@QAE@XZ	src\game\core\core_systems.h	2 source markers
EMPTY_OR_CAST_BODY	0x004BCF60	??0InstanceHolder@RumbleManager@@QAE@XZ	src\game\core\core_systems.h	NO_BODY
DUPLICATE_MARKER	0x004BD200	?SetPoPtr@AbstractEffectParticle@@UAEXPAVMat43@math@@@Z	src\game\core\core_systems.h	2 source markers
EMPTY_OR_CAST_BODY	0x004BD200	?SetPoPtr@AbstractEffectParticle@@UAEXPAVMat43@math@@@Z	src\game\core\core_systems.h	NO_BODY
DUPLICATE_MARKER	0x004BD220	?IsLooping@AbstractEffectParticle@@UBE_NXZ	src\game\core\core_systems.h	2 source markers
EMPTY_OR_CAST_BODY	0x004BD220	?IsLooping@AbstractEffectParticle@@UBE_NXZ	src\game\core\core_systems.h	NO_BODY
DUPLICATE_MARKER	0x004BD230	?AdjustEffect_Scale@AbstractEffectParticle@@UAEXPBDM@Z	src\game\core\core_systems.h	2 source markers
EMPTY_OR_CAST_BODY	0x004BD230	?AdjustEffect_Scale@AbstractEffectParticle@@UAEXPBDM@Z	src\game\core\core_systems.h	NO_BODY
DUPLICATE_MARKER	0x004BD280	?FastForward@AbstractEffectParticle@@UAEXM@Z	src\game\core\core_systems.h	2 source markers
EMPTY_OR_CAST_BODY	0x004BD280	?FastForward@AbstractEffectParticle@@UAEXM@Z	src\game\core\core_systems.h	NO_BODY
DUPLICATE_MARKER	0x004BD2A0	??1AbstractEffectLight@@UAE@XZ	src\game\core\core_systems.h	2 source markers
EMPTY_OR_CAST_BODY	0x004BD2A0	??1AbstractEffectLight@@UAE@XZ	src\game\core\core_systems.h	NO_BODY
DUPLICATE_MARKER	0x004BD300	?GetDebugString@AbstractEffectLight@@UBE?AVstring@Broc@@XZ	src\game\core\core_systems.h	2 source markers
EMPTY_OR_CAST_BODY	0x004BD300	?GetDebugString@AbstractEffectLight@@UBE?AVstring@Broc@@XZ	src\game\core\core_systems.h	NO_BODY
DUPLICATE_MARKER	0x004BD370	?GetDebugString@AbstractEffectShakeAndRumble@@UBE?AVstring@Broc@@XZ	src\game\core\core_systems.h	2 source markers
EMPTY_OR_CAST_BODY	0x004BD370	?GetDebugString@AbstractEffectShakeAndRumble@@UBE?AVstring@Broc@@XZ	src\game\core\core_systems.h	NO_BODY
DUPLICATE_MARKER	0x004BD400	?SetMemAllocCbfn@TlSystemCallbacks@@QAEP6APAXIII@ZP6APAXIII@Z@Z	src\game\core\core_systems.h	2 source markers
EMPTY_OR_CAST_BODY	0x004BD400	?SetMemAllocCbfn@TlSystemCallbacks@@QAEP6APAXIII@ZP6APAXIII@Z@Z	src\game\core\core_systems.h	NO_BODY
DUPLICATE_MARKER	0x004BD420	?SetMemFreeCbfn@TlSystemCallbacks@@QAEP6AXPAX@ZP6AX0@Z@Z	src\game\core\core_systems.h	2 source markers
EMPTY_OR_CAST_BODY	0x004BD420	?SetMemFreeCbfn@TlSystemCallbacks@@QAEP6AXPAX@ZP6AX0@Z@Z	src\game\core\core_systems.h	NO_BODY
EMPTY_OR_CAST_BODY	0x004BD560	?LinkFrame@TlSystemCallbacks@@SAXXZ	src\game\core\sys.cpp	EMPTY_BODY
DUPLICATE_MARKER	0x004BD610	??1AnimHeap@@UAE@XZ	src\game\core\core_systems.h	3 source markers
EMPTY_OR_CAST_BODY	0x004BD610	??1AnimHeap@@UAE@XZ	src\game\core\core_systems.h	NO_BODY
DUPLICATE_MARKER	0x004BD660	?Allocate@AnimHeap@@UAEPAXH@Z	src\game\core\anim_heap.cpp	2 source markers
DUPLICATE_MARKER	0x004BD690	?Free@AnimHeap@@UAEXPAXH@Z	src\game\core\anim_heap.cpp	2 source markers
DUPLICATE_MARKER	0x004BD6B0	?CalcHash@HashString@@SAIPBD@Z	src\game\core\ctor_dtor.cpp	2 source markers
DUPLICATE_MARKER	0x004BD6E0	??0CtrlIcon@@QAE@XZ	src\game\core\core_systems.h	2 source markers
EMPTY_OR_CAST_BODY	0x004BD6E0	??0CtrlIcon@@QAE@XZ	src\game\core\core_systems.h	NO_BODY
DUPLICATE_MARKER	0x004BD6F0	??1CtrlIcon@@QAE@XZ	src\game\core\core_systems.h	2 source markers
EMPTY_OR_CAST_BODY	0x004BD6F0	??1CtrlIcon@@QAE@XZ	src\game\core\core_systems.h	NO_BODY
DUPLICATE_MARKER	0x004BD730	?TranslateIconTag@CtrlIcon@@QAEPBDPBD@Z	src\game\core\core_systems.h	2 source markers
EMPTY_OR_CAST_BODY	0x004BD730	?TranslateIconTag@CtrlIcon@@QAEPBDPBD@Z	src\game\core\core_systems.h	NO_BODY
DUPLICATE_MARKER	0x004BD7A0	?ExtractIconTag@CtrlIcon@@QAE_NPBDPADPAPAD2@Z	src\game\core\core_systems.h	2 source markers
EMPTY_OR_CAST_BODY	0x004BD7A0	?ExtractIconTag@CtrlIcon@@QAE_NPBDPADPAPAD2@Z	src\game\core\core_systems.h	NO_BODY
DUPLICATE_MARKER	0x004BDAA0	??0EntityNotify@@QAE@IV?$DbLinkedHandle@VEntityHandleDb@@VEntity@@@@PAVWaitTilOutput@@@Z	src\game\core\core_systems.h	2 source markers
EMPTY_OR_CAST_BODY	0x004BDAA0	??0EntityNotify@@QAE@IV?$DbLinkedHandle@VEntityHandleDb@@VEntity@@@@PAVWaitTilOutput@@@Z	src\game\core\core_systems.h	NO_BODY
DUPLICATE_MARKER	0x004C0B40	??0DialogueManager@@QAE@XZ	src\game\core\core_systems.h	2 source markers
EMPTY_OR_CAST_BODY	0x004C0B40	??0DialogueManager@@QAE@XZ	src\game\core\core_systems.h	NO_BODY
DUPLICATE_MARKER	0x004C0C00	?AddEffect@ActiveEffectSet@@QAEXPAVAbstractEffect@@@Z	src\game\core\core_systems.h	2 source markers
EMPTY_OR_CAST_BODY	0x004C0C00	?AddEffect@ActiveEffectSet@@QAEXPAVAbstractEffect@@@Z	src\game\core\core_systems.h	NO_BODY
DUPLICATE_MARKER	0x004C0C30	?IsFinished@ActiveEffectSet@@QBE_NXZ	src\game\core\core_systems.h	2 source markers
EMPTY_OR_CAST_BODY	0x004C0C30	?IsFinished@ActiveEffectSet@@QBE_NXZ	src\game\core\core_systems.h	NO_BODY
DUPLICATE_MARKER	0x004C0C50	?IsQueued@ActiveEffectSet@@QBE_NXZ	src\game\core\core_systems.h	2 source markers
EMPTY_OR_CAST_BODY	0x004C0C50	?IsQueued@ActiveEffectSet@@QBE_NXZ	src\game\core\core_systems.h	NO_BODY
DUPLICATE_MARKER	0x004C0CD0	?AdjustEffect_Scale@ActiveEffectSet@@QAEXPBDM@Z	src\game\core\core_systems.h	2 source markers
EMPTY_OR_CAST_BODY	0x004C0CD0	?AdjustEffect_Scale@ActiveEffectSet@@QAEXPBDM@Z	src\game\core\core_systems.h	NO_BODY
DUPLICATE_MARKER	0x004C0D50	?FastForward@ActiveEffectSet@@QAEXM@Z	src\game\core\core_systems.h	2 source markers
EMPTY_OR_CAST_BODY	0x004C0D50	?FastForward@ActiveEffectSet@@QAEXM@Z	src\game\core\core_systems.h	NO_BODY
DUPLICATE_MARKER	0x004C0DD0	?PlayQueuedEffect@ActiveEffectSet@@QAEXXZ	src\game\core\core_systems.h	2 source markers
EMPTY_OR_CAST_BODY	0x004C0DD0	?PlayQueuedEffect@ActiveEffectSet@@QAEXXZ	src\game\core\core_systems.h	NO_BODY
DUPLICATE_MARKER	0x004C0E40	?SetPoPtr@ActiveEffectSet@@QAEXPAVMat43@math@@@Z	src\game\core\core_systems.h	2 source markers
EMPTY_OR_CAST_BODY	0x004C0E40	?SetPoPtr@ActiveEffectSet@@QAEXPAVMat43@math@@@Z	src\game\core\core_systems.h	NO_BODY
DUPLICATE_MARKER	0x004C0EC0	?StopLoopingEffects@ActiveEffectSet@@QAEXXZ	src\game\core\core_systems.h	2 source markers
EMPTY_OR_CAST_BODY	0x004C0EC0	?StopLoopingEffects@ActiveEffectSet@@QAEXXZ	src\game\core\core_systems.h	NO_BODY
DUPLICATE_MARKER	0x004C0ED0	?DoStopLoopingEffects@ActiveEffectSet@@AAEXXZ	src\game\core\core_systems.h	2 source markers
EMPTY_OR_CAST_BODY	0x004C0ED0	?DoStopLoopingEffects@ActiveEffectSet@@AAEXXZ	src\game\core\core_systems.h	NO_BODY
DUPLICATE_MARKER	0x004C0FE0	?FadeOutEffect@EffectEventSys@@QAEXPAVAbstractEffect@@M@Z	src\game\core\core_systems.h	2 source markers
EMPTY_OR_CAST_BODY	0x004C0FE0	?FadeOutEffect@EffectEventSys@@QAEXPAVAbstractEffect@@M@Z	src\game\core\core_systems.h	NO_BODY
DUPLICATE_MARKER	0x004C1010	?AdvanceFades@EffectEventSys@@AAEXM@Z	src\game\core\core_systems.h	2 source markers
EMPTY_OR_CAST_BODY	0x004C1010	?AdvanceFades@EffectEventSys@@AAEXM@Z	src\game\core\core_systems.h	NO_BODY
DUPLICATE_MARKER	0x004C1120	?SetSoundParams@EffectEventSys@@AAEXAAVSoundParams@@AAUPendingQuery@1@M@Z	src\game\core\core_systems.h	2 source markers
EMPTY_OR_CAST_BODY	0x004C1120	?SetSoundParams@EffectEventSys@@AAEXAAVSoundParams@@AAUPendingQuery@1@M@Z	src\game\core\core_systems.h	NO_BODY
DUPLICATE_MARKER	0x004C11A0	?IsSoundToBeQueued@EffectEventSys@@QAEX_N@Z	src\game\core\core_systems.h	2 source markers
EMPTY_OR_CAST_BODY	0x004C11A0	?IsSoundToBeQueued@EffectEventSys@@QAEX_N@Z	src\game\core\core_systems.h	NO_BODY
DUPLICATE_MARKER	0x004C11C0	?SetQueryImportance@EffectEventSys@@QAEX_N@Z	src\game\core\core_systems.h	2 source markers
EMPTY_OR_CAST_BODY	0x004C11C0	?SetQueryImportance@EffectEventSys@@QAEX_N@Z	src\game\core\core_systems.h	NO_BODY
DUPLICATE_MARKER	0x004C11F0	?DirectionInfo@EffectEventSys@@QAEXQBM@Z	src\game\core\core_systems.h	2 source markers
EMPTY_OR_CAST_BODY	0x004C11F0	?DirectionInfo@EffectEventSys@@QAEXQBM@Z	src\game\core\core_systems.h	NO_BODY
DUPLICATE_MARKER	0x004C1240	??0AbstractEffect@@QAE@W4TPakId@@V?$DbLinkedHandle@VEntityHandleDb@@VEntity@@@@HM@Z	src\game\core\core_systems.h	2 source markers
EMPTY_OR_CAST_BODY	0x004C1240	??0AbstractEffect@@QAE@W4TPakId@@V?$DbLinkedHandle@VEntityHandleDb@@VEntity@@@@HM@Z	src\game\core\core_systems.h	NO_BODY
DUPLICATE_MARKER	0x004C12A0	?StartFadeOut@AbstractEffectSound@@UAEXM@Z	src\game\core\core_systems.h	2 source markers
EMPTY_OR_CAST_BODY	0x004C12A0	?StartFadeOut@AbstractEffectSound@@UAEXM@Z	src\game\core\core_systems.h	NO_BODY
DUPLICATE_MARKER	0x004C12C0	??1AbstractEffectParticle@@UAE@XZ	src\game\core\core_systems.h	2 source markers
EMPTY_OR_CAST_BODY	0x004C12C0	??1AbstractEffectParticle@@UAE@XZ	src\game\core\core_systems.h	NO_BODY
DUPLICATE_MARKER	0x004C1350	?StartFadeOut@AbstractEffectParticle@@UAEXM@Z	src\game\core\core_systems.h	2 source markers
EMPTY_OR_CAST_BODY	0x004C1350	?StartFadeOut@AbstractEffectParticle@@UAEXM@Z	src\game\core\core_systems.h	NO_BODY
DUPLICATE_MARKER	0x004C1380	??0AnimHeap@@QAE@XZ	src\game\core\core_systems.h	3 source markers
EMPTY_OR_CAST_BODY	0x004C1380	??0AnimHeap@@QAE@XZ	src\game\core\core_systems.h	NO_BODY
DUPLICATE_MARKER	0x004C1440	??1ConfigStringManager@@EAE@XZ	src\game\core\core_systems.h	2 source markers
EMPTY_OR_CAST_BODY	0x004C1440	??1ConfigStringManager@@EAE@XZ	src\game\core\core_systems.h	NO_BODY
DUPLICATE_MARKER	0x004C1450	??0HashString@@QAE@AAVstring@Broc@@@Z	src\engine\broc_types.h	2 source markers
EMPTY_OR_CAST_BODY	0x004C1450	??0HashString@@QAE@AAVstring@Broc@@@Z	src\engine\broc_types.h	NO_BODY
DUPLICATE_MARKER	0x004C14D0	??1STBManager@@EAE@XZ	src\game\core\core_systems.h	2 source markers
EMPTY_OR_CAST_BODY	0x004C14D0	??1STBManager@@EAE@XZ	src\game\core\core_systems.h	NO_BODY
DUPLICATE_MARKER	0x004C1D80	??0EntityNotifySet@@QAE@PAVEntity@@@Z	src\game\core\core_systems.h	3 source markers
EMPTY_OR_CAST_BODY	0x004C1D80	??0EntityNotifySet@@QAE@PAVEntity@@@Z	src\game\core\core_systems.h	NO_BODY
DUPLICATE_MARKER	0x004C56B0	?GetActiveEffectSet@EffectEventSys@@QAEPAVActiveEffectSet@@VHandle@@@Z	src\game\core\core_systems.h	2 source markers
EMPTY_OR_CAST_BODY	0x004C56B0	?GetActiveEffectSet@EffectEventSys@@QAEPAVActiveEffectSet@@VHandle@@@Z	src\game\core\core_systems.h	NO_BODY
DUPLICATE_MARKER	0x004C56F0	??0RumbleManager@@QAE@H@Z	src\game\core\core_systems.h	2 source markers
EMPTY_OR_CAST_BODY	0x004C56F0	??0RumbleManager@@QAE@H@Z	src\game\core\core_systems.h	NO_BODY
DUPLICATE_MARKER	0x004C59C0	?GetDebugString@AbstractEffectParticle@@UBE?AVstring@Broc@@XZ	src\game\core\core_systems.h	2 source markers
EMPTY_OR_CAST_BODY	0x004C59C0	?GetDebugString@AbstractEffectParticle@@UBE?AVstring@Broc@@XZ	src\game\core\core_systems.h	NO_BODY
DUPLICATE_MARKER	0x004C5AA0	?ParseTlAssertString@TlSystemCallbacks@@CA_NPBDAAV?$ae_fixed_string@$0BAA@G@@11AAH@Z	src\game\core\core_systems.h	2 source markers
EMPTY_OR_CAST_BODY	0x004C5AA0	?ParseTlAssertString@TlSystemCallbacks@@CA_NPBDAAV?$ae_fixed_string@$0BAA@G@@11AAH@Z	src\game\core\core_systems.h	NO_BODY
DUPLICATE_MARKER	0x004C5C60	??0ConfigStringManager@@AAE@XZ	src\game\core\core_systems.h	2 source markers
EMPTY_OR_CAST_BODY	0x004C5C60	??0ConfigStringManager@@AAE@XZ	src\game\core\core_systems.h	NO_BODY
DUPLICATE_MARKER	0x004C5C80	?DecodeBank@ConfigStringManager@@QAEXPBDPAEHW4TPakId@@@Z	src\game\core\configstring.cpp	2 source markers
DUPLICATE_MARKER	0x004C5CE0	??0STBManager@@AAE@XZ	src\game\core\core_systems.h	2 source markers
EMPTY_OR_CAST_BODY	0x004C5CE0	??0STBManager@@AAE@XZ	src\game\core\core_systems.h	NO_BODY
DUPLICATE_MARKER	0x004C6450	?GetNotify@EntityNotifySet@@QBEPAVEntityNotify@@ABVHashString@@@Z	src\game\core\entity_notify.cpp	2 source markers
DUPLICATE_MARKER	0x004C64D0	?AssignScriptVariable@EntityNotifySet@@QAE_NABVHashString@@PAVWaitTilOutput@@@Z	src\game\core\entity_notify.cpp	2 source markers
DUPLICATE_MARKER	0x004CA630	?GetTableSet@DbTablesetMgr@@QBE?AV?$IVPointer@VDbTableSet@@@@W4TPakId@@PBD@Z	src\game\core\core_systems.h	2 source markers
EMPTY_OR_CAST_BODY	0x004CA630	?GetTableSet@DbTablesetMgr@@QBE?AV?$IVPointer@VDbTableSet@@@@W4TPakId@@PBD@Z	src\game\core\core_systems.h	NO_BODY
DUPLICATE_MARKER	0x004CA660	?FrameAdvance@ActiveEffectSet@@QAEXM@Z	src\game\core\core_systems.h	2 source markers
EMPTY_OR_CAST_BODY	0x004CA660	?FrameAdvance@ActiveEffectSet@@QAEXM@Z	src\game\core\core_systems.h	NO_BODY
DUPLICATE_MARKER	0x004CA820	?IsSoundAlreadyPlaying@EffectEventSys@@QAEHIPAVEntity@@H@Z	src\game\core\core_systems.h	2 source markers
EMPTY_OR_CAST_BODY	0x004CA820	?IsSoundAlreadyPlaying@EffectEventSys@@QAEHIPAVEntity@@H@Z	src\game\core\core_systems.h	NO_BODY
DUPLICATE_MARKER	0x004CABD0	?AdjustEffect_Scale@EffectEventSys@@QAEXVHandle@@PBDM@Z	src\game\core\core_systems.h	2 source markers
EMPTY_OR_CAST_BODY	0x004CABD0	?AdjustEffect_Scale@EffectEventSys@@QAEXVHandle@@PBDM@Z	src\game\core\core_systems.h	NO_BODY
DUPLICATE_MARKER	0x004CAC10	?FastForward@EffectEventSys@@QAEXVHandle@@M@Z	src\game\core\core_systems.h	2 source markers
EMPTY_OR_CAST_BODY	0x004CAC10	?FastForward@EffectEventSys@@QAEXVHandle@@M@Z	src\game\core\core_systems.h	NO_BODY
DUPLICATE_MARKER	0x004CAC50	?PlayQueuedEffect@EffectEventSys@@QAEXVHandle@@@Z	src\game\core\core_systems.h	2 source markers
EMPTY_OR_CAST_BODY	0x004CAC50	?PlayQueuedEffect@EffectEventSys@@QAEXVHandle@@@Z	src\game\core\core_systems.h	NO_BODY
DUPLICATE_MARKER	0x004CAC90	?StopLoopingEffects@EffectEventSys@@QAEXVHandle@@@Z	src\game\core\core_systems.h	2 source markers
EMPTY_OR_CAST_BODY	0x004CAC90	?StopLoopingEffects@EffectEventSys@@QAEXVHandle@@@Z	src\game\core\core_systems.h	NO_BODY
DUPLICATE_MARKER	0x004CACD0	?IsEffectActive@EffectEventSys@@QAE_NVHandle@@@Z	src\game\core\core_systems.h	2 source markers
EMPTY_OR_CAST_BODY	0x004CACD0	?IsEffectActive@EffectEventSys@@QAE_NVHandle@@@Z	src\game\core\core_systems.h	NO_BODY
DUPLICATE_MARKER	0x004CAD20	?GetEffectTables@EffectEventSys@@AAEXW4TPakId@@PBD1AAV?$ae_sized_array@PBVDbTable@@$0BA@@@@Z	src\game\core\core_systems.h	2 source markers
EMPTY_OR_CAST_BODY	0x004CAD20	?GetEffectTables@EffectEventSys@@AAEXW4TPakId@@PBD1AAV?$ae_sized_array@PBVDbTable@@$0BA@@@@Z	src\game\core\core_systems.h	NO_BODY
DUPLICATE_MARKER	0x004CAE70	?GetEffectTables@EffectEventSys@@AAEXW4TPakId@@PBD11AAV?$ae_sized_array@PBVDbTable@@$0BA@@@@Z	src\game\core\core_systems.h	2 source markers
EMPTY_OR_CAST_BODY	0x004CAE70	?GetEffectTables@EffectEventSys@@AAEXW4TPakId@@PBD11AAV?$ae_sized_array@PBVDbTable@@$0BA@@@@Z	src\game\core\core_systems.h	NO_BODY
DUPLICATE_MARKER	0x004CB840	?ReleaseHandle@EffectEventSys@@QAEXPAVActiveEffectSet@@@Z	src\game\core\core_systems.h	2 source markers
EMPTY_OR_CAST_BODY	0x004CB840	?ReleaseHandle@EffectEventSys@@QAEXPAVActiveEffectSet@@@Z	src\game\core\core_systems.h	NO_BODY
DUPLICATE_MARKER	0x004CB870	?ReleaseHandle@EffectEventSys@@QAEXVHandle@@@Z	src\game\core\core_systems.h	2 source markers
EMPTY_OR_CAST_BODY	0x004CB870	?ReleaseHandle@EffectEventSys@@QAEXVHandle@@@Z	src\game\core\core_systems.h	NO_BODY
DUPLICATE_MARKER	0x004CC230	?GetPosition@AbstractEffect@@QBE?AVPosition3@math@@XZ	src\game\core\core_systems.h	2 source markers
EMPTY_OR_CAST_BODY	0x004CC230	?GetPosition@AbstractEffect@@QBE?AVPosition3@math@@XZ	src\game\core\core_systems.h	NO_BODY
DUPLICATE_MARKER	0x004CC330	?GetEntityDebugString@AbstractEffect@@QBE?AVstring@Broc@@XZ	src\game\core\core_systems.h	2 source markers
EMPTY_OR_CAST_BODY	0x004CC330	?GetEntityDebugString@AbstractEffect@@QBE?AVstring@Broc@@XZ	src\game\core\core_systems.h	NO_BODY
DUPLICATE_MARKER	0x004CC3F0	??1AbstractEffectSound@@UAE@XZ	src\game\core\core_systems.h	2 source markers
EMPTY_OR_CAST_BODY	0x004CC3F0	??1AbstractEffectSound@@UAE@XZ	src\game\core\core_systems.h	NO_BODY
DUPLICATE_MARKER	0x004CC4B0	?FrameAdvance@AbstractEffectSound@@UAEXM@Z	src\game\core\core_systems.h	2 source markers
EMPTY_OR_CAST_BODY	0x004CC4B0	?FrameAdvance@AbstractEffectSound@@UAEXM@Z	src\game\core\core_systems.h	NO_BODY
DUPLICATE_MARKER	0x004CD050	?SetPoPtr@AbstractEffectSound@@UAEXPAVMat43@math@@@Z	src\game\core\core_systems.h	2 source markers
EMPTY_OR_CAST_BODY	0x004CD050	?SetPoPtr@AbstractEffectSound@@UAEXPAVMat43@math@@@Z	src\game\core\core_systems.h	NO_BODY
DUPLICATE_MARKER	0x004CD0C0	?IsQueued@AbstractEffectSound@@UBE_NXZ	src\game\core\core_systems.h	2 source markers
EMPTY_OR_CAST_BODY	0x004CD0C0	?IsQueued@AbstractEffectSound@@UBE_NXZ	src\game\core\core_systems.h	NO_BODY
DUPLICATE_MARKER	0x004CD120	?IsFinished@AbstractEffectSound@@UAE_NXZ	src\game\core\core_systems.h	2 source markers
EMPTY_OR_CAST_BODY	0x004CD120	?IsFinished@AbstractEffectSound@@UAE_NXZ	src\game\core\core_systems.h	NO_BODY
DUPLICATE_MARKER	0x004CD1B0	?IsLooping@AbstractEffectSound@@UBE_NXZ	src\game\core\core_systems.h	2 source markers
EMPTY_OR_CAST_BODY	0x004CD1B0	?IsLooping@AbstractEffectSound@@UBE_NXZ	src\game\core\core_systems.h	NO_BODY
DUPLICATE_MARKER	0x004CD230	?AdjustEffect_Scale@AbstractEffectSound@@UAEXPBDM@Z	src\game\core\core_systems.h	2 source markers
EMPTY_OR_CAST_BODY	0x004CD230	?AdjustEffect_Scale@AbstractEffectSound@@UAEXPBDM@Z	src\game\core\core_systems.h	NO_BODY
DUPLICATE_MARKER	0x004CD350	?PlayQueuedEffect@AbstractEffectSound@@UAEXXZ	src\game\core\core_systems.h	2 source markers
EMPTY_OR_CAST_BODY	0x004CD350	?PlayQueuedEffect@AbstractEffectSound@@UAEXXZ	src\game\core\core_systems.h	NO_BODY
DUPLICATE_MARKER	0x004CD4C0	?StopEffect@AbstractEffectSound@@UAEXXZ	src\game\core\core_systems.h	2 source markers
EMPTY_OR_CAST_BODY	0x004CD4C0	?StopEffect@AbstractEffectSound@@UAEXXZ	src\game\core\core_systems.h	NO_BODY
DUPLICATE_MARKER	0x004CD580	?GetDebugString@AbstractEffectSound@@UBE?AVstring@Broc@@XZ	src\game\core\core_systems.h	2 source markers
EMPTY_OR_CAST_BODY	0x004CD580	?GetDebugString@AbstractEffectSound@@UBE?AVstring@Broc@@XZ	src\game\core\core_systems.h	NO_BODY
DUPLICATE_MARKER	0x004CD740	?FrameAdvance@AbstractEffectParticle@@UAEXM@Z	src\game\core\core_systems.h	2 source markers
EMPTY_OR_CAST_BODY	0x004CD740	?FrameAdvance@AbstractEffectParticle@@UAEXM@Z	src\game\core\core_systems.h	NO_BODY
DUPLICATE_MARKER	0x004CDC90	?IsFinished@AbstractEffectParticle@@UAE_NXZ	src\game\core\core_systems.h	2 source markers
EMPTY_OR_CAST_BODY	0x004CDC90	?IsFinished@AbstractEffectParticle@@UAE_NXZ	src\game\core\core_systems.h	NO_BODY
DUPLICATE_MARKER	0x004CDD20	??0AbstractEffectLight@@QAE@AAUParams@0@@Z	src\game\core\core_systems.h	2 source markers
EMPTY_OR_CAST_BODY	0x004CDD20	??0AbstractEffectLight@@QAE@AAUParams@0@@Z	src\game\core\core_systems.h	NO_BODY
DUPLICATE_MARKER	0x004CDEF0	?GetPositionOnEntity@AbstractEffectLight@@ABE?AVPosition3@math@@PAVEntity@@@Z	src\game\core\core_systems.h	2 source markers
EMPTY_OR_CAST_BODY	0x004CDEF0	?GetPositionOnEntity@AbstractEffectLight@@ABE?AVPosition3@math@@PAVEntity@@@Z	src\game\core\core_systems.h	NO_BODY
DUPLICATE_MARKER	0x004CDF50	?FrameAdvance@AbstractEffectLight@@UAEXM@Z	src\game\core\core_systems.h	2 source markers
EMPTY_OR_CAST_BODY	0x004CDF50	?FrameAdvance@AbstractEffectLight@@UAEXM@Z	src\game\core\core_systems.h	NO_BODY
DUPLICATE_MARKER	0x004CE060	?IsFinished@AbstractEffectLight@@UAE_NXZ	src\game\core\core_systems.h	2 source markers
EMPTY_OR_CAST_BODY	0x004CE060	?IsFinished@AbstractEffectLight@@UAE_NXZ	src\game\core\core_systems.h	NO_BODY
DUPLICATE_MARKER	0x004CE0B0	?GetPositionOnEntity@AbstractEffectShakeAndRumble@@ABE?AVPosition3@math@@XZ	src\game\core\core_systems.h	2 source markers
EMPTY_OR_CAST_BODY	0x004CE0B0	?GetPositionOnEntity@AbstractEffectShakeAndRumble@@ABE?AVPosition3@math@@XZ	src\game\core\core_systems.h	NO_BODY
DUPLICATE_MARKER	0x004CE110	?GetDistanceScale@AbstractEffectShakeAndRumble@@AAEMH@Z	src\game\core\core_systems.h	2 source markers
EMPTY_OR_CAST_BODY	0x004CE110	?GetDistanceScale@AbstractEffectShakeAndRumble@@AAEMH@Z	src\game\core\core_systems.h	NO_BODY
DUPLICATE_MARKER	0x004CE230	?FrameAdvance@AbstractEffectShakeAndRumble@@UAEXM@Z	src\game\core\core_systems.h	2 source markers
EMPTY_OR_CAST_BODY	0x004CE230	?FrameAdvance@AbstractEffectShakeAndRumble@@UAEXM@Z	src\game\core\core_systems.h	NO_BODY
DUPLICATE_MARKER	0x004CE720	?IsFinished@AbstractEffectShakeAndRumble@@UAE_NXZ	src\game\core\core_systems.h	2 source markers
EMPTY_OR_CAST_BODY	0x004CE720	?IsFinished@AbstractEffectShakeAndRumble@@UAE_NXZ	src\game\core\core_systems.h	NO_BODY
DUPLICATE_MARKER	0x004CE780	?AdjustEffect_Scale@AbstractEffectShakeAndRumble@@UAEXPBDM@Z	src\game\core\core_systems.h	2 source markers
EMPTY_OR_CAST_BODY	0x004CE780	?AdjustEffect_Scale@AbstractEffectShakeAndRumble@@UAEXPBDM@Z	src\game\core\core_systems.h	NO_BODY
DUPLICATE_MARKER	0x004CE7B0	?StopEffect@AbstractEffectShakeAndRumble@@UAEXXZ	src\game\core\core_systems.h	2 source markers
EMPTY_OR_CAST_BODY	0x004CE7B0	?StopEffect@AbstractEffectShakeAndRumble@@UAEXXZ	src\game\core\core_systems.h	NO_BODY
DUPLICATE_MARKER	0x004CE800	?IgnoreAssertion@TlSystemCallbacks@@CA_NPBDAAV?$ae_fixed_string@$0BAA@G@@11AAH@Z	src\game\core\core_systems.h	2 source markers
EMPTY_OR_CAST_BODY	0x004CE800	?IgnoreAssertion@TlSystemCallbacks@@CA_NPBDAAV?$ae_fixed_string@$0BAA@G@@11AAH@Z	src\game\core\core_systems.h	NO_BODY
DUPLICATE_MARKER	0x004CE8D0	?GetConfigString@ConfigStringManager@@QAE?AV?$IVPointer@VConfigString@@@@W4TPakId@@PBD1@Z	src\game\core\configstring.cpp	2 source markers
DUPLICATE_MARKER	0x004CEAE0	??1EntityNotifySet@@QAE@XZ	src\game\core\core_systems.h	2 source markers
EMPTY_OR_CAST_BODY	0x004CEAE0	??1EntityNotifySet@@QAE@XZ	src\game\core\core_systems.h	NO_BODY
DUPLICATE_MARKER	0x004CEDC0	?StopAll@EffectEventSys@@QAEXXZ	src\game\core\core_systems.h	2 source markers
EMPTY_OR_CAST_BODY	0x004CEDC0	?StopAll@EffectEventSys@@QAEXXZ	src\game\core\core_systems.h	NO_BODY
DUPLICATE_MARKER	0x004CEF20	?StopEffect@EffectEventSys@@QAEXVHandle@@_N@Z	src\game\core\core_systems.h	2 source markers
EMPTY_OR_CAST_BODY	0x004CEF20	?StopEffect@EffectEventSys@@QAEXVHandle@@_N@Z	src\game\core\core_systems.h	NO_BODY
DUPLICATE_MARKER	0x004CF020	?KillEffectsWithPakId@EffectEventSys@@QAEXW4TPakId@@@Z	src\game\core\core_systems.h	2 source markers
EMPTY_OR_CAST_BODY	0x004CF020	?KillEffectsWithPakId@EffectEventSys@@QAEXW4TPakId@@@Z	src\game\core\core_systems.h	NO_BODY
DUPLICATE_MARKER	0x004CF1D0	?CollisionInfo@EffectEventSys@@QAEXABUCollisionDesc@@_N@Z	src\game\core\core_systems.h	2 source markers
EMPTY_OR_CAST_BODY	0x004CF1D0	?CollisionInfo@EffectEventSys@@QAEXABUCollisionDesc@@_N@Z	src\game\core\core_systems.h	NO_BODY
DUPLICATE_MARKER	0x004CF290	?AssignHandle@EffectEventSys@@QAE?AVHandle@@PAVActiveEffectSet@@@Z	src\game\core\core_systems.h	2 source markers
EMPTY_OR_CAST_BODY	0x004CF290	?AssignHandle@EffectEventSys@@QAE?AVHandle@@PAVActiveEffectSet@@@Z	src\game\core\core_systems.h	NO_BODY
DUPLICATE_MARKER	0x004CF310	??1RumbleManager@@QAE@XZ	src\game\core\core_systems.h	2 source markers
EMPTY_OR_CAST_BODY	0x004CF310	??1RumbleManager@@QAE@XZ	src\game\core\core_systems.h	NO_BODY
DUPLICATE_MARKER	0x004CF3E0	??0AbstractEffectSound@@QAE@W4TPakId@@V?$DbLinkedHandle@VEntityHandleDb@@VEntity@@@@HMAAVSoundParams@@@Z	src\game\core\core_systems.h	2 source markers
EMPTY_OR_CAST_BODY	0x004CF3E0	??0AbstractEffectSound@@QAE@W4TPakId@@V?$DbLinkedHandle@VEntityHandleDb@@VEntity@@@@HMAAVSoundParams@@@Z	src\game\core\core_systems.h	NO_BODY
DUPLICATE_MARKER	0x004CF600	??0AbstractEffectParticle@@QAE@XZ	src\game\core\core_systems.h	2 source markers
EMPTY_OR_CAST_BODY	0x004CF600	??0AbstractEffectParticle@@QAE@XZ	src\game\core\core_systems.h	NO_BODY
DUPLICATE_MARKER	0x004CF6F0	??0AbstractEffectShakeAndRumble@@QAE@AAUParams@0@@Z	src\game\core\core_systems.h	2 source markers
EMPTY_OR_CAST_BODY	0x004CF6F0	??0AbstractEffectShakeAndRumble@@QAE@AAUParams@0@@Z	src\game\core\core_systems.h	NO_BODY
DUPLICATE_MARKER	0x004CF890	??0AbstractEffectShakeAndRumble@@QAE@W4TPakId@@V?$DbLinkedHandle@VEntityHandleDb@@VEntity@@@@MHMMMMMMMMMMM_N2W4EUserBoneId@@@Z	src\game\core\core_systems.h	2 source markers
EMPTY_OR_CAST_BODY	0x004CF890	??0AbstractEffectShakeAndRumble@@QAE@W4TPakId@@V?$DbLinkedHandle@VEntityHandleDb@@VEntity@@@@MHMMMMMMMMMMM_N2W4EUserBoneId@@@Z	src\game\core\core_systems.h	NO_BODY
DUPLICATE_MARKER	0x004CF9D0	??1AbstractEffectShakeAndRumble@@UAE@XZ	src\game\core\core_systems.h	2 source markers
EMPTY_OR_CAST_BODY	0x004CF9D0	??1AbstractEffectShakeAndRumble@@UAE@XZ	src\game\core\core_systems.h	NO_BODY
DUPLICATE_MARKER	0x004CFA60	?CriticalError@TlSystemCallbacks@@SAXPBD@Z	src\game\core\core_systems.h	2 source markers
EMPTY_OR_CAST_BODY	0x004CFA60	?CriticalError@TlSystemCallbacks@@SAXPBD@Z	src\game\core\core_systems.h	NO_BODY
DUPLICATE_MARKER	0x004CFAF0	?Warning@TlSystemCallbacks@@SAXPBD@Z	src\game\core\core_systems.h	2 source markers
EMPTY_OR_CAST_BODY	0x004CFAF0	?Warning@TlSystemCallbacks@@SAXPBD@Z	src\game\core\core_systems.h	NO_BODY
DUPLICATE_MARKER	0x004D00E0	??0ActiveEffectSet@@QAE@W4TPakId@@@Z	src\game\core\core_systems.h	2 source markers
EMPTY_OR_CAST_BODY	0x004D00E0	??0ActiveEffectSet@@QAE@W4TPakId@@@Z	src\game\core\core_systems.h	NO_BODY
DUPLICATE_MARKER	0x004D0130	??0EffectEventSys@@QAE@XZ	src\game\core\core_systems.h	2 source markers
EMPTY_OR_CAST_BODY	0x004D0130	??0EffectEventSys@@QAE@XZ	src\game\core\core_systems.h	NO_BODY
DUPLICATE_MARKER	0x004D01E0	??1EffectEventSys@@QAE@XZ	src\game\core\core_systems.h	2 source markers
EMPTY_OR_CAST_BODY	0x004D01E0	??1EffectEventSys@@QAE@XZ	src\game\core\core_systems.h	NO_BODY
DUPLICATE_MARKER	0x004D0330	?QueryGDEvents@EffectEventSys@@AAEHPBDAAUPendingQuery@1@PAVActiveEffectSet@@M@Z	src\game\core\core_systems.h	2 source markers
EMPTY_OR_CAST_BODY	0x004D0330	?QueryGDEvents@EffectEventSys@@AAEHPBDAAUPendingQuery@1@PAVActiveEffectSet@@M@Z	src\game\core\core_systems.h	NO_BODY
DUPLICATE_MARKER	0x004D0A20	??0TlSystemCallbacks@@QAE@XZ	src\game\core\core_systems.h	2 source markers
EMPTY_OR_CAST_BODY	0x004D0A20	??0TlSystemCallbacks@@QAE@XZ	src\game\core\core_systems.h	NO_BODY
DUPLICATE_MARKER	0x004D11B0	?QueryEventTable@EffectEventSys@@AAEHAAUPendingQuery@1@PAVActiveEffectSet@@M@Z	src\game\core\core_systems.h	2 source markers
EMPTY_OR_CAST_BODY	0x004D11B0	?QueryEventTable@EffectEventSys@@AAEHAAUPendingQuery@1@PAVActiveEffectSet@@M@Z	src\game\core\core_systems.h	NO_BODY
DUPLICATE_MARKER	0x004D13C0	?ExecPendingQuery@EffectEventSys@@AAEXAAUPendingQuery@1@@Z	src\game\core\core_systems.h	2 source markers
EMPTY_OR_CAST_BODY	0x004D13C0	?ExecPendingQuery@EffectEventSys@@AAEXAAUPendingQuery@1@@Z	src\game\core\core_systems.h	NO_BODY
DUPLICATE_MARKER	0x004D1680	?ExecutePendingQueries@EffectEventSys@@AAEXXZ	src\game\core\core_systems.h	2 source markers
EMPTY_OR_CAST_BODY	0x004D1680	?ExecutePendingQueries@EffectEventSys@@AAEXXZ	src\game\core\core_systems.h	NO_BODY
DUPLICATE_MARKER	0x004D1720	?BeginEffectQuery@EffectEventSys@@QAEXPBVEntity@@W4TPakId@@@Z	src\game\core\core_systems.h	2 source markers
EMPTY_OR_CAST_BODY	0x004D1720	?BeginEffectQuery@EffectEventSys@@QAEXPBVEntity@@W4TPakId@@@Z	src\game\core\core_systems.h	NO_BODY
DUPLICATE_MARKER	0x004D1A60	?ExecEffectQuery@EffectEventSys@@QAE?AVHandle@@XZ	src\game\core\core_systems.h	2 source markers
EMPTY_OR_CAST_BODY	0x004D1A60	?ExecEffectQuery@EffectEventSys@@QAE?AVHandle@@XZ	src\game\core\core_systems.h	NO_BODY
DUPLICATE_MARKER	0x004D1CB0	?TriggerNamedEffect@EffectEventSys@@QAE?AVHandle@@PBVEntity@@PBDW4TPakId@@@Z	src\game\core\core_systems.h	2 source markers
EMPTY_OR_CAST_BODY	0x004D1CB0	?TriggerNamedEffect@EffectEventSys@@QAE?AVHandle@@PBVEntity@@PBDW4TPakId@@@Z	src\game\core\core_systems.h	NO_BODY
DUPLICATE_MARKER	0x004D2C90	?PostEffectEventBulletHit@@YA?AVHandle@@PBVEntity@@W4EWeaponClass@@ABUCollisionDesc@@@Z	src\game\core\effect_events.cpp	2 source markers
DUPLICATE_MARKER	0x004D2DD0	?PostEffectEventGrenadeBounce@@YA?AVHandle@@PBVEntity@@PBDABUCollisionDesc@@@Z	src\game\core\effect_events.cpp	2 source markers
DUPLICATE_MARKER	0x004D2F20	?PostEffectEventProjExplode@@YA?AVHandle@@PBVEntity@@PBDABUCollisionDesc@@@Z	src\game\core\effect_events.cpp	2 source markers
DUPLICATE_MARKER	0x004D3930	?FrameAdvance@EffectEventSys@@QAEXM@Z	src\game\core\core_systems.h	2 source markers
EMPTY_OR_CAST_BODY	0x004D3930	?FrameAdvance@EffectEventSys@@QAEXM@Z	src\game\core\core_systems.h	NO_BODY
DUPLICATE_MARKER	0x004D3AD0	?GetDebugFxList@ActiveEffectSet@@QBEXPAVEntity@@AAV?$vector@V?$basic_string@DU?$char_traits@D@std@@V?$allocator@D@2@@std@@V?$allocator@V?$basic_string@DU?$char_traits@D@std@@V?$allocator@D@2@@std@@@2@@std@@@Z	src\game\core\core_systems.h	2 source markers
EMPTY_OR_CAST_BODY	0x004D3AD0	?GetDebugFxList@ActiveEffectSet@@QBEXPAVEntity@@AAV?$vector@V?$basic_string@DU?$char_traits@D@std@@V?$allocator@D@2@@std@@V?$allocator@V?$basic_string@DU?$char_traits@D@std@@V?$allocator@D@2@@std@@@2@@std@@@Z	src\game\core\core_systems.h	NO_BODY
DUPLICATE_MARKER	0x004D3C70	?GetDebugFxList@EffectEventSys@@QBEXPAVEntity@@AAV?$vector@V?$basic_string@DU?$char_traits@D@std@@V?$allocator@D@2@@std@@V?$allocator@V?$basic_string@DU?$char_traits@D@std@@V?$allocator@D@2@@std@@@2@@std@@@Z	src\game\core\core_systems.h	2 source markers
EMPTY_OR_CAST_BODY	0x004D3C70	?GetDebugFxList@EffectEventSys@@QBEXPAVEntity@@AAV?$vector@V?$basic_string@DU?$char_traits@D@std@@V?$allocator@D@2@@std@@V?$allocator@V?$basic_string@DU?$char_traits@D@std@@V?$allocator@D@2@@std@@@2@@std@@@Z	src\game\core\core_systems.h	NO_BODY
DUPLICATE_MARKER	0x004DD610	?SetAllocator@CurveEvalFunc@@SAXPAVPoolAllocator@@@Z	src\game\logic\g_cmd.cpp	2 source markers
EMPTY_OR_CAST_BODY	0x004DD8C0	??1nalHeap@@UAE@XZ	src\game\core\effect_events.cpp	EMPTY_BODY
EMPTY_OR_CAST_BODY	0x004DDAE0	?TriangleResponseNone@DialogMenuSystem@@SAXH@Z	src\game\shell\dialog_menu.cpp	EMPTY_BODY
EMPTY_OR_CAST_BODY	0x004DE420	??0RumbleEffectInstanceHandle@@QAE@H@Z	src\game\core\rumble.cpp	EMPTY_BODY
EMPTY_OR_CAST_BODY	0x004DEDD0	??1PadAliasMgr@@QAE@XZ	src\game\logic\g_cmd.cpp	EMPTY_BODY
EMPTY_OR_CAST_BODY	0x004DEF20	??0idVec3@@QAE@XZ	src\game\core\utility.cpp	EMPTY_BODY
EMPTY_OR_CAST_BODY	0x004DEF30	??0idVec3@@QAE@MMM@Z	src\game\core\utility.cpp	EMPTY_BODY
EMPTY_OR_CAST_BODY	0x004DF0D0	??0mat3_t@@QAE@XZ	src\game\core\utility.cpp	EMPTY_BODY
EMPTY_OR_CAST_BODY	0x004DF240	??0strdata@@QAE@XZ	src\game\core\utility.cpp	EMPTY_BODY
DUPLICATE_MARKER	0x004DF340	?AdjustEffect_Scale@AbstractEffectLight@@UAEXPBDM@Z	src\game\core\core_systems.h	2 source markers
EMPTY_OR_CAST_BODY	0x004DF340	?AdjustEffect_Scale@AbstractEffectLight@@UAEXPBDM@Z	src\game\core\core_systems.h	NO_BODY
DUPLICATE_MARKER	0x004DF350	?PlayQueuedEffect@AbstractEffectLight@@UAEXXZ	src\game\core\core_systems.h	2 source markers
EMPTY_OR_CAST_BODY	0x004DF350	?PlayQueuedEffect@AbstractEffectLight@@UAEXXZ	src\game\core\core_systems.h	NO_BODY
DUPLICATE_MARKER	0x004DF360	?StopEffect@AbstractEffectLight@@UAEXXZ	src\game\core\core_systems.h	2 source markers
EMPTY_OR_CAST_BODY	0x004DF360	?StopEffect@AbstractEffectLight@@UAEXXZ	src\game\core\core_systems.h	NO_BODY
EMPTY_OR_CAST_BODY	0x004DF430	??0TypeCallbackSearch@@QAE@PBDP6AX0PBVConfigString@@@Z@Z	src\game\core\configstring.cpp	EMPTY_BODY
DUPLICATE_MARKER	0x004E2D40	?IsFinishedFading@AbstractEffect@@QAE_NXZ	src\game\core\core_systems.h	2 source markers
EMPTY_OR_CAST_BODY	0x004E2D40	?IsFinishedFading@AbstractEffect@@QAE_NXZ	src\game\core\core_systems.h	NO_BODY
DUPLICATE_MARKER	0x004E3200	?StopEffect@AbstractEffectParticle@@UAEXXZ	src\game\core\core_systems.h	2 source markers
EMPTY_OR_CAST_BODY	0x004E3200	?StopEffect@AbstractEffectParticle@@UAEXXZ	src\game\core\core_systems.h	NO_BODY
DUPLICATE_MARKER	0x004E3210	?PlayQueuedEffect@AbstractEffectParticle@@UAEXXZ	src\game\core\core_systems.h	2 source markers
EMPTY_OR_CAST_BODY	0x004E3210	?PlayQueuedEffect@AbstractEffectParticle@@UAEXXZ	src\game\core\core_systems.h	NO_BODY
EMPTY_OR_CAST_BODY	0x004E32B0	??1AnimCacheHeap@@UAE@XZ	src\game\core\anim_heap.cpp	EMPTY_BODY
DUPLICATE_MARKER	0x004E3DB0	?BindObjectToHandle@?$HandleDb@VActiveEffectSet@@$0CAA@V?$SizedHandle@$08$0BH@@@@@QAEXVHandle@@PAVActiveEffectSet@@@Z	src\game\core\core_systems.h	2 source markers
EMPTY_OR_CAST_BODY	0x004E3DB0	?BindObjectToHandle@?$HandleDb@VActiveEffectSet@@$0CAA@V?$SizedHandle@$08$0BH@@@@@QAEXVHandle@@PAVActiveEffectSet@@@Z	src\game\core\core_systems.h	NO_BODY
EMPTY_OR_CAST_BODY	0x004E5CF0	??0DestructibleBankManager@@QAE@XZ	src\game\physics\g_physics.cpp	EMPTY_BODY
EMPTY_OR_CAST_BODY	0x004E5D40	??1DestructibleBankManager@@UAE@XZ	src\game\physics\g_physics.cpp	EMPTY_BODY
DUPLICATE_MARKER	0x004E5D50	?DereferenceHandle@EffectEventSys@@QBEPAVActiveEffectSet@@VHandle@@@Z	src\game\core\core_systems.h	2 source markers
EMPTY_OR_CAST_BODY	0x004E5D50	?DereferenceHandle@EffectEventSys@@QBEPAVActiveEffectSet@@VHandle@@@Z	src\game\core\core_systems.h	NO_BODY
EMPTY_OR_CAST_BODY	0x004E5E20	??0PhysDataBankManager@@QAE@XZ	src\game\physics\g_physics.cpp	EMPTY_BODY
EMPTY_OR_CAST_BODY	0x004E5E70	??1PhysDataBankManager@@UAE@XZ	src\game\physics\g_physics.cpp	EMPTY_BODY
EMPTY_OR_CAST_BODY	0x004E5F80	??0DbTablesetMgr@@QAE@XZ	src\game\streamer\pakmanager.cpp	EMPTY_BODY
EMPTY_OR_CAST_BODY	0x004E5FD0	??1DbTablesetMgr@@UAE@XZ	src\game\streamer\pakmanager.cpp	EMPTY_BODY
DUPLICATE_MARKER	0x004E6430	?ReleaseHandle@?$HandleDb@VActiveEffectSet@@$0CAA@V?$SizedHandle@$08$0BH@@@@@QAEXVHandle@@@Z	src\game\core\core_systems.h	2 source markers
EMPTY_OR_CAST_BODY	0x004E6430	?ReleaseHandle@?$HandleDb@VActiveEffectSet@@$0CAA@V?$SizedHandle@$08$0BH@@@@@QAEXVHandle@@@Z	src\game\core\core_systems.h	NO_BODY
DUPLICATE_MARKER	0x004E68B0	?Dump@?$HandleDb@VActiveEffectSet@@$0CAA@V?$SizedHandle@$08$0BH@@@@@QAEXXZ	src\game\core\core_systems.h	2 source markers
EMPTY_OR_CAST_BODY	0x004E68B0	?Dump@?$HandleDb@VActiveEffectSet@@$0CAA@V?$SizedHandle@$08$0BH@@@@@QAEXXZ	src\game\core\core_systems.h	NO_BODY
DUPLICATE_MARKER	0x004E7F20	??0DbQuery@@QAE@ABVDbTable@@@Z	src\game\core\core_systems.h	2 source markers
EMPTY_OR_CAST_BODY	0x004E7F20	??0DbQuery@@QAE@ABVDbTable@@@Z	src\game\core\core_systems.h	NO_BODY
DUPLICATE_MARKER	0x004E8390	?ConstructQuery@CachedQuery@EffectEventSys@@QBEXAAVDbQuery@@@Z	src\game\core\core_systems.h	2 source markers
EMPTY_OR_CAST_BODY	0x004E8390	?ConstructQuery@CachedQuery@EffectEventSys@@QBEXAAVDbQuery@@@Z	src\game\core\core_systems.h	NO_BODY
DUPLICATE_MARKER	0x004E8620	??0PendingQuery@EffectEventSys@@QAE@XZ	src\game\core\core_systems.h	2 source markers
EMPTY_OR_CAST_BODY	0x004E8620	??0PendingQuery@EffectEventSys@@QAE@XZ	src\game\core\core_systems.h	NO_BODY
DUPLICATE_MARKER	0x004E8B30	?GetOwner@AbstractEffect@@QBEPAVEntity@@XZ	src\game\core\core_systems.h	2 source markers
EMPTY_OR_CAST_BODY	0x004E8B30	?GetOwner@AbstractEffect@@QBEPAVEntity@@XZ	src\game\core\core_systems.h	NO_BODY
DUPLICATE_MARKER	0x004E8C50	??0SmokeGrenadeMgr@@QAE@XZ	src\game\logic\g_game2_misc.cpp	2 source markers
DUPLICATE_MARKER	0x004E8CF0	??0?$HandleDb@VActiveEffectSet@@$0CAA@V?$SizedHandle@$08$0BH@@@@@QAE@XZ	src\game\core\core_systems.h	2 source markers
EMPTY_OR_CAST_BODY	0x004E8CF0	??0?$HandleDb@VActiveEffectSet@@$0CAA@V?$SizedHandle@$08$0BH@@@@@QAE@XZ	src\game\core\core_systems.h	NO_BODY
DUPLICATE_MARKER	0x004E8D50	?AllocateHandle@?$HandleDb@VActiveEffectSet@@$0CAA@V?$SizedHandle@$08$0BH@@@@@QAE?AV?$SizedHandle@$08$0BH@@@XZ	src\game\core\core_systems.h	2 source markers
EMPTY_OR_CAST_BODY	0x004E8D50	?AllocateHandle@?$HandleDb@VActiveEffectSet@@$0CAA@V?$SizedHandle@$08$0BH@@@@@QAE?AV?$SizedHandle@$08$0BH@@@XZ	src\game\core\core_systems.h	NO_BODY
DUPLICATE_MARKER	0x004E9520	?PlayQueuedEffect@AbstractEffectShakeAndRumble@@UAEXXZ	src\game\core\core_systems.h	2 source markers
EMPTY_OR_CAST_BODY	0x004E9520	?PlayQueuedEffect@AbstractEffectShakeAndRumble@@UAEXXZ	src\game\core\core_systems.h	NO_BODY
EMPTY_OR_CAST_BODY	0x004EAAC0	??0FourCC@@QAE@H@Z	src\game\logic\g_game2_misc.cpp	EMPTY_BODY
DUPLICATE_MARKER	0x004EAC70	??2ScriptEventHandler@@SAPAXI_NPBDH@Z	src\game\logic\g_game2_misc.cpp	2 source markers
EMPTY_OR_CAST_BODY	0x004EAC70	??2ScriptEventHandler@@SAPAXI_NPBDH@Z	src\game\logic\g_game2_misc.cpp	NO_BODY
DUPLICATE_MARKER	0x004EAC90	??3ScriptEventHandler@@SAXPAX_NPBDH@Z	src\game\logic\g_game2_misc.cpp	2 source markers
EMPTY_OR_CAST_BODY	0x004EAC90	??3ScriptEventHandler@@SAXPAX_NPBDH@Z	src\game\logic\g_game2_misc.cpp	NO_BODY
DUPLICATE_MARKER	0x004EACB0	??3ScriptEventHandler@@SAXPAX@Z	src\game\logic\g_game2_misc.cpp	2 source markers
EMPTY_OR_CAST_BODY	0x004EACB0	??3ScriptEventHandler@@SAXPAX@Z	src\game\logic\g_game2_misc.cpp	NO_BODY
EMPTY_OR_CAST_BODY	0x004EBEB0	?IN_Shutdown@@YAXXZ	src\game\cl\cl_input.cpp	EMPTY_BODY
EMPTY_OR_CAST_BODY	0x004EC050	?ResetKeys@InspectorManager@@AAEXXZ	src\game\logic\g_inspector.h	NO_BODY
EMPTY_OR_CAST_BODY	0x004EC090	?ReadKeys@InspectorManager@@AAEXXZ	src\game\logic\g_inspector.h	NO_BODY
EMPTY_OR_CAST_BODY	0x004EC260	?AddSubMenu@InspectorManager@@QAEPAU_INSPECTOR_MENU@@PAU2@PAD@Z	src\game\logic\g_inspector.h	NO_BODY
EMPTY_OR_CAST_BODY	0x004EC3B0	?AddItem@InspectorManager@@QAEPAU_INSPECTOR_MENU_ITEM@@PAU_INSPECTOR_MENU@@PADPAXH@Z	src\game\logic\g_inspector.h	NO_BODY
EMPTY_OR_CAST_BODY	0x004EC490	?FreeSubMenu@InspectorManager@@AAEXPAU_INSPECTOR_MENU@@@Z	src\game\logic\g_inspector.h	NO_BODY
EMPTY_OR_CAST_BODY	0x004EC530	?UpdateInput@InspectorManager@@QAEXXZ	src\game\logic\g_inspector.h	NO_BODY
EMPTY_OR_CAST_BODY	0x004EC550	?ProfilerUpdate@InspectorManager@@QAEXXZ	src\game\logic\g_inspector.h	NO_BODY
EMPTY_OR_CAST_BODY	0x004EC560	?RenderStart@InspectorManager@@AAEHXZ	src\game\logic\g_inspector.h	NO_BODY
EMPTY_OR_CAST_BODY	0x004EC570	?RenderFinish@InspectorManager@@AAEXXZ	src\game\logic\g_inspector.h	NO_BODY
EMPTY_OR_CAST_BODY	0x004EC580	?RenderSetStates@InspectorManager@@QAEXXZ	src\game\logic\g_inspector.h	NO_BODY
EMPTY_OR_CAST_BODY	0x004EC590	?RenderRestoreStates@InspectorManager@@QAEXXZ	src\game\logic\g_inspector.h	NO_BODY
EMPTY_OR_CAST_BODY	0x004EC5A0	?SetFontColor@InspectorManager@@QAEXMMMM@Z	src\game\logic\g_inspector.h	NO_BODY
EMPTY_OR_CAST_BODY	0x004EC5D0	?Print@InspectorManager@@QAEXPADHHM@Z	src\game\logic\g_inspector.h	NO_BODY
EMPTY_OR_CAST_BODY	0x004EC690	?GetTextSize@InspectorManager@@QAEXPADPAH1M@Z	src\game\logic\g_inspector.h	NO_BODY
EMPTY_OR_CAST_BODY	0x004EC6D0	?TakeCubeMapShot@@YAXXZ	src\game\logic\g_testfps.cpp	EMPTY_BODY
EMPTY_OR_CAST_BODY	0x004EC720	?AddRenderMenus@InspectorManager@@QAEXXZ	src\game\logic\g_inspector.h	NO_BODY
EMPTY_OR_CAST_BODY	0x004EC8A0	?AddPhysicsMenus@InspectorManager@@QAEXXZ	src\game\logic\g_inspector.h	NO_BODY
EMPTY_OR_CAST_BODY	0x004F0C00	?AddAimAssistMenus@InspectorManager@@QAEXPAU_INSPECTOR_MENU@@@Z	src\game\logic\g_inspector.h	NO_BODY
EMPTY_OR_CAST_BODY	0x004F0D40	?AddCollisionMenus@InspectorManager@@QAEXXZ	src\game\logic\g_inspector.h	NO_BODY
EMPTY_OR_CAST_BODY	0x004F4510	?FnReverseOptions@@YAXXZ	src\game\logic\g_game2_misc.cpp	NO_BODY
EMPTY_OR_CAST_BODY	0x004F4810	?FN_DumpThreadsForTarget@@YAXXZ	src\game\logic\g_inspector_fns.cpp	EMPTY_BODY
EMPTY_OR_CAST_BODY	0x004F4820	?FN_DumpThreadsForAll@@YAXXZ	src\game\logic\g_inspector_fns.cpp	EMPTY_BODY
DUPLICATE_MARKER	0x004F4DB0	?Initialise@CameraShake@@QAEXXZ	src\game\logic\g_camerashake.cpp	2 source markers
DUPLICATE_MARKER	0x004F4E20	?GetNewShakeInstance@CameraShake@@AAEPAVCameraShakeInstance@@XZ	src\game\logic\g_camerashake.cpp	2 source markers
DUPLICATE_MARKER	0x004F4EA0	?SetFalloff@CameraShakeInstance@@QAEXPAVPosition3@math@@M@Z	src\game\logic\g_camerashake.cpp	2 source markers
DUPLICATE_MARKER	0x004F4F90	?StopCameraShake@CameraShake@@QAEXPAVCameraShakeInstance@@@Z	src\game\logic\g_camerashake.cpp	2 source markers
DUPLICATE_MARKER	0x004F4FB0	?GetShakeType@CameraShake@@QAEPAVCameraShakeType@@H@Z	src\game\logic\g_camerashake.cpp	2 source markers
DUPLICATE_MARKER	0x004F5020	?SetTime@CameraShakeInstance@@QAEXM@Z	src\game\logic\g_camerashake.cpp	2 source markers
DUPLICATE_MARKER	0x004F5040	?SetupInstance@CameraShakeInstance@@QAEXHM@Z	src\game\logic\g_camerashake.cpp	2 source markers
DUPLICATE_MARKER	0x004F5110	?OverrideSettings@CameraShakeInstance@@QAEXMM@Z	src\game\logic\g_camerashake.cpp	2 source markers
DUPLICATE_MARKER	0x004F5150	?SetTargetMagnitude@CameraShakeInstance@@QAEXM@Z	src\game\logic\g_camerashake.cpp	2 source markers
DUPLICATE_MARKER	0x004F5190	??0MsaQuat@@QAE@MMMM@Z	src\game\logic\g_camerashake.cpp	2 source markers
EMPTY_OR_CAST_BODY	0x004F5190	??0MsaQuat@@QAE@MMMM@Z	src\game\logic\g_camerashake.cpp	EMPTY_BODY
DUPLICATE_MARKER	0x004F51C0	??0MsaQuat@@QAE@ABV0@@Z	src\game\logic\g_camerashake.cpp	2 source markers
DUPLICATE_MARKER	0x004F51F0	?Multiply@MsaQuat@@QAEXABV1@AAV1@@Z	src\game\logic\g_camerashake.cpp	2 source markers
DUPLICATE_MARKER	0x004F52E0	?Normalise@MsaQuat@@QAEMXZ	src\game\logic\g_camerashake.cpp	2 source markers
DUPLICATE_MARKER	0x004F5360	?QuaternionToMatrix@MsaQuat@@QAEXPAVPosition3@math@@PAVMat43@3@@Z	src\game\logic\g_camerashake.cpp	2 source markers
DUPLICATE_MARKER	0x004F5570	?Magnitude@MsaQuat@@QBEMXZ	src\game\logic\g_camerashake.cpp	2 source markers
DUPLICATE_MARKER	0x004F55A0	?Init@NoiseManager@@QAEXXZ	src\game\logic\g_camerashake.cpp	2 source markers
DUPLICATE_MARKER	0x004F56E0	?Noise@NoiseManager@@QAEMM@Z	src\game\logic\g_camerashake.cpp	2 source markers
DUPLICATE_MARKER	0x004F5770	?Normalize2@NoiseManager@@AAEXQAM@Z	src\game\logic\g_camerashake.cpp	2 source markers
DUPLICATE_MARKER	0x004F57C0	?Normalize3@NoiseManager@@AAEXQAM@Z	src\game\logic\g_camerashake.cpp	2 source markers
DUPLICATE_MARKER	0x004F5820	?GetElapsedTime@NoiseManager@@QAEMXZ	src\game\logic\g_camerashake.cpp	2 source markers
DUPLICATE_MARKER	0x004F5830	?GetValue@NoiseFloat@@QAEMXZ	src\game\logic\g_camerashake.cpp	2 source markers
EMPTY_OR_CAST_BODY	0x004F59A0	?EndOfSpline@SplineMgr@@SA_NQBM@Z	src\game\logic\g_game2_misc.cpp	NO_BODY
EMPTY_OR_CAST_BODY	0x004F59D0	??1ScriptEventHandler@@QAE@XZ	src\game\logic\g_game2_misc.cpp	NO_BODY
EMPTY_OR_CAST_BODY	0x004F59F0	?RemoveEvent@ScriptEventHandler@@QAE_NVHashString@@0@Z	src\game\logic\g_game2_misc.cpp	NO_BODY
EMPTY_OR_CAST_BODY	0x004F5A50	?ExecEvents@ScriptEventHandler@@QAE_NPAVEntity@@VHashString@@PAVScriptEventParams@@@Z	src\game\logic\g_game2_misc.cpp	NO_BODY
DUPLICATE_MARKER	0x004F5D10	?SetNoteHandlerEntityHandle@nalPlayMethod@AnimationPlayer@@QAEXV?$DbLinkedHandle@VEntityHandleDb@@VEntity@@@@@Z	src\game\logic\g_debugthread.cpp	2 source markers
EMPTY_OR_CAST_BODY	0x004F5D10	?SetNoteHandlerEntityHandle@nalPlayMethod@AnimationPlayer@@QAEXV?$DbLinkedHandle@VEntityHandleDb@@VEntity@@@@@Z	src\game\logic\g_debugthread.cpp	NO_BODY
EMPTY_OR_CAST_BODY	0x004F5D30	?DebugDump@AnimationPlayer@@SAXPAVEntity@@@Z	src\game\logic\g_debugthread.cpp	NO_BODY
DUPLICATE_MARKER	0x004F5F10	?Invoke@nalAnimCallback@AnimationPlayer@@UAE_NPAV2@@Z	src\game\logic\g_debugthread.cpp	3 source markers
EMPTY_OR_CAST_BODY	0x004F5F10	?Invoke@nalAnimCallback@AnimationPlayer@@UAE_NPAV2@@Z	src\game\logic\g_debugthread.cpp	NO_BODY
DUPLICATE_MARKER	0x004F5F20	??0MetaNalBaseAnim@@QAE@XZ	src\game\logic\g_debugthread.cpp	2 source markers
EMPTY_OR_CAST_BODY	0x004F5F20	??0MetaNalBaseAnim@@QAE@XZ	src\game\logic\g_debugthread.cpp	NO_BODY
DUPLICATE_MARKER	0x004F5F50	?Create@MetaNalBaseAnim@@QAEXPAVMetaAnimData@@@Z	src\game\logic\g_debugthread.cpp	2 source markers
EMPTY_OR_CAST_BODY	0x004F5F50	?Create@MetaNalBaseAnim@@QAEXPAVMetaAnimData@@@Z	src\game\logic\g_debugthread.cpp	NO_BODY
DUPLICATE_MARKER	0x004F5FE0	?DelayCreate@MetaNalBaseAnim@@QAEXPAPAV?$nalAnimClass@VnalAnyPose@@@@H@Z	src\game\logic\g_debugthread.cpp	2 source markers
EMPTY_OR_CAST_BODY	0x004F5FE0	?DelayCreate@MetaNalBaseAnim@@QAEXPAPAV?$nalAnimClass@VnalAnyPose@@@@H@Z	src\game\logic\g_debugthread.cpp	NO_BODY
DUPLICATE_MARKER	0x004F6010	?IsDelayCreate@MetaNalBaseAnim@@QAEHXZ	src\game\logic\g_debugthread.cpp	2 source markers
EMPTY_OR_CAST_BODY	0x004F6010	?IsDelayCreate@MetaNalBaseAnim@@QAEHXZ	src\game\logic\g_debugthread.cpp	NO_BODY
DUPLICATE_MARKER	0x004F6020	?CreateAnimInst@MetaNalBaseAnim@@QAEPAVnalInstanceClass@?$nalAnimClass@VnalAnyPose@@@@PAVnalBaseSkeleton@@@Z	src\game\logic\g_debugthread.cpp	2 source markers
EMPTY_OR_CAST_BODY	0x004F6020	?CreateAnimInst@MetaNalBaseAnim@@QAEPAVnalInstanceClass@?$nalAnimClass@VnalAnyPose@@@@PAVnalBaseSkeleton@@@Z	src\game\logic\g_debugthread.cpp	NO_BODY
DUPLICATE_MARKER	0x004F60A0	??0AnimIK@@QAE@XZ	src\game\logic\g_game2_misc.cpp	2 source markers
EMPTY_OR_CAST_BODY	0x004F60A0	??0AnimIK@@QAE@XZ	src\game\logic\g_game2_misc.cpp	NO_BODY
DUPLICATE_MARKER	0x004F60B0	??1AnimIK@@QAE@XZ	src\game\logic\g_game2_misc.cpp	2 source markers
EMPTY_OR_CAST_BODY	0x004F60B0	??1AnimIK@@QAE@XZ	src\game\logic\g_game2_misc.cpp	NO_BODY
EMPTY_OR_CAST_BODY	0x004F6270	?GetGunAndHandMatrix@AnimIK@@AAEXPAVEntity@@AAVnalGenericBoneHandle@nalGeneric@@1AAVnalMatrix4x4@@2@Z	src\game\logic\g_game2_misc.cpp	NO_BODY
EMPTY_OR_CAST_BODY	0x004F62A0	?GetFootMatrices@AnimIK@@AAEXAAVnalMatrix4x4@@0@Z	src\game\logic\g_game2_misc.cpp	NO_BODY
EMPTY_OR_CAST_BODY	0x004F6340	?WeaponRecoilTimeScale@AnimIK@@AAEMMMM@Z	src\game\logic\g_game2_misc.cpp	NO_BODY
EMPTY_OR_CAST_BODY	0x004F64C0	?ApplyLadderClimb@AnimIK@@AAEXPAVEntity@@AAVnalMatrix4x4@@1@Z	src\game\logic\g_game2_misc.cpp	NO_BODY
DUPLICATE_MARKER	0x004F6CC0	?SetCmdBinding@ButtonEntry@@QAEXXZ	src\game\logic\g_game2_misc.cpp	2 source markers
EMPTY_OR_CAST_BODY	0x004F6CC0	?SetCmdBinding@ButtonEntry@@QAEXXZ	src\game\logic\g_game2_misc.cpp	NO_BODY
DUPLICATE_MARKER	0x004F6D50	?GetBoundCmdPress@ButtonEntry@@QAEPBVBaseCmdFuncInfo@@XZ	src\game\logic\g_game2_misc.cpp	2 source markers
EMPTY_OR_CAST_BODY	0x004F6D50	?GetBoundCmdPress@ButtonEntry@@QAEPBVBaseCmdFuncInfo@@XZ	src\game\logic\g_game2_misc.cpp	NO_BODY
DUPLICATE_MARKER	0x004F6D80	?GetBoundCmdRelease@ButtonEntry@@QAEPBVBaseCmdFuncInfo@@XZ	src\game\logic\g_game2_misc.cpp	2 source markers
EMPTY_OR_CAST_BODY	0x004F6D80	?GetBoundCmdRelease@ButtonEntry@@QAEPBVBaseCmdFuncInfo@@XZ	src\game\logic\g_game2_misc.cpp	NO_BODY
EMPTY_OR_CAST_BODY	0x004F6FC0	?CheckForFloor@TestFPS@@AAE_NABVPosition3@math@@AAUtrace_t@@M@Z	src\game\logic\g_local.h	NO_BODY
EMPTY_OR_CAST_BODY	0x004F7100	??0InspectorManager@@QAE@XZ	src\game\logic\g_inspector.h	NO_BODY
EMPTY_OR_CAST_BODY	0x004F7180	?FreeAll@InspectorManager@@QAEXXZ	src\game\logic\g_inspector.h	NO_BODY
EMPTY_OR_CAST_BODY	0x004F71C0	?Update@InspectorManager@@QAEXXZ	src\game\logic\g_inspector.h	NO_BODY
EMPTY_OR_CAST_BODY	0x004F7880	?AddPlayerMenus@InspectorManager@@QAEXXZ	src\game\logic\g_inspector.h	NO_BODY
EMPTY_OR_CAST_BODY	0x004F78F0	?AddDesignerMenus@InspectorManager@@QAEXXZ	src\game\logic\g_inspector.h	NO_BODY
EMPTY_OR_CAST_BODY	0x004F79F0	?AddFXMenus@InspectorManager@@QAEXXZ	src\game\logic\g_inspector.h	NO_BODY
EMPTY_OR_CAST_BODY	0x004F7D60	?AddVehicleMenus@InspectorManager@@QAEXPAU_INSPECTOR_MENU@@@Z	src\game\logic\g_inspector.h	NO_BODY
EMPTY_OR_CAST_BODY	0x004F8570	?AddMultiplayerMenus@InspectorManager@@QAEXXZ	src\game\logic\g_inspector.h	NO_BODY
EMPTY_OR_CAST_BODY	0x004F8AB0	?DisplayEntitySound@DebugThread@@QAEXABVPosition3@math@@HHHM@Z	src\game\logic\g_local.h	NO_BODY
DUPLICATE_MARKER	0x004F8F70	??0CameraShake@@QAE@XZ	src\game\logic\g_camerashake.cpp	2 source markers
EMPTY_OR_CAST_BODY	0x004F8F70	??0CameraShake@@QAE@XZ	src\game\logic\g_camerashake.cpp	EMPTY_BODY
EMPTY_OR_CAST_BODY	0x004F8FA0	?StartCameraShake@CameraShake@@QAEPAVCameraShakeInstance@@HPAVPosition3@math@@MMM@Z	src\game\logic\g_camerashake.h	NO_BODY
DUPLICATE_MARKER	0x004F9110	?AngleToQuaternion@MsaQuat@@QAEXMAAY02$$CBM@Z	src\game\logic\g_camerashake.cpp	2 source markers
EMPTY_OR_CAST_BODY	0x004F9210	?AddNoise_2D_EM@CameraShakeInstance@@QAEXHPAVVector4@math@@@Z	src\game\logic\g_camerashake.h	NO_BODY
EMPTY_OR_CAST_BODY	0x004F9340	?ExpMapToQuaternion@MsaQuat@@QAEXABVVector4@math@@@Z	src\game\logic\g_camerashake.h	NO_BODY
EMPTY_OR_CAST_BODY	0x004F94B0	?MatrixToQuaternion@MsaQuat@@QAEHPAVMat43@math@@PAVPosition3@3@@Z	src\game\logic\g_camerashake.h	NO_BODY
DUPLICATE_MARKER	0x004F9700	?GetUnusedEntry@SplineMgr@@AAEPAUSplineEntry@1@XZ	src\game\logic\g_game2_misc.cpp	2 source markers
EMPTY_OR_CAST_BODY	0x004F9700	?GetUnusedEntry@SplineMgr@@AAEPAUSplineEntry@1@XZ	src\game\logic\g_game2_misc.cpp	NO_BODY
DUPLICATE_MARKER	0x004F97C0	?UnloadBank@SplineMgr@@EAEXW4TPakId@@@Z	src\game\logic\g_game2_misc.cpp	2 source markers
EMPTY_OR_CAST_BODY	0x004F97C0	?UnloadBank@SplineMgr@@EAEXW4TPakId@@@Z	src\game\logic\g_game2_misc.cpp	NO_BODY
DUPLICATE_MARKER	0x004F9860	??0ScriptEventHandler@@QAE@XZ	src\game\logic\g_game2_misc.cpp	2 source markers
EMPTY_OR_CAST_BODY	0x004F9860	??0ScriptEventHandler@@QAE@XZ	src\game\logic\g_game2_misc.cpp	NO_BODY
DUPLICATE_MARKER	0x004F98D0	?AddEvent@ScriptEventHandler@@QAE_NVHashString@@0@Z	src\game\logic\g_game2_misc.cpp	2 source markers
EMPTY_OR_CAST_BODY	0x004F98D0	?AddEvent@ScriptEventHandler@@QAE_NVHashString@@0@Z	src\game\logic\g_game2_misc.cpp	NO_BODY
EMPTY_OR_CAST_BODY	0x004F9AC0	?Update@HealthRegenTask@@UAEXPAVEntity@@M@Z	src\game\logic\g_debugthread.cpp	NO_BODY
DUPLICATE_MARKER	0x004FA500	??0nalPlayMethod@AnimationPlayer@@QAE@XZ	src\game\logic\g_debugthread.cpp	2 source markers
EMPTY_OR_CAST_BODY	0x004FA500	??0nalPlayMethod@AnimationPlayer@@QAE@XZ	src\game\logic\g_debugthread.cpp	NO_BODY
EMPTY_OR_CAST_BODY	0x004FA550	?Advance@AnimationPlayer@@QAEXM@Z	src\game\logic\g_debugthread.cpp	NO_BODY
EMPTY_OR_CAST_BODY	0x004FA690	?GetPose@AnimationPlayer@@QAEXAAVnalGenericPose@nalGeneric@@PAVnalGenericSkeleton@3@QAY02M@Z	src\game\logic\g_debugthread.cpp	NO_BODY
DUPLICATE_MARKER	0x004FAE20	?DelayCreate@MetaNalBaseAnim@@QAEXPAV?$nalAnimClass@VnalAnyPose@@@@@Z	src\game\logic\g_debugthread.cpp	2 source markers
EMPTY_OR_CAST_BODY	0x004FAE20	?DelayCreate@MetaNalBaseAnim@@QAEXPAV?$nalAnimClass@VnalAnyPose@@@@@Z	src\game\logic\g_debugthread.cpp	NO_BODY
EMPTY_OR_CAST_BODY	0x004FAE50	?Initialize@AnimIK@@AAEXXZ	src\game\logic\g_game2_misc.cpp	NO_BODY
DUPLICATE_MARKER	0x004FB150	?UpdateGunMatrix@AnimIK@@AAEXVnalGenericBoneHandle@nalGeneric@@0AAVnalMatrix4x4@@1@Z	src\game\logic\g_game2_misc.cpp	2 source markers
EMPTY_OR_CAST_BODY	0x004FB150	?UpdateGunMatrix@AnimIK@@AAEXVnalGenericBoneHandle@nalGeneric@@0AAVnalMatrix4x4@@1@Z	src\game\logic\g_game2_misc.cpp	NO_BODY
EMPTY_OR_CAST_BODY	0x004FB510	?ApplyFootIK@AnimIK@@AAEXPAVEntity@@AAVnalMatrix4x4@@1@Z	src\game\logic\g_game2_misc.cpp	NO_BODY
EMPTY_OR_CAST_BODY	0x004FBD10	?ApplyHandIK@AnimIK@@AAEXPAVEntity@@AAVnalMatrix4x4@@1@Z	src\game\logic\g_game2_misc.cpp	NO_BODY
EMPTY_OR_CAST_BODY	0x004FC5B0	?RotateBone@AnimIK@@AAEXHABVDir3@math@@@Z	src\game\logic\g_game2_misc.cpp	NO_BODY
EMPTY_OR_CAST_BODY	0x004FCA40	?ApplyPainFlinch@AnimIK@@AAEXPAVEntity@@@Z	src\game\logic\g_game2_misc.cpp	NO_BODY
EMPTY_OR_CAST_BODY	0x004FDDC0	?ApplyTorsoRotations@AnimIK@@AAEXPAVEntity@@@Z	src\game\logic\g_game2_misc.cpp	NO_BODY
EMPTY_OR_CAST_BODY	0x004FEAA0	?SetKeyBinding@ButtonEntry@@QAEXE@Z	src\game\logic\g_game2_misc.cpp	NO_BODY
DUPLICATE_MARKER	0x004FEAD0	?Press@ButtonEntry@@QAEX_N@Z	src\game\logic\g_game2_misc.cpp	2 source markers
EMPTY_OR_CAST_BODY	0x004FEAD0	?Press@ButtonEntry@@QAEX_N@Z	src\game\logic\g_game2_misc.cpp	NO_BODY
DUPLICATE_MARKER	0x004FEB60	?Release@ButtonEntry@@QAEX_N@Z	src\game\logic\g_game2_misc.cpp	2 source markers
EMPTY_OR_CAST_BODY	0x004FEB60	?Release@ButtonEntry@@QAEX_N@Z	src\game\logic\g_game2_misc.cpp	NO_BODY
EMPTY_OR_CAST_BODY	0x004FEF40	?FN_ShakeTestFunction@@YAXXZ	src\game\logic\g_camerashake.h	NO_BODY
EMPTY_OR_CAST_BODY	0x004FEFB0	?DisplayPoolTotals@@YAXAAVPoolAllocator@@@Z	src\game\logic\g_game2_misc.cpp	NO_BODY
EMPTY_OR_CAST_BODY	0x004FF130	?CreateCameraShakeMatrix@CameraShake@@QAEPAVMat43@math@@PAV23@@Z	src\game\logic\g_camerashake.h	NO_BODY
EMPTY_OR_CAST_BODY	0x004FF360	?Rumble@CameraShake@@QAEXMM@Z	src\game\logic\g_camerashake.h	NO_BODY
DUPLICATE_MARKER	0x004FF5B0	?AddSplineGroupFile@SplineMgr@@QAEXPAEW4TPakId@@@Z	src\game\logic\g_game2_misc.cpp	2 source markers
EMPTY_OR_CAST_BODY	0x004FF5B0	?AddSplineGroupFile@SplineMgr@@QAEXPAEW4TPakId@@@Z	src\game\logic\g_game2_misc.cpp	NO_BODY
DUPLICATE_MARKER	0x004FF5D0	?GetSplinePathData@SplineMgr@@QAEPAVSplinePathData@@IAAW4TPakId@@@Z	src\game\logic\g_game2_misc.cpp	2 source markers
EMPTY_OR_CAST_BODY	0x004FF5D0	?GetSplinePathData@SplineMgr@@QAEPAVSplinePathData@@IAAW4TPakId@@@Z	src\game\logic\g_game2_misc.cpp	NO_BODY
DUPLICATE_MARKER	0x004FF660	?GetSplinePathGroup@SplineMgr@@QAEPAVSplineGroup@@IAAW4TPakId@@@Z	src\game\logic\g_game2_misc.cpp	2 source markers
EMPTY_OR_CAST_BODY	0x004FF660	?GetSplinePathGroup@SplineMgr@@QAEPAVSplineGroup@@IAAW4TPakId@@@Z	src\game\logic\g_game2_misc.cpp	NO_BODY
DUPLICATE_MARKER	0x004FF6F0	?GetSpline@SplineMgr@@QAEXIPAUSplinePath@@@Z	src\game\logic\g_game2_misc.cpp	2 source markers
EMPTY_OR_CAST_BODY	0x004FF6F0	?GetSpline@SplineMgr@@QAEXIPAUSplinePath@@@Z	src\game\logic\g_game2_misc.cpp	NO_BODY
DUPLICATE_MARKER	0x004FF780	?AddEvent@ScriptEventHandler@@QAE_NVHashString@@PBD@Z	src\game\logic\g_game2_misc.cpp	2 source markers
EMPTY_OR_CAST_BODY	0x004FF780	?AddEvent@ScriptEventHandler@@QAE_NVHashString@@PBD@Z	src\game\logic\g_game2_misc.cpp	NO_BODY
DUPLICATE_MARKER	0x004FFB20	??0TaskHandler@@QAE@VFourCC@@V?$Bitmask@I@@@Z	src\game\logic\g_accessors.cpp	2 source markers
EMPTY_OR_CAST_BODY	0x004FFC30	?ApplyFire@AnimIK@@AAEXPAVEntity@@@Z	src\game\logic\g_game2_misc.cpp	NO_BODY
EMPTY_OR_CAST_BODY	0x00504580	??0SplineMgr@@QAE@XZ	src\game\logic\g_game2_misc.cpp	NO_BODY
EMPTY_OR_CAST_BODY	0x005045C0	?GetSpline@SplineMgr@@QAEXPBDPAUSplinePath@@@Z	src\game\logic\g_game2_misc.cpp	NO_BODY
EMPTY_OR_CAST_BODY	0x005045F0	?ReverseEndianSplinePath@SplineMgr@@AAEXAAUSplinePath@@@Z	src\game\logic\g_game2_misc.cpp	NO_BODY
DUPLICATE_MARKER	0x005046C0	?ReverseEndianSplineGroupFile@SplineMgr@@AAEXAAVHashGroupFile@@@Z	src\game\logic\g_game2_misc.cpp	2 source markers
EMPTY_OR_CAST_BODY	0x005046C0	?ReverseEndianSplineGroupFile@SplineMgr@@AAEXAAVHashGroupFile@@@Z	src\game\logic\g_game2_misc.cpp	NO_BODY
EMPTY_OR_CAST_BODY	0x00504C60	?CreateInstance@nalPlayMethod@AnimationPlayer@@UAEPAVnalInstanceClass@?$nalAnimClass@VnalAnyPose@@@@PAVnalGenericAnim@nalGeneric@@PAVnalGenericSkeleton@6@@Z	src\game\logic\g_debugthread.cpp	NO_BODY
EMPTY_OR_CAST_BODY	0x00504C90	?ApplyVehicleSteering@AnimIK@@AAEXPAVEntity@@@Z	src\game\logic\g_game2_misc.cpp	NO_BODY
EMPTY_OR_CAST_BODY	0x005068F0	?ApplyADS@AnimIK@@AAEXPAVEntity@@@Z	src\game\logic\g_game2_misc.cpp	NO_BODY
EMPTY_OR_CAST_BODY	0x00507EC0	?ApplyTerrainMapping@AnimIK@@AAEXPAVEntity@@AAVnalMatrix4x4@@1@Z	src\game\logic\g_game2_misc.cpp	NO_BODY
EMPTY_OR_CAST_BODY	0x00509CA0	?UserRenderHook@InspectorManager@@AAEXXZ	src\game\logic\g_inspector.h	NO_BODY
EMPTY_OR_CAST_BODY	0x0050BB30	??1nalPlayMethod@AnimationPlayer@@QAE@XZ	src\game\logic\g_debugthread.cpp	NO_BODY
EMPTY_OR_CAST_BODY	0x0050BB80	?Advance@nalPlayMethod@AnimationPlayer@@UAEXPAVnalAnimState@2@M@Z	src\game\logic\g_debugthread.cpp	NO_BODY
EMPTY_OR_CAST_BODY	0x0050BBC0	?Update@AnimIK@@QAEXPAVEntity@@PAVnalGenericSkeleton@nalGeneric@@PAVnalGenericPose@4@@Z	src\game\logic\g_game2_misc.cpp	NO_BODY
EMPTY_OR_CAST_BODY	0x0050BED0	?Render@InspectorManager@@QAEXXZ	src\game\logic\g_inspector.h	NO_BODY
EMPTY_OR_CAST_BODY	0x0050C420	?AddDebuggingMenus@InspectorManager@@QAEXXZ	src\game\logic\g_inspector.h	NO_BODY
EMPTY_OR_CAST_BODY	0x0050C790	?AddWeaponMenus@InspectorManager@@QAEXPAU_INSPECTOR_MENU@@@Z	src\game\logic\g_inspector.h	NO_BODY
EMPTY_OR_CAST_BODY	0x0050D840	?AddSettingsMenus@InspectorManager@@QAEXXZ	src\game\logic\g_inspector.h	NO_BODY
EMPTY_OR_CAST_BODY	0x0050E1B0	?SetupUserMenus@InspectorManager@@QAEXXZ	src\game\logic\g_inspector.h	NO_BODY
EMPTY_OR_CAST_BODY	0x0050E250	?Initialise@InspectorManager@@QAEXXZ	src\game\logic\g_inspector.h	NO_BODY
DUPLICATE_MARKER	0x00516B90	?Stop@nalAnimState@AnimationPlayer@@QAEXXZ	src\game\logic\g_debugthread.cpp	2 source markers
EMPTY_OR_CAST_BODY	0x00516B90	?Stop@nalAnimState@AnimationPlayer@@QAEXXZ	src\game\logic\g_debugthread.cpp	NO_BODY
DUPLICATE_MARKER	0x00516BC0	?Release@nalAnimState@AnimationPlayer@@QAEXXZ	src\game\logic\g_debugthread.cpp	2 source markers
EMPTY_OR_CAST_BODY	0x00516BC0	?Release@nalAnimState@AnimationPlayer@@QAEXXZ	src\game\logic\g_debugthread.cpp	NO_BODY
DUPLICATE_MARKER	0x00516C70	?Kill@nalPartialAnimState@AnimationPlayer@@QAEXXZ	src\game\logic\g_debugthread.cpp	2 source markers
EMPTY_OR_CAST_BODY	0x00516C70	?Kill@nalPartialAnimState@AnimationPlayer@@QAEXXZ	src\game\logic\g_debugthread.cpp	NO_BODY
DUPLICATE_MARKER	0x00516F40	?_KillModifiers@AnimationPlayer@@QAEXPAVnalPartialAnimState@1@@Z	src\game\logic\g_debugthread.cpp	2 source markers
EMPTY_OR_CAST_BODY	0x00516F40	?_KillModifiers@AnimationPlayer@@QAEXPAVnalPartialAnimState@1@@Z	src\game\logic\g_debugthread.cpp	NO_BODY
EMPTY_OR_CAST_BODY	0x00517290	??1BoundingBox@@QAE@XZ	src\game\streamer\pakmanager.cpp	EMPTY_BODY
EMPTY_OR_CAST_BODY	0x005173B0	??0PerformanceStats@TestFPS@@QAE@XZ	src\game\logic\g_debugthread.cpp	EMPTY_BODY
EMPTY_OR_CAST_BODY	0x005173E0	??1nalVirtual@@MAE@XZ	src\animation\nal.cpp	EMPTY_BODY
EMPTY_OR_CAST_BODY	0x005173F0	?Dummy@nalVirtual@@MAEXXZ	src\animation\nal.cpp	EMPTY_BODY
EMPTY_OR_CAST_BODY	0x005176D0	??0nalMatrix3x3@@QAE@XZ	src\animation\nal.cpp	EMPTY_BODY
EMPTY_OR_CAST_BODY	0x00518230	??0nalVirtual@@QAE@XZ	src\animation\nal.cpp	EMPTY_BODY
EMPTY_OR_CAST_BODY	0x005182A0	?Release@?$nalAnimClass@VnalAnyPose@@@@UAEXXZ	src\animation\nal.cpp	EMPTY_BODY
DUPLICATE_MARKER	0x00518340	?GetDefaultPose@nalGenericSkeleton@nalGeneric@@QBEABVnalGenericPose@2@XZ	src\animation\nal.cpp	2 source markers
EMPTY_OR_CAST_BODY	0x00518340	?GetDefaultPose@nalGenericSkeleton@nalGeneric@@QBEABVnalGenericPose@2@XZ	src\animation\nal.cpp	NO_BODY
EMPTY_OR_CAST_BODY	0x00518350	??0nalGenericBoneHandle@nalGeneric@@QAE@XZ	src\animation\nal.cpp	EMPTY_BODY
EMPTY_OR_CAST_BODY	0x00518370	??0nalGenericBoneHandle@nalGeneric@@IAE@PBVnalGenericSkeleton@1@H@Z	src\animation\nal.cpp	EMPTY_BODY
DUPLICATE_MARKER	0x00518390	?GetBoneHandle@nalGenericSkeleton@nalGeneric@@QBEXAAVnalGenericBoneHandle@2@ABVtlFixedString@@@Z	src\animation\nal.cpp	2 source markers
DUPLICATE_MARKER	0x005184C0	??0NoiseFloat@@QAE@XZ	src\game\logic\g_camerashake.cpp	2 source markers
EMPTY_OR_CAST_BODY	0x005184C0	??0NoiseFloat@@QAE@XZ	src\game\logic\g_camerashake.cpp	EMPTY_BODY
DUPLICATE_MARKER	0x00518510	??1NoiseFloat@@QAE@XZ	src\game\logic\g_camerashake.cpp	2 source markers
EMPTY_OR_CAST_BODY	0x00518510	??1NoiseFloat@@QAE@XZ	src\game\logic\g_camerashake.cpp	EMPTY_BODY
DUPLICATE_MARKER	0x00518520	?Init@NoiseFloat@@QAEXKMM@Z	src\game\logic\g_camerashake.cpp	2 source markers
DUPLICATE_MARKER	0x00518570	?SetFrequency@NoiseFloat@@QAEXM@Z	src\game\logic\g_camerashake.cpp	2 source markers
DUPLICATE_MARKER	0x00518590	?SetRange@NoiseFloat@@QAEXM@Z	src\game\logic\g_camerashake.cpp	2 source markers
DUPLICATE_MARKER	0x005185C0	?Set3DScale@CameraShake@@QAEXM@Z	src\game\logic\g_camerashake.cpp	2 source markers
DUPLICATE_MARKER	0x005185E0	?Get3DScale@CameraShake@@QAEMXZ	src\game\logic\g_camerashake.cpp	2 source markers
DUPLICATE_MARKER	0x005185F0	?SetScaleCOD@CameraShake@@QAEXMH@Z	src\game\logic\g_camerashake.cpp	2 source markers
DUPLICATE_MARKER	0x00518610	?GetScaleCOD@CameraShake@@QAEMXZ	src\game\logic\g_camerashake.cpp	2 source markers
DUPLICATE_MARKER	0x005186B0	?Inst@SplineMgr@@SAPAV1@XZ	src\game\logic\g_game2_misc.cpp	2 source markers
EMPTY_OR_CAST_BODY	0x005186B0	?Inst@SplineMgr@@SAPAV1@XZ	src\game\logic\g_game2_misc.cpp	NO_BODY
DUPLICATE_MARKER	0x005186C0	??0SplineEntry@SplineMgr@@QAE@XZ	src\game\logic\g_game2_misc.cpp	2 source markers
EMPTY_OR_CAST_BODY	0x005186C0	??0SplineEntry@SplineMgr@@QAE@XZ	src\game\logic\g_game2_misc.cpp	NO_BODY
DUPLICATE_MARKER	0x005186E0	?Unload@SplineEntry@SplineMgr@@QAEXXZ	src\game\logic\g_game2_misc.cpp	2 source markers
EMPTY_OR_CAST_BODY	0x005186E0	?Unload@SplineEntry@SplineMgr@@QAEXXZ	src\game\logic\g_game2_misc.cpp	NO_BODY
DUPLICATE_MARKER	0x00518700	?IsUsed@SplineEntry@SplineMgr@@QBE_NXZ	src\game\logic\g_game2_misc.cpp	2 source markers
EMPTY_OR_CAST_BODY	0x00518700	?IsUsed@SplineEntry@SplineMgr@@QBE_NXZ	src\game\logic\g_game2_misc.cpp	NO_BODY
DUPLICATE_MARKER	0x00518740	??0ScriptEvent@ScriptEventHandler@@QAE@XZ	src\game\logic\g_game2_misc.cpp	2 source markers
EMPTY_OR_CAST_BODY	0x00518740	??0ScriptEvent@ScriptEventHandler@@QAE@XZ	src\game\logic\g_game2_misc.cpp	NO_BODY
DUPLICATE_MARKER	0x005187A0	?GetHandler@HealthRegenTask@@SAPAVTaskHandler@@XZ	src\game\logic\g_debugthread.cpp	2 source markers
EMPTY_OR_CAST_BODY	0x005187A0	?GetHandler@HealthRegenTask@@SAPAVTaskHandler@@XZ	src\game\logic\g_debugthread.cpp	NO_BODY
DUPLICATE_MARKER	0x005187B0	?GetTaskId@HealthRegenTask@@SA?AVFourCC@@XZ	src\game\logic\g_debugthread.cpp	2 source markers
EMPTY_OR_CAST_BODY	0x005187B0	?GetTaskId@HealthRegenTask@@SA?AVFourCC@@XZ	src\game\logic\g_debugthread.cpp	NO_BODY
DUPLICATE_MARKER	0x005187D0	?GetHandler@AnimNotifyTask@@SAPAVTaskHandler@@XZ	src\game\logic\g_entity_misc.cpp	2 source markers
EMPTY_OR_CAST_BODY	0x005187D0	?GetHandler@AnimNotifyTask@@SAPAVTaskHandler@@XZ	src\game\logic\g_entity_misc.cpp	NO_BODY
DUPLICATE_MARKER	0x005187E0	?GetTaskId@AnimNotifyTask@@SA?AVFourCC@@XZ	src\game\logic\g_entity_misc.cpp	2 source markers
EMPTY_OR_CAST_BODY	0x005187E0	?GetTaskId@AnimNotifyTask@@SA?AVFourCC@@XZ	src\game\logic\g_entity_misc.cpp	NO_BODY
EMPTY_OR_CAST_BODY	0x00518800	??1ParticleIterator@apsRenderSort@@UAE@XZ	src\aeps\apsBillboardRenderer.cpp	EMPTY_BODY
EMPTY_OR_CAST_BODY	0x00518840	??1SortedParticleIterator@apsRenderSort@@UAE@XZ	src\aeps\apsBillboardRenderer.cpp	EMPTY_BODY
EMPTY_OR_CAST_BODY	0x00518850	??1UnsortedParticleIterator@apsRenderSort@@UAE@XZ	src\aeps\apsBillboardRenderer.cpp	EMPTY_BODY
EMPTY_OR_CAST_BODY	0x00518860	??0ParticleIterator@apsRenderSort@@QAE@XZ	src\aeps\apsBillboardRenderer.cpp	EMPTY_BODY
EMPTY_OR_CAST_BODY	0x00518870	??0UnsortedParticleIterator@apsRenderSort@@QAE@XZ	src\aeps\apsBillboardRenderer.cpp	EMPTY_BODY
DUPLICATE_MARKER	0x00518B40	??0NotifyInfo@AnimNoteHandler@@QAE@XZ	src\game\logic\g_debugthread.cpp	2 source markers
EMPTY_OR_CAST_BODY	0x00518B40	??0NotifyInfo@AnimNoteHandler@@QAE@XZ	src\game\logic\g_debugthread.cpp	NO_BODY
DUPLICATE_MARKER	0x00518B60	??1NotifyInfo@AnimNoteHandler@@QAE@XZ	src\game\logic\g_debugthread.cpp	2 source markers
EMPTY_OR_CAST_BODY	0x00518B60	??1NotifyInfo@AnimNoteHandler@@QAE@XZ	src\game\logic\g_debugthread.cpp	NO_BODY
EMPTY_OR_CAST_BODY	0x00518C10	??0angles_t@@QAE@XZ	src\game\logic\g_game2_misc.cpp	EMPTY_BODY
DUPLICATE_MARKER	0x00518CC0	??0mpAnimJointPosOrientations_t@@QAE@XZ	src\game\logic\g_game2_misc.cpp	2 source markers
EMPTY_OR_CAST_BODY	0x00518CC0	??0mpAnimJointPosOrientations_t@@QAE@XZ	src\game\logic\g_game2_misc.cpp	NO_BODY
DUPLICATE_MARKER	0x00518CD0	??0mpAnimJointBoneHandles_t@@QAE@XZ	src\game\logic\g_game2_misc.cpp	2 source markers
EMPTY_OR_CAST_BODY	0x00518CD0	??0mpAnimJointBoneHandles_t@@QAE@XZ	src\game\logic\g_game2_misc.cpp	NO_BODY
EMPTY_OR_CAST_BODY	0x00519710	??0?$ae_pair@IPAV?$ae_vector@V?$DbLinkedHandle@VEntityHandleDb@@VEntity@@@@@@@@QAE@ABIABQAV?$ae_vector@V?$DbLinkedHandle@VEntityHandleDb@@VEntity@@@@@@@Z	src\game\logic\g_local.h	EMPTY_BODY
EMPTY_OR_CAST_BODY	0x0051BB30	??0SortedParticleIterator@apsRenderSort@@QAE@XZ	src\aeps\apsBillboardRenderer.cpp	EMPTY_BODY
DUPLICATE_MARKER	0x0051D670	??1SplineMgr@@UAE@XZ	src\game\logic\g_game2_misc.cpp	2 source markers
EMPTY_OR_CAST_BODY	0x0051D670	??1SplineMgr@@UAE@XZ	src\game\logic\g_game2_misc.cpp	NO_BODY
EMPTY_OR_CAST_BODY	0x005288B0	?CL_CM_LoadMap@@YAXPBD@Z	src\game\cl\cl_debug.cpp	EMPTY_BODY
EMPTY_OR_CAST_BODY	0x00528960	?CL_DObjCalcAnim@@YAXPAVDObj@@QAH@Z	src\game\cl\cl_dobj.cpp	EMPTY_BODY
EMPTY_OR_CAST_BODY	0x005295A0	?Con_DrawMiniConsole@@YAXHHM@Z	src\game\cl\cl_console.cpp	EMPTY_BODY
EMPTY_OR_CAST_BODY	0x005295B0	?Con_DrawSubtitles@@YAXHHMW4msgwnd_mode_t@@@Z	src\game\cl\cl_console.cpp	EMPTY_BODY
EMPTY_OR_CAST_BODY	0x00529780	?Con_ClearMiniConsole@@YAXXZ	src\game\cl\cl_console.cpp	EMPTY_BODY
EMPTY_OR_CAST_BODY	0x00529790	?Con_ClearSubtitles@@YAXXZ	src\game\cl\cl_console.cpp	EMPTY_BODY
DUPLICATE_MARKER	0x0052A820	?CL_SetTempStanceStatus@@YAXXZ	src\game\cl\cl_input.cpp	2 source markers
EMPTY_OR_CAST_BODY	0x0052C590	?Field_Paste@@YAXPAUfield_t@@@Z	src\game\cl\cl_keys.cpp	EMPTY_BODY
EMPTY_OR_CAST_BODY	0x0052CD60	?CL_Setenv_f@@YAXXZ	src\game\cl\cl_keys.cpp	EMPTY_BODY
EMPTY_OR_CAST_BODY	0x0052CD70	?CL_Disconnect_f@@YAXXZ	src\game\cl\cl_keys.cpp	EMPTY_BODY
EMPTY_OR_CAST_BODY	0x0052CE70	?CL_UpdateFog@@YAXXZ	src\game\cl\cl_keys.cpp	EMPTY_BODY
EMPTY_OR_CAST_BODY	0x0052DA40	?CL_ParsePacketEntities@@YAXPAUmsg_t@@PAUclSnapshot_t@@@Z	src\game\cl\cl_parse.cpp	EMPTY_BODY
EMPTY_OR_CAST_BODY	0x0052DAB0	?SCR_DrawNamedPic@@YAXMMMMPBDH@Z	src\game\cl\cl_scr.cpp	EMPTY_BODY
EMPTY_OR_CAST_BODY	0x0052DED0	?SCR_DebugGraph@@YAXMH@Z	src\game\cl\cl_scr.cpp	EMPTY_BODY
EMPTY_OR_CAST_BODY	0x0052DEE0	?SCR_DrawDebugGraph@@YAXXZ	src\game\cl\cl_scr.cpp	EMPTY_BODY
EMPTY_OR_CAST_BODY	0x005398D0	??0KeyInfoEntry@@QAE@XZ	src\game\cl\cl_keys.cpp	EMPTY_BODY
EMPTY_OR_CAST_BODY	0x00539C80	??0XSceneAnimParams@@QAE@MM@Z	src\animation\nal.cpp	EMPTY_BODY
DUPLICATE_MARKER	0x00539EB0	??0nalAnimCallback@AnimationPlayer@@QAE@XZ	src\animation\nal.cpp	2 source markers
EMPTY_OR_CAST_BODY	0x00539EB0	??0nalAnimCallback@AnimationPlayer@@QAE@XZ	src\animation\nal.cpp	NO_BODY
DUPLICATE_MARKER	0x00539ED0	?Reference@nalAnimCallback@AnimationPlayer@@UAEXPAVnalGenericAnim@nalGeneric@@@Z	src\animation\nal.cpp	2 source markers
EMPTY_OR_CAST_BODY	0x00539ED0	?Reference@nalAnimCallback@AnimationPlayer@@UAEXPAVnalGenericAnim@nalGeneric@@@Z	src\animation\nal.cpp	NO_BODY
DUPLICATE_MARKER	0x00539EE0	?Release@nalAnimCallback@AnimationPlayer@@UAEXXZ	src\animation\nal.cpp	2 source markers
EMPTY_OR_CAST_BODY	0x00539EE0	?Release@nalAnimCallback@AnimationPlayer@@UAEXXZ	src\animation\nal.cpp	NO_BODY
DUPLICATE_MARKER	0x00539EF0	?IsAnimPlaying@nalAnimCallback@AnimationPlayer@@QAEHPAVnalGenericAnim@nalGeneric@@@Z	src\animation\nal.cpp	2 source markers
EMPTY_OR_CAST_BODY	0x00539EF0	?IsAnimPlaying@nalAnimCallback@AnimationPlayer@@QAEHPAVnalGenericAnim@nalGeneric@@@Z	src\animation\nal.cpp	NO_BODY
EMPTY_OR_CAST_BODY	0x00539F20	??0nalAnimState@AnimationPlayer@@QAE@XZ	src\animation\nal.cpp	EMPTY_BODY
EMPTY_OR_CAST_BODY	0x00539F80	??0nalPartialAnimState@AnimationPlayer@@QAE@XZ	src\animation\nal.cpp	EMPTY_BODY
DUPLICATE_MARKER	0x0053A040	?StopModifiers@AnimationPlayer@@QAEXI@Z	src\animation\nal.cpp	2 source markers
EMPTY_OR_CAST_BODY	0x0053A040	?StopModifiers@AnimationPlayer@@QAEXI@Z	src\animation\nal.cpp	NO_BODY
DUPLICATE_MARKER	0x0053A0A0	?FadeOutModifiers@AnimationPlayer@@QAEXMI@Z	src\animation\nal.cpp	2 source markers
EMPTY_OR_CAST_BODY	0x0053A0A0	?FadeOutModifiers@AnimationPlayer@@QAEXMI@Z	src\animation\nal.cpp	NO_BODY
DUPLICATE_MARKER	0x0053A1E0	?_FindModifier@AnimationPlayer@@QAEPAVnalPartialAnimState@1@IM@Z	src\animation\nal.cpp	2 source markers
EMPTY_OR_CAST_BODY	0x0053A1E0	?_FindModifier@AnimationPlayer@@QAEPAVnalPartialAnimState@1@IM@Z	src\animation\nal.cpp	NO_BODY
DUPLICATE_MARKER	0x0053A230	?_StopOrHoldModifiers@AnimationPlayer@@QAEXIM@Z	src\animation\nal.cpp	2 source markers
EMPTY_OR_CAST_BODY	0x0053A230	?_StopOrHoldModifiers@AnimationPlayer@@QAEXIM@Z	src\animation\nal.cpp	NO_BODY
DUPLICATE_MARKER	0x0053A2A0	?GetQueueSize@AnimationPlayer@@QAEHXZ	src\animation\nal.cpp	2 source markers
EMPTY_OR_CAST_BODY	0x0053A2A0	?GetQueueSize@AnimationPlayer@@QAEHXZ	src\animation\nal.cpp	NO_BODY
DUPLICATE_MARKER	0x0053A3B0	?GetInteractableH@InteractionController@@QBE?AV?$DbLinkedHandle@VEntityHandleDb@@VEntity@@@@XZ	src\animation\nal.cpp	2 source markers
EMPTY_OR_CAST_BODY	0x0053A3B0	?GetInteractableH@InteractionController@@QBE?AV?$DbLinkedHandle@VEntityHandleDb@@VEntity@@@@XZ	src\animation\nal.cpp	NO_BODY
EMPTY_OR_CAST_BODY	0x0053A910	?Deactivate@InteractInputRcvr@@UAEXXZ	src\animation\nal.cpp	EMPTY_BODY
DUPLICATE_MARKER	0x0053C200	?CanRunWeaponAnims@InteractionController@@QBEHXZ	src\animation\nal.cpp	2 source markers
EMPTY_OR_CAST_BODY	0x0053CD70	?Deactivate@InteractInputRcvrRowboat@@UAEXXZ	src\animation\nal.cpp	EMPTY_BODY
EMPTY_OR_CAST_BODY	0x0053DFB0	??1PlayerAnimMgr@@QAE@XZ	src\animation\nal.cpp	EMPTY_BODY
EMPTY_OR_CAST_BODY	0x0053EA80	??1AnimBankManager@@UAE@XZ	src\animation\nal.cpp	EMPTY_BODY
EMPTY_OR_CAST_BODY	0x0053EAA0	?Activate@InteractStatePickLiveGrenade@@UAEXXZ	src\animation\nal.cpp	EMPTY_BODY
EMPTY_OR_CAST_BODY	0x0053EAB0	?Deactivate@InteractStatePickLiveGrenade@@UAEXXZ	src\animation\nal.cpp	EMPTY_BODY
DUPLICATE_MARKER	0x0053EC70	?AddNewGBMOutput@AnimQueue@@SA_NHPAX@Z	src\animation\nal.cpp	2 source markers
EMPTY_OR_CAST_BODY	0x0053EC70	?AddNewGBMOutput@AnimQueue@@SA_NHPAX@Z	src\animation\nal.cpp	NO_BODY
DUPLICATE_MARKER	0x0053ED00	?ClearMatrixQueue@AnimQueue@@SAXXZ	src\animation\nal.cpp	2 source markers
EMPTY_OR_CAST_BODY	0x0053ED00	?ClearMatrixQueue@AnimQueue@@SAXXZ	src\animation\nal.cpp	NO_BODY
DUPLICATE_MARKER	0x0053ED10	?GetDobjAbsolute@AnimQueue@@SA_NPAVDObj@@@Z	src\animation\nal.cpp	2 source markers
EMPTY_OR_CAST_BODY	0x0053ED10	?GetDobjAbsolute@AnimQueue@@SA_NPAVDObj@@@Z	src\animation\nal.cpp	NO_BODY
DUPLICATE_MARKER	0x0053ED50	?ExecuteAndClearDecompression@AnimQueue@@SAXXZ	src\animation\nal.cpp	2 source markers
EMPTY_OR_CAST_BODY	0x0053ED50	?ExecuteAndClearDecompression@AnimQueue@@SAXXZ	src\animation\nal.cpp	NO_BODY
DUPLICATE_MARKER	0x0053EDA0	?ExecGetPose@AnimQueue@@AAEXPAVnalGenericPose@nalGeneric@@0AAUGetPoseOp@1@@Z	src\animation\nal.cpp	2 source markers
EMPTY_OR_CAST_BODY	0x0053EDA0	?ExecGetPose@AnimQueue@@AAEXPAVnalGenericPose@nalGeneric@@0AAUGetPoseOp@1@@Z	src\animation\nal.cpp	NO_BODY
DUPLICATE_MARKER	0x0053EDD0	?ExecuteBlendPose@AnimQueue@@AAEXPAVnalGenericPose@nalGeneric@@00AAUBlendOp@1@@Z	src\animation\nal.cpp	2 source markers
EMPTY_OR_CAST_BODY	0x0053EDD0	?ExecuteBlendPose@AnimQueue@@AAEXPAVnalGenericPose@nalGeneric@@00AAUBlendOp@1@@Z	src\animation\nal.cpp	NO_BODY
DUPLICATE_MARKER	0x0053EE00	?Reset@AnimQueue@@QAEXXZ	src\animation\nal.cpp	2 source markers
EMPTY_OR_CAST_BODY	0x0053EE00	?Reset@AnimQueue@@QAEXXZ	src\animation\nal.cpp	NO_BODY
DUPLICATE_MARKER	0x0053EE40	?SetParamAsAccum@AnimQueue@@QAEXXZ	src\animation\nal.cpp	2 source markers
EMPTY_OR_CAST_BODY	0x0053EE40	?SetParamAsAccum@AnimQueue@@QAEXXZ	src\animation\nal.cpp	NO_BODY
DUPLICATE_MARKER	0x0053EE50	?SetParamAsTemp@AnimQueue@@QAEXXZ	src\animation\nal.cpp	2 source markers
EMPTY_OR_CAST_BODY	0x0053EE50	?SetParamAsTemp@AnimQueue@@QAEXXZ	src\animation\nal.cpp	NO_BODY
DUPLICATE_MARKER	0x0053EE60	?IncrementOptCount@AnimQueue@@AAEXXZ	src\animation\nal.cpp	2 source markers
EMPTY_OR_CAST_BODY	0x0053EE60	?IncrementOptCount@AnimQueue@@AAEXXZ	src\animation\nal.cpp	NO_BODY
DUPLICATE_MARKER	0x0053EEC0	?AddTouch@AnimQueue@@AAEXMMPAVnalGenericInstance@nalGeneric@@I@Z	src\animation\nal.cpp	2 source markers
EMPTY_OR_CAST_BODY	0x0053EEC0	?AddTouch@AnimQueue@@AAEXMMPAVnalGenericInstance@nalGeneric@@I@Z	src\animation\nal.cpp	NO_BODY
DUPLICATE_MARKER	0x0053EF50	?BlendPoses@AnimQueue@@QAEXM@Z	src\animation\nal.cpp	2 source markers
EMPTY_OR_CAST_BODY	0x0053EF50	?BlendPoses@AnimQueue@@QAEXM@Z	src\animation\nal.cpp	NO_BODY
DUPLICATE_MARKER	0x0053EF90	?GetBoneMatrices@AnimQueue@@QAEXXZ	src\animation\nal.cpp	2 source markers
EMPTY_OR_CAST_BODY	0x0053EF90	?GetBoneMatrices@AnimQueue@@QAEXXZ	src\animation\nal.cpp	NO_BODY
DUPLICATE_MARKER	0x0053EFB0	??0TempPoseStackPusher@AnimQueue@@QAE@PAVnalGenericSkeleton@nalGeneric@@@Z	src\animation\nal.cpp	2 source markers
EMPTY_OR_CAST_BODY	0x0053EFB0	??0TempPoseStackPusher@AnimQueue@@QAE@PAVnalGenericSkeleton@nalGeneric@@@Z	src\animation\nal.cpp	NO_BODY
DUPLICATE_MARKER	0x0053F090	??1TempPoseStackPusher@AnimQueue@@QAE@XZ	src\animation\nal.cpp	2 source markers
EMPTY_OR_CAST_BODY	0x0053F090	??1TempPoseStackPusher@AnimQueue@@QAE@XZ	src\animation\nal.cpp	NO_BODY
DUPLICATE_MARKER	0x00540FB0	?PlayModifier@PlayerAnimMgr@@QAEXAAVnalGenericAnim@nalGeneric@@HMMMM@Z	src\animation\nal.cpp	2 source markers
EMPTY_OR_CAST_BODY	0x00540FB0	?PlayModifier@PlayerAnimMgr@@QAEXAAVnalGenericAnim@nalGeneric@@HMMMM@Z	src\animation\nal.cpp	NO_BODY
DUPLICATE_MARKER	0x00545840	?AddGetBoneMatrices@AnimQueue@@SAHPAVDObj@@PBVnalGenericPose@nalGeneric@@PAX_N@Z	src\animation\nal.cpp	2 source markers
EMPTY_OR_CAST_BODY	0x00545840	?AddGetBoneMatrices@AnimQueue@@SAHPAVDObj@@PBVnalGenericPose@nalGeneric@@PAX_N@Z	src\animation\nal.cpp	NO_BODY
DUPLICATE_MARKER	0x005459C0	?ExecuteMatrixQueue@AnimQueue@@SAXXZ	src\animation\nal.cpp	2 source markers
EMPTY_OR_CAST_BODY	0x005459C0	?ExecuteMatrixQueue@AnimQueue@@SAXXZ	src\animation\nal.cpp	NO_BODY
DUPLICATE_MARKER	0x00545A90	?ExecuteAnimCommands@AnimQueue@@AAEXPAPAVnalGenericPose@nalGeneric@@PAV23@@Z	src\animation\nal.cpp	2 source markers
EMPTY_OR_CAST_BODY	0x00545A90	?ExecuteAnimCommands@AnimQueue@@AAEXPAPAVnalGenericPose@nalGeneric@@PAV23@@Z	src\animation\nal.cpp	NO_BODY
DUPLICATE_MARKER	0x00545C70	?GetPose@AnimQueue@@QAEXMMPAVnalGenericInstance@nalGeneric@@I@Z	src\animation\nal.cpp	2 source markers
EMPTY_OR_CAST_BODY	0x00545C70	?GetPose@AnimQueue@@QAEXMMPAVnalGenericInstance@nalGeneric@@I@Z	src\animation\nal.cpp	NO_BODY
DUPLICATE_MARKER	0x00547DC0	?PlayModifier@PlayerAnimMgr@@QAEXPBDHMMMM@Z	src\animation\nal.cpp	2 source markers
EMPTY_OR_CAST_BODY	0x00547DC0	?PlayModifier@PlayerAnimMgr@@QAEXPBDHMMMM@Z	src\animation\nal.cpp	NO_BODY
DUPLICATE_MARKER	0x0054BF00	?ExecuteAndClearAnimation@AnimQueue@@QAEXXZ	src\animation\nal.cpp	2 source markers
EMPTY_OR_CAST_BODY	0x0054BF00	?ExecuteAndClearAnimation@AnimQueue@@QAEXXZ	src\animation\nal.cpp	NO_BODY
EMPTY_OR_CAST_BODY	0x0054C1A0	?CreateState@InteractionController@@QAEPAVInteractState@@PBDW4TPakId@@@Z	src\animation\nal.cpp	NO_BODY
DUPLICATE_MARKER	0x0054FC10	?PlayAnims@InteractStateMeleeSuccess@@MAEXHM@Z	src\animation\nal.cpp	2 source markers
EMPTY_OR_CAST_BODY	0x00550080	?AlignBoatmen@RowboatMgr@@AAEXXZ	src\animation\nal.cpp	NO_BODY
DUPLICATE_MARKER	0x00550DF0	?PlayMetaAnim@InteractStateVehicleTurn@@AAEXM@Z	src\animation\nal.cpp	2 source markers
EMPTY_OR_CAST_BODY	0x00554BD0	?DecodeAnimBank@@YAXPBDPAEHW4TPakId@@PAVPakFile@@@Z	src\animation\nal.cpp	NO_BODY
DUPLICATE_MARKER	0x00556E50	?CheckActorInteraction@@YAHAAVEntity@@PBD@Z	src\game\logic\g_local.h	2 source markers
EMPTY_OR_CAST_BODY	0x00556E50	?CheckActorInteraction@@YAHAAVEntity@@PBD@Z	src\game\logic\g_local.h	NO_BODY
EMPTY_OR_CAST_BODY	0x0055E420	??0nalBasePoseBlender@@IAE@PBVnalBaseSkeleton@@@Z	src\animation\nal.cpp	EMPTY_BODY
EMPTY_OR_CAST_BODY	0x0055E4A0	??1nalInitList@@UAE@XZ	src\animation\nal.cpp	EMPTY_BODY
EMPTY_OR_CAST_BODY	0x0055E6B0	??1nalClientSceneAnim@@UAE@XZ	src\animation\nal.cpp	EMPTY_BODY
EMPTY_OR_CAST_BODY	0x0055E870	?IsType@nalGeneric@@YA_NABV?$nalGenericComponentHandle@VDir3@math@@@1@I@Z	src\animation\nal.cpp	NO_BODY
EMPTY_OR_CAST_BODY	0x0055E890	?IsType@nalGeneric@@YA_NABV?$nalGenericComponentHandle@VnalPositionOrientation@@@1@I@Z	src\animation\nal.cpp	NO_BODY
EMPTY_OR_CAST_BODY	0x0055EA20	??0nalClientSceneAnim@@QAE@XZ	src\animation\nal.cpp	EMPTY_BODY
EMPTY_OR_CAST_BODY	0x0055ECE0	??1?$nalComponent@VnalComponentBase@@VCODNoteData@@VCODNoteTrack@@@@MAE@XZ	src\animation\nal.cpp	EMPTY_BODY
DUPLICATE_MARKER	0x0055F280	?Setup@nalAnimState@AnimationPlayer@@QAEXPAVnalGenericAnim@nalGeneric@@PAVnalGenericSkeleton@4@MPAVnalPlayMethod@2@MPAVnalAnimCallback@2@MM@Z	src\animation\nal.cpp	2 source markers
EMPTY_OR_CAST_BODY	0x0055F280	?Setup@nalAnimState@AnimationPlayer@@QAEXPAVnalGenericAnim@nalGeneric@@PAVnalGenericSkeleton@4@MPAVnalPlayMethod@2@MPAVnalAnimCallback@2@MM@Z	src\animation\nal.cpp	NO_BODY
DUPLICATE_MARKER	0x0055F3A0	?Setup@nalPartialAnimState@AnimationPlayer@@QAEXPAVnalGenericAnim@nalGeneric@@PAVnalGenericSkeleton@4@W4AnimationPlayerModifierType@2@MIMMPAVnalPlayMethod@2@MPAVnalAnimCallback@2@MM@Z	src\animation\nal.cpp	2 source markers
EMPTY_OR_CAST_BODY	0x0055F3A0	?Setup@nalPartialAnimState@AnimationPlayer@@QAEXPAVnalGenericAnim@nalGeneric@@PAVnalGenericSkeleton@4@W4AnimationPlayerModifierType@2@MIMMPAVnalPlayMethod@2@MPAVnalAnimCallback@2@MM@Z	src\animation\nal.cpp	NO_BODY
DUPLICATE_MARKER	0x0055F510	?Play@AnimationPlayer@@QAEXPAVnalGenericAnim@nalGeneric@@_NMPAVnalPlayMethod@1@MPAVnalAnimCallback@1@MM@Z	src\animation\nal.cpp	2 source markers
EMPTY_OR_CAST_BODY	0x0055F510	?Play@AnimationPlayer@@QAEXPAVnalGenericAnim@nalGeneric@@_NMPAVnalPlayMethod@1@MPAVnalAnimCallback@1@MM@Z	src\animation\nal.cpp	NO_BODY
DUPLICATE_MARKER	0x0055F730	?SetSpeed@AnimationPlayer@@QAEXPAVnalGenericAnim@nalGeneric@@M@Z	src\animation\nal.cpp	2 source markers
EMPTY_OR_CAST_BODY	0x0055F730	?SetSpeed@AnimationPlayer@@QAEXPAVnalGenericAnim@nalGeneric@@M@Z	src\animation\nal.cpp	NO_BODY
DUPLICATE_MARKER	0x0055F7A0	?PlayModifier@AnimationPlayer@@QAEXPAVnalGenericAnim@nalGeneric@@W4AnimationPlayerModifierType@1@MI_NMMPAVnalPlayMethod@1@MPAVnalAnimCallback@1@MM@Z	src\animation\nal.cpp	2 source markers
EMPTY_OR_CAST_BODY	0x0055F7A0	?PlayModifier@AnimationPlayer@@QAEXPAVnalGenericAnim@nalGeneric@@W4AnimationPlayerModifierType@1@MI_NMMPAVnalPlayMethod@1@MPAVnalAnimCallback@1@MM@Z	src\animation\nal.cpp	NO_BODY
DUPLICATE_MARKER	0x0055FB90	??0InteractMetaAnimInstance@@QAE@PAV?$nalAnimClass@VnalAnyPose@@@@0PAVnalBaseSkeleton@@@Z	src\animation\nal.cpp	2 source markers
EMPTY_OR_CAST_BODY	0x0055FB90	??0InteractMetaAnimInstance@@QAE@PAV?$nalAnimClass@VnalAnyPose@@@@0PAVnalBaseSkeleton@@@Z	src\animation\nal.cpp	NO_BODY
DUPLICATE_MARKER	0x0055FD70	??1InteractMetaAnimInstance@@UAE@XZ	src\animation\nal.cpp	2 source markers
EMPTY_OR_CAST_BODY	0x0055FD70	??1InteractMetaAnimInstance@@UAE@XZ	src\animation\nal.cpp	NO_BODY
DUPLICATE_MARKER	0x0055FDE0	??0InteractMetaAnimData@@QAE@XZ	src\animation\nal.cpp	2 source markers
EMPTY_OR_CAST_BODY	0x0055FDE0	??0InteractMetaAnimData@@QAE@XZ	src\animation\nal.cpp	NO_BODY
DUPLICATE_MARKER	0x0055FEB0	??0InteractionQueueEntry@InteractionController@@QAE@XZ	src\animation\nal.cpp	2 source markers
DUPLICATE_MARKER	0x00560220	??1CODNoteTrack@@UAE@XZ	src\animation\nal.cpp	2 source markers
EMPTY_OR_CAST_BODY	0x00560220	??1CODNoteTrack@@UAE@XZ	src\animation\nal.cpp	NO_BODY
EMPTY_OR_CAST_BODY	0x00560560	??0?$nalComponent@VnalComponentBase@@VCODNoteData@@VCODNoteTrack@@@@IAE@XZ	src\animation\nal.cpp	EMPTY_BODY
DUPLICATE_MARKER	0x005614F0	??0CODNoteTrack@@QAE@W4nalRegisterKey@@@Z	src\animation\nal.cpp	2 source markers
EMPTY_OR_CAST_BODY	0x005614F0	??0CODNoteTrack@@QAE@W4nalRegisterKey@@@Z	src\animation\nal.cpp	NO_BODY
DUPLICATE_MARKER	0x005615E0	?VirtualAdvanceAnimComponentData@CODNoteTrack@@UBEXAAPBX@Z	src\animation\nal.cpp	2 source markers
EMPTY_OR_CAST_BODY	0x005615E0	?VirtualAdvanceAnimComponentData@CODNoteTrack@@UBEXAAPBX@Z	src\animation\nal.cpp	NO_BODY
DUPLICATE_MARKER	0x00561630	??0SceneAnimClient@@QAE@PBVnalSceneAnim@@ABVtlFixedString@@MM@Z	src\animation\nal.cpp	2 source markers
EMPTY_OR_CAST_BODY	0x00561630	??0SceneAnimClient@@QAE@PBVnalSceneAnim@@ABVtlFixedString@@MM@Z	src\animation\nal.cpp	NO_BODY
DUPLICATE_MARKER	0x005619A0	??1SceneAnimClient@@UAE@XZ	src\animation\nal.cpp	2 source markers
EMPTY_OR_CAST_BODY	0x005619A0	??1SceneAnimClient@@UAE@XZ	src\animation\nal.cpp	NO_BODY
EMPTY_OR_CAST_BODY	0x00563EB0	??1XAnimUpdateTask@@UAE@XZ	src\animation\nal.cpp	EMPTY_BODY
EMPTY_OR_CAST_BODY	0x00563EF0	??1AnimationUpdateTask@@UAE@XZ	src\animation\nal.cpp	EMPTY_BODY
EMPTY_OR_CAST_BODY	0x00564610	?ApplyDifficulty@StubData@@QAEXXZ	src\game\shell\stub_data.cpp	EMPTY_BODY
EMPTY_OR_CAST_BODY	0x00567CF0	??1IGOCompassWidget@@UAE@XZ	src\game\shell\igo_widgets.cpp	EMPTY_BODY
EMPTY_OR_CAST_BODY	0x005689A0	?UpdateVehcile@IGOCompassWidget@@AAEXXZ	src\game\shell\igo_widgets.cpp	EMPTY_BODY
EMPTY_OR_CAST_BODY	0x00568F90	??1IGOHeadIcons@@UAE@XZ	src\game\shell\igo_widgets.cpp	EMPTY_BODY
EMPTY_OR_CAST_BODY	0x005691D0	??1IGOItemIcons@@UAE@XZ	src\game\shell\igo_widgets.cpp	EMPTY_BODY
EMPTY_OR_CAST_BODY	0x0056AC00	?FattenMeForPS2@PanelQuad@@QAEXXZ	src\game\shell\panel_file.cpp	EMPTY_BODY
EMPTY_OR_CAST_BODY	0x0056AC10	?FattenMeForGC@PanelQuad@@QAEXXZ	src\game\shell\panel_file.cpp	EMPTY_BODY
EMPTY_OR_CAST_BODY	0x0056ADC0	?PreMashFixup@PanelFile@@QAEXXZ	src\game\shell\panel_file.cpp	EMPTY_BODY
EMPTY_OR_CAST_BODY	0x0056B440	?init_manager@movie_manager@@SAXXZ	src\game\shell\movie.cpp	EMPTY_BODY
EMPTY_OR_CAST_BODY	0x0056E850	?Init@InGameOptionsMenu@@UAEXXZ	src\game\shell\options.cpp	EMPTY_BODY
EMPTY_OR_CAST_BODY	0x0056F0C0	?LoadFonts@FEManager@@QAEXXZ	src\game\shell\fe_manager.cpp	EMPTY_BODY
EMPTY_OR_CAST_BODY	0x0056F0D0	?ReleaseFonts@FEManager@@QAEXXZ	src\game\shell\fe_manager.cpp	EMPTY_BODY
EMPTY_OR_CAST_BODY	0x0056FA20	?PrepareLoadingMenus@FEManager@@QAEXXZ	src\game\shell\fe_manager.cpp	EMPTY_BODY
EMPTY_OR_CAST_BODY	0x005721C0	?SetInitialMenu@FrontEndMenuSystem@@QAEXXZ	src\game\shell\fe_menu_system.cpp	EMPTY_BODY
EMPTY_OR_CAST_BODY	0x00572BF0	?Draw@DialogMenu@@UAEXXZ	src\game\shell\dialog_menu.cpp	EMPTY_BODY
EMPTY_OR_CAST_BODY	0x00572F90	?UpdateSplitScreen@DialogMenu@@UAEXXZ	src\game\shell\dialog_menu.cpp	EMPTY_BODY
EMPTY_OR_CAST_BODY	0x00574490	?SetErrorMessage@ControllerDisconnectedMenu@@QAEXXZ	src\game\shell\menu_misc.cpp	EMPTY_BODY
EMPTY_OR_CAST_BODY	0x00575C60	?format@GameSettings@@QAEXXZ	src\game\shell\game_settings.cpp	EMPTY_BODY
DUPLICATE_MARKER	0x00598D70	?Init@IGOVoteWidget@@UAEXPAVPanelFile@@@Z	src\game\shell\igo_widgets.cpp	2 source markers
DUPLICATE_MARKER	0x005AD690	?SetPeriod@FETextFlashInfo@@QAEXM@Z	src\game\shell\fe_text.cpp	2 source markers
EMPTY_OR_CAST_BODY	0x005ADFD0	??1PanelMaterial@@QAE@XZ	src\game\shell\broc_shell.cpp	EMPTY_BODY
EMPTY_OR_CAST_BODY	0x005AE2A0	??0PanelQuadFader@@QAE@XZ	src\game\shell\broc_shell.cpp	EMPTY_BODY
EMPTY_OR_CAST_BODY	0x005AEA00	??0PanelFileUser@@QAE@XZ	src\game\shell\fe_menu.cpp	EMPTY_BODY
EMPTY_OR_CAST_BODY	0x005AEA40	??0IGOWidget@@QAE@H@Z	src\game\shell\broc_shell.cpp	EMPTY_BODY
EMPTY_OR_CAST_BODY	0x005AEB30	??0IGOMapObject@@QAE@XZ	src\game\shell\broc_shell.cpp	EMPTY_BODY
DUPLICATE_MARKER	0x005AED20	?GetLMGKey@IGOFrontEnd@@QAEPBDXZ	src\game\shell\igo_widgets.cpp	2 source markers
DUPLICATE_MARKER	0x005AEDE0	?SetHighLight@DialogMenu@@QAEXH@Z	src\game\shell\dialog_menu.cpp	2 source markers
EMPTY_OR_CAST_BODY	0x005AF040	??0sTime@knet@kuju@@QAE@J@Z	src\game\platform_xbox\MPLiveEngine.cpp	EMPTY_BODY
DUPLICATE_MARKER	0x005AF910	?UpdateSplitScreen@InGameOptionsMenu@@UAEXXZ	src\game\shell\options.cpp	2 source markers
EMPTY_OR_CAST_BODY	0x005B6A10	??0SE_Entry_s@@QAE@XZ	src\game\shell\string_ed.cpp	EMPTY_BODY
EMPTY_OR_CAST_BODY	0x005B6A70	??1SE_Entry_s@@QAE@XZ	src\game\shell\string_ed.cpp	EMPTY_BODY
EMPTY_OR_CAST_BODY	0x005B7790	?Init@FEMultiMenu@@UAEXXZ	src\game\shell\menu_misc.cpp	EMPTY_BODY
EMPTY_OR_CAST_BODY	0x005B7910	?Init@MemCardCheckMenu@@UAEXXZ	src\game\shell\profile.cpp	EMPTY_BODY
EMPTY_OR_CAST_BODY	0x005B7920	?Init@OptionsGameplayMenu@@UAEXXZ	src\game\shell\options.cpp	EMPTY_BODY
EMPTY_OR_CAST_BODY	0x005B7A90	?Init@OptionsControlsMenu@@UAEXXZ	src\game\shell\options.cpp	EMPTY_BODY
EMPTY_OR_CAST_BODY	0x005B7AC0	?Init@OptionsSoundMenu@@UAEXXZ	src\game\shell\options.cpp	EMPTY_BODY
EMPTY_OR_CAST_BODY	0x005B7AF0	?Init@OptionsStickMenu@@UAEXXZ	src\game\shell\options.cpp	EMPTY_BODY
EMPTY_OR_CAST_BODY	0x005B7B40	?Init@OptionsButtonMenu@@UAEXXZ	src\game\shell\options.cpp	EMPTY_BODY
EMPTY_OR_CAST_BODY	0x005B7B90	?Init@GammaScreenMenu@@UAEXXZ	src\game\shell\options.cpp	EMPTY_BODY
EMPTY_OR_CAST_BODY	0x005B7BC0	?Init@LoadingMenu@@UAEXXZ	src\game\shell\loading_menu.cpp	EMPTY_BODY
EMPTY_OR_CAST_BODY	0x005B7BD0	?Init@ControllerDisconnectedMenu@@UAEXXZ	src\game\shell\menu_misc.cpp	EMPTY_BODY
EMPTY_OR_CAST_BODY	0x005B7BF0	?Init@ProfileMainMenu@@UAEXXZ	src\game\shell\profile.cpp	EMPTY_BODY
EMPTY_OR_CAST_BODY	0x005B7C40	?Init@ProfileEditMenu@@UAEXXZ	src\game\shell\profile.cpp	EMPTY_BODY
EMPTY_OR_CAST_BODY	0x005B8190	??0DefaultPanelQuad@@QAE@PAD@Z	src\game\shell\panel_file.cpp	EMPTY_BODY
EMPTY_OR_CAST_BODY	0x005B81C0	?Draw@DefaultPanelQuad@@UAEXXZ	src\game\shell\panel_file.cpp	EMPTY_BODY
EMPTY_OR_CAST_BODY	0x005B8530	?Init@VKMenu@@UAEXXZ	src\game\shell\vk_menu.cpp	EMPTY_BODY
EMPTY_OR_CAST_BODY	0x005B8BC0	?Init@OverlayMenuBase@@UAEXXZ	src\game\mpshell\session_menus.cpp	EMPTY_BODY
EMPTY_OR_CAST_BODY	0x005BBC50	?Init@MemCount@@YAXXZ	src\game\logic\g_scr.cpp	EMPTY_BODY
EMPTY_OR_CAST_BODY	0x005BBC60	?RenderTotals@MemCount@@YAXXZ	src\game\logic\g_scr.cpp	EMPTY_BODY
EMPTY_OR_CAST_BODY	0x005BBC70	?ReportTotals@MemCount@@YAXXZ	src\game\logic\g_scr.cpp	EMPTY_BODY
EMPTY_OR_CAST_BODY	0x005BBC90	?CheckForMapChangeLeaks@MemCount@@YAXXZ	src\game\logic\g_scr.cpp	EMPTY_BODY
EMPTY_OR_CAST_BODY	0x005BBCA0	?CheckForRoundtripLeaks@MemCount@@YAXXZ	src\game\logic\g_scr.cpp	EMPTY_BODY
EMPTY_OR_CAST_BODY	0x005BBCB0	?SetGamePhase@MemCount@@YAXW4eGamePhase@1@@Z	src\game\logic\g_scr.cpp	EMPTY_BODY
EMPTY_OR_CAST_BODY	0x005BBCC0	?SetSafeAlloc@MemCount@@YAX_N@Z	src\game\logic\g_scr.cpp	EMPTY_BODY
EMPTY_OR_CAST_BODY	0x005BC1D0	?SetDepthOfField@@YAX_NMMMM@Z	src\game\logic\g_scr.cpp	EMPTY_BODY
DUPLICATE_MARKER	0x005BC450	?SettleMapVote@BrocSys@@YAXXZ	src\game\logic\g_scr.cpp	2 source markers
EMPTY_OR_CAST_BODY	0x005BCD20	?GameSave@BrocSys@@YAXABVstring@Broc@@@Z	src\game\logic\g_scr.cpp	EMPTY_BODY
EMPTY_OR_CAST_BODY	0x005BCD30	?GameLoad@BrocSys@@YAXABVstring@Broc@@@Z	src\game\logic\g_scr.cpp	EMPTY_BODY
EMPTY_OR_CAST_BODY	0x005BCDD0	?MissionSuccess@BrocSys@@YAXABVstring@Broc@@@Z	src\game\logic\g_scr.cpp	EMPTY_BODY
EMPTY_OR_CAST_BODY	0x005BCED0	?ProfBegin@BrocSys@@YAXXZ	src\game\logic\g_scr.cpp	EMPTY_BODY
EMPTY_OR_CAST_BODY	0x005BCEE0	?ProfEnd@BrocSys@@YAXXZ	src\game\logic\g_scr.cpp	EMPTY_BODY
EMPTY_OR_CAST_BODY	0x005BCF20	?StartMemCheck@BrocSys@@YAXXZ	src\game\logic\g_scr.cpp	EMPTY_BODY
EMPTY_OR_CAST_BODY	0x005BCF30	?EndMemCheck@BrocSys@@YAXXZ	src\game\logic\g_scr.cpp	EMPTY_BODY
EMPTY_OR_CAST_BODY	0x005BD2C0	?ProfileStart@BrocSys@@YAXH@Z	src\game\logic\g_scr.cpp	EMPTY_BODY
EMPTY_OR_CAST_BODY	0x005BD2D0	?ProfileStop@BrocSys@@YAXH@Z	src\game\logic\g_scr.cpp	EMPTY_BODY
EMPTY_OR_CAST_BODY	0x005BD2E0	?ProfileSetVal@BrocSys@@YAXHH@Z	src\game\logic\g_scr.cpp	EMPTY_BODY
EMPTY_OR_CAST_BODY	0x005BD930	?SetMissionStat@BrocSys@@YAXHH@Z	src\game\logic\g_scr.cpp	EMPTY_BODY
EMPTY_OR_CAST_BODY	0x005BD940	?IncMissionStat@BrocSys@@YAXH@Z	src\game\logic\g_scr.cpp	EMPTY_BODY
EMPTY_OR_CAST_BODY	0x005BD950	?DecMissionStat@BrocSys@@YAXH@Z	src\game\logic\g_scr.cpp	EMPTY_BODY
EMPTY_OR_CAST_BODY	0x005BD980	?UpdateMissionCompletionTime@BrocSys@@YAXXZ	src\game\logic\g_scr.cpp	EMPTY_BODY
EMPTY_OR_CAST_BODY	0x005BD990	?SetPlayerWeaponUsed@BrocSys@@YAXH@Z	src\game\logic\g_scr.cpp	EMPTY_BODY
EMPTY_OR_CAST_BODY	0x005BDAF0	?EnableNanoForces@BrocSys@@YAX_N@Z	src\game\logic\g_scr.cpp	EMPTY_BODY
EMPTY_OR_CAST_BODY	0x005BE180	?Init@BrocHelper@@YAXXZ	src\game\logic\g_scr.cpp	NO_BODY
EMPTY_OR_CAST_BODY	0x005BEDF0	?AnimScripted2@BrocSys@@YAXIIABUvector@Broc@@0IABVstring@3@I_NMM@Z	src\game\logic\g_scr.cpp	EMPTY_BODY
EMPTY_OR_CAST_BODY	0x005BEEA0	?StartScriptedAnim@BrocSys@@YAXIIABUvector@Broc@@0IABVstring@3@I@Z	src\game\logic\g_scr.cpp	EMPTY_BODY
EMPTY_OR_CAST_BODY	0x005BEF90	?AddFakeFriendly@BrocSys@@YAXI_N@Z	src\game\logic\g_scr.cpp	EMPTY_BODY
EMPTY_OR_CAST_BODY	0x005BEFA0	?RemoveFakeFriendly@BrocSys@@YAXI@Z	src\game\logic\g_scr.cpp	EMPTY_BODY
EMPTY_OR_CAST_BODY	0x005BF730	?SaveCheckpoint@BrocSys@@YAXXZ	src\game\logic\g_scr.cpp	EMPTY_BODY
EMPTY_OR_CAST_BODY	0x005BF7F0	?DronesStart@BrocSys@@YAXPBD0HHHMM_N1@Z	src\game\logic\g_scr.cpp	EMPTY_BODY
EMPTY_OR_CAST_BODY	0x005BF800	?DronesStop@BrocSys@@YAXPBD@Z	src\game\logic\g_scr.cpp	EMPTY_BODY
EMPTY_OR_CAST_BODY	0x005BF810	?DronesDelete@BrocSys@@YAXPBD@Z	src\game\logic\g_scr.cpp	EMPTY_BODY
EMPTY_OR_CAST_BODY	0x005BF820	?ObjectiveHideStar@BrocSys@@YAXII@Z	src\game\logic\g_scr.cpp	CAST_ONLY
EMPTY_OR_CAST_BODY	0x005BF840	?ObjectiveHideUpdatedText@BrocSys@@YAXII@Z	src\game\logic\g_scr.cpp	CAST_ONLY
EMPTY_OR_CAST_BODY	0x005BFB20	?SetDroneScriptControl@BrocSys@@YAXI_N@Z	src\game\logic\g_scr.cpp	EMPTY_BODY
EMPTY_OR_CAST_BODY	0x005BFBE0	?SetZFog@BrocSys@@YAXMMM@Z	src\game\logic\g_scr.cpp	EMPTY_BODY
EMPTY_OR_CAST_BODY	0x005C11C0	?MPScript_SetCompassVisibilty@BrocSys@@YAXI_N@Z	src\game\logic\g_scr.cpp	EMPTY_BODY
EMPTY_OR_CAST_BODY	0x005C1A40	?UpdateNPCtoVehicleMovement@BrocSys@@YAXII@Z	src\game\logic\g_scr.cpp	EMPTY_BODY
DUPLICATE_MARKER	0x005C1A60	?Scr_EmitAnimation@@YAXPADGI@Z	src\game\logic\g_scr.cpp	2 source markers
DUPLICATE_MARKER	0x005DC170	?Execute@AeThreadManager@@QAEXM@Z	src\game\logic\g_scr.cpp	2 source markers
EMPTY_OR_CAST_BODY	0x005DCE70	?GetEntByFieldAndHash@BrocSys@@YAIHIPAIH@Z	src\game\logic\g_scr.cpp	NO_BODY
EMPTY_OR_CAST_BODY	0x005E97B0	??0hudelem@Broc@@QAE@XZ	src\broc\Broc.cpp	EMPTY_BODY
EMPTY_OR_CAST_BODY	0x005E97C0	??0hudelem@Broc@@QAE@H@Z	src\broc\Broc.cpp	EMPTY_BODY
EMPTY_OR_CAST_BODY	0x005E9960	??0Block@BackupStack@AeThread@@QAE@XZ	src\game\logic\g_scr.cpp	EMPTY_BODY
EMPTY_OR_CAST_BODY	0x005EA3E0	??0const_iterator@?$reserved_dlist@VAeThread@@@@QAE@ABViterator@1@@Z	src\game\core\core_systems.h	EMPTY_BODY
EMPTY_OR_CAST_BODY	0x005EFB10	??D?$DbLinkedHandle@VAeThreadManager@@VAeThread@@@@QBEPAVAeThread@@XZ	src\game\logic\g_scr.cpp	NO_BODY
EMPTY_OR_CAST_BODY	0x00602B90	?SetEnvironment@SoundDevice@@QAEXW4ESoundEnvironment@@@Z	src\game\logic\g_entity_misc.cpp	EMPTY_BODY
EMPTY_OR_CAST_BODY	0x00603EF0	??0SoundMediaMgr@@QAE@XZ	src\game\logic\g_entity_misc.cpp	EMPTY_BODY
EMPTY_OR_CAST_BODY	0x00603F00	??1SoundMediaMgr@@QAE@XZ	src\game\logic\g_entity_misc.cpp	EMPTY_BODY
EMPTY_OR_CAST_BODY	0x00603F10	?RegisterSounds@SoundMediaMgr@@QAEXXZ	src\game\logic\g_entity_misc.cpp	EMPTY_BODY
EMPTY_OR_CAST_BODY	0x00608EE0	??1BinFileManager@@AAE@XZ	src\game\logic\g_cm_load.cpp	EMPTY_BODY
EMPTY_OR_CAST_BODY	0x00609340	?SetTosserValues@CheckpointMgr@@QAEXXZ	src\game\logic\g_checkpoint.cpp	EMPTY_BODY
EMPTY_OR_CAST_BODY	0x0060EEE0	?DebugCurveRender@@YAXXZ	src\game\logic\g_cmd.cpp	EMPTY_BODY
EMPTY_OR_CAST_BODY	0x0060F1E0	?CleanUp@CurveManager@@UAEXXZ	src\game\logic\g_cmd.cpp	EMPTY_BODY
EMPTY_OR_CAST_BODY	0x0060F1F0	?DetachCurve@CurveManager@@QAEXPAVCurve@@@Z	src\game\logic\g_cmd.cpp	EMPTY_BODY
EMPTY_OR_CAST_BODY	0x0060F230	?Link_Init@@YAXXZ	src\game\logic\g_cmd.cpp	EMPTY_BODY
EMPTY_OR_CAST_BODY	0x0060F240	?Link_Frame@@YAXXZ	src\game\logic\g_cmd.cpp	EMPTY_BODY
EMPTY_OR_CAST_BODY	0x0060F250	?Sys_Print@@YAXPBDH@Z	src\game\logic\g_cmd.cpp	EMPTY_BODY
DUPLICATE_MARKER	0x006119F0	?ToggleRenderGeom@@YAXXZ	src\game\logic\g_q_shared.cpp	2 source markers
DUPLICATE_MARKER	0x00611A10	?ToggleRenderPerf@@YAXXZ	src\game\logic\g_q_shared.cpp	2 source markers
DUPLICATE_MARKER	0x00611A30	?ToggleGraph@@YAXXZ	src\game\logic\g_q_shared.cpp	2 source markers
DUPLICATE_MARKER	0x00611A50	?ZoomIn@@YAXXZ	src\game\logic\g_q_shared.cpp	2 source markers
DUPLICATE_MARKER	0x00611A70	?ZoomOut@@YAXXZ	src\game\logic\g_q_shared.cpp	2 source markers
EMPTY_OR_CAST_BODY	0x00611B60	?DecodeStub@@YAXPBDPAEHW4TPakId@@PAVPakFile@@@Z	src\game\logic\g_entity_misc.cpp	EMPTY_BODY
DUPLICATE_MARKER	0x00611C10	?render_brush@@YAXABUdebug_brush@@@Z	src\game\logic\g_entity_misc.cpp	2 source markers
EMPTY_OR_CAST_BODY	0x00611C10	?render_brush@@YAXABUdebug_brush@@@Z	src\game\logic\g_entity_misc.cpp	EMPTY_BODY
EMPTY_OR_CAST_BODY	0x00612470	??1EntityManager@@UAE@XZ	src\game\logic\g_entity_misc.cpp	EMPTY_BODY
DUPLICATE_MARKER	0x006146F0	?BG_CheckProne@@YAHV?$DbLinkedHandle@VEntityHandleDb@@VEntity@@@@ABVPosition3@math@@MMMPAM22HHABVDir3@3@P6AXPAUtrace_t@@1111ABUcollision_context_t@@@Z6P6AH15@ZW4proneCheckType_t@@M@Z	src\game\logic\g_bg_pmove.cpp	2 source markers
DUPLICATE_MARKER	0x00615B20	?filter@ai_collision_context_t@@UBE_NPAVEntity@@@Z	src\game\logic\g_bg_pmove.cpp	2 source markers
EMPTY_OR_CAST_BODY	0x006180F0	?SceneEntityWasDeletedBeforeCheckpoint@CheckpointMgr@@QAE_NPAVSceneEntity@@PAVSceneBank@@@Z	src\game\logic\g_checkpoint.cpp	NO_BODY
DUPLICATE_MARKER	0x0061B080	?collide_brush_segment@@YA_NPAUtraceWork_t@@ABVPosition3@math@@1PBUcdlPlane@@I@Z	src\game\logic\g_cm_load.cpp	2 source markers
EMPTY_OR_CAST_BODY	0x0061EB80	?collide_segment@@YA_NABUcdl_object_t@@PBVDir3@math@@PBEGHABVPosition3@3@3AAMPAV43@PAH@Z	src\game\logic\g_cm_load.cpp	NO_BODY
DUPLICATE_MARKER	0x0061F730	?GetCmd@@YAPBVBaseCmdFuncInfo@@PBD@Z	src\game\logic\g_cmd.cpp	2 source markers
EMPTY_OR_CAST_BODY	0x0061F730	?GetCmd@@YAPBVBaseCmdFuncInfo@@PBD@Z	src\game\logic\g_cmd.cpp	NO_BODY
EMPTY_OR_CAST_BODY	0x0061F780	??1CurveManager@@AAE@XZ	src\game\logic\g_cmd.cpp	EMPTY_BODY
EMPTY_OR_CAST_BODY	0x0061F790	??1GdbFileManager@@EAE@XZ	src\game\logic\g_cm_load.cpp	EMPTY_BODY
DUPLICATE_MARKER	0x0061F7A0	?MSG_WriteString@@YAXPAUmsg_t@@PBD@Z	src\game\logic\g_msg.cpp	2 source markers
EMPTY_OR_CAST_BODY	0x0061F7A0	?MSG_WriteString@@YAXPAUmsg_t@@PBD@Z	src\game\logic\g_msg.cpp	NO_BODY
DUPLICATE_MARKER	0x0061FA60	?Com_BeginParseSession@@YAXPBD@Z	src\game\logic\g_comparse.cpp	2 source markers
EMPTY_OR_CAST_BODY	0x0061FA60	?Com_BeginParseSession@@YAXPBD@Z	src\game\logic\g_comparse.cpp	NO_BODY
DUPLICATE_MARKER	0x006205F0	?GetViewModelDObj@Entity@@QBEPBVDObj@@XZ	src\game\logic\g_entity_misc.cpp	2 source markers
EMPTY_OR_CAST_BODY	0x006205F0	?GetViewModelDObj@Entity@@QBEPBVDObj@@XZ	src\game\logic\g_entity_misc.cpp	NO_BODY
EMPTY_OR_CAST_BODY	0x006340A0	?SightTrace@@YAHHABVPosition3@math@@000PAVDCGSet@@0HHPAUsphere_t@@@Z	src\game\logic\g_cm_load.cpp	NO_BODY
EMPTY_OR_CAST_BODY	0x00636890	?SightTraceXFormed@@YAHHABVPosition3@math@@000PAVDCGSet@@H00H@Z	src\game\logic\g_cm_load.cpp	NO_BODY
EMPTY_OR_CAST_BODY	0x006389B0	?DecodeCGBank@@YAXPBDPAEHW4TPakId@@PAVPakFile@@@Z	src\game\logic\g_entity_misc.cpp	CAST_ONLY
DUPLICATE_MARKER	0x0063BCA0	?PM_trace@@YAXPAUtrace_t@@ABVPosition3@math@@111ABUcollision_context_t@@@Z	src\game\logic\g_bg_pmove.cpp	2 source markers
EMPTY_OR_CAST_BODY	0x0063BCA0	?PM_trace@@YAXPAUtrace_t@@ABVPosition3@math@@111ABUcollision_context_t@@@Z	src\game\logic\g_bg_pmove.cpp	NO_BODY
EMPTY_OR_CAST_BODY	0x0063D2B0	?PM_UpdateViewAngles@@YAXPAVPlayerState@@PAUusercmd_s@@1HP6AXPAUtrace_t@@ABVPosition3@math@@333ABUcollision_context_t@@@Z@Z	src\game\logic\g_bg_pmove.cpp	NO_BODY
EMPTY_OR_CAST_BODY	0x00641D40	?TraceXFormed@@YAXPAUtrace_t@@ABVPosition3@math@@111PAVDCGSet@@H11H@Z	src\game\logic\g_cm_load.cpp	NO_BODY
EMPTY_OR_CAST_BODY	0x0065B680	??0nglParamSet@@IAE@XZ	src\ngl\ngl_dx_core.cpp	EMPTY_BODY
EMPTY_OR_CAST_BODY	0x00661870	??1rtree_visitor_t@@QAE@XZ	src\game\logic\g_cm_load.cpp	EMPTY_BODY
EMPTY_OR_CAST_BODY	0x00663C80	??XVector4@math@@QAEABV01@ABVMat44@1@@Z	src\game\streamer\pakmanager.cpp	NO_BODY
DUPLICATE_MARKER	0x00664B90	?GetLoadTime@PakFile@@ABEMXZ	src\game\streamer\pakmanager.cpp	2 source markers
EMPTY_OR_CAST_BODY	0x00664B90	?GetLoadTime@PakFile@@ABEMXZ	src\game\streamer\pakmanager.cpp	NO_BODY
DUPLICATE_MARKER	0x00664BC0	?GetProgress@PakFile@@QBEMXZ	src\game\streamer\pakmanager.cpp	2 source markers
EMPTY_OR_CAST_BODY	0x00664BC0	?GetProgress@PakFile@@QBEMXZ	src\game\streamer\pakmanager.cpp	NO_BODY
DUPLICATE_MARKER	0x00664C30	?IsCancelOk@PakFile@@QBE_NXZ	src\game\streamer\pakmanager.cpp	2 source markers
EMPTY_OR_CAST_BODY	0x00664C30	?IsCancelOk@PakFile@@QBE_NXZ	src\game\streamer\pakmanager.cpp	NO_BODY
DUPLICATE_MARKER	0x00664C40	?CopyHeader@PakFile@@AAEXXZ	src\game\streamer\pakmanager.cpp	2 source markers
EMPTY_OR_CAST_BODY	0x00664C40	?CopyHeader@PakFile@@AAEXXZ	src\game\streamer\pakmanager.cpp	NO_BODY
DUPLICATE_MARKER	0x00664CD0	?DetermineNextFile@PakFile@@AAEXXZ	src\game\streamer\pakmanager.cpp	2 source markers
EMPTY_OR_CAST_BODY	0x00664CD0	?DetermineNextFile@PakFile@@AAEXXZ	src\game\streamer\pakmanager.cpp	NO_BODY
DUPLICATE_MARKER	0x00664E50	?GetInfo@PakFile@@QBEPBUPakInfoNode@@XZ	src\game\logic\g_entity_misc.cpp	3 source markers
DUPLICATE_MARKER	0x00664E80	?ValidateRange@PakFile@@ABEXPAX@Z	src\game\streamer\pakmanager.cpp	2 source markers
EMPTY_OR_CAST_BODY	0x00664E80	?ValidateRange@PakFile@@ABEXPAX@Z	src\game\streamer\pakmanager.cpp	NO_BODY
DUPLICATE_MARKER	0x00664EC0	?IsRequestValid@PakFile@@ABE_NAATTRequestId@@@Z	src\game\streamer\pakmanager.cpp	2 source markers
EMPTY_OR_CAST_BODY	0x00664EC0	?IsRequestValid@PakFile@@ABE_NAATTRequestId@@@Z	src\game\streamer\pakmanager.cpp	NO_BODY
DUPLICATE_MARKER	0x00664EE0	?SetRequestInvalid@PakFile@@ABEXAATTRequestId@@@Z	src\game\streamer\pakmanager.cpp	2 source markers
EMPTY_OR_CAST_BODY	0x00664EE0	?SetRequestInvalid@PakFile@@ABEXAATTRequestId@@@Z	src\game\streamer\pakmanager.cpp	NO_BODY
DUPLICATE_MARKER	0x00664EF0	?IsRequestDone@PakFile@@ABE_NAATTRequestId@@@Z	src\game\streamer\pakmanager.cpp	2 source markers
EMPTY_OR_CAST_BODY	0x00664EF0	?IsRequestDone@PakFile@@ABE_NAATTRequestId@@@Z	src\game\streamer\pakmanager.cpp	NO_BODY
DUPLICATE_MARKER	0x00665470	?MyRenderText@@YAXPBDHHABVColor@@MM@Z	src\game\streamer\pakmanager.cpp	2 source markers
EMPTY_OR_CAST_BODY	0x00665870	?NflMessage@@YAXPBD@Z	src\game\streamer\pakmanager.cpp	EMPTY_BODY
DUPLICATE_MARKER	0x00665EC0	?GetHeapUsage@PakFile@@QBEXAAH0@Z	src\game\logic\g_entity_misc.cpp	3 source markers
DUPLICATE_MARKER	0x00665F60	?CreateHeap@PakFile@@AAEPAUmem_heap@@PAEI@Z	src\game\streamer\pakmanager.cpp	2 source markers
EMPTY_OR_CAST_BODY	0x00665F60	?CreateHeap@PakFile@@AAEPAUmem_heap@@PAEI@Z	src\game\streamer\pakmanager.cpp	NO_BODY
DUPLICATE_MARKER	0x00666110	?MemFree@PakFile@@QAE_NPAX_N@Z	src\game\streamer\pakmanager.cpp	2 source markers
EMPTY_OR_CAST_BODY	0x00666110	?MemFree@PakFile@@QAE_NPAX_N@Z	src\game\streamer\pakmanager.cpp	NO_BODY
DUPLICATE_MARKER	0x006661D0	?IsInPakHeap@PakFile@@QAE_NPAX@Z	src\game\streamer\pakmanager.cpp	2 source markers
EMPTY_OR_CAST_BODY	0x006661D0	?IsInPakHeap@PakFile@@QAE_NPAX@Z	src\game\streamer\pakmanager.cpp	NO_BODY
DUPLICATE_MARKER	0x00666270	?GetSection@PakFile@@QBEPBUSection@PakHeader@@PBD@Z	src\game\streamer\pakmanager.cpp	2 source markers
EMPTY_OR_CAST_BODY	0x00666270	?GetSection@PakFile@@QBEPBUSection@PakHeader@@PBD@Z	src\game\streamer\pakmanager.cpp	NO_BODY
DUPLICATE_MARKER	0x00666320	?PakReadDataAsync@PakFile@@ABE?ATTRequestId@@PAEIII_N@Z	src\game\streamer\pakmanager.cpp	2 source markers
EMPTY_OR_CAST_BODY	0x00666320	?PakReadDataAsync@PakFile@@ABE?ATTRequestId@@PAEIII_N@Z	src\game\streamer\pakmanager.cpp	NO_BODY
DUPLICATE_MARKER	0x0066A120	?InitiateHeaderRead@PakFile@@AAEXXZ	src\game\streamer\pakmanager.cpp	2 source markers
EMPTY_OR_CAST_BODY	0x0066A120	?InitiateHeaderRead@PakFile@@AAEXXZ	src\game\streamer\pakmanager.cpp	NO_BODY
DUPLICATE_MARKER	0x0066A380	?UpdateReads@PakFile@@AAEXXZ	src\game\streamer\pakmanager.cpp	2 source markers
EMPTY_OR_CAST_BODY	0x0066A380	?UpdateReads@PakFile@@AAEXXZ	src\game\streamer\pakmanager.cpp	NO_BODY
DUPLICATE_MARKER	0x0066A790	?IsNextFileReady@PakFile@@AAE_NXZ	src\game\streamer\pakmanager.cpp	2 source markers
EMPTY_OR_CAST_BODY	0x0066A790	?IsNextFileReady@PakFile@@AAE_NXZ	src\game\streamer\pakmanager.cpp	NO_BODY
DUPLICATE_MARKER	0x0066A900	?RenderDebug@PakFile@@ABEXXZ	src\game\streamer\pakmanager.cpp	2 source markers
EMPTY_OR_CAST_BODY	0x0066A900	?RenderDebug@PakFile@@ABEXXZ	src\game\streamer\pakmanager.cpp	NO_BODY
DUPLICATE_MARKER	0x0066AFF0	?AddHeap@PakFile@@QAEXPAEI@Z	src\game\streamer\pakmanager.cpp	2 source markers
EMPTY_OR_CAST_BODY	0x0066AFF0	?AddHeap@PakFile@@QAEXPAEI@Z	src\game\streamer\pakmanager.cpp	NO_BODY
DUPLICATE_MARKER	0x0066C770	?PrintBankUsage@@YAMPADMABUTBankAlloc@@_N@Z	src\game\streamer\pakmanager.cpp	2 source markers
EMPTY_OR_CAST_BODY	0x0066C770	?PrintBankUsage@@YAMPADMABUTBankAlloc@@_N@Z	src\game\streamer\pakmanager.cpp	NO_BODY
DUPLICATE_MARKER	0x0066E400	?SetupAllocator@PakFile@@SAXXZ	src\game\streamer\pakmanager.cpp	2 source markers
EMPTY_OR_CAST_BODY	0x0066E400	?SetupAllocator@PakFile@@SAXXZ	src\game\streamer\pakmanager.cpp	NO_BODY
DUPLICATE_MARKER	0x0066E540	?CancelLoading@PakFile@@AAEXXZ	src\game\streamer\pakmanager.cpp	2 source markers
EMPTY_OR_CAST_BODY	0x0066E540	?CancelLoading@PakFile@@AAEXXZ	src\game\streamer\pakmanager.cpp	NO_BODY
DUPLICATE_MARKER	0x0066E7C0	?BeginAsyncUnload@PakFile@@AAEXXZ	src\game\streamer\pakmanager.cpp	2 source markers
EMPTY_OR_CAST_BODY	0x0066E7C0	?BeginAsyncUnload@PakFile@@AAEXXZ	src\game\streamer\pakmanager.cpp	NO_BODY
DUPLICATE_MARKER	0x0066E860	?UnloadSerialized@PakFile@@AAEXXZ	src\game\streamer\pakmanager.cpp	2 source markers
EMPTY_OR_CAST_BODY	0x0066E860	?UnloadSerialized@PakFile@@AAEXXZ	src\game\streamer\pakmanager.cpp	NO_BODY
DUPLICATE_MARKER	0x0066E930	?CreateHeaps@PakFile@@AAEXXZ	src\game\streamer\pakmanager.cpp	2 source markers
EMPTY_OR_CAST_BODY	0x0066E930	?CreateHeaps@PakFile@@AAEXXZ	src\game\streamer\pakmanager.cpp	NO_BODY
DUPLICATE_MARKER	0x0066EE30	?DestroyHeaps@PakFile@@AAEXXZ	src\game\streamer\pakmanager.cpp	2 source markers
EMPTY_OR_CAST_BODY	0x0066EE30	?DestroyHeaps@PakFile@@AAEXXZ	src\game\streamer\pakmanager.cpp	NO_BODY
DUPLICATE_MARKER	0x006746C0	?AsyncLoad@PakFile@@QAEXVNumBanks@@@Z	src\game\streamer\pakmanager.cpp	2 source markers
EMPTY_OR_CAST_BODY	0x006746C0	?AsyncLoad@PakFile@@QAEXVNumBanks@@@Z	src\game\streamer\pakmanager.cpp	NO_BODY
DUPLICATE_MARKER	0x006747D0	?AsyncUnload@PakFile@@QAEXXZ	src\game\streamer\pakmanager.cpp	2 source markers
EMPTY_OR_CAST_BODY	0x006747D0	?AsyncUnload@PakFile@@QAEXXZ	src\game\streamer\pakmanager.cpp	NO_BODY
DUPLICATE_MARKER	0x00674810	?InitiateDataLoad@PakFile@@AAEXXZ	src\game\streamer\pakmanager.cpp	2 source markers
EMPTY_OR_CAST_BODY	0x00674810	?InitiateDataLoad@PakFile@@AAEXXZ	src\game\streamer\pakmanager.cpp	NO_BODY
DUPLICATE_MARKER	0x00675410	?AddApk@PakFile@@QAEXPAVapkFile@apk@@@Z	src\game\streamer\pakmanager.cpp	2 source markers
EMPTY_OR_CAST_BODY	0x00675410	?AddApk@PakFile@@QAEXPAVapkFile@apk@@@Z	src\game\streamer\pakmanager.cpp	NO_BODY
DUPLICATE_MARKER	0x006754A0	?ReleaseApks@PakFile@@QAEXXZ	src\game\streamer\pakmanager.cpp	2 source markers
EMPTY_OR_CAST_BODY	0x006754A0	?ReleaseApks@PakFile@@QAEXXZ	src\game\streamer\pakmanager.cpp	NO_BODY
DUPLICATE_MARKER	0x00675580	?UnloadInplace@PakFile@@AAEXXZ	src\game\streamer\pakmanager.cpp	2 source markers
EMPTY_OR_CAST_BODY	0x00675580	?UnloadInplace@PakFile@@AAEXXZ	src\game\streamer\pakmanager.cpp	NO_BODY
DUPLICATE_MARKER	0x00675630	?FinishUnload@PakFile@@AAEXXZ	src\game\streamer\pakmanager.cpp	2 source markers
EMPTY_OR_CAST_BODY	0x00675630	?FinishUnload@PakFile@@AAEXXZ	src\game\streamer\pakmanager.cpp	NO_BODY
DUPLICATE_MARKER	0x006775A0	??0PakFile@@QAE@W4EPakType@@PBDW4TPakId@@VNumBanks@@@Z	src\game\streamer\pakmanager.cpp	2 source markers
EMPTY_OR_CAST_BODY	0x006775A0	??0PakFile@@QAE@W4EPakType@@PBDW4TPakId@@VNumBanks@@@Z	src\game\streamer\pakmanager.cpp	NO_BODY
DUPLICATE_MARKER	0x00677750	?UpdateUnloading@PakFile@@AAEXXZ	src\game\streamer\pakmanager.cpp	2 source markers
EMPTY_OR_CAST_BODY	0x00677750	?UpdateUnloading@PakFile@@AAEXXZ	src\game\streamer\pakmanager.cpp	NO_BODY
DUPLICATE_MARKER	0x00677810	?SyncUnload@PakFile@@AAEXXZ	src\game\streamer\pakmanager.cpp	2 source markers
EMPTY_OR_CAST_BODY	0x00677810	?SyncUnload@PakFile@@AAEXXZ	src\game\streamer\pakmanager.cpp	NO_BODY
EMPTY_OR_CAST_BODY	0x00677830	?DecodeTexture@@YAXPBDPAEHW4TPakId@@PAVPakFile@@@Z	src\game\streamer\pakmanager.cpp	NO_BODY
EMPTY_OR_CAST_BODY	0x00677840	?DecodeFont@@YAXPBDPAEHW4TPakId@@PAVPakFile@@@Z	src\game\streamer\pakmanager.cpp	NO_BODY
DUPLICATE_MARKER	0x0067A150	?Decode@PakFile@@AAEXPBDHW4TPakId@@@Z	src\game\streamer\pakmanager.cpp	2 source markers
EMPTY_OR_CAST_BODY	0x0067A150	?Decode@PakFile@@AAEXPBDHW4TPakId@@@Z	src\game\streamer\pakmanager.cpp	NO_BODY
DUPLICATE_MARKER	0x0067A380	?UpdateLoading@PakFile@@AAEXXZ	src\game\streamer\pakmanager.cpp	2 source markers
EMPTY_OR_CAST_BODY	0x0067A380	?UpdateLoading@PakFile@@AAEXXZ	src\game\streamer\pakmanager.cpp	NO_BODY
DUPLICATE_MARKER	0x0067AD70	?Update@PakFile@@QAEXXZ	src\game\streamer\pakmanager.cpp	2 source markers
EMPTY_OR_CAST_BODY	0x0067AD70	?Update@PakFile@@QAEXXZ	src\game\streamer\pakmanager.cpp	NO_BODY
DUPLICATE_MARKER	0x00686FF0	?get_file_name@?$ae_fixed_string@$0CAA@G@@QBE?AV1@_N@Z	src\core\ae_fixed_string.h	3 source markers
EMPTY_OR_CAST_BODY	0x00686FF0	?get_file_name@?$ae_fixed_string@$0CAA@G@@QBE?AV1@_N@Z	src\core\ae_fixed_string.h	NO_BODY
EMPTY_OR_CAST_BODY	0x00687920	??ZDir3@math@@QAEABV01@ABVPosition3@1@@Z	src\core\math_types.h	NO_BODY
EMPTY_OR_CAST_BODY	0x00687A90	??0refdef_s@@QAE@XZ	src\game\cg\cg_misc.cpp	EMPTY_BODY
DUPLICATE_MARKER	0x00687AA0	?SetDofEffect@GlobalEffect@@QAEXHMMMM@Z	src\game\cg\cg_misc.cpp	2 source markers
EMPTY_OR_CAST_BODY	0x00687AA0	?SetDofEffect@GlobalEffect@@QAEXHMMMM@Z	src\game\cg\cg_misc.cpp	NO_BODY
DUPLICATE_MARKER	0x00687AF0	?SetShockedClient@GlobalEffect@@QAEXH@Z	src\game\cg\cg_misc.cpp	2 source markers
EMPTY_OR_CAST_BODY	0x00687AF0	?SetShockedClient@GlobalEffect@@QAEXH@Z	src\game\cg\cg_misc.cpp	NO_BODY
DUPLICATE_MARKER	0x00687B00	?GetPrevViewPos@Camera@@QAE?AVPosition3@math@@XZ	src\game\cg\cg_misc.cpp	2 source markers
EMPTY_OR_CAST_BODY	0x00687B00	?GetPrevViewPos@Camera@@QAE?AVPosition3@math@@XZ	src\game\cg\cg_misc.cpp	NO_BODY
EMPTY_OR_CAST_BODY	0x00688680	?CG_DrawVersion@@YAXXZ	src\game\cg\cg_draw.cpp	EMPTY_BODY
EMPTY_OR_CAST_BODY	0x00688690	?CG_DrawDebugOverlays@@YAXXZ	src\game\cg\cg_draw.cpp	EMPTY_BODY
EMPTY_OR_CAST_BODY	0x006886A0	?CG_DrawFriendOverlay@@YAXXZ	src\game\cg\cg_draw.cpp	EMPTY_BODY
EMPTY_OR_CAST_BODY	0x00688880	?UpdateAmbientColourHelper@@YAXXZ	src\game\cg\cg_misc.cpp	EMPTY_BODY
EMPTY_OR_CAST_BODY	0x00689A80	?CG_EntityEffects@@YAXPAVEntity@@@Z	src\game\cg\cg_ents.cpp	EMPTY_BODY
DUPLICATE_MARKER	0x0068A3A0	?CG_DObjUpdateInfo@@YAXPAVDObj@@@Z	src\game\cg\cg_dobj.cpp	2 source markers
EMPTY_OR_CAST_BODY	0x0068A620	?CG_SoundBlend@@YAXPAVEntity@@@Z	src\game\cg\cg_misc.cpp	EMPTY_BODY
EMPTY_OR_CAST_BODY	0x0068B8E0	?CG_AssetCache@@YAXXZ	src\game\cg\cg_main.cpp	EMPTY_BODY
EMPTY_OR_CAST_BODY	0x0068BA90	?CG_DrawObjectives@@YAXMPAM@Z	src\game\cg\cg_draw.cpp	EMPTY_BODY
EMPTY_OR_CAST_BODY	0x0068C590	?CG_ShellShockCamera@@YAXXZ	src\game\cg\cg_view.cpp	EMPTY_BODY
EMPTY_OR_CAST_BODY	0x0068C760	?CG_StartShellShock@@YAXPBUshellshock_parms_t@@HH@Z	src\game\cg\cg_view.cpp	EMPTY_BODY
EMPTY_OR_CAST_BODY	0x0068EBD0	?StopTween@Camera@@AAEXXZ	src\game\cg\cg_misc.cpp	EMPTY_BODY
EMPTY_OR_CAST_BODY	0x0068F520	?CG_SaveViewModelAnimTrees@@YAXXZ	src\game\cg\cg_weapon.cpp	EMPTY_BODY
EMPTY_OR_CAST_BODY	0x0068F530	?CG_LoadViewModelAnimTrees@@YAXXZ	src\game\cg\cg_weapon.cpp	EMPTY_BODY
EMPTY_OR_CAST_BODY	0x0068F540	?CG_SaveWeaponInfo@@YAXXZ	src\game\cg\cg_weapon.cpp	EMPTY_BODY
EMPTY_OR_CAST_BODY	0x0068F550	?CG_LoadWeaponInfo@@YAXXZ	src\game\cg\cg_weapon.cpp	EMPTY_BODY
DUPLICATE_MARKER	0x00693C10	?IsSplitScreen@View@@YA_NXZ	src\game\cg\cg_misc.cpp	2 source markers
DUPLICATE_MARKER	0x006BB5A0	??0Window@View@@QAE@MMMMMMI@Z	src\game\cg\cg_misc.cpp	2 source markers
DUPLICATE_MARKER	0x006BB6B0	?CanRunWeaponAnims@PlayerAnimMgr@@QBEHXZ	src\game\cg\cg_misc.cpp	2 source markers
EMPTY_OR_CAST_BODY	0x006BB6B0	?CanRunWeaponAnims@PlayerAnimMgr@@QBEHXZ	src\game\cg\cg_misc.cpp	NO_BODY
DUPLICATE_MARKER	0x006BB7C0	??0ADSMetaAnimInstance@@QAE@PAV?$nalAnimClass@VnalAnyPose@@@@0PAVnalBaseSkeleton@@AAM@Z	src\game\cg\cg_misc.cpp	2 source markers
EMPTY_OR_CAST_BODY	0x006BB7C0	??0ADSMetaAnimInstance@@QAE@PAV?$nalAnimClass@VnalAnyPose@@@@0PAVnalBaseSkeleton@@AAM@Z	src\game\cg\cg_misc.cpp	NO_BODY
DUPLICATE_MARKER	0x006BB940	??1ADSMetaAnimInstance@@UAE@XZ	src\game\cg\cg_misc.cpp	2 source markers
EMPTY_OR_CAST_BODY	0x006BB940	??1ADSMetaAnimInstance@@UAE@XZ	src\game\cg\cg_misc.cpp	NO_BODY
DUPLICATE_MARKER	0x006BBA40	?GetBoneName@XModelParts@@QBEPBDI@Z	src\game\cg\cg_misc.cpp	3 source markers
EMPTY_OR_CAST_BODY	0x006BBA40	?GetBoneName@XModelParts@@QBEPBDI@Z	src\game\cg\cg_misc.cpp	NO_BODY
DUPLICATE_MARKER	0x006BBC30	?GetAnimTree@AnimBank@@QAEPAVAnimTree@@PBD@Z	src\game\cg\cg_misc.cpp	2 source markers
EMPTY_OR_CAST_BODY	0x006BBC30	?GetAnimTree@AnimBank@@QAEPAVAnimTree@@PBD@Z	src\game\cg\cg_misc.cpp	NO_BODY
DUPLICATE_MARKER	0x006BBD00	?GetAnimTime@AnimationPlayer@@QAEMPAVnalGenericAnim@nalGeneric@@@Z	src\game\cg\cg_local.h	2 source markers
EMPTY_OR_CAST_BODY	0x006BBD00	?GetAnimTime@AnimationPlayer@@QAEMPAVnalGenericAnim@nalGeneric@@@Z	src\game\cg\cg_local.h	NO_BODY
DUPLICATE_MARKER	0x006BBD60	?IsPartialIdle@AnimationPlayer@@QAE_N_N@Z	src\game\cg\cg_local.h	2 source markers
EMPTY_OR_CAST_BODY	0x006BBD60	?IsPartialIdle@AnimationPlayer@@QAE_N_N@Z	src\game\cg\cg_local.h	NO_BODY
DUPLICATE_MARKER	0x006BBE00	??1GlobalEffect@@UAE@XZ	src\game\cg\cg_misc.cpp	2 source markers
EMPTY_OR_CAST_BODY	0x006BBE00	??1GlobalEffect@@UAE@XZ	src\game\cg\cg_misc.cpp	NO_BODY
DUPLICATE_MARKER	0x006BBEB0	??0ADSMetaAnimData@@QAE@XZ	src\game\cg\cg_misc.cpp	2 source markers
EMPTY_OR_CAST_BODY	0x006BBEB0	??0ADSMetaAnimData@@QAE@XZ	src\game\cg\cg_misc.cpp	NO_BODY
DUPLICATE_MARKER	0x006BBEF0	?IsDelayCreate@ADSMetaAnimData@@UAEHXZ	src\game\cg\cg_misc.cpp	2 source markers
EMPTY_OR_CAST_BODY	0x006BBEF0	?IsDelayCreate@ADSMetaAnimData@@UAEHXZ	src\game\cg\cg_misc.cpp	NO_BODY
DUPLICATE_MARKER	0x006BBF00	?VirtualGetPose@ADSMetaAnimInstance@@MAEXMMAAVnalBasePose@@ABV2@H@Z	src\game\cg\cg_misc.cpp	2 source markers
EMPTY_OR_CAST_BODY	0x006BBF00	?VirtualGetPose@ADSMetaAnimInstance@@MAEXMMAAVnalBasePose@@ABV2@H@Z	src\game\cg\cg_misc.cpp	NO_BODY
DUPLICATE_MARKER	0x006BC160	??0GlobalEffect@@QAE@H@Z	src\game\cg\cg_misc.cpp	2 source markers
EMPTY_OR_CAST_BODY	0x006BC160	??0GlobalEffect@@QAE@H@Z	src\game\cg\cg_misc.cpp	NO_BODY
DUPLICATE_MARKER	0x006BC190	?Render@GlobalEffect@@UAEXXZ	src\game\cg\cg_misc.cpp	2 source markers
EMPTY_OR_CAST_BODY	0x006BC190	?Render@GlobalEffect@@UAEXXZ	src\game\cg\cg_misc.cpp	NO_BODY
EMPTY_OR_CAST_BODY	0x006BDC10	?DObjInit@@YAXXZ	src\game\render\dobj.cpp	EMPTY_BODY
EMPTY_OR_CAST_BODY	0x006BDC20	?DObjShutdown@@YAXXZ	src\game\render\dobj.cpp	EMPTY_BODY
DUPLICATE_MARKER	0x006BDF70	?DObjGetAllocSkelSize@@YAHPAVDObj@@@Z	src\game\cg\cg_dobj.cpp	2 source markers
DUPLICATE_MARKER	0x006BE320	?GetMat@DObj@@QAEABVMat43@math@@H@Z	src\game\cg\cg_misc.cpp	2 source markers
EMPTY_OR_CAST_BODY	0x006BED00	?R_PerformanceCounters@@YAXXZ	src\game\render\r_stubs.cpp	EMPTY_BODY
EMPTY_OR_CAST_BODY	0x006BED20	?R_SyncRenderThread@@YAXXZ	src\game\render\r_stubs.cpp	EMPTY_BODY
EMPTY_OR_CAST_BODY	0x006BF020	?RE_SaveScreen@@YAXXZ	src\game\render\r_stubs.cpp	EMPTY_BODY
EMPTY_OR_CAST_BODY	0x006BFFB0	?R_InitFreeType@@YAXXZ	src\game\render\re_quad.cpp	EMPTY_BODY
EMPTY_OR_CAST_BODY	0x006BFFC0	?R_DoneFreeType@@YAXXZ	src\game\render\re_quad.cpp	EMPTY_BODY
EMPTY_OR_CAST_BODY	0x006C04D0	?R_LevelShot@@YAXXZ	src\game\render\screenshot.cpp	EMPTY_BODY
EMPTY_OR_CAST_BODY	0x006C0540	?R_SetNVFogMode@@YAXXZ	src\game\render\tr_gl.cpp	EMPTY_BODY
EMPTY_OR_CAST_BODY	0x006C0550	?GL_SetDefaultState@@YAXXZ	src\game\render\tr_gl.cpp	EMPTY_BODY
EMPTY_OR_CAST_BODY	0x006C0560	?R_VboRefresh_f@@YAXXZ	src\game\render\tr_gl.cpp	EMPTY_BODY
EMPTY_OR_CAST_BODY	0x006C06A0	?RE_EndRegistration@@YAXXZ	src\game\render\tr_gl.cpp	EMPTY_BODY
EMPTY_OR_CAST_BODY	0x006C0850	?R_FogOff@@YAXXZ	src\game\render\tr_fog.cpp	EMPTY_BODY
EMPTY_OR_CAST_BODY	0x006C0860	?R_FogOn@@YAXXZ	src\game\render\tr_fog.cpp	EMPTY_BODY
EMPTY_OR_CAST_BODY	0x006C0870	?R_SetFogColor@@YAXXZ	src\game\render\tr_fog.cpp	EMPTY_BODY
DUPLICATE_MARKER	0x006C2F80	?apsInitParticleMemory@@YAXH_N@Z	src\game\cg\cg_misc.cpp	2 source markers
EMPTY_OR_CAST_BODY	0x006D3CF0	?UpdateLights@@YAXM@Z	src\game\render\tr_fx2.cpp	NO_BODY
EMPTY_OR_CAST_BODY	0x006DA0C0	?GetLightInfoAtPosition@ApsGameClient@@UAE_NABVDir3@math@@AAULightInfo@apsLight@@@Z	src\game\render\tr_fx2.cpp	NO_BODY
DUPLICATE_MARKER	0x006E6BF0	?TimeGameAdvanceEnd@TimerRenderBars@@QAEXXZ	src\game\logic\g_local.h	2 source markers
EMPTY_OR_CAST_BODY	0x006E6BF0	?TimeGameAdvanceEnd@TimerRenderBars@@QAEXXZ	src\game\logic\g_local.h	NO_BODY
EMPTY_OR_CAST_BODY	0x006F1EC0	?comp_aabb@phys_gjk_geom_list@@QAEXABVMat43@math@@@Z	src\game\physics\g_physics.cpp	NO_BODY
EMPTY_OR_CAST_BODY	0x006F42C0	?set@bone_mass_info@@QAEXHHMMMABVPosition3@math@@HMMMHHW4joint_type_e@1@MMABVDir3@3@222M@Z	src\game\physics\g_physics.cpp	NO_BODY
EMPTY_OR_CAST_BODY	0x006F45F0	?debug_render@biped_system@@QAEXXZ	src\game\physics\g_physics.cpp	EMPTY_BODY
EMPTY_OR_CAST_BODY	0x006F6AC0	?absolutely_fatal_irrecoverable_error_infinite_loop@@YAXXZ	src\game\physics\g_physics.cpp	NO_BODY
EMPTY_OR_CAST_BODY	0x006FBD50	?calc_bounding_sphere@rigid_body_sphere_list@@AAEXXZ	src\game\physics\g_physics.cpp	NO_BODY
EMPTY_OR_CAST_BODY	0x006FEDB0	?create_gjk_geom@gjk_geom_database@@QAEPAVphys_gjk_geom_list@@PAVEntity@@@Z	src\game\physics\g_physics.cpp	NO_BODY
DUPLICATE_MARKER	0x006FF680	?unpack@@YAXABUcdl_vinfo_t@@ABV?$cdl_array@Uvi4@@@@PAVDir3@math@@@Z	src\game\logic\g_winding.cpp	2 source markers
DUPLICATE_MARKER	0x00719260	?create@phys_gjk_geom_list@@SAPAV1@XZ	src\game\physics\g_physics.cpp	2 source markers
EMPTY_OR_CAST_BODY	0x0071ABE0	??0?$phys_inplace_avl_tree@Vrigid_body_pair_key@@Vprop_collide_callback@@@@QAE@XZ	src\game\physics\g_physics.cpp	EMPTY_BODY
EMPTY_OR_CAST_BODY	0x0071F520	?Sys_InitStreamThread@@YAXXZ	src\game\platform_xbox\GameXbox.cpp	EMPTY_BODY
EMPTY_OR_CAST_BODY	0x0071F530	?Sys_ShutdownStreamThread@@YAXXZ	src\game\platform_xbox\GameXbox.cpp	EMPTY_BODY
EMPTY_OR_CAST_BODY	0x0071F6C0	?Sys_LoadingKeepAlive@@YAXXZ	src\game\platform_xbox\GameXbox.cpp	EMPTY_BODY
EMPTY_OR_CAST_BODY	0x00721DB0	?Init@XboxLiveOptionsMenu@@UAEXXZ	src\game\platform_xbox\XboxLiveMenus.cpp	EMPTY_BODY
EMPTY_OR_CAST_BODY	0x00721F50	?ButtonHeldAction@XboxLiveOptionsMenu@@MAEXXZ	src\game\platform_xbox\XboxLiveMenus.cpp	EMPTY_BODY
DUPLICATE_MARKER	0x0072A9D0	?TimeGameAdvanceBegin@TimerRenderBars@@QAEXXZ	src\game\logic\g_local.h	2 source markers
EMPTY_OR_CAST_BODY	0x0072BDE0	??1cVoiceNetworkManager@knetuser@kuju@@UAE@XZ	src\game\mp\mp_basic.cpp	EMPTY_BODY
EMPTY_OR_CAST_BODY	0x0072C4A0	?HandleDiscError@MultiplayerMgr@@QAEXXZ	src\game\mp\mp_basic.cpp	EMPTY_BODY
DUPLICATE_MARKER	0x0072DFF0	?FreeEntity@?A0x26f4efd5@@YAXPAVEntity@@@Z	src\game\mp\mp_basic.cpp	2 source markers
EMPTY_OR_CAST_BODY	0x0072E190	??1MPVehicle@@QAE@XZ	src\game\mp\mp_basic.cpp	EMPTY_BODY
EMPTY_OR_CAST_BODY	0x0072F250	?DecodeAnimMatrix@@YAXPBDPAEHW4TPakId@@PAVPakFile@@@Z	src\game\mp\mp_basic.cpp	NO_BODY
DUPLICATE_MARKER	0x0072F480	?IsOnlineGame@MPUIInterface@@SA?B_NXZ	src\game\mp\mp_basic.cpp	2 source markers
EMPTY_OR_CAST_BODY	0x007348B0	??1cVoiceManager@kvoicemanager@kuju@@UAE@XZ	src\game\mp\mp_basic.cpp	EMPTY_BODY
DUPLICATE_MARKER	0x00735FF0	?IsValid@MPPlayer@@QBE_NXZ	src\game\mp\mp_basic.cpp	2 source markers
EMPTY_OR_CAST_BODY	0x0073DA50	??0MPGameInfo@@QAE@IABUXNKID@@ABUXNKEY@@V?$bdReference@VbdCommonAddr@@@@@Z	src\game\mp\mp_basic.cpp	EMPTY_BODY
EMPTY_OR_CAST_BODY	0x0073DFF0	??8MPGameInfo@@QBE_NABV0@@Z	src\game\mp\mp_basic.cpp	NO_BODY
DUPLICATE_MARKER	0x007401E0	?GetPlayerName@MultiplayerMgr@@QBEPBDPBVEntity@@@Z	src\game\cg\cg_messages.cpp	2 source markers
DUPLICATE_MARKER	0x00755140	?FindItem@MPPlayerItems@@QAEPAVEntity@@W4EDroppedItemTypes@@F@Z	src\game\mp\mp_basic.cpp	2 source markers
DUPLICATE_MARKER	0x00775040	?SetModifierFrame@AnimationPlayer@@QAEXIM@Z	src\animation\nal.cpp	2 source markers
EMPTY_OR_CAST_BODY	0x00775040	?SetModifierFrame@AnimationPlayer@@QAEXIM@Z	src\animation\nal.cpp	NO_BODY
DUPLICATE_MARKER	0x00775080	?SetModifierType@AnimationPlayer@@QAEXIW4AnimationPlayerModifierType@1@@Z	src\animation\nal.cpp	2 source markers
EMPTY_OR_CAST_BODY	0x00775080	?SetModifierType@AnimationPlayer@@QAEXIW4AnimationPlayerModifierType@1@@Z	src\animation\nal.cpp	NO_BODY
DUPLICATE_MARKER	0x007750C0	?StopAnims@AnimationPlayer@@QAEXXZ	src\animation\nal.cpp	2 source markers
EMPTY_OR_CAST_BODY	0x007750C0	?StopAnims@AnimationPlayer@@QAEXXZ	src\animation\nal.cpp	NO_BODY
DUPLICATE_MARKER	0x00775190	?SetModifierCallback@AnimationPlayer@@QAEXIPAVnalAnimCallback@1@@Z	src\animation\nal.cpp	2 source markers
EMPTY_OR_CAST_BODY	0x00775190	?SetModifierCallback@AnimationPlayer@@QAEXIPAVnalAnimCallback@1@@Z	src\animation\nal.cpp	NO_BODY
DUPLICATE_MARKER	0x007752A0	?GetModifierAnim@AnimationPlayer@@QAEPAVnalGenericAnim@nalGeneric@@I@Z	src\animation\nal.cpp	2 source markers
EMPTY_OR_CAST_BODY	0x007752A0	?GetModifierAnim@AnimationPlayer@@QAEPAVnalGenericAnim@nalGeneric@@I@Z	src\animation\nal.cpp	NO_BODY
DUPLICATE_MARKER	0x007752E0	?PlayModifier@AnimationPlayer@@QAEXPAVnalGenericAnim@nalGeneric@@MI@Z	src\animation\nal.cpp	2 source markers
EMPTY_OR_CAST_BODY	0x007752E0	?PlayModifier@AnimationPlayer@@QAEXPAVnalGenericAnim@nalGeneric@@MI@Z	src\animation\nal.cpp	NO_BODY
DUPLICATE_MARKER	0x00775320	?PlayModifier@AnimationPlayer@@QAEXPAVnalGenericAnim@nalGeneric@@W4AnimationPlayerModifierType@1@MI@Z	src\animation\nal.cpp	2 source markers
EMPTY_OR_CAST_BODY	0x00775320	?PlayModifier@AnimationPlayer@@QAEXPAVnalGenericAnim@nalGeneric@@W4AnimationPlayerModifierType@1@MI@Z	src\animation\nal.cpp	NO_BODY
DUPLICATE_MARKER	0x007753C0	?IsIdle@AnimationPlayer@@QAE_NXZ	src\animation\nal.cpp	2 source markers
EMPTY_OR_CAST_BODY	0x007753C0	?IsIdle@AnimationPlayer@@QAE_NXZ	src\animation\nal.cpp	NO_BODY
DUPLICATE_MARKER	0x00775480	?IsIdleNonTorso@AnimationPlayer@@QAE_N_N@Z	src\animation\nal.cpp	2 source markers
EMPTY_OR_CAST_BODY	0x00775480	?IsIdleNonTorso@AnimationPlayer@@QAE_N_N@Z	src\animation\nal.cpp	NO_BODY
DUPLICATE_MARKER	0x00775580	?IsTorsoAnimPlaying@AnimationPlayer@@QAE_NXZ	src\animation\nal.cpp	2 source markers
EMPTY_OR_CAST_BODY	0x00775580	?IsTorsoAnimPlaying@AnimationPlayer@@QAE_NXZ	src\animation\nal.cpp	NO_BODY
EMPTY_OR_CAST_BODY	0x00778AE0	?OnSplitScreen@MPMainMenuXBox@@IAEXXZ	src\game\mp\MPMainMenuXBox.cpp	EMPTY_BODY
EMPTY_OR_CAST_BODY	0x00778C50	?Init@XBoxLiveIngameOptionsCOD3@@UAEXXZ	src\game\mp\MPMainMenuXBox.cpp	EMPTY_BODY
EMPTY_OR_CAST_BODY	0x00778F20	?ButtonHeldAction@XBoxLiveIngameOptionsCOD3@@MAEXXZ	src\game\mp\MPMainMenuXBox.cpp	EMPTY_BODY
EMPTY_OR_CAST_BODY	0x0077BE50	?FreeIndex@sentient_info_array@@QAEXH@Z	src\game\mpactors\ai_stubs.cpp	EMPTY_BODY
EMPTY_OR_CAST_BODY	0x0077BEA0	?G_FlushCorpses@@YAXXZ	src\game\mpactors\ai_stubs.cpp	EMPTY_BODY
EMPTY_OR_CAST_BODY	0x0077BEB0	?Actor_Pain@@YAXPAVEntity@@0HQBMH1W4hitLocation_t@@@Z	src\game\mpactors\ai_stubs.cpp	EMPTY_BODY
EMPTY_OR_CAST_BODY	0x0077BEC0	?Actor_Die@@YAXPAVEntity@@00HHHQBM1W4hitLocation_t@@@Z	src\game\mpactors\ai_stubs.cpp	EMPTY_BODY
EMPTY_OR_CAST_BODY	0x0077BED0	?Actor_EntInfo@@YAXPAVEntity@@@Z	src\game\mpactors\ai_stubs.cpp	EMPTY_BODY
EMPTY_OR_CAST_BODY	0x0077BEE0	?Actor_Touch@@YAXPAVEntity@@0H@Z	src\game\mpactors\ai_stubs.cpp	EMPTY_BODY
EMPTY_OR_CAST_BODY	0x0077BEF0	?Actor_Think@@YAXPAVEntity@@H@Z	src\game\mpactors\ai_stubs.cpp	EMPTY_BODY
EMPTY_OR_CAST_BODY	0x0077BF00	?Actor_SetDesiredBodyAngle@@YIXPAUai_orient_t@@M@Z	src\game\mpactors\ai_stubs.cpp	EMPTY_BODY
EMPTY_OR_CAST_BODY	0x0077BF10	?Actor_DissociateGrenade@@YIXPAVEntity@@@Z	src\game\mpactors\ai_stubs.cpp	EMPTY_BODY
EMPTY_OR_CAST_BODY	0x0077BF20	?Actor_HitTarget@@YAXPAUweaponParms@@QAM1@Z	src\game\mpactors\ai_stubs.cpp	EMPTY_BODY
EMPTY_OR_CAST_BODY	0x0077BF30	?Actor_MissTarget@@YAXPAUweaponParms@@QAM1@Z	src\game\mpactors\ai_stubs.cpp	EMPTY_BODY
EMPTY_OR_CAST_BODY	0x0077BF40	?Actor_KillBroAnimScriptImmediate@@YIXPAUactor_s@@@Z	src\game\mpactors\ai_stubs.cpp	EMPTY_BODY
EMPTY_OR_CAST_BODY	0x0077BF50	?Actor_DissociateEntity@@YAXPAUactor_s@@PAVEntity@@@Z	src\game\mpactors\ai_stubs.cpp	EMPTY_BODY
EMPTY_OR_CAST_BODY	0x0077BF60	?Actor_GrenadeBounced@@YIXPAVEntity@@0@Z	src\game\mpactors\ai_stubs.cpp	EMPTY_BODY
EMPTY_OR_CAST_BODY	0x0077BF70	?Actor_CanAttackAll@@YIXPAUactor_s@@@Z	src\game\mpactors\ai_stubs.cpp	EMPTY_BODY
EMPTY_OR_CAST_BODY	0x0077BF80	?G_DropActorSpawnersToFloor@@YAXXZ	src\game\mpactors\ai_stubs.cpp	EMPTY_BODY
EMPTY_OR_CAST_BODY	0x0077BF90	?Actor_OrientCorpseToGround@@YAXPAVEntity@@H@Z	src\game\mpactors\ai_stubs.cpp	EMPTY_BODY
EMPTY_OR_CAST_BODY	0x0077BFA0	?Actor_CorpseThink@@YAXPAVEntity@@H@Z	src\game\mpactors\ai_stubs.cpp	EMPTY_BODY
EMPTY_OR_CAST_BODY	0x0077BFC0	?Actor_NodeClaimRevoked@@YIXPAUactor_s@@@Z	src\game\mpactors\ai_stubs.cpp	EMPTY_BODY
EMPTY_OR_CAST_BODY	0x0077BFE0	?Actor_BroadcastPointEvent@@YIXPAVEntity@@W4ai_event_t@@HABVPosition3@math@@M@Z	src\game\mpactors\ai_stubs.cpp	EMPTY_BODY
EMPTY_OR_CAST_BODY	0x0077BFF0	?Actor_BroadcastLineEvent@@YIXPAVEntity@@W4ai_event_t@@HQBM2M@Z	src\game\mpactors\ai_stubs.cpp	EMPTY_BODY
EMPTY_OR_CAST_BODY	0x0077C000	?Actor_DissociateSentient@@YAXPAUactor_s@@PAUsentient_s@@W4team_t@@@Z	src\game\mpactors\ai_stubs.cpp	EMPTY_BODY
EMPTY_OR_CAST_BODY	0x0077C020	?ActorCorpse_Free@@YAXPAVEntity@@@Z	src\game\mpactors\ai_stubs.cpp	EMPTY_BODY
EMPTY_OR_CAST_BODY	0x0077C030	?Actor_Free@@YAXPAUactor_s@@@Z	src\game\mpactors\ai_stubs.cpp	EMPTY_BODY
EMPTY_OR_CAST_BODY	0x0077C040	?Actor_FreeExpendable@@YAXXZ	src\game\mpactors\ai_stubs.cpp	EMPTY_BODY
EMPTY_OR_CAST_BODY	0x0077C050	?G_InitActors@@YAXXZ	src\game\mpactors\ai_stubs.cpp	EMPTY_BODY
EMPTY_OR_CAST_BODY	0x0077C080	?Actor_GetCorpseAngles@@YAXV?$DbLinkedHandle@VEntityHandleDb@@VEntity@@@@HABVPosition3@math@@MPAM22@Z	src\game\mpactors\ai_stubs.cpp	EMPTY_BODY
EMPTY_OR_CAST_BODY	0x0077C0B0	?Actor_SetDefaultState@@YAXPAUactor_s@@@Z	src\game\mpactors\ai_stubs.cpp	EMPTY_BODY
EMPTY_OR_CAST_BODY	0x0077C0C0	?Actor_SetDefaults@@YAXPAUactor_s@@@Z	src\game\mpactors\ai_stubs.cpp	EMPTY_BODY
EMPTY_OR_CAST_BODY	0x0077C0D0	?Actor_FinishSpawning@@YAXPAUactor_s@@@Z	src\game\mpactors\ai_stubs.cpp	EMPTY_BODY
EMPTY_OR_CAST_BODY	0x0077C0E0	?Actor_FinishSpawningAll@@YAXXZ	src\game\mpactors\ai_stubs.cpp	EMPTY_BODY
EMPTY_OR_CAST_BODY	0x0077C0F0	?Actor_InvalidateCache@@YAXPAUactor_s@@@Z	src\game\mpactors\ai_stubs.cpp	EMPTY_BODY
EMPTY_OR_CAST_BODY	0x0077C100	?Actor_BroadcastTeamEvent@@YIXPAUsentient_s@@W4ai_event_t@@@Z	src\game\mpactors\ai_stubs.cpp	EMPTY_BODY
EMPTY_OR_CAST_BODY	0x0077C110	?Actor_GetSpreadMetric@@YAXPAUactor_s@@MPAM1PAUweaponFileInfo_t@@QAM3@Z	src\game\mpactors\ai_stubs.cpp	EMPTY_BODY
EMPTY_OR_CAST_BODY	0x0077C160	?Actor_FindPathToGoal@@YIXPAUactor_s@@MHHH@Z	src\game\mpactors\ai_stubs.cpp	EMPTY_BODY
EMPTY_OR_CAST_BODY	0x0077C180	?Actor_FlagEnemyUnattackable@@YIXPAUactor_s@@@Z	src\game\mpactors\ai_stubs.cpp	EMPTY_BODY
EMPTY_OR_CAST_BODY	0x0077C190	?Actor_FlagEnemyUnattackableForDuration@@YIXPAUactor_s@@H@Z	src\game\mpactors\ai_stubs.cpp	EMPTY_BODY
EMPTY_OR_CAST_BODY	0x0077C1A0	?Actor_ForgetEnemy@@YIXPAUactor_s@@@Z	src\game\mpactors\ai_stubs.cpp	EMPTY_BODY
EMPTY_OR_CAST_BODY	0x0077C1C0	?Actor_UpdateThreat@@YIXPAUactor_s@@H@Z	src\game\mpactors\ai_stubs.cpp	EMPTY_BODY
EMPTY_OR_CAST_BODY	0x0077C1D0	?Actor_FillWeaponParms@@YAXPAUactor_s@@PAUweaponParms@@@Z	src\game\mpactors\ai_stubs.cpp	EMPTY_BODY
EMPTY_OR_CAST_BODY	0x0077C2F0	?Actor_UpdateSight@@YIXPAUactor_s@@@Z	src\game\mpactors\ai_stubs.cpp	EMPTY_BODY
EMPTY_OR_CAST_BODY	0x0077C370	?Actor_PreThink@@YIXPAUactor_s@@H@Z	src\game\mpactors\ai_stubs.cpp	EMPTY_BODY
EMPTY_OR_CAST_BODY	0x0077C380	?Actor_PostThink@@YIXPAUactor_s@@H@Z	src\game\mpactors\ai_stubs.cpp	EMPTY_BODY
EMPTY_OR_CAST_BODY	0x0077C3C0	?Actor_SetDoingMelee@@YIXPAUactor_s@@_N@Z	src\game\mpactors\ai_stubs.cpp	EMPTY_BODY
EMPTY_OR_CAST_BODY	0x0077C3D0	?Actor_SetMeleeInteractable@@YIXPAUactor_s@@_N@Z	src\game\mpactors\ai_stubs.cpp	EMPTY_BODY
EMPTY_OR_CAST_BODY	0x0077C3E0	?Actor_SetState@@YIXPAUactor_s@@W4ai_state_e@@@Z	src\game\mpactors\ai_stubs.cpp	EMPTY_BODY
EMPTY_OR_CAST_BODY	0x0077C400	?Actor_PopState@@YIXPAUactor_s@@@Z	src\game\mpactors\ai_stubs.cpp	EMPTY_BODY
EMPTY_OR_CAST_BODY	0x0077C410	?Actor_ForceState@@YIXPAUactor_s@@W4ai_state_e@@@Z	src\game\mpactors\ai_stubs.cpp	EMPTY_BODY
EMPTY_OR_CAST_BODY	0x0077C420	?VisCache_Flush@@YIXPAUvis_cache_t@@@Z	src\game\mpactors\ai_stubs.cpp	EMPTY_BODY
EMPTY_OR_CAST_BODY	0x0077C430	?VisCache_Copy@@YIXPAUvis_cache_t@@PBU1@@Z	src\game\mpactors\ai_stubs.cpp	EMPTY_BODY
EMPTY_OR_CAST_BODY	0x0077C440	?VisCache_Update@@YIXPAUvis_cache_t@@HM@Z	src\game\mpactors\ai_stubs.cpp	EMPTY_BODY
EMPTY_OR_CAST_BODY	0x0077C450	?Actor_GetEyePosition@@YIXPAUactor_s@@QAM@Z	src\game\mpactors\ai_stubs.cpp	EMPTY_BODY
EMPTY_OR_CAST_BODY	0x0077C460	?Actor_GetEyeDirection@@YIXPAUactor_s@@QAM@Z	src\game\mpactors\ai_stubs.cpp	EMPTY_BODY
EMPTY_OR_CAST_BODY	0x0077C470	?Actor_GetEyeOffset@@YIXPAUactor_s@@QAM@Z	src\game\mpactors\ai_stubs.cpp	EMPTY_BODY
EMPTY_OR_CAST_BODY	0x0077C490	?Actor_UpdateLastKnownPos@@YIXPAUactor_s@@PAUsentient_s@@@Z	src\game\mpactors\ai_stubs.cpp	EMPTY_BODY
DUPLICATE_MARKER	0x0077C4D0	?Actor_Grenade_IsValidTrajectory@@YIHPAUactor_s@@QBM11@Z	src\game\logic\g_weapon.cpp	2 source markers
EMPTY_OR_CAST_BODY	0x0077C4F0	?Actor_InitPath@@YIXPAUactor_s@@@Z	src\game\mpactors\ai_stubs.cpp	EMPTY_BODY
EMPTY_OR_CAST_BODY	0x0077C500	?Actor_ClearPath@@YIXPAUactor_s@@@Z	src\game\mpactors\ai_stubs.cpp	EMPTY_BODY
EMPTY_OR_CAST_BODY	0x0077C510	?Actor_GetFinalPathGoal@@YIXPAUactor_s@@QAM@Z	src\game\mpactors\ai_stubs.cpp	EMPTY_BODY
EMPTY_OR_CAST_BODY	0x0077C520	?Actor_GetAnimDeltas@@YIXPAUactor_s@@QAM1@Z	src\game\mpactors\ai_stubs.cpp	EMPTY_BODY
EMPTY_OR_CAST_BODY	0x0077C530	?Actor_UpdateOriginAndAngles@@YIXPAUactor_s@@H@Z	src\game\mpactors\ai_stubs.cpp	EMPTY_BODY
EMPTY_OR_CAST_BODY	0x0077C540	?Actor_PredictOriginAndAngles@@YIXPAUactor_s@@@Z	src\game\mpactors\ai_stubs.cpp	EMPTY_BODY
EMPTY_OR_CAST_BODY	0x0077C550	?Actor_PredictAnim@@YIXPAUactor_s@@@Z	src\game\mpactors\ai_stubs.cpp	EMPTY_BODY
EMPTY_OR_CAST_BODY	0x0077C580	?Actor_CheckCollisions@@YIXPAUactor_s@@@Z	src\game\mpactors\ai_stubs.cpp	EMPTY_BODY
EMPTY_OR_CAST_BODY	0x0077C5A0	?Path_UpdateBadPlaceCount@@YAXPAXH@Z	src\game\mpactors\ai_stubs.cpp	EMPTY_BODY
EMPTY_OR_CAST_BODY	0x0077C5B0	?Path_RemoveBadPlace@@YAXABVstring@Broc@@@Z	src\game\mpactors\ai_stubs.cpp	EMPTY_BODY
EMPTY_OR_CAST_BODY	0x0077C5C0	?Path_MakeArcBadPlace@@YAXABVstring@Broc@@HHPAUBadPlaceArc@@@Z	src\game\mpactors\ai_stubs.cpp	EMPTY_BODY
EMPTY_OR_CAST_BODY	0x0077C5D0	?Path_InitBadPlaces@@YAXXZ	src\game\mpactors\ai_stubs.cpp	EMPTY_BODY
EMPTY_OR_CAST_BODY	0x0077C5E0	?Path_ShutdownBadPlaces@@YAXXZ	src\game\mpactors\ai_stubs.cpp	EMPTY_BODY
EMPTY_OR_CAST_BODY	0x0077C5F0	?Path_RunBadPlaces@@YAXXZ	src\game\mpactors\ai_stubs.cpp	EMPTY_BODY
EMPTY_OR_CAST_BODY	0x0077C610	?Actor_PostPhysics@@YAXPAUactor_physics_t@@@Z	src\game\mpactors\ai_stubs.cpp	EMPTY_BODY
EMPTY_OR_CAST_BODY	0x0077C660	?Actor_GrenadePing@@YIXPAUactor_s@@PAVEntity@@@Z	src\game\mpactors\ai_stubs.cpp	EMPTY_BODY
EMPTY_OR_CAST_BODY	0x0077C670	?Actor_Grenade_Attach@@YIXPAUactor_s@@@Z	src\game\mpactors\ai_stubs.cpp	EMPTY_BODY
EMPTY_OR_CAST_BODY	0x0077C680	?Actor_Grenade_Detach@@YIXPAUactor_s@@@Z	src\game\mpactors\ai_stubs.cpp	EMPTY_BODY
EMPTY_OR_CAST_BODY	0x0077C690	?Actor_Grenade_DropIfHeld@@YIXPAUactor_s@@@Z	src\game\mpactors\ai_stubs.cpp	EMPTY_BODY
EMPTY_OR_CAST_BODY	0x0077C6E0	?Actor_InterruptPoint@@YAXPAUactor_s@@@Z	src\game\mpactors\ai_stubs.cpp	EMPTY_BODY
EMPTY_OR_CAST_BODY	0x0077C710	?Path_Copy@@YIXPBUpath_t@@PAU1@@Z	src\game\mpactors\ai_stubs.cpp	EMPTY_BODY
EMPTY_OR_CAST_BODY	0x0077C720	?Path_Begin@@YIXPAUpath_t@@@Z	src\game\mpactors\ai_stubs.cpp	EMPTY_BODY
EMPTY_OR_CAST_BODY	0x0077C730	?Path_Clear@@YIXPAUpath_t@@@Z	src\game\mpactors\ai_stubs.cpp	EMPTY_BODY
EMPTY_OR_CAST_BODY	0x0077C790	?Path_GetObstacleNegotiationScript@@YIXPBUpath_t@@PAUscr_animscript_t@@PAM@Z	src\game\mpactors\ai_stubs.cpp	EMPTY_BODY
EMPTY_OR_CAST_BODY	0x0077C7A0	?Path_GetFinalGoal@@YIXPBUpath_t@@QAM@Z	src\game\mpactors\ai_stubs.cpp	EMPTY_BODY
EMPTY_OR_CAST_BODY	0x0077C7D0	?Actor_Shoot@@YAXPAUactor_s@@MPAY02MW4enumLastShot@@@Z	src\game\mpactors\ai_stubs.cpp	EMPTY_BODY
EMPTY_OR_CAST_BODY	0x0077C7E0	?Actor_Melee@@YAXPAUactor_s@@@Z	src\game\mpactors\ai_stubs.cpp	EMPTY_BODY
EMPTY_OR_CAST_BODY	0x0077C820	?Actor_InitMove@@YIXPAUactor_s@@@Z	src\game\mpactors\ai_stubs.cpp	EMPTY_BODY
EMPTY_OR_CAST_BODY	0x0077C830	?Actor_DoMove@@YIXPAUactor_s@@@Z	src\game\mpactors\ai_stubs.cpp	EMPTY_BODY
EMPTY_OR_CAST_BODY	0x0077C840	?Actor_UpdateProneInformation@@YIXPAUactor_s@@H@Z	src\game\mpactors\ai_stubs.cpp	EMPTY_BODY
EMPTY_OR_CAST_BODY	0x0077C850	?actor_controller@@YAXPAVEntity@@QAH@Z	src\game\mpactors\ai_stubs.cpp	EMPTY_BODY
EMPTY_OR_CAST_BODY	0x0077C860	?Actor_GetPotentialNodeList@@YIXPAUactor_s@@HQAMMMP6IH0PBUPathNode@PathNodes@@@ZP6IM02@Z@Z	src\game\mpactors\ai_stubs.cpp	EMPTY_BODY
EMPTY_OR_CAST_BODY	0x0077C8C0	?Actor_SetDesiredLookAngles@@YIXPAUai_orient_t@@MM@Z	src\game\mpactors\ai_stubs.cpp	EMPTY_BODY
EMPTY_OR_CAST_BODY	0x0077C8D0	?Actor_SetDesiredAngles@@YIXPAUai_orient_t@@MM@Z	src\game\mpactors\ai_stubs.cpp	EMPTY_BODY
EMPTY_OR_CAST_BODY	0x0077C8E0	?Actor_SetLookAngles@@YIXPAUactor_s@@MM@Z	src\game\mpactors\ai_stubs.cpp	EMPTY_BODY
EMPTY_OR_CAST_BODY	0x0077C8F0	?Actor_SetBodyAngle@@YIXPAUactor_s@@M@Z	src\game\mpactors\ai_stubs.cpp	EMPTY_BODY
EMPTY_OR_CAST_BODY	0x0077C900	?Actor_ChangeAngles@@YIXPAUactor_s@@MM@Z	src\game\mpactors\ai_stubs.cpp	EMPTY_BODY
EMPTY_OR_CAST_BODY	0x0077C910	?Actor_UpdateLookAngles@@YIXPAUactor_s@@H@Z	src\game\mpactors\ai_stubs.cpp	EMPTY_BODY
EMPTY_OR_CAST_BODY	0x0077C920	?Actor_UpdateBodyAngle@@YIXPAUactor_s@@H@Z	src\game\mpactors\ai_stubs.cpp	EMPTY_BODY
EMPTY_OR_CAST_BODY	0x0077C930	?Actor_FaceVector@@YIXPAUai_orient_t@@QBMM@Z	src\game\mpactors\ai_stubs.cpp	EMPTY_BODY
EMPTY_OR_CAST_BODY	0x0077C940	?Actor_FaceEnemy@@YIXPAUactor_s@@PAUai_orient_t@@M@Z	src\game\mpactors\ai_stubs.cpp	EMPTY_BODY
EMPTY_OR_CAST_BODY	0x0077C950	?Actor_DecideOrientation@@YIXPAUactor_s@@@Z	src\game\mpactors\ai_stubs.cpp	EMPTY_BODY
EMPTY_OR_CAST_BODY	0x0077C960	?Actor_SetOrientMode@@YIXPAUactor_s@@W4ai_orient_mode_t@@@Z	src\game\mpactors\ai_stubs.cpp	EMPTY_BODY
EMPTY_OR_CAST_BODY	0x0077C9C0	?Actor_Exposed_StartReacquire@@YAXPAUactor_s@@W4canChangeState_t@@@Z	src\game\mpactors\ai_stubs.cpp	EMPTY_BODY
EMPTY_OR_CAST_BODY	0x0077C9E0	?Actor_StopUseTurret@@YIXPAUactor_s@@@Z	src\game\mpactors\ai_stubs.cpp	EMPTY_BODY
EMPTY_OR_CAST_BODY	0x0077CA00	?Path_GetMovementDir2D@@YIXPAUpath_t@@QAM@Z	src\game\mpactors\ai_stubs.cpp	EMPTY_BODY
EMPTY_OR_CAST_BODY	0x0077CA60	?Path_AddTrimmedAmount@@YIXPAUpath_t@@QBM@Z	src\game\mpactors\ai_stubs.cpp	EMPTY_BODY
EMPTY_OR_CAST_BODY	0x0077CA70	?Path_UpdateLookahead@@YIXPAUpath_t@@QBMHH@Z	src\game\mpactors\ai_stubs.cpp	EMPTY_BODY
EMPTY_OR_CAST_BODY	0x0077CAA0	?Path_DebugDraw@@YIXPAUpath_t@@QBMH@Z	src\game\mpactors\ai_stubs.cpp	EMPTY_BODY
EMPTY_OR_CAST_BODY	0x0077CBC0	?Initialize@BadPathManager@@QAEXXZ	src\game\mpactors\ai_stubs.cpp	EMPTY_BODY
EMPTY_OR_CAST_BODY	0x0077CBD0	?SP_info_grenade_hint@@YAXPAVEntity@@@Z	src\game\mpactors\ai_stubs.cpp	EMPTY_BODY
DUPLICATE_MARKER	0x0077D020	?Sentient_GetOrigin@@YIXPBUsentient_s@@QAM@Z	src\game\logic\g_scr.cpp	2 source markers
EMPTY_OR_CAST_BODY	0x0077DCD0	?Sentient_SetEnemy@@YIXPAUsentient_s@@0H@Z	src\game\mpactors\ai_stubs.cpp	EMPTY_BODY
EMPTY_OR_CAST_BODY	0x0077E020	?Sentient_ReadGlob@@YAXXZ	src\game\mpactors\sentient.cpp	EMPTY_BODY
EMPTY_OR_CAST_BODY	0x0077E3F0	?G_FreePathnodesScriptInfo@@YAXXZ	src\game\mpactors\ai_stubs.cpp	EMPTY_BODY
EMPTY_OR_CAST_BODY	0x0077E5A0	?Path_DrawDebugNearestNode@@YAXQBMH@Z	src\game\mpactors\ai_stubs.cpp	EMPTY_BODY
EMPTY_OR_CAST_BODY	0x0077F3D0	?GetVehicleNodeIndex@PathNodeMgr@@QAEHPAUvehicle_node_t@@@Z	src\game\streamer\pakmanager.cpp	NO_BODY
EMPTY_OR_CAST_BODY	0x00780FC0	??1AITypeManager@@EAE@XZ	src\game\mpactors\aitype.cpp	EMPTY_BODY
EMPTY_OR_CAST_BODY	0x007814D0	?Path_NearestNodeNotCrossPlanes@@YAPAUPathNode@PathNodes@@QBMPAUPathSort@2@HHMQAY01MQAMHPAH@Z	src\game\mpactors\pathnode.cpp	NO_BODY
EMPTY_OR_CAST_BODY	0x00783A70	??0AITypeManager@@AAE@XZ	src\game\mpactors\aitype.cpp	EMPTY_BODY
DUPLICATE_MARKER	0x00785E90	?InitActor@AIType@@QAEXPAUactor_s@@@Z	src\game\mpactors\aitype.cpp	2 source markers
EMPTY_OR_CAST_BODY	0x0078C080	?Init@CreateSessionMenu@@UAEXXZ	src\game\mpshell\session_menus.cpp	EMPTY_BODY
EMPTY_OR_CAST_BODY	0x0078C550	?Init@CreateLanSessionMenu@@UAEXXZ	src\game\mpshell\session_menus.cpp	EMPTY_BODY
EMPTY_OR_CAST_BODY	0x0078D0F0	?Init@FindSessionMenu@@UAEXXZ	src\game\mpshell\session_menus.cpp	EMPTY_BODY
EMPTY_OR_CAST_BODY	0x0078D420	?Init@FindLanSessionMenu@@UAEXXZ	src\game\mpshell\session_menus.cpp	EMPTY_BODY
EMPTY_OR_CAST_BODY	0x0078D5A0	?Init@GameSettingsEdit@@UAEXXZ	src\game\mpshell\session_menus.cpp	EMPTY_BODY
EMPTY_OR_CAST_BODY	0x0078D7B0	?ButtonHeldAction@GameSettingsEdit@@MAEXXZ	src\game\mpshell\session_menus.cpp	EMPTY_BODY
EMPTY_OR_CAST_BODY	0x0078D990	?Init@GameSettingsView@@UAEXXZ	src\game\mpshell\session_menus.cpp	EMPTY_BODY
EMPTY_OR_CAST_BODY	0x0078E020	?ButtonHeldAction@GameSettingsView@@MAEXXZ	src\game\mpshell\session_menus.cpp	EMPTY_BODY
EMPTY_OR_CAST_BODY	0x0078F4C0	?LogonUpdate@OverlayMenu@@IAEXXZ	src\game\mpshell\session_menus.cpp	EMPTY_BODY
EMPTY_OR_CAST_BODY	0x00790D50	?Init@InGameScoreBoard@@UAEXXZ	src\game\mpshell\session_menus.cpp	EMPTY_BODY
EMPTY_OR_CAST_BODY	0x00790E90	?Init@InGameSwitchSides@@UAEXXZ	src\game\mpshell\session_menus.cpp	EMPTY_BODY
EMPTY_OR_CAST_BODY	0x00791010	?Init@AARScoreboardBase@@UAEXXZ	src\game\mpshell\session_menus.cpp	EMPTY_BODY
EMPTY_OR_CAST_BODY	0x007912E0	?Init@AARPersonalStats@@UAEXXZ	src\game\mpshell\session_menus.cpp	EMPTY_BODY
EMPTY_OR_CAST_BODY	0x00791540	?Init@AARMapVote@@UAEXXZ	src\game\mpshell\session_menus.cpp	EMPTY_BODY
EMPTY_OR_CAST_BODY	0x00791870	?Init@AARGameModeVote@@UAEXXZ	src\game\mpshell\session_menus.cpp	EMPTY_BODY
EMPTY_OR_CAST_BODY	0x00791DC0	??1AARPauseMenu@@UAE@XZ	src\game\mpshell\session_menus.cpp	EMPTY_BODY
EMPTY_OR_CAST_BODY	0x00792080	?UpdateSplitScreen@AARPauseMenu@@UAEXXZ	src\game\mpshell\session_menus.cpp	EMPTY_BODY
EMPTY_OR_CAST_BODY	0x007926E0	??1SpectateMenu@@UAE@XZ	src\game\mpshell\session_menus.cpp	EMPTY_BODY
EMPTY_OR_CAST_BODY	0x00792E70	?MI_UpdateMapList@@YAXXZ	src\game\mpshell\session_menus.cpp	EMPTY_BODY
EMPTY_OR_CAST_BODY	0x007930C0	?SwapMenus@FESplitScreenMenu@@MAEXXZ	src\game\mpshell\session_menus.cpp	EMPTY_BODY
EMPTY_OR_CAST_BODY	0x00793450	?DebugControls@ModelMenu@@IAEXXZ	src\game\mpshell\session_menus.cpp	EMPTY_BODY
EMPTY_OR_CAST_BODY	0x00793460	?DebugRender@ModelMenu@@IAEXXZ	src\game\mpshell\session_menus.cpp	EMPTY_BODY
EMPTY_OR_CAST_BODY	0x007A74B0	??1ModelMenu@@UAE@XZ	src\game\mpshell\session_menus.cpp	EMPTY_BODY
EMPTY_OR_CAST_BODY	0x007A8F30	??1AARGameSettingsView@@UAE@XZ	src\game\mpshell\session_menus.cpp	EMPTY_BODY
EMPTY_OR_CAST_BODY	0x007A9EC0	??1InGameSwitchSides@@UAE@XZ	src\game\mpshell\session_menus.cpp	EMPTY_BODY
EMPTY_OR_CAST_BODY	0x007AB850	??1PauseMenu@@UAE@XZ	src\game\mpshell\session_menus.cpp	EMPTY_BODY
EMPTY_OR_CAST_BODY	0x007B0280	??0AARScoreboardWinner@@QAE@PAVFEMenuSystem@@@Z	src\game\mpshell\session_menus.cpp	EMPTY_BODY
EMPTY_OR_CAST_BODY	0x007B02A0	??1AARScoreboardWinner@@UAE@XZ	src\game\mpshell\session_menus.cpp	EMPTY_BODY
EMPTY_OR_CAST_BODY	0x007B02B0	??0AARScoreboardLoser@@QAE@PAVFEMenuSystem@@@Z	src\game\mpshell\session_menus.cpp	EMPTY_BODY
EMPTY_OR_CAST_BODY	0x007B02D0	??1AARScoreboardLoser@@UAE@XZ	src\game\mpshell\session_menus.cpp	EMPTY_BODY
DUPLICATE_MARKER	0x007BADB0	?CallFunctor@@YAXPAVAeThreadFunctor@@@Z	src\game\AeThreadFunctor.h	2 source markers
EMPTY_OR_CAST_BODY	0x007BADB0	?CallFunctor@@YAXPAVAeThreadFunctor@@@Z	src\game\AeThreadFunctor.h	NO_BODY
DUPLICATE_MARKER	0x007BADD0	?InitQuickPool@@YAXXZ	src\core\memory\mem_heap.cpp	2 source markers
EMPTY_OR_CAST_BODY	0x007BADD0	?InitQuickPool@@YAXXZ	src\core\memory\mem_heap.cpp	NO_BODY
DUPLICATE_MARKER	0x007BB210	?validate_chunk_list@@YAXPAUmalloc_chunk@@_N@Z	src\core\memory\mem_heap.cpp	2 source markers
EMPTY_OR_CAST_BODY	0x007BB210	?validate_chunk_list@@YAXPAUmalloc_chunk@@_N@Z	src\core\memory\mem_heap.cpp	EMPTY_BODY
EMPTY_OR_CAST_BODY	0x007BBE20	??1ae_heap_base@@UAE@XZ	src\core\memory\mem_heap.cpp	EMPTY_BODY
DUPLICATE_MARKER	0x007BD510	??0BlockPool@PoolAllocator@@QAE@IIIIPAX@Z	src\core\PoolAllocator.cpp	2 source markers
EMPTY_OR_CAST_BODY	0x007BD510	??0BlockPool@PoolAllocator@@QAE@IIIIPAX@Z	src\core\PoolAllocator.cpp	NO_BODY
DUPLICATE_MARKER	0x007BD670	?Pop@BlockPool@PoolAllocator@@QAEPAXXZ	src\core\ae_array.h	2 source markers
EMPTY_OR_CAST_BODY	0x007BD670	?Pop@BlockPool@PoolAllocator@@QAEPAXXZ	src\core\ae_array.h	EMPTY_BODY
DUPLICATE_MARKER	0x007BD830	??0PoolAllocator@@QAE@ABV?$ae_sized_array@UPoolConfig@PoolAllocator@@$0BA@@@I@Z	src\core\PoolAllocator.cpp	2 source markers
DUPLICATE_MARKER	0x007BE240	?IsIgnored@AeAssert@@YA_NXZ	src\core\ae_assert.cpp	2 source markers
EMPTY_OR_CAST_BODY	0x007BE240	?IsIgnored@AeAssert@@YA_NXZ	src\core\ae_assert.cpp	NO_BODY
EMPTY_OR_CAST_BODY	0x007BE4F0	?PumpXenonUI@AeAssert@@YAXXZ	src\core\ae_assert.cpp	EMPTY_BODY
DUPLICATE_MARKER	0x007BED90	?ae_stricmpn@@YAHPBD0H@Z	src\core\ae_string_support.cpp	2 source markers
EMPTY_OR_CAST_BODY	0x007BED90	?ae_stricmpn@@YAHPBD0H@Z	src\core\ae_string_support.cpp	NO_BODY
EMPTY_OR_CAST_BODY	0x007BF240	?InitController@@YAXH@Z	src\core\ae_controller.cpp	NO_BODY
EMPTY_OR_CAST_BODY	0x007C4B00	??0tlInitListFunction@@QAE@P6AXXZ@Z	src\render\cdDebugVertexDef.h	NO_BODY
EMPTY_OR_CAST_BODY	0x007C4B30	??1tlInitListFunction@@UAE@XZ	src\render\cdDebugVertexDef.h	NO_BODY
EMPTY_OR_CAST_BODY	0x007C4B40	?Register@tlInitListFunction@@UAEXXZ	src\render\cdDebugVertexDef.h	NO_BODY
EMPTY_OR_CAST_BODY	0x007C8C90	?SetSrcBlend@nglDxRenderState@@QAEXI@Z	src\ngl\ngl_dx_state.h	NO_BODY
EMPTY_OR_CAST_BODY	0x007C8CC0	?SetDestBlend@nglDxRenderState@@QAEXI@Z	src\ngl\ngl_dx_state.h	NO_BODY
EMPTY_OR_CAST_BODY	0x007C8CF0	?SetBlendOp@nglDxRenderState@@QAEXI@Z	src\ngl\ngl_dx_state.h	NO_BODY
EMPTY_OR_CAST_BODY	0x007C9380	?ToggleCDWheelMarkShader@@YAXXZ	src\render\cdWheelMarkShader.cpp	EMPTY_BODY
EMPTY_OR_CAST_BODY	0x007CF470	?InitCDHeatHazeShader@@YAXXZ	src\render\cdHeatHazeShader.cpp	EMPTY_BODY
EMPTY_OR_CAST_BODY	0x007D6BC0	??0cdRiverShaderMat@@QAE@PAUnglTexture@@@Z	src\render\cdRiverShader.cpp	EMPTY_BODY
DUPLICATE_MARKER	0x007E1800	?GetNullBuffer@@YAPADH@Z	src\filesystem\inplace.cpp	2 source markers
EMPTY_OR_CAST_BODY	0x007E1800	?GetNullBuffer@@YAPADH@Z	src\filesystem\inplace.cpp	NO_BODY
EMPTY_OR_CAST_BODY	0x007E1AA0	?compute_motor_speed@?A0x259e6277@@YAGM@Z	src\input\controller.cpp	NO_BODY
EMPTY_OR_CAST_BODY	0x007ECD80	?Save@BlockManager@apsMemory@@QAEXXZ	src\aeps\apsMemory.cpp	EMPTY_BODY
EMPTY_OR_CAST_BODY	0x007ECD90	?Restore@BlockManager@apsMemory@@QAEXXZ	src\aeps\apsMemory.cpp	EMPTY_BODY
EMPTY_OR_CAST_BODY	0x007FF2D0	??1apsGroup@@QAE@XZ	src\aeps\apsGroup.cpp	EMPTY_BODY
DUPLICATE_MARKER	0x00802630	?GetDist@apsRenderNode@@QBEMPAUnglScene@@@Z	src\aeps\apsRenderNode.h	2 source markers
EMPTY_OR_CAST_BODY	0x00802630	?GetDist@apsRenderNode@@QBEMPAUnglScene@@@Z	src\aeps\apsRenderNode.h	NO_BODY
DUPLICATE_MARKER	0x00802700	?SetMatrix@apsRenderNode@@QAEXPBVMat43@math@@@Z	src\aeps\apsRenderNode.h	2 source markers
EMPTY_OR_CAST_BODY	0x00802700	?SetMatrix@apsRenderNode@@QAEXPBVMat43@math@@@Z	src\aeps\apsRenderNode.h	NO_BODY
DUPLICATE_MARKER	0x008027D0	?SetParticles@apsRenderNode@@QAEXHPAEH@Z	src\aeps\apsRenderNode.h	2 source markers
EMPTY_OR_CAST_BODY	0x008027D0	?SetParticles@apsRenderNode@@QAEXHPAEH@Z	src\aeps\apsRenderNode.h	NO_BODY
DUPLICATE_MARKER	0x00802860	??0apsSimpleMeshShader@@QAE@XZ	src\aeps\apsSimpleMeshRenderer.cpp	2 source markers
EMPTY_OR_CAST_BODY	0x00802890	?GetName@apsSimpleMeshShader@@UAE?AVtlFixedString@@XZ	src\aeps\apsSimpleMeshRenderer.h	NO_BODY
EMPTY_OR_CAST_BODY	0x008028B0	?AddNode@apsSimpleMeshShader@@UAEXPAVnglMeshNode@@PAUnglMeshSection@@PAUnglMaterial@@@Z	src\aeps\apsSimpleMeshRenderer.h	NO_BODY
EMPTY_OR_CAST_BODY	0x008028E0	?RegisterPShader@apsSimpleMeshRenderPixel@@YAXXZ	src\aeps\apsSimpleMeshRenderer.h	NO_BODY
EMPTY_OR_CAST_BODY	0x00802C20	??_GapsSimpleMeshNode@@UAEPAXI@Z	src\aeps\apsRenderNode.h	NO_BODY
EMPTY_OR_CAST_BODY	0x00802C20	??_EapsSimpleMeshNode@@UAEPAXI@Z	src\aeps\apsRenderNode.h	NO_BODY
EMPTY_OR_CAST_BODY	0x00803E20	??0apsQuaternion@@QAE@XZ	src\aeps\apsInternal.cpp	EMPTY_BODY
DUPLICATE_MARKER	0x00804290	??1apsError@@QAE@XZ	src\aeps\apsError.cpp	2 source markers
EMPTY_OR_CAST_BODY	0x008048A0	?GetShimmerScene@apsCommon@@SAPAUnglScene@@XZ	src\aeps\apsColorRectangleRenderer.h	NO_BODY
EMPTY_OR_CAST_BODY	0x00804C30	?Renderer@apsUVANode@@QAEAAVapsUVARenderer@@XZ	src\aeps\apsColorUVARectangleRenderer.h	NO_BODY
EMPTY_OR_CAST_BODY	0x008052A0	?RegisterVShader@apsRectangleRender@@YAXXZ	src\aeps\apsRectangleRenderer.h	NO_BODY
EMPTY_OR_CAST_BODY	0x008052C0	?RegisterPShader@apsRectangleRenderPixel@@YAXXZ	src\aeps\apsRectangleRenderer.h	NO_BODY
EMPTY_OR_CAST_BODY	0x008052E0	?InitPShader@apsRectangleRenderPixel@@YAXXZ	src\aeps\apsRectangleRenderer.h	NO_BODY
EMPTY_OR_CAST_BODY	0x00809B40	??0apsSourceAction@@QAE@XZ	src\aeps\apsSuppliedActions.h	NO_BODY
EMPTY_OR_CAST_BODY	0x00809B60	??0apsSourceAction@@IAE@HHI@Z	src\aeps\apsSuppliedActions.h	NO_BODY
EMPTY_OR_CAST_BODY	0x00809B90	??0apsBurstAction@@QAE@XZ	src\aeps\apsSuppliedActions.h	NO_BODY
EMPTY_OR_CAST_BODY	0x00809BB0	??0apsRandomSpawnAction@@QAE@XZ	src\aeps\apsSuppliedActions.h	NO_BODY
EMPTY_OR_CAST_BODY	0x00809BD0	??0apsLifetimeAction@@QAE@XZ	src\aeps\apsSuppliedActions.h	NO_BODY
DUPLICATE_MARKER	0x00809BF0	?Act@apsLifetimeAction@@UAEXPAE0AAVapsGroup@@AAVapsEffect@@MM@Z	src\aeps\apsSuppliedActions.cpp	2 source markers
EMPTY_OR_CAST_BODY	0x00809CE0	??0apsAlphaFadeAction@@QAE@XZ	src\aeps\apsSuppliedActions.h	NO_BODY
EMPTY_OR_CAST_BODY	0x00809D00	??0apsAlphaFadeInOutAction@@QAE@XZ	src\aeps\apsSuppliedActions.h	NO_BODY
EMPTY_OR_CAST_BODY	0x00809D20	??0apsRandomAlphaFadeInOutAction@@QAE@XZ	src\aeps\apsSuppliedActions.h	NO_BODY
EMPTY_OR_CAST_BODY	0x00809D40	??0apsLinearScaleAction@@QAE@XZ	src\aeps\apsSuppliedActions.h	NO_BODY
EMPTY_OR_CAST_BODY	0x00809D60	??0apsLinearScaleAction@@IAE@HHI@Z	src\aeps\apsSuppliedActions.h	NO_BODY
DUPLICATE_MARKER	0x00809D90	?Act@apsLinearScaleAction@@UAEXPAE0AAVapsGroup@@AAVapsEffect@@MM@Z	src\aeps\apsSuppliedActions.cpp	2 source markers
EMPTY_OR_CAST_BODY	0x00809E10	??0apsLinearScaleSyncAction@@QAE@XZ	src\aeps\apsSuppliedActions.h	NO_BODY
EMPTY_OR_CAST_BODY	0x00809E30	??0apsExponentialScaleAction@@QAE@XZ	src\aeps\apsSuppliedActions.h	NO_BODY
EMPTY_OR_CAST_BODY	0x00809E50	??0apsLinearScaleWidthAction@@QAE@XZ	src\aeps\apsSuppliedActions.h	NO_BODY
EMPTY_OR_CAST_BODY	0x00809E70	??0apsExponentialScaleWidthAction@@QAE@XZ	src\aeps\apsSuppliedActions.h	NO_BODY
EMPTY_OR_CAST_BODY	0x00809E90	??0apsLinearScaleHeightAction@@QAE@XZ	src\aeps\apsSuppliedActions.h	NO_BODY
EMPTY_OR_CAST_BODY	0x00809EB0	??0apsExponentialScaleHeightAction@@QAE@XZ	src\aeps\apsSuppliedActions.h	NO_BODY
EMPTY_OR_CAST_BODY	0x00809ED0	??0apsMoveAction@@QAE@XZ	src\aeps\apsSuppliedActions.h	NO_BODY
DUPLICATE_MARKER	0x00809EF0	?Act@apsMoveAction@@UAEXPAE0AAVapsGroup@@AAVapsEffect@@MM@Z	src\aeps\apsSuppliedActions.cpp	2 source markers
EMPTY_OR_CAST_BODY	0x0080A0C0	??0apsObjectMoveAction@@QAE@XZ	src\aeps\apsSuppliedActions.h	NO_BODY
DUPLICATE_MARKER	0x0080A0E0	?Act@apsObjectMoveAction@@UAEXPAE0AAVapsGroup@@AAVapsEffect@@MM@Z	src\aeps\apsSuppliedActions.cpp	2 source markers
EMPTY_OR_CAST_BODY	0x0080A400	??0apsPositionMoveAction@@QAE@XZ	src\aeps\apsSuppliedActions.h	NO_BODY
DUPLICATE_MARKER	0x0080A420	?Act@apsPositionMoveAction@@UAEXPAE0AAVapsGroup@@AAVapsEffect@@MM@Z	src\aeps\apsSuppliedActions.cpp	2 source markers
EMPTY_OR_CAST_BODY	0x0080A550	??0apsMoveAtFixedVelocityAction@@QAE@XZ	src\aeps\apsSuppliedActions.h	NO_BODY
EMPTY_OR_CAST_BODY	0x0080A570	??0apsForceAction@@QAE@XZ	src\aeps\apsSuppliedActions.h	NO_BODY
EMPTY_OR_CAST_BODY	0x0080A590	??0apsColorShiftAction@@QAE@XZ	src\aeps\apsSuppliedActions.h	NO_BODY
EMPTY_OR_CAST_BODY	0x0080A5B0	??0apsVelocityDragAction@@QAE@XZ	src\aeps\apsSuppliedActions.h	NO_BODY
EMPTY_OR_CAST_BODY	0x0080A5D0	??0apsAngularVelocityDragAction@@QAE@XZ	src\aeps\apsSuppliedActions.h	NO_BODY
EMPTY_OR_CAST_BODY	0x0080A5F0	??0apsVectorAngularVelocityDragAction@@QAE@XZ	src\aeps\apsSuppliedActions.h	NO_BODY
EMPTY_OR_CAST_BODY	0x0080A610	??0apsWorldPlaneReflectionAction@@QAE@XZ	src\aeps\apsSuppliedActions.h	NO_BODY
EMPTY_OR_CAST_BODY	0x0080A630	??0apsUVAFrameAnimAction@@QAE@XZ	src\aeps\apsSuppliedActions.h	NO_BODY
EMPTY_OR_CAST_BODY	0x0080A650	??0apsAngleTrackVelocityAction@@QAE@XZ	src\aeps\apsSuppliedActions.h	NO_BODY
DUPLICATE_MARKER	0x0080A830	?Act@apsAngleTrackVelocityAction@@UAEXPAE0AAVapsGroup@@AAVapsEffect@@MM@Z	src\aeps\apsSuppliedActions.cpp	2 source markers
EMPTY_OR_CAST_BODY	0x0080AB00	??0apsAngleTrackElementXAction@@QAE@XZ	src\aeps\apsSuppliedActions.h	NO_BODY
EMPTY_OR_CAST_BODY	0x0080AB20	??0apsAngleTrackElementYAction@@QAE@XZ	src\aeps\apsSuppliedActions.h	NO_BODY
EMPTY_OR_CAST_BODY	0x0080AB40	??0apsAngleTrackElementZAction@@QAE@XZ	src\aeps\apsSuppliedActions.h	NO_BODY
EMPTY_OR_CAST_BODY	0x0080AB60	??0apsPointAttractorAction@@QAE@XZ	src\aeps\apsSuppliedActions.h	NO_BODY
EMPTY_OR_CAST_BODY	0x0080AB80	??0apsLineAttractorAction@@QAE@XZ	src\aeps\apsSuppliedActions.h	NO_BODY
EMPTY_OR_CAST_BODY	0x0080ABA0	??0apsDecayLineAttractorAction@@QAE@XZ	src\aeps\apsSuppliedActions.h	NO_BODY
EMPTY_OR_CAST_BODY	0x0080ABC0	??0apsKappaTauAction@@QAE@XZ	src\aeps\apsSuppliedActions.h	NO_BODY
EMPTY_OR_CAST_BODY	0x0080ABE0	??0apsSpawnAction@@QAE@XZ	src\aeps\apsSuppliedActions.h	NO_BODY
EMPTY_OR_CAST_BODY	0x0080B100	??0apsSpawnOnDeathAction@@QAE@XZ	src\aeps\apsSuppliedActions.h	NO_BODY
EMPTY_OR_CAST_BODY	0x0080B120	??0apsTrajectoryAction@@QAE@XZ	src\aeps\apsSuppliedActions.h	NO_BODY
EMPTY_OR_CAST_BODY	0x0080B320	??0apsEnvCollideAction@@QAE@XZ	src\aeps\apsSuppliedActions.h	NO_BODY
DUPLICATE_MARKER	0x0080B340	?Act@apsEnvCollideAction@@UAEXPAE0AAVapsGroup@@AAVapsEffect@@MM@Z	src\aeps\apsSuppliedActions.cpp	2 source markers
DUPLICATE_MARKER	0x0080B710	?Act@apsSourceAction@@UAEXPAE0AAVapsGroup@@AAVapsEffect@@MM@Z	src\aeps\apsSuppliedActions.cpp	2 source markers
DUPLICATE_MARKER	0x0080C5C0	?GetEmissionCount@apsSourceAction@@UAEHAAVapsGroup@@M@Z	src\aeps\apsSuppliedActions.cpp	2 source markers
DUPLICATE_MARKER	0x0080C640	?GetEmissionCount@apsBurstAction@@UAEHAAVapsGroup@@M@Z	src\aeps\apsSuppliedActions.cpp	2 source markers
DUPLICATE_MARKER	0x0080C6C0	?GetEmissionCount@apsRandomSpawnAction@@UAEHAAVapsGroup@@M@Z	src\aeps\apsSuppliedActions.cpp	2 source markers
EMPTY_OR_CAST_BODY	0x00812530	?Render@apsSimpleMeshNode@@UAEXXZ	src\aeps\apsSimpleMeshRenderer.h	NO_BODY
EMPTY_OR_CAST_BODY	0x00812CD0	?Matrix@apsRenderNode@@QBEABVMat43@math@@XZ	src\aeps\apsRenderNode.h	NO_BODY
EMPTY_OR_CAST_BODY	0x00812CE0	?Renderer@apsSimpleMeshNode@@QAEAAVapsSimpleMeshRenderer@@XZ	src\aeps\apsSimpleMeshRenderer.h	NO_BODY
EMPTY_OR_CAST_BODY	0x00812D20	?Texture@apsSimpleMeshRenderer@@QBEPAUnglTexture@@XZ	src\aeps\apsSimpleMeshRenderer.h	NO_BODY
EMPTY_OR_CAST_BODY	0x00812D30	?Mesh@apsSimpleMeshRenderer@@QBEPAUnglMesh@@XZ	src\aeps\apsSimpleMeshRenderer.h	NO_BODY
EMPTY_OR_CAST_BODY	0x00812D40	?GetVShader@apsSimpleMeshRender@@YAKXZ	src\aeps\apsSimpleMeshRenderer.h	NO_BODY
EMPTY_OR_CAST_BODY	0x00812D50	?GetPShader@apsSimpleMeshRenderPixel@@YAPAKXZ	src\aeps\apsSimpleMeshRenderer.h	NO_BODY
EMPTY_OR_CAST_BODY	0x00812D90	?Render@apsShrimpNode@@UAEXXZ	src\aeps\apsShrimpRenderer.h	NO_BODY
DUPLICATE_MARKER	0x00813C90	?Render@apsBillboardNode@@UAEXXZ	src\aeps\apsBillboardNode.cpp	2 source markers
EMPTY_OR_CAST_BODY	0x0081D260	??Kmath@@YA?AVMat43@0@ABV10@0@Z	src\core\cdl_common.cpp	NO_BODY
DUPLICATE_MARKER	0x0081D4E0	?intersect@@YAMABVPosition3@math@@ABVDir3@2@01@Z	src\core\cdl_common.cpp	2 source markers
EMPTY_OR_CAST_BODY	0x0081E550	?cdl_init@@YAXXZ	src\core\cdl_base.cpp	EMPTY_BODY
DUPLICATE_MARKER	0x0081E600	?compute_det@@YAXXZ	src\core\cdl_gjk.cpp	2 source markers
EMPTY_OR_CAST_BODY	0x0081E600	?compute_det@@YAXXZ	src\core\cdl_gjk.cpp	NO_BODY
DUPLICATE_MARKER	0x0081EA70	?gjk@@YAHABVcdlConvex@@ABVMat43@math@@0AAUcdl_cinfo2@@M_NIIII@Z	src\core\cdl_gjk.cpp	2 source markers
DUPLICATE_MARKER	0x0081F3D0	?collide_full@@YA_NABVcdlConvex@@ABVMat43@math@@0AAUcdl_cinfo2@@@Z	src\core\cdl_gjk.cpp	2 source markers
DUPLICATE_MARKER	0x0081F6B0	?collide@@YA_NABVcdlConvex@@ABVMat43@math@@0AAUcdl_cinfo2@@IIII@Z	src\core\cdl_gjk.cpp	2 source markers
EMPTY_OR_CAST_BODY	0x00821900	?nslDebugDraw@@YAXXZ	src\sound\nsl.cpp	EMPTY_BODY
EMPTY_OR_CAST_BODY	0x00825010	?nslDriverExit@@YAXXZ	src\sound\nsl.cpp	EMPTY_BODY
DUPLICATE_MARKER	0x00825020	?Init@nslDriverVoice@@QAEJPBUnslVoice@@PBUnslWave@@@Z	src\sound\nsl.cpp	2 source markers
DUPLICATE_MARKER	0x008333A0	?tlSetSystemCallbacks@@YAXPBUtlSystemCallbacks@@@Z	src\core\tl_system.cpp	2 source markers
EMPTY_OR_CAST_BODY	0x008333A0	?tlSetSystemCallbacks@@YAXPBUtlSystemCallbacks@@@Z	src\core\tl_system.cpp	NO_BODY
DUPLICATE_MARKER	0x00833B90	??0tlInstanceBank@@QAE@XZ	src\core\tl_instbank.cpp	2 source markers
EMPTY_OR_CAST_BODY	0x00833B90	??0tlInstanceBank@@QAE@XZ	src\core\tl_instbank.cpp	NO_BODY
DUPLICATE_MARKER	0x00834050	?apkRegisterFileType@apk@@YAXIIP6AXPAVapkFile@1@PAVapkFileEntry@1@PAX@Z32@Z	src\filesystem\apk.cpp	3 source markers
EMPTY_OR_CAST_BODY	0x00834E50	?jqDestroyMutex@@YAXH@Z	src\threading\jobqueue.cpp	EMPTY_BODY
EMPTY_OR_CAST_BODY	0x00834E60	?jqLockMutex@@YAXH@Z	src\threading\jobqueue.cpp	EMPTY_BODY
EMPTY_OR_CAST_BODY	0x00834E70	?jqUnlockMutex@@YAXH@Z	src\threading\jobqueue.cpp	EMPTY_BODY
EMPTY_OR_CAST_BODY	0x00834E80	?jqInit@@YAXXZ	src\threading\jobqueue.cpp	NO_BODY
EMPTY_OR_CAST_BODY	0x00834EF0	?jqLockBatchPool@@YAXXZ	src\threading\jobqueue.cpp	EMPTY_BODY
EMPTY_OR_CAST_BODY	0x00835410	??0?$jqPtr@UjqBatch@@@@QAE@PAUjqBatch@@@Z	src\threading\jobqueue.cpp	EMPTY_BODY
EMPTY_OR_CAST_BODY	0x00835420	??4?$jqPtr@UjqBatch@@@@QAEABV0@PAUjqBatch@@@Z	src\threading\jobqueue.cpp	EMPTY_BODY
EMPTY_OR_CAST_BODY	0x00835430	??B?$jqPtr@UjqBatch@@@@QAEPAUjqBatch@@XZ	src\threading\jobqueue.cpp	EMPTY_BODY
EMPTY_OR_CAST_BODY	0x00835470	?jqValidate@@YAXXZ	src\threading\jobqueue.cpp	EMPTY_BODY
EMPTY_OR_CAST_BODY	0x008354D0	?jqFlush@@YAXH@Z	src\threading\jobqueue.cpp	EMPTY_BODY
EMPTY_OR_CAST_BODY	0x008390B0	??0nglShaderProfiler@@QAE@XZ	src\ngl\ngl_debug.cpp	NO_BODY
EMPTY_OR_CAST_BODY	0x00839110	?Destroy@nglShaderProfiler@@QAEXXZ	src\ngl\ngl_debug.cpp	NO_BODY
DUPLICATE_MARKER	0x00839130	??1nglShaderProfiler@@QAE@XZ	src\ngl\ngl_debug.cpp	2 source markers
EMPTY_OR_CAST_BODY	0x00839130	??1nglShaderProfiler@@QAE@XZ	src\ngl\ngl_debug.cpp	NO_BODY
EMPTY_OR_CAST_BODY	0x00839150	?PrintResults@nglShaderProfiler@@QAEXXZ	src\ngl\ngl_debug.cpp	NO_BODY
EMPTY_OR_CAST_BODY	0x00839210	?ProfileFrame@nglShaderProfiler@@QAEXXZ	src\ngl\ngl_debug.cpp	NO_BODY
EMPTY_OR_CAST_BODY	0x00841A50	?ngliLockSceneTextures@@YAXXZ	src\ngl\ngl_dx_texture.cpp	EMPTY_BODY
EMPTY_OR_CAST_BODY	0x00841E70	?SetMaxAnisotropy@nglDxRenderState@@QAEHHH@Z	src\ngl\ngl_dx_state.h	NO_BODY
EMPTY_OR_CAST_BODY	0x0084FC90	?Reset@nglDxRenderState@@QAEXXZ	src\ngl\ngl_dx_state.h	NO_BODY
EMPTY_OR_CAST_BODY	0x0084FCC0	?SetBlendMode@nglDxRenderState@@QAEXI@Z	src\ngl\ngl_dx_state.h	NO_BODY
EMPTY_OR_CAST_BODY	0x0084FED0	?FSAAFixup@nglDxRenderState@@QAEXXZ	src\ngl\ngl_dx_state.h	NO_BODY
EMPTY_OR_CAST_BODY	0x0084FEE0	?Init@nglDxRenderState@@QAEXXZ	src\ngl\ngl_dx_state.h	NO_BODY
EMPTY_OR_CAST_BODY	0x00850000	?SetBlendColor@nglDxRenderState@@QAEXI@Z	src\ngl\ngl_dx_state.h	NO_BODY
DUPLICATE_MARKER	0x00850240	?nglDxSetFSAA@@YA_NW4nglFSAAMode@@@Z	src\ngl\ngl_dx_fsaa.cpp	2 source markers
EMPTY_OR_CAST_BODY	0x00851130	?PrintHeader@ngliShaderProfile@@SAXXZ	src\ngl\ngl_dx_debug.h	NO_BODY
EMPTY_OR_CAST_BODY	0x00851140	?Print@ngliShaderProfile@@QAEXXZ	src\ngl\ngl_dx_debug.h	NO_BODY
EMPTY_OR_CAST_BODY	0x00851170	?Record@ngliShaderProfile@@QAEXXZ	src\ngl\ngl_dx_debug.h	NO_BODY
EMPTY_OR_CAST_BODY	0x008511B0	?Compare@ngliShaderProfile@@QAEXPAU1@@Z	src\ngl\ngl_dx_debug.h	NO_BODY
EMPTY_OR_CAST_BODY	0x008517F0	?gpuEnableVertexAttributes@@YAXKPAUgpuVertexFormat@@@Z	src\ngl\ngl_gpu_debug.h	EMPTY_BODY
EMPTY_OR_CAST_BODY	0x00853320	?Lock@nglPalette@@QAEXXZ	src\ngl\nglPalette.h	NO_BODY
EMPTY_OR_CAST_BODY	0x00853340	?Unlock@nglPalette@@QAEXXZ	src\ngl\nglPalette.h	NO_BODY
EMPTY_OR_CAST_BODY	0x00853350	?SetEntry32@nglPalette@@QAEXII@Z	src\ngl\nglPalette.h	NO_BODY
EMPTY_OR_CAST_BODY	0x00853370	?GetEntry32@nglPalette@@QAEII@Z	src\ngl\nglPalette.h	NO_BODY
EMPTY_OR_CAST_BODY	0x00853420	?Apply@nglMorphFrame@@MBEXPAUnglMeshSection@@HMI@Z	src\ngl\nglMorph.h	NO_BODY
EMPTY_OR_CAST_BODY	0x00853430	?Apply@nglMeshMorph@@MBEXPAUnglMeshSection@@HMI@Z	src\ngl\nglMorph.h	NO_BODY
DUPLICATE_MARKER	0x008540B0	?CreateVertexDeclaration@nglDirect3DDevice@@SAXPBU_D3DVERTEXSHADERINPUT@@PAPAU_D3DVERTEXATTRIBUTEFORMAT@@@Z	src\ngl\ngl_xb_internal.cpp	2 source markers
EMPTY_OR_CAST_BODY	0x008542D0	??0nalBasePose@@IAE@XZ	src\animation\nal.cpp	EMPTY_BODY
EMPTY_OR_CAST_BODY	0x008542E0	??0nalInitListAnimType@@QAE@ABVtlFixedString@@PAX1@Z	src\animation\nal.cpp	EMPTY_BODY
EMPTY_OR_CAST_BODY	0x00854360	??1nalInitListAnimType@@UAE@XZ	src\animation\nal.cpp	EMPTY_BODY
EMPTY_OR_CAST_BODY	0x00854390	??0nalAnimCache@@QAE@XZ	src\animation\nal.cpp	EMPTY_BODY
EMPTY_OR_CAST_BODY	0x00854430	??1nalGenericAnim@nalGeneric@@UAE@XZ	src\animation\nal.cpp	EMPTY_BODY
EMPTY_OR_CAST_BODY	0x00854480	??1nalAnimHeap@@UAE@XZ	src\animation\nal.cpp	EMPTY_BODY
EMPTY_OR_CAST_BODY	0x00854490	?nalSetAnimPath@@YAXPBD@Z	src\animation\nal.cpp	NO_BODY
EMPTY_OR_CAST_BODY	0x00854930	??0nalBaseSkeleton@@QAE@XZ	src\animation\nal.cpp	EMPTY_BODY
DUPLICATE_MARKER	0x008549D0	??0nalGenericPose@nalGeneric@@IAE@XZ	src\animation\nal.cpp	2 source markers
EMPTY_OR_CAST_BODY	0x008549D0	??0nalGenericPose@nalGeneric@@IAE@XZ	src\animation\nal.cpp	NO_BODY
EMPTY_OR_CAST_BODY	0x00854C90	??0nalAnimHeap@@QAE@XZ	src\animation\nal.cpp	EMPTY_BODY
EMPTY_OR_CAST_BODY	0x0085C3A0	?ComponentSkip@nalComponentEntropyFloat4@@SAXAAPBEHPAUSkeletonData@nalComponentData@@PAUAnimData@nalComponentEntropyFloat4Data@@PAUSkeletonComponentData@5@PAUAnimComponentData@3@@Z	src\animation\nal.cpp	NO_BODY
EMPTY_OR_CAST_BODY	0x0085CA80	?ComponentSetupPartialDecode@nalComponentPacked8EntropyFloat4@@SAXPAUStateType@nalComponentPacked8EntropyFloat4Data@@AAPBEHPAUSkeletonData@nalComponentData@@PAUAnimData@3@PAUSkeletonComponentData@3@PAUAnimComponentData@5@@Z	src\animation\nal.cpp	NO_BODY
EMPTY_OR_CAST_BODY	0x0085D450	?ComponentSkip@nalComponentPacked8EntropyFloat4@@SAXAAPBEHPAUSkeletonData@nalComponentData@@PAUAnimData@nalComponentPacked8EntropyFloat4Data@@PAUSkeletonComponentData@5@PAUAnimComponentData@3@@Z	src\animation\nal.cpp	NO_BODY
EMPTY_OR_CAST_BODY	0x0085D480	?Convert@?$nalComponent@VnalComponentFloat4Base@@VnalComponentPacked8EntropyFloat4Data@@VnalComponentPacked8EntropyFloat4@@@@UBEXAAVnalComponentEnum@@PAXAAPBXPBXPBH@Z	src\animation\nal.cpp	NO_BODY
EMPTY_OR_CAST_BODY	0x0085D630	?ComponentConvert@nalComponentPacked8EntropyFloat4@@SAXPAVVector4@math@@PBUCacheType@nalComponentPacked8EntropyFloat4Data@@PAUSkeletonData@nalComponentData@@PAUAnimData@5@PAUSkeletonComponentData@5@PAUAnimComponentData@7@@Z	src\animation\nal.cpp	NO_BODY
EMPTY_OR_CAST_BODY	0x0085DC30	?ComponentSetupPartialDecode@nalComponentPacked16EntropyFloat4@@SAXPAUStateType@nalComponentPacked16EntropyFloat4Data@@AAPBEHPAUSkeletonData@nalComponentData@@PAUAnimData@3@PAUSkeletonComponentData@3@PAUAnimComponentData@5@@Z	src\animation\nal.cpp	NO_BODY
EMPTY_OR_CAST_BODY	0x0085E610	?ComponentSkip@nalComponentPacked16EntropyFloat4@@SAXAAPBEHPAUSkeletonData@nalComponentData@@PAUAnimData@nalComponentPacked16EntropyFloat4Data@@PAUSkeletonComponentData@5@PAUAnimComponentData@3@@Z	src\animation\nal.cpp	NO_BODY
EMPTY_OR_CAST_BODY	0x0085E640	?Convert@?$nalComponent@VnalComponentFloat4Base@@VnalComponentPacked16EntropyFloat4Data@@VnalComponentPacked16EntropyFloat4@@@@UBEXAAVnalComponentEnum@@PAXAAPBXPBXPBH@Z	src\animation\nal.cpp	NO_BODY
EMPTY_OR_CAST_BODY	0x0085E7F0	?ComponentConvert@nalComponentPacked16EntropyFloat4@@SAXPAVVector4@math@@PBUCacheType@nalComponentPacked16EntropyFloat4Data@@PAUSkeletonData@nalComponentData@@PAUAnimData@5@PAUSkeletonComponentData@5@PAUAnimComponentData@7@@Z	src\animation\nal.cpp	NO_BODY
EMPTY_OR_CAST_BODY	0x008622E0	?ComponentDecode@nalComponentEntropyPO@@SAXPAVnalPositionOrientation@@AAPBEHHPAUSkeletonData@nalComponentData@@PAUAnimData@nalComponentEntropyPOData@@PAUSkeletonComponentData@6@PAUAnimComponentData@4@@Z	src\animation\nal.cpp	NO_BODY
EMPTY_OR_CAST_BODY	0x00862560	?ComponentSkip@nalComponentEntropyPO@@SAXAAPBEHPAUSkeletonData@nalComponentData@@PAUAnimData@nalComponentEntropyPOData@@PAUSkeletonComponentData@5@PAUAnimComponentData@3@@Z	src\animation\nal.cpp	NO_BODY
EMPTY_OR_CAST_BODY	0x00863810	?PartialDecode@?$nalComponent@VnalComponentPOBase@@VnalComponentEntropyTrajectoryPOData@@VnalComponentEntropyTrajectoryPO@@@@UBEXAAVnalComponentEnum@@AAPAX1PAXHHH@Z	src\animation\nal.cpp	NO_BODY
EMPTY_OR_CAST_BODY	0x00863AD0	?ComponentDecode@nalComponentEntropyTrajectoryPO@@SAXPAVnalPositionOrientation@@AAPBEHHPAUSkeletonData@nalComponentData@@PAUAnimData@nalComponentEntropyTrajectoryPOData@@PAUSkeletonComponentData@6@PAUAnimComponentData@6@@Z	src\animation\nal.cpp	NO_BODY
EMPTY_OR_CAST_BODY	0x00863D60	?ComponentSkip@nalComponentEntropyTrajectoryPO@@SAXAAPBEHPAUSkeletonData@nalComponentData@@PAUAnimData@nalComponentEntropyTrajectoryPOData@@PAUSkeletonComponentData@5@PAUAnimComponentData@5@@Z	src\animation\nal.cpp	NO_BODY
DUPLICATE_MARKER	0x00868AC0	?Scale@nalMatrix4x4@@QAEXABVDir3@math@@@Z	src\animation\nal.cpp	2 source markers
EMPTY_OR_CAST_BODY	0x00868AC0	?Scale@nalMatrix4x4@@QAEXABVDir3@math@@@Z	src\animation\nal.cpp	NO_BODY
EMPTY_OR_CAST_BODY	0x00868B50	??0nalIKSpin@@QAE@XZ	src\animation\nal.cpp	EMPTY_BODY
EMPTY_OR_CAST_BODY	0x00868BD0	??0nalBasePose@@IAE@PBVnalBaseSkeleton@@H@Z	src\animation\nal.cpp	EMPTY_BODY
EMPTY_OR_CAST_BODY	0x00868CA0	??0nalComponentEnum@@QAE@PBUnalComponentInfo@nalGeneric@@PAPBXPBVnalGenericAnim@2@1@Z	src\animation\nal.cpp	EMPTY_BODY
EMPTY_OR_CAST_BODY	0x00868CC0	?Release@nalGenericSkeleton@nalGeneric@@MAEXXZ	src\animation\nal.cpp	EMPTY_BODY
EMPTY_OR_CAST_BODY	0x008733F0	??0nalSceneAnimInstance@@IAE@PAVnalSceneAnim@@@Z	src\animation\nal.cpp	EMPTY_BODY
EMPTY_OR_CAST_BODY	0x00873470	??0nalStreamInstance@@QAE@HP6APAVnalClientSceneAnim@@PBVnalSceneAnim@@ABVtlFixedString@@PAX@Z2W4nflFileID@@HH@Z	src\animation\nal.cpp	EMPTY_BODY
EMPTY_OR_CAST_BODY	0x0087E550	??0iterator@?$phys_static_array@PAVrigid_body@@$09@@QAE@PAPAVrigid_body@@@Z	src\physics\rb_ragdoll_model.h	EMPTY_BODY
EMPTY_OR_CAST_BODY	0x0087E8C0	??0outer_time@@QAE@XZ	src\physics\phys_types.h	EMPTY_BODY
EMPTY_OR_CAST_BODY	0x0087E940	??0ragdoll_joint_limit_info@@QAE@XZ	src\physics\phys_types.h	EMPTY_BODY
EMPTY_OR_CAST_BODY	0x00880C60	??0rigid_body@@QAE@XZ	src\physics\phys_types.h	EMPTY_BODY
EMPTY_OR_CAST_BODY	0x00881720	??0user_rigid_body@@QAE@XZ	src\physics\phys_types.h	EMPTY_BODY
EMPTY_OR_CAST_BODY	0x0088B050	??0phys_proftimer_callbacks@@QAE@XZ	src\physics\physics_system.h	NO_BODY
EMPTY_OR_CAST_BODY	0x0088B3F0	?reset@list_constraint_solver@phys_constraint_solver_multithreaded@@QAEXAAVpulse_sum_constraint_solver@@@Z	src\physics\pulse_sum.h	NO_BODY
EMPTY_OR_CAST_BODY	0x0088B410	?add@list_constraint_solver@phys_constraint_solver_multithreaded@@QAEXPAVrigid_body@@@Z	src\physics\pulse_sum.h	NO_BODY
EMPTY_OR_CAST_BODY	0x0088B430	?set_flag@physics_system@@QAEXIH@Z	src\physics\pulse_sum.h	NO_BODY
EMPTY_OR_CAST_BODY	0x0088B460	?set_outside_sub_delta_t@physics_system@@QAEXM@Z	src\physics\pulse_sum.h	NO_BODY
EMPTY_OR_CAST_BODY	0x0088C830	?generate_partitions_and_stuff@physics_system@@QAEXPAUlist_constraint_solver@phys_constraint_solver_multithreaded@@PAHM@Z	src\physics\pulse_sum.h	NO_BODY
EMPTY_OR_CAST_BODY	0x0088D550	?get_alignment@physics_system@@SA?BHXZ	src\physics\pulse_sum.h	NO_BODY
EMPTY_OR_CAST_BODY	0x0088D560	?get_buffer_size@physics_system@@SA?BHABVphys_mem_info@@@Z	src\physics\pulse_sum.h	NO_BODY
EMPTY_OR_CAST_BODY	0x0088D620	?time_step@physics_system@@QAEXM_N@Z	src\physics\pulse_sum.h	NO_BODY
EMPTY_OR_CAST_BODY	0x0088DA40	??0physics_system@@QAE@XZ	src\physics\pulse_sum.h	NO_BODY
EMPTY_OR_CAST_BODY	0x0088DC70	?allocate_buffer@physics_system@@SAPAV1@ABVphys_mem_info@@AAVphys_memory_heap@@@Z	src\physics\pulse_sum.h	NO_BODY
EMPTY_OR_CAST_BODY	0x0088DE20	?create_inst@physics_system@@SAXAAVphys_mem_info@@@Z	src\physics\pulse_sum.h	NO_BODY
EMPTY_OR_CAST_BODY	0x0088DEC0	?frame_advance@physics_system@@QAEXM@Z	src\physics\pulse_sum.h	NO_BODY
EMPTY_OR_CAST_BODY	0x0088E130	?free_buffer@physics_system@@SAXPAV1@@Z	src\physics\pulse_sum.h	NO_BODY
EMPTY_OR_CAST_BODY	0x0088E140	?destroy_inst@physics_system@@SAXXZ	src\physics\pulse_sum.h	NO_BODY
EMPTY_OR_CAST_BODY	0x0088E240	??0?$phys_link_list@Vpulse_sum_normal@@@@QAE@XZ	src\physics\pulse_sum.h	EMPTY_BODY
EMPTY_OR_CAST_BODY	0x0088E2B0	?get_buffer_size@?$phys_heap_memory_pool@Vuser_rigid_body@@@@SA?BHH@Z	src\physics\pulse_sum.h	NO_BODY
EMPTY_OR_CAST_BODY	0x0088E320	?calc_index_array@?$phys_heap_memory_pool@Vrigid_body_constraint_contact@@@@QAEXXZ	src\physics\pulse_sum.h	NO_BODY
EMPTY_OR_CAST_BODY	0x0088E370	?swap_adjacent_fast@?$phys_heap_memory_pool@Vrigid_body_constraint_contact@@@@QAEXPAViterator@1@0@Z	src\physics\pulse_sum.h	NO_BODY
EMPTY_OR_CAST_BODY	0x0088EE40	??0?$phys_inplace_avl_tree@Vrigid_body_pair_key@@Vrigid_body_constraint_contact@@@@QAE@XZ	src\physics\pulse_sum.h	EMPTY_BODY
EMPTY_OR_CAST_BODY	0x0088F060	?destroy@?$phys_heap_memory_pool@Vrigid_body_constraint_contact@@@@AAEXXZ	src\physics\pulse_sum.h	NO_BODY
EMPTY_OR_CAST_BODY	0x0088F550	?solver_priority_sort@physics_system@@QAEXXZ	src\physics\pulse_sum.h	NO_BODY
EMPTY_OR_CAST_BODY	0x0088F740	?allocate_buffer@?$phys_heap_memory_pool@Vrigid_body@@@@QAEXHAAVphys_memory_heap@@@Z	src\physics\pulse_sum.h	NO_BODY
EMPTY_OR_CAST_BODY	0x00890130	??1physics_system@@QAE@XZ	src\physics\pulse_sum.h	NO_BODY
EMPTY_OR_CAST_BODY	0x00891C80	?is_no_auto_remove@rigid_body@@QBE?BIXZ	src\physics\phys_types.h	NO_BODY
EMPTY_OR_CAST_BODY	0x00891FB0	??0vec2@pulse_sum_contact@@QAE@XZ	src\physics\pulse_sum.h	EMPTY_BODY
EMPTY_OR_CAST_BODY	0x00891FC0	??0vec2@pulse_sum_contact@@QAE@MM@Z	src\physics\pulse_sum.h	EMPTY_BODY
EMPTY_OR_CAST_BODY	0x00892140	?psc_is_persistant@pulse_sum_constraint_solver@@SA?BHQAVpulse_sum_cache@@H@Z	src\physics\pulse_sum.h	NO_BODY
EMPTY_OR_CAST_BODY	0x00892160	??4rigid_body@@QAEAAV0@ABV0@@Z	src\physics\phys_types.h	NO_BODY
EMPTY_OR_CAST_BODY	0x00892480	??0pulse_sum_node@@QAE@XZ	src\physics\phys_types.h	EMPTY_BODY
EMPTY_OR_CAST_BODY	0x00892670	?get_urb@rbcint@@SAPAPAVuser_rigid_body@@PAVrigid_body_constraint@@@Z	src\physics\pulse_sum.h	NO_BODY
EMPTY_OR_CAST_BODY	0x008926A0	?set_pulse_sum@pulse_sum_constraint_solver@@SAXQAVpulse_sum_cache@@HM@Z	src\physics\pulse_sum.h	NO_BODY
EMPTY_OR_CAST_BODY	0x008926C0	?get_pulse_sum@pulse_sum_constraint_solver@@SA?BMQAVpulse_sum_cache@@H@Z	src\physics\pulse_sum.h	NO_BODY
EMPTY_OR_CAST_BODY	0x00892A40	?SOLVER_solver_intermediate@pulse_sum_point@@AAEXHM@Z	src\physics\phys_constraint_solver_multithreaded.cpp	NO_BODY
EMPTY_OR_CAST_BODY	0x00892FB0	?apply@psc_cpi@pulse_sum_contact@@QAEXPAV2@ABUvec2@2@@Z	src\physics\phys_constraint_solver_multithreaded.cpp	NO_BODY
EMPTY_OR_CAST_BODY	0x00893250	??0psc_cpi@pulse_sum_contact@@QAE@XZ	src\physics\pulse_sum.h	EMPTY_BODY
EMPTY_OR_CAST_BODY	0x00893260	?list_urbri_restore@pulse_sum_constraint_solver@@QAEXPAVuser_rigid_body_restore_info@1@@Z	src\physics\pulse_sum.h	NO_BODY
EMPTY_OR_CAST_BODY	0x00893290	?set_solver_params@pulse_sum_constraint_solver@@QAEXHHHH@Z	src\physics\pulse_sum.h	NO_BODY
EMPTY_OR_CAST_BODY	0x008945B0	?solve_iterative@pulse_sum_constraint_solver@@QAEXHM@Z	src\physics\pulse_sum.h	NO_BODY
EMPTY_OR_CAST_BODY	0x00894A50	?process@list_constraint_solver@phys_constraint_solver_multithreaded@@QAEXPBVphysics_system@@H@Z	src\physics\pulse_sum.h	NO_BODY
EMPTY_OR_CAST_BODY	0x00894C90	??0iterator@?$phys_link_list@Vpulse_sum_normal@@@@QAE@PAVpulse_sum_normal@@@Z	src\physics\pulse_sum.h	EMPTY_BODY
EMPTY_OR_CAST_BODY	0x00894E80	??4user_rigid_body@@QAEAAV0@ABV0@@Z	src\physics\phys_types.h	NO_BODY
EMPTY_OR_CAST_BODY	0x00895210	?substep@rbint@@SAXPAVuser_rigid_body@@M@Z	src\physics\phys_constraint_solver_multithreaded.cpp	NO_BODY
EMPTY_OR_CAST_BODY	0x008958A0	?SOLVER_apply_relaxation@pulse_sum_normal@@AAEXAAM_N@Z	src\physics\phys_constraint_solver_multithreaded.cpp	NO_BODY
EMPTY_OR_CAST_BODY	0x008960C0	?get_objective@pulse_sum_point@@AAE?BVDir3@math@@XZ	src\physics\phys_constraint_solver_multithreaded.cpp	NO_BODY
EMPTY_OR_CAST_BODY	0x00896190	?SOLVER_solver_prolog@pulse_sum_point@@AAEXHM@Z	src\physics\phys_constraint_solver_multithreaded.cpp	NO_BODY
EMPTY_OR_CAST_BODY	0x008962F0	?SOLVER_apply_relaxation@pulse_sum_point@@AAEXAAM@Z	src\physics\phys_constraint_solver_multithreaded.cpp	NO_BODY
EMPTY_OR_CAST_BODY	0x00897020	?get_objective@psc_cpi@pulse_sum_contact@@QAE?BUvec2@2@PAV2@@Z	src\physics\phys_constraint_solver_multithreaded.cpp	NO_BODY
EMPTY_OR_CAST_BODY	0x00897200	?SOLVER_apply_relaxation@psc_cpi@pulse_sum_contact@@QAEXPAV2@AAM@Z	src\physics\phys_constraint_solver_multithreaded.cpp	NO_BODY
EMPTY_OR_CAST_BODY	0x00897870	?setup_constraint@rbint@@SAXPAVrigid_body@@PAVpulse_sum_node@@@Z	src\physics\phys_constraint_solver_multithreaded.cpp	NO_BODY
EMPTY_OR_CAST_BODY	0x00897A50	?set@temp_user_rigid_body@pulse_sum_constraint_solver@@QAEXPAV12@PAVuser_rigid_body@@@Z	src\physics\pulse_sum.h	NO_BODY
DUPLICATE_MARKER	0x00897A90	?create_pulse_sum_node@pulse_sum_constraint_solver@@QAEPAVpulse_sum_node@@XZ	src\physics\phys_constraint_solver_multithreaded.cpp	2 source markers
EMPTY_OR_CAST_BODY	0x00897A90	?create_pulse_sum_node@pulse_sum_constraint_solver@@QAEPAVpulse_sum_node@@XZ	src\physics\phys_constraint_solver_multithreaded.cpp	NO_BODY
DUPLICATE_MARKER	0x00897B10	?solve_constraints@pulse_sum_constraint_solver@@QAEXXZ	src\physics\phys_constraint_solver_multithreaded.cpp	2 source markers
EMPTY_OR_CAST_BODY	0x00897B10	?solve_constraints@pulse_sum_constraint_solver@@QAEXXZ	src\physics\phys_constraint_solver_multithreaded.cpp	NO_BODY
EMPTY_OR_CAST_BODY	0x008980D0	??0temp_user_rigid_body@pulse_sum_constraint_solver@@QAE@XZ	src\physics\pulse_sum.h	NO_BODY
DUPLICATE_MARKER	0x008980E0	?add_urb@pulse_sum_constraint_solver@@QAEXPAPAVtemp_user_rigid_body@1@PAPAVuser_rigid_body_restore_info@1@PAVrigid_body_constraint@@@Z	src\physics\phys_constraint_solver_multithreaded.cpp	2 source markers
DUPLICATE_MARKER	0x00898250	?execute_constraint_solver@pulse_sum_constraint_solver@@QAEXQAVrigid_body@@@Z	src\physics\phys_constraint_solver_multithreaded.cpp	2 source markers
EMPTY_OR_CAST_BODY	0x00898250	?execute_constraint_solver@pulse_sum_constraint_solver@@QAEXQAVrigid_body@@@Z	src\physics\phys_constraint_solver_multithreaded.cpp	NO_BODY
EMPTY_OR_CAST_BODY	0x00899070	??0MemoryUnitManager@@AAE@XZ	src\game\platform_xbox\MemoryUnit.cpp	EMPTY_BODY
EMPTY_OR_CAST_BODY	0x00899080	??1MemoryUnitManager@@AAE@XZ	src\game\platform_xbox\MemoryUnit.cpp	EMPTY_BODY
DUPLICATE_MARKER	0x008990B0	?SetTitlePrefix@MemoryUnitManager@@SAXPBD@Z	src\engine\broc_types.h	3 source markers
EMPTY_OR_CAST_BODY	0x008990B0	?SetTitlePrefix@MemoryUnitManager@@SAXPBD@Z	src\engine\broc_types.h	NO_BODY
EMPTY_OR_CAST_BODY	0x008998A0	??0XBoxStorage@@AAE@XZ	src\game\platform_xbox\XBoxStorage.cpp	EMPTY_BODY
EMPTY_OR_CAST_BODY	0x008998B0	??1XBoxStorage@@AAE@XZ	src\game\platform_xbox\XBoxStorage.cpp	EMPTY_BODY
EMPTY_OR_CAST_BODY	0x0089EB80	??1bdReferencable@@UAE@XZ	src\bd\bdReference\bdReferencable.h	NO_BODY
EMPTY_OR_CAST_BODY	0x008B5C60	??0bdSessionInterceptor@@QAE@XZ	src\bd\bdSessionInterceptor.cpp	EMPTY_BODY
EMPTY_OR_CAST_BODY	0x008B5C70	??1bdSessionInterceptor@@UAE@XZ	src\bd\bdSessionInterceptor.cpp	EMPTY_BODY
EMPTY_OR_CAST_BODY	0x008B5CA0	??0bdSessionHandler@@QAE@XZ	src\bd\bdSessionHandler.cpp	EMPTY_BODY
EMPTY_OR_CAST_BODY	0x008B7400	??0bdQoSProbeListener@@QAE@XZ	src\bd\bdQoSProbeListener.cpp	EMPTY_BODY
EMPTY_OR_CAST_BODY	0x00925170	??0bint@@QAE@M@Z	src\engine\broc_types.h	NO_BODY
DUPLICATE_MARKER	0x00928F10	?waittillor@Broc@@YAXVentity@1@UHashStr@@111@Z	src\broc\Broc.cpp	2 source markers
DUPLICATE_MARKER	0x00929060	?RegisterHashString@@YAXHPBD@Z	src\broc\Broc.cpp	2 source markers
DUPLICATE_MARKER	0x00929570	?ToStr@@YAPBDI@Z	src\broc\Broc.cpp	2 source markers
DUPLICATE_MARKER	0x0092C4D0	?GetPlayerArray@Broc@@YAXAAV?$dyn_array@Ventity@Broc@@@1@@Z	src\broc\Broc.cpp	2 source markers
EMPTY_OR_CAST_BODY	0x0092F130	?IsDefined@Broc@@YA_NABVentity@1@@Z	src\engine\broc_types.h	NO_BODY
EMPTY_OR_CAST_BODY	0x0092F150	?IsDefined@Broc@@YA_NABUvector@1@@Z	src\engine\broc_types.h	NO_BODY
DUPLICATE_MARKER	0x0092F170	?IsDefined@entity@Broc@@QBE_NXZ	src\engine\broc_types.h	2 source markers
EMPTY_OR_CAST_BODY	0x0092F4A0	?GetEE_specialWeaponChangeClassFlag@@YAAAUbbool@@Ventity@Broc@@@Z	src\engine\broc_types.h	NO_BODY
DUPLICATE_MARKER	0x0092F6F0	?IsDefined@Broc@@YA_NABVstring@1@@Z	src\engine\broc_types.h	2 source markers
EMPTY_OR_CAST_BODY	0x0092F6F0	?IsDefined@Broc@@YA_NABVstring@1@@Z	src\engine\broc_types.h	NO_BODY
EMPTY_OR_CAST_BODY	0x00934790	?AssertDefined@bint@@QBEXXZ	src\engine\broc_types.h	EMPTY_BODY
EMPTY_OR_CAST_BODY	0x00934830	??HBroc@@YA?AVstring@0@ABV10@M@Z	src\engine\broc_types.h	NO_BODY
EMPTY_OR_CAST_BODY	0x00935840	??0bfloat@@QAE@H@Z	src\engine\broc_types.h	EMPTY_BODY
EMPTY_OR_CAST_BODY	0x00936EF0	??0bint@@QAE@I@Z	src\engine\broc_types.h	EMPTY_BODY
EMPTY_OR_CAST_BODY	0x00936F20	??8bint@@QBE_NH@Z	src\engine\broc_types.h	EMPTY_BODY
EMPTY_OR_CAST_BODY	0x00938A10	??4origin_struct@__unnamed@entity@Broc@@QAEABUvector@3@ABU43@@Z	src\broc\mp_util_wad.h	NO_BODY
EMPTY_OR_CAST_BODY	0x00938DE0	?Get@team_struct@__unnamed@entity@Broc@@QBE?BVstring@4@XZ	src\broc\mp_util_wad.h	NO_BODY
EMPTY_OR_CAST_BODY	0x00939BA0	?notify@Broc@@YAXABVentity@1@UHashStr@@@Z	src\engine\broc_types.h	NO_BODY
EMPTY_OR_CAST_BODY	0x0093ADE0	?Get@maxhealth_struct@__unnamed@entity@Broc@@QBE?BUbint@@XZ	src\broc\mp_util_wad.h	NO_BODY
EMPTY_OR_CAST_BODY	0x0093AE50	??0bfloat@@QAE@ABUbint@@@Z	src\engine\broc_types.h	EMPTY_BODY
EMPTY_OR_CAST_BODY	0x0093B250	?AssertDefined@bfloat@@QBEXXZ	src\engine\broc_types.h	EMPTY_BODY
EMPTY_OR_CAST_BODY	0x0093BD20	??9bint@@QBE_NH@Z	src\engine\broc_types.h	NO_BODY
EMPTY_OR_CAST_BODY	0x0093BDF0	?Get@playerState_struct@__unnamed@entity@Broc@@QBE?BUbint@@XZ	src\broc\mp_util_wad.h	NO_BODY
EMPTY_OR_CAST_BODY	0x0093BE30	?IsPlayer@Broc@@YAHABVentity@1@@Z	src\engine\broc_types.h	NO_BODY
EMPTY_OR_CAST_BODY	0x0093D1A0	?SetupCallbacks@_mp_common@@YAXUbbool@@@Z	src\broc\mp_util_wad.cpp	NO_BODY
EMPTY_OR_CAST_BODY	0x0093D3B0	?CallbackHostOptionsChanged@_mp_common@@YAXH@Z	src\broc\mp_util_wad.cpp	NO_BODY
EMPTY_OR_CAST_BODY	0x0093D9C0	?CallbackGameState@_mp_common@@YAXHHHHHHHHHHHHH@Z	src\broc\mp_util_wad.cpp	NO_BODY
EMPTY_OR_CAST_BODY	0x0093DFA0	?CallbackGameScore@_mp_common@@YAXHH@Z	src\broc\mp_util_wad.cpp	NO_BODY
EMPTY_OR_CAST_BODY	0x0093E060	?CallbackPlayerJoin@_mp_common@@YAXVentity@Broc@@IH@Z	src\broc\mp_util_wad.cpp	NO_BODY
EMPTY_OR_CAST_BODY	0x0093E340	?Get@angles_struct@__unnamed@entity@Broc@@QBE?BUvector@4@XZ	src\broc\mp_util_wad.h	NO_BODY
EMPTY_OR_CAST_BODY	0x0093E390	??4spectatorClient_struct@__unnamed@entity@Broc@@QAEABHABH@Z	src\broc\mp_util_wad.h	NO_BODY
EMPTY_OR_CAST_BODY	0x0093E3D0	??4playerClass_struct@__unnamed@entity@Broc@@QAEABFABF@Z	src\broc\mp_util_wad.h	NO_BODY
EMPTY_OR_CAST_BODY	0x0093E410	??4nextPlayerClass_struct@__unnamed@entity@Broc@@QAEABFABF@Z	src\broc\mp_util_wad.h	NO_BODY
EMPTY_OR_CAST_BODY	0x0093E450	??4playerState_struct@__unnamed@entity@Broc@@QAEABHABH@Z	src\broc\mp_util_wad.h	NO_BODY
EMPTY_OR_CAST_BODY	0x0093E5C0	?CallbackPlayerEnter@_mp_common@@YAXVentity@Broc@@H@Z	src\broc\mp_util_wad.cpp	NO_BODY
EMPTY_OR_CAST_BODY	0x0093E970	?CallbackPlayerLeave@_mp_common@@YAXVentity@Broc@@@Z	src\broc\mp_util_wad.cpp	NO_BODY
EMPTY_OR_CAST_BODY	0x0093EA80	?CallbackPlayerRespawnRequest@_mp_common@@YAXVentity@Broc@@H@Z	src\broc\mp_util_wad.cpp	NO_BODY
EMPTY_OR_CAST_BODY	0x0093EC10	?CallbackPlayerKilled@_mp_common@@YAXVentity@Broc@@00HHH@Z	src\broc\mp_util_wad.cpp	NO_BODY
EMPTY_OR_CAST_BODY	0x0093F640	??9entity@Broc@@QBE_NABV01@@Z	src\engine\broc_types.h	NO_BODY
EMPTY_OR_CAST_BODY	0x0093F7F0	?CallbackPlayerAssist@_mp_common@@YAXVentity@Broc@@@Z	src\broc\mp_util_wad.cpp	NO_BODY
EMPTY_OR_CAST_BODY	0x0093F860	?CallbackPainFlinch@_mp_common@@YAXVentity@Broc@@H@Z	src\broc\mp_util_wad.cpp	NO_BODY
EMPTY_OR_CAST_BODY	0x0093F970	?CallbackPlayerDamage@_mp_common@@YAXVentity@Broc@@00ABUvector@3@1HHHH@Z	src\broc\mp_util_wad.cpp	NO_BODY
EMPTY_OR_CAST_BODY	0x0093FA90	?CallbackPlayerDamageTeam@_mp_common@@YAXVentity@Broc@@00ABUvector@3@1HHHH@Z	src\broc\mp_util_wad.cpp	NO_BODY
EMPTY_OR_CAST_BODY	0x0093FCF0	?CallbackPlayerSpawn@_mp_common@@YAXVentity@Broc@@H@Z	src\broc\mp_util_wad.cpp	NO_BODY
EMPTY_OR_CAST_BODY	0x00940250	??4health_struct@__unnamed@entity@Broc@@QAEABHABH@Z	src\broc\mp_util_wad.h	NO_BODY
EMPTY_OR_CAST_BODY	0x00940400	?CallbackPlayerRevive@_mp_common@@YAXVentity@Broc@@0@Z	src\broc\mp_util_wad.cpp	NO_BODY
EMPTY_OR_CAST_BODY	0x00940820	?Get@rank_struct@__unnamed@entity@Broc@@QBE?BFXZ	src\broc\mp_util_wad.h	NO_BODY
EMPTY_OR_CAST_BODY	0x00940850	?Get@playerClass_struct@__unnamed@entity@Broc@@QBE?BFXZ	src\broc\mp_util_wad.h	NO_BODY
EMPTY_OR_CAST_BODY	0x009408B0	?CallbackCanTeamChange@_mp_common@@YAHVentity@Broc@@H@Z	src\broc\mp_util_wad.cpp	NO_BODY
EMPTY_OR_CAST_BODY	0x00940D40	?TeamChangeKillPlayer@_mp_common@@YAXVentity@Broc@@@Z	src\broc\mp_util_wad.cpp	NO_BODY
EMPTY_OR_CAST_BODY	0x00940E10	?Get@health_struct@__unnamed@entity@Broc@@QBE?BUbint@@XZ	src\broc\mp_util_wad.h	NO_BODY
EMPTY_OR_CAST_BODY	0x00940EC0	?CallbackPlayerTeamChange@_mp_common@@YAXVentity@Broc@@HH@Z	src\broc\mp_util_wad.cpp	NO_BODY
EMPTY_OR_CAST_BODY	0x00941270	?CallbackPlayerClassChange@_mp_common@@YAXVentity@Broc@@I@Z	src\broc\mp_util_wad.cpp	NO_BODY
EMPTY_OR_CAST_BODY	0x00941350	?CallbackStopFollowing@_mp_common@@YAXXZ	src\broc\mp_util_wad.cpp	NO_BODY
EMPTY_OR_CAST_BODY	0x00941480	?CallbackRoundOver@_mp_common@@YAXHVstring@Broc@@@Z	src\broc\mp_util_wad.cpp	NO_BODY
EMPTY_OR_CAST_BODY	0x00942050	?CallbackNextRound@_mp_common@@YAXXZ	src\broc\mp_util_wad.cpp	NO_BODY
EMPTY_OR_CAST_BODY	0x009420E0	?CallbackRestartMap@_mp_common@@YAXXZ	src\broc\mp_util_wad.cpp	NO_BODY
EMPTY_OR_CAST_BODY	0x009421D0	?CallbackDebugRender@_mp_common@@YAXXZ	src\broc\mp_util_wad.cpp	NO_BODY
EMPTY_OR_CAST_BODY	0x00942200	?CallbackFireArtillery@_mp_common@@YAXVentity@Broc@@Uvector@3@@Z	src\broc\mp_util_wad.cpp	NO_BODY
EMPTY_OR_CAST_BODY	0x00943310	?CallbackFireArtilleryShell@_mp_common@@YAXVentity@Broc@@@Z	src\broc\mp_util_wad.cpp	NO_BODY
EMPTY_OR_CAST_BODY	0x00943390	?CallbackDenyArtillery@_mp_common@@YAXVentity@Broc@@@Z	src\broc\mp_util_wad.cpp	NO_BODY
EMPTY_OR_CAST_BODY	0x009435C0	?CallbackVehicleKilled@_mp_common@@YAXVentity@Broc@@00HHH@Z	src\broc\mp_util_wad.cpp	NO_BODY
EMPTY_OR_CAST_BODY	0x009436E0	?CallbackVehicleMantled@_mp_common@@YAXVentity@Broc@@0@Z	src\broc\mp_util_wad.cpp	NO_BODY
EMPTY_OR_CAST_BODY	0x00943720	?CallbackHealthRegenRecovering@_mp_common@@YAXVentity@Broc@@@Z	src\broc\mp_util_wad.cpp	NO_BODY
EMPTY_OR_CAST_BODY	0x009437F0	?CallbackPickupItem@_mp_common@@YAXVentity@Broc@@0@Z	src\broc\mp_util_wad.cpp	NO_BODY
EMPTY_OR_CAST_BODY	0x00943980	?CallbackMineFailed@_mp_common@@YAXVentity@Broc@@@Z	src\broc\mp_util_wad.cpp	NO_BODY
EMPTY_OR_CAST_BODY	0x00943A00	?CallbackReviveFailed@_mp_common@@YAXVentity@Broc@@@Z	src\broc\mp_util_wad.cpp	NO_BODY
EMPTY_OR_CAST_BODY	0x00943A20	?CallbackCallForMedic@_mp_common@@YAXVentity@Broc@@@Z	src\broc\mp_util_wad.cpp	NO_BODY
EMPTY_OR_CAST_BODY	0x00943D60	?CallbackPunishedForTeamKill@_mp_common@@YAXVentity@Broc@@H@Z	src\broc\mp_util_wad.cpp	NO_BODY
EMPTY_OR_CAST_BODY	0x00943E70	?PunishedForTeamKill@_mp_common@@YAXVentity@Broc@@Ubbool@@@Z	src\broc\mp_util_wad.cpp	NO_BODY
EMPTY_OR_CAST_BODY	0x00944440	?CallbackSpawnButtonPressed@_mp_common@@YAXVentity@Broc@@@Z	src\broc\mp_util_wad.cpp	NO_BODY
EMPTY_OR_CAST_BODY	0x00944580	?CallbackQuitGame@_mp_common@@YAXXZ	src\broc\mp_util_wad.cpp	NO_BODY
EMPTY_OR_CAST_BODY	0x009446A0	?CallbackHostDisconnected@_mp_common@@YAXXZ	src\broc\mp_util_wad.cpp	NO_BODY
EMPTY_OR_CAST_BODY	0x00944730	?CallbackLocalPlayerKicked@_mp_common@@YAXXZ	src\broc\mp_util_wad.cpp	NO_BODY
EMPTY_OR_CAST_BODY	0x009447C0	?CallbackHostMigrated@_mp_common@@YAXXZ	src\broc\mp_util_wad.cpp	NO_BODY
EMPTY_OR_CAST_BODY	0x009448E0	?QuitGameWithMessage@_mp_common@@YAXVentity@Broc@@UHashStr@@@Z	src\broc\mp_util_wad.cpp	NO_BODY
EMPTY_OR_CAST_BODY	0x00944A00	?HostHasMigrated@_mp_common@@YAXVentity@Broc@@@Z	src\broc\mp_util_wad.cpp	NO_BODY
EMPTY_OR_CAST_BODY	0x00944F40	?NewHost@_mp_common@@YAXVentity@Broc@@@Z	src\broc\mp_util_wad.cpp	NO_BODY
EMPTY_OR_CAST_BODY	0x00944F90	?FadeUpWhenLoaded@_mp_common@@YAXVentity@Broc@@0@Z	src\broc\mp_util_wad.cpp	NO_BODY
EMPTY_OR_CAST_BODY	0x009450D0	?RespawnPlayer@_mp_common@@YAXVentity@Broc@@Vstring@3@@Z	src\broc\mp_util_wad.cpp	NO_BODY
EMPTY_OR_CAST_BODY	0x00945350	?Spectate@_mp_common@@YAXVentity@Broc@@Ubint@@Ubbool@@@Z	src\broc\mp_util_wad.cpp	NO_BODY
EMPTY_OR_CAST_BODY	0x00945420	?DeathState@_mp_common@@YAXVentity@Broc@@0Ubint@@Ubbool@@2@Z	src\broc\mp_util_wad.cpp	NO_BODY
EMPTY_OR_CAST_BODY	0x009459F0	?FollowClient@_mp_common@@YAXVentity@Broc@@Ubint@@@Z	src\broc\mp_util_wad.cpp	NO_BODY
EMPTY_OR_CAST_BODY	0x00945BC0	?LocalPlayerIntermission@_mp_common@@YAXVentity@Broc@@@Z	src\broc\mp_util_wad.cpp	NO_BODY
EMPTY_OR_CAST_BODY	0x00945D30	?LocalPlayerRespawn@_mp_common@@YAXVentity@Broc@@@Z	src\broc\mp_util_wad.cpp	NO_BODY
EMPTY_OR_CAST_BODY	0x00945FB0	?Get@nextPlayerClass_struct@__unnamed@entity@Broc@@QBE?BFXZ	src\broc\mp_util_wad.h	NO_BODY
EMPTY_OR_CAST_BODY	0x00946040	?RunFrame@_mp_common@@YAXVentity@Broc@@@Z	src\broc\mp_util_wad.cpp	NO_BODY
EMPTY_OR_CAST_BODY	0x00946080	?CreateClock@_mp_common@@YAXUbint@@@Z	src\broc\mp_util_wad.cpp	NO_BODY
EMPTY_OR_CAST_BODY	0x00946110	?StartRound@_mp_common@@YAXUbbool@@@Z	src\broc\mp_util_wad.cpp	NO_BODY
EMPTY_OR_CAST_BODY	0x00946630	?finish_starting_round@_mp_common@@YAXVentity@Broc@@Ubbool@@@Z	src\broc\mp_util_wad.cpp	NO_BODY
EMPTY_OR_CAST_BODY	0x00946C00	?restart_round@_mp_common@@YAXVentity@Broc@@Ubint@@@Z	src\broc\mp_util_wad.cpp	NO_BODY
EMPTY_OR_CAST_BODY	0x009474B0	?CheckTimeLimit@_mp_common@@YAXXZ	src\broc\mp_util_wad.cpp	NO_BODY
EMPTY_OR_CAST_BODY	0x009476D0	?CheckScoreLimit@_mp_common@@YAXXZ	src\broc\mp_util_wad.cpp	NO_BODY
EMPTY_OR_CAST_BODY	0x00947AA0	?CheckLastManStanding@_mp_common@@YAXVstring@Broc@@@Z	src\broc\mp_util_wad.cpp	NO_BODY
EMPTY_OR_CAST_BODY	0x00947F40	?CheckLastManStandingEnoughPlayers@_mp_common@@YAXVentity@Broc@@@Z	src\broc\mp_util_wad.cpp	NO_BODY
EMPTY_OR_CAST_BODY	0x009483A0	?waitframe@_mp_common@@YAXXZ	src\broc\mp_util_wad.cpp	NO_BODY
EMPTY_OR_CAST_BODY	0x009483D0	?DestroyHudElem@_mp_common@@YAXAAVhudelem@Broc@@@Z	src\broc\mp_util_wad.cpp	NO_BODY
DUPLICATE_MARKER	0x00948420	?SetUndefined@hudelem@Broc@@QAEXXZ	src\broc\Broc.cpp	2 source markers
EMPTY_OR_CAST_BODY	0x00948480	?AddToPlayerStats@_mp_common@@YAXVentity@Broc@@Ubint@@H@Z	src\broc\mp_util_wad.cpp	NO_BODY
EMPTY_OR_CAST_BODY	0x009489F0	??4rank_struct@__unnamed@entity@Broc@@QAEABFABF@Z	src\broc\mp_util_wad.h	NO_BODY
EMPTY_OR_CAST_BODY	0x00948A30	?put_player_into_spectate_mode@_mp_common@@YAXVentity@Broc@@@Z	src\broc\mp_util_wad.cpp	NO_BODY
EMPTY_OR_CAST_BODY	0x00948B70	?SpawnLocalSpectator@_mp_common@@YAXVentity@Broc@@@Z	src\broc\mp_util_wad.cpp	NO_BODY
EMPTY_OR_CAST_BODY	0x00948FC0	?SpawnSpectator@_mp_common@@YAXVentity@Broc@@@Z	src\broc\mp_util_wad.cpp	NO_BODY
EMPTY_OR_CAST_BODY	0x009491B0	?Get@viewangles_struct@__unnamed@entity@Broc@@QBE?BUvector@4@XZ	src\broc\mp_util_wad.h	NO_BODY
EMPTY_OR_CAST_BODY	0x00949200	?SpawnIntermission@_mp_common@@YAXVentity@Broc@@@Z	src\broc\mp_util_wad.cpp	NO_BODY
EMPTY_OR_CAST_BODY	0x009495C0	?QuitGameThread@_mp_common@@YAXVentity@Broc@@@Z	src\broc\mp_util_wad.cpp	NO_BODY
EMPTY_OR_CAST_BODY	0x00949620	?GetRespawnTime@_mp_common@@YA?AUbint@@Ventity@Broc@@@Z	src\broc\mp_util_wad.cpp	NO_BODY
EMPTY_OR_CAST_BODY	0x00949B60	?GetGoingToDieTime@_mp_common@@YA?AUbint@@Ventity@Broc@@@Z	src\broc\mp_util_wad.cpp	NO_BODY
EMPTY_OR_CAST_BODY	0x00949BB0	?UpdateSpectateCritical@_mp_common@@YAXVentity@Broc@@@Z	src\broc\mp_util_wad.cpp	NO_BODY
EMPTY_OR_CAST_BODY	0x00949F80	?UpdateSpectateCriticalGoingToDie@_mp_common@@YAXVentity@Broc@@@Z	src\broc\mp_util_wad.cpp	NO_BODY
EMPTY_OR_CAST_BODY	0x0094A2D0	?UpdateSpectateDead@_mp_common@@YAXVentity@Broc@@Ubbool@@@Z	src\broc\mp_util_wad.cpp	NO_BODY
EMPTY_OR_CAST_BODY	0x0094A8D0	?UpdateSpectateSpawn@_mp_common@@YAXVentity@Broc@@@Z	src\broc\mp_util_wad.cpp	NO_BODY
EMPTY_OR_CAST_BODY	0x0094AA60	?StopFollowing@_mp_common@@YAXVentity@Broc@@Ubbool@@@Z	src\broc\mp_util_wad.cpp	NO_BODY
EMPTY_OR_CAST_BODY	0x0094AA80	?ProgressBarCreate@_mp_common@@YAXUbint@@@Z	src\broc\mp_util_wad.cpp	NO_BODY
EMPTY_OR_CAST_BODY	0x0094AD50	?ProgressBarUpdate@_mp_common@@YAXUbfloat@@0@Z	src\broc\mp_util_wad.cpp	NO_BODY
EMPTY_OR_CAST_BODY	0x0094AE00	?ProgressBarDelete@_mp_common@@YAXXZ	src\broc\mp_util_wad.cpp	NO_BODY
EMPTY_OR_CAST_BODY	0x0094AE30	?EndRound@_mp_common@@YAXW4EEndRoundCondition@@Vstring@Broc@@@Z	src\broc\mp_util_wad.cpp	NO_BODY
EMPTY_OR_CAST_BODY	0x0094AEC0	?HasBothTeams@_mp_common@@YA?AUbbool@@XZ	src\broc\mp_util_wad.cpp	NO_BODY
EMPTY_OR_CAST_BODY	0x0094B210	?WaitForTeams@_mp_common@@YAXXZ	src\broc\mp_util_wad.cpp	NO_BODY
EMPTY_OR_CAST_BODY	0x0094B4A0	?GetBestSpectateSpawn@_mp_common@@YA?AVentity@Broc@@AAV23@@Z	src\broc\mp_util_wad.cpp	NO_BODY
EMPTY_OR_CAST_BODY	0x0094B650	?AudioOnPlayerDeath@_mp_common@@YAXVentity@Broc@@Ubint@@@Z	src\broc\mp_util_wad.cpp	NO_BODY
EMPTY_OR_CAST_BODY	0x0094B6F0	?HealthRegenPlayerBreathing@_mp_common@@YAXVentity@Broc@@Ubint@@@Z	src\broc\mp_util_wad.cpp	NO_BODY
EMPTY_OR_CAST_BODY	0x0094B8B0	?notify@Broc@@YAXABVentity@1@PBD@Z	src\engine\broc_types.h	NO_BODY
EMPTY_OR_CAST_BODY	0x0094B900	?AddArtilleryObjective@_mp_common@@YAXVentity@Broc@@Uvector@3@@Z	src\broc\mp_util_wad.cpp	NO_BODY
EMPTY_OR_CAST_BODY	0x0094BAE0	?HandleJoinAfterRoundOver@_mp_common@@YAXVentity@Broc@@Ubint@@@Z	src\broc\mp_util_wad.cpp	NO_BODY
EMPTY_OR_CAST_BODY	0x0094BBD0	?PutAllPlayersIntoIntermission@_mp_common@@YAXXZ	src\broc\mp_util_wad.cpp	NO_BODY
EMPTY_OR_CAST_BODY	0x0094BE20	?HasValidWeaponInSlot@_mp_common@@YA?AUbbool@@Ventity@Broc@@Vstring@4@@Z	src\broc\mp_util_wad.cpp	NO_BODY
EMPTY_OR_CAST_BODY	0x0094BF80	?SelectFirstAvailableWeapon@_mp_common@@YAXVentity@Broc@@@Z	src\broc\mp_util_wad.cpp	NO_BODY
EMPTY_OR_CAST_BODY	0x0094C220	?reenable_medic_call@_mp_common@@YAXVentity@Broc@@Ubint@@@Z	src\broc\mp_util_wad.cpp	NO_BODY
EMPTY_OR_CAST_BODY	0x0094C380	?GetTimeTillNextRound@_mp_common@@YA?AUbint@@XZ	src\broc\mp_util_wad.cpp	NO_BODY
EMPTY_OR_CAST_BODY	0x0094C4A0	?GetWinningTeam@_mp_common@@YA?AVstring@Broc@@XZ	src\broc\mp_util_wad.cpp	NO_BODY
EMPTY_OR_CAST_BODY	0x0094FA60	??8entity@Broc@@QBE_NABV01@@Z	src\engine\broc_types.h	NO_BODY
EMPTY_OR_CAST_BODY	0x009540F0	??4bint@@QAEHM@Z	src\engine\broc_types.h	NO_BODY
EMPTY_OR_CAST_BODY	0x00965960	??HBroc@@YA?AVstring@0@ABV10@Uvector@0@@Z	src\engine\broc_types.h	NO_BODY
DUPLICATE_MARKER	0x00987990	??$hash_value@UHashStr@@@stdext@@YAIABUHashStr@@@Z	src\broc\mp_util_wad.cpp	2 source markers
EMPTY_OR_CAST_BODY	0x00994EF0	?IsDefined@Broc@@YA_NABVpathnode@1@@Z	src\engine\broc_types.h	NO_BODY
EMPTY_OR_CAST_BODY	0x00996A30	?IsDefined@Broc@@YA_NABVvehiclenode@1@@Z	src\engine\broc_types.h	NO_BODY
EMPTY_OR_CAST_BODY	0x009EC390	?start@bdShortTimer@@QAEXXZ	src\bd\bdTiming\bdShortTimer.h	NO_BODY
EMPTY_OR_CAST_BODY	0x009ED130	??0bdDispatchInterceptor@@QAE@XZ	src\bd\bdDispatchInterceptor.cpp	EMPTY_BODY
DUPLICATE_MARKER	0x00C8F720	?RegisterHashStrings@mp_level_wad@@YAXXZ	src\broc\mp_level.cpp	2 source markers
EMPTY_OR_CAST_BODY	0x00C8F720	?RegisterHashStrings@mp_level_wad@@YAXXZ	src\broc\mp_level.cpp	NO_BODY
EMPTY_OR_CAST_BODY	0x00C8F8D0	?SpawnScriptThread@mp_level_wad@@YAII_NVentity@Broc@@11MMMAAUvector@3@@Z	src\broc\mp_level.cpp	NO_BODY
DUPLICATE_MARKER	0x00C94D50	?main@mp_level@@YAXXZ	src\broc\mp_level.cpp	2 source markers
DUPLICATE_MARKER	0x00C94E50	?AnimNamespaceVariableResolver@mp_level@@YAXHHHH@Z	src\broc\mp_level.cpp	2 source markers
EMPTY_OR_CAST_BODY	0x00C94E50	?AnimNamespaceVariableResolver@mp_level@@YAXHHHH@Z	src\broc\mp_level.cpp	EMPTY_BODY
DUPLICATE_MARKER	0x00C94E90	?BrocAnimInitialize@mp_level@@YAXXZ	src\broc\mp_level.cpp	2 source markers
EMPTY_OR_CAST_BODY	0x00C94E90	?BrocAnimInitialize@mp_level@@YAXXZ	src\broc\mp_level.cpp	EMPTY_BODY
EMPTY_OR_CAST_BODY	0x00C94EB0	?BrocAnimCleanup@mp_level@@YAXXZ	src\broc\mp_level.cpp	EMPTY_BODY
DUPLICATE_MARKER	0x00C94ED0	?BrocAnimResolver@mp_level@@YAIPBD0@Z	src\broc\mp_level.cpp	2 source markers
EMPTY_OR_CAST_BODY	0x00C94F60	?BrocAnimDebug@mp_level@@YAXVentity@Broc@@@Z	src\broc\mp_level.cpp	EMPTY_BODY
DUPLICATE_MARKER	0x00C94F80	?MainThreadHook@mp_level@@YAXVentity@Broc@@@Z	src\broc\mp_level.cpp	2 source markers
DUPLICATE_MARKER	0x00C94FA0	?Shutdown@mp_level@@YAXXZ	src\broc\mp_level.cpp	2 source markers
DUPLICATE_MARKER	0x00C95160	?InternalMain@mp_level@@YAXXZ	src\broc\mp_level.cpp	2 source markers
GLOBAL_TYPE_CONFLICT		dword_F6A28C	src	int dword_F6A28C; | int dword_F6A28C[3208];
